ggml_cuda_init: found 1 CUDA devices (Total VRAM: 24121 MiB):
  Device 0: NVIDIA GeForce RTX 3090, compute capability 8.6, VMM: yes, VRAM: 24121 MiB
llama_model_loader: loaded meta data with 33 key-value pairs and 339 tensors from models/qwen2.5-coder-7b-bf16.gguf (version GGUF V3 (latest))
llama_model_loader: Dumping metadata keys/values. Note: KV overrides do not apply in this output.
llama_model_loader: - kv   0:                       general.architecture str              = qwen2
llama_model_loader: - kv   1:                               general.type str              = model
llama_model_loader: - kv   2:                               general.name str              = 0396a76181e127dfc13e5c5ec48a8cee09938b02
llama_model_loader: - kv   3:                           general.finetune str              = 0396a76181e127dfc13e5c5ec48a8cee09938b02
llama_model_loader: - kv   4:                         general.size_label str              = 7.6B
llama_model_loader: - kv   5:                            general.license str              = apache-2.0
llama_model_loader: - kv   6:                       general.license.link str              = https://huggingface.co/Qwen/Qwen2.5-C...
llama_model_loader: - kv   7:                   general.base_model.count u32              = 1
llama_model_loader: - kv   8:                  general.base_model.0.name str              = Qwen2.5 7B
llama_model_loader: - kv   9:          general.base_model.0.organization str              = Qwen
llama_model_loader: - kv  10:              general.base_model.0.repo_url str              = https://huggingface.co/Qwen/Qwen2.5-7B
llama_model_loader: - kv  11:                               general.tags arr[str,5]       = ["code", "qwen", "qwen-coder", "codeq...
llama_model_loader: - kv  12:                          general.languages arr[str,1]       = ["en"]
llama_model_loader: - kv  13:                          qwen2.block_count u32              = 28
llama_model_loader: - kv  14:                       qwen2.context_length u32              = 32768
llama_model_loader: - kv  15:                     qwen2.embedding_length u32              = 3584
llama_model_loader: - kv  16:                  qwen2.feed_forward_length u32              = 18944
llama_model_loader: - kv  17:                 qwen2.attention.head_count u32              = 28
llama_model_loader: - kv  18:              qwen2.attention.head_count_kv u32              = 4
llama_model_loader: - kv  19:                       qwen2.rope.freq_base f32              = 1000000.000000
llama_model_loader: - kv  20:     qwen2.attention.layer_norm_rms_epsilon f32              = 0.000001
llama_model_loader: - kv  21:                          general.file_type u32              = 32
llama_model_loader: - kv  22:               general.quantization_version u32              = 2
llama_model_loader: - kv  23:                       tokenizer.ggml.model str              = gpt2
llama_model_loader: - kv  24:                         tokenizer.ggml.pre str              = qwen2
llama_model_loader: - kv  25:                      tokenizer.ggml.tokens arr[str,152064]  = ["!", "\"", "#", "$", "%", "&", "'", ...
llama_model_loader: - kv  26:                  tokenizer.ggml.token_type arr[i32,152064]  = [1, 1, 1, 1, 1, 1, 1, 1, 1, 1, 1, 1, ...
llama_model_loader: - kv  27:                      tokenizer.ggml.merges arr[str,151387]  = ["Ġ Ġ", "ĠĠ ĠĠ", "i n", "Ġ t",...
llama_model_loader: - kv  28:                tokenizer.ggml.eos_token_id u32              = 151643
llama_model_loader: - kv  29:            tokenizer.ggml.padding_token_id u32              = 151643
llama_model_loader: - kv  30:                tokenizer.ggml.bos_token_id u32              = 151643
llama_model_loader: - kv  31:               tokenizer.ggml.add_bos_token bool             = false
llama_model_loader: - kv  32:                    tokenizer.chat_template str              = {%- if tools %}\n    {{- '<|im_start|>...
llama_model_loader: - type  f32:  141 tensors
llama_model_loader: - type bf16:  198 tensors
print_info: file format = GGUF V3 (latest)
print_info: file type   = BF16
print_info: file size   = 14.19 GiB (16.00 BPW) 
llama_prepare_model_devices: using device CUDA0 (NVIDIA GeForce RTX 3090) (0000:61:00.0) - 23826 MiB free
init_tokenizer: initializing tokenizer for type 2
load: 0 unused tokens
load: control token: 151660 '<|fim_middle|>' is not marked as EOG
load: control token: 151659 '<|fim_prefix|>' is not marked as EOG
load: control token: 151653 '<|vision_end|>' is not marked as EOG
load: control token: 151648 '<|box_start|>' is not marked as EOG
load: control token: 151646 '<|object_ref_start|>' is not marked as EOG
load: control token: 151649 '<|box_end|>' is not marked as EOG
load: control-looking token: 128247 '</s>' was not control-type; this is probably a bug in the model. its type will be overridden
load: control token: 151655 '<|image_pad|>' is not marked as EOG
load: control token: 151651 '<|quad_end|>' is not marked as EOG
load: control token: 151647 '<|object_ref_end|>' is not marked as EOG
load: control token: 151652 '<|vision_start|>' is not marked as EOG
load: control token: 151654 '<|vision_pad|>' is not marked as EOG
load: control token: 151656 '<|video_pad|>' is not marked as EOG
load: control token: 151644 '<|im_start|>' is not marked as EOG
load: control token: 151661 '<|fim_suffix|>' is not marked as EOG
load: control token: 151650 '<|quad_start|>' is not marked as EOG
load: printing all EOG tokens:
load:   - 128247 ('</s>')
load:   - 151643 ('<|endoftext|>')
load:   - 151645 ('<|im_end|>')
load:   - 151662 ('<|fim_pad|>')
load:   - 151663 ('<|repo_name|>')
load:   - 151664 ('<|file_sep|>')
load: special tokens cache size = 23
load: token to piece cache size = 0.9310 MB
print_info: arch                  = qwen2
print_info: vocab_only            = 0
print_info: no_alloc              = 0
print_info: n_ctx_train           = 32768
print_info: n_embd_inp            = 3584
print_info: n_embd                = 3584
print_info: n_embd_out            = 3584
print_info: n_layer               = 28
print_info: n_layer_all           = 28
print_info: n_head                = 28
print_info: n_head_kv             = 4
print_info: n_rot                 = 128
print_info: n_swa                 = 0
print_info: is_swa_any            = 0
print_info: n_embd_head_k         = 128
print_info: n_embd_head_v         = 128
print_info: n_gqa                 = 7
print_info: n_embd_k_gqa          = 512
print_info: n_embd_v_gqa          = 512
print_info: f_norm_eps            = 0.0e+00
print_info: f_norm_rms_eps        = 1.0e-06
print_info: f_clamp_kqv           = 0.0e+00
print_info: f_max_alibi_bias      = 0.0e+00
print_info: f_logit_scale         = 0.0e+00
print_info: f_attn_scale          = 0.0e+00
print_info: f_attn_value_scale    = 0.0000
print_info: n_ff                  = 18944
print_info: n_expert              = 0
print_info: n_expert_used         = 0
print_info: n_expert_groups       = 0
print_info: n_group_used          = 0
print_info: causal attn           = 1
print_info: pooling type          = -1
print_info: rope type             = 2
print_info: rope scaling          = linear
print_info: freq_base_train       = 1000000.0
print_info: freq_scale_train      = 1
print_info: n_ctx_orig_yarn       = 32768
print_info: rope_yarn_log_mul     = 0.0000
print_info: rope_finetuned        = unknown
print_info: model type            = 7B
print_info: model params          = 7.62 B
print_info: general.name          = 0396a76181e127dfc13e5c5ec48a8cee09938b02
print_info: vocab type            = BPE
print_info: n_vocab               = 152064
print_info: n_merges              = 151387
print_info: BOS token             = 151643 '<|endoftext|>'
print_info: EOS token             = 151643 '<|endoftext|>'
print_info: EOT token             = 151645 '<|im_end|>'
print_info: PAD token             = 151643 '<|endoftext|>'
print_info: LF token              = 198 'Ċ'
print_info: FIM PRE token         = 151659 '<|fim_prefix|>'
print_info: FIM SUF token         = 151661 '<|fim_suffix|>'
print_info: FIM MID token         = 151660 '<|fim_middle|>'
print_info: FIM PAD token         = 151662 '<|fim_pad|>'
print_info: FIM REP token         = 151663 '<|repo_name|>'
print_info: FIM SEP token         = 151664 '<|file_sep|>'
print_info: EOG token             = 128247 '</s>'
print_info: EOG token             = 151643 '<|endoftext|>'
print_info: EOG token             = 151645 '<|im_end|>'
print_info: EOG token             = 151662 '<|fim_pad|>'
print_info: EOG token             = 151663 '<|repo_name|>'
print_info: EOG token             = 151664 '<|file_sep|>'
print_info: max token length      = 256
load_tensors: loading model tensors, this can take a while... (mmap = true, direct_io = false)
load_tensors: layer   0 assigned to device CPU, is_swa = 0
load_tensors: layer   1 assigned to device CPU, is_swa = 0
load_tensors: layer   2 assigned to device CPU, is_swa = 0
load_tensors: layer   3 assigned to device CUDA0, is_swa = 0
load_tensors: layer   4 assigned to device CUDA0, is_swa = 0
load_tensors: layer   5 assigned to device CUDA0, is_swa = 0
load_tensors: layer   6 assigned to device CUDA0, is_swa = 0
load_tensors: layer   7 assigned to device CUDA0, is_swa = 0
load_tensors: layer   8 assigned to device CUDA0, is_swa = 0
load_tensors: layer   9 assigned to device CUDA0, is_swa = 0
load_tensors: layer  10 assigned to device CUDA0, is_swa = 0
load_tensors: layer  11 assigned to device CUDA0, is_swa = 0
load_tensors: layer  12 assigned to device CUDA0, is_swa = 0
load_tensors: layer  13 assigned to device CUDA0, is_swa = 0
load_tensors: layer  14 assigned to device CUDA0, is_swa = 0
load_tensors: layer  15 assigned to device CUDA0, is_swa = 0
load_tensors: layer  16 assigned to device CUDA0, is_swa = 0
load_tensors: layer  17 assigned to device CUDA0, is_swa = 0
load_tensors: layer  18 assigned to device CUDA0, is_swa = 0
load_tensors: layer  19 assigned to device CUDA0, is_swa = 0
load_tensors: layer  20 assigned to device CUDA0, is_swa = 0
load_tensors: layer  21 assigned to device CUDA0, is_swa = 0
load_tensors: layer  22 assigned to device CUDA0, is_swa = 0
load_tensors: layer  23 assigned to device CUDA0, is_swa = 0
load_tensors: layer  24 assigned to device CUDA0, is_swa = 0
load_tensors: layer  25 assigned to device CUDA0, is_swa = 0
load_tensors: layer  26 assigned to device CUDA0, is_swa = 0
load_tensors: layer  27 assigned to device CUDA0, is_swa = 0
load_tensors: layer  28 assigned to device CUDA0, is_swa = 0
create_tensor: loading tensor token_embd.weight
create_tensor: loading tensor output_norm.weight
create_tensor: loading tensor output.weight
create_tensor: loading tensor blk.0.attn_norm.weight
create_tensor: loading tensor blk.0.attn_q.weight
create_tensor: loading tensor blk.0.attn_k.weight
create_tensor: loading tensor blk.0.attn_v.weight
create_tensor: loading tensor blk.0.attn_q.bias
create_tensor: loading tensor blk.0.attn_k.bias
create_tensor: loading tensor blk.0.attn_v.bias
create_tensor: loading tensor blk.0.attn_output.weight
create_tensor: loading tensor blk.0.ffn_norm.weight
create_tensor: loading tensor blk.0.ffn_gate.weight
create_tensor: loading tensor blk.0.ffn_down.weight
create_tensor: loading tensor blk.0.ffn_up.weight
create_tensor: loading tensor blk.1.attn_norm.weight
create_tensor: loading tensor blk.1.attn_q.weight
create_tensor: loading tensor blk.1.attn_k.weight
create_tensor: loading tensor blk.1.attn_v.weight
create_tensor: loading tensor blk.1.attn_q.bias
create_tensor: loading tensor blk.1.attn_k.bias
create_tensor: loading tensor blk.1.attn_v.bias
create_tensor: loading tensor blk.1.attn_output.weight
create_tensor: loading tensor blk.1.ffn_norm.weight
create_tensor: loading tensor blk.1.ffn_gate.weight
create_tensor: loading tensor blk.1.ffn_down.weight
create_tensor: loading tensor blk.1.ffn_up.weight
create_tensor: loading tensor blk.2.attn_norm.weight
create_tensor: loading tensor blk.2.attn_q.weight
create_tensor: loading tensor blk.2.attn_k.weight
create_tensor: loading tensor blk.2.attn_v.weight
create_tensor: loading tensor blk.2.attn_q.bias
create_tensor: loading tensor blk.2.attn_k.bias
create_tensor: loading tensor blk.2.attn_v.bias
create_tensor: loading tensor blk.2.attn_output.weight
create_tensor: loading tensor blk.2.ffn_norm.weight
create_tensor: loading tensor blk.2.ffn_gate.weight
create_tensor: loading tensor blk.2.ffn_down.weight
create_tensor: loading tensor blk.2.ffn_up.weight
create_tensor: loading tensor blk.3.attn_norm.weight
create_tensor: loading tensor blk.3.attn_q.weight
create_tensor: loading tensor blk.3.attn_k.weight
create_tensor: loading tensor blk.3.attn_v.weight
create_tensor: loading tensor blk.3.attn_q.bias
create_tensor: loading tensor blk.3.attn_k.bias
create_tensor: loading tensor blk.3.attn_v.bias
create_tensor: loading tensor blk.3.attn_output.weight
create_tensor: loading tensor blk.3.ffn_norm.weight
create_tensor: loading tensor blk.3.ffn_gate.weight
create_tensor: loading tensor blk.3.ffn_down.weight
create_tensor: loading tensor blk.3.ffn_up.weight
create_tensor: loading tensor blk.4.attn_norm.weight
create_tensor: loading tensor blk.4.attn_q.weight
create_tensor: loading tensor blk.4.attn_k.weight
create_tensor: loading tensor blk.4.attn_v.weight
create_tensor: loading tensor blk.4.attn_q.bias
create_tensor: loading tensor blk.4.attn_k.bias
create_tensor: loading tensor blk.4.attn_v.bias
create_tensor: loading tensor blk.4.attn_output.weight
create_tensor: loading tensor blk.4.ffn_norm.weight
create_tensor: loading tensor blk.4.ffn_gate.weight
create_tensor: loading tensor blk.4.ffn_down.weight
create_tensor: loading tensor blk.4.ffn_up.weight
create_tensor: loading tensor blk.5.attn_norm.weight
create_tensor: loading tensor blk.5.attn_q.weight
create_tensor: loading tensor blk.5.attn_k.weight
create_tensor: loading tensor blk.5.attn_v.weight
create_tensor: loading tensor blk.5.attn_q.bias
create_tensor: loading tensor blk.5.attn_k.bias
create_tensor: loading tensor blk.5.attn_v.bias
create_tensor: loading tensor blk.5.attn_output.weight
create_tensor: loading tensor blk.5.ffn_norm.weight
create_tensor: loading tensor blk.5.ffn_gate.weight
create_tensor: loading tensor blk.5.ffn_down.weight
create_tensor: loading tensor blk.5.ffn_up.weight
create_tensor: loading tensor blk.6.attn_norm.weight
create_tensor: loading tensor blk.6.attn_q.weight
create_tensor: loading tensor blk.6.attn_k.weight
create_tensor: loading tensor blk.6.attn_v.weight
create_tensor: loading tensor blk.6.attn_q.bias
create_tensor: loading tensor blk.6.attn_k.bias
create_tensor: loading tensor blk.6.attn_v.bias
create_tensor: loading tensor blk.6.attn_output.weight
create_tensor: loading tensor blk.6.ffn_norm.weight
create_tensor: loading tensor blk.6.ffn_gate.weight
create_tensor: loading tensor blk.6.ffn_down.weight
create_tensor: loading tensor blk.6.ffn_up.weight
create_tensor: loading tensor blk.7.attn_norm.weight
create_tensor: loading tensor blk.7.attn_q.weight
create_tensor: loading tensor blk.7.attn_k.weight
create_tensor: loading tensor blk.7.attn_v.weight
create_tensor: loading tensor blk.7.attn_q.bias
create_tensor: loading tensor blk.7.attn_k.bias
create_tensor: loading tensor blk.7.attn_v.bias
create_tensor: loading tensor blk.7.attn_output.weight
create_tensor: loading tensor blk.7.ffn_norm.weight
create_tensor: loading tensor blk.7.ffn_gate.weight
create_tensor: loading tensor blk.7.ffn_down.weight
create_tensor: loading tensor blk.7.ffn_up.weight
create_tensor: loading tensor blk.8.attn_norm.weight
create_tensor: loading tensor blk.8.attn_q.weight
create_tensor: loading tensor blk.8.attn_k.weight
create_tensor: loading tensor blk.8.attn_v.weight
create_tensor: loading tensor blk.8.attn_q.bias
create_tensor: loading tensor blk.8.attn_k.bias
create_tensor: loading tensor blk.8.attn_v.bias
create_tensor: loading tensor blk.8.attn_output.weight
create_tensor: loading tensor blk.8.ffn_norm.weight
create_tensor: loading tensor blk.8.ffn_gate.weight
create_tensor: loading tensor blk.8.ffn_down.weight
create_tensor: loading tensor blk.8.ffn_up.weight
create_tensor: loading tensor blk.9.attn_norm.weight
create_tensor: loading tensor blk.9.attn_q.weight
create_tensor: loading tensor blk.9.attn_k.weight
create_tensor: loading tensor blk.9.attn_v.weight
create_tensor: loading tensor blk.9.attn_q.bias
create_tensor: loading tensor blk.9.attn_k.bias
create_tensor: loading tensor blk.9.attn_v.bias
create_tensor: loading tensor blk.9.attn_output.weight
create_tensor: loading tensor blk.9.ffn_norm.weight
create_tensor: loading tensor blk.9.ffn_gate.weight
create_tensor: loading tensor blk.9.ffn_down.weight
create_tensor: loading tensor blk.9.ffn_up.weight
create_tensor: loading tensor blk.10.attn_norm.weight
create_tensor: loading tensor blk.10.attn_q.weight
create_tensor: loading tensor blk.10.attn_k.weight
create_tensor: loading tensor blk.10.attn_v.weight
create_tensor: loading tensor blk.10.attn_q.bias
create_tensor: loading tensor blk.10.attn_k.bias
create_tensor: loading tensor blk.10.attn_v.bias
create_tensor: loading tensor blk.10.attn_output.weight
create_tensor: loading tensor blk.10.ffn_norm.weight
create_tensor: loading tensor blk.10.ffn_gate.weight
create_tensor: loading tensor blk.10.ffn_down.weight
create_tensor: loading tensor blk.10.ffn_up.weight
create_tensor: loading tensor blk.11.attn_norm.weight
create_tensor: loading tensor blk.11.attn_q.weight
create_tensor: loading tensor blk.11.attn_k.weight
create_tensor: loading tensor blk.11.attn_v.weight
create_tensor: loading tensor blk.11.attn_q.bias
create_tensor: loading tensor blk.11.attn_k.bias
create_tensor: loading tensor blk.11.attn_v.bias
create_tensor: loading tensor blk.11.attn_output.weight
create_tensor: loading tensor blk.11.ffn_norm.weight
create_tensor: loading tensor blk.11.ffn_gate.weight
create_tensor: loading tensor blk.11.ffn_down.weight
create_tensor: loading tensor blk.11.ffn_up.weight
create_tensor: loading tensor blk.12.attn_norm.weight
create_tensor: loading tensor blk.12.attn_q.weight
create_tensor: loading tensor blk.12.attn_k.weight
create_tensor: loading tensor blk.12.attn_v.weight
create_tensor: loading tensor blk.12.attn_q.bias
create_tensor: loading tensor blk.12.attn_k.bias
create_tensor: loading tensor blk.12.attn_v.bias
create_tensor: loading tensor blk.12.attn_output.weight
create_tensor: loading tensor blk.12.ffn_norm.weight
create_tensor: loading tensor blk.12.ffn_gate.weight
create_tensor: loading tensor blk.12.ffn_down.weight
create_tensor: loading tensor blk.12.ffn_up.weight
create_tensor: loading tensor blk.13.attn_norm.weight
create_tensor: loading tensor blk.13.attn_q.weight
create_tensor: loading tensor blk.13.attn_k.weight
create_tensor: loading tensor blk.13.attn_v.weight
create_tensor: loading tensor blk.13.attn_q.bias
create_tensor: loading tensor blk.13.attn_k.bias
create_tensor: loading tensor blk.13.attn_v.bias
create_tensor: loading tensor blk.13.attn_output.weight
create_tensor: loading tensor blk.13.ffn_norm.weight
create_tensor: loading tensor blk.13.ffn_gate.weight
create_tensor: loading tensor blk.13.ffn_down.weight
create_tensor: loading tensor blk.13.ffn_up.weight
create_tensor: loading tensor blk.14.attn_norm.weight
create_tensor: loading tensor blk.14.attn_q.weight
create_tensor: loading tensor blk.14.attn_k.weight
create_tensor: loading tensor blk.14.attn_v.weight
create_tensor: loading tensor blk.14.attn_q.bias
create_tensor: loading tensor blk.14.attn_k.bias
create_tensor: loading tensor blk.14.attn_v.bias
create_tensor: loading tensor blk.14.attn_output.weight
create_tensor: loading tensor blk.14.ffn_norm.weight
create_tensor: loading tensor blk.14.ffn_gate.weight
create_tensor: loading tensor blk.14.ffn_down.weight
create_tensor: loading tensor blk.14.ffn_up.weight
create_tensor: loading tensor blk.15.attn_norm.weight
create_tensor: loading tensor blk.15.attn_q.weight
create_tensor: loading tensor blk.15.attn_k.weight
create_tensor: loading tensor blk.15.attn_v.weight
create_tensor: loading tensor blk.15.attn_q.bias
create_tensor: loading tensor blk.15.attn_k.bias
create_tensor: loading tensor blk.15.attn_v.bias
create_tensor: loading tensor blk.15.attn_output.weight
create_tensor: loading tensor blk.15.ffn_norm.weight
create_tensor: loading tensor blk.15.ffn_gate.weight
create_tensor: loading tensor blk.15.ffn_down.weight
create_tensor: loading tensor blk.15.ffn_up.weight
create_tensor: loading tensor blk.16.attn_norm.weight
create_tensor: loading tensor blk.16.attn_q.weight
create_tensor: loading tensor blk.16.attn_k.weight
create_tensor: loading tensor blk.16.attn_v.weight
create_tensor: loading tensor blk.16.attn_q.bias
create_tensor: loading tensor blk.16.attn_k.bias
create_tensor: loading tensor blk.16.attn_v.bias
create_tensor: loading tensor blk.16.attn_output.weight
create_tensor: loading tensor blk.16.ffn_norm.weight
create_tensor: loading tensor blk.16.ffn_gate.weight
create_tensor: loading tensor blk.16.ffn_down.weight
create_tensor: loading tensor blk.16.ffn_up.weight
create_tensor: loading tensor blk.17.attn_norm.weight
create_tensor: loading tensor blk.17.attn_q.weight
create_tensor: loading tensor blk.17.attn_k.weight
create_tensor: loading tensor blk.17.attn_v.weight
create_tensor: loading tensor blk.17.attn_q.bias
create_tensor: loading tensor blk.17.attn_k.bias
create_tensor: loading tensor blk.17.attn_v.bias
create_tensor: loading tensor blk.17.attn_output.weight
create_tensor: loading tensor blk.17.ffn_norm.weight
create_tensor: loading tensor blk.17.ffn_gate.weight
create_tensor: loading tensor blk.17.ffn_down.weight
create_tensor: loading tensor blk.17.ffn_up.weight
create_tensor: loading tensor blk.18.attn_norm.weight
create_tensor: loading tensor blk.18.attn_q.weight
create_tensor: loading tensor blk.18.attn_k.weight
create_tensor: loading tensor blk.18.attn_v.weight
create_tensor: loading tensor blk.18.attn_q.bias
create_tensor: loading tensor blk.18.attn_k.bias
create_tensor: loading tensor blk.18.attn_v.bias
create_tensor: loading tensor blk.18.attn_output.weight
create_tensor: loading tensor blk.18.ffn_norm.weight
create_tensor: loading tensor blk.18.ffn_gate.weight
create_tensor: loading tensor blk.18.ffn_down.weight
create_tensor: loading tensor blk.18.ffn_up.weight
create_tensor: loading tensor blk.19.attn_norm.weight
create_tensor: loading tensor blk.19.attn_q.weight
create_tensor: loading tensor blk.19.attn_k.weight
create_tensor: loading tensor blk.19.attn_v.weight
create_tensor: loading tensor blk.19.attn_q.bias
create_tensor: loading tensor blk.19.attn_k.bias
create_tensor: loading tensor blk.19.attn_v.bias
create_tensor: loading tensor blk.19.attn_output.weight
create_tensor: loading tensor blk.19.ffn_norm.weight
create_tensor: loading tensor blk.19.ffn_gate.weight
create_tensor: loading tensor blk.19.ffn_down.weight
create_tensor: loading tensor blk.19.ffn_up.weight
create_tensor: loading tensor blk.20.attn_norm.weight
create_tensor: loading tensor blk.20.attn_q.weight
create_tensor: loading tensor blk.20.attn_k.weight
create_tensor: loading tensor blk.20.attn_v.weight
create_tensor: loading tensor blk.20.attn_q.bias
create_tensor: loading tensor blk.20.attn_k.bias
create_tensor: loading tensor blk.20.attn_v.bias
create_tensor: loading tensor blk.20.attn_output.weight
create_tensor: loading tensor blk.20.ffn_norm.weight
create_tensor: loading tensor blk.20.ffn_gate.weight
create_tensor: loading tensor blk.20.ffn_down.weight
create_tensor: loading tensor blk.20.ffn_up.weight
create_tensor: loading tensor blk.21.attn_norm.weight
create_tensor: loading tensor blk.21.attn_q.weight
create_tensor: loading tensor blk.21.attn_k.weight
create_tensor: loading tensor blk.21.attn_v.weight
create_tensor: loading tensor blk.21.attn_q.bias
create_tensor: loading tensor blk.21.attn_k.bias
create_tensor: loading tensor blk.21.attn_v.bias
create_tensor: loading tensor blk.21.attn_output.weight
create_tensor: loading tensor blk.21.ffn_norm.weight
create_tensor: loading tensor blk.21.ffn_gate.weight
create_tensor: loading tensor blk.21.ffn_down.weight
create_tensor: loading tensor blk.21.ffn_up.weight
create_tensor: loading tensor blk.22.attn_norm.weight
create_tensor: loading tensor blk.22.attn_q.weight
create_tensor: loading tensor blk.22.attn_k.weight
create_tensor: loading tensor blk.22.attn_v.weight
create_tensor: loading tensor blk.22.attn_q.bias
create_tensor: loading tensor blk.22.attn_k.bias
create_tensor: loading tensor blk.22.attn_v.bias
create_tensor: loading tensor blk.22.attn_output.weight
create_tensor: loading tensor blk.22.ffn_norm.weight
create_tensor: loading tensor blk.22.ffn_gate.weight
create_tensor: loading tensor blk.22.ffn_down.weight
create_tensor: loading tensor blk.22.ffn_up.weight
create_tensor: loading tensor blk.23.attn_norm.weight
create_tensor: loading tensor blk.23.attn_q.weight
create_tensor: loading tensor blk.23.attn_k.weight
create_tensor: loading tensor blk.23.attn_v.weight
create_tensor: loading tensor blk.23.attn_q.bias
create_tensor: loading tensor blk.23.attn_k.bias
create_tensor: loading tensor blk.23.attn_v.bias
create_tensor: loading tensor blk.23.attn_output.weight
create_tensor: loading tensor blk.23.ffn_norm.weight
create_tensor: loading tensor blk.23.ffn_gate.weight
create_tensor: loading tensor blk.23.ffn_down.weight
create_tensor: loading tensor blk.23.ffn_up.weight
create_tensor: loading tensor blk.24.attn_norm.weight
create_tensor: loading tensor blk.24.attn_q.weight
create_tensor: loading tensor blk.24.attn_k.weight
create_tensor: loading tensor blk.24.attn_v.weight
create_tensor: loading tensor blk.24.attn_q.bias
create_tensor: loading tensor blk.24.attn_k.bias
create_tensor: loading tensor blk.24.attn_v.bias
create_tensor: loading tensor blk.24.attn_output.weight
create_tensor: loading tensor blk.24.ffn_norm.weight
create_tensor: loading tensor blk.24.ffn_gate.weight
create_tensor: loading tensor blk.24.ffn_down.weight
create_tensor: loading tensor blk.24.ffn_up.weight
create_tensor: loading tensor blk.25.attn_norm.weight
create_tensor: loading tensor blk.25.attn_q.weight
create_tensor: loading tensor blk.25.attn_k.weight
create_tensor: loading tensor blk.25.attn_v.weight
create_tensor: loading tensor blk.25.attn_q.bias
create_tensor: loading tensor blk.25.attn_k.bias
create_tensor: loading tensor blk.25.attn_v.bias
create_tensor: loading tensor blk.25.attn_output.weight
create_tensor: loading tensor blk.25.ffn_norm.weight
create_tensor: loading tensor blk.25.ffn_gate.weight
create_tensor: loading tensor blk.25.ffn_down.weight
create_tensor: loading tensor blk.25.ffn_up.weight
create_tensor: loading tensor blk.26.attn_norm.weight
create_tensor: loading tensor blk.26.attn_q.weight
create_tensor: loading tensor blk.26.attn_k.weight
create_tensor: loading tensor blk.26.attn_v.weight
create_tensor: loading tensor blk.26.attn_q.bias
create_tensor: loading tensor blk.26.attn_k.bias
create_tensor: loading tensor blk.26.attn_v.bias
create_tensor: loading tensor blk.26.attn_output.weight
create_tensor: loading tensor blk.26.ffn_norm.weight
create_tensor: loading tensor blk.26.ffn_gate.weight
create_tensor: loading tensor blk.26.ffn_down.weight
create_tensor: loading tensor blk.26.ffn_up.weight
create_tensor: loading tensor blk.27.attn_norm.weight
create_tensor: loading tensor blk.27.attn_q.weight
create_tensor: loading tensor blk.27.attn_k.weight
create_tensor: loading tensor blk.27.attn_v.weight
create_tensor: loading tensor blk.27.attn_q.bias
create_tensor: loading tensor blk.27.attn_k.bias
create_tensor: loading tensor blk.27.attn_v.bias
create_tensor: loading tensor blk.27.attn_output.weight
create_tensor: loading tensor blk.27.ffn_norm.weight
create_tensor: loading tensor blk.27.ffn_gate.weight
create_tensor: loading tensor blk.27.ffn_down.weight
create_tensor: loading tensor blk.27.ffn_up.weight
done_getting_tensors: tensor 'token_embd.weight' (bf16) (and 36 others) cannot be used with preferred buffer type CUDA_Host, using CPU instead
load_tensors: offloading output layer to GPU
load_tensors: offloading 25 repeating layers to GPU
load_tensors: offloaded 26/29 layers to GPU
load_tensors:   CPU_Mapped model buffer size =  2373.13 MiB
load_tensors:        CUDA0 model buffer size = 12153.14 MiB
........................................................................................
llama_context: constructing llama_context
llama_context: n_seq_max     = 1
llama_context: n_ctx         = 768
llama_context: n_ctx_seq     = 768
llama_context: n_batch       = 691
llama_context: n_ubatch      = 512
llama_context: causal_attn   = 1
llama_context: flash_attn    = auto
llama_context: kv_unified    = false
llama_context: freq_base     = 1000000.0
llama_context: freq_scale    = 1
llama_context: n_rs_seq      = 0
llama_context: n_outputs_max = 691
llama_context: n_ctx_seq (768) < n_ctx_train (32768) -- the full capacity of the model will not be utilized
set_abort_callback: call
llama_context:  CUDA_Host  output buffer size =     0.58 MiB
llama_kv_cache: layer   0: dev = CPU
llama_kv_cache: layer   1: dev = CPU
llama_kv_cache: layer   2: dev = CPU
llama_kv_cache: layer   3: dev = CUDA0
llama_kv_cache: layer   4: dev = CUDA0
llama_kv_cache: layer   5: dev = CUDA0
llama_kv_cache: layer   6: dev = CUDA0
llama_kv_cache: layer   7: dev = CUDA0
llama_kv_cache: layer   8: dev = CUDA0
llama_kv_cache: layer   9: dev = CUDA0
llama_kv_cache: layer  10: dev = CUDA0
llama_kv_cache: layer  11: dev = CUDA0
llama_kv_cache: layer  12: dev = CUDA0
llama_kv_cache: layer  13: dev = CUDA0
llama_kv_cache: layer  14: dev = CUDA0
llama_kv_cache: layer  15: dev = CUDA0
llama_kv_cache: layer  16: dev = CUDA0
llama_kv_cache: layer  17: dev = CUDA0
llama_kv_cache: layer  18: dev = CUDA0
llama_kv_cache: layer  19: dev = CUDA0
llama_kv_cache: layer  20: dev = CUDA0
llama_kv_cache: layer  21: dev = CUDA0
llama_kv_cache: layer  22: dev = CUDA0
llama_kv_cache: layer  23: dev = CUDA0
llama_kv_cache: layer  24: dev = CUDA0
llama_kv_cache: layer  25: dev = CUDA0
llama_kv_cache: layer  26: dev = CUDA0
llama_kv_cache: layer  27: dev = CUDA0
llama_kv_cache:        CPU KV buffer size =     4.50 MiB
llama_kv_cache:      CUDA0 KV buffer size =    37.50 MiB
llama_kv_cache: size =   42.00 MiB (   768 cells,  28 layers,  1/1 seqs), K (f16):   21.00 MiB, V (f16):   21.00 MiB
llama_kv_cache: attn_rot_k = 0, n_embd_head_k_all = 128
llama_kv_cache: attn_rot_v = 0, n_embd_head_k_all = 128
llama_context: enumerating backends
llama_context: backend_ptrs.size() = 2
sched_reserve: reserving ...
sched_reserve: max_nodes = 2712
sched_reserve: reserving full memory module
sched_reserve: worst-case: n_tokens = 512, n_seqs = 1, n_outputs = 1
graph_reserve: reserving a graph for ubatch with n_tokens =    1, n_seqs =  1, n_outputs =    1
sched_reserve: Flash Attention was auto, set to enabled
sched_reserve: resolving fused Gated Delta Net support:
graph_reserve: reserving a graph for ubatch with n_tokens =    1, n_seqs =  1, n_outputs =    1
sched_reserve: fused Gated Delta Net (autoregressive) enabled
graph_reserve: reserving a graph for ubatch with n_tokens =   16, n_seqs =  1, n_outputs =   16
sched_reserve: fused Gated Delta Net (chunked) enabled
graph_reserve: reserving a graph for ubatch with n_tokens =  512, n_seqs =  1, n_outputs =  512
graph_reserve: reserving a graph for ubatch with n_tokens =    1, n_seqs =  1, n_outputs =    1
graph_reserve: reserving a graph for ubatch with n_tokens =  512, n_seqs =  1, n_outputs =  512
sched_reserve:      CUDA0 compute buffer size =   304.00 MiB
sched_reserve:  CUDA_Host compute buffer size =    14.76 MiB
sched_reserve: graph nodes  = 958
sched_reserve: graph splits = 44 (with bs=512), 2 (with bs=1)
sched_reserve: reserve took 13.50 ms, sched copies = 1
CUDA Graph id 150 reused
ggml_backend_cuda_graph_compute: CUDA graph warmup complete
CUDA Graph id 150 reused
CUDA Graph id 150 reused
CUDA Graph id 150 reused
CUDA Graph id 150 reused
CUDA Graph id 150 reused
CUDA Graph id 150 reused
CUDA Graph id 150 reused
CUDA Graph id 150 reused
CUDA Graph id 150 reused
CUDA Graph id 150 reused
CUDA Graph id 150 reused
CUDA Graph id 150 reused
CUDA Graph id 150 reused
CUDA Graph id 150 reused
CUDA Graph id 150 reused
CUDA Graph id 150 reused
CUDA Graph id 150 reused
CUDA Graph id 150 reused
CUDA Graph id 150 reused
CUDA Graph id 150 reused
CUDA Graph id 150 reused
CUDA Graph id 150 reused
CUDA Graph id 150 reused
CUDA Graph id 150 reused
CUDA Graph id 150 reused
CUDA Graph id 150 reused
CUDA Graph id 150 reused
CUDA Graph id 150 reused
CUDA Graph id 150 reused
CUDA Graph id 150 reused
CUDA Graph id 150 reused
CUDA Graph id 150 reused
CUDA Graph id 150 reused
CUDA Graph id 150 reused
CUDA Graph id 150 reused
CUDA Graph id 150 reused
CUDA Graph id 150 reused
CUDA Graph id 150 reused
CUDA Graph id 150 reused
CUDA Graph id 150 reused
CUDA Graph id 150 reused
~llama_context:      CUDA0 compute buffer size is 304.0000 MiB, matches expectation of 304.0000 MiB
~llama_context:  CUDA_Host compute buffer size is  14.7637 MiB, matches expectation of  14.7637 MiB
llama_context: constructing llama_context
llama_context: n_seq_max     = 1
llama_context: n_ctx         = 768
llama_context: n_ctx_seq     = 768
llama_context: n_batch       = 691
llama_context: n_ubatch      = 512
llama_context: causal_attn   = 1
llama_context: flash_attn    = auto
llama_context: kv_unified    = false
llama_context: freq_base     = 1000000.0
llama_context: freq_scale    = 1
llama_context: n_rs_seq      = 0
llama_context: n_outputs_max = 691
llama_context: n_ctx_seq (768) < n_ctx_train (32768) -- the full capacity of the model will not be utilized
set_abort_callback: call
llama_context:  CUDA_Host  output buffer size =     0.58 MiB
llama_kv_cache: layer   0: dev = CPU
llama_kv_cache: layer   1: dev = CPU
llama_kv_cache: layer   2: dev = CPU
llama_kv_cache: layer   3: dev = CUDA0
llama_kv_cache: layer   4: dev = CUDA0
llama_kv_cache: layer   5: dev = CUDA0
llama_kv_cache: layer   6: dev = CUDA0
llama_kv_cache: layer   7: dev = CUDA0
llama_kv_cache: layer   8: dev = CUDA0
llama_kv_cache: layer   9: dev = CUDA0
llama_kv_cache: layer  10: dev = CUDA0
llama_kv_cache: layer  11: dev = CUDA0
llama_kv_cache: layer  12: dev = CUDA0
llama_kv_cache: layer  13: dev = CUDA0
llama_kv_cache: layer  14: dev = CUDA0
llama_kv_cache: layer  15: dev = CUDA0
llama_kv_cache: layer  16: dev = CUDA0
llama_kv_cache: layer  17: dev = CUDA0
llama_kv_cache: layer  18: dev = CUDA0
llama_kv_cache: layer  19: dev = CUDA0
llama_kv_cache: layer  20: dev = CUDA0
llama_kv_cache: layer  21: dev = CUDA0
llama_kv_cache: layer  22: dev = CUDA0
llama_kv_cache: layer  23: dev = CUDA0
llama_kv_cache: layer  24: dev = CUDA0
llama_kv_cache: layer  25: dev = CUDA0
llama_kv_cache: layer  26: dev = CUDA0
llama_kv_cache: layer  27: dev = CUDA0
llama_kv_cache:        CPU KV buffer size =     4.50 MiB
llama_kv_cache:      CUDA0 KV buffer size =    37.50 MiB
llama_kv_cache: size =   42.00 MiB (   768 cells,  28 layers,  1/1 seqs), K (f16):   21.00 MiB, V (f16):   21.00 MiB
llama_kv_cache: attn_rot_k = 0, n_embd_head_k_all = 128
llama_kv_cache: attn_rot_v = 0, n_embd_head_k_all = 128
llama_context: enumerating backends
llama_context: backend_ptrs.size() = 2
sched_reserve: reserving ...
sched_reserve: max_nodes = 2712
sched_reserve: reserving full memory module
sched_reserve: worst-case: n_tokens = 512, n_seqs = 1, n_outputs = 1
graph_reserve: reserving a graph for ubatch with n_tokens =    1, n_seqs =  1, n_outputs =    1
sched_reserve: Flash Attention was auto, set to enabled
sched_reserve: resolving fused Gated Delta Net support:
graph_reserve: reserving a graph for ubatch with n_tokens =    1, n_seqs =  1, n_outputs =    1
sched_reserve: fused Gated Delta Net (autoregressive) enabled
graph_reserve: reserving a graph for ubatch with n_tokens =   16, n_seqs =  1, n_outputs =   16
sched_reserve: fused Gated Delta Net (chunked) enabled
graph_reserve: reserving a graph for ubatch with n_tokens =  512, n_seqs =  1, n_outputs =  512
graph_reserve: reserving a graph for ubatch with n_tokens =    1, n_seqs =  1, n_outputs =    1
graph_reserve: reserving a graph for ubatch with n_tokens =  512, n_seqs =  1, n_outputs =  512
sched_reserve:      CUDA0 compute buffer size =   304.00 MiB
sched_reserve:  CUDA_Host compute buffer size =    14.76 MiB
sched_reserve: graph nodes  = 958
sched_reserve: graph splits = 44 (with bs=512), 2 (with bs=1)
sched_reserve: reserve took 17.87 ms, sched copies = 1
CUDA Graph id 300 reused
ggml_backend_cuda_graph_compute: CUDA graph warmup complete
CUDA Graph id 300 reused
CUDA Graph id 300 reused
CUDA Graph id 300 reused
CUDA Graph id 300 reused
CUDA Graph id 300 reused
CUDA Graph id 300 reused
CUDA Graph id 300 reused
CUDA Graph id 300 reused
CUDA Graph id 300 reused
CUDA Graph id 300 reused
CUDA Graph id 300 reused
CUDA Graph id 300 reused
CUDA Graph id 300 reused
CUDA Graph id 300 reused
CUDA Graph id 300 reused
CUDA Graph id 300 reused
CUDA Graph id 300 reused
CUDA Graph id 300 reused
CUDA Graph id 300 reused
CUDA Graph id 300 reused
CUDA Graph id 300 reused
CUDA Graph id 300 reused
CUDA Graph id 300 reused
CUDA Graph id 300 reused
CUDA Graph id 300 reused
CUDA Graph id 300 reused
CUDA Graph id 300 reused
CUDA Graph id 300 reused
CUDA Graph id 300 reused
CUDA Graph id 300 reused
CUDA Graph id 300 reused
CUDA Graph id 300 reused
CUDA Graph id 300 reused
CUDA Graph id 300 reused
CUDA Graph id 300 reused
CUDA Graph id 300 reused
CUDA Graph id 300 reused
CUDA Graph id 300 reused
CUDA Graph id 300 reused
CUDA Graph id 300 reused
CUDA Graph id 300 reused
~llama_context:      CUDA0 compute buffer size is 304.0000 MiB, matches expectation of 304.0000 MiB
~llama_context:  CUDA_Host compute buffer size is  14.7637 MiB, matches expectation of  14.7637 MiB
llama_context: constructing llama_context
llama_context: n_seq_max     = 1
llama_context: n_ctx         = 768
llama_context: n_ctx_seq     = 768
llama_context: n_batch       = 691
llama_context: n_ubatch      = 512
llama_context: causal_attn   = 1
llama_context: flash_attn    = auto
llama_context: kv_unified    = false
llama_context: freq_base     = 1000000.0
llama_context: freq_scale    = 1
llama_context: n_rs_seq      = 0
llama_context: n_outputs_max = 691
llama_context: n_ctx_seq (768) < n_ctx_train (32768) -- the full capacity of the model will not be utilized
set_abort_callback: call
llama_context:  CUDA_Host  output buffer size =     0.58 MiB
llama_kv_cache: layer   0: dev = CPU
llama_kv_cache: layer   1: dev = CPU
llama_kv_cache: layer   2: dev = CPU
llama_kv_cache: layer   3: dev = CUDA0
llama_kv_cache: layer   4: dev = CUDA0
llama_kv_cache: layer   5: dev = CUDA0
llama_kv_cache: layer   6: dev = CUDA0
llama_kv_cache: layer   7: dev = CUDA0
llama_kv_cache: layer   8: dev = CUDA0
llama_kv_cache: layer   9: dev = CUDA0
llama_kv_cache: layer  10: dev = CUDA0
llama_kv_cache: layer  11: dev = CUDA0
llama_kv_cache: layer  12: dev = CUDA0
llama_kv_cache: layer  13: dev = CUDA0
llama_kv_cache: layer  14: dev = CUDA0
llama_kv_cache: layer  15: dev = CUDA0
llama_kv_cache: layer  16: dev = CUDA0
llama_kv_cache: layer  17: dev = CUDA0
llama_kv_cache: layer  18: dev = CUDA0
llama_kv_cache: layer  19: dev = CUDA0
llama_kv_cache: layer  20: dev = CUDA0
llama_kv_cache: layer  21: dev = CUDA0
llama_kv_cache: layer  22: dev = CUDA0
llama_kv_cache: layer  23: dev = CUDA0
llama_kv_cache: layer  24: dev = CUDA0
llama_kv_cache: layer  25: dev = CUDA0
llama_kv_cache: layer  26: dev = CUDA0
llama_kv_cache: layer  27: dev = CUDA0
llama_kv_cache:        CPU KV buffer size =     4.50 MiB
llama_kv_cache:      CUDA0 KV buffer size =    37.50 MiB
llama_kv_cache: size =   42.00 MiB (   768 cells,  28 layers,  1/1 seqs), K (f16):   21.00 MiB, V (f16):   21.00 MiB
llama_kv_cache: attn_rot_k = 0, n_embd_head_k_all = 128
llama_kv_cache: attn_rot_v = 0, n_embd_head_k_all = 128
llama_context: enumerating backends
llama_context: backend_ptrs.size() = 2
sched_reserve: reserving ...
sched_reserve: max_nodes = 2712
sched_reserve: reserving full memory module
sched_reserve: worst-case: n_tokens = 512, n_seqs = 1, n_outputs = 1
graph_reserve: reserving a graph for ubatch with n_tokens =    1, n_seqs =  1, n_outputs =    1
sched_reserve: Flash Attention was auto, set to enabled
sched_reserve: resolving fused Gated Delta Net support:
graph_reserve: reserving a graph for ubatch with n_tokens =    1, n_seqs =  1, n_outputs =    1
sched_reserve: fused Gated Delta Net (autoregressive) enabled
graph_reserve: reserving a graph for ubatch with n_tokens =   16, n_seqs =  1, n_outputs =   16
sched_reserve: fused Gated Delta Net (chunked) enabled
graph_reserve: reserving a graph for ubatch with n_tokens =  512, n_seqs =  1, n_outputs =  512
graph_reserve: reserving a graph for ubatch with n_tokens =    1, n_seqs =  1, n_outputs =    1
graph_reserve: reserving a graph for ubatch with n_tokens =  512, n_seqs =  1, n_outputs =  512
sched_reserve:      CUDA0 compute buffer size =   304.00 MiB
sched_reserve:  CUDA_Host compute buffer size =    14.76 MiB
sched_reserve: graph nodes  = 958
sched_reserve: graph splits = 44 (with bs=512), 2 (with bs=1)
sched_reserve: reserve took 13.28 ms, sched copies = 1
CUDA Graph id 450 reused
ggml_backend_cuda_graph_compute: CUDA graph warmup complete
CUDA Graph id 450 reused
CUDA Graph id 450 reused
CUDA Graph id 450 reused
CUDA Graph id 450 reused
CUDA Graph id 450 reused
CUDA Graph id 450 reused
CUDA Graph id 450 reused
CUDA Graph id 450 reused
CUDA Graph id 450 reused
CUDA Graph id 450 reused
CUDA Graph id 450 reused
CUDA Graph id 450 reused
CUDA Graph id 450 reused
CUDA Graph id 450 reused
CUDA Graph id 450 reused
CUDA Graph id 450 reused
CUDA Graph id 450 reused
CUDA Graph id 450 reused
CUDA Graph id 450 reused
CUDA Graph id 450 reused
CUDA Graph id 450 reused
CUDA Graph id 450 reused
CUDA Graph id 450 reused
CUDA Graph id 450 reused
CUDA Graph id 450 reused
CUDA Graph id 450 reused
CUDA Graph id 450 reused
CUDA Graph id 450 reused
CUDA Graph id 450 reused
CUDA Graph id 450 reused
CUDA Graph id 450 reused
CUDA Graph id 450 reused
CUDA Graph id 450 reused
CUDA Graph id 450 reused
CUDA Graph id 450 reused
CUDA Graph id 450 reused
CUDA Graph id 450 reused
~llama_context:      CUDA0 compute buffer size is 304.0000 MiB, matches expectation of 304.0000 MiB
~llama_context:  CUDA_Host compute buffer size is  14.7637 MiB, matches expectation of  14.7637 MiB
llama_context: constructing llama_context
llama_context: n_seq_max     = 1
llama_context: n_ctx         = 768
llama_context: n_ctx_seq     = 768
llama_context: n_batch       = 691
llama_context: n_ubatch      = 512
llama_context: causal_attn   = 1
llama_context: flash_attn    = auto
llama_context: kv_unified    = false
llama_context: freq_base     = 1000000.0
llama_context: freq_scale    = 1
llama_context: n_rs_seq      = 0
llama_context: n_outputs_max = 691
llama_context: n_ctx_seq (768) < n_ctx_train (32768) -- the full capacity of the model will not be utilized
set_abort_callback: call
llama_context:  CUDA_Host  output buffer size =     0.58 MiB
llama_kv_cache: layer   0: dev = CPU
llama_kv_cache: layer   1: dev = CPU
llama_kv_cache: layer   2: dev = CPU
llama_kv_cache: layer   3: dev = CUDA0
llama_kv_cache: layer   4: dev = CUDA0
llama_kv_cache: layer   5: dev = CUDA0
llama_kv_cache: layer   6: dev = CUDA0
llama_kv_cache: layer   7: dev = CUDA0
llama_kv_cache: layer   8: dev = CUDA0
llama_kv_cache: layer   9: dev = CUDA0
llama_kv_cache: layer  10: dev = CUDA0
llama_kv_cache: layer  11: dev = CUDA0
llama_kv_cache: layer  12: dev = CUDA0
llama_kv_cache: layer  13: dev = CUDA0
llama_kv_cache: layer  14: dev = CUDA0
llama_kv_cache: layer  15: dev = CUDA0
llama_kv_cache: layer  16: dev = CUDA0
llama_kv_cache: layer  17: dev = CUDA0
llama_kv_cache: layer  18: dev = CUDA0
llama_kv_cache: layer  19: dev = CUDA0
llama_kv_cache: layer  20: dev = CUDA0
llama_kv_cache: layer  21: dev = CUDA0
llama_kv_cache: layer  22: dev = CUDA0
llama_kv_cache: layer  23: dev = CUDA0
llama_kv_cache: layer  24: dev = CUDA0
llama_kv_cache: layer  25: dev = CUDA0
llama_kv_cache: layer  26: dev = CUDA0
llama_kv_cache: layer  27: dev = CUDA0
llama_kv_cache:        CPU KV buffer size =     4.50 MiB
llama_kv_cache:      CUDA0 KV buffer size =    37.50 MiB
llama_kv_cache: size =   42.00 MiB (   768 cells,  28 layers,  1/1 seqs), K (f16):   21.00 MiB, V (f16):   21.00 MiB
llama_kv_cache: attn_rot_k = 0, n_embd_head_k_all = 128
llama_kv_cache: attn_rot_v = 0, n_embd_head_k_all = 128
llama_context: enumerating backends
llama_context: backend_ptrs.size() = 2
sched_reserve: reserving ...
sched_reserve: max_nodes = 2712
sched_reserve: reserving full memory module
sched_reserve: worst-case: n_tokens = 512, n_seqs = 1, n_outputs = 1
graph_reserve: reserving a graph for ubatch with n_tokens =    1, n_seqs =  1, n_outputs =    1
sched_reserve: Flash Attention was auto, set to enabled
sched_reserve: resolving fused Gated Delta Net support:
graph_reserve: reserving a graph for ubatch with n_tokens =    1, n_seqs =  1, n_outputs =    1
sched_reserve: fused Gated Delta Net (autoregressive) enabled
graph_reserve: reserving a graph for ubatch with n_tokens =   16, n_seqs =  1, n_outputs =   16
sched_reserve: fused Gated Delta Net (chunked) enabled
graph_reserve: reserving a graph for ubatch with n_tokens =  512, n_seqs =  1, n_outputs =  512
graph_reserve: reserving a graph for ubatch with n_tokens =    1, n_seqs =  1, n_outputs =    1
graph_reserve: reserving a graph for ubatch with n_tokens =  512, n_seqs =  1, n_outputs =  512
sched_reserve:      CUDA0 compute buffer size =   304.00 MiB
sched_reserve:  CUDA_Host compute buffer size =    14.76 MiB
sched_reserve: graph nodes  = 958
sched_reserve: graph splits = 44 (with bs=512), 2 (with bs=1)
sched_reserve: reserve took 16.28 ms, sched copies = 1
CUDA Graph id 600 reused
ggml_backend_cuda_graph_compute: CUDA graph warmup complete
CUDA Graph id 600 reused
CUDA Graph id 600 reused
CUDA Graph id 600 reused
CUDA Graph id 600 reused
CUDA Graph id 600 reused
CUDA Graph id 600 reused
CUDA Graph id 600 reused
CUDA Graph id 600 reused
CUDA Graph id 600 reused
CUDA Graph id 600 reused
CUDA Graph id 600 reused
CUDA Graph id 600 reused
CUDA Graph id 600 reused
CUDA Graph id 600 reused
CUDA Graph id 600 reused
CUDA Graph id 600 reused
CUDA Graph id 600 reused
CUDA Graph id 600 reused
CUDA Graph id 600 reused
CUDA Graph id 600 reused
CUDA Graph id 600 reused
CUDA Graph id 600 reused
CUDA Graph id 600 reused
CUDA Graph id 600 reused
CUDA Graph id 600 reused
CUDA Graph id 600 reused
CUDA Graph id 600 reused
CUDA Graph id 600 reused
CUDA Graph id 600 reused
CUDA Graph id 600 reused
CUDA Graph id 600 reused
CUDA Graph id 600 reused
CUDA Graph id 600 reused
CUDA Graph id 600 reused
CUDA Graph id 600 reused
CUDA Graph id 600 reused
CUDA Graph id 600 reused
CUDA Graph id 600 reused
CUDA Graph id 600 reused
CUDA Graph id 600 reused
CUDA Graph id 600 reused
~llama_context:      CUDA0 compute buffer size is 304.0000 MiB, matches expectation of 304.0000 MiB
~llama_context:  CUDA_Host compute buffer size is  14.7637 MiB, matches expectation of  14.7637 MiB
llama_context: constructing llama_context
llama_context: n_seq_max     = 1
llama_context: n_ctx         = 768
llama_context: n_ctx_seq     = 768
llama_context: n_batch       = 691
llama_context: n_ubatch      = 512
llama_context: causal_attn   = 1
llama_context: flash_attn    = auto
llama_context: kv_unified    = false
llama_context: freq_base     = 1000000.0
llama_context: freq_scale    = 1
llama_context: n_rs_seq      = 0
llama_context: n_outputs_max = 691
llama_context: n_ctx_seq (768) < n_ctx_train (32768) -- the full capacity of the model will not be utilized
set_abort_callback: call
llama_context:  CUDA_Host  output buffer size =     0.58 MiB
llama_kv_cache: layer   0: dev = CPU
llama_kv_cache: layer   1: dev = CPU
llama_kv_cache: layer   2: dev = CPU
llama_kv_cache: layer   3: dev = CUDA0
llama_kv_cache: layer   4: dev = CUDA0
llama_kv_cache: layer   5: dev = CUDA0
llama_kv_cache: layer   6: dev = CUDA0
llama_kv_cache: layer   7: dev = CUDA0
llama_kv_cache: layer   8: dev = CUDA0
llama_kv_cache: layer   9: dev = CUDA0
llama_kv_cache: layer  10: dev = CUDA0
llama_kv_cache: layer  11: dev = CUDA0
llama_kv_cache: layer  12: dev = CUDA0
llama_kv_cache: layer  13: dev = CUDA0
llama_kv_cache: layer  14: dev = CUDA0
llama_kv_cache: layer  15: dev = CUDA0
llama_kv_cache: layer  16: dev = CUDA0
llama_kv_cache: layer  17: dev = CUDA0
llama_kv_cache: layer  18: dev = CUDA0
llama_kv_cache: layer  19: dev = CUDA0
llama_kv_cache: layer  20: dev = CUDA0
llama_kv_cache: layer  21: dev = CUDA0
llama_kv_cache: layer  22: dev = CUDA0
llama_kv_cache: layer  23: dev = CUDA0
llama_kv_cache: layer  24: dev = CUDA0
llama_kv_cache: layer  25: dev = CUDA0
llama_kv_cache: layer  26: dev = CUDA0
llama_kv_cache: layer  27: dev = CUDA0
llama_kv_cache:        CPU KV buffer size =     4.50 MiB
llama_kv_cache:      CUDA0 KV buffer size =    37.50 MiB
llama_kv_cache: size =   42.00 MiB (   768 cells,  28 layers,  1/1 seqs), K (f16):   21.00 MiB, V (f16):   21.00 MiB
llama_kv_cache: attn_rot_k = 0, n_embd_head_k_all = 128
llama_kv_cache: attn_rot_v = 0, n_embd_head_k_all = 128
llama_context: enumerating backends
llama_context: backend_ptrs.size() = 2
sched_reserve: reserving ...
sched_reserve: max_nodes = 2712
sched_reserve: reserving full memory module
sched_reserve: worst-case: n_tokens = 512, n_seqs = 1, n_outputs = 1
graph_reserve: reserving a graph for ubatch with n_tokens =    1, n_seqs =  1, n_outputs =    1
sched_reserve: Flash Attention was auto, set to enabled
sched_reserve: resolving fused Gated Delta Net support:
graph_reserve: reserving a graph for ubatch with n_tokens =    1, n_seqs =  1, n_outputs =    1
sched_reserve: fused Gated Delta Net (autoregressive) enabled
graph_reserve: reserving a graph for ubatch with n_tokens =   16, n_seqs =  1, n_outputs =   16
sched_reserve: fused Gated Delta Net (chunked) enabled
graph_reserve: reserving a graph for ubatch with n_tokens =  512, n_seqs =  1, n_outputs =  512
graph_reserve: reserving a graph for ubatch with n_tokens =    1, n_seqs =  1, n_outputs =    1
graph_reserve: reserving a graph for ubatch with n_tokens =  512, n_seqs =  1, n_outputs =  512
sched_reserve:      CUDA0 compute buffer size =   304.00 MiB
sched_reserve:  CUDA_Host compute buffer size =    14.76 MiB
sched_reserve: graph nodes  = 958
sched_reserve: graph splits = 44 (with bs=512), 2 (with bs=1)
sched_reserve: reserve took 16.29 ms, sched copies = 1
CUDA Graph id 750 reused
ggml_backend_cuda_graph_compute: CUDA graph warmup complete
CUDA Graph id 750 reused
CUDA Graph id 750 reused
CUDA Graph id 750 reused
CUDA Graph id 750 reused
CUDA Graph id 750 reused
CUDA Graph id 750 reused
CUDA Graph id 750 reused
CUDA Graph id 750 reused
~llama_context:      CUDA0 compute buffer size is 304.0000 MiB, matches expectation of 304.0000 MiB
~llama_context:  CUDA_Host compute buffer size is  14.7637 MiB, matches expectation of  14.7637 MiB
llama_context: constructing llama_context
llama_context: n_seq_max     = 1
llama_context: n_ctx         = 768
llama_context: n_ctx_seq     = 768
llama_context: n_batch       = 691
llama_context: n_ubatch      = 512
llama_context: causal_attn   = 1
llama_context: flash_attn    = auto
llama_context: kv_unified    = false
llama_context: freq_base     = 1000000.0
llama_context: freq_scale    = 1
llama_context: n_rs_seq      = 0
llama_context: n_outputs_max = 691
llama_context: n_ctx_seq (768) < n_ctx_train (32768) -- the full capacity of the model will not be utilized
set_abort_callback: call
llama_context:  CUDA_Host  output buffer size =     0.58 MiB
llama_kv_cache: layer   0: dev = CPU
llama_kv_cache: layer   1: dev = CPU
llama_kv_cache: layer   2: dev = CPU
llama_kv_cache: layer   3: dev = CUDA0
llama_kv_cache: layer   4: dev = CUDA0
llama_kv_cache: layer   5: dev = CUDA0
llama_kv_cache: layer   6: dev = CUDA0
llama_kv_cache: layer   7: dev = CUDA0
llama_kv_cache: layer   8: dev = CUDA0
llama_kv_cache: layer   9: dev = CUDA0
llama_kv_cache: layer  10: dev = CUDA0
llama_kv_cache: layer  11: dev = CUDA0
llama_kv_cache: layer  12: dev = CUDA0
llama_kv_cache: layer  13: dev = CUDA0
llama_kv_cache: layer  14: dev = CUDA0
llama_kv_cache: layer  15: dev = CUDA0
llama_kv_cache: layer  16: dev = CUDA0
llama_kv_cache: layer  17: dev = CUDA0
llama_kv_cache: layer  18: dev = CUDA0
llama_kv_cache: layer  19: dev = CUDA0
llama_kv_cache: layer  20: dev = CUDA0
llama_kv_cache: layer  21: dev = CUDA0
llama_kv_cache: layer  22: dev = CUDA0
llama_kv_cache: layer  23: dev = CUDA0
llama_kv_cache: layer  24: dev = CUDA0
llama_kv_cache: layer  25: dev = CUDA0
llama_kv_cache: layer  26: dev = CUDA0
llama_kv_cache: layer  27: dev = CUDA0
llama_kv_cache:        CPU KV buffer size =     4.50 MiB
llama_kv_cache:      CUDA0 KV buffer size =    37.50 MiB
llama_kv_cache: size =   42.00 MiB (   768 cells,  28 layers,  1/1 seqs), K (f16):   21.00 MiB, V (f16):   21.00 MiB
llama_kv_cache: attn_rot_k = 0, n_embd_head_k_all = 128
llama_kv_cache: attn_rot_v = 0, n_embd_head_k_all = 128
llama_context: enumerating backends
llama_context: backend_ptrs.size() = 2
sched_reserve: reserving ...
sched_reserve: max_nodes = 2712
sched_reserve: reserving full memory module
sched_reserve: worst-case: n_tokens = 512, n_seqs = 1, n_outputs = 1
graph_reserve: reserving a graph for ubatch with n_tokens =    1, n_seqs =  1, n_outputs =    1
sched_reserve: Flash Attention was auto, set to enabled
sched_reserve: resolving fused Gated Delta Net support:
graph_reserve: reserving a graph for ubatch with n_tokens =    1, n_seqs =  1, n_outputs =    1
sched_reserve: fused Gated Delta Net (autoregressive) enabled
graph_reserve: reserving a graph for ubatch with n_tokens =   16, n_seqs =  1, n_outputs =   16
sched_reserve: fused Gated Delta Net (chunked) enabled
graph_reserve: reserving a graph for ubatch with n_tokens =  512, n_seqs =  1, n_outputs =  512
graph_reserve: reserving a graph for ubatch with n_tokens =    1, n_seqs =  1, n_outputs =    1
graph_reserve: reserving a graph for ubatch with n_tokens =  512, n_seqs =  1, n_outputs =  512
sched_reserve:      CUDA0 compute buffer size =   304.00 MiB
sched_reserve:  CUDA_Host compute buffer size =    14.76 MiB
sched_reserve: graph nodes  = 958
sched_reserve: graph splits = 44 (with bs=512), 2 (with bs=1)
sched_reserve: reserve took 15.00 ms, sched copies = 1
CUDA Graph id 900 reused
ggml_backend_cuda_graph_compute: CUDA graph warmup complete
CUDA Graph id 900 reused
CUDA Graph id 900 reused
CUDA Graph id 900 reused
CUDA Graph id 900 reused
CUDA Graph id 900 reused
CUDA Graph id 900 reused
CUDA Graph id 900 reused
CUDA Graph id 900 reused
CUDA Graph id 900 reused
CUDA Graph id 900 reused
CUDA Graph id 900 reused
CUDA Graph id 900 reused
CUDA Graph id 900 reused
CUDA Graph id 900 reused
CUDA Graph id 900 reused
CUDA Graph id 900 reused
CUDA Graph id 900 reused
CUDA Graph id 900 reused
CUDA Graph id 900 reused
CUDA Graph id 900 reused
CUDA Graph id 900 reused
CUDA Graph id 900 reused
CUDA Graph id 900 reused
CUDA Graph id 900 reused
CUDA Graph id 900 reused
CUDA Graph id 900 reused
CUDA Graph id 900 reused
CUDA Graph id 900 reused
CUDA Graph id 900 reused
CUDA Graph id 900 reused
CUDA Graph id 900 reused
CUDA Graph id 900 reused
CUDA Graph id 900 reused
CUDA Graph id 900 reused
CUDA Graph id 900 reused
CUDA Graph id 900 reused
CUDA Graph id 900 reused
CUDA Graph id 900 reused
CUDA Graph id 900 reused
CUDA Graph id 900 reused
CUDA Graph id 900 reused
CUDA Graph id 900 reused
CUDA Graph id 900 reused
CUDA Graph id 900 reused
CUDA Graph id 900 reused
CUDA Graph id 900 reused
CUDA Graph id 900 reused
CUDA Graph id 900 reused
CUDA Graph id 900 reused
CUDA Graph id 900 reused
CUDA Graph id 900 reused
CUDA Graph id 900 reused
CUDA Graph id 900 reused
CUDA Graph id 900 reused
CUDA Graph id 900 reused
CUDA Graph id 900 reused
CUDA Graph id 900 reused
CUDA Graph id 900 reused
CUDA Graph id 900 reused
CUDA Graph id 900 reused
CUDA Graph id 900 reused
CUDA Graph id 900 reused
CUDA Graph id 900 reused
CUDA Graph id 900 reused
CUDA Graph id 900 reused
CUDA Graph id 900 reused
CUDA Graph id 900 reused
CUDA Graph id 900 reused
CUDA Graph id 900 reused
CUDA Graph id 900 reused
CUDA Graph id 900 reused
CUDA Graph id 900 reused
CUDA Graph id 900 reused
CUDA Graph id 900 reused
CUDA Graph id 900 reused
CUDA Graph id 900 reused
CUDA Graph id 900 reused
CUDA Graph id 900 reused
CUDA Graph id 900 reused
CUDA Graph id 900 reused
CUDA Graph id 900 reused
CUDA Graph id 900 reused
CUDA Graph id 900 reused
ggml_backend_cuda_graph_compute: CUDA graph warmup reset
CUDA Graph id 903 reused
ggml_backend_cuda_graph_compute: CUDA graph warmup complete
CUDA Graph id 903 reused
CUDA Graph id 903 reused
CUDA Graph id 903 reused
CUDA Graph id 903 reused
CUDA Graph id 903 reused
CUDA Graph id 903 reused
CUDA Graph id 903 reused
CUDA Graph id 903 reused
CUDA Graph id 903 reused
CUDA Graph id 903 reused
CUDA Graph id 903 reused
CUDA Graph id 903 reused
CUDA Graph id 903 reused
CUDA Graph id 903 reused
CUDA Graph id 903 reused
CUDA Graph id 903 reused
CUDA Graph id 903 reused
CUDA Graph id 903 reused
CUDA Graph id 903 reused
CUDA Graph id 903 reused
CUDA Graph id 903 reused
CUDA Graph id 903 reused
CUDA Graph id 903 reused
CUDA Graph id 903 reused
CUDA Graph id 903 reused
CUDA Graph id 903 reused
CUDA Graph id 903 reused
CUDA Graph id 903 reused
CUDA Graph id 903 reused
CUDA Graph id 903 reused
CUDA Graph id 903 reused
CUDA Graph id 903 reused
CUDA Graph id 903 reused
CUDA Graph id 903 reused
CUDA Graph id 903 reused
CUDA Graph id 903 reused
CUDA Graph id 903 reused
CUDA Graph id 903 reused
CUDA Graph id 903 reused
CUDA Graph id 903 reused
CUDA Graph id 903 reused
CUDA Graph id 903 reused
CUDA Graph id 903 reused
CUDA Graph id 903 reused
~llama_context:      CUDA0 compute buffer size is 304.0000 MiB, matches expectation of 304.0000 MiB
~llama_context:  CUDA_Host compute buffer size is  14.7637 MiB, matches expectation of  14.7637 MiB
schema 176/200 done
llama_context: constructing llama_context
llama_context: n_seq_max     = 1
llama_context: n_ctx         = 768
llama_context: n_ctx_seq     = 768
llama_context: n_batch       = 679
llama_context: n_ubatch      = 512
llama_context: causal_attn   = 1
llama_context: flash_attn    = auto
llama_context: kv_unified    = false
llama_context: freq_base     = 1000000.0
llama_context: freq_scale    = 1
llama_context: n_rs_seq      = 0
llama_context: n_outputs_max = 679
llama_context: n_ctx_seq (768) < n_ctx_train (32768) -- the full capacity of the model will not be utilized
set_abort_callback: call
llama_context:  CUDA_Host  output buffer size =     0.58 MiB
llama_kv_cache: layer   0: dev = CPU
llama_kv_cache: layer   1: dev = CPU
llama_kv_cache: layer   2: dev = CPU
llama_kv_cache: layer   3: dev = CUDA0
llama_kv_cache: layer   4: dev = CUDA0
llama_kv_cache: layer   5: dev = CUDA0
llama_kv_cache: layer   6: dev = CUDA0
llama_kv_cache: layer   7: dev = CUDA0
llama_kv_cache: layer   8: dev = CUDA0
llama_kv_cache: layer   9: dev = CUDA0
llama_kv_cache: layer  10: dev = CUDA0
llama_kv_cache: layer  11: dev = CUDA0
llama_kv_cache: layer  12: dev = CUDA0
llama_kv_cache: layer  13: dev = CUDA0
llama_kv_cache: layer  14: dev = CUDA0
llama_kv_cache: layer  15: dev = CUDA0
llama_kv_cache: layer  16: dev = CUDA0
llama_kv_cache: layer  17: dev = CUDA0
llama_kv_cache: layer  18: dev = CUDA0
llama_kv_cache: layer  19: dev = CUDA0
llama_kv_cache: layer  20: dev = CUDA0
llama_kv_cache: layer  21: dev = CUDA0
llama_kv_cache: layer  22: dev = CUDA0
llama_kv_cache: layer  23: dev = CUDA0
llama_kv_cache: layer  24: dev = CUDA0
llama_kv_cache: layer  25: dev = CUDA0
llama_kv_cache: layer  26: dev = CUDA0
llama_kv_cache: layer  27: dev = CUDA0
llama_kv_cache:        CPU KV buffer size =     4.50 MiB
llama_kv_cache:      CUDA0 KV buffer size =    37.50 MiB
llama_kv_cache: size =   42.00 MiB (   768 cells,  28 layers,  1/1 seqs), K (f16):   21.00 MiB, V (f16):   21.00 MiB
llama_kv_cache: attn_rot_k = 0, n_embd_head_k_all = 128
llama_kv_cache: attn_rot_v = 0, n_embd_head_k_all = 128
llama_context: enumerating backends
llama_context: backend_ptrs.size() = 2
sched_reserve: reserving ...
sched_reserve: max_nodes = 2712
sched_reserve: reserving full memory module
sched_reserve: worst-case: n_tokens = 512, n_seqs = 1, n_outputs = 1
graph_reserve: reserving a graph for ubatch with n_tokens =    1, n_seqs =  1, n_outputs =    1
sched_reserve: Flash Attention was auto, set to enabled
sched_reserve: resolving fused Gated Delta Net support:
graph_reserve: reserving a graph for ubatch with n_tokens =    1, n_seqs =  1, n_outputs =    1
sched_reserve: fused Gated Delta Net (autoregressive) enabled
graph_reserve: reserving a graph for ubatch with n_tokens =   16, n_seqs =  1, n_outputs =   16
sched_reserve: fused Gated Delta Net (chunked) enabled
graph_reserve: reserving a graph for ubatch with n_tokens =  512, n_seqs =  1, n_outputs =  512
graph_reserve: reserving a graph for ubatch with n_tokens =    1, n_seqs =  1, n_outputs =    1
graph_reserve: reserving a graph for ubatch with n_tokens =  512, n_seqs =  1, n_outputs =  512
sched_reserve:      CUDA0 compute buffer size =   304.00 MiB
sched_reserve:  CUDA_Host compute buffer size =    14.76 MiB
sched_reserve: graph nodes  = 958
sched_reserve: graph splits = 44 (with bs=512), 2 (with bs=1)
sched_reserve: reserve took 16.19 ms, sched copies = 1
CUDA Graph id 1053 reused
ggml_backend_cuda_graph_compute: CUDA graph warmup complete
CUDA Graph id 1053 reused
CUDA Graph id 1053 reused
CUDA Graph id 1053 reused
CUDA Graph id 1053 reused
CUDA Graph id 1053 reused
CUDA Graph id 1053 reused
CUDA Graph id 1053 reused
CUDA Graph id 1053 reused
CUDA Graph id 1053 reused
CUDA Graph id 1053 reused
CUDA Graph id 1053 reused
CUDA Graph id 1053 reused
CUDA Graph id 1053 reused
CUDA Graph id 1053 reused
CUDA Graph id 1053 reused
CUDA Graph id 1053 reused
CUDA Graph id 1053 reused
CUDA Graph id 1053 reused
CUDA Graph id 1053 reused
CUDA Graph id 1053 reused
CUDA Graph id 1053 reused
CUDA Graph id 1053 reused
CUDA Graph id 1053 reused
CUDA Graph id 1053 reused
CUDA Graph id 1053 reused
CUDA Graph id 1053 reused
CUDA Graph id 1053 reused
CUDA Graph id 1053 reused
~llama_context:      CUDA0 compute buffer size is 304.0000 MiB, matches expectation of 304.0000 MiB
~llama_context:  CUDA_Host compute buffer size is  14.7637 MiB, matches expectation of  14.7637 MiB
llama_context: constructing llama_context
llama_context: n_seq_max     = 1
llama_context: n_ctx         = 768
llama_context: n_ctx_seq     = 768
llama_context: n_batch       = 679
llama_context: n_ubatch      = 512
llama_context: causal_attn   = 1
llama_context: flash_attn    = auto
llama_context: kv_unified    = false
llama_context: freq_base     = 1000000.0
llama_context: freq_scale    = 1
llama_context: n_rs_seq      = 0
llama_context: n_outputs_max = 679
llama_context: n_ctx_seq (768) < n_ctx_train (32768) -- the full capacity of the model will not be utilized
set_abort_callback: call
llama_context:  CUDA_Host  output buffer size =     0.58 MiB
llama_kv_cache: layer   0: dev = CPU
llama_kv_cache: layer   1: dev = CPU
llama_kv_cache: layer   2: dev = CPU
llama_kv_cache: layer   3: dev = CUDA0
llama_kv_cache: layer   4: dev = CUDA0
llama_kv_cache: layer   5: dev = CUDA0
llama_kv_cache: layer   6: dev = CUDA0
llama_kv_cache: layer   7: dev = CUDA0
llama_kv_cache: layer   8: dev = CUDA0
llama_kv_cache: layer   9: dev = CUDA0
llama_kv_cache: layer  10: dev = CUDA0
llama_kv_cache: layer  11: dev = CUDA0
llama_kv_cache: layer  12: dev = CUDA0
llama_kv_cache: layer  13: dev = CUDA0
llama_kv_cache: layer  14: dev = CUDA0
llama_kv_cache: layer  15: dev = CUDA0
llama_kv_cache: layer  16: dev = CUDA0
llama_kv_cache: layer  17: dev = CUDA0
llama_kv_cache: layer  18: dev = CUDA0
llama_kv_cache: layer  19: dev = CUDA0
llama_kv_cache: layer  20: dev = CUDA0
llama_kv_cache: layer  21: dev = CUDA0
llama_kv_cache: layer  22: dev = CUDA0
llama_kv_cache: layer  23: dev = CUDA0
llama_kv_cache: layer  24: dev = CUDA0
llama_kv_cache: layer  25: dev = CUDA0
llama_kv_cache: layer  26: dev = CUDA0
llama_kv_cache: layer  27: dev = CUDA0
llama_kv_cache:        CPU KV buffer size =     4.50 MiB
llama_kv_cache:      CUDA0 KV buffer size =    37.50 MiB
llama_kv_cache: size =   42.00 MiB (   768 cells,  28 layers,  1/1 seqs), K (f16):   21.00 MiB, V (f16):   21.00 MiB
llama_kv_cache: attn_rot_k = 0, n_embd_head_k_all = 128
llama_kv_cache: attn_rot_v = 0, n_embd_head_k_all = 128
llama_context: enumerating backends
llama_context: backend_ptrs.size() = 2
sched_reserve: reserving ...
sched_reserve: max_nodes = 2712
sched_reserve: reserving full memory module
sched_reserve: worst-case: n_tokens = 512, n_seqs = 1, n_outputs = 1
graph_reserve: reserving a graph for ubatch with n_tokens =    1, n_seqs =  1, n_outputs =    1
sched_reserve: Flash Attention was auto, set to enabled
sched_reserve: resolving fused Gated Delta Net support:
graph_reserve: reserving a graph for ubatch with n_tokens =    1, n_seqs =  1, n_outputs =    1
sched_reserve: fused Gated Delta Net (autoregressive) enabled
graph_reserve: reserving a graph for ubatch with n_tokens =   16, n_seqs =  1, n_outputs =   16
sched_reserve: fused Gated Delta Net (chunked) enabled
graph_reserve: reserving a graph for ubatch with n_tokens =  512, n_seqs =  1, n_outputs =  512
graph_reserve: reserving a graph for ubatch with n_tokens =    1, n_seqs =  1, n_outputs =    1
graph_reserve: reserving a graph for ubatch with n_tokens =  512, n_seqs =  1, n_outputs =  512
sched_reserve:      CUDA0 compute buffer size =   304.00 MiB
sched_reserve:  CUDA_Host compute buffer size =    14.76 MiB
sched_reserve: graph nodes  = 958
sched_reserve: graph splits = 44 (with bs=512), 2 (with bs=1)
sched_reserve: reserve took 14.63 ms, sched copies = 1
CUDA Graph id 1203 reused
ggml_backend_cuda_graph_compute: CUDA graph warmup complete
CUDA Graph id 1203 reused
CUDA Graph id 1203 reused
CUDA Graph id 1203 reused
CUDA Graph id 1203 reused
CUDA Graph id 1203 reused
CUDA Graph id 1203 reused
CUDA Graph id 1203 reused
CUDA Graph id 1203 reused
CUDA Graph id 1203 reused
CUDA Graph id 1203 reused
CUDA Graph id 1203 reused
CUDA Graph id 1203 reused
CUDA Graph id 1203 reused
CUDA Graph id 1203 reused
CUDA Graph id 1203 reused
CUDA Graph id 1203 reused
CUDA Graph id 1203 reused
CUDA Graph id 1203 reused
CUDA Graph id 1203 reused
CUDA Graph id 1203 reused
CUDA Graph id 1203 reused
CUDA Graph id 1203 reused
CUDA Graph id 1203 reused
CUDA Graph id 1203 reused
CUDA Graph id 1203 reused
CUDA Graph id 1203 reused
CUDA Graph id 1203 reused
CUDA Graph id 1203 reused
~llama_context:      CUDA0 compute buffer size is 304.0000 MiB, matches expectation of 304.0000 MiB
~llama_context:  CUDA_Host compute buffer size is  14.7637 MiB, matches expectation of  14.7637 MiB
llama_context: constructing llama_context
llama_context: n_seq_max     = 1
llama_context: n_ctx         = 768
llama_context: n_ctx_seq     = 768
llama_context: n_batch       = 679
llama_context: n_ubatch      = 512
llama_context: causal_attn   = 1
llama_context: flash_attn    = auto
llama_context: kv_unified    = false
llama_context: freq_base     = 1000000.0
llama_context: freq_scale    = 1
llama_context: n_rs_seq      = 0
llama_context: n_outputs_max = 679
llama_context: n_ctx_seq (768) < n_ctx_train (32768) -- the full capacity of the model will not be utilized
set_abort_callback: call
llama_context:  CUDA_Host  output buffer size =     0.58 MiB
llama_kv_cache: layer   0: dev = CPU
llama_kv_cache: layer   1: dev = CPU
llama_kv_cache: layer   2: dev = CPU
llama_kv_cache: layer   3: dev = CUDA0
llama_kv_cache: layer   4: dev = CUDA0
llama_kv_cache: layer   5: dev = CUDA0
llama_kv_cache: layer   6: dev = CUDA0
llama_kv_cache: layer   7: dev = CUDA0
llama_kv_cache: layer   8: dev = CUDA0
llama_kv_cache: layer   9: dev = CUDA0
llama_kv_cache: layer  10: dev = CUDA0
llama_kv_cache: layer  11: dev = CUDA0
llama_kv_cache: layer  12: dev = CUDA0
llama_kv_cache: layer  13: dev = CUDA0
llama_kv_cache: layer  14: dev = CUDA0
llama_kv_cache: layer  15: dev = CUDA0
llama_kv_cache: layer  16: dev = CUDA0
llama_kv_cache: layer  17: dev = CUDA0
llama_kv_cache: layer  18: dev = CUDA0
llama_kv_cache: layer  19: dev = CUDA0
llama_kv_cache: layer  20: dev = CUDA0
llama_kv_cache: layer  21: dev = CUDA0
llama_kv_cache: layer  22: dev = CUDA0
llama_kv_cache: layer  23: dev = CUDA0
llama_kv_cache: layer  24: dev = CUDA0
llama_kv_cache: layer  25: dev = CUDA0
llama_kv_cache: layer  26: dev = CUDA0
llama_kv_cache: layer  27: dev = CUDA0
llama_kv_cache:        CPU KV buffer size =     4.50 MiB
llama_kv_cache:      CUDA0 KV buffer size =    37.50 MiB
llama_kv_cache: size =   42.00 MiB (   768 cells,  28 layers,  1/1 seqs), K (f16):   21.00 MiB, V (f16):   21.00 MiB
llama_kv_cache: attn_rot_k = 0, n_embd_head_k_all = 128
llama_kv_cache: attn_rot_v = 0, n_embd_head_k_all = 128
llama_context: enumerating backends
llama_context: backend_ptrs.size() = 2
sched_reserve: reserving ...
sched_reserve: max_nodes = 2712
sched_reserve: reserving full memory module
sched_reserve: worst-case: n_tokens = 512, n_seqs = 1, n_outputs = 1
graph_reserve: reserving a graph for ubatch with n_tokens =    1, n_seqs =  1, n_outputs =    1
sched_reserve: Flash Attention was auto, set to enabled
sched_reserve: resolving fused Gated Delta Net support:
graph_reserve: reserving a graph for ubatch with n_tokens =    1, n_seqs =  1, n_outputs =    1
sched_reserve: fused Gated Delta Net (autoregressive) enabled
graph_reserve: reserving a graph for ubatch with n_tokens =   16, n_seqs =  1, n_outputs =   16
sched_reserve: fused Gated Delta Net (chunked) enabled
graph_reserve: reserving a graph for ubatch with n_tokens =  512, n_seqs =  1, n_outputs =  512
graph_reserve: reserving a graph for ubatch with n_tokens =    1, n_seqs =  1, n_outputs =    1
graph_reserve: reserving a graph for ubatch with n_tokens =  512, n_seqs =  1, n_outputs =  512
sched_reserve:      CUDA0 compute buffer size =   304.00 MiB
sched_reserve:  CUDA_Host compute buffer size =    14.76 MiB
sched_reserve: graph nodes  = 958
sched_reserve: graph splits = 44 (with bs=512), 2 (with bs=1)
sched_reserve: reserve took 13.11 ms, sched copies = 1
CUDA Graph id 1353 reused
ggml_backend_cuda_graph_compute: CUDA graph warmup complete
CUDA Graph id 1353 reused
CUDA Graph id 1353 reused
CUDA Graph id 1353 reused
CUDA Graph id 1353 reused
CUDA Graph id 1353 reused
CUDA Graph id 1353 reused
CUDA Graph id 1353 reused
CUDA Graph id 1353 reused
CUDA Graph id 1353 reused
CUDA Graph id 1353 reused
CUDA Graph id 1353 reused
CUDA Graph id 1353 reused
CUDA Graph id 1353 reused
CUDA Graph id 1353 reused
CUDA Graph id 1353 reused
CUDA Graph id 1353 reused
CUDA Graph id 1353 reused
CUDA Graph id 1353 reused
CUDA Graph id 1353 reused
CUDA Graph id 1353 reused
~llama_context:      CUDA0 compute buffer size is 304.0000 MiB, matches expectation of 304.0000 MiB
~llama_context:  CUDA_Host compute buffer size is  14.7637 MiB, matches expectation of  14.7637 MiB
llama_context: constructing llama_context
llama_context: n_seq_max     = 1
llama_context: n_ctx         = 768
llama_context: n_ctx_seq     = 768
llama_context: n_batch       = 679
llama_context: n_ubatch      = 512
llama_context: causal_attn   = 1
llama_context: flash_attn    = auto
llama_context: kv_unified    = false
llama_context: freq_base     = 1000000.0
llama_context: freq_scale    = 1
llama_context: n_rs_seq      = 0
llama_context: n_outputs_max = 679
llama_context: n_ctx_seq (768) < n_ctx_train (32768) -- the full capacity of the model will not be utilized
set_abort_callback: call
llama_context:  CUDA_Host  output buffer size =     0.58 MiB
llama_kv_cache: layer   0: dev = CPU
llama_kv_cache: layer   1: dev = CPU
llama_kv_cache: layer   2: dev = CPU
llama_kv_cache: layer   3: dev = CUDA0
llama_kv_cache: layer   4: dev = CUDA0
llama_kv_cache: layer   5: dev = CUDA0
llama_kv_cache: layer   6: dev = CUDA0
llama_kv_cache: layer   7: dev = CUDA0
llama_kv_cache: layer   8: dev = CUDA0
llama_kv_cache: layer   9: dev = CUDA0
llama_kv_cache: layer  10: dev = CUDA0
llama_kv_cache: layer  11: dev = CUDA0
llama_kv_cache: layer  12: dev = CUDA0
llama_kv_cache: layer  13: dev = CUDA0
llama_kv_cache: layer  14: dev = CUDA0
llama_kv_cache: layer  15: dev = CUDA0
llama_kv_cache: layer  16: dev = CUDA0
llama_kv_cache: layer  17: dev = CUDA0
llama_kv_cache: layer  18: dev = CUDA0
llama_kv_cache: layer  19: dev = CUDA0
llama_kv_cache: layer  20: dev = CUDA0
llama_kv_cache: layer  21: dev = CUDA0
llama_kv_cache: layer  22: dev = CUDA0
llama_kv_cache: layer  23: dev = CUDA0
llama_kv_cache: layer  24: dev = CUDA0
llama_kv_cache: layer  25: dev = CUDA0
llama_kv_cache: layer  26: dev = CUDA0
llama_kv_cache: layer  27: dev = CUDA0
llama_kv_cache:        CPU KV buffer size =     4.50 MiB
llama_kv_cache:      CUDA0 KV buffer size =    37.50 MiB
llama_kv_cache: size =   42.00 MiB (   768 cells,  28 layers,  1/1 seqs), K (f16):   21.00 MiB, V (f16):   21.00 MiB
llama_kv_cache: attn_rot_k = 0, n_embd_head_k_all = 128
llama_kv_cache: attn_rot_v = 0, n_embd_head_k_all = 128
llama_context: enumerating backends
llama_context: backend_ptrs.size() = 2
sched_reserve: reserving ...
sched_reserve: max_nodes = 2712
sched_reserve: reserving full memory module
sched_reserve: worst-case: n_tokens = 512, n_seqs = 1, n_outputs = 1
graph_reserve: reserving a graph for ubatch with n_tokens =    1, n_seqs =  1, n_outputs =    1
sched_reserve: Flash Attention was auto, set to enabled
sched_reserve: resolving fused Gated Delta Net support:
graph_reserve: reserving a graph for ubatch with n_tokens =    1, n_seqs =  1, n_outputs =    1
sched_reserve: fused Gated Delta Net (autoregressive) enabled
graph_reserve: reserving a graph for ubatch with n_tokens =   16, n_seqs =  1, n_outputs =   16
sched_reserve: fused Gated Delta Net (chunked) enabled
graph_reserve: reserving a graph for ubatch with n_tokens =  512, n_seqs =  1, n_outputs =  512
graph_reserve: reserving a graph for ubatch with n_tokens =    1, n_seqs =  1, n_outputs =    1
graph_reserve: reserving a graph for ubatch with n_tokens =  512, n_seqs =  1, n_outputs =  512
sched_reserve:      CUDA0 compute buffer size =   304.00 MiB
sched_reserve:  CUDA_Host compute buffer size =    14.76 MiB
sched_reserve: graph nodes  = 958
sched_reserve: graph splits = 44 (with bs=512), 2 (with bs=1)
sched_reserve: reserve took 10.55 ms, sched copies = 1
CUDA Graph id 1503 reused
ggml_backend_cuda_graph_compute: CUDA graph warmup complete
CUDA Graph id 1503 reused
CUDA Graph id 1503 reused
CUDA Graph id 1503 reused
CUDA Graph id 1503 reused
CUDA Graph id 1503 reused
CUDA Graph id 1503 reused
CUDA Graph id 1503 reused
CUDA Graph id 1503 reused
CUDA Graph id 1503 reused
CUDA Graph id 1503 reused
CUDA Graph id 1503 reused
CUDA Graph id 1503 reused
CUDA Graph id 1503 reused
CUDA Graph id 1503 reused
CUDA Graph id 1503 reused
CUDA Graph id 1503 reused
CUDA Graph id 1503 reused
CUDA Graph id 1503 reused
CUDA Graph id 1503 reused
CUDA Graph id 1503 reused
~llama_context:      CUDA0 compute buffer size is 304.0000 MiB, matches expectation of 304.0000 MiB
~llama_context:  CUDA_Host compute buffer size is  14.7637 MiB, matches expectation of  14.7637 MiB
llama_context: constructing llama_context
llama_context: n_seq_max     = 1
llama_context: n_ctx         = 768
llama_context: n_ctx_seq     = 768
llama_context: n_batch       = 679
llama_context: n_ubatch      = 512
llama_context: causal_attn   = 1
llama_context: flash_attn    = auto
llama_context: kv_unified    = false
llama_context: freq_base     = 1000000.0
llama_context: freq_scale    = 1
llama_context: n_rs_seq      = 0
llama_context: n_outputs_max = 679
llama_context: n_ctx_seq (768) < n_ctx_train (32768) -- the full capacity of the model will not be utilized
set_abort_callback: call
llama_context:  CUDA_Host  output buffer size =     0.58 MiB
llama_kv_cache: layer   0: dev = CPU
llama_kv_cache: layer   1: dev = CPU
llama_kv_cache: layer   2: dev = CPU
llama_kv_cache: layer   3: dev = CUDA0
llama_kv_cache: layer   4: dev = CUDA0
llama_kv_cache: layer   5: dev = CUDA0
llama_kv_cache: layer   6: dev = CUDA0
llama_kv_cache: layer   7: dev = CUDA0
llama_kv_cache: layer   8: dev = CUDA0
llama_kv_cache: layer   9: dev = CUDA0
llama_kv_cache: layer  10: dev = CUDA0
llama_kv_cache: layer  11: dev = CUDA0
llama_kv_cache: layer  12: dev = CUDA0
llama_kv_cache: layer  13: dev = CUDA0
llama_kv_cache: layer  14: dev = CUDA0
llama_kv_cache: layer  15: dev = CUDA0
llama_kv_cache: layer  16: dev = CUDA0
llama_kv_cache: layer  17: dev = CUDA0
llama_kv_cache: layer  18: dev = CUDA0
llama_kv_cache: layer  19: dev = CUDA0
llama_kv_cache: layer  20: dev = CUDA0
llama_kv_cache: layer  21: dev = CUDA0
llama_kv_cache: layer  22: dev = CUDA0
llama_kv_cache: layer  23: dev = CUDA0
llama_kv_cache: layer  24: dev = CUDA0
llama_kv_cache: layer  25: dev = CUDA0
llama_kv_cache: layer  26: dev = CUDA0
llama_kv_cache: layer  27: dev = CUDA0
llama_kv_cache:        CPU KV buffer size =     4.50 MiB
llama_kv_cache:      CUDA0 KV buffer size =    37.50 MiB
llama_kv_cache: size =   42.00 MiB (   768 cells,  28 layers,  1/1 seqs), K (f16):   21.00 MiB, V (f16):   21.00 MiB
llama_kv_cache: attn_rot_k = 0, n_embd_head_k_all = 128
llama_kv_cache: attn_rot_v = 0, n_embd_head_k_all = 128
llama_context: enumerating backends
llama_context: backend_ptrs.size() = 2
sched_reserve: reserving ...
sched_reserve: max_nodes = 2712
sched_reserve: reserving full memory module
sched_reserve: worst-case: n_tokens = 512, n_seqs = 1, n_outputs = 1
graph_reserve: reserving a graph for ubatch with n_tokens =    1, n_seqs =  1, n_outputs =    1
sched_reserve: Flash Attention was auto, set to enabled
sched_reserve: resolving fused Gated Delta Net support:
graph_reserve: reserving a graph for ubatch with n_tokens =    1, n_seqs =  1, n_outputs =    1
sched_reserve: fused Gated Delta Net (autoregressive) enabled
graph_reserve: reserving a graph for ubatch with n_tokens =   16, n_seqs =  1, n_outputs =   16
sched_reserve: fused Gated Delta Net (chunked) enabled
graph_reserve: reserving a graph for ubatch with n_tokens =  512, n_seqs =  1, n_outputs =  512
graph_reserve: reserving a graph for ubatch with n_tokens =    1, n_seqs =  1, n_outputs =    1
graph_reserve: reserving a graph for ubatch with n_tokens =  512, n_seqs =  1, n_outputs =  512
sched_reserve:      CUDA0 compute buffer size =   304.00 MiB
sched_reserve:  CUDA_Host compute buffer size =    14.76 MiB
sched_reserve: graph nodes  = 958
sched_reserve: graph splits = 44 (with bs=512), 2 (with bs=1)
sched_reserve: reserve took 12.74 ms, sched copies = 1
CUDA Graph id 1653 reused
ggml_backend_cuda_graph_compute: CUDA graph warmup complete
CUDA Graph id 1653 reused
CUDA Graph id 1653 reused
CUDA Graph id 1653 reused
CUDA Graph id 1653 reused
CUDA Graph id 1653 reused
CUDA Graph id 1653 reused
CUDA Graph id 1653 reused
~llama_context:      CUDA0 compute buffer size is 304.0000 MiB, matches expectation of 304.0000 MiB
~llama_context:  CUDA_Host compute buffer size is  14.7637 MiB, matches expectation of  14.7637 MiB
llama_context: constructing llama_context
llama_context: n_seq_max     = 1
llama_context: n_ctx         = 768
llama_context: n_ctx_seq     = 768
llama_context: n_batch       = 679
llama_context: n_ubatch      = 512
llama_context: causal_attn   = 1
llama_context: flash_attn    = auto
llama_context: kv_unified    = false
llama_context: freq_base     = 1000000.0
llama_context: freq_scale    = 1
llama_context: n_rs_seq      = 0
llama_context: n_outputs_max = 679
llama_context: n_ctx_seq (768) < n_ctx_train (32768) -- the full capacity of the model will not be utilized
set_abort_callback: call
llama_context:  CUDA_Host  output buffer size =     0.58 MiB
llama_kv_cache: layer   0: dev = CPU
llama_kv_cache: layer   1: dev = CPU
llama_kv_cache: layer   2: dev = CPU
llama_kv_cache: layer   3: dev = CUDA0
llama_kv_cache: layer   4: dev = CUDA0
llama_kv_cache: layer   5: dev = CUDA0
llama_kv_cache: layer   6: dev = CUDA0
llama_kv_cache: layer   7: dev = CUDA0
llama_kv_cache: layer   8: dev = CUDA0
llama_kv_cache: layer   9: dev = CUDA0
llama_kv_cache: layer  10: dev = CUDA0
llama_kv_cache: layer  11: dev = CUDA0
llama_kv_cache: layer  12: dev = CUDA0
llama_kv_cache: layer  13: dev = CUDA0
llama_kv_cache: layer  14: dev = CUDA0
llama_kv_cache: layer  15: dev = CUDA0
llama_kv_cache: layer  16: dev = CUDA0
llama_kv_cache: layer  17: dev = CUDA0
llama_kv_cache: layer  18: dev = CUDA0
llama_kv_cache: layer  19: dev = CUDA0
llama_kv_cache: layer  20: dev = CUDA0
llama_kv_cache: layer  21: dev = CUDA0
llama_kv_cache: layer  22: dev = CUDA0
llama_kv_cache: layer  23: dev = CUDA0
llama_kv_cache: layer  24: dev = CUDA0
llama_kv_cache: layer  25: dev = CUDA0
llama_kv_cache: layer  26: dev = CUDA0
llama_kv_cache: layer  27: dev = CUDA0
llama_kv_cache:        CPU KV buffer size =     4.50 MiB
llama_kv_cache:      CUDA0 KV buffer size =    37.50 MiB
llama_kv_cache: size =   42.00 MiB (   768 cells,  28 layers,  1/1 seqs), K (f16):   21.00 MiB, V (f16):   21.00 MiB
llama_kv_cache: attn_rot_k = 0, n_embd_head_k_all = 128
llama_kv_cache: attn_rot_v = 0, n_embd_head_k_all = 128
llama_context: enumerating backends
llama_context: backend_ptrs.size() = 2
sched_reserve: reserving ...
sched_reserve: max_nodes = 2712
sched_reserve: reserving full memory module
sched_reserve: worst-case: n_tokens = 512, n_seqs = 1, n_outputs = 1
graph_reserve: reserving a graph for ubatch with n_tokens =    1, n_seqs =  1, n_outputs =    1
sched_reserve: Flash Attention was auto, set to enabled
sched_reserve: resolving fused Gated Delta Net support:
graph_reserve: reserving a graph for ubatch with n_tokens =    1, n_seqs =  1, n_outputs =    1
sched_reserve: fused Gated Delta Net (autoregressive) enabled
graph_reserve: reserving a graph for ubatch with n_tokens =   16, n_seqs =  1, n_outputs =   16
sched_reserve: fused Gated Delta Net (chunked) enabled
graph_reserve: reserving a graph for ubatch with n_tokens =  512, n_seqs =  1, n_outputs =  512
graph_reserve: reserving a graph for ubatch with n_tokens =    1, n_seqs =  1, n_outputs =    1
graph_reserve: reserving a graph for ubatch with n_tokens =  512, n_seqs =  1, n_outputs =  512
sched_reserve:      CUDA0 compute buffer size =   304.00 MiB
sched_reserve:  CUDA_Host compute buffer size =    14.76 MiB
sched_reserve: graph nodes  = 958
sched_reserve: graph splits = 44 (with bs=512), 2 (with bs=1)
sched_reserve: reserve took 12.01 ms, sched copies = 1
CUDA Graph id 1803 reused
ggml_backend_cuda_graph_compute: CUDA graph warmup complete
CUDA Graph id 1803 reused
CUDA Graph id 1803 reused
CUDA Graph id 1803 reused
CUDA Graph id 1803 reused
CUDA Graph id 1803 reused
CUDA Graph id 1803 reused
CUDA Graph id 1803 reused
CUDA Graph id 1803 reused
CUDA Graph id 1803 reused
CUDA Graph id 1803 reused
CUDA Graph id 1803 reused
CUDA Graph id 1803 reused
CUDA Graph id 1803 reused
CUDA Graph id 1803 reused
CUDA Graph id 1803 reused
CUDA Graph id 1803 reused
CUDA Graph id 1803 reused
CUDA Graph id 1803 reused
CUDA Graph id 1803 reused
CUDA Graph id 1803 reused
CUDA Graph id 1803 reused
CUDA Graph id 1803 reused
CUDA Graph id 1803 reused
CUDA Graph id 1803 reused
CUDA Graph id 1803 reused
CUDA Graph id 1803 reused
CUDA Graph id 1803 reused
CUDA Graph id 1803 reused
CUDA Graph id 1803 reused
CUDA Graph id 1803 reused
CUDA Graph id 1803 reused
CUDA Graph id 1803 reused
CUDA Graph id 1803 reused
CUDA Graph id 1803 reused
CUDA Graph id 1803 reused
CUDA Graph id 1803 reused
CUDA Graph id 1803 reused
CUDA Graph id 1803 reused
CUDA Graph id 1803 reused
CUDA Graph id 1803 reused
CUDA Graph id 1803 reused
CUDA Graph id 1803 reused
CUDA Graph id 1803 reused
CUDA Graph id 1803 reused
CUDA Graph id 1803 reused
CUDA Graph id 1803 reused
CUDA Graph id 1803 reused
CUDA Graph id 1803 reused
CUDA Graph id 1803 reused
CUDA Graph id 1803 reused
CUDA Graph id 1803 reused
CUDA Graph id 1803 reused
CUDA Graph id 1803 reused
CUDA Graph id 1803 reused
CUDA Graph id 1803 reused
CUDA Graph id 1803 reused
CUDA Graph id 1803 reused
CUDA Graph id 1803 reused
CUDA Graph id 1803 reused
CUDA Graph id 1803 reused
CUDA Graph id 1803 reused
CUDA Graph id 1803 reused
CUDA Graph id 1803 reused
CUDA Graph id 1803 reused
CUDA Graph id 1803 reused
CUDA Graph id 1803 reused
CUDA Graph id 1803 reused
CUDA Graph id 1803 reused
CUDA Graph id 1803 reused
CUDA Graph id 1803 reused
CUDA Graph id 1803 reused
CUDA Graph id 1803 reused
CUDA Graph id 1803 reused
CUDA Graph id 1803 reused
CUDA Graph id 1803 reused
CUDA Graph id 1803 reused
CUDA Graph id 1803 reused
CUDA Graph id 1803 reused
CUDA Graph id 1803 reused
CUDA Graph id 1803 reused
CUDA Graph id 1803 reused
CUDA Graph id 1803 reused
CUDA Graph id 1803 reused
CUDA Graph id 1803 reused
CUDA Graph id 1803 reused
CUDA Graph id 1803 reused
CUDA Graph id 1803 reused
CUDA Graph id 1803 reused
CUDA Graph id 1803 reused
CUDA Graph id 1803 reused
~llama_context:      CUDA0 compute buffer size is 304.0000 MiB, matches expectation of 304.0000 MiB
~llama_context:  CUDA_Host compute buffer size is  14.7637 MiB, matches expectation of  14.7637 MiB
schema 177/200 done
llama_context: constructing llama_context
llama_context: n_seq_max     = 1
llama_context: n_ctx         = 768
llama_context: n_ctx_seq     = 768
llama_context: n_batch       = 729
llama_context: n_ubatch      = 512
llama_context: causal_attn   = 1
llama_context: flash_attn    = auto
llama_context: kv_unified    = false
llama_context: freq_base     = 1000000.0
llama_context: freq_scale    = 1
llama_context: n_rs_seq      = 0
llama_context: n_outputs_max = 729
llama_context: n_ctx_seq (768) < n_ctx_train (32768) -- the full capacity of the model will not be utilized
set_abort_callback: call
llama_context:  CUDA_Host  output buffer size =     0.58 MiB
llama_kv_cache: layer   0: dev = CPU
llama_kv_cache: layer   1: dev = CPU
llama_kv_cache: layer   2: dev = CPU
llama_kv_cache: layer   3: dev = CUDA0
llama_kv_cache: layer   4: dev = CUDA0
llama_kv_cache: layer   5: dev = CUDA0
llama_kv_cache: layer   6: dev = CUDA0
llama_kv_cache: layer   7: dev = CUDA0
llama_kv_cache: layer   8: dev = CUDA0
llama_kv_cache: layer   9: dev = CUDA0
llama_kv_cache: layer  10: dev = CUDA0
llama_kv_cache: layer  11: dev = CUDA0
llama_kv_cache: layer  12: dev = CUDA0
llama_kv_cache: layer  13: dev = CUDA0
llama_kv_cache: layer  14: dev = CUDA0
llama_kv_cache: layer  15: dev = CUDA0
llama_kv_cache: layer  16: dev = CUDA0
llama_kv_cache: layer  17: dev = CUDA0
llama_kv_cache: layer  18: dev = CUDA0
llama_kv_cache: layer  19: dev = CUDA0
llama_kv_cache: layer  20: dev = CUDA0
llama_kv_cache: layer  21: dev = CUDA0
llama_kv_cache: layer  22: dev = CUDA0
llama_kv_cache: layer  23: dev = CUDA0
llama_kv_cache: layer  24: dev = CUDA0
llama_kv_cache: layer  25: dev = CUDA0
llama_kv_cache: layer  26: dev = CUDA0
llama_kv_cache: layer  27: dev = CUDA0
llama_kv_cache:        CPU KV buffer size =     4.50 MiB
llama_kv_cache:      CUDA0 KV buffer size =    37.50 MiB
llama_kv_cache: size =   42.00 MiB (   768 cells,  28 layers,  1/1 seqs), K (f16):   21.00 MiB, V (f16):   21.00 MiB
llama_kv_cache: attn_rot_k = 0, n_embd_head_k_all = 128
llama_kv_cache: attn_rot_v = 0, n_embd_head_k_all = 128
llama_context: enumerating backends
llama_context: backend_ptrs.size() = 2
sched_reserve: reserving ...
sched_reserve: max_nodes = 2712
sched_reserve: reserving full memory module
sched_reserve: worst-case: n_tokens = 512, n_seqs = 1, n_outputs = 1
graph_reserve: reserving a graph for ubatch with n_tokens =    1, n_seqs =  1, n_outputs =    1
sched_reserve: Flash Attention was auto, set to enabled
sched_reserve: resolving fused Gated Delta Net support:
graph_reserve: reserving a graph for ubatch with n_tokens =    1, n_seqs =  1, n_outputs =    1
sched_reserve: fused Gated Delta Net (autoregressive) enabled
graph_reserve: reserving a graph for ubatch with n_tokens =   16, n_seqs =  1, n_outputs =   16
sched_reserve: fused Gated Delta Net (chunked) enabled
graph_reserve: reserving a graph for ubatch with n_tokens =  512, n_seqs =  1, n_outputs =  512
graph_reserve: reserving a graph for ubatch with n_tokens =    1, n_seqs =  1, n_outputs =    1
graph_reserve: reserving a graph for ubatch with n_tokens =  512, n_seqs =  1, n_outputs =  512
sched_reserve:      CUDA0 compute buffer size =   304.00 MiB
sched_reserve:  CUDA_Host compute buffer size =    14.76 MiB
sched_reserve: graph nodes  = 958
sched_reserve: graph splits = 44 (with bs=512), 2 (with bs=1)
sched_reserve: reserve took 12.38 ms, sched copies = 1
CUDA Graph id 1953 reused
ggml_backend_cuda_graph_compute: CUDA graph warmup complete
CUDA Graph id 1953 reused
CUDA Graph id 1953 reused
CUDA Graph id 1953 reused
CUDA Graph id 1953 reused
CUDA Graph id 1953 reused
CUDA Graph id 1953 reused
CUDA Graph id 1953 reused
CUDA Graph id 1953 reused
CUDA Graph id 1953 reused
CUDA Graph id 1953 reused
CUDA Graph id 1953 reused
CUDA Graph id 1953 reused
CUDA Graph id 1953 reused
CUDA Graph id 1953 reused
CUDA Graph id 1953 reused
CUDA Graph id 1953 reused
CUDA Graph id 1953 reused
CUDA Graph id 1953 reused
CUDA Graph id 1953 reused
CUDA Graph id 1953 reused
CUDA Graph id 1953 reused
~llama_context:      CUDA0 compute buffer size is 304.0000 MiB, matches expectation of 304.0000 MiB
~llama_context:  CUDA_Host compute buffer size is  14.7637 MiB, matches expectation of  14.7637 MiB
llama_context: constructing llama_context
llama_context: n_seq_max     = 1
llama_context: n_ctx         = 768
llama_context: n_ctx_seq     = 768
llama_context: n_batch       = 729
llama_context: n_ubatch      = 512
llama_context: causal_attn   = 1
llama_context: flash_attn    = auto
llama_context: kv_unified    = false
llama_context: freq_base     = 1000000.0
llama_context: freq_scale    = 1
llama_context: n_rs_seq      = 0
llama_context: n_outputs_max = 729
llama_context: n_ctx_seq (768) < n_ctx_train (32768) -- the full capacity of the model will not be utilized
set_abort_callback: call
llama_context:  CUDA_Host  output buffer size =     0.58 MiB
llama_kv_cache: layer   0: dev = CPU
llama_kv_cache: layer   1: dev = CPU
llama_kv_cache: layer   2: dev = CPU
llama_kv_cache: layer   3: dev = CUDA0
llama_kv_cache: layer   4: dev = CUDA0
llama_kv_cache: layer   5: dev = CUDA0
llama_kv_cache: layer   6: dev = CUDA0
llama_kv_cache: layer   7: dev = CUDA0
llama_kv_cache: layer   8: dev = CUDA0
llama_kv_cache: layer   9: dev = CUDA0
llama_kv_cache: layer  10: dev = CUDA0
llama_kv_cache: layer  11: dev = CUDA0
llama_kv_cache: layer  12: dev = CUDA0
llama_kv_cache: layer  13: dev = CUDA0
llama_kv_cache: layer  14: dev = CUDA0
llama_kv_cache: layer  15: dev = CUDA0
llama_kv_cache: layer  16: dev = CUDA0
llama_kv_cache: layer  17: dev = CUDA0
llama_kv_cache: layer  18: dev = CUDA0
llama_kv_cache: layer  19: dev = CUDA0
llama_kv_cache: layer  20: dev = CUDA0
llama_kv_cache: layer  21: dev = CUDA0
llama_kv_cache: layer  22: dev = CUDA0
llama_kv_cache: layer  23: dev = CUDA0
llama_kv_cache: layer  24: dev = CUDA0
llama_kv_cache: layer  25: dev = CUDA0
llama_kv_cache: layer  26: dev = CUDA0
llama_kv_cache: layer  27: dev = CUDA0
llama_kv_cache:        CPU KV buffer size =     4.50 MiB
llama_kv_cache:      CUDA0 KV buffer size =    37.50 MiB
llama_kv_cache: size =   42.00 MiB (   768 cells,  28 layers,  1/1 seqs), K (f16):   21.00 MiB, V (f16):   21.00 MiB
llama_kv_cache: attn_rot_k = 0, n_embd_head_k_all = 128
llama_kv_cache: attn_rot_v = 0, n_embd_head_k_all = 128
llama_context: enumerating backends
llama_context: backend_ptrs.size() = 2
sched_reserve: reserving ...
sched_reserve: max_nodes = 2712
sched_reserve: reserving full memory module
sched_reserve: worst-case: n_tokens = 512, n_seqs = 1, n_outputs = 1
graph_reserve: reserving a graph for ubatch with n_tokens =    1, n_seqs =  1, n_outputs =    1
sched_reserve: Flash Attention was auto, set to enabled
sched_reserve: resolving fused Gated Delta Net support:
graph_reserve: reserving a graph for ubatch with n_tokens =    1, n_seqs =  1, n_outputs =    1
sched_reserve: fused Gated Delta Net (autoregressive) enabled
graph_reserve: reserving a graph for ubatch with n_tokens =   16, n_seqs =  1, n_outputs =   16
sched_reserve: fused Gated Delta Net (chunked) enabled
graph_reserve: reserving a graph for ubatch with n_tokens =  512, n_seqs =  1, n_outputs =  512
graph_reserve: reserving a graph for ubatch with n_tokens =    1, n_seqs =  1, n_outputs =    1
graph_reserve: reserving a graph for ubatch with n_tokens =  512, n_seqs =  1, n_outputs =  512
sched_reserve:      CUDA0 compute buffer size =   304.00 MiB
sched_reserve:  CUDA_Host compute buffer size =    14.76 MiB
sched_reserve: graph nodes  = 958
sched_reserve: graph splits = 44 (with bs=512), 2 (with bs=1)
sched_reserve: reserve took 16.87 ms, sched copies = 1
CUDA Graph id 2103 reused
ggml_backend_cuda_graph_compute: CUDA graph warmup complete
CUDA Graph id 2103 reused
CUDA Graph id 2103 reused
CUDA Graph id 2103 reused
CUDA Graph id 2103 reused
CUDA Graph id 2103 reused
CUDA Graph id 2103 reused
CUDA Graph id 2103 reused
CUDA Graph id 2103 reused
CUDA Graph id 2103 reused
CUDA Graph id 2103 reused
CUDA Graph id 2103 reused
CUDA Graph id 2103 reused
CUDA Graph id 2103 reused
CUDA Graph id 2103 reused
CUDA Graph id 2103 reused
CUDA Graph id 2103 reused
CUDA Graph id 2103 reused
CUDA Graph id 2103 reused
CUDA Graph id 2103 reused
CUDA Graph id 2103 reused
CUDA Graph id 2103 reused
~llama_context:      CUDA0 compute buffer size is 304.0000 MiB, matches expectation of 304.0000 MiB
~llama_context:  CUDA_Host compute buffer size is  14.7637 MiB, matches expectation of  14.7637 MiB
llama_context: constructing llama_context
llama_context: n_seq_max     = 1
llama_context: n_ctx         = 768
llama_context: n_ctx_seq     = 768
llama_context: n_batch       = 729
llama_context: n_ubatch      = 512
llama_context: causal_attn   = 1
llama_context: flash_attn    = auto
llama_context: kv_unified    = false
llama_context: freq_base     = 1000000.0
llama_context: freq_scale    = 1
llama_context: n_rs_seq      = 0
llama_context: n_outputs_max = 729
llama_context: n_ctx_seq (768) < n_ctx_train (32768) -- the full capacity of the model will not be utilized
set_abort_callback: call
llama_context:  CUDA_Host  output buffer size =     0.58 MiB
llama_kv_cache: layer   0: dev = CPU
llama_kv_cache: layer   1: dev = CPU
llama_kv_cache: layer   2: dev = CPU
llama_kv_cache: layer   3: dev = CUDA0
llama_kv_cache: layer   4: dev = CUDA0
llama_kv_cache: layer   5: dev = CUDA0
llama_kv_cache: layer   6: dev = CUDA0
llama_kv_cache: layer   7: dev = CUDA0
llama_kv_cache: layer   8: dev = CUDA0
llama_kv_cache: layer   9: dev = CUDA0
llama_kv_cache: layer  10: dev = CUDA0
llama_kv_cache: layer  11: dev = CUDA0
llama_kv_cache: layer  12: dev = CUDA0
llama_kv_cache: layer  13: dev = CUDA0
llama_kv_cache: layer  14: dev = CUDA0
llama_kv_cache: layer  15: dev = CUDA0
llama_kv_cache: layer  16: dev = CUDA0
llama_kv_cache: layer  17: dev = CUDA0
llama_kv_cache: layer  18: dev = CUDA0
llama_kv_cache: layer  19: dev = CUDA0
llama_kv_cache: layer  20: dev = CUDA0
llama_kv_cache: layer  21: dev = CUDA0
llama_kv_cache: layer  22: dev = CUDA0
llama_kv_cache: layer  23: dev = CUDA0
llama_kv_cache: layer  24: dev = CUDA0
llama_kv_cache: layer  25: dev = CUDA0
llama_kv_cache: layer  26: dev = CUDA0
llama_kv_cache: layer  27: dev = CUDA0
llama_kv_cache:        CPU KV buffer size =     4.50 MiB
llama_kv_cache:      CUDA0 KV buffer size =    37.50 MiB
llama_kv_cache: size =   42.00 MiB (   768 cells,  28 layers,  1/1 seqs), K (f16):   21.00 MiB, V (f16):   21.00 MiB
llama_kv_cache: attn_rot_k = 0, n_embd_head_k_all = 128
llama_kv_cache: attn_rot_v = 0, n_embd_head_k_all = 128
llama_context: enumerating backends
llama_context: backend_ptrs.size() = 2
sched_reserve: reserving ...
sched_reserve: max_nodes = 2712
sched_reserve: reserving full memory module
sched_reserve: worst-case: n_tokens = 512, n_seqs = 1, n_outputs = 1
graph_reserve: reserving a graph for ubatch with n_tokens =    1, n_seqs =  1, n_outputs =    1
sched_reserve: Flash Attention was auto, set to enabled
sched_reserve: resolving fused Gated Delta Net support:
graph_reserve: reserving a graph for ubatch with n_tokens =    1, n_seqs =  1, n_outputs =    1
sched_reserve: fused Gated Delta Net (autoregressive) enabled
graph_reserve: reserving a graph for ubatch with n_tokens =   16, n_seqs =  1, n_outputs =   16
sched_reserve: fused Gated Delta Net (chunked) enabled
graph_reserve: reserving a graph for ubatch with n_tokens =  512, n_seqs =  1, n_outputs =  512
graph_reserve: reserving a graph for ubatch with n_tokens =    1, n_seqs =  1, n_outputs =    1
graph_reserve: reserving a graph for ubatch with n_tokens =  512, n_seqs =  1, n_outputs =  512
sched_reserve:      CUDA0 compute buffer size =   304.00 MiB
sched_reserve:  CUDA_Host compute buffer size =    14.76 MiB
sched_reserve: graph nodes  = 958
sched_reserve: graph splits = 44 (with bs=512), 2 (with bs=1)
sched_reserve: reserve took 10.67 ms, sched copies = 1
CUDA Graph id 2253 reused
ggml_backend_cuda_graph_compute: CUDA graph warmup complete
CUDA Graph id 2253 reused
CUDA Graph id 2253 reused
CUDA Graph id 2253 reused
CUDA Graph id 2253 reused
CUDA Graph id 2253 reused
CUDA Graph id 2253 reused
CUDA Graph id 2253 reused
CUDA Graph id 2253 reused
CUDA Graph id 2253 reused
CUDA Graph id 2253 reused
CUDA Graph id 2253 reused
CUDA Graph id 2253 reused
CUDA Graph id 2253 reused
CUDA Graph id 2253 reused
CUDA Graph id 2253 reused
CUDA Graph id 2253 reused
CUDA Graph id 2253 reused
CUDA Graph id 2253 reused
CUDA Graph id 2253 reused
CUDA Graph id 2253 reused
~llama_context:      CUDA0 compute buffer size is 304.0000 MiB, matches expectation of 304.0000 MiB
~llama_context:  CUDA_Host compute buffer size is  14.7637 MiB, matches expectation of  14.7637 MiB
llama_context: constructing llama_context
llama_context: n_seq_max     = 1
llama_context: n_ctx         = 768
llama_context: n_ctx_seq     = 768
llama_context: n_batch       = 729
llama_context: n_ubatch      = 512
llama_context: causal_attn   = 1
llama_context: flash_attn    = auto
llama_context: kv_unified    = false
llama_context: freq_base     = 1000000.0
llama_context: freq_scale    = 1
llama_context: n_rs_seq      = 0
llama_context: n_outputs_max = 729
llama_context: n_ctx_seq (768) < n_ctx_train (32768) -- the full capacity of the model will not be utilized
set_abort_callback: call
llama_context:  CUDA_Host  output buffer size =     0.58 MiB
llama_kv_cache: layer   0: dev = CPU
llama_kv_cache: layer   1: dev = CPU
llama_kv_cache: layer   2: dev = CPU
llama_kv_cache: layer   3: dev = CUDA0
llama_kv_cache: layer   4: dev = CUDA0
llama_kv_cache: layer   5: dev = CUDA0
llama_kv_cache: layer   6: dev = CUDA0
llama_kv_cache: layer   7: dev = CUDA0
llama_kv_cache: layer   8: dev = CUDA0
llama_kv_cache: layer   9: dev = CUDA0
llama_kv_cache: layer  10: dev = CUDA0
llama_kv_cache: layer  11: dev = CUDA0
llama_kv_cache: layer  12: dev = CUDA0
llama_kv_cache: layer  13: dev = CUDA0
llama_kv_cache: layer  14: dev = CUDA0
llama_kv_cache: layer  15: dev = CUDA0
llama_kv_cache: layer  16: dev = CUDA0
llama_kv_cache: layer  17: dev = CUDA0
llama_kv_cache: layer  18: dev = CUDA0
llama_kv_cache: layer  19: dev = CUDA0
llama_kv_cache: layer  20: dev = CUDA0
llama_kv_cache: layer  21: dev = CUDA0
llama_kv_cache: layer  22: dev = CUDA0
llama_kv_cache: layer  23: dev = CUDA0
llama_kv_cache: layer  24: dev = CUDA0
llama_kv_cache: layer  25: dev = CUDA0
llama_kv_cache: layer  26: dev = CUDA0
llama_kv_cache: layer  27: dev = CUDA0
llama_kv_cache:        CPU KV buffer size =     4.50 MiB
llama_kv_cache:      CUDA0 KV buffer size =    37.50 MiB
llama_kv_cache: size =   42.00 MiB (   768 cells,  28 layers,  1/1 seqs), K (f16):   21.00 MiB, V (f16):   21.00 MiB
llama_kv_cache: attn_rot_k = 0, n_embd_head_k_all = 128
llama_kv_cache: attn_rot_v = 0, n_embd_head_k_all = 128
llama_context: enumerating backends
llama_context: backend_ptrs.size() = 2
sched_reserve: reserving ...
sched_reserve: max_nodes = 2712
sched_reserve: reserving full memory module
sched_reserve: worst-case: n_tokens = 512, n_seqs = 1, n_outputs = 1
graph_reserve: reserving a graph for ubatch with n_tokens =    1, n_seqs =  1, n_outputs =    1
sched_reserve: Flash Attention was auto, set to enabled
sched_reserve: resolving fused Gated Delta Net support:
graph_reserve: reserving a graph for ubatch with n_tokens =    1, n_seqs =  1, n_outputs =    1
sched_reserve: fused Gated Delta Net (autoregressive) enabled
graph_reserve: reserving a graph for ubatch with n_tokens =   16, n_seqs =  1, n_outputs =   16
sched_reserve: fused Gated Delta Net (chunked) enabled
graph_reserve: reserving a graph for ubatch with n_tokens =  512, n_seqs =  1, n_outputs =  512
graph_reserve: reserving a graph for ubatch with n_tokens =    1, n_seqs =  1, n_outputs =    1
graph_reserve: reserving a graph for ubatch with n_tokens =  512, n_seqs =  1, n_outputs =  512
sched_reserve:      CUDA0 compute buffer size =   304.00 MiB
sched_reserve:  CUDA_Host compute buffer size =    14.76 MiB
sched_reserve: graph nodes  = 958
sched_reserve: graph splits = 44 (with bs=512), 2 (with bs=1)
sched_reserve: reserve took 16.30 ms, sched copies = 1
CUDA Graph id 2403 reused
ggml_backend_cuda_graph_compute: CUDA graph warmup complete
CUDA Graph id 2403 reused
CUDA Graph id 2403 reused
CUDA Graph id 2403 reused
CUDA Graph id 2403 reused
CUDA Graph id 2403 reused
CUDA Graph id 2403 reused
CUDA Graph id 2403 reused
CUDA Graph id 2403 reused
CUDA Graph id 2403 reused
CUDA Graph id 2403 reused
CUDA Graph id 2403 reused
CUDA Graph id 2403 reused
CUDA Graph id 2403 reused
CUDA Graph id 2403 reused
CUDA Graph id 2403 reused
CUDA Graph id 2403 reused
CUDA Graph id 2403 reused
CUDA Graph id 2403 reused
CUDA Graph id 2403 reused
CUDA Graph id 2403 reused
~llama_context:      CUDA0 compute buffer size is 304.0000 MiB, matches expectation of 304.0000 MiB
~llama_context:  CUDA_Host compute buffer size is  14.7637 MiB, matches expectation of  14.7637 MiB
llama_context: constructing llama_context
llama_context: n_seq_max     = 1
llama_context: n_ctx         = 768
llama_context: n_ctx_seq     = 768
llama_context: n_batch       = 729
llama_context: n_ubatch      = 512
llama_context: causal_attn   = 1
llama_context: flash_attn    = auto
llama_context: kv_unified    = false
llama_context: freq_base     = 1000000.0
llama_context: freq_scale    = 1
llama_context: n_rs_seq      = 0
llama_context: n_outputs_max = 729
llama_context: n_ctx_seq (768) < n_ctx_train (32768) -- the full capacity of the model will not be utilized
set_abort_callback: call
llama_context:  CUDA_Host  output buffer size =     0.58 MiB
llama_kv_cache: layer   0: dev = CPU
llama_kv_cache: layer   1: dev = CPU
llama_kv_cache: layer   2: dev = CPU
llama_kv_cache: layer   3: dev = CUDA0
llama_kv_cache: layer   4: dev = CUDA0
llama_kv_cache: layer   5: dev = CUDA0
llama_kv_cache: layer   6: dev = CUDA0
llama_kv_cache: layer   7: dev = CUDA0
llama_kv_cache: layer   8: dev = CUDA0
llama_kv_cache: layer   9: dev = CUDA0
llama_kv_cache: layer  10: dev = CUDA0
llama_kv_cache: layer  11: dev = CUDA0
llama_kv_cache: layer  12: dev = CUDA0
llama_kv_cache: layer  13: dev = CUDA0
llama_kv_cache: layer  14: dev = CUDA0
llama_kv_cache: layer  15: dev = CUDA0
llama_kv_cache: layer  16: dev = CUDA0
llama_kv_cache: layer  17: dev = CUDA0
llama_kv_cache: layer  18: dev = CUDA0
llama_kv_cache: layer  19: dev = CUDA0
llama_kv_cache: layer  20: dev = CUDA0
llama_kv_cache: layer  21: dev = CUDA0
llama_kv_cache: layer  22: dev = CUDA0
llama_kv_cache: layer  23: dev = CUDA0
llama_kv_cache: layer  24: dev = CUDA0
llama_kv_cache: layer  25: dev = CUDA0
llama_kv_cache: layer  26: dev = CUDA0
llama_kv_cache: layer  27: dev = CUDA0
llama_kv_cache:        CPU KV buffer size =     4.50 MiB
llama_kv_cache:      CUDA0 KV buffer size =    37.50 MiB
llama_kv_cache: size =   42.00 MiB (   768 cells,  28 layers,  1/1 seqs), K (f16):   21.00 MiB, V (f16):   21.00 MiB
llama_kv_cache: attn_rot_k = 0, n_embd_head_k_all = 128
llama_kv_cache: attn_rot_v = 0, n_embd_head_k_all = 128
llama_context: enumerating backends
llama_context: backend_ptrs.size() = 2
sched_reserve: reserving ...
sched_reserve: max_nodes = 2712
sched_reserve: reserving full memory module
sched_reserve: worst-case: n_tokens = 512, n_seqs = 1, n_outputs = 1
graph_reserve: reserving a graph for ubatch with n_tokens =    1, n_seqs =  1, n_outputs =    1
sched_reserve: Flash Attention was auto, set to enabled
sched_reserve: resolving fused Gated Delta Net support:
graph_reserve: reserving a graph for ubatch with n_tokens =    1, n_seqs =  1, n_outputs =    1
sched_reserve: fused Gated Delta Net (autoregressive) enabled
graph_reserve: reserving a graph for ubatch with n_tokens =   16, n_seqs =  1, n_outputs =   16
sched_reserve: fused Gated Delta Net (chunked) enabled
graph_reserve: reserving a graph for ubatch with n_tokens =  512, n_seqs =  1, n_outputs =  512
graph_reserve: reserving a graph for ubatch with n_tokens =    1, n_seqs =  1, n_outputs =    1
graph_reserve: reserving a graph for ubatch with n_tokens =  512, n_seqs =  1, n_outputs =  512
sched_reserve:      CUDA0 compute buffer size =   304.00 MiB
sched_reserve:  CUDA_Host compute buffer size =    14.76 MiB
sched_reserve: graph nodes  = 958
sched_reserve: graph splits = 44 (with bs=512), 2 (with bs=1)
sched_reserve: reserve took 13.89 ms, sched copies = 1
CUDA Graph id 2553 reused
ggml_backend_cuda_graph_compute: CUDA graph warmup complete
CUDA Graph id 2553 reused
CUDA Graph id 2553 reused
CUDA Graph id 2553 reused
CUDA Graph id 2553 reused
CUDA Graph id 2553 reused
CUDA Graph id 2553 reused
CUDA Graph id 2553 reused
CUDA Graph id 2553 reused
CUDA Graph id 2553 reused
CUDA Graph id 2553 reused
CUDA Graph id 2553 reused
~llama_context:      CUDA0 compute buffer size is 304.0000 MiB, matches expectation of 304.0000 MiB
~llama_context:  CUDA_Host compute buffer size is  14.7637 MiB, matches expectation of  14.7637 MiB
llama_context: constructing llama_context
llama_context: n_seq_max     = 1
llama_context: n_ctx         = 768
llama_context: n_ctx_seq     = 768
llama_context: n_batch       = 729
llama_context: n_ubatch      = 512
llama_context: causal_attn   = 1
llama_context: flash_attn    = auto
llama_context: kv_unified    = false
llama_context: freq_base     = 1000000.0
llama_context: freq_scale    = 1
llama_context: n_rs_seq      = 0
llama_context: n_outputs_max = 729
llama_context: n_ctx_seq (768) < n_ctx_train (32768) -- the full capacity of the model will not be utilized
set_abort_callback: call
llama_context:  CUDA_Host  output buffer size =     0.58 MiB
llama_kv_cache: layer   0: dev = CPU
llama_kv_cache: layer   1: dev = CPU
llama_kv_cache: layer   2: dev = CPU
llama_kv_cache: layer   3: dev = CUDA0
llama_kv_cache: layer   4: dev = CUDA0
llama_kv_cache: layer   5: dev = CUDA0
llama_kv_cache: layer   6: dev = CUDA0
llama_kv_cache: layer   7: dev = CUDA0
llama_kv_cache: layer   8: dev = CUDA0
llama_kv_cache: layer   9: dev = CUDA0
llama_kv_cache: layer  10: dev = CUDA0
llama_kv_cache: layer  11: dev = CUDA0
llama_kv_cache: layer  12: dev = CUDA0
llama_kv_cache: layer  13: dev = CUDA0
llama_kv_cache: layer  14: dev = CUDA0
llama_kv_cache: layer  15: dev = CUDA0
llama_kv_cache: layer  16: dev = CUDA0
llama_kv_cache: layer  17: dev = CUDA0
llama_kv_cache: layer  18: dev = CUDA0
llama_kv_cache: layer  19: dev = CUDA0
llama_kv_cache: layer  20: dev = CUDA0
llama_kv_cache: layer  21: dev = CUDA0
llama_kv_cache: layer  22: dev = CUDA0
llama_kv_cache: layer  23: dev = CUDA0
llama_kv_cache: layer  24: dev = CUDA0
llama_kv_cache: layer  25: dev = CUDA0
llama_kv_cache: layer  26: dev = CUDA0
llama_kv_cache: layer  27: dev = CUDA0
llama_kv_cache:        CPU KV buffer size =     4.50 MiB
llama_kv_cache:      CUDA0 KV buffer size =    37.50 MiB
llama_kv_cache: size =   42.00 MiB (   768 cells,  28 layers,  1/1 seqs), K (f16):   21.00 MiB, V (f16):   21.00 MiB
llama_kv_cache: attn_rot_k = 0, n_embd_head_k_all = 128
llama_kv_cache: attn_rot_v = 0, n_embd_head_k_all = 128
llama_context: enumerating backends
llama_context: backend_ptrs.size() = 2
sched_reserve: reserving ...
sched_reserve: max_nodes = 2712
sched_reserve: reserving full memory module
sched_reserve: worst-case: n_tokens = 512, n_seqs = 1, n_outputs = 1
graph_reserve: reserving a graph for ubatch with n_tokens =    1, n_seqs =  1, n_outputs =    1
sched_reserve: Flash Attention was auto, set to enabled
sched_reserve: resolving fused Gated Delta Net support:
graph_reserve: reserving a graph for ubatch with n_tokens =    1, n_seqs =  1, n_outputs =    1
sched_reserve: fused Gated Delta Net (autoregressive) enabled
graph_reserve: reserving a graph for ubatch with n_tokens =   16, n_seqs =  1, n_outputs =   16
sched_reserve: fused Gated Delta Net (chunked) enabled
graph_reserve: reserving a graph for ubatch with n_tokens =  512, n_seqs =  1, n_outputs =  512
graph_reserve: reserving a graph for ubatch with n_tokens =    1, n_seqs =  1, n_outputs =    1
graph_reserve: reserving a graph for ubatch with n_tokens =  512, n_seqs =  1, n_outputs =  512
sched_reserve:      CUDA0 compute buffer size =   304.00 MiB
sched_reserve:  CUDA_Host compute buffer size =    14.76 MiB
sched_reserve: graph nodes  = 958
sched_reserve: graph splits = 44 (with bs=512), 2 (with bs=1)
sched_reserve: reserve took 14.18 ms, sched copies = 1
CUDA Graph id 2703 reused
ggml_backend_cuda_graph_compute: CUDA graph warmup complete
CUDA Graph id 2703 reused
CUDA Graph id 2703 reused
CUDA Graph id 2703 reused
CUDA Graph id 2703 reused
CUDA Graph id 2703 reused
CUDA Graph id 2703 reused
CUDA Graph id 2703 reused
CUDA Graph id 2703 reused
CUDA Graph id 2703 reused
CUDA Graph id 2703 reused
CUDA Graph id 2703 reused
CUDA Graph id 2703 reused
CUDA Graph id 2703 reused
CUDA Graph id 2703 reused
CUDA Graph id 2703 reused
CUDA Graph id 2703 reused
CUDA Graph id 2703 reused
CUDA Graph id 2703 reused
CUDA Graph id 2703 reused
CUDA Graph id 2703 reused
CUDA Graph id 2703 reused
CUDA Graph id 2703 reused
CUDA Graph id 2703 reused
CUDA Graph id 2703 reused
CUDA Graph id 2703 reused
~llama_context:      CUDA0 compute buffer size is 304.0000 MiB, matches expectation of 304.0000 MiB
~llama_context:  CUDA_Host compute buffer size is  14.7637 MiB, matches expectation of  14.7637 MiB
schema 178/200 done
llama_context: constructing llama_context
llama_context: n_seq_max     = 1
llama_context: n_ctx         = 768
llama_context: n_ctx_seq     = 768
llama_context: n_batch       = 663
llama_context: n_ubatch      = 512
llama_context: causal_attn   = 1
llama_context: flash_attn    = auto
llama_context: kv_unified    = false
llama_context: freq_base     = 1000000.0
llama_context: freq_scale    = 1
llama_context: n_rs_seq      = 0
llama_context: n_outputs_max = 663
llama_context: n_ctx_seq (768) < n_ctx_train (32768) -- the full capacity of the model will not be utilized
set_abort_callback: call
llama_context:  CUDA_Host  output buffer size =     0.58 MiB
llama_kv_cache: layer   0: dev = CPU
llama_kv_cache: layer   1: dev = CPU
llama_kv_cache: layer   2: dev = CPU
llama_kv_cache: layer   3: dev = CUDA0
llama_kv_cache: layer   4: dev = CUDA0
llama_kv_cache: layer   5: dev = CUDA0
llama_kv_cache: layer   6: dev = CUDA0
llama_kv_cache: layer   7: dev = CUDA0
llama_kv_cache: layer   8: dev = CUDA0
llama_kv_cache: layer   9: dev = CUDA0
llama_kv_cache: layer  10: dev = CUDA0
llama_kv_cache: layer  11: dev = CUDA0
llama_kv_cache: layer  12: dev = CUDA0
llama_kv_cache: layer  13: dev = CUDA0
llama_kv_cache: layer  14: dev = CUDA0
llama_kv_cache: layer  15: dev = CUDA0
llama_kv_cache: layer  16: dev = CUDA0
llama_kv_cache: layer  17: dev = CUDA0
llama_kv_cache: layer  18: dev = CUDA0
llama_kv_cache: layer  19: dev = CUDA0
llama_kv_cache: layer  20: dev = CUDA0
llama_kv_cache: layer  21: dev = CUDA0
llama_kv_cache: layer  22: dev = CUDA0
llama_kv_cache: layer  23: dev = CUDA0
llama_kv_cache: layer  24: dev = CUDA0
llama_kv_cache: layer  25: dev = CUDA0
llama_kv_cache: layer  26: dev = CUDA0
llama_kv_cache: layer  27: dev = CUDA0
llama_kv_cache:        CPU KV buffer size =     4.50 MiB
llama_kv_cache:      CUDA0 KV buffer size =    37.50 MiB
llama_kv_cache: size =   42.00 MiB (   768 cells,  28 layers,  1/1 seqs), K (f16):   21.00 MiB, V (f16):   21.00 MiB
llama_kv_cache: attn_rot_k = 0, n_embd_head_k_all = 128
llama_kv_cache: attn_rot_v = 0, n_embd_head_k_all = 128
llama_context: enumerating backends
llama_context: backend_ptrs.size() = 2
sched_reserve: reserving ...
sched_reserve: max_nodes = 2712
sched_reserve: reserving full memory module
sched_reserve: worst-case: n_tokens = 512, n_seqs = 1, n_outputs = 1
graph_reserve: reserving a graph for ubatch with n_tokens =    1, n_seqs =  1, n_outputs =    1
sched_reserve: Flash Attention was auto, set to enabled
sched_reserve: resolving fused Gated Delta Net support:
graph_reserve: reserving a graph for ubatch with n_tokens =    1, n_seqs =  1, n_outputs =    1
sched_reserve: fused Gated Delta Net (autoregressive) enabled
graph_reserve: reserving a graph for ubatch with n_tokens =   16, n_seqs =  1, n_outputs =   16
sched_reserve: fused Gated Delta Net (chunked) enabled
graph_reserve: reserving a graph for ubatch with n_tokens =  512, n_seqs =  1, n_outputs =  512
graph_reserve: reserving a graph for ubatch with n_tokens =    1, n_seqs =  1, n_outputs =    1
graph_reserve: reserving a graph for ubatch with n_tokens =  512, n_seqs =  1, n_outputs =  512
sched_reserve:      CUDA0 compute buffer size =   304.00 MiB
sched_reserve:  CUDA_Host compute buffer size =    14.76 MiB
sched_reserve: graph nodes  = 958
sched_reserve: graph splits = 44 (with bs=512), 2 (with bs=1)
sched_reserve: reserve took 19.54 ms, sched copies = 1
CUDA Graph id 2853 reused
ggml_backend_cuda_graph_compute: CUDA graph warmup complete
CUDA Graph id 2853 reused
CUDA Graph id 2853 reused
CUDA Graph id 2853 reused
CUDA Graph id 2853 reused
CUDA Graph id 2853 reused
CUDA Graph id 2853 reused
CUDA Graph id 2853 reused
CUDA Graph id 2853 reused
CUDA Graph id 2853 reused
CUDA Graph id 2853 reused
CUDA Graph id 2853 reused
CUDA Graph id 2853 reused
CUDA Graph id 2853 reused
CUDA Graph id 2853 reused
CUDA Graph id 2853 reused
CUDA Graph id 2853 reused
CUDA Graph id 2853 reused
CUDA Graph id 2853 reused
CUDA Graph id 2853 reused
CUDA Graph id 2853 reused
CUDA Graph id 2853 reused
CUDA Graph id 2853 reused
~llama_context:      CUDA0 compute buffer size is 304.0000 MiB, matches expectation of 304.0000 MiB
~llama_context:  CUDA_Host compute buffer size is  14.7637 MiB, matches expectation of  14.7637 MiB
llama_context: constructing llama_context
llama_context: n_seq_max     = 1
llama_context: n_ctx         = 768
llama_context: n_ctx_seq     = 768
llama_context: n_batch       = 663
llama_context: n_ubatch      = 512
llama_context: causal_attn   = 1
llama_context: flash_attn    = auto
llama_context: kv_unified    = false
llama_context: freq_base     = 1000000.0
llama_context: freq_scale    = 1
llama_context: n_rs_seq      = 0
llama_context: n_outputs_max = 663
llama_context: n_ctx_seq (768) < n_ctx_train (32768) -- the full capacity of the model will not be utilized
set_abort_callback: call
llama_context:  CUDA_Host  output buffer size =     0.58 MiB
llama_kv_cache: layer   0: dev = CPU
llama_kv_cache: layer   1: dev = CPU
llama_kv_cache: layer   2: dev = CPU
llama_kv_cache: layer   3: dev = CUDA0
llama_kv_cache: layer   4: dev = CUDA0
llama_kv_cache: layer   5: dev = CUDA0
llama_kv_cache: layer   6: dev = CUDA0
llama_kv_cache: layer   7: dev = CUDA0
llama_kv_cache: layer   8: dev = CUDA0
llama_kv_cache: layer   9: dev = CUDA0
llama_kv_cache: layer  10: dev = CUDA0
llama_kv_cache: layer  11: dev = CUDA0
llama_kv_cache: layer  12: dev = CUDA0
llama_kv_cache: layer  13: dev = CUDA0
llama_kv_cache: layer  14: dev = CUDA0
llama_kv_cache: layer  15: dev = CUDA0
llama_kv_cache: layer  16: dev = CUDA0
llama_kv_cache: layer  17: dev = CUDA0
llama_kv_cache: layer  18: dev = CUDA0
llama_kv_cache: layer  19: dev = CUDA0
llama_kv_cache: layer  20: dev = CUDA0
llama_kv_cache: layer  21: dev = CUDA0
llama_kv_cache: layer  22: dev = CUDA0
llama_kv_cache: layer  23: dev = CUDA0
llama_kv_cache: layer  24: dev = CUDA0
llama_kv_cache: layer  25: dev = CUDA0
llama_kv_cache: layer  26: dev = CUDA0
llama_kv_cache: layer  27: dev = CUDA0
llama_kv_cache:        CPU KV buffer size =     4.50 MiB
llama_kv_cache:      CUDA0 KV buffer size =    37.50 MiB
llama_kv_cache: size =   42.00 MiB (   768 cells,  28 layers,  1/1 seqs), K (f16):   21.00 MiB, V (f16):   21.00 MiB
llama_kv_cache: attn_rot_k = 0, n_embd_head_k_all = 128
llama_kv_cache: attn_rot_v = 0, n_embd_head_k_all = 128
llama_context: enumerating backends
llama_context: backend_ptrs.size() = 2
sched_reserve: reserving ...
sched_reserve: max_nodes = 2712
sched_reserve: reserving full memory module
sched_reserve: worst-case: n_tokens = 512, n_seqs = 1, n_outputs = 1
graph_reserve: reserving a graph for ubatch with n_tokens =    1, n_seqs =  1, n_outputs =    1
sched_reserve: Flash Attention was auto, set to enabled
sched_reserve: resolving fused Gated Delta Net support:
graph_reserve: reserving a graph for ubatch with n_tokens =    1, n_seqs =  1, n_outputs =    1
sched_reserve: fused Gated Delta Net (autoregressive) enabled
graph_reserve: reserving a graph for ubatch with n_tokens =   16, n_seqs =  1, n_outputs =   16
sched_reserve: fused Gated Delta Net (chunked) enabled
graph_reserve: reserving a graph for ubatch with n_tokens =  512, n_seqs =  1, n_outputs =  512
graph_reserve: reserving a graph for ubatch with n_tokens =    1, n_seqs =  1, n_outputs =    1
graph_reserve: reserving a graph for ubatch with n_tokens =  512, n_seqs =  1, n_outputs =  512
sched_reserve:      CUDA0 compute buffer size =   304.00 MiB
sched_reserve:  CUDA_Host compute buffer size =    14.76 MiB
sched_reserve: graph nodes  = 958
sched_reserve: graph splits = 44 (with bs=512), 2 (with bs=1)
sched_reserve: reserve took 13.36 ms, sched copies = 1
CUDA Graph id 3003 reused
ggml_backend_cuda_graph_compute: CUDA graph warmup complete
CUDA Graph id 3003 reused
CUDA Graph id 3003 reused
CUDA Graph id 3003 reused
CUDA Graph id 3003 reused
CUDA Graph id 3003 reused
CUDA Graph id 3003 reused
CUDA Graph id 3003 reused
CUDA Graph id 3003 reused
CUDA Graph id 3003 reused
CUDA Graph id 3003 reused
CUDA Graph id 3003 reused
CUDA Graph id 3003 reused
CUDA Graph id 3003 reused
CUDA Graph id 3003 reused
CUDA Graph id 3003 reused
CUDA Graph id 3003 reused
CUDA Graph id 3003 reused
CUDA Graph id 3003 reused
CUDA Graph id 3003 reused
CUDA Graph id 3003 reused
CUDA Graph id 3003 reused
CUDA Graph id 3003 reused
~llama_context:      CUDA0 compute buffer size is 304.0000 MiB, matches expectation of 304.0000 MiB
~llama_context:  CUDA_Host compute buffer size is  14.7637 MiB, matches expectation of  14.7637 MiB
llama_context: constructing llama_context
llama_context: n_seq_max     = 1
llama_context: n_ctx         = 768
llama_context: n_ctx_seq     = 768
llama_context: n_batch       = 663
llama_context: n_ubatch      = 512
llama_context: causal_attn   = 1
llama_context: flash_attn    = auto
llama_context: kv_unified    = false
llama_context: freq_base     = 1000000.0
llama_context: freq_scale    = 1
llama_context: n_rs_seq      = 0
llama_context: n_outputs_max = 663
llama_context: n_ctx_seq (768) < n_ctx_train (32768) -- the full capacity of the model will not be utilized
set_abort_callback: call
llama_context:  CUDA_Host  output buffer size =     0.58 MiB
llama_kv_cache: layer   0: dev = CPU
llama_kv_cache: layer   1: dev = CPU
llama_kv_cache: layer   2: dev = CPU
llama_kv_cache: layer   3: dev = CUDA0
llama_kv_cache: layer   4: dev = CUDA0
llama_kv_cache: layer   5: dev = CUDA0
llama_kv_cache: layer   6: dev = CUDA0
llama_kv_cache: layer   7: dev = CUDA0
llama_kv_cache: layer   8: dev = CUDA0
llama_kv_cache: layer   9: dev = CUDA0
llama_kv_cache: layer  10: dev = CUDA0
llama_kv_cache: layer  11: dev = CUDA0
llama_kv_cache: layer  12: dev = CUDA0
llama_kv_cache: layer  13: dev = CUDA0
llama_kv_cache: layer  14: dev = CUDA0
llama_kv_cache: layer  15: dev = CUDA0
llama_kv_cache: layer  16: dev = CUDA0
llama_kv_cache: layer  17: dev = CUDA0
llama_kv_cache: layer  18: dev = CUDA0
llama_kv_cache: layer  19: dev = CUDA0
llama_kv_cache: layer  20: dev = CUDA0
llama_kv_cache: layer  21: dev = CUDA0
llama_kv_cache: layer  22: dev = CUDA0
llama_kv_cache: layer  23: dev = CUDA0
llama_kv_cache: layer  24: dev = CUDA0
llama_kv_cache: layer  25: dev = CUDA0
llama_kv_cache: layer  26: dev = CUDA0
llama_kv_cache: layer  27: dev = CUDA0
llama_kv_cache:        CPU KV buffer size =     4.50 MiB
llama_kv_cache:      CUDA0 KV buffer size =    37.50 MiB
llama_kv_cache: size =   42.00 MiB (   768 cells,  28 layers,  1/1 seqs), K (f16):   21.00 MiB, V (f16):   21.00 MiB
llama_kv_cache: attn_rot_k = 0, n_embd_head_k_all = 128
llama_kv_cache: attn_rot_v = 0, n_embd_head_k_all = 128
llama_context: enumerating backends
llama_context: backend_ptrs.size() = 2
sched_reserve: reserving ...
sched_reserve: max_nodes = 2712
sched_reserve: reserving full memory module
sched_reserve: worst-case: n_tokens = 512, n_seqs = 1, n_outputs = 1
graph_reserve: reserving a graph for ubatch with n_tokens =    1, n_seqs =  1, n_outputs =    1
sched_reserve: Flash Attention was auto, set to enabled
sched_reserve: resolving fused Gated Delta Net support:
graph_reserve: reserving a graph for ubatch with n_tokens =    1, n_seqs =  1, n_outputs =    1
sched_reserve: fused Gated Delta Net (autoregressive) enabled
graph_reserve: reserving a graph for ubatch with n_tokens =   16, n_seqs =  1, n_outputs =   16
sched_reserve: fused Gated Delta Net (chunked) enabled
graph_reserve: reserving a graph for ubatch with n_tokens =  512, n_seqs =  1, n_outputs =  512
graph_reserve: reserving a graph for ubatch with n_tokens =    1, n_seqs =  1, n_outputs =    1
graph_reserve: reserving a graph for ubatch with n_tokens =  512, n_seqs =  1, n_outputs =  512
sched_reserve:      CUDA0 compute buffer size =   304.00 MiB
sched_reserve:  CUDA_Host compute buffer size =    14.76 MiB
sched_reserve: graph nodes  = 958
sched_reserve: graph splits = 44 (with bs=512), 2 (with bs=1)
sched_reserve: reserve took 16.98 ms, sched copies = 1
CUDA Graph id 3153 reused
ggml_backend_cuda_graph_compute: CUDA graph warmup complete
CUDA Graph id 3153 reused
CUDA Graph id 3153 reused
CUDA Graph id 3153 reused
CUDA Graph id 3153 reused
CUDA Graph id 3153 reused
CUDA Graph id 3153 reused
CUDA Graph id 3153 reused
CUDA Graph id 3153 reused
CUDA Graph id 3153 reused
CUDA Graph id 3153 reused
CUDA Graph id 3153 reused
CUDA Graph id 3153 reused
CUDA Graph id 3153 reused
CUDA Graph id 3153 reused
CUDA Graph id 3153 reused
CUDA Graph id 3153 reused
CUDA Graph id 3153 reused
CUDA Graph id 3153 reused
CUDA Graph id 3153 reused
CUDA Graph id 3153 reused
CUDA Graph id 3153 reused
CUDA Graph id 3153 reused
CUDA Graph id 3153 reused
CUDA Graph id 3153 reused
~llama_context:      CUDA0 compute buffer size is 304.0000 MiB, matches expectation of 304.0000 MiB
~llama_context:  CUDA_Host compute buffer size is  14.7637 MiB, matches expectation of  14.7637 MiB
llama_context: constructing llama_context
llama_context: n_seq_max     = 1
llama_context: n_ctx         = 768
llama_context: n_ctx_seq     = 768
llama_context: n_batch       = 663
llama_context: n_ubatch      = 512
llama_context: causal_attn   = 1
llama_context: flash_attn    = auto
llama_context: kv_unified    = false
llama_context: freq_base     = 1000000.0
llama_context: freq_scale    = 1
llama_context: n_rs_seq      = 0
llama_context: n_outputs_max = 663
llama_context: n_ctx_seq (768) < n_ctx_train (32768) -- the full capacity of the model will not be utilized
set_abort_callback: call
llama_context:  CUDA_Host  output buffer size =     0.58 MiB
llama_kv_cache: layer   0: dev = CPU
llama_kv_cache: layer   1: dev = CPU
llama_kv_cache: layer   2: dev = CPU
llama_kv_cache: layer   3: dev = CUDA0
llama_kv_cache: layer   4: dev = CUDA0
llama_kv_cache: layer   5: dev = CUDA0
llama_kv_cache: layer   6: dev = CUDA0
llama_kv_cache: layer   7: dev = CUDA0
llama_kv_cache: layer   8: dev = CUDA0
llama_kv_cache: layer   9: dev = CUDA0
llama_kv_cache: layer  10: dev = CUDA0
llama_kv_cache: layer  11: dev = CUDA0
llama_kv_cache: layer  12: dev = CUDA0
llama_kv_cache: layer  13: dev = CUDA0
llama_kv_cache: layer  14: dev = CUDA0
llama_kv_cache: layer  15: dev = CUDA0
llama_kv_cache: layer  16: dev = CUDA0
llama_kv_cache: layer  17: dev = CUDA0
llama_kv_cache: layer  18: dev = CUDA0
llama_kv_cache: layer  19: dev = CUDA0
llama_kv_cache: layer  20: dev = CUDA0
llama_kv_cache: layer  21: dev = CUDA0
llama_kv_cache: layer  22: dev = CUDA0
llama_kv_cache: layer  23: dev = CUDA0
llama_kv_cache: layer  24: dev = CUDA0
llama_kv_cache: layer  25: dev = CUDA0
llama_kv_cache: layer  26: dev = CUDA0
llama_kv_cache: layer  27: dev = CUDA0
llama_kv_cache:        CPU KV buffer size =     4.50 MiB
llama_kv_cache:      CUDA0 KV buffer size =    37.50 MiB
llama_kv_cache: size =   42.00 MiB (   768 cells,  28 layers,  1/1 seqs), K (f16):   21.00 MiB, V (f16):   21.00 MiB
llama_kv_cache: attn_rot_k = 0, n_embd_head_k_all = 128
llama_kv_cache: attn_rot_v = 0, n_embd_head_k_all = 128
llama_context: enumerating backends
llama_context: backend_ptrs.size() = 2
sched_reserve: reserving ...
sched_reserve: max_nodes = 2712
sched_reserve: reserving full memory module
sched_reserve: worst-case: n_tokens = 512, n_seqs = 1, n_outputs = 1
graph_reserve: reserving a graph for ubatch with n_tokens =    1, n_seqs =  1, n_outputs =    1
sched_reserve: Flash Attention was auto, set to enabled
sched_reserve: resolving fused Gated Delta Net support:
graph_reserve: reserving a graph for ubatch with n_tokens =    1, n_seqs =  1, n_outputs =    1
sched_reserve: fused Gated Delta Net (autoregressive) enabled
graph_reserve: reserving a graph for ubatch with n_tokens =   16, n_seqs =  1, n_outputs =   16
sched_reserve: fused Gated Delta Net (chunked) enabled
graph_reserve: reserving a graph for ubatch with n_tokens =  512, n_seqs =  1, n_outputs =  512
graph_reserve: reserving a graph for ubatch with n_tokens =    1, n_seqs =  1, n_outputs =    1
graph_reserve: reserving a graph for ubatch with n_tokens =  512, n_seqs =  1, n_outputs =  512
sched_reserve:      CUDA0 compute buffer size =   304.00 MiB
sched_reserve:  CUDA_Host compute buffer size =    14.76 MiB
sched_reserve: graph nodes  = 958
sched_reserve: graph splits = 44 (with bs=512), 2 (with bs=1)
sched_reserve: reserve took 14.14 ms, sched copies = 1
CUDA Graph id 3303 reused
ggml_backend_cuda_graph_compute: CUDA graph warmup complete
CUDA Graph id 3303 reused
CUDA Graph id 3303 reused
CUDA Graph id 3303 reused
CUDA Graph id 3303 reused
CUDA Graph id 3303 reused
CUDA Graph id 3303 reused
CUDA Graph id 3303 reused
CUDA Graph id 3303 reused
CUDA Graph id 3303 reused
CUDA Graph id 3303 reused
CUDA Graph id 3303 reused
CUDA Graph id 3303 reused
CUDA Graph id 3303 reused
CUDA Graph id 3303 reused
CUDA Graph id 3303 reused
CUDA Graph id 3303 reused
CUDA Graph id 3303 reused
CUDA Graph id 3303 reused
CUDA Graph id 3303 reused
CUDA Graph id 3303 reused
CUDA Graph id 3303 reused
CUDA Graph id 3303 reused
CUDA Graph id 3303 reused
CUDA Graph id 3303 reused
~llama_context:      CUDA0 compute buffer size is 304.0000 MiB, matches expectation of 304.0000 MiB
~llama_context:  CUDA_Host compute buffer size is  14.7637 MiB, matches expectation of  14.7637 MiB
llama_context: constructing llama_context
llama_context: n_seq_max     = 1
llama_context: n_ctx         = 768
llama_context: n_ctx_seq     = 768
llama_context: n_batch       = 663
llama_context: n_ubatch      = 512
llama_context: causal_attn   = 1
llama_context: flash_attn    = auto
llama_context: kv_unified    = false
llama_context: freq_base     = 1000000.0
llama_context: freq_scale    = 1
llama_context: n_rs_seq      = 0
llama_context: n_outputs_max = 663
llama_context: n_ctx_seq (768) < n_ctx_train (32768) -- the full capacity of the model will not be utilized
set_abort_callback: call
llama_context:  CUDA_Host  output buffer size =     0.58 MiB
llama_kv_cache: layer   0: dev = CPU
llama_kv_cache: layer   1: dev = CPU
llama_kv_cache: layer   2: dev = CPU
llama_kv_cache: layer   3: dev = CUDA0
llama_kv_cache: layer   4: dev = CUDA0
llama_kv_cache: layer   5: dev = CUDA0
llama_kv_cache: layer   6: dev = CUDA0
llama_kv_cache: layer   7: dev = CUDA0
llama_kv_cache: layer   8: dev = CUDA0
llama_kv_cache: layer   9: dev = CUDA0
llama_kv_cache: layer  10: dev = CUDA0
llama_kv_cache: layer  11: dev = CUDA0
llama_kv_cache: layer  12: dev = CUDA0
llama_kv_cache: layer  13: dev = CUDA0
llama_kv_cache: layer  14: dev = CUDA0
llama_kv_cache: layer  15: dev = CUDA0
llama_kv_cache: layer  16: dev = CUDA0
llama_kv_cache: layer  17: dev = CUDA0
llama_kv_cache: layer  18: dev = CUDA0
llama_kv_cache: layer  19: dev = CUDA0
llama_kv_cache: layer  20: dev = CUDA0
llama_kv_cache: layer  21: dev = CUDA0
llama_kv_cache: layer  22: dev = CUDA0
llama_kv_cache: layer  23: dev = CUDA0
llama_kv_cache: layer  24: dev = CUDA0
llama_kv_cache: layer  25: dev = CUDA0
llama_kv_cache: layer  26: dev = CUDA0
llama_kv_cache: layer  27: dev = CUDA0
llama_kv_cache:        CPU KV buffer size =     4.50 MiB
llama_kv_cache:      CUDA0 KV buffer size =    37.50 MiB
llama_kv_cache: size =   42.00 MiB (   768 cells,  28 layers,  1/1 seqs), K (f16):   21.00 MiB, V (f16):   21.00 MiB
llama_kv_cache: attn_rot_k = 0, n_embd_head_k_all = 128
llama_kv_cache: attn_rot_v = 0, n_embd_head_k_all = 128
llama_context: enumerating backends
llama_context: backend_ptrs.size() = 2
sched_reserve: reserving ...
sched_reserve: max_nodes = 2712
sched_reserve: reserving full memory module
sched_reserve: worst-case: n_tokens = 512, n_seqs = 1, n_outputs = 1
graph_reserve: reserving a graph for ubatch with n_tokens =    1, n_seqs =  1, n_outputs =    1
sched_reserve: Flash Attention was auto, set to enabled
sched_reserve: resolving fused Gated Delta Net support:
graph_reserve: reserving a graph for ubatch with n_tokens =    1, n_seqs =  1, n_outputs =    1
sched_reserve: fused Gated Delta Net (autoregressive) enabled
graph_reserve: reserving a graph for ubatch with n_tokens =   16, n_seqs =  1, n_outputs =   16
sched_reserve: fused Gated Delta Net (chunked) enabled
graph_reserve: reserving a graph for ubatch with n_tokens =  512, n_seqs =  1, n_outputs =  512
graph_reserve: reserving a graph for ubatch with n_tokens =    1, n_seqs =  1, n_outputs =    1
graph_reserve: reserving a graph for ubatch with n_tokens =  512, n_seqs =  1, n_outputs =  512
sched_reserve:      CUDA0 compute buffer size =   304.00 MiB
sched_reserve:  CUDA_Host compute buffer size =    14.76 MiB
sched_reserve: graph nodes  = 958
sched_reserve: graph splits = 44 (with bs=512), 2 (with bs=1)
sched_reserve: reserve took 18.92 ms, sched copies = 1
CUDA Graph id 3453 reused
ggml_backend_cuda_graph_compute: CUDA graph warmup complete
CUDA Graph id 3453 reused
CUDA Graph id 3453 reused
CUDA Graph id 3453 reused
CUDA Graph id 3453 reused
CUDA Graph id 3453 reused
CUDA Graph id 3453 reused
CUDA Graph id 3453 reused
CUDA Graph id 3453 reused
CUDA Graph id 3453 reused
CUDA Graph id 3453 reused
~llama_context:      CUDA0 compute buffer size is 304.0000 MiB, matches expectation of 304.0000 MiB
~llama_context:  CUDA_Host compute buffer size is  14.7637 MiB, matches expectation of  14.7637 MiB
llama_context: constructing llama_context
llama_context: n_seq_max     = 1
llama_context: n_ctx         = 768
llama_context: n_ctx_seq     = 768
llama_context: n_batch       = 663
llama_context: n_ubatch      = 512
llama_context: causal_attn   = 1
llama_context: flash_attn    = auto
llama_context: kv_unified    = false
llama_context: freq_base     = 1000000.0
llama_context: freq_scale    = 1
llama_context: n_rs_seq      = 0
llama_context: n_outputs_max = 663
llama_context: n_ctx_seq (768) < n_ctx_train (32768) -- the full capacity of the model will not be utilized
set_abort_callback: call
llama_context:  CUDA_Host  output buffer size =     0.58 MiB
llama_kv_cache: layer   0: dev = CPU
llama_kv_cache: layer   1: dev = CPU
llama_kv_cache: layer   2: dev = CPU
llama_kv_cache: layer   3: dev = CUDA0
llama_kv_cache: layer   4: dev = CUDA0
llama_kv_cache: layer   5: dev = CUDA0
llama_kv_cache: layer   6: dev = CUDA0
llama_kv_cache: layer   7: dev = CUDA0
llama_kv_cache: layer   8: dev = CUDA0
llama_kv_cache: layer   9: dev = CUDA0
llama_kv_cache: layer  10: dev = CUDA0
llama_kv_cache: layer  11: dev = CUDA0
llama_kv_cache: layer  12: dev = CUDA0
llama_kv_cache: layer  13: dev = CUDA0
llama_kv_cache: layer  14: dev = CUDA0
llama_kv_cache: layer  15: dev = CUDA0
llama_kv_cache: layer  16: dev = CUDA0
llama_kv_cache: layer  17: dev = CUDA0
llama_kv_cache: layer  18: dev = CUDA0
llama_kv_cache: layer  19: dev = CUDA0
llama_kv_cache: layer  20: dev = CUDA0
llama_kv_cache: layer  21: dev = CUDA0
llama_kv_cache: layer  22: dev = CUDA0
llama_kv_cache: layer  23: dev = CUDA0
llama_kv_cache: layer  24: dev = CUDA0
llama_kv_cache: layer  25: dev = CUDA0
llama_kv_cache: layer  26: dev = CUDA0
llama_kv_cache: layer  27: dev = CUDA0
llama_kv_cache:        CPU KV buffer size =     4.50 MiB
llama_kv_cache:      CUDA0 KV buffer size =    37.50 MiB
llama_kv_cache: size =   42.00 MiB (   768 cells,  28 layers,  1/1 seqs), K (f16):   21.00 MiB, V (f16):   21.00 MiB
llama_kv_cache: attn_rot_k = 0, n_embd_head_k_all = 128
llama_kv_cache: attn_rot_v = 0, n_embd_head_k_all = 128
llama_context: enumerating backends
llama_context: backend_ptrs.size() = 2
sched_reserve: reserving ...
sched_reserve: max_nodes = 2712
sched_reserve: reserving full memory module
sched_reserve: worst-case: n_tokens = 512, n_seqs = 1, n_outputs = 1
graph_reserve: reserving a graph for ubatch with n_tokens =    1, n_seqs =  1, n_outputs =    1
sched_reserve: Flash Attention was auto, set to enabled
sched_reserve: resolving fused Gated Delta Net support:
graph_reserve: reserving a graph for ubatch with n_tokens =    1, n_seqs =  1, n_outputs =    1
sched_reserve: fused Gated Delta Net (autoregressive) enabled
graph_reserve: reserving a graph for ubatch with n_tokens =   16, n_seqs =  1, n_outputs =   16
sched_reserve: fused Gated Delta Net (chunked) enabled
graph_reserve: reserving a graph for ubatch with n_tokens =  512, n_seqs =  1, n_outputs =  512
graph_reserve: reserving a graph for ubatch with n_tokens =    1, n_seqs =  1, n_outputs =    1
graph_reserve: reserving a graph for ubatch with n_tokens =  512, n_seqs =  1, n_outputs =  512
sched_reserve:      CUDA0 compute buffer size =   304.00 MiB
sched_reserve:  CUDA_Host compute buffer size =    14.76 MiB
sched_reserve: graph nodes  = 958
sched_reserve: graph splits = 44 (with bs=512), 2 (with bs=1)
sched_reserve: reserve took 15.10 ms, sched copies = 1
CUDA Graph id 3603 reused
ggml_backend_cuda_graph_compute: CUDA graph warmup complete
CUDA Graph id 3603 reused
CUDA Graph id 3603 reused
CUDA Graph id 3603 reused
CUDA Graph id 3603 reused
CUDA Graph id 3603 reused
CUDA Graph id 3603 reused
CUDA Graph id 3603 reused
CUDA Graph id 3603 reused
CUDA Graph id 3603 reused
CUDA Graph id 3603 reused
CUDA Graph id 3603 reused
CUDA Graph id 3603 reused
CUDA Graph id 3603 reused
CUDA Graph id 3603 reused
CUDA Graph id 3603 reused
CUDA Graph id 3603 reused
CUDA Graph id 3603 reused
CUDA Graph id 3603 reused
CUDA Graph id 3603 reused
CUDA Graph id 3603 reused
CUDA Graph id 3603 reused
CUDA Graph id 3603 reused
CUDA Graph id 3603 reused
CUDA Graph id 3603 reused
CUDA Graph id 3603 reused
CUDA Graph id 3603 reused
CUDA Graph id 3603 reused
CUDA Graph id 3603 reused
CUDA Graph id 3603 reused
CUDA Graph id 3603 reused
CUDA Graph id 3603 reused
CUDA Graph id 3603 reused
CUDA Graph id 3603 reused
CUDA Graph id 3603 reused
CUDA Graph id 3603 reused
CUDA Graph id 3603 reused
CUDA Graph id 3603 reused
CUDA Graph id 3603 reused
CUDA Graph id 3603 reused
CUDA Graph id 3603 reused
CUDA Graph id 3603 reused
CUDA Graph id 3603 reused
CUDA Graph id 3603 reused
CUDA Graph id 3603 reused
CUDA Graph id 3603 reused
CUDA Graph id 3603 reused
CUDA Graph id 3603 reused
CUDA Graph id 3603 reused
CUDA Graph id 3603 reused
CUDA Graph id 3603 reused
CUDA Graph id 3603 reused
CUDA Graph id 3603 reused
CUDA Graph id 3603 reused
CUDA Graph id 3603 reused
CUDA Graph id 3603 reused
CUDA Graph id 3603 reused
CUDA Graph id 3603 reused
CUDA Graph id 3603 reused
CUDA Graph id 3603 reused
CUDA Graph id 3603 reused
CUDA Graph id 3603 reused
CUDA Graph id 3603 reused
CUDA Graph id 3603 reused
CUDA Graph id 3603 reused
CUDA Graph id 3603 reused
CUDA Graph id 3603 reused
CUDA Graph id 3603 reused
CUDA Graph id 3603 reused
CUDA Graph id 3603 reused
CUDA Graph id 3603 reused
CUDA Graph id 3603 reused
CUDA Graph id 3603 reused
CUDA Graph id 3603 reused
CUDA Graph id 3603 reused
CUDA Graph id 3603 reused
CUDA Graph id 3603 reused
CUDA Graph id 3603 reused
CUDA Graph id 3603 reused
CUDA Graph id 3603 reused
CUDA Graph id 3603 reused
~llama_context:      CUDA0 compute buffer size is 304.0000 MiB, matches expectation of 304.0000 MiB
~llama_context:  CUDA_Host compute buffer size is  14.7637 MiB, matches expectation of  14.7637 MiB
schema 179/200 done
llama_context: constructing llama_context
llama_context: n_seq_max     = 1
llama_context: n_ctx         = 768
llama_context: n_ctx_seq     = 768
llama_context: n_batch       = 714
llama_context: n_ubatch      = 512
llama_context: causal_attn   = 1
llama_context: flash_attn    = auto
llama_context: kv_unified    = false
llama_context: freq_base     = 1000000.0
llama_context: freq_scale    = 1
llama_context: n_rs_seq      = 0
llama_context: n_outputs_max = 714
llama_context: n_ctx_seq (768) < n_ctx_train (32768) -- the full capacity of the model will not be utilized
set_abort_callback: call
llama_context:  CUDA_Host  output buffer size =     0.58 MiB
llama_kv_cache: layer   0: dev = CPU
llama_kv_cache: layer   1: dev = CPU
llama_kv_cache: layer   2: dev = CPU
llama_kv_cache: layer   3: dev = CUDA0
llama_kv_cache: layer   4: dev = CUDA0
llama_kv_cache: layer   5: dev = CUDA0
llama_kv_cache: layer   6: dev = CUDA0
llama_kv_cache: layer   7: dev = CUDA0
llama_kv_cache: layer   8: dev = CUDA0
llama_kv_cache: layer   9: dev = CUDA0
llama_kv_cache: layer  10: dev = CUDA0
llama_kv_cache: layer  11: dev = CUDA0
llama_kv_cache: layer  12: dev = CUDA0
llama_kv_cache: layer  13: dev = CUDA0
llama_kv_cache: layer  14: dev = CUDA0
llama_kv_cache: layer  15: dev = CUDA0
llama_kv_cache: layer  16: dev = CUDA0
llama_kv_cache: layer  17: dev = CUDA0
llama_kv_cache: layer  18: dev = CUDA0
llama_kv_cache: layer  19: dev = CUDA0
llama_kv_cache: layer  20: dev = CUDA0
llama_kv_cache: layer  21: dev = CUDA0
llama_kv_cache: layer  22: dev = CUDA0
llama_kv_cache: layer  23: dev = CUDA0
llama_kv_cache: layer  24: dev = CUDA0
llama_kv_cache: layer  25: dev = CUDA0
llama_kv_cache: layer  26: dev = CUDA0
llama_kv_cache: layer  27: dev = CUDA0
llama_kv_cache:        CPU KV buffer size =     4.50 MiB
llama_kv_cache:      CUDA0 KV buffer size =    37.50 MiB
llama_kv_cache: size =   42.00 MiB (   768 cells,  28 layers,  1/1 seqs), K (f16):   21.00 MiB, V (f16):   21.00 MiB
llama_kv_cache: attn_rot_k = 0, n_embd_head_k_all = 128
llama_kv_cache: attn_rot_v = 0, n_embd_head_k_all = 128
llama_context: enumerating backends
llama_context: backend_ptrs.size() = 2
sched_reserve: reserving ...
sched_reserve: max_nodes = 2712
sched_reserve: reserving full memory module
sched_reserve: worst-case: n_tokens = 512, n_seqs = 1, n_outputs = 1
graph_reserve: reserving a graph for ubatch with n_tokens =    1, n_seqs =  1, n_outputs =    1
sched_reserve: Flash Attention was auto, set to enabled
sched_reserve: resolving fused Gated Delta Net support:
graph_reserve: reserving a graph for ubatch with n_tokens =    1, n_seqs =  1, n_outputs =    1
sched_reserve: fused Gated Delta Net (autoregressive) enabled
graph_reserve: reserving a graph for ubatch with n_tokens =   16, n_seqs =  1, n_outputs =   16
sched_reserve: fused Gated Delta Net (chunked) enabled
graph_reserve: reserving a graph for ubatch with n_tokens =  512, n_seqs =  1, n_outputs =  512
graph_reserve: reserving a graph for ubatch with n_tokens =    1, n_seqs =  1, n_outputs =    1
graph_reserve: reserving a graph for ubatch with n_tokens =  512, n_seqs =  1, n_outputs =  512
sched_reserve:      CUDA0 compute buffer size =   304.00 MiB
sched_reserve:  CUDA_Host compute buffer size =    14.76 MiB
sched_reserve: graph nodes  = 958
sched_reserve: graph splits = 44 (with bs=512), 2 (with bs=1)
sched_reserve: reserve took 14.93 ms, sched copies = 1
CUDA Graph id 3753 reused
ggml_backend_cuda_graph_compute: CUDA graph warmup complete
CUDA Graph id 3753 reused
CUDA Graph id 3753 reused
CUDA Graph id 3753 reused
CUDA Graph id 3753 reused
CUDA Graph id 3753 reused
CUDA Graph id 3753 reused
CUDA Graph id 3753 reused
CUDA Graph id 3753 reused
CUDA Graph id 3753 reused
CUDA Graph id 3753 reused
CUDA Graph id 3753 reused
CUDA Graph id 3753 reused
CUDA Graph id 3753 reused
CUDA Graph id 3753 reused
CUDA Graph id 3753 reused
CUDA Graph id 3753 reused
CUDA Graph id 3753 reused
CUDA Graph id 3753 reused
CUDA Graph id 3753 reused
CUDA Graph id 3753 reused
CUDA Graph id 3753 reused
CUDA Graph id 3753 reused
CUDA Graph id 3753 reused
CUDA Graph id 3753 reused
CUDA Graph id 3753 reused
CUDA Graph id 3753 reused
CUDA Graph id 3753 reused
CUDA Graph id 3753 reused
CUDA Graph id 3753 reused
CUDA Graph id 3753 reused
CUDA Graph id 3753 reused
CUDA Graph id 3753 reused
CUDA Graph id 3753 reused
CUDA Graph id 3753 reused
CUDA Graph id 3753 reused
CUDA Graph id 3753 reused
CUDA Graph id 3753 reused
CUDA Graph id 3753 reused
CUDA Graph id 3753 reused
CUDA Graph id 3753 reused
CUDA Graph id 3753 reused
CUDA Graph id 3753 reused
CUDA Graph id 3753 reused
CUDA Graph id 3753 reused
CUDA Graph id 3753 reused
CUDA Graph id 3753 reused
CUDA Graph id 3753 reused
CUDA Graph id 3753 reused
~llama_context:      CUDA0 compute buffer size is 304.0000 MiB, matches expectation of 304.0000 MiB
~llama_context:  CUDA_Host compute buffer size is  14.7637 MiB, matches expectation of  14.7637 MiB
llama_context: constructing llama_context
llama_context: n_seq_max     = 1
llama_context: n_ctx         = 768
llama_context: n_ctx_seq     = 768
llama_context: n_batch       = 714
llama_context: n_ubatch      = 512
llama_context: causal_attn   = 1
llama_context: flash_attn    = auto
llama_context: kv_unified    = false
llama_context: freq_base     = 1000000.0
llama_context: freq_scale    = 1
llama_context: n_rs_seq      = 0
llama_context: n_outputs_max = 714
llama_context: n_ctx_seq (768) < n_ctx_train (32768) -- the full capacity of the model will not be utilized
set_abort_callback: call
llama_context:  CUDA_Host  output buffer size =     0.58 MiB
llama_kv_cache: layer   0: dev = CPU
llama_kv_cache: layer   1: dev = CPU
llama_kv_cache: layer   2: dev = CPU
llama_kv_cache: layer   3: dev = CUDA0
llama_kv_cache: layer   4: dev = CUDA0
llama_kv_cache: layer   5: dev = CUDA0
llama_kv_cache: layer   6: dev = CUDA0
llama_kv_cache: layer   7: dev = CUDA0
llama_kv_cache: layer   8: dev = CUDA0
llama_kv_cache: layer   9: dev = CUDA0
llama_kv_cache: layer  10: dev = CUDA0
llama_kv_cache: layer  11: dev = CUDA0
llama_kv_cache: layer  12: dev = CUDA0
llama_kv_cache: layer  13: dev = CUDA0
llama_kv_cache: layer  14: dev = CUDA0
llama_kv_cache: layer  15: dev = CUDA0
llama_kv_cache: layer  16: dev = CUDA0
llama_kv_cache: layer  17: dev = CUDA0
llama_kv_cache: layer  18: dev = CUDA0
llama_kv_cache: layer  19: dev = CUDA0
llama_kv_cache: layer  20: dev = CUDA0
llama_kv_cache: layer  21: dev = CUDA0
llama_kv_cache: layer  22: dev = CUDA0
llama_kv_cache: layer  23: dev = CUDA0
llama_kv_cache: layer  24: dev = CUDA0
llama_kv_cache: layer  25: dev = CUDA0
llama_kv_cache: layer  26: dev = CUDA0
llama_kv_cache: layer  27: dev = CUDA0
llama_kv_cache:        CPU KV buffer size =     4.50 MiB
llama_kv_cache:      CUDA0 KV buffer size =    37.50 MiB
llama_kv_cache: size =   42.00 MiB (   768 cells,  28 layers,  1/1 seqs), K (f16):   21.00 MiB, V (f16):   21.00 MiB
llama_kv_cache: attn_rot_k = 0, n_embd_head_k_all = 128
llama_kv_cache: attn_rot_v = 0, n_embd_head_k_all = 128
llama_context: enumerating backends
llama_context: backend_ptrs.size() = 2
sched_reserve: reserving ...
sched_reserve: max_nodes = 2712
sched_reserve: reserving full memory module
sched_reserve: worst-case: n_tokens = 512, n_seqs = 1, n_outputs = 1
graph_reserve: reserving a graph for ubatch with n_tokens =    1, n_seqs =  1, n_outputs =    1
sched_reserve: Flash Attention was auto, set to enabled
sched_reserve: resolving fused Gated Delta Net support:
graph_reserve: reserving a graph for ubatch with n_tokens =    1, n_seqs =  1, n_outputs =    1
sched_reserve: fused Gated Delta Net (autoregressive) enabled
graph_reserve: reserving a graph for ubatch with n_tokens =   16, n_seqs =  1, n_outputs =   16
sched_reserve: fused Gated Delta Net (chunked) enabled
graph_reserve: reserving a graph for ubatch with n_tokens =  512, n_seqs =  1, n_outputs =  512
graph_reserve: reserving a graph for ubatch with n_tokens =    1, n_seqs =  1, n_outputs =    1
graph_reserve: reserving a graph for ubatch with n_tokens =  512, n_seqs =  1, n_outputs =  512
sched_reserve:      CUDA0 compute buffer size =   304.00 MiB
sched_reserve:  CUDA_Host compute buffer size =    14.76 MiB
sched_reserve: graph nodes  = 958
sched_reserve: graph splits = 44 (with bs=512), 2 (with bs=1)
sched_reserve: reserve took 13.87 ms, sched copies = 1
CUDA Graph id 3903 reused
ggml_backend_cuda_graph_compute: CUDA graph warmup complete
CUDA Graph id 3903 reused
CUDA Graph id 3903 reused
CUDA Graph id 3903 reused
CUDA Graph id 3903 reused
CUDA Graph id 3903 reused
CUDA Graph id 3903 reused
CUDA Graph id 3903 reused
CUDA Graph id 3903 reused
CUDA Graph id 3903 reused
CUDA Graph id 3903 reused
CUDA Graph id 3903 reused
CUDA Graph id 3903 reused
CUDA Graph id 3903 reused
CUDA Graph id 3903 reused
CUDA Graph id 3903 reused
CUDA Graph id 3903 reused
CUDA Graph id 3903 reused
CUDA Graph id 3903 reused
CUDA Graph id 3903 reused
CUDA Graph id 3903 reused
CUDA Graph id 3903 reused
CUDA Graph id 3903 reused
CUDA Graph id 3903 reused
CUDA Graph id 3903 reused
CUDA Graph id 3903 reused
CUDA Graph id 3903 reused
CUDA Graph id 3903 reused
CUDA Graph id 3903 reused
CUDA Graph id 3903 reused
CUDA Graph id 3903 reused
CUDA Graph id 3903 reused
CUDA Graph id 3903 reused
CUDA Graph id 3903 reused
CUDA Graph id 3903 reused
CUDA Graph id 3903 reused
CUDA Graph id 3903 reused
CUDA Graph id 3903 reused
CUDA Graph id 3903 reused
CUDA Graph id 3903 reused
CUDA Graph id 3903 reused
CUDA Graph id 3903 reused
CUDA Graph id 3903 reused
CUDA Graph id 3903 reused
CUDA Graph id 3903 reused
CUDA Graph id 3903 reused
CUDA Graph id 3903 reused
CUDA Graph id 3903 reused
CUDA Graph id 3903 reused
~llama_context:      CUDA0 compute buffer size is 304.0000 MiB, matches expectation of 304.0000 MiB
~llama_context:  CUDA_Host compute buffer size is  14.7637 MiB, matches expectation of  14.7637 MiB
llama_context: constructing llama_context
llama_context: n_seq_max     = 1
llama_context: n_ctx         = 768
llama_context: n_ctx_seq     = 768
llama_context: n_batch       = 714
llama_context: n_ubatch      = 512
llama_context: causal_attn   = 1
llama_context: flash_attn    = auto
llama_context: kv_unified    = false
llama_context: freq_base     = 1000000.0
llama_context: freq_scale    = 1
llama_context: n_rs_seq      = 0
llama_context: n_outputs_max = 714
llama_context: n_ctx_seq (768) < n_ctx_train (32768) -- the full capacity of the model will not be utilized
set_abort_callback: call
llama_context:  CUDA_Host  output buffer size =     0.58 MiB
llama_kv_cache: layer   0: dev = CPU
llama_kv_cache: layer   1: dev = CPU
llama_kv_cache: layer   2: dev = CPU
llama_kv_cache: layer   3: dev = CUDA0
llama_kv_cache: layer   4: dev = CUDA0
llama_kv_cache: layer   5: dev = CUDA0
llama_kv_cache: layer   6: dev = CUDA0
llama_kv_cache: layer   7: dev = CUDA0
llama_kv_cache: layer   8: dev = CUDA0
llama_kv_cache: layer   9: dev = CUDA0
llama_kv_cache: layer  10: dev = CUDA0
llama_kv_cache: layer  11: dev = CUDA0
llama_kv_cache: layer  12: dev = CUDA0
llama_kv_cache: layer  13: dev = CUDA0
llama_kv_cache: layer  14: dev = CUDA0
llama_kv_cache: layer  15: dev = CUDA0
llama_kv_cache: layer  16: dev = CUDA0
llama_kv_cache: layer  17: dev = CUDA0
llama_kv_cache: layer  18: dev = CUDA0
llama_kv_cache: layer  19: dev = CUDA0
llama_kv_cache: layer  20: dev = CUDA0
llama_kv_cache: layer  21: dev = CUDA0
llama_kv_cache: layer  22: dev = CUDA0
llama_kv_cache: layer  23: dev = CUDA0
llama_kv_cache: layer  24: dev = CUDA0
llama_kv_cache: layer  25: dev = CUDA0
llama_kv_cache: layer  26: dev = CUDA0
llama_kv_cache: layer  27: dev = CUDA0
llama_kv_cache:        CPU KV buffer size =     4.50 MiB
llama_kv_cache:      CUDA0 KV buffer size =    37.50 MiB
llama_kv_cache: size =   42.00 MiB (   768 cells,  28 layers,  1/1 seqs), K (f16):   21.00 MiB, V (f16):   21.00 MiB
llama_kv_cache: attn_rot_k = 0, n_embd_head_k_all = 128
llama_kv_cache: attn_rot_v = 0, n_embd_head_k_all = 128
llama_context: enumerating backends
llama_context: backend_ptrs.size() = 2
sched_reserve: reserving ...
sched_reserve: max_nodes = 2712
sched_reserve: reserving full memory module
sched_reserve: worst-case: n_tokens = 512, n_seqs = 1, n_outputs = 1
graph_reserve: reserving a graph for ubatch with n_tokens =    1, n_seqs =  1, n_outputs =    1
sched_reserve: Flash Attention was auto, set to enabled
sched_reserve: resolving fused Gated Delta Net support:
graph_reserve: reserving a graph for ubatch with n_tokens =    1, n_seqs =  1, n_outputs =    1
sched_reserve: fused Gated Delta Net (autoregressive) enabled
graph_reserve: reserving a graph for ubatch with n_tokens =   16, n_seqs =  1, n_outputs =   16
sched_reserve: fused Gated Delta Net (chunked) enabled
graph_reserve: reserving a graph for ubatch with n_tokens =  512, n_seqs =  1, n_outputs =  512
graph_reserve: reserving a graph for ubatch with n_tokens =    1, n_seqs =  1, n_outputs =    1
graph_reserve: reserving a graph for ubatch with n_tokens =  512, n_seqs =  1, n_outputs =  512
sched_reserve:      CUDA0 compute buffer size =   304.00 MiB
sched_reserve:  CUDA_Host compute buffer size =    14.76 MiB
sched_reserve: graph nodes  = 958
sched_reserve: graph splits = 44 (with bs=512), 2 (with bs=1)
sched_reserve: reserve took 13.49 ms, sched copies = 1
CUDA Graph id 4053 reused
ggml_backend_cuda_graph_compute: CUDA graph warmup complete
CUDA Graph id 4053 reused
CUDA Graph id 4053 reused
CUDA Graph id 4053 reused
CUDA Graph id 4053 reused
CUDA Graph id 4053 reused
CUDA Graph id 4053 reused
CUDA Graph id 4053 reused
CUDA Graph id 4053 reused
CUDA Graph id 4053 reused
CUDA Graph id 4053 reused
CUDA Graph id 4053 reused
CUDA Graph id 4053 reused
CUDA Graph id 4053 reused
CUDA Graph id 4053 reused
CUDA Graph id 4053 reused
CUDA Graph id 4053 reused
CUDA Graph id 4053 reused
CUDA Graph id 4053 reused
CUDA Graph id 4053 reused
CUDA Graph id 4053 reused
CUDA Graph id 4053 reused
CUDA Graph id 4053 reused
CUDA Graph id 4053 reused
CUDA Graph id 4053 reused
CUDA Graph id 4053 reused
CUDA Graph id 4053 reused
CUDA Graph id 4053 reused
CUDA Graph id 4053 reused
CUDA Graph id 4053 reused
CUDA Graph id 4053 reused
CUDA Graph id 4053 reused
CUDA Graph id 4053 reused
CUDA Graph id 4053 reused
CUDA Graph id 4053 reused
CUDA Graph id 4053 reused
CUDA Graph id 4053 reused
CUDA Graph id 4053 reused
CUDA Graph id 4053 reused
CUDA Graph id 4053 reused
CUDA Graph id 4053 reused
CUDA Graph id 4053 reused
CUDA Graph id 4053 reused
CUDA Graph id 4053 reused
CUDA Graph id 4053 reused
CUDA Graph id 4053 reused
CUDA Graph id 4053 reused
CUDA Graph id 4053 reused
CUDA Graph id 4053 reused
~llama_context:      CUDA0 compute buffer size is 304.0000 MiB, matches expectation of 304.0000 MiB
~llama_context:  CUDA_Host compute buffer size is  14.7637 MiB, matches expectation of  14.7637 MiB
llama_context: constructing llama_context
llama_context: n_seq_max     = 1
llama_context: n_ctx         = 768
llama_context: n_ctx_seq     = 768
llama_context: n_batch       = 714
llama_context: n_ubatch      = 512
llama_context: causal_attn   = 1
llama_context: flash_attn    = auto
llama_context: kv_unified    = false
llama_context: freq_base     = 1000000.0
llama_context: freq_scale    = 1
llama_context: n_rs_seq      = 0
llama_context: n_outputs_max = 714
llama_context: n_ctx_seq (768) < n_ctx_train (32768) -- the full capacity of the model will not be utilized
set_abort_callback: call
llama_context:  CUDA_Host  output buffer size =     0.58 MiB
llama_kv_cache: layer   0: dev = CPU
llama_kv_cache: layer   1: dev = CPU
llama_kv_cache: layer   2: dev = CPU
llama_kv_cache: layer   3: dev = CUDA0
llama_kv_cache: layer   4: dev = CUDA0
llama_kv_cache: layer   5: dev = CUDA0
llama_kv_cache: layer   6: dev = CUDA0
llama_kv_cache: layer   7: dev = CUDA0
llama_kv_cache: layer   8: dev = CUDA0
llama_kv_cache: layer   9: dev = CUDA0
llama_kv_cache: layer  10: dev = CUDA0
llama_kv_cache: layer  11: dev = CUDA0
llama_kv_cache: layer  12: dev = CUDA0
llama_kv_cache: layer  13: dev = CUDA0
llama_kv_cache: layer  14: dev = CUDA0
llama_kv_cache: layer  15: dev = CUDA0
llama_kv_cache: layer  16: dev = CUDA0
llama_kv_cache: layer  17: dev = CUDA0
llama_kv_cache: layer  18: dev = CUDA0
llama_kv_cache: layer  19: dev = CUDA0
llama_kv_cache: layer  20: dev = CUDA0
llama_kv_cache: layer  21: dev = CUDA0
llama_kv_cache: layer  22: dev = CUDA0
llama_kv_cache: layer  23: dev = CUDA0
llama_kv_cache: layer  24: dev = CUDA0
llama_kv_cache: layer  25: dev = CUDA0
llama_kv_cache: layer  26: dev = CUDA0
llama_kv_cache: layer  27: dev = CUDA0
llama_kv_cache:        CPU KV buffer size =     4.50 MiB
llama_kv_cache:      CUDA0 KV buffer size =    37.50 MiB
llama_kv_cache: size =   42.00 MiB (   768 cells,  28 layers,  1/1 seqs), K (f16):   21.00 MiB, V (f16):   21.00 MiB
llama_kv_cache: attn_rot_k = 0, n_embd_head_k_all = 128
llama_kv_cache: attn_rot_v = 0, n_embd_head_k_all = 128
llama_context: enumerating backends
llama_context: backend_ptrs.size() = 2
sched_reserve: reserving ...
sched_reserve: max_nodes = 2712
sched_reserve: reserving full memory module
sched_reserve: worst-case: n_tokens = 512, n_seqs = 1, n_outputs = 1
graph_reserve: reserving a graph for ubatch with n_tokens =    1, n_seqs =  1, n_outputs =    1
sched_reserve: Flash Attention was auto, set to enabled
sched_reserve: resolving fused Gated Delta Net support:
graph_reserve: reserving a graph for ubatch with n_tokens =    1, n_seqs =  1, n_outputs =    1
sched_reserve: fused Gated Delta Net (autoregressive) enabled
graph_reserve: reserving a graph for ubatch with n_tokens =   16, n_seqs =  1, n_outputs =   16
sched_reserve: fused Gated Delta Net (chunked) enabled
graph_reserve: reserving a graph for ubatch with n_tokens =  512, n_seqs =  1, n_outputs =  512
graph_reserve: reserving a graph for ubatch with n_tokens =    1, n_seqs =  1, n_outputs =    1
graph_reserve: reserving a graph for ubatch with n_tokens =  512, n_seqs =  1, n_outputs =  512
sched_reserve:      CUDA0 compute buffer size =   304.00 MiB
sched_reserve:  CUDA_Host compute buffer size =    14.76 MiB
sched_reserve: graph nodes  = 958
sched_reserve: graph splits = 44 (with bs=512), 2 (with bs=1)
sched_reserve: reserve took 15.48 ms, sched copies = 1
CUDA Graph id 4203 reused
ggml_backend_cuda_graph_compute: CUDA graph warmup complete
CUDA Graph id 4203 reused
CUDA Graph id 4203 reused
CUDA Graph id 4203 reused
CUDA Graph id 4203 reused
CUDA Graph id 4203 reused
CUDA Graph id 4203 reused
CUDA Graph id 4203 reused
CUDA Graph id 4203 reused
CUDA Graph id 4203 reused
CUDA Graph id 4203 reused
CUDA Graph id 4203 reused
CUDA Graph id 4203 reused
CUDA Graph id 4203 reused
CUDA Graph id 4203 reused
CUDA Graph id 4203 reused
CUDA Graph id 4203 reused
CUDA Graph id 4203 reused
CUDA Graph id 4203 reused
CUDA Graph id 4203 reused
CUDA Graph id 4203 reused
CUDA Graph id 4203 reused
CUDA Graph id 4203 reused
CUDA Graph id 4203 reused
CUDA Graph id 4203 reused
CUDA Graph id 4203 reused
CUDA Graph id 4203 reused
CUDA Graph id 4203 reused
CUDA Graph id 4203 reused
CUDA Graph id 4203 reused
CUDA Graph id 4203 reused
CUDA Graph id 4203 reused
CUDA Graph id 4203 reused
CUDA Graph id 4203 reused
CUDA Graph id 4203 reused
CUDA Graph id 4203 reused
CUDA Graph id 4203 reused
CUDA Graph id 4203 reused
CUDA Graph id 4203 reused
CUDA Graph id 4203 reused
CUDA Graph id 4203 reused
CUDA Graph id 4203 reused
CUDA Graph id 4203 reused
CUDA Graph id 4203 reused
CUDA Graph id 4203 reused
CUDA Graph id 4203 reused
CUDA Graph id 4203 reused
CUDA Graph id 4203 reused
CUDA Graph id 4203 reused
~llama_context:      CUDA0 compute buffer size is 304.0000 MiB, matches expectation of 304.0000 MiB
~llama_context:  CUDA_Host compute buffer size is  14.7637 MiB, matches expectation of  14.7637 MiB
llama_context: constructing llama_context
llama_context: n_seq_max     = 1
llama_context: n_ctx         = 768
llama_context: n_ctx_seq     = 768
llama_context: n_batch       = 714
llama_context: n_ubatch      = 512
llama_context: causal_attn   = 1
llama_context: flash_attn    = auto
llama_context: kv_unified    = false
llama_context: freq_base     = 1000000.0
llama_context: freq_scale    = 1
llama_context: n_rs_seq      = 0
llama_context: n_outputs_max = 714
llama_context: n_ctx_seq (768) < n_ctx_train (32768) -- the full capacity of the model will not be utilized
set_abort_callback: call
llama_context:  CUDA_Host  output buffer size =     0.58 MiB
llama_kv_cache: layer   0: dev = CPU
llama_kv_cache: layer   1: dev = CPU
llama_kv_cache: layer   2: dev = CPU
llama_kv_cache: layer   3: dev = CUDA0
llama_kv_cache: layer   4: dev = CUDA0
llama_kv_cache: layer   5: dev = CUDA0
llama_kv_cache: layer   6: dev = CUDA0
llama_kv_cache: layer   7: dev = CUDA0
llama_kv_cache: layer   8: dev = CUDA0
llama_kv_cache: layer   9: dev = CUDA0
llama_kv_cache: layer  10: dev = CUDA0
llama_kv_cache: layer  11: dev = CUDA0
llama_kv_cache: layer  12: dev = CUDA0
llama_kv_cache: layer  13: dev = CUDA0
llama_kv_cache: layer  14: dev = CUDA0
llama_kv_cache: layer  15: dev = CUDA0
llama_kv_cache: layer  16: dev = CUDA0
llama_kv_cache: layer  17: dev = CUDA0
llama_kv_cache: layer  18: dev = CUDA0
llama_kv_cache: layer  19: dev = CUDA0
llama_kv_cache: layer  20: dev = CUDA0
llama_kv_cache: layer  21: dev = CUDA0
llama_kv_cache: layer  22: dev = CUDA0
llama_kv_cache: layer  23: dev = CUDA0
llama_kv_cache: layer  24: dev = CUDA0
llama_kv_cache: layer  25: dev = CUDA0
llama_kv_cache: layer  26: dev = CUDA0
llama_kv_cache: layer  27: dev = CUDA0
llama_kv_cache:        CPU KV buffer size =     4.50 MiB
llama_kv_cache:      CUDA0 KV buffer size =    37.50 MiB
llama_kv_cache: size =   42.00 MiB (   768 cells,  28 layers,  1/1 seqs), K (f16):   21.00 MiB, V (f16):   21.00 MiB
llama_kv_cache: attn_rot_k = 0, n_embd_head_k_all = 128
llama_kv_cache: attn_rot_v = 0, n_embd_head_k_all = 128
llama_context: enumerating backends
llama_context: backend_ptrs.size() = 2
sched_reserve: reserving ...
sched_reserve: max_nodes = 2712
sched_reserve: reserving full memory module
sched_reserve: worst-case: n_tokens = 512, n_seqs = 1, n_outputs = 1
graph_reserve: reserving a graph for ubatch with n_tokens =    1, n_seqs =  1, n_outputs =    1
sched_reserve: Flash Attention was auto, set to enabled
sched_reserve: resolving fused Gated Delta Net support:
graph_reserve: reserving a graph for ubatch with n_tokens =    1, n_seqs =  1, n_outputs =    1
sched_reserve: fused Gated Delta Net (autoregressive) enabled
graph_reserve: reserving a graph for ubatch with n_tokens =   16, n_seqs =  1, n_outputs =   16
sched_reserve: fused Gated Delta Net (chunked) enabled
graph_reserve: reserving a graph for ubatch with n_tokens =  512, n_seqs =  1, n_outputs =  512
graph_reserve: reserving a graph for ubatch with n_tokens =    1, n_seqs =  1, n_outputs =    1
graph_reserve: reserving a graph for ubatch with n_tokens =  512, n_seqs =  1, n_outputs =  512
sched_reserve:      CUDA0 compute buffer size =   304.00 MiB
sched_reserve:  CUDA_Host compute buffer size =    14.76 MiB
sched_reserve: graph nodes  = 958
sched_reserve: graph splits = 44 (with bs=512), 2 (with bs=1)
sched_reserve: reserve took 15.95 ms, sched copies = 1
CUDA Graph id 4353 reused
ggml_backend_cuda_graph_compute: CUDA graph warmup complete
CUDA Graph id 4353 reused
CUDA Graph id 4353 reused
CUDA Graph id 4353 reused
CUDA Graph id 4353 reused
CUDA Graph id 4353 reused
CUDA Graph id 4353 reused
CUDA Graph id 4353 reused
CUDA Graph id 4353 reused
CUDA Graph id 4353 reused
CUDA Graph id 4353 reused
CUDA Graph id 4353 reused
CUDA Graph id 4353 reused
CUDA Graph id 4353 reused
CUDA Graph id 4353 reused
CUDA Graph id 4353 reused
CUDA Graph id 4353 reused
CUDA Graph id 4353 reused
CUDA Graph id 4353 reused
CUDA Graph id 4353 reused
~llama_context:      CUDA0 compute buffer size is 304.0000 MiB, matches expectation of 304.0000 MiB
~llama_context:  CUDA_Host compute buffer size is  14.7637 MiB, matches expectation of  14.7637 MiB
llama_context: constructing llama_context
llama_context: n_seq_max     = 1
llama_context: n_ctx         = 768
llama_context: n_ctx_seq     = 768
llama_context: n_batch       = 714
llama_context: n_ubatch      = 512
llama_context: causal_attn   = 1
llama_context: flash_attn    = auto
llama_context: kv_unified    = false
llama_context: freq_base     = 1000000.0
llama_context: freq_scale    = 1
llama_context: n_rs_seq      = 0
llama_context: n_outputs_max = 714
llama_context: n_ctx_seq (768) < n_ctx_train (32768) -- the full capacity of the model will not be utilized
set_abort_callback: call
llama_context:  CUDA_Host  output buffer size =     0.58 MiB
llama_kv_cache: layer   0: dev = CPU
llama_kv_cache: layer   1: dev = CPU
llama_kv_cache: layer   2: dev = CPU
llama_kv_cache: layer   3: dev = CUDA0
llama_kv_cache: layer   4: dev = CUDA0
llama_kv_cache: layer   5: dev = CUDA0
llama_kv_cache: layer   6: dev = CUDA0
llama_kv_cache: layer   7: dev = CUDA0
llama_kv_cache: layer   8: dev = CUDA0
llama_kv_cache: layer   9: dev = CUDA0
llama_kv_cache: layer  10: dev = CUDA0
llama_kv_cache: layer  11: dev = CUDA0
llama_kv_cache: layer  12: dev = CUDA0
llama_kv_cache: layer  13: dev = CUDA0
llama_kv_cache: layer  14: dev = CUDA0
llama_kv_cache: layer  15: dev = CUDA0
llama_kv_cache: layer  16: dev = CUDA0
llama_kv_cache: layer  17: dev = CUDA0
llama_kv_cache: layer  18: dev = CUDA0
llama_kv_cache: layer  19: dev = CUDA0
llama_kv_cache: layer  20: dev = CUDA0
llama_kv_cache: layer  21: dev = CUDA0
llama_kv_cache: layer  22: dev = CUDA0
llama_kv_cache: layer  23: dev = CUDA0
llama_kv_cache: layer  24: dev = CUDA0
llama_kv_cache: layer  25: dev = CUDA0
llama_kv_cache: layer  26: dev = CUDA0
llama_kv_cache: layer  27: dev = CUDA0
llama_kv_cache:        CPU KV buffer size =     4.50 MiB
llama_kv_cache:      CUDA0 KV buffer size =    37.50 MiB
llama_kv_cache: size =   42.00 MiB (   768 cells,  28 layers,  1/1 seqs), K (f16):   21.00 MiB, V (f16):   21.00 MiB
llama_kv_cache: attn_rot_k = 0, n_embd_head_k_all = 128
llama_kv_cache: attn_rot_v = 0, n_embd_head_k_all = 128
llama_context: enumerating backends
llama_context: backend_ptrs.size() = 2
sched_reserve: reserving ...
sched_reserve: max_nodes = 2712
sched_reserve: reserving full memory module
sched_reserve: worst-case: n_tokens = 512, n_seqs = 1, n_outputs = 1
graph_reserve: reserving a graph for ubatch with n_tokens =    1, n_seqs =  1, n_outputs =    1
sched_reserve: Flash Attention was auto, set to enabled
sched_reserve: resolving fused Gated Delta Net support:
graph_reserve: reserving a graph for ubatch with n_tokens =    1, n_seqs =  1, n_outputs =    1
sched_reserve: fused Gated Delta Net (autoregressive) enabled
graph_reserve: reserving a graph for ubatch with n_tokens =   16, n_seqs =  1, n_outputs =   16
sched_reserve: fused Gated Delta Net (chunked) enabled
graph_reserve: reserving a graph for ubatch with n_tokens =  512, n_seqs =  1, n_outputs =  512
graph_reserve: reserving a graph for ubatch with n_tokens =    1, n_seqs =  1, n_outputs =    1
graph_reserve: reserving a graph for ubatch with n_tokens =  512, n_seqs =  1, n_outputs =  512
sched_reserve:      CUDA0 compute buffer size =   304.00 MiB
sched_reserve:  CUDA_Host compute buffer size =    14.76 MiB
sched_reserve: graph nodes  = 958
sched_reserve: graph splits = 44 (with bs=512), 2 (with bs=1)
sched_reserve: reserve took 19.80 ms, sched copies = 1
CUDA Graph id 4503 reused
ggml_backend_cuda_graph_compute: CUDA graph warmup complete
CUDA Graph id 4503 reused
CUDA Graph id 4503 reused
CUDA Graph id 4503 reused
CUDA Graph id 4503 reused
CUDA Graph id 4503 reused
CUDA Graph id 4503 reused
CUDA Graph id 4503 reused
CUDA Graph id 4503 reused
CUDA Graph id 4503 reused
CUDA Graph id 4503 reused
CUDA Graph id 4503 reused
CUDA Graph id 4503 reused
CUDA Graph id 4503 reused
~llama_context:      CUDA0 compute buffer size is 304.0000 MiB, matches expectation of 304.0000 MiB
~llama_context:  CUDA_Host compute buffer size is  14.7637 MiB, matches expectation of  14.7637 MiB
schema 180/200 done
llama_context: constructing llama_context
llama_context: n_seq_max     = 1
llama_context: n_ctx         = 768
llama_context: n_ctx_seq     = 768
llama_context: n_batch       = 765
llama_context: n_ubatch      = 512
llama_context: causal_attn   = 1
llama_context: flash_attn    = auto
llama_context: kv_unified    = false
llama_context: freq_base     = 1000000.0
llama_context: freq_scale    = 1
llama_context: n_rs_seq      = 0
llama_context: n_outputs_max = 765
llama_context: n_ctx_seq (768) < n_ctx_train (32768) -- the full capacity of the model will not be utilized
set_abort_callback: call
llama_context:  CUDA_Host  output buffer size =     0.58 MiB
llama_kv_cache: layer   0: dev = CPU
llama_kv_cache: layer   1: dev = CPU
llama_kv_cache: layer   2: dev = CPU
llama_kv_cache: layer   3: dev = CUDA0
llama_kv_cache: layer   4: dev = CUDA0
llama_kv_cache: layer   5: dev = CUDA0
llama_kv_cache: layer   6: dev = CUDA0
llama_kv_cache: layer   7: dev = CUDA0
llama_kv_cache: layer   8: dev = CUDA0
llama_kv_cache: layer   9: dev = CUDA0
llama_kv_cache: layer  10: dev = CUDA0
llama_kv_cache: layer  11: dev = CUDA0
llama_kv_cache: layer  12: dev = CUDA0
llama_kv_cache: layer  13: dev = CUDA0
llama_kv_cache: layer  14: dev = CUDA0
llama_kv_cache: layer  15: dev = CUDA0
llama_kv_cache: layer  16: dev = CUDA0
llama_kv_cache: layer  17: dev = CUDA0
llama_kv_cache: layer  18: dev = CUDA0
llama_kv_cache: layer  19: dev = CUDA0
llama_kv_cache: layer  20: dev = CUDA0
llama_kv_cache: layer  21: dev = CUDA0
llama_kv_cache: layer  22: dev = CUDA0
llama_kv_cache: layer  23: dev = CUDA0
llama_kv_cache: layer  24: dev = CUDA0
llama_kv_cache: layer  25: dev = CUDA0
llama_kv_cache: layer  26: dev = CUDA0
llama_kv_cache: layer  27: dev = CUDA0
llama_kv_cache:        CPU KV buffer size =     4.50 MiB
llama_kv_cache:      CUDA0 KV buffer size =    37.50 MiB
llama_kv_cache: size =   42.00 MiB (   768 cells,  28 layers,  1/1 seqs), K (f16):   21.00 MiB, V (f16):   21.00 MiB
llama_kv_cache: attn_rot_k = 0, n_embd_head_k_all = 128
llama_kv_cache: attn_rot_v = 0, n_embd_head_k_all = 128
llama_context: enumerating backends
llama_context: backend_ptrs.size() = 2
sched_reserve: reserving ...
sched_reserve: max_nodes = 2712
sched_reserve: reserving full memory module
sched_reserve: worst-case: n_tokens = 512, n_seqs = 1, n_outputs = 1
graph_reserve: reserving a graph for ubatch with n_tokens =    1, n_seqs =  1, n_outputs =    1
sched_reserve: Flash Attention was auto, set to enabled
sched_reserve: resolving fused Gated Delta Net support:
graph_reserve: reserving a graph for ubatch with n_tokens =    1, n_seqs =  1, n_outputs =    1
sched_reserve: fused Gated Delta Net (autoregressive) enabled
graph_reserve: reserving a graph for ubatch with n_tokens =   16, n_seqs =  1, n_outputs =   16
sched_reserve: fused Gated Delta Net (chunked) enabled
graph_reserve: reserving a graph for ubatch with n_tokens =  512, n_seqs =  1, n_outputs =  512
graph_reserve: reserving a graph for ubatch with n_tokens =    1, n_seqs =  1, n_outputs =    1
graph_reserve: reserving a graph for ubatch with n_tokens =  512, n_seqs =  1, n_outputs =  512
sched_reserve:      CUDA0 compute buffer size =   304.00 MiB
sched_reserve:  CUDA_Host compute buffer size =    14.76 MiB
sched_reserve: graph nodes  = 958
sched_reserve: graph splits = 44 (with bs=512), 2 (with bs=1)
sched_reserve: reserve took 14.98 ms, sched copies = 1
CUDA Graph id 4653 reused
ggml_backend_cuda_graph_compute: CUDA graph warmup complete
CUDA Graph id 4653 reused
CUDA Graph id 4653 reused
CUDA Graph id 4653 reused
CUDA Graph id 4653 reused
CUDA Graph id 4653 reused
CUDA Graph id 4653 reused
CUDA Graph id 4653 reused
CUDA Graph id 4653 reused
CUDA Graph id 4653 reused
ggml_backend_cuda_graph_compute: CUDA graph warmup reset
CUDA Graph id 4656 reused
ggml_backend_cuda_graph_compute: CUDA graph warmup complete
CUDA Graph id 4656 reused
CUDA Graph id 4656 reused
CUDA Graph id 4656 reused
CUDA Graph id 4656 reused
CUDA Graph id 4656 reused
CUDA Graph id 4656 reused
CUDA Graph id 4656 reused
CUDA Graph id 4656 reused
CUDA Graph id 4656 reused
CUDA Graph id 4656 reused
CUDA Graph id 4656 reused
CUDA Graph id 4656 reused
CUDA Graph id 4656 reused
CUDA Graph id 4656 reused
CUDA Graph id 4656 reused
CUDA Graph id 4656 reused
CUDA Graph id 4656 reused
CUDA Graph id 4656 reused
CUDA Graph id 4656 reused
CUDA Graph id 4656 reused
CUDA Graph id 4656 reused
CUDA Graph id 4656 reused
CUDA Graph id 4656 reused
CUDA Graph id 4656 reused
CUDA Graph id 4656 reused
CUDA Graph id 4656 reused
CUDA Graph id 4656 reused
CUDA Graph id 4656 reused
CUDA Graph id 4656 reused
CUDA Graph id 4656 reused
CUDA Graph id 4656 reused
CUDA Graph id 4656 reused
~llama_context:      CUDA0 compute buffer size is 304.0000 MiB, matches expectation of 304.0000 MiB
~llama_context:  CUDA_Host compute buffer size is  14.7637 MiB, matches expectation of  14.7637 MiB
llama_context: constructing llama_context
llama_context: n_seq_max     = 1
llama_context: n_ctx         = 768
llama_context: n_ctx_seq     = 768
llama_context: n_batch       = 765
llama_context: n_ubatch      = 512
llama_context: causal_attn   = 1
llama_context: flash_attn    = auto
llama_context: kv_unified    = false
llama_context: freq_base     = 1000000.0
llama_context: freq_scale    = 1
llama_context: n_rs_seq      = 0
llama_context: n_outputs_max = 765
llama_context: n_ctx_seq (768) < n_ctx_train (32768) -- the full capacity of the model will not be utilized
set_abort_callback: call
llama_context:  CUDA_Host  output buffer size =     0.58 MiB
llama_kv_cache: layer   0: dev = CPU
llama_kv_cache: layer   1: dev = CPU
llama_kv_cache: layer   2: dev = CPU
llama_kv_cache: layer   3: dev = CUDA0
llama_kv_cache: layer   4: dev = CUDA0
llama_kv_cache: layer   5: dev = CUDA0
llama_kv_cache: layer   6: dev = CUDA0
llama_kv_cache: layer   7: dev = CUDA0
llama_kv_cache: layer   8: dev = CUDA0
llama_kv_cache: layer   9: dev = CUDA0
llama_kv_cache: layer  10: dev = CUDA0
llama_kv_cache: layer  11: dev = CUDA0
llama_kv_cache: layer  12: dev = CUDA0
llama_kv_cache: layer  13: dev = CUDA0
llama_kv_cache: layer  14: dev = CUDA0
llama_kv_cache: layer  15: dev = CUDA0
llama_kv_cache: layer  16: dev = CUDA0
llama_kv_cache: layer  17: dev = CUDA0
llama_kv_cache: layer  18: dev = CUDA0
llama_kv_cache: layer  19: dev = CUDA0
llama_kv_cache: layer  20: dev = CUDA0
llama_kv_cache: layer  21: dev = CUDA0
llama_kv_cache: layer  22: dev = CUDA0
llama_kv_cache: layer  23: dev = CUDA0
llama_kv_cache: layer  24: dev = CUDA0
llama_kv_cache: layer  25: dev = CUDA0
llama_kv_cache: layer  26: dev = CUDA0
llama_kv_cache: layer  27: dev = CUDA0
llama_kv_cache:        CPU KV buffer size =     4.50 MiB
llama_kv_cache:      CUDA0 KV buffer size =    37.50 MiB
llama_kv_cache: size =   42.00 MiB (   768 cells,  28 layers,  1/1 seqs), K (f16):   21.00 MiB, V (f16):   21.00 MiB
llama_kv_cache: attn_rot_k = 0, n_embd_head_k_all = 128
llama_kv_cache: attn_rot_v = 0, n_embd_head_k_all = 128
llama_context: enumerating backends
llama_context: backend_ptrs.size() = 2
sched_reserve: reserving ...
sched_reserve: max_nodes = 2712
sched_reserve: reserving full memory module
sched_reserve: worst-case: n_tokens = 512, n_seqs = 1, n_outputs = 1
graph_reserve: reserving a graph for ubatch with n_tokens =    1, n_seqs =  1, n_outputs =    1
sched_reserve: Flash Attention was auto, set to enabled
sched_reserve: resolving fused Gated Delta Net support:
graph_reserve: reserving a graph for ubatch with n_tokens =    1, n_seqs =  1, n_outputs =    1
sched_reserve: fused Gated Delta Net (autoregressive) enabled
graph_reserve: reserving a graph for ubatch with n_tokens =   16, n_seqs =  1, n_outputs =   16
sched_reserve: fused Gated Delta Net (chunked) enabled
graph_reserve: reserving a graph for ubatch with n_tokens =  512, n_seqs =  1, n_outputs =  512
graph_reserve: reserving a graph for ubatch with n_tokens =    1, n_seqs =  1, n_outputs =    1
graph_reserve: reserving a graph for ubatch with n_tokens =  512, n_seqs =  1, n_outputs =  512
sched_reserve:      CUDA0 compute buffer size =   304.00 MiB
sched_reserve:  CUDA_Host compute buffer size =    14.76 MiB
sched_reserve: graph nodes  = 958
sched_reserve: graph splits = 44 (with bs=512), 2 (with bs=1)
sched_reserve: reserve took 13.29 ms, sched copies = 1
CUDA Graph id 4806 reused
ggml_backend_cuda_graph_compute: CUDA graph warmup complete
CUDA Graph id 4806 reused
CUDA Graph id 4806 reused
CUDA Graph id 4806 reused
CUDA Graph id 4806 reused
CUDA Graph id 4806 reused
CUDA Graph id 4806 reused
CUDA Graph id 4806 reused
CUDA Graph id 4806 reused
CUDA Graph id 4806 reused
ggml_backend_cuda_graph_compute: CUDA graph warmup reset
CUDA Graph id 4809 reused
ggml_backend_cuda_graph_compute: CUDA graph warmup complete
CUDA Graph id 4809 reused
CUDA Graph id 4809 reused
CUDA Graph id 4809 reused
CUDA Graph id 4809 reused
CUDA Graph id 4809 reused
CUDA Graph id 4809 reused
CUDA Graph id 4809 reused
CUDA Graph id 4809 reused
CUDA Graph id 4809 reused
CUDA Graph id 4809 reused
CUDA Graph id 4809 reused
CUDA Graph id 4809 reused
CUDA Graph id 4809 reused
CUDA Graph id 4809 reused
CUDA Graph id 4809 reused
CUDA Graph id 4809 reused
CUDA Graph id 4809 reused
CUDA Graph id 4809 reused
CUDA Graph id 4809 reused
CUDA Graph id 4809 reused
CUDA Graph id 4809 reused
CUDA Graph id 4809 reused
CUDA Graph id 4809 reused
CUDA Graph id 4809 reused
CUDA Graph id 4809 reused
CUDA Graph id 4809 reused
CUDA Graph id 4809 reused
CUDA Graph id 4809 reused
CUDA Graph id 4809 reused
CUDA Graph id 4809 reused
CUDA Graph id 4809 reused
CUDA Graph id 4809 reused
~llama_context:      CUDA0 compute buffer size is 304.0000 MiB, matches expectation of 304.0000 MiB
~llama_context:  CUDA_Host compute buffer size is  14.7637 MiB, matches expectation of  14.7637 MiB
llama_context: constructing llama_context
llama_context: n_seq_max     = 1
llama_context: n_ctx         = 768
llama_context: n_ctx_seq     = 768
llama_context: n_batch       = 765
llama_context: n_ubatch      = 512
llama_context: causal_attn   = 1
llama_context: flash_attn    = auto
llama_context: kv_unified    = false
llama_context: freq_base     = 1000000.0
llama_context: freq_scale    = 1
llama_context: n_rs_seq      = 0
llama_context: n_outputs_max = 765
llama_context: n_ctx_seq (768) < n_ctx_train (32768) -- the full capacity of the model will not be utilized
set_abort_callback: call
llama_context:  CUDA_Host  output buffer size =     0.58 MiB
llama_kv_cache: layer   0: dev = CPU
llama_kv_cache: layer   1: dev = CPU
llama_kv_cache: layer   2: dev = CPU
llama_kv_cache: layer   3: dev = CUDA0
llama_kv_cache: layer   4: dev = CUDA0
llama_kv_cache: layer   5: dev = CUDA0
llama_kv_cache: layer   6: dev = CUDA0
llama_kv_cache: layer   7: dev = CUDA0
llama_kv_cache: layer   8: dev = CUDA0
llama_kv_cache: layer   9: dev = CUDA0
llama_kv_cache: layer  10: dev = CUDA0
llama_kv_cache: layer  11: dev = CUDA0
llama_kv_cache: layer  12: dev = CUDA0
llama_kv_cache: layer  13: dev = CUDA0
llama_kv_cache: layer  14: dev = CUDA0
llama_kv_cache: layer  15: dev = CUDA0
llama_kv_cache: layer  16: dev = CUDA0
llama_kv_cache: layer  17: dev = CUDA0
llama_kv_cache: layer  18: dev = CUDA0
llama_kv_cache: layer  19: dev = CUDA0
llama_kv_cache: layer  20: dev = CUDA0
llama_kv_cache: layer  21: dev = CUDA0
llama_kv_cache: layer  22: dev = CUDA0
llama_kv_cache: layer  23: dev = CUDA0
llama_kv_cache: layer  24: dev = CUDA0
llama_kv_cache: layer  25: dev = CUDA0
llama_kv_cache: layer  26: dev = CUDA0
llama_kv_cache: layer  27: dev = CUDA0
llama_kv_cache:        CPU KV buffer size =     4.50 MiB
llama_kv_cache:      CUDA0 KV buffer size =    37.50 MiB
llama_kv_cache: size =   42.00 MiB (   768 cells,  28 layers,  1/1 seqs), K (f16):   21.00 MiB, V (f16):   21.00 MiB
llama_kv_cache: attn_rot_k = 0, n_embd_head_k_all = 128
llama_kv_cache: attn_rot_v = 0, n_embd_head_k_all = 128
llama_context: enumerating backends
llama_context: backend_ptrs.size() = 2
sched_reserve: reserving ...
sched_reserve: max_nodes = 2712
sched_reserve: reserving full memory module
sched_reserve: worst-case: n_tokens = 512, n_seqs = 1, n_outputs = 1
graph_reserve: reserving a graph for ubatch with n_tokens =    1, n_seqs =  1, n_outputs =    1
sched_reserve: Flash Attention was auto, set to enabled
sched_reserve: resolving fused Gated Delta Net support:
graph_reserve: reserving a graph for ubatch with n_tokens =    1, n_seqs =  1, n_outputs =    1
sched_reserve: fused Gated Delta Net (autoregressive) enabled
graph_reserve: reserving a graph for ubatch with n_tokens =   16, n_seqs =  1, n_outputs =   16
sched_reserve: fused Gated Delta Net (chunked) enabled
graph_reserve: reserving a graph for ubatch with n_tokens =  512, n_seqs =  1, n_outputs =  512
graph_reserve: reserving a graph for ubatch with n_tokens =    1, n_seqs =  1, n_outputs =    1
graph_reserve: reserving a graph for ubatch with n_tokens =  512, n_seqs =  1, n_outputs =  512
sched_reserve:      CUDA0 compute buffer size =   304.00 MiB
sched_reserve:  CUDA_Host compute buffer size =    14.76 MiB
sched_reserve: graph nodes  = 958
sched_reserve: graph splits = 44 (with bs=512), 2 (with bs=1)
sched_reserve: reserve took 17.65 ms, sched copies = 1
CUDA Graph id 4959 reused
ggml_backend_cuda_graph_compute: CUDA graph warmup complete
CUDA Graph id 4959 reused
CUDA Graph id 4959 reused
CUDA Graph id 4959 reused
CUDA Graph id 4959 reused
CUDA Graph id 4959 reused
CUDA Graph id 4959 reused
CUDA Graph id 4959 reused
CUDA Graph id 4959 reused
CUDA Graph id 4959 reused
ggml_backend_cuda_graph_compute: CUDA graph warmup reset
CUDA Graph id 4962 reused
ggml_backend_cuda_graph_compute: CUDA graph warmup complete
CUDA Graph id 4962 reused
CUDA Graph id 4962 reused
CUDA Graph id 4962 reused
CUDA Graph id 4962 reused
CUDA Graph id 4962 reused
CUDA Graph id 4962 reused
CUDA Graph id 4962 reused
CUDA Graph id 4962 reused
CUDA Graph id 4962 reused
CUDA Graph id 4962 reused
CUDA Graph id 4962 reused
CUDA Graph id 4962 reused
CUDA Graph id 4962 reused
CUDA Graph id 4962 reused
CUDA Graph id 4962 reused
CUDA Graph id 4962 reused
CUDA Graph id 4962 reused
CUDA Graph id 4962 reused
CUDA Graph id 4962 reused
CUDA Graph id 4962 reused
CUDA Graph id 4962 reused
CUDA Graph id 4962 reused
CUDA Graph id 4962 reused
CUDA Graph id 4962 reused
CUDA Graph id 4962 reused
CUDA Graph id 4962 reused
CUDA Graph id 4962 reused
CUDA Graph id 4962 reused
CUDA Graph id 4962 reused
CUDA Graph id 4962 reused
CUDA Graph id 4962 reused
CUDA Graph id 4962 reused
CUDA Graph id 4962 reused
CUDA Graph id 4962 reused
CUDA Graph id 4962 reused
CUDA Graph id 4962 reused
CUDA Graph id 4962 reused
CUDA Graph id 4962 reused
CUDA Graph id 4962 reused
CUDA Graph id 4962 reused
CUDA Graph id 4962 reused
CUDA Graph id 4962 reused
CUDA Graph id 4962 reused
CUDA Graph id 4962 reused
CUDA Graph id 4962 reused
CUDA Graph id 4962 reused
CUDA Graph id 4962 reused
CUDA Graph id 4962 reused
CUDA Graph id 4962 reused
CUDA Graph id 4962 reused
CUDA Graph id 4962 reused
CUDA Graph id 4962 reused
CUDA Graph id 4962 reused
CUDA Graph id 4962 reused
CUDA Graph id 4962 reused
CUDA Graph id 4962 reused
CUDA Graph id 4962 reused
CUDA Graph id 4962 reused
CUDA Graph id 4962 reused
CUDA Graph id 4962 reused
CUDA Graph id 4962 reused
CUDA Graph id 4962 reused
CUDA Graph id 4962 reused
CUDA Graph id 4962 reused
CUDA Graph id 4962 reused
CUDA Graph id 4962 reused
~llama_context:      CUDA0 compute buffer size is 304.0000 MiB, matches expectation of 304.0000 MiB
~llama_context:  CUDA_Host compute buffer size is  14.7637 MiB, matches expectation of  14.7637 MiB
llama_context: constructing llama_context
llama_context: n_seq_max     = 1
llama_context: n_ctx         = 768
llama_context: n_ctx_seq     = 768
llama_context: n_batch       = 765
llama_context: n_ubatch      = 512
llama_context: causal_attn   = 1
llama_context: flash_attn    = auto
llama_context: kv_unified    = false
llama_context: freq_base     = 1000000.0
llama_context: freq_scale    = 1
llama_context: n_rs_seq      = 0
llama_context: n_outputs_max = 765
llama_context: n_ctx_seq (768) < n_ctx_train (32768) -- the full capacity of the model will not be utilized
set_abort_callback: call
llama_context:  CUDA_Host  output buffer size =     0.58 MiB
llama_kv_cache: layer   0: dev = CPU
llama_kv_cache: layer   1: dev = CPU
llama_kv_cache: layer   2: dev = CPU
llama_kv_cache: layer   3: dev = CUDA0
llama_kv_cache: layer   4: dev = CUDA0
llama_kv_cache: layer   5: dev = CUDA0
llama_kv_cache: layer   6: dev = CUDA0
llama_kv_cache: layer   7: dev = CUDA0
llama_kv_cache: layer   8: dev = CUDA0
llama_kv_cache: layer   9: dev = CUDA0
llama_kv_cache: layer  10: dev = CUDA0
llama_kv_cache: layer  11: dev = CUDA0
llama_kv_cache: layer  12: dev = CUDA0
llama_kv_cache: layer  13: dev = CUDA0
llama_kv_cache: layer  14: dev = CUDA0
llama_kv_cache: layer  15: dev = CUDA0
llama_kv_cache: layer  16: dev = CUDA0
llama_kv_cache: layer  17: dev = CUDA0
llama_kv_cache: layer  18: dev = CUDA0
llama_kv_cache: layer  19: dev = CUDA0
llama_kv_cache: layer  20: dev = CUDA0
llama_kv_cache: layer  21: dev = CUDA0
llama_kv_cache: layer  22: dev = CUDA0
llama_kv_cache: layer  23: dev = CUDA0
llama_kv_cache: layer  24: dev = CUDA0
llama_kv_cache: layer  25: dev = CUDA0
llama_kv_cache: layer  26: dev = CUDA0
llama_kv_cache: layer  27: dev = CUDA0
llama_kv_cache:        CPU KV buffer size =     4.50 MiB
llama_kv_cache:      CUDA0 KV buffer size =    37.50 MiB
llama_kv_cache: size =   42.00 MiB (   768 cells,  28 layers,  1/1 seqs), K (f16):   21.00 MiB, V (f16):   21.00 MiB
llama_kv_cache: attn_rot_k = 0, n_embd_head_k_all = 128
llama_kv_cache: attn_rot_v = 0, n_embd_head_k_all = 128
llama_context: enumerating backends
llama_context: backend_ptrs.size() = 2
sched_reserve: reserving ...
sched_reserve: max_nodes = 2712
sched_reserve: reserving full memory module
sched_reserve: worst-case: n_tokens = 512, n_seqs = 1, n_outputs = 1
graph_reserve: reserving a graph for ubatch with n_tokens =    1, n_seqs =  1, n_outputs =    1
sched_reserve: Flash Attention was auto, set to enabled
sched_reserve: resolving fused Gated Delta Net support:
graph_reserve: reserving a graph for ubatch with n_tokens =    1, n_seqs =  1, n_outputs =    1
sched_reserve: fused Gated Delta Net (autoregressive) enabled
graph_reserve: reserving a graph for ubatch with n_tokens =   16, n_seqs =  1, n_outputs =   16
sched_reserve: fused Gated Delta Net (chunked) enabled
graph_reserve: reserving a graph for ubatch with n_tokens =  512, n_seqs =  1, n_outputs =  512
graph_reserve: reserving a graph for ubatch with n_tokens =    1, n_seqs =  1, n_outputs =    1
graph_reserve: reserving a graph for ubatch with n_tokens =  512, n_seqs =  1, n_outputs =  512
sched_reserve:      CUDA0 compute buffer size =   304.00 MiB
sched_reserve:  CUDA_Host compute buffer size =    14.76 MiB
sched_reserve: graph nodes  = 958
sched_reserve: graph splits = 44 (with bs=512), 2 (with bs=1)
sched_reserve: reserve took 16.01 ms, sched copies = 1
CUDA Graph id 5112 reused
ggml_backend_cuda_graph_compute: CUDA graph warmup complete
CUDA Graph id 5112 reused
CUDA Graph id 5112 reused
CUDA Graph id 5112 reused
CUDA Graph id 5112 reused
CUDA Graph id 5112 reused
CUDA Graph id 5112 reused
CUDA Graph id 5112 reused
CUDA Graph id 5112 reused
CUDA Graph id 5112 reused
ggml_backend_cuda_graph_compute: CUDA graph warmup reset
CUDA Graph id 5115 reused
ggml_backend_cuda_graph_compute: CUDA graph warmup complete
CUDA Graph id 5115 reused
CUDA Graph id 5115 reused
CUDA Graph id 5115 reused
CUDA Graph id 5115 reused
CUDA Graph id 5115 reused
CUDA Graph id 5115 reused
CUDA Graph id 5115 reused
CUDA Graph id 5115 reused
CUDA Graph id 5115 reused
CUDA Graph id 5115 reused
CUDA Graph id 5115 reused
CUDA Graph id 5115 reused
CUDA Graph id 5115 reused
CUDA Graph id 5115 reused
CUDA Graph id 5115 reused
CUDA Graph id 5115 reused
CUDA Graph id 5115 reused
CUDA Graph id 5115 reused
CUDA Graph id 5115 reused
CUDA Graph id 5115 reused
CUDA Graph id 5115 reused
CUDA Graph id 5115 reused
CUDA Graph id 5115 reused
CUDA Graph id 5115 reused
CUDA Graph id 5115 reused
CUDA Graph id 5115 reused
CUDA Graph id 5115 reused
CUDA Graph id 5115 reused
CUDA Graph id 5115 reused
CUDA Graph id 5115 reused
CUDA Graph id 5115 reused
CUDA Graph id 5115 reused
CUDA Graph id 5115 reused
CUDA Graph id 5115 reused
CUDA Graph id 5115 reused
~llama_context:      CUDA0 compute buffer size is 304.0000 MiB, matches expectation of 304.0000 MiB
~llama_context:  CUDA_Host compute buffer size is  14.7637 MiB, matches expectation of  14.7637 MiB
llama_context: constructing llama_context
llama_context: n_seq_max     = 1
llama_context: n_ctx         = 768
llama_context: n_ctx_seq     = 768
llama_context: n_batch       = 765
llama_context: n_ubatch      = 512
llama_context: causal_attn   = 1
llama_context: flash_attn    = auto
llama_context: kv_unified    = false
llama_context: freq_base     = 1000000.0
llama_context: freq_scale    = 1
llama_context: n_rs_seq      = 0
llama_context: n_outputs_max = 765
llama_context: n_ctx_seq (768) < n_ctx_train (32768) -- the full capacity of the model will not be utilized
set_abort_callback: call
llama_context:  CUDA_Host  output buffer size =     0.58 MiB
llama_kv_cache: layer   0: dev = CPU
llama_kv_cache: layer   1: dev = CPU
llama_kv_cache: layer   2: dev = CPU
llama_kv_cache: layer   3: dev = CUDA0
llama_kv_cache: layer   4: dev = CUDA0
llama_kv_cache: layer   5: dev = CUDA0
llama_kv_cache: layer   6: dev = CUDA0
llama_kv_cache: layer   7: dev = CUDA0
llama_kv_cache: layer   8: dev = CUDA0
llama_kv_cache: layer   9: dev = CUDA0
llama_kv_cache: layer  10: dev = CUDA0
llama_kv_cache: layer  11: dev = CUDA0
llama_kv_cache: layer  12: dev = CUDA0
llama_kv_cache: layer  13: dev = CUDA0
llama_kv_cache: layer  14: dev = CUDA0
llama_kv_cache: layer  15: dev = CUDA0
llama_kv_cache: layer  16: dev = CUDA0
llama_kv_cache: layer  17: dev = CUDA0
llama_kv_cache: layer  18: dev = CUDA0
llama_kv_cache: layer  19: dev = CUDA0
llama_kv_cache: layer  20: dev = CUDA0
llama_kv_cache: layer  21: dev = CUDA0
llama_kv_cache: layer  22: dev = CUDA0
llama_kv_cache: layer  23: dev = CUDA0
llama_kv_cache: layer  24: dev = CUDA0
llama_kv_cache: layer  25: dev = CUDA0
llama_kv_cache: layer  26: dev = CUDA0
llama_kv_cache: layer  27: dev = CUDA0
llama_kv_cache:        CPU KV buffer size =     4.50 MiB
llama_kv_cache:      CUDA0 KV buffer size =    37.50 MiB
llama_kv_cache: size =   42.00 MiB (   768 cells,  28 layers,  1/1 seqs), K (f16):   21.00 MiB, V (f16):   21.00 MiB
llama_kv_cache: attn_rot_k = 0, n_embd_head_k_all = 128
llama_kv_cache: attn_rot_v = 0, n_embd_head_k_all = 128
llama_context: enumerating backends
llama_context: backend_ptrs.size() = 2
sched_reserve: reserving ...
sched_reserve: max_nodes = 2712
sched_reserve: reserving full memory module
sched_reserve: worst-case: n_tokens = 512, n_seqs = 1, n_outputs = 1
graph_reserve: reserving a graph for ubatch with n_tokens =    1, n_seqs =  1, n_outputs =    1
sched_reserve: Flash Attention was auto, set to enabled
sched_reserve: resolving fused Gated Delta Net support:
graph_reserve: reserving a graph for ubatch with n_tokens =    1, n_seqs =  1, n_outputs =    1
sched_reserve: fused Gated Delta Net (autoregressive) enabled
graph_reserve: reserving a graph for ubatch with n_tokens =   16, n_seqs =  1, n_outputs =   16
sched_reserve: fused Gated Delta Net (chunked) enabled
graph_reserve: reserving a graph for ubatch with n_tokens =  512, n_seqs =  1, n_outputs =  512
graph_reserve: reserving a graph for ubatch with n_tokens =    1, n_seqs =  1, n_outputs =    1
graph_reserve: reserving a graph for ubatch with n_tokens =  512, n_seqs =  1, n_outputs =  512
sched_reserve:      CUDA0 compute buffer size =   304.00 MiB
sched_reserve:  CUDA_Host compute buffer size =    14.76 MiB
sched_reserve: graph nodes  = 958
sched_reserve: graph splits = 44 (with bs=512), 2 (with bs=1)
sched_reserve: reserve took 13.80 ms, sched copies = 1
CUDA Graph id 5265 reused
ggml_backend_cuda_graph_compute: CUDA graph warmup complete
CUDA Graph id 5265 reused
CUDA Graph id 5265 reused
CUDA Graph id 5265 reused
CUDA Graph id 5265 reused
CUDA Graph id 5265 reused
CUDA Graph id 5265 reused
CUDA Graph id 5265 reused
CUDA Graph id 5265 reused
CUDA Graph id 5265 reused
ggml_backend_cuda_graph_compute: CUDA graph warmup reset
CUDA Graph id 5268 reused
ggml_backend_cuda_graph_compute: CUDA graph warmup complete
CUDA Graph id 5268 reused
CUDA Graph id 5268 reused
CUDA Graph id 5268 reused
CUDA Graph id 5268 reused
CUDA Graph id 5268 reused
CUDA Graph id 5268 reused
CUDA Graph id 5268 reused
CUDA Graph id 5268 reused
~llama_context:      CUDA0 compute buffer size is 304.0000 MiB, matches expectation of 304.0000 MiB
~llama_context:  CUDA_Host compute buffer size is  14.7637 MiB, matches expectation of  14.7637 MiB
llama_context: constructing llama_context
llama_context: n_seq_max     = 1
llama_context: n_ctx         = 768
llama_context: n_ctx_seq     = 768
llama_context: n_batch       = 765
llama_context: n_ubatch      = 512
llama_context: causal_attn   = 1
llama_context: flash_attn    = auto
llama_context: kv_unified    = false
llama_context: freq_base     = 1000000.0
llama_context: freq_scale    = 1
llama_context: n_rs_seq      = 0
llama_context: n_outputs_max = 765
llama_context: n_ctx_seq (768) < n_ctx_train (32768) -- the full capacity of the model will not be utilized
set_abort_callback: call
llama_context:  CUDA_Host  output buffer size =     0.58 MiB
llama_kv_cache: layer   0: dev = CPU
llama_kv_cache: layer   1: dev = CPU
llama_kv_cache: layer   2: dev = CPU
llama_kv_cache: layer   3: dev = CUDA0
llama_kv_cache: layer   4: dev = CUDA0
llama_kv_cache: layer   5: dev = CUDA0
llama_kv_cache: layer   6: dev = CUDA0
llama_kv_cache: layer   7: dev = CUDA0
llama_kv_cache: layer   8: dev = CUDA0
llama_kv_cache: layer   9: dev = CUDA0
llama_kv_cache: layer  10: dev = CUDA0
llama_kv_cache: layer  11: dev = CUDA0
llama_kv_cache: layer  12: dev = CUDA0
llama_kv_cache: layer  13: dev = CUDA0
llama_kv_cache: layer  14: dev = CUDA0
llama_kv_cache: layer  15: dev = CUDA0
llama_kv_cache: layer  16: dev = CUDA0
llama_kv_cache: layer  17: dev = CUDA0
llama_kv_cache: layer  18: dev = CUDA0
llama_kv_cache: layer  19: dev = CUDA0
llama_kv_cache: layer  20: dev = CUDA0
llama_kv_cache: layer  21: dev = CUDA0
llama_kv_cache: layer  22: dev = CUDA0
llama_kv_cache: layer  23: dev = CUDA0
llama_kv_cache: layer  24: dev = CUDA0
llama_kv_cache: layer  25: dev = CUDA0
llama_kv_cache: layer  26: dev = CUDA0
llama_kv_cache: layer  27: dev = CUDA0
llama_kv_cache:        CPU KV buffer size =     4.50 MiB
llama_kv_cache:      CUDA0 KV buffer size =    37.50 MiB
llama_kv_cache: size =   42.00 MiB (   768 cells,  28 layers,  1/1 seqs), K (f16):   21.00 MiB, V (f16):   21.00 MiB
llama_kv_cache: attn_rot_k = 0, n_embd_head_k_all = 128
llama_kv_cache: attn_rot_v = 0, n_embd_head_k_all = 128
llama_context: enumerating backends
llama_context: backend_ptrs.size() = 2
sched_reserve: reserving ...
sched_reserve: max_nodes = 2712
sched_reserve: reserving full memory module
sched_reserve: worst-case: n_tokens = 512, n_seqs = 1, n_outputs = 1
graph_reserve: reserving a graph for ubatch with n_tokens =    1, n_seqs =  1, n_outputs =    1
sched_reserve: Flash Attention was auto, set to enabled
sched_reserve: resolving fused Gated Delta Net support:
graph_reserve: reserving a graph for ubatch with n_tokens =    1, n_seqs =  1, n_outputs =    1
sched_reserve: fused Gated Delta Net (autoregressive) enabled
graph_reserve: reserving a graph for ubatch with n_tokens =   16, n_seqs =  1, n_outputs =   16
sched_reserve: fused Gated Delta Net (chunked) enabled
graph_reserve: reserving a graph for ubatch with n_tokens =  512, n_seqs =  1, n_outputs =  512
graph_reserve: reserving a graph for ubatch with n_tokens =    1, n_seqs =  1, n_outputs =    1
graph_reserve: reserving a graph for ubatch with n_tokens =  512, n_seqs =  1, n_outputs =  512
sched_reserve:      CUDA0 compute buffer size =   304.00 MiB
sched_reserve:  CUDA_Host compute buffer size =    14.76 MiB
sched_reserve: graph nodes  = 958
sched_reserve: graph splits = 44 (with bs=512), 2 (with bs=1)
sched_reserve: reserve took 10.81 ms, sched copies = 1
CUDA Graph id 5418 reused
ggml_backend_cuda_graph_compute: CUDA graph warmup complete
CUDA Graph id 5418 reused
CUDA Graph id 5418 reused
CUDA Graph id 5418 reused
CUDA Graph id 5418 reused
CUDA Graph id 5418 reused
CUDA Graph id 5418 reused
CUDA Graph id 5418 reused
CUDA Graph id 5418 reused
CUDA Graph id 5418 reused
ggml_backend_cuda_graph_compute: CUDA graph warmup reset
CUDA Graph id 5421 reused
ggml_backend_cuda_graph_compute: CUDA graph warmup complete
CUDA Graph id 5421 reused
CUDA Graph id 5421 reused
CUDA Graph id 5421 reused
CUDA Graph id 5421 reused
CUDA Graph id 5421 reused
CUDA Graph id 5421 reused
CUDA Graph id 5421 reused
CUDA Graph id 5421 reused
CUDA Graph id 5421 reused
CUDA Graph id 5421 reused
CUDA Graph id 5421 reused
CUDA Graph id 5421 reused
CUDA Graph id 5421 reused
CUDA Graph id 5421 reused
CUDA Graph id 5421 reused
CUDA Graph id 5421 reused
CUDA Graph id 5421 reused
CUDA Graph id 5421 reused
CUDA Graph id 5421 reused
CUDA Graph id 5421 reused
CUDA Graph id 5421 reused
CUDA Graph id 5421 reused
CUDA Graph id 5421 reused
CUDA Graph id 5421 reused
CUDA Graph id 5421 reused
CUDA Graph id 5421 reused
CUDA Graph id 5421 reused
CUDA Graph id 5421 reused
CUDA Graph id 5421 reused
CUDA Graph id 5421 reused
CUDA Graph id 5421 reused
CUDA Graph id 5421 reused
CUDA Graph id 5421 reused
CUDA Graph id 5421 reused
CUDA Graph id 5421 reused
CUDA Graph id 5421 reused
CUDA Graph id 5421 reused
CUDA Graph id 5421 reused
CUDA Graph id 5421 reused
CUDA Graph id 5421 reused
CUDA Graph id 5421 reused
CUDA Graph id 5421 reused
CUDA Graph id 5421 reused
CUDA Graph id 5421 reused
CUDA Graph id 5421 reused
CUDA Graph id 5421 reused
CUDA Graph id 5421 reused
CUDA Graph id 5421 reused
CUDA Graph id 5421 reused
CUDA Graph id 5421 reused
CUDA Graph id 5421 reused
CUDA Graph id 5421 reused
~llama_context:      CUDA0 compute buffer size is 304.0000 MiB, matches expectation of 304.0000 MiB
~llama_context:  CUDA_Host compute buffer size is  14.7637 MiB, matches expectation of  14.7637 MiB
schema 181/200 done
llama_context: constructing llama_context
llama_context: n_seq_max     = 1
llama_context: n_ctx         = 1024
llama_context: n_ctx_seq     = 1024
llama_context: n_batch       = 828
llama_context: n_ubatch      = 512
llama_context: causal_attn   = 1
llama_context: flash_attn    = auto
llama_context: kv_unified    = false
llama_context: freq_base     = 1000000.0
llama_context: freq_scale    = 1
llama_context: n_rs_seq      = 0
llama_context: n_outputs_max = 828
llama_context: n_ctx_seq (1024) < n_ctx_train (32768) -- the full capacity of the model will not be utilized
set_abort_callback: call
llama_context:  CUDA_Host  output buffer size =     0.58 MiB
llama_kv_cache: layer   0: dev = CPU
llama_kv_cache: layer   1: dev = CPU
llama_kv_cache: layer   2: dev = CPU
llama_kv_cache: layer   3: dev = CUDA0
llama_kv_cache: layer   4: dev = CUDA0
llama_kv_cache: layer   5: dev = CUDA0
llama_kv_cache: layer   6: dev = CUDA0
llama_kv_cache: layer   7: dev = CUDA0
llama_kv_cache: layer   8: dev = CUDA0
llama_kv_cache: layer   9: dev = CUDA0
llama_kv_cache: layer  10: dev = CUDA0
llama_kv_cache: layer  11: dev = CUDA0
llama_kv_cache: layer  12: dev = CUDA0
llama_kv_cache: layer  13: dev = CUDA0
llama_kv_cache: layer  14: dev = CUDA0
llama_kv_cache: layer  15: dev = CUDA0
llama_kv_cache: layer  16: dev = CUDA0
llama_kv_cache: layer  17: dev = CUDA0
llama_kv_cache: layer  18: dev = CUDA0
llama_kv_cache: layer  19: dev = CUDA0
llama_kv_cache: layer  20: dev = CUDA0
llama_kv_cache: layer  21: dev = CUDA0
llama_kv_cache: layer  22: dev = CUDA0
llama_kv_cache: layer  23: dev = CUDA0
llama_kv_cache: layer  24: dev = CUDA0
llama_kv_cache: layer  25: dev = CUDA0
llama_kv_cache: layer  26: dev = CUDA0
llama_kv_cache: layer  27: dev = CUDA0
llama_kv_cache:        CPU KV buffer size =     6.00 MiB
llama_kv_cache:      CUDA0 KV buffer size =    50.00 MiB
llama_kv_cache: size =   56.00 MiB (  1024 cells,  28 layers,  1/1 seqs), K (f16):   28.00 MiB, V (f16):   28.00 MiB
llama_kv_cache: attn_rot_k = 0, n_embd_head_k_all = 128
llama_kv_cache: attn_rot_v = 0, n_embd_head_k_all = 128
llama_context: enumerating backends
llama_context: backend_ptrs.size() = 2
sched_reserve: reserving ...
sched_reserve: max_nodes = 2712
sched_reserve: reserving full memory module
sched_reserve: worst-case: n_tokens = 512, n_seqs = 1, n_outputs = 1
graph_reserve: reserving a graph for ubatch with n_tokens =    1, n_seqs =  1, n_outputs =    1
sched_reserve: Flash Attention was auto, set to enabled
sched_reserve: resolving fused Gated Delta Net support:
graph_reserve: reserving a graph for ubatch with n_tokens =    1, n_seqs =  1, n_outputs =    1
sched_reserve: fused Gated Delta Net (autoregressive) enabled
graph_reserve: reserving a graph for ubatch with n_tokens =   16, n_seqs =  1, n_outputs =   16
sched_reserve: fused Gated Delta Net (chunked) enabled
graph_reserve: reserving a graph for ubatch with n_tokens =  512, n_seqs =  1, n_outputs =  512
graph_reserve: reserving a graph for ubatch with n_tokens =    1, n_seqs =  1, n_outputs =    1
graph_reserve: reserving a graph for ubatch with n_tokens =  512, n_seqs =  1, n_outputs =  512
sched_reserve:      CUDA0 compute buffer size =   304.00 MiB
sched_reserve:  CUDA_Host compute buffer size =    15.01 MiB
sched_reserve: graph nodes  = 958
sched_reserve: graph splits = 44 (with bs=512), 2 (with bs=1)
sched_reserve: reserve took 16.65 ms, sched copies = 1
CUDA Graph id 5571 reused
ggml_backend_cuda_graph_compute: CUDA graph warmup complete
CUDA Graph id 5571 reused
CUDA Graph id 5571 reused
CUDA Graph id 5571 reused
CUDA Graph id 5571 reused
CUDA Graph id 5571 reused
CUDA Graph id 5571 reused
CUDA Graph id 5571 reused
CUDA Graph id 5571 reused
CUDA Graph id 5571 reused
CUDA Graph id 5571 reused
CUDA Graph id 5571 reused
CUDA Graph id 5571 reused
CUDA Graph id 5571 reused
CUDA Graph id 5571 reused
CUDA Graph id 5571 reused
CUDA Graph id 5571 reused
CUDA Graph id 5571 reused
CUDA Graph id 5571 reused
CUDA Graph id 5571 reused
CUDA Graph id 5571 reused
CUDA Graph id 5571 reused
CUDA Graph id 5571 reused
CUDA Graph id 5571 reused
CUDA Graph id 5571 reused
CUDA Graph id 5571 reused
CUDA Graph id 5571 reused
CUDA Graph id 5571 reused
CUDA Graph id 5571 reused
CUDA Graph id 5571 reused
CUDA Graph id 5571 reused
CUDA Graph id 5571 reused
CUDA Graph id 5571 reused
CUDA Graph id 5571 reused
CUDA Graph id 5571 reused
CUDA Graph id 5571 reused
CUDA Graph id 5571 reused
CUDA Graph id 5571 reused
CUDA Graph id 5571 reused
CUDA Graph id 5571 reused
CUDA Graph id 5571 reused
CUDA Graph id 5571 reused
CUDA Graph id 5571 reused
CUDA Graph id 5571 reused
CUDA Graph id 5571 reused
CUDA Graph id 5571 reused
CUDA Graph id 5571 reused
CUDA Graph id 5571 reused
CUDA Graph id 5571 reused
CUDA Graph id 5571 reused
CUDA Graph id 5571 reused
CUDA Graph id 5571 reused
CUDA Graph id 5571 reused
CUDA Graph id 5571 reused
CUDA Graph id 5571 reused
CUDA Graph id 5571 reused
CUDA Graph id 5571 reused
CUDA Graph id 5571 reused
CUDA Graph id 5571 reused
CUDA Graph id 5571 reused
CUDA Graph id 5571 reused
~llama_context:      CUDA0 compute buffer size is 304.0000 MiB, matches expectation of 304.0000 MiB
~llama_context:  CUDA_Host compute buffer size is  15.0137 MiB, matches expectation of  15.0137 MiB
llama_context: constructing llama_context
llama_context: n_seq_max     = 1
llama_context: n_ctx         = 1024
llama_context: n_ctx_seq     = 1024
llama_context: n_batch       = 828
llama_context: n_ubatch      = 512
llama_context: causal_attn   = 1
llama_context: flash_attn    = auto
llama_context: kv_unified    = false
llama_context: freq_base     = 1000000.0
llama_context: freq_scale    = 1
llama_context: n_rs_seq      = 0
llama_context: n_outputs_max = 828
llama_context: n_ctx_seq (1024) < n_ctx_train (32768) -- the full capacity of the model will not be utilized
set_abort_callback: call
llama_context:  CUDA_Host  output buffer size =     0.58 MiB
llama_kv_cache: layer   0: dev = CPU
llama_kv_cache: layer   1: dev = CPU
llama_kv_cache: layer   2: dev = CPU
llama_kv_cache: layer   3: dev = CUDA0
llama_kv_cache: layer   4: dev = CUDA0
llama_kv_cache: layer   5: dev = CUDA0
llama_kv_cache: layer   6: dev = CUDA0
llama_kv_cache: layer   7: dev = CUDA0
llama_kv_cache: layer   8: dev = CUDA0
llama_kv_cache: layer   9: dev = CUDA0
llama_kv_cache: layer  10: dev = CUDA0
llama_kv_cache: layer  11: dev = CUDA0
llama_kv_cache: layer  12: dev = CUDA0
llama_kv_cache: layer  13: dev = CUDA0
llama_kv_cache: layer  14: dev = CUDA0
llama_kv_cache: layer  15: dev = CUDA0
llama_kv_cache: layer  16: dev = CUDA0
llama_kv_cache: layer  17: dev = CUDA0
llama_kv_cache: layer  18: dev = CUDA0
llama_kv_cache: layer  19: dev = CUDA0
llama_kv_cache: layer  20: dev = CUDA0
llama_kv_cache: layer  21: dev = CUDA0
llama_kv_cache: layer  22: dev = CUDA0
llama_kv_cache: layer  23: dev = CUDA0
llama_kv_cache: layer  24: dev = CUDA0
llama_kv_cache: layer  25: dev = CUDA0
llama_kv_cache: layer  26: dev = CUDA0
llama_kv_cache: layer  27: dev = CUDA0
llama_kv_cache:        CPU KV buffer size =     6.00 MiB
llama_kv_cache:      CUDA0 KV buffer size =    50.00 MiB
llama_kv_cache: size =   56.00 MiB (  1024 cells,  28 layers,  1/1 seqs), K (f16):   28.00 MiB, V (f16):   28.00 MiB
llama_kv_cache: attn_rot_k = 0, n_embd_head_k_all = 128
llama_kv_cache: attn_rot_v = 0, n_embd_head_k_all = 128
llama_context: enumerating backends
llama_context: backend_ptrs.size() = 2
sched_reserve: reserving ...
sched_reserve: max_nodes = 2712
sched_reserve: reserving full memory module
sched_reserve: worst-case: n_tokens = 512, n_seqs = 1, n_outputs = 1
graph_reserve: reserving a graph for ubatch with n_tokens =    1, n_seqs =  1, n_outputs =    1
sched_reserve: Flash Attention was auto, set to enabled
sched_reserve: resolving fused Gated Delta Net support:
graph_reserve: reserving a graph for ubatch with n_tokens =    1, n_seqs =  1, n_outputs =    1
sched_reserve: fused Gated Delta Net (autoregressive) enabled
graph_reserve: reserving a graph for ubatch with n_tokens =   16, n_seqs =  1, n_outputs =   16
sched_reserve: fused Gated Delta Net (chunked) enabled
graph_reserve: reserving a graph for ubatch with n_tokens =  512, n_seqs =  1, n_outputs =  512
graph_reserve: reserving a graph for ubatch with n_tokens =    1, n_seqs =  1, n_outputs =    1
graph_reserve: reserving a graph for ubatch with n_tokens =  512, n_seqs =  1, n_outputs =  512
sched_reserve:      CUDA0 compute buffer size =   304.00 MiB
sched_reserve:  CUDA_Host compute buffer size =    15.01 MiB
sched_reserve: graph nodes  = 958
sched_reserve: graph splits = 44 (with bs=512), 2 (with bs=1)
sched_reserve: reserve took 11.21 ms, sched copies = 1
CUDA Graph id 5721 reused
ggml_backend_cuda_graph_compute: CUDA graph warmup complete
CUDA Graph id 5721 reused
CUDA Graph id 5721 reused
CUDA Graph id 5721 reused
CUDA Graph id 5721 reused
CUDA Graph id 5721 reused
CUDA Graph id 5721 reused
CUDA Graph id 5721 reused
CUDA Graph id 5721 reused
CUDA Graph id 5721 reused
CUDA Graph id 5721 reused
CUDA Graph id 5721 reused
CUDA Graph id 5721 reused
CUDA Graph id 5721 reused
CUDA Graph id 5721 reused
CUDA Graph id 5721 reused
CUDA Graph id 5721 reused
CUDA Graph id 5721 reused
CUDA Graph id 5721 reused
CUDA Graph id 5721 reused
CUDA Graph id 5721 reused
CUDA Graph id 5721 reused
CUDA Graph id 5721 reused
CUDA Graph id 5721 reused
CUDA Graph id 5721 reused
CUDA Graph id 5721 reused
CUDA Graph id 5721 reused
CUDA Graph id 5721 reused
CUDA Graph id 5721 reused
CUDA Graph id 5721 reused
CUDA Graph id 5721 reused
CUDA Graph id 5721 reused
CUDA Graph id 5721 reused
CUDA Graph id 5721 reused
CUDA Graph id 5721 reused
CUDA Graph id 5721 reused
CUDA Graph id 5721 reused
CUDA Graph id 5721 reused
CUDA Graph id 5721 reused
CUDA Graph id 5721 reused
CUDA Graph id 5721 reused
CUDA Graph id 5721 reused
CUDA Graph id 5721 reused
CUDA Graph id 5721 reused
CUDA Graph id 5721 reused
CUDA Graph id 5721 reused
CUDA Graph id 5721 reused
CUDA Graph id 5721 reused
CUDA Graph id 5721 reused
CUDA Graph id 5721 reused
CUDA Graph id 5721 reused
CUDA Graph id 5721 reused
CUDA Graph id 5721 reused
CUDA Graph id 5721 reused
CUDA Graph id 5721 reused
CUDA Graph id 5721 reused
CUDA Graph id 5721 reused
CUDA Graph id 5721 reused
CUDA Graph id 5721 reused
CUDA Graph id 5721 reused
CUDA Graph id 5721 reused
~llama_context:      CUDA0 compute buffer size is 304.0000 MiB, matches expectation of 304.0000 MiB
~llama_context:  CUDA_Host compute buffer size is  15.0137 MiB, matches expectation of  15.0137 MiB
llama_context: constructing llama_context
llama_context: n_seq_max     = 1
llama_context: n_ctx         = 1024
llama_context: n_ctx_seq     = 1024
llama_context: n_batch       = 828
llama_context: n_ubatch      = 512
llama_context: causal_attn   = 1
llama_context: flash_attn    = auto
llama_context: kv_unified    = false
llama_context: freq_base     = 1000000.0
llama_context: freq_scale    = 1
llama_context: n_rs_seq      = 0
llama_context: n_outputs_max = 828
llama_context: n_ctx_seq (1024) < n_ctx_train (32768) -- the full capacity of the model will not be utilized
set_abort_callback: call
llama_context:  CUDA_Host  output buffer size =     0.58 MiB
llama_kv_cache: layer   0: dev = CPU
llama_kv_cache: layer   1: dev = CPU
llama_kv_cache: layer   2: dev = CPU
llama_kv_cache: layer   3: dev = CUDA0
llama_kv_cache: layer   4: dev = CUDA0
llama_kv_cache: layer   5: dev = CUDA0
llama_kv_cache: layer   6: dev = CUDA0
llama_kv_cache: layer   7: dev = CUDA0
llama_kv_cache: layer   8: dev = CUDA0
llama_kv_cache: layer   9: dev = CUDA0
llama_kv_cache: layer  10: dev = CUDA0
llama_kv_cache: layer  11: dev = CUDA0
llama_kv_cache: layer  12: dev = CUDA0
llama_kv_cache: layer  13: dev = CUDA0
llama_kv_cache: layer  14: dev = CUDA0
llama_kv_cache: layer  15: dev = CUDA0
llama_kv_cache: layer  16: dev = CUDA0
llama_kv_cache: layer  17: dev = CUDA0
llama_kv_cache: layer  18: dev = CUDA0
llama_kv_cache: layer  19: dev = CUDA0
llama_kv_cache: layer  20: dev = CUDA0
llama_kv_cache: layer  21: dev = CUDA0
llama_kv_cache: layer  22: dev = CUDA0
llama_kv_cache: layer  23: dev = CUDA0
llama_kv_cache: layer  24: dev = CUDA0
llama_kv_cache: layer  25: dev = CUDA0
llama_kv_cache: layer  26: dev = CUDA0
llama_kv_cache: layer  27: dev = CUDA0
llama_kv_cache:        CPU KV buffer size =     6.00 MiB
llama_kv_cache:      CUDA0 KV buffer size =    50.00 MiB
llama_kv_cache: size =   56.00 MiB (  1024 cells,  28 layers,  1/1 seqs), K (f16):   28.00 MiB, V (f16):   28.00 MiB
llama_kv_cache: attn_rot_k = 0, n_embd_head_k_all = 128
llama_kv_cache: attn_rot_v = 0, n_embd_head_k_all = 128
llama_context: enumerating backends
llama_context: backend_ptrs.size() = 2
sched_reserve: reserving ...
sched_reserve: max_nodes = 2712
sched_reserve: reserving full memory module
sched_reserve: worst-case: n_tokens = 512, n_seqs = 1, n_outputs = 1
graph_reserve: reserving a graph for ubatch with n_tokens =    1, n_seqs =  1, n_outputs =    1
sched_reserve: Flash Attention was auto, set to enabled
sched_reserve: resolving fused Gated Delta Net support:
graph_reserve: reserving a graph for ubatch with n_tokens =    1, n_seqs =  1, n_outputs =    1
sched_reserve: fused Gated Delta Net (autoregressive) enabled
graph_reserve: reserving a graph for ubatch with n_tokens =   16, n_seqs =  1, n_outputs =   16
sched_reserve: fused Gated Delta Net (chunked) enabled
graph_reserve: reserving a graph for ubatch with n_tokens =  512, n_seqs =  1, n_outputs =  512
graph_reserve: reserving a graph for ubatch with n_tokens =    1, n_seqs =  1, n_outputs =    1
graph_reserve: reserving a graph for ubatch with n_tokens =  512, n_seqs =  1, n_outputs =  512
sched_reserve:      CUDA0 compute buffer size =   304.00 MiB
sched_reserve:  CUDA_Host compute buffer size =    15.01 MiB
sched_reserve: graph nodes  = 958
sched_reserve: graph splits = 44 (with bs=512), 2 (with bs=1)
sched_reserve: reserve took 14.15 ms, sched copies = 1
CUDA Graph id 5871 reused
ggml_backend_cuda_graph_compute: CUDA graph warmup complete
CUDA Graph id 5871 reused
CUDA Graph id 5871 reused
CUDA Graph id 5871 reused
CUDA Graph id 5871 reused
CUDA Graph id 5871 reused
CUDA Graph id 5871 reused
CUDA Graph id 5871 reused
CUDA Graph id 5871 reused
CUDA Graph id 5871 reused
CUDA Graph id 5871 reused
CUDA Graph id 5871 reused
CUDA Graph id 5871 reused
CUDA Graph id 5871 reused
CUDA Graph id 5871 reused
CUDA Graph id 5871 reused
CUDA Graph id 5871 reused
CUDA Graph id 5871 reused
CUDA Graph id 5871 reused
CUDA Graph id 5871 reused
CUDA Graph id 5871 reused
CUDA Graph id 5871 reused
CUDA Graph id 5871 reused
CUDA Graph id 5871 reused
CUDA Graph id 5871 reused
CUDA Graph id 5871 reused
CUDA Graph id 5871 reused
CUDA Graph id 5871 reused
CUDA Graph id 5871 reused
CUDA Graph id 5871 reused
CUDA Graph id 5871 reused
CUDA Graph id 5871 reused
CUDA Graph id 5871 reused
CUDA Graph id 5871 reused
CUDA Graph id 5871 reused
CUDA Graph id 5871 reused
CUDA Graph id 5871 reused
CUDA Graph id 5871 reused
CUDA Graph id 5871 reused
CUDA Graph id 5871 reused
CUDA Graph id 5871 reused
CUDA Graph id 5871 reused
CUDA Graph id 5871 reused
CUDA Graph id 5871 reused
CUDA Graph id 5871 reused
CUDA Graph id 5871 reused
CUDA Graph id 5871 reused
CUDA Graph id 5871 reused
CUDA Graph id 5871 reused
CUDA Graph id 5871 reused
CUDA Graph id 5871 reused
CUDA Graph id 5871 reused
CUDA Graph id 5871 reused
CUDA Graph id 5871 reused
CUDA Graph id 5871 reused
CUDA Graph id 5871 reused
CUDA Graph id 5871 reused
CUDA Graph id 5871 reused
CUDA Graph id 5871 reused
CUDA Graph id 5871 reused
CUDA Graph id 5871 reused
CUDA Graph id 5871 reused
CUDA Graph id 5871 reused
CUDA Graph id 5871 reused
CUDA Graph id 5871 reused
CUDA Graph id 5871 reused
CUDA Graph id 5871 reused
CUDA Graph id 5871 reused
CUDA Graph id 5871 reused
CUDA Graph id 5871 reused
CUDA Graph id 5871 reused
CUDA Graph id 5871 reused
CUDA Graph id 5871 reused
CUDA Graph id 5871 reused
~llama_context:      CUDA0 compute buffer size is 304.0000 MiB, matches expectation of 304.0000 MiB
~llama_context:  CUDA_Host compute buffer size is  15.0137 MiB, matches expectation of  15.0137 MiB
llama_context: constructing llama_context
llama_context: n_seq_max     = 1
llama_context: n_ctx         = 1024
llama_context: n_ctx_seq     = 1024
llama_context: n_batch       = 828
llama_context: n_ubatch      = 512
llama_context: causal_attn   = 1
llama_context: flash_attn    = auto
llama_context: kv_unified    = false
llama_context: freq_base     = 1000000.0
llama_context: freq_scale    = 1
llama_context: n_rs_seq      = 0
llama_context: n_outputs_max = 828
llama_context: n_ctx_seq (1024) < n_ctx_train (32768) -- the full capacity of the model will not be utilized
set_abort_callback: call
llama_context:  CUDA_Host  output buffer size =     0.58 MiB
llama_kv_cache: layer   0: dev = CPU
llama_kv_cache: layer   1: dev = CPU
llama_kv_cache: layer   2: dev = CPU
llama_kv_cache: layer   3: dev = CUDA0
llama_kv_cache: layer   4: dev = CUDA0
llama_kv_cache: layer   5: dev = CUDA0
llama_kv_cache: layer   6: dev = CUDA0
llama_kv_cache: layer   7: dev = CUDA0
llama_kv_cache: layer   8: dev = CUDA0
llama_kv_cache: layer   9: dev = CUDA0
llama_kv_cache: layer  10: dev = CUDA0
llama_kv_cache: layer  11: dev = CUDA0
llama_kv_cache: layer  12: dev = CUDA0
llama_kv_cache: layer  13: dev = CUDA0
llama_kv_cache: layer  14: dev = CUDA0
llama_kv_cache: layer  15: dev = CUDA0
llama_kv_cache: layer  16: dev = CUDA0
llama_kv_cache: layer  17: dev = CUDA0
llama_kv_cache: layer  18: dev = CUDA0
llama_kv_cache: layer  19: dev = CUDA0
llama_kv_cache: layer  20: dev = CUDA0
llama_kv_cache: layer  21: dev = CUDA0
llama_kv_cache: layer  22: dev = CUDA0
llama_kv_cache: layer  23: dev = CUDA0
llama_kv_cache: layer  24: dev = CUDA0
llama_kv_cache: layer  25: dev = CUDA0
llama_kv_cache: layer  26: dev = CUDA0
llama_kv_cache: layer  27: dev = CUDA0
llama_kv_cache:        CPU KV buffer size =     6.00 MiB
llama_kv_cache:      CUDA0 KV buffer size =    50.00 MiB
llama_kv_cache: size =   56.00 MiB (  1024 cells,  28 layers,  1/1 seqs), K (f16):   28.00 MiB, V (f16):   28.00 MiB
llama_kv_cache: attn_rot_k = 0, n_embd_head_k_all = 128
llama_kv_cache: attn_rot_v = 0, n_embd_head_k_all = 128
llama_context: enumerating backends
llama_context: backend_ptrs.size() = 2
sched_reserve: reserving ...
sched_reserve: max_nodes = 2712
sched_reserve: reserving full memory module
sched_reserve: worst-case: n_tokens = 512, n_seqs = 1, n_outputs = 1
graph_reserve: reserving a graph for ubatch with n_tokens =    1, n_seqs =  1, n_outputs =    1
sched_reserve: Flash Attention was auto, set to enabled
sched_reserve: resolving fused Gated Delta Net support:
graph_reserve: reserving a graph for ubatch with n_tokens =    1, n_seqs =  1, n_outputs =    1
sched_reserve: fused Gated Delta Net (autoregressive) enabled
graph_reserve: reserving a graph for ubatch with n_tokens =   16, n_seqs =  1, n_outputs =   16
sched_reserve: fused Gated Delta Net (chunked) enabled
graph_reserve: reserving a graph for ubatch with n_tokens =  512, n_seqs =  1, n_outputs =  512
graph_reserve: reserving a graph for ubatch with n_tokens =    1, n_seqs =  1, n_outputs =    1
graph_reserve: reserving a graph for ubatch with n_tokens =  512, n_seqs =  1, n_outputs =  512
sched_reserve:      CUDA0 compute buffer size =   304.00 MiB
sched_reserve:  CUDA_Host compute buffer size =    15.01 MiB
sched_reserve: graph nodes  = 958
sched_reserve: graph splits = 44 (with bs=512), 2 (with bs=1)
sched_reserve: reserve took 18.37 ms, sched copies = 1
CUDA Graph id 6021 reused
ggml_backend_cuda_graph_compute: CUDA graph warmup complete
CUDA Graph id 6021 reused
CUDA Graph id 6021 reused
CUDA Graph id 6021 reused
CUDA Graph id 6021 reused
CUDA Graph id 6021 reused
CUDA Graph id 6021 reused
CUDA Graph id 6021 reused
CUDA Graph id 6021 reused
CUDA Graph id 6021 reused
CUDA Graph id 6021 reused
CUDA Graph id 6021 reused
CUDA Graph id 6021 reused
CUDA Graph id 6021 reused
CUDA Graph id 6021 reused
CUDA Graph id 6021 reused
CUDA Graph id 6021 reused
CUDA Graph id 6021 reused
CUDA Graph id 6021 reused
CUDA Graph id 6021 reused
CUDA Graph id 6021 reused
CUDA Graph id 6021 reused
CUDA Graph id 6021 reused
CUDA Graph id 6021 reused
CUDA Graph id 6021 reused
CUDA Graph id 6021 reused
CUDA Graph id 6021 reused
CUDA Graph id 6021 reused
CUDA Graph id 6021 reused
CUDA Graph id 6021 reused
CUDA Graph id 6021 reused
CUDA Graph id 6021 reused
CUDA Graph id 6021 reused
CUDA Graph id 6021 reused
CUDA Graph id 6021 reused
CUDA Graph id 6021 reused
CUDA Graph id 6021 reused
CUDA Graph id 6021 reused
CUDA Graph id 6021 reused
CUDA Graph id 6021 reused
CUDA Graph id 6021 reused
CUDA Graph id 6021 reused
CUDA Graph id 6021 reused
CUDA Graph id 6021 reused
CUDA Graph id 6021 reused
CUDA Graph id 6021 reused
CUDA Graph id 6021 reused
CUDA Graph id 6021 reused
CUDA Graph id 6021 reused
CUDA Graph id 6021 reused
CUDA Graph id 6021 reused
CUDA Graph id 6021 reused
CUDA Graph id 6021 reused
CUDA Graph id 6021 reused
CUDA Graph id 6021 reused
CUDA Graph id 6021 reused
CUDA Graph id 6021 reused
CUDA Graph id 6021 reused
CUDA Graph id 6021 reused
CUDA Graph id 6021 reused
CUDA Graph id 6021 reused
CUDA Graph id 6021 reused
CUDA Graph id 6021 reused
CUDA Graph id 6021 reused
CUDA Graph id 6021 reused
~llama_context:      CUDA0 compute buffer size is 304.0000 MiB, matches expectation of 304.0000 MiB
~llama_context:  CUDA_Host compute buffer size is  15.0137 MiB, matches expectation of  15.0137 MiB
llama_context: constructing llama_context
llama_context: n_seq_max     = 1
llama_context: n_ctx         = 1024
llama_context: n_ctx_seq     = 1024
llama_context: n_batch       = 828
llama_context: n_ubatch      = 512
llama_context: causal_attn   = 1
llama_context: flash_attn    = auto
llama_context: kv_unified    = false
llama_context: freq_base     = 1000000.0
llama_context: freq_scale    = 1
llama_context: n_rs_seq      = 0
llama_context: n_outputs_max = 828
llama_context: n_ctx_seq (1024) < n_ctx_train (32768) -- the full capacity of the model will not be utilized
set_abort_callback: call
llama_context:  CUDA_Host  output buffer size =     0.58 MiB
llama_kv_cache: layer   0: dev = CPU
llama_kv_cache: layer   1: dev = CPU
llama_kv_cache: layer   2: dev = CPU
llama_kv_cache: layer   3: dev = CUDA0
llama_kv_cache: layer   4: dev = CUDA0
llama_kv_cache: layer   5: dev = CUDA0
llama_kv_cache: layer   6: dev = CUDA0
llama_kv_cache: layer   7: dev = CUDA0
llama_kv_cache: layer   8: dev = CUDA0
llama_kv_cache: layer   9: dev = CUDA0
llama_kv_cache: layer  10: dev = CUDA0
llama_kv_cache: layer  11: dev = CUDA0
llama_kv_cache: layer  12: dev = CUDA0
llama_kv_cache: layer  13: dev = CUDA0
llama_kv_cache: layer  14: dev = CUDA0
llama_kv_cache: layer  15: dev = CUDA0
llama_kv_cache: layer  16: dev = CUDA0
llama_kv_cache: layer  17: dev = CUDA0
llama_kv_cache: layer  18: dev = CUDA0
llama_kv_cache: layer  19: dev = CUDA0
llama_kv_cache: layer  20: dev = CUDA0
llama_kv_cache: layer  21: dev = CUDA0
llama_kv_cache: layer  22: dev = CUDA0
llama_kv_cache: layer  23: dev = CUDA0
llama_kv_cache: layer  24: dev = CUDA0
llama_kv_cache: layer  25: dev = CUDA0
llama_kv_cache: layer  26: dev = CUDA0
llama_kv_cache: layer  27: dev = CUDA0
llama_kv_cache:        CPU KV buffer size =     6.00 MiB
llama_kv_cache:      CUDA0 KV buffer size =    50.00 MiB
llama_kv_cache: size =   56.00 MiB (  1024 cells,  28 layers,  1/1 seqs), K (f16):   28.00 MiB, V (f16):   28.00 MiB
llama_kv_cache: attn_rot_k = 0, n_embd_head_k_all = 128
llama_kv_cache: attn_rot_v = 0, n_embd_head_k_all = 128
llama_context: enumerating backends
llama_context: backend_ptrs.size() = 2
sched_reserve: reserving ...
sched_reserve: max_nodes = 2712
sched_reserve: reserving full memory module
sched_reserve: worst-case: n_tokens = 512, n_seqs = 1, n_outputs = 1
graph_reserve: reserving a graph for ubatch with n_tokens =    1, n_seqs =  1, n_outputs =    1
sched_reserve: Flash Attention was auto, set to enabled
sched_reserve: resolving fused Gated Delta Net support:
graph_reserve: reserving a graph for ubatch with n_tokens =    1, n_seqs =  1, n_outputs =    1
sched_reserve: fused Gated Delta Net (autoregressive) enabled
graph_reserve: reserving a graph for ubatch with n_tokens =   16, n_seqs =  1, n_outputs =   16
sched_reserve: fused Gated Delta Net (chunked) enabled
graph_reserve: reserving a graph for ubatch with n_tokens =  512, n_seqs =  1, n_outputs =  512
graph_reserve: reserving a graph for ubatch with n_tokens =    1, n_seqs =  1, n_outputs =    1
graph_reserve: reserving a graph for ubatch with n_tokens =  512, n_seqs =  1, n_outputs =  512
sched_reserve:      CUDA0 compute buffer size =   304.00 MiB
sched_reserve:  CUDA_Host compute buffer size =    15.01 MiB
sched_reserve: graph nodes  = 958
sched_reserve: graph splits = 44 (with bs=512), 2 (with bs=1)
sched_reserve: reserve took 13.33 ms, sched copies = 1
CUDA Graph id 6171 reused
ggml_backend_cuda_graph_compute: CUDA graph warmup complete
CUDA Graph id 6171 reused
CUDA Graph id 6171 reused
CUDA Graph id 6171 reused
CUDA Graph id 6171 reused
CUDA Graph id 6171 reused
CUDA Graph id 6171 reused
CUDA Graph id 6171 reused
CUDA Graph id 6171 reused
CUDA Graph id 6171 reused
CUDA Graph id 6171 reused
CUDA Graph id 6171 reused
CUDA Graph id 6171 reused
CUDA Graph id 6171 reused
CUDA Graph id 6171 reused
CUDA Graph id 6171 reused
CUDA Graph id 6171 reused
CUDA Graph id 6171 reused
CUDA Graph id 6171 reused
CUDA Graph id 6171 reused
CUDA Graph id 6171 reused
CUDA Graph id 6171 reused
CUDA Graph id 6171 reused
CUDA Graph id 6171 reused
CUDA Graph id 6171 reused
CUDA Graph id 6171 reused
CUDA Graph id 6171 reused
CUDA Graph id 6171 reused
CUDA Graph id 6171 reused
CUDA Graph id 6171 reused
CUDA Graph id 6171 reused
CUDA Graph id 6171 reused
CUDA Graph id 6171 reused
CUDA Graph id 6171 reused
CUDA Graph id 6171 reused
CUDA Graph id 6171 reused
CUDA Graph id 6171 reused
CUDA Graph id 6171 reused
CUDA Graph id 6171 reused
CUDA Graph id 6171 reused
CUDA Graph id 6171 reused
CUDA Graph id 6171 reused
CUDA Graph id 6171 reused
CUDA Graph id 6171 reused
CUDA Graph id 6171 reused
CUDA Graph id 6171 reused
CUDA Graph id 6171 reused
CUDA Graph id 6171 reused
CUDA Graph id 6171 reused
CUDA Graph id 6171 reused
CUDA Graph id 6171 reused
CUDA Graph id 6171 reused
CUDA Graph id 6171 reused
CUDA Graph id 6171 reused
CUDA Graph id 6171 reused
CUDA Graph id 6171 reused
CUDA Graph id 6171 reused
CUDA Graph id 6171 reused
CUDA Graph id 6171 reused
CUDA Graph id 6171 reused
CUDA Graph id 6171 reused
CUDA Graph id 6171 reused
CUDA Graph id 6171 reused
CUDA Graph id 6171 reused
CUDA Graph id 6171 reused
CUDA Graph id 6171 reused
CUDA Graph id 6171 reused
CUDA Graph id 6171 reused
CUDA Graph id 6171 reused
CUDA Graph id 6171 reused
CUDA Graph id 6171 reused
CUDA Graph id 6171 reused
CUDA Graph id 6171 reused
CUDA Graph id 6171 reused
CUDA Graph id 6171 reused
CUDA Graph id 6171 reused
CUDA Graph id 6171 reused
CUDA Graph id 6171 reused
CUDA Graph id 6171 reused
CUDA Graph id 6171 reused
CUDA Graph id 6171 reused
CUDA Graph id 6171 reused
CUDA Graph id 6171 reused
CUDA Graph id 6171 reused
CUDA Graph id 6171 reused
CUDA Graph id 6171 reused
CUDA Graph id 6171 reused
CUDA Graph id 6171 reused
CUDA Graph id 6171 reused
CUDA Graph id 6171 reused
CUDA Graph id 6171 reused
CUDA Graph id 6171 reused
CUDA Graph id 6171 reused
CUDA Graph id 6171 reused
CUDA Graph id 6171 reused
CUDA Graph id 6171 reused
CUDA Graph id 6171 reused
CUDA Graph id 6171 reused
CUDA Graph id 6171 reused
CUDA Graph id 6171 reused
CUDA Graph id 6171 reused
CUDA Graph id 6171 reused
CUDA Graph id 6171 reused
CUDA Graph id 6171 reused
CUDA Graph id 6171 reused
CUDA Graph id 6171 reused
CUDA Graph id 6171 reused
CUDA Graph id 6171 reused
CUDA Graph id 6171 reused
CUDA Graph id 6171 reused
CUDA Graph id 6171 reused
CUDA Graph id 6171 reused
CUDA Graph id 6171 reused
CUDA Graph id 6171 reused
CUDA Graph id 6171 reused
CUDA Graph id 6171 reused
CUDA Graph id 6171 reused
CUDA Graph id 6171 reused
CUDA Graph id 6171 reused
CUDA Graph id 6171 reused
CUDA Graph id 6171 reused
CUDA Graph id 6171 reused
CUDA Graph id 6171 reused
CUDA Graph id 6171 reused
CUDA Graph id 6171 reused
~llama_context:      CUDA0 compute buffer size is 304.0000 MiB, matches expectation of 304.0000 MiB
~llama_context:  CUDA_Host compute buffer size is  15.0137 MiB, matches expectation of  15.0137 MiB
llama_context: constructing llama_context
llama_context: n_seq_max     = 1
llama_context: n_ctx         = 1024
llama_context: n_ctx_seq     = 1024
llama_context: n_batch       = 828
llama_context: n_ubatch      = 512
llama_context: causal_attn   = 1
llama_context: flash_attn    = auto
llama_context: kv_unified    = false
llama_context: freq_base     = 1000000.0
llama_context: freq_scale    = 1
llama_context: n_rs_seq      = 0
llama_context: n_outputs_max = 828
llama_context: n_ctx_seq (1024) < n_ctx_train (32768) -- the full capacity of the model will not be utilized
set_abort_callback: call
llama_context:  CUDA_Host  output buffer size =     0.58 MiB
llama_kv_cache: layer   0: dev = CPU
llama_kv_cache: layer   1: dev = CPU
llama_kv_cache: layer   2: dev = CPU
llama_kv_cache: layer   3: dev = CUDA0
llama_kv_cache: layer   4: dev = CUDA0
llama_kv_cache: layer   5: dev = CUDA0
llama_kv_cache: layer   6: dev = CUDA0
llama_kv_cache: layer   7: dev = CUDA0
llama_kv_cache: layer   8: dev = CUDA0
llama_kv_cache: layer   9: dev = CUDA0
llama_kv_cache: layer  10: dev = CUDA0
llama_kv_cache: layer  11: dev = CUDA0
llama_kv_cache: layer  12: dev = CUDA0
llama_kv_cache: layer  13: dev = CUDA0
llama_kv_cache: layer  14: dev = CUDA0
llama_kv_cache: layer  15: dev = CUDA0
llama_kv_cache: layer  16: dev = CUDA0
llama_kv_cache: layer  17: dev = CUDA0
llama_kv_cache: layer  18: dev = CUDA0
llama_kv_cache: layer  19: dev = CUDA0
llama_kv_cache: layer  20: dev = CUDA0
llama_kv_cache: layer  21: dev = CUDA0
llama_kv_cache: layer  22: dev = CUDA0
llama_kv_cache: layer  23: dev = CUDA0
llama_kv_cache: layer  24: dev = CUDA0
llama_kv_cache: layer  25: dev = CUDA0
llama_kv_cache: layer  26: dev = CUDA0
llama_kv_cache: layer  27: dev = CUDA0
llama_kv_cache:        CPU KV buffer size =     6.00 MiB
llama_kv_cache:      CUDA0 KV buffer size =    50.00 MiB
llama_kv_cache: size =   56.00 MiB (  1024 cells,  28 layers,  1/1 seqs), K (f16):   28.00 MiB, V (f16):   28.00 MiB
llama_kv_cache: attn_rot_k = 0, n_embd_head_k_all = 128
llama_kv_cache: attn_rot_v = 0, n_embd_head_k_all = 128
llama_context: enumerating backends
llama_context: backend_ptrs.size() = 2
sched_reserve: reserving ...
sched_reserve: max_nodes = 2712
sched_reserve: reserving full memory module
sched_reserve: worst-case: n_tokens = 512, n_seqs = 1, n_outputs = 1
graph_reserve: reserving a graph for ubatch with n_tokens =    1, n_seqs =  1, n_outputs =    1
sched_reserve: Flash Attention was auto, set to enabled
sched_reserve: resolving fused Gated Delta Net support:
graph_reserve: reserving a graph for ubatch with n_tokens =    1, n_seqs =  1, n_outputs =    1
sched_reserve: fused Gated Delta Net (autoregressive) enabled
graph_reserve: reserving a graph for ubatch with n_tokens =   16, n_seqs =  1, n_outputs =   16
sched_reserve: fused Gated Delta Net (chunked) enabled
graph_reserve: reserving a graph for ubatch with n_tokens =  512, n_seqs =  1, n_outputs =  512
graph_reserve: reserving a graph for ubatch with n_tokens =    1, n_seqs =  1, n_outputs =    1
graph_reserve: reserving a graph for ubatch with n_tokens =  512, n_seqs =  1, n_outputs =  512
sched_reserve:      CUDA0 compute buffer size =   304.00 MiB
sched_reserve:  CUDA_Host compute buffer size =    15.01 MiB
sched_reserve: graph nodes  = 958
sched_reserve: graph splits = 44 (with bs=512), 2 (with bs=1)
sched_reserve: reserve took 14.01 ms, sched copies = 1
CUDA Graph id 6321 reused
ggml_backend_cuda_graph_compute: CUDA graph warmup complete
CUDA Graph id 6321 reused
CUDA Graph id 6321 reused
CUDA Graph id 6321 reused
CUDA Graph id 6321 reused
CUDA Graph id 6321 reused
CUDA Graph id 6321 reused
CUDA Graph id 6321 reused
CUDA Graph id 6321 reused
CUDA Graph id 6321 reused
CUDA Graph id 6321 reused
CUDA Graph id 6321 reused
CUDA Graph id 6321 reused
CUDA Graph id 6321 reused
CUDA Graph id 6321 reused
CUDA Graph id 6321 reused
CUDA Graph id 6321 reused
CUDA Graph id 6321 reused
CUDA Graph id 6321 reused
CUDA Graph id 6321 reused
CUDA Graph id 6321 reused
CUDA Graph id 6321 reused
CUDA Graph id 6321 reused
CUDA Graph id 6321 reused
CUDA Graph id 6321 reused
CUDA Graph id 6321 reused
CUDA Graph id 6321 reused
CUDA Graph id 6321 reused
CUDA Graph id 6321 reused
CUDA Graph id 6321 reused
CUDA Graph id 6321 reused
CUDA Graph id 6321 reused
CUDA Graph id 6321 reused
CUDA Graph id 6321 reused
CUDA Graph id 6321 reused
CUDA Graph id 6321 reused
CUDA Graph id 6321 reused
CUDA Graph id 6321 reused
CUDA Graph id 6321 reused
CUDA Graph id 6321 reused
CUDA Graph id 6321 reused
CUDA Graph id 6321 reused
CUDA Graph id 6321 reused
CUDA Graph id 6321 reused
CUDA Graph id 6321 reused
CUDA Graph id 6321 reused
CUDA Graph id 6321 reused
CUDA Graph id 6321 reused
CUDA Graph id 6321 reused
CUDA Graph id 6321 reused
CUDA Graph id 6321 reused
CUDA Graph id 6321 reused
CUDA Graph id 6321 reused
CUDA Graph id 6321 reused
CUDA Graph id 6321 reused
CUDA Graph id 6321 reused
CUDA Graph id 6321 reused
CUDA Graph id 6321 reused
CUDA Graph id 6321 reused
CUDA Graph id 6321 reused
CUDA Graph id 6321 reused
CUDA Graph id 6321 reused
CUDA Graph id 6321 reused
CUDA Graph id 6321 reused
CUDA Graph id 6321 reused
CUDA Graph id 6321 reused
CUDA Graph id 6321 reused
CUDA Graph id 6321 reused
CUDA Graph id 6321 reused
CUDA Graph id 6321 reused
CUDA Graph id 6321 reused
CUDA Graph id 6321 reused
CUDA Graph id 6321 reused
CUDA Graph id 6321 reused
CUDA Graph id 6321 reused
CUDA Graph id 6321 reused
CUDA Graph id 6321 reused
CUDA Graph id 6321 reused
CUDA Graph id 6321 reused
CUDA Graph id 6321 reused
~llama_context:      CUDA0 compute buffer size is 304.0000 MiB, matches expectation of 304.0000 MiB
~llama_context:  CUDA_Host compute buffer size is  15.0137 MiB, matches expectation of  15.0137 MiB
schema 182/200 done
llama_context: constructing llama_context
llama_context: n_seq_max     = 1
llama_context: n_ctx         = 768
llama_context: n_ctx_seq     = 768
llama_context: n_batch       = 758
llama_context: n_ubatch      = 512
llama_context: causal_attn   = 1
llama_context: flash_attn    = auto
llama_context: kv_unified    = false
llama_context: freq_base     = 1000000.0
llama_context: freq_scale    = 1
llama_context: n_rs_seq      = 0
llama_context: n_outputs_max = 758
llama_context: n_ctx_seq (768) < n_ctx_train (32768) -- the full capacity of the model will not be utilized
set_abort_callback: call
llama_context:  CUDA_Host  output buffer size =     0.58 MiB
llama_kv_cache: layer   0: dev = CPU
llama_kv_cache: layer   1: dev = CPU
llama_kv_cache: layer   2: dev = CPU
llama_kv_cache: layer   3: dev = CUDA0
llama_kv_cache: layer   4: dev = CUDA0
llama_kv_cache: layer   5: dev = CUDA0
llama_kv_cache: layer   6: dev = CUDA0
llama_kv_cache: layer   7: dev = CUDA0
llama_kv_cache: layer   8: dev = CUDA0
llama_kv_cache: layer   9: dev = CUDA0
llama_kv_cache: layer  10: dev = CUDA0
llama_kv_cache: layer  11: dev = CUDA0
llama_kv_cache: layer  12: dev = CUDA0
llama_kv_cache: layer  13: dev = CUDA0
llama_kv_cache: layer  14: dev = CUDA0
llama_kv_cache: layer  15: dev = CUDA0
llama_kv_cache: layer  16: dev = CUDA0
llama_kv_cache: layer  17: dev = CUDA0
llama_kv_cache: layer  18: dev = CUDA0
llama_kv_cache: layer  19: dev = CUDA0
llama_kv_cache: layer  20: dev = CUDA0
llama_kv_cache: layer  21: dev = CUDA0
llama_kv_cache: layer  22: dev = CUDA0
llama_kv_cache: layer  23: dev = CUDA0
llama_kv_cache: layer  24: dev = CUDA0
llama_kv_cache: layer  25: dev = CUDA0
llama_kv_cache: layer  26: dev = CUDA0
llama_kv_cache: layer  27: dev = CUDA0
llama_kv_cache:        CPU KV buffer size =     4.50 MiB
llama_kv_cache:      CUDA0 KV buffer size =    37.50 MiB
llama_kv_cache: size =   42.00 MiB (   768 cells,  28 layers,  1/1 seqs), K (f16):   21.00 MiB, V (f16):   21.00 MiB
llama_kv_cache: attn_rot_k = 0, n_embd_head_k_all = 128
llama_kv_cache: attn_rot_v = 0, n_embd_head_k_all = 128
llama_context: enumerating backends
llama_context: backend_ptrs.size() = 2
sched_reserve: reserving ...
sched_reserve: max_nodes = 2712
sched_reserve: reserving full memory module
sched_reserve: worst-case: n_tokens = 512, n_seqs = 1, n_outputs = 1
graph_reserve: reserving a graph for ubatch with n_tokens =    1, n_seqs =  1, n_outputs =    1
sched_reserve: Flash Attention was auto, set to enabled
sched_reserve: resolving fused Gated Delta Net support:
graph_reserve: reserving a graph for ubatch with n_tokens =    1, n_seqs =  1, n_outputs =    1
sched_reserve: fused Gated Delta Net (autoregressive) enabled
graph_reserve: reserving a graph for ubatch with n_tokens =   16, n_seqs =  1, n_outputs =   16
sched_reserve: fused Gated Delta Net (chunked) enabled
graph_reserve: reserving a graph for ubatch with n_tokens =  512, n_seqs =  1, n_outputs =  512
graph_reserve: reserving a graph for ubatch with n_tokens =    1, n_seqs =  1, n_outputs =    1
graph_reserve: reserving a graph for ubatch with n_tokens =  512, n_seqs =  1, n_outputs =  512
sched_reserve:      CUDA0 compute buffer size =   304.00 MiB
sched_reserve:  CUDA_Host compute buffer size =    14.76 MiB
sched_reserve: graph nodes  = 958
sched_reserve: graph splits = 44 (with bs=512), 2 (with bs=1)
sched_reserve: reserve took 18.30 ms, sched copies = 1
CUDA Graph id 6471 reused
ggml_backend_cuda_graph_compute: CUDA graph warmup complete
CUDA Graph id 6471 reused
CUDA Graph id 6471 reused
CUDA Graph id 6471 reused
CUDA Graph id 6471 reused
CUDA Graph id 6471 reused
CUDA Graph id 6471 reused
CUDA Graph id 6471 reused
CUDA Graph id 6471 reused
CUDA Graph id 6471 reused
CUDA Graph id 6471 reused
CUDA Graph id 6471 reused
CUDA Graph id 6471 reused
CUDA Graph id 6471 reused
CUDA Graph id 6471 reused
CUDA Graph id 6471 reused
CUDA Graph id 6471 reused
ggml_backend_cuda_graph_compute: CUDA graph warmup reset
~llama_context:      CUDA0 compute buffer size is 304.0000 MiB, matches expectation of 304.0000 MiB
~llama_context:  CUDA_Host compute buffer size is  14.7637 MiB, matches expectation of  14.7637 MiB
llama_context: constructing llama_context
llama_context: n_seq_max     = 1
llama_context: n_ctx         = 768
llama_context: n_ctx_seq     = 768
llama_context: n_batch       = 758
llama_context: n_ubatch      = 512
llama_context: causal_attn   = 1
llama_context: flash_attn    = auto
llama_context: kv_unified    = false
llama_context: freq_base     = 1000000.0
llama_context: freq_scale    = 1
llama_context: n_rs_seq      = 0
llama_context: n_outputs_max = 758
llama_context: n_ctx_seq (768) < n_ctx_train (32768) -- the full capacity of the model will not be utilized
set_abort_callback: call
llama_context:  CUDA_Host  output buffer size =     0.58 MiB
llama_kv_cache: layer   0: dev = CPU
llama_kv_cache: layer   1: dev = CPU
llama_kv_cache: layer   2: dev = CPU
llama_kv_cache: layer   3: dev = CUDA0
llama_kv_cache: layer   4: dev = CUDA0
llama_kv_cache: layer   5: dev = CUDA0
llama_kv_cache: layer   6: dev = CUDA0
llama_kv_cache: layer   7: dev = CUDA0
llama_kv_cache: layer   8: dev = CUDA0
llama_kv_cache: layer   9: dev = CUDA0
llama_kv_cache: layer  10: dev = CUDA0
llama_kv_cache: layer  11: dev = CUDA0
llama_kv_cache: layer  12: dev = CUDA0
llama_kv_cache: layer  13: dev = CUDA0
llama_kv_cache: layer  14: dev = CUDA0
llama_kv_cache: layer  15: dev = CUDA0
llama_kv_cache: layer  16: dev = CUDA0
llama_kv_cache: layer  17: dev = CUDA0
llama_kv_cache: layer  18: dev = CUDA0
llama_kv_cache: layer  19: dev = CUDA0
llama_kv_cache: layer  20: dev = CUDA0
llama_kv_cache: layer  21: dev = CUDA0
llama_kv_cache: layer  22: dev = CUDA0
llama_kv_cache: layer  23: dev = CUDA0
llama_kv_cache: layer  24: dev = CUDA0
llama_kv_cache: layer  25: dev = CUDA0
llama_kv_cache: layer  26: dev = CUDA0
llama_kv_cache: layer  27: dev = CUDA0
llama_kv_cache:        CPU KV buffer size =     4.50 MiB
llama_kv_cache:      CUDA0 KV buffer size =    37.50 MiB
llama_kv_cache: size =   42.00 MiB (   768 cells,  28 layers,  1/1 seqs), K (f16):   21.00 MiB, V (f16):   21.00 MiB
llama_kv_cache: attn_rot_k = 0, n_embd_head_k_all = 128
llama_kv_cache: attn_rot_v = 0, n_embd_head_k_all = 128
llama_context: enumerating backends
llama_context: backend_ptrs.size() = 2
sched_reserve: reserving ...
sched_reserve: max_nodes = 2712
sched_reserve: reserving full memory module
sched_reserve: worst-case: n_tokens = 512, n_seqs = 1, n_outputs = 1
graph_reserve: reserving a graph for ubatch with n_tokens =    1, n_seqs =  1, n_outputs =    1
sched_reserve: Flash Attention was auto, set to enabled
sched_reserve: resolving fused Gated Delta Net support:
graph_reserve: reserving a graph for ubatch with n_tokens =    1, n_seqs =  1, n_outputs =    1
sched_reserve: fused Gated Delta Net (autoregressive) enabled
graph_reserve: reserving a graph for ubatch with n_tokens =   16, n_seqs =  1, n_outputs =   16
sched_reserve: fused Gated Delta Net (chunked) enabled
graph_reserve: reserving a graph for ubatch with n_tokens =  512, n_seqs =  1, n_outputs =  512
graph_reserve: reserving a graph for ubatch with n_tokens =    1, n_seqs =  1, n_outputs =    1
graph_reserve: reserving a graph for ubatch with n_tokens =  512, n_seqs =  1, n_outputs =  512
sched_reserve:      CUDA0 compute buffer size =   304.00 MiB
sched_reserve:  CUDA_Host compute buffer size =    14.76 MiB
sched_reserve: graph nodes  = 958
sched_reserve: graph splits = 44 (with bs=512), 2 (with bs=1)
sched_reserve: reserve took 13.67 ms, sched copies = 1
CUDA Graph id 6624 reused
ggml_backend_cuda_graph_compute: CUDA graph warmup complete
CUDA Graph id 6624 reused
CUDA Graph id 6624 reused
CUDA Graph id 6624 reused
CUDA Graph id 6624 reused
CUDA Graph id 6624 reused
CUDA Graph id 6624 reused
CUDA Graph id 6624 reused
CUDA Graph id 6624 reused
CUDA Graph id 6624 reused
CUDA Graph id 6624 reused
CUDA Graph id 6624 reused
CUDA Graph id 6624 reused
CUDA Graph id 6624 reused
CUDA Graph id 6624 reused
CUDA Graph id 6624 reused
CUDA Graph id 6624 reused
ggml_backend_cuda_graph_compute: CUDA graph warmup reset
~llama_context:      CUDA0 compute buffer size is 304.0000 MiB, matches expectation of 304.0000 MiB
~llama_context:  CUDA_Host compute buffer size is  14.7637 MiB, matches expectation of  14.7637 MiB
llama_context: constructing llama_context
llama_context: n_seq_max     = 1
llama_context: n_ctx         = 768
llama_context: n_ctx_seq     = 768
llama_context: n_batch       = 758
llama_context: n_ubatch      = 512
llama_context: causal_attn   = 1
llama_context: flash_attn    = auto
llama_context: kv_unified    = false
llama_context: freq_base     = 1000000.0
llama_context: freq_scale    = 1
llama_context: n_rs_seq      = 0
llama_context: n_outputs_max = 758
llama_context: n_ctx_seq (768) < n_ctx_train (32768) -- the full capacity of the model will not be utilized
set_abort_callback: call
llama_context:  CUDA_Host  output buffer size =     0.58 MiB
llama_kv_cache: layer   0: dev = CPU
llama_kv_cache: layer   1: dev = CPU
llama_kv_cache: layer   2: dev = CPU
llama_kv_cache: layer   3: dev = CUDA0
llama_kv_cache: layer   4: dev = CUDA0
llama_kv_cache: layer   5: dev = CUDA0
llama_kv_cache: layer   6: dev = CUDA0
llama_kv_cache: layer   7: dev = CUDA0
llama_kv_cache: layer   8: dev = CUDA0
llama_kv_cache: layer   9: dev = CUDA0
llama_kv_cache: layer  10: dev = CUDA0
llama_kv_cache: layer  11: dev = CUDA0
llama_kv_cache: layer  12: dev = CUDA0
llama_kv_cache: layer  13: dev = CUDA0
llama_kv_cache: layer  14: dev = CUDA0
llama_kv_cache: layer  15: dev = CUDA0
llama_kv_cache: layer  16: dev = CUDA0
llama_kv_cache: layer  17: dev = CUDA0
llama_kv_cache: layer  18: dev = CUDA0
llama_kv_cache: layer  19: dev = CUDA0
llama_kv_cache: layer  20: dev = CUDA0
llama_kv_cache: layer  21: dev = CUDA0
llama_kv_cache: layer  22: dev = CUDA0
llama_kv_cache: layer  23: dev = CUDA0
llama_kv_cache: layer  24: dev = CUDA0
llama_kv_cache: layer  25: dev = CUDA0
llama_kv_cache: layer  26: dev = CUDA0
llama_kv_cache: layer  27: dev = CUDA0
llama_kv_cache:        CPU KV buffer size =     4.50 MiB
llama_kv_cache:      CUDA0 KV buffer size =    37.50 MiB
llama_kv_cache: size =   42.00 MiB (   768 cells,  28 layers,  1/1 seqs), K (f16):   21.00 MiB, V (f16):   21.00 MiB
llama_kv_cache: attn_rot_k = 0, n_embd_head_k_all = 128
llama_kv_cache: attn_rot_v = 0, n_embd_head_k_all = 128
llama_context: enumerating backends
llama_context: backend_ptrs.size() = 2
sched_reserve: reserving ...
sched_reserve: max_nodes = 2712
sched_reserve: reserving full memory module
sched_reserve: worst-case: n_tokens = 512, n_seqs = 1, n_outputs = 1
graph_reserve: reserving a graph for ubatch with n_tokens =    1, n_seqs =  1, n_outputs =    1
sched_reserve: Flash Attention was auto, set to enabled
sched_reserve: resolving fused Gated Delta Net support:
graph_reserve: reserving a graph for ubatch with n_tokens =    1, n_seqs =  1, n_outputs =    1
sched_reserve: fused Gated Delta Net (autoregressive) enabled
graph_reserve: reserving a graph for ubatch with n_tokens =   16, n_seqs =  1, n_outputs =   16
sched_reserve: fused Gated Delta Net (chunked) enabled
graph_reserve: reserving a graph for ubatch with n_tokens =  512, n_seqs =  1, n_outputs =  512
graph_reserve: reserving a graph for ubatch with n_tokens =    1, n_seqs =  1, n_outputs =    1
graph_reserve: reserving a graph for ubatch with n_tokens =  512, n_seqs =  1, n_outputs =  512
sched_reserve:      CUDA0 compute buffer size =   304.00 MiB
sched_reserve:  CUDA_Host compute buffer size =    14.76 MiB
sched_reserve: graph nodes  = 958
sched_reserve: graph splits = 44 (with bs=512), 2 (with bs=1)
sched_reserve: reserve took 18.15 ms, sched copies = 1
CUDA Graph id 6777 reused
ggml_backend_cuda_graph_compute: CUDA graph warmup complete
CUDA Graph id 6777 reused
CUDA Graph id 6777 reused
CUDA Graph id 6777 reused
CUDA Graph id 6777 reused
CUDA Graph id 6777 reused
CUDA Graph id 6777 reused
CUDA Graph id 6777 reused
CUDA Graph id 6777 reused
CUDA Graph id 6777 reused
CUDA Graph id 6777 reused
CUDA Graph id 6777 reused
CUDA Graph id 6777 reused
CUDA Graph id 6777 reused
CUDA Graph id 6777 reused
CUDA Graph id 6777 reused
~llama_context:      CUDA0 compute buffer size is 304.0000 MiB, matches expectation of 304.0000 MiB
~llama_context:  CUDA_Host compute buffer size is  14.7637 MiB, matches expectation of  14.7637 MiB
llama_context: constructing llama_context
llama_context: n_seq_max     = 1
llama_context: n_ctx         = 768
llama_context: n_ctx_seq     = 768
llama_context: n_batch       = 758
llama_context: n_ubatch      = 512
llama_context: causal_attn   = 1
llama_context: flash_attn    = auto
llama_context: kv_unified    = false
llama_context: freq_base     = 1000000.0
llama_context: freq_scale    = 1
llama_context: n_rs_seq      = 0
llama_context: n_outputs_max = 758
llama_context: n_ctx_seq (768) < n_ctx_train (32768) -- the full capacity of the model will not be utilized
set_abort_callback: call
llama_context:  CUDA_Host  output buffer size =     0.58 MiB
llama_kv_cache: layer   0: dev = CPU
llama_kv_cache: layer   1: dev = CPU
llama_kv_cache: layer   2: dev = CPU
llama_kv_cache: layer   3: dev = CUDA0
llama_kv_cache: layer   4: dev = CUDA0
llama_kv_cache: layer   5: dev = CUDA0
llama_kv_cache: layer   6: dev = CUDA0
llama_kv_cache: layer   7: dev = CUDA0
llama_kv_cache: layer   8: dev = CUDA0
llama_kv_cache: layer   9: dev = CUDA0
llama_kv_cache: layer  10: dev = CUDA0
llama_kv_cache: layer  11: dev = CUDA0
llama_kv_cache: layer  12: dev = CUDA0
llama_kv_cache: layer  13: dev = CUDA0
llama_kv_cache: layer  14: dev = CUDA0
llama_kv_cache: layer  15: dev = CUDA0
llama_kv_cache: layer  16: dev = CUDA0
llama_kv_cache: layer  17: dev = CUDA0
llama_kv_cache: layer  18: dev = CUDA0
llama_kv_cache: layer  19: dev = CUDA0
llama_kv_cache: layer  20: dev = CUDA0
llama_kv_cache: layer  21: dev = CUDA0
llama_kv_cache: layer  22: dev = CUDA0
llama_kv_cache: layer  23: dev = CUDA0
llama_kv_cache: layer  24: dev = CUDA0
llama_kv_cache: layer  25: dev = CUDA0
llama_kv_cache: layer  26: dev = CUDA0
llama_kv_cache: layer  27: dev = CUDA0
llama_kv_cache:        CPU KV buffer size =     4.50 MiB
llama_kv_cache:      CUDA0 KV buffer size =    37.50 MiB
llama_kv_cache: size =   42.00 MiB (   768 cells,  28 layers,  1/1 seqs), K (f16):   21.00 MiB, V (f16):   21.00 MiB
llama_kv_cache: attn_rot_k = 0, n_embd_head_k_all = 128
llama_kv_cache: attn_rot_v = 0, n_embd_head_k_all = 128
llama_context: enumerating backends
llama_context: backend_ptrs.size() = 2
sched_reserve: reserving ...
sched_reserve: max_nodes = 2712
sched_reserve: reserving full memory module
sched_reserve: worst-case: n_tokens = 512, n_seqs = 1, n_outputs = 1
graph_reserve: reserving a graph for ubatch with n_tokens =    1, n_seqs =  1, n_outputs =    1
sched_reserve: Flash Attention was auto, set to enabled
sched_reserve: resolving fused Gated Delta Net support:
graph_reserve: reserving a graph for ubatch with n_tokens =    1, n_seqs =  1, n_outputs =    1
sched_reserve: fused Gated Delta Net (autoregressive) enabled
graph_reserve: reserving a graph for ubatch with n_tokens =   16, n_seqs =  1, n_outputs =   16
sched_reserve: fused Gated Delta Net (chunked) enabled
graph_reserve: reserving a graph for ubatch with n_tokens =  512, n_seqs =  1, n_outputs =  512
graph_reserve: reserving a graph for ubatch with n_tokens =    1, n_seqs =  1, n_outputs =    1
graph_reserve: reserving a graph for ubatch with n_tokens =  512, n_seqs =  1, n_outputs =  512
sched_reserve:      CUDA0 compute buffer size =   304.00 MiB
sched_reserve:  CUDA_Host compute buffer size =    14.76 MiB
sched_reserve: graph nodes  = 958
sched_reserve: graph splits = 44 (with bs=512), 2 (with bs=1)
sched_reserve: reserve took 17.71 ms, sched copies = 1
CUDA Graph id 6927 reused
ggml_backend_cuda_graph_compute: CUDA graph warmup complete
CUDA Graph id 6927 reused
CUDA Graph id 6927 reused
CUDA Graph id 6927 reused
CUDA Graph id 6927 reused
CUDA Graph id 6927 reused
CUDA Graph id 6927 reused
CUDA Graph id 6927 reused
CUDA Graph id 6927 reused
CUDA Graph id 6927 reused
CUDA Graph id 6927 reused
CUDA Graph id 6927 reused
CUDA Graph id 6927 reused
CUDA Graph id 6927 reused
CUDA Graph id 6927 reused
CUDA Graph id 6927 reused
CUDA Graph id 6927 reused
ggml_backend_cuda_graph_compute: CUDA graph warmup reset
CUDA Graph id 6930 reused
ggml_backend_cuda_graph_compute: CUDA graph warmup complete
~llama_context:      CUDA0 compute buffer size is 304.0000 MiB, matches expectation of 304.0000 MiB
~llama_context:  CUDA_Host compute buffer size is  14.7637 MiB, matches expectation of  14.7637 MiB
llama_context: constructing llama_context
llama_context: n_seq_max     = 1
llama_context: n_ctx         = 768
llama_context: n_ctx_seq     = 768
llama_context: n_batch       = 758
llama_context: n_ubatch      = 512
llama_context: causal_attn   = 1
llama_context: flash_attn    = auto
llama_context: kv_unified    = false
llama_context: freq_base     = 1000000.0
llama_context: freq_scale    = 1
llama_context: n_rs_seq      = 0
llama_context: n_outputs_max = 758
llama_context: n_ctx_seq (768) < n_ctx_train (32768) -- the full capacity of the model will not be utilized
set_abort_callback: call
llama_context:  CUDA_Host  output buffer size =     0.58 MiB
llama_kv_cache: layer   0: dev = CPU
llama_kv_cache: layer   1: dev = CPU
llama_kv_cache: layer   2: dev = CPU
llama_kv_cache: layer   3: dev = CUDA0
llama_kv_cache: layer   4: dev = CUDA0
llama_kv_cache: layer   5: dev = CUDA0
llama_kv_cache: layer   6: dev = CUDA0
llama_kv_cache: layer   7: dev = CUDA0
llama_kv_cache: layer   8: dev = CUDA0
llama_kv_cache: layer   9: dev = CUDA0
llama_kv_cache: layer  10: dev = CUDA0
llama_kv_cache: layer  11: dev = CUDA0
llama_kv_cache: layer  12: dev = CUDA0
llama_kv_cache: layer  13: dev = CUDA0
llama_kv_cache: layer  14: dev = CUDA0
llama_kv_cache: layer  15: dev = CUDA0
llama_kv_cache: layer  16: dev = CUDA0
llama_kv_cache: layer  17: dev = CUDA0
llama_kv_cache: layer  18: dev = CUDA0
llama_kv_cache: layer  19: dev = CUDA0
llama_kv_cache: layer  20: dev = CUDA0
llama_kv_cache: layer  21: dev = CUDA0
llama_kv_cache: layer  22: dev = CUDA0
llama_kv_cache: layer  23: dev = CUDA0
llama_kv_cache: layer  24: dev = CUDA0
llama_kv_cache: layer  25: dev = CUDA0
llama_kv_cache: layer  26: dev = CUDA0
llama_kv_cache: layer  27: dev = CUDA0
llama_kv_cache:        CPU KV buffer size =     4.50 MiB
llama_kv_cache:      CUDA0 KV buffer size =    37.50 MiB
llama_kv_cache: size =   42.00 MiB (   768 cells,  28 layers,  1/1 seqs), K (f16):   21.00 MiB, V (f16):   21.00 MiB
llama_kv_cache: attn_rot_k = 0, n_embd_head_k_all = 128
llama_kv_cache: attn_rot_v = 0, n_embd_head_k_all = 128
llama_context: enumerating backends
llama_context: backend_ptrs.size() = 2
sched_reserve: reserving ...
sched_reserve: max_nodes = 2712
sched_reserve: reserving full memory module
sched_reserve: worst-case: n_tokens = 512, n_seqs = 1, n_outputs = 1
graph_reserve: reserving a graph for ubatch with n_tokens =    1, n_seqs =  1, n_outputs =    1
sched_reserve: Flash Attention was auto, set to enabled
sched_reserve: resolving fused Gated Delta Net support:
graph_reserve: reserving a graph for ubatch with n_tokens =    1, n_seqs =  1, n_outputs =    1
sched_reserve: fused Gated Delta Net (autoregressive) enabled
graph_reserve: reserving a graph for ubatch with n_tokens =   16, n_seqs =  1, n_outputs =   16
sched_reserve: fused Gated Delta Net (chunked) enabled
graph_reserve: reserving a graph for ubatch with n_tokens =  512, n_seqs =  1, n_outputs =  512
graph_reserve: reserving a graph for ubatch with n_tokens =    1, n_seqs =  1, n_outputs =    1
graph_reserve: reserving a graph for ubatch with n_tokens =  512, n_seqs =  1, n_outputs =  512
sched_reserve:      CUDA0 compute buffer size =   304.00 MiB
sched_reserve:  CUDA_Host compute buffer size =    14.76 MiB
sched_reserve: graph nodes  = 958
sched_reserve: graph splits = 44 (with bs=512), 2 (with bs=1)
sched_reserve: reserve took 14.20 ms, sched copies = 1
CUDA Graph id 7080 reused
ggml_backend_cuda_graph_compute: CUDA graph warmup complete
CUDA Graph id 7080 reused
CUDA Graph id 7080 reused
CUDA Graph id 7080 reused
CUDA Graph id 7080 reused
CUDA Graph id 7080 reused
CUDA Graph id 7080 reused
CUDA Graph id 7080 reused
CUDA Graph id 7080 reused
CUDA Graph id 7080 reused
CUDA Graph id 7080 reused
CUDA Graph id 7080 reused
CUDA Graph id 7080 reused
CUDA Graph id 7080 reused
CUDA Graph id 7080 reused
CUDA Graph id 7080 reused
CUDA Graph id 7080 reused
ggml_backend_cuda_graph_compute: CUDA graph warmup reset
CUDA Graph id 7083 reused
ggml_backend_cuda_graph_compute: CUDA graph warmup complete
~llama_context:      CUDA0 compute buffer size is 304.0000 MiB, matches expectation of 304.0000 MiB
~llama_context:  CUDA_Host compute buffer size is  14.7637 MiB, matches expectation of  14.7637 MiB
llama_context: constructing llama_context
llama_context: n_seq_max     = 1
llama_context: n_ctx         = 768
llama_context: n_ctx_seq     = 768
llama_context: n_batch       = 758
llama_context: n_ubatch      = 512
llama_context: causal_attn   = 1
llama_context: flash_attn    = auto
llama_context: kv_unified    = false
llama_context: freq_base     = 1000000.0
llama_context: freq_scale    = 1
llama_context: n_rs_seq      = 0
llama_context: n_outputs_max = 758
llama_context: n_ctx_seq (768) < n_ctx_train (32768) -- the full capacity of the model will not be utilized
set_abort_callback: call
llama_context:  CUDA_Host  output buffer size =     0.58 MiB
llama_kv_cache: layer   0: dev = CPU
llama_kv_cache: layer   1: dev = CPU
llama_kv_cache: layer   2: dev = CPU
llama_kv_cache: layer   3: dev = CUDA0
llama_kv_cache: layer   4: dev = CUDA0
llama_kv_cache: layer   5: dev = CUDA0
llama_kv_cache: layer   6: dev = CUDA0
llama_kv_cache: layer   7: dev = CUDA0
llama_kv_cache: layer   8: dev = CUDA0
llama_kv_cache: layer   9: dev = CUDA0
llama_kv_cache: layer  10: dev = CUDA0
llama_kv_cache: layer  11: dev = CUDA0
llama_kv_cache: layer  12: dev = CUDA0
llama_kv_cache: layer  13: dev = CUDA0
llama_kv_cache: layer  14: dev = CUDA0
llama_kv_cache: layer  15: dev = CUDA0
llama_kv_cache: layer  16: dev = CUDA0
llama_kv_cache: layer  17: dev = CUDA0
llama_kv_cache: layer  18: dev = CUDA0
llama_kv_cache: layer  19: dev = CUDA0
llama_kv_cache: layer  20: dev = CUDA0
llama_kv_cache: layer  21: dev = CUDA0
llama_kv_cache: layer  22: dev = CUDA0
llama_kv_cache: layer  23: dev = CUDA0
llama_kv_cache: layer  24: dev = CUDA0
llama_kv_cache: layer  25: dev = CUDA0
llama_kv_cache: layer  26: dev = CUDA0
llama_kv_cache: layer  27: dev = CUDA0
llama_kv_cache:        CPU KV buffer size =     4.50 MiB
llama_kv_cache:      CUDA0 KV buffer size =    37.50 MiB
llama_kv_cache: size =   42.00 MiB (   768 cells,  28 layers,  1/1 seqs), K (f16):   21.00 MiB, V (f16):   21.00 MiB
llama_kv_cache: attn_rot_k = 0, n_embd_head_k_all = 128
llama_kv_cache: attn_rot_v = 0, n_embd_head_k_all = 128
llama_context: enumerating backends
llama_context: backend_ptrs.size() = 2
sched_reserve: reserving ...
sched_reserve: max_nodes = 2712
sched_reserve: reserving full memory module
sched_reserve: worst-case: n_tokens = 512, n_seqs = 1, n_outputs = 1
graph_reserve: reserving a graph for ubatch with n_tokens =    1, n_seqs =  1, n_outputs =    1
sched_reserve: Flash Attention was auto, set to enabled
sched_reserve: resolving fused Gated Delta Net support:
graph_reserve: reserving a graph for ubatch with n_tokens =    1, n_seqs =  1, n_outputs =    1
sched_reserve: fused Gated Delta Net (autoregressive) enabled
graph_reserve: reserving a graph for ubatch with n_tokens =   16, n_seqs =  1, n_outputs =   16
sched_reserve: fused Gated Delta Net (chunked) enabled
graph_reserve: reserving a graph for ubatch with n_tokens =  512, n_seqs =  1, n_outputs =  512
graph_reserve: reserving a graph for ubatch with n_tokens =    1, n_seqs =  1, n_outputs =    1
graph_reserve: reserving a graph for ubatch with n_tokens =  512, n_seqs =  1, n_outputs =  512
sched_reserve:      CUDA0 compute buffer size =   304.00 MiB
sched_reserve:  CUDA_Host compute buffer size =    14.76 MiB
sched_reserve: graph nodes  = 958
sched_reserve: graph splits = 44 (with bs=512), 2 (with bs=1)
sched_reserve: reserve took 15.65 ms, sched copies = 1
CUDA Graph id 7233 reused
ggml_backend_cuda_graph_compute: CUDA graph warmup complete
CUDA Graph id 7233 reused
CUDA Graph id 7233 reused
CUDA Graph id 7233 reused
CUDA Graph id 7233 reused
CUDA Graph id 7233 reused
CUDA Graph id 7233 reused
CUDA Graph id 7233 reused
CUDA Graph id 7233 reused
CUDA Graph id 7233 reused
CUDA Graph id 7233 reused
CUDA Graph id 7233 reused
CUDA Graph id 7233 reused
CUDA Graph id 7233 reused
CUDA Graph id 7233 reused
CUDA Graph id 7233 reused
CUDA Graph id 7233 reused
ggml_backend_cuda_graph_compute: CUDA graph warmup reset
CUDA Graph id 7236 reused
ggml_backend_cuda_graph_compute: CUDA graph warmup complete
~llama_context:      CUDA0 compute buffer size is 304.0000 MiB, matches expectation of 304.0000 MiB
~llama_context:  CUDA_Host compute buffer size is  14.7637 MiB, matches expectation of  14.7637 MiB
schema 183/200 done
llama_context: constructing llama_context
llama_context: n_seq_max     = 1
llama_context: n_ctx         = 768
llama_context: n_ctx_seq     = 768
llama_context: n_batch       = 744
llama_context: n_ubatch      = 512
llama_context: causal_attn   = 1
llama_context: flash_attn    = auto
llama_context: kv_unified    = false
llama_context: freq_base     = 1000000.0
llama_context: freq_scale    = 1
llama_context: n_rs_seq      = 0
llama_context: n_outputs_max = 744
llama_context: n_ctx_seq (768) < n_ctx_train (32768) -- the full capacity of the model will not be utilized
set_abort_callback: call
llama_context:  CUDA_Host  output buffer size =     0.58 MiB
llama_kv_cache: layer   0: dev = CPU
llama_kv_cache: layer   1: dev = CPU
llama_kv_cache: layer   2: dev = CPU
llama_kv_cache: layer   3: dev = CUDA0
llama_kv_cache: layer   4: dev = CUDA0
llama_kv_cache: layer   5: dev = CUDA0
llama_kv_cache: layer   6: dev = CUDA0
llama_kv_cache: layer   7: dev = CUDA0
llama_kv_cache: layer   8: dev = CUDA0
llama_kv_cache: layer   9: dev = CUDA0
llama_kv_cache: layer  10: dev = CUDA0
llama_kv_cache: layer  11: dev = CUDA0
llama_kv_cache: layer  12: dev = CUDA0
llama_kv_cache: layer  13: dev = CUDA0
llama_kv_cache: layer  14: dev = CUDA0
llama_kv_cache: layer  15: dev = CUDA0
llama_kv_cache: layer  16: dev = CUDA0
llama_kv_cache: layer  17: dev = CUDA0
llama_kv_cache: layer  18: dev = CUDA0
llama_kv_cache: layer  19: dev = CUDA0
llama_kv_cache: layer  20: dev = CUDA0
llama_kv_cache: layer  21: dev = CUDA0
llama_kv_cache: layer  22: dev = CUDA0
llama_kv_cache: layer  23: dev = CUDA0
llama_kv_cache: layer  24: dev = CUDA0
llama_kv_cache: layer  25: dev = CUDA0
llama_kv_cache: layer  26: dev = CUDA0
llama_kv_cache: layer  27: dev = CUDA0
llama_kv_cache:        CPU KV buffer size =     4.50 MiB
llama_kv_cache:      CUDA0 KV buffer size =    37.50 MiB
llama_kv_cache: size =   42.00 MiB (   768 cells,  28 layers,  1/1 seqs), K (f16):   21.00 MiB, V (f16):   21.00 MiB
llama_kv_cache: attn_rot_k = 0, n_embd_head_k_all = 128
llama_kv_cache: attn_rot_v = 0, n_embd_head_k_all = 128
llama_context: enumerating backends
llama_context: backend_ptrs.size() = 2
sched_reserve: reserving ...
sched_reserve: max_nodes = 2712
sched_reserve: reserving full memory module
sched_reserve: worst-case: n_tokens = 512, n_seqs = 1, n_outputs = 1
graph_reserve: reserving a graph for ubatch with n_tokens =    1, n_seqs =  1, n_outputs =    1
sched_reserve: Flash Attention was auto, set to enabled
sched_reserve: resolving fused Gated Delta Net support:
graph_reserve: reserving a graph for ubatch with n_tokens =    1, n_seqs =  1, n_outputs =    1
sched_reserve: fused Gated Delta Net (autoregressive) enabled
graph_reserve: reserving a graph for ubatch with n_tokens =   16, n_seqs =  1, n_outputs =   16
sched_reserve: fused Gated Delta Net (chunked) enabled
graph_reserve: reserving a graph for ubatch with n_tokens =  512, n_seqs =  1, n_outputs =  512
graph_reserve: reserving a graph for ubatch with n_tokens =    1, n_seqs =  1, n_outputs =    1
graph_reserve: reserving a graph for ubatch with n_tokens =  512, n_seqs =  1, n_outputs =  512
sched_reserve:      CUDA0 compute buffer size =   304.00 MiB
sched_reserve:  CUDA_Host compute buffer size =    14.76 MiB
sched_reserve: graph nodes  = 958
sched_reserve: graph splits = 44 (with bs=512), 2 (with bs=1)
sched_reserve: reserve took 10.84 ms, sched copies = 1
CUDA Graph id 7386 reused
ggml_backend_cuda_graph_compute: CUDA graph warmup complete
CUDA Graph id 7386 reused
CUDA Graph id 7386 reused
CUDA Graph id 7386 reused
CUDA Graph id 7386 reused
CUDA Graph id 7386 reused
CUDA Graph id 7386 reused
CUDA Graph id 7386 reused
CUDA Graph id 7386 reused
CUDA Graph id 7386 reused
CUDA Graph id 7386 reused
CUDA Graph id 7386 reused
CUDA Graph id 7386 reused
CUDA Graph id 7386 reused
CUDA Graph id 7386 reused
CUDA Graph id 7386 reused
CUDA Graph id 7386 reused
CUDA Graph id 7386 reused
CUDA Graph id 7386 reused
CUDA Graph id 7386 reused
CUDA Graph id 7386 reused
CUDA Graph id 7386 reused
CUDA Graph id 7386 reused
CUDA Graph id 7386 reused
CUDA Graph id 7386 reused
CUDA Graph id 7386 reused
CUDA Graph id 7386 reused
CUDA Graph id 7386 reused
CUDA Graph id 7386 reused
CUDA Graph id 7386 reused
CUDA Graph id 7386 reused
ggml_backend_cuda_graph_compute: CUDA graph warmup reset
CUDA Graph id 7389 reused
ggml_backend_cuda_graph_compute: CUDA graph warmup complete
CUDA Graph id 7389 reused
~llama_context:      CUDA0 compute buffer size is 304.0000 MiB, matches expectation of 304.0000 MiB
~llama_context:  CUDA_Host compute buffer size is  14.7637 MiB, matches expectation of  14.7637 MiB
llama_context: constructing llama_context
llama_context: n_seq_max     = 1
llama_context: n_ctx         = 768
llama_context: n_ctx_seq     = 768
llama_context: n_batch       = 744
llama_context: n_ubatch      = 512
llama_context: causal_attn   = 1
llama_context: flash_attn    = auto
llama_context: kv_unified    = false
llama_context: freq_base     = 1000000.0
llama_context: freq_scale    = 1
llama_context: n_rs_seq      = 0
llama_context: n_outputs_max = 744
llama_context: n_ctx_seq (768) < n_ctx_train (32768) -- the full capacity of the model will not be utilized
set_abort_callback: call
llama_context:  CUDA_Host  output buffer size =     0.58 MiB
llama_kv_cache: layer   0: dev = CPU
llama_kv_cache: layer   1: dev = CPU
llama_kv_cache: layer   2: dev = CPU
llama_kv_cache: layer   3: dev = CUDA0
llama_kv_cache: layer   4: dev = CUDA0
llama_kv_cache: layer   5: dev = CUDA0
llama_kv_cache: layer   6: dev = CUDA0
llama_kv_cache: layer   7: dev = CUDA0
llama_kv_cache: layer   8: dev = CUDA0
llama_kv_cache: layer   9: dev = CUDA0
llama_kv_cache: layer  10: dev = CUDA0
llama_kv_cache: layer  11: dev = CUDA0
llama_kv_cache: layer  12: dev = CUDA0
llama_kv_cache: layer  13: dev = CUDA0
llama_kv_cache: layer  14: dev = CUDA0
llama_kv_cache: layer  15: dev = CUDA0
llama_kv_cache: layer  16: dev = CUDA0
llama_kv_cache: layer  17: dev = CUDA0
llama_kv_cache: layer  18: dev = CUDA0
llama_kv_cache: layer  19: dev = CUDA0
llama_kv_cache: layer  20: dev = CUDA0
llama_kv_cache: layer  21: dev = CUDA0
llama_kv_cache: layer  22: dev = CUDA0
llama_kv_cache: layer  23: dev = CUDA0
llama_kv_cache: layer  24: dev = CUDA0
llama_kv_cache: layer  25: dev = CUDA0
llama_kv_cache: layer  26: dev = CUDA0
llama_kv_cache: layer  27: dev = CUDA0
llama_kv_cache:        CPU KV buffer size =     4.50 MiB
llama_kv_cache:      CUDA0 KV buffer size =    37.50 MiB
llama_kv_cache: size =   42.00 MiB (   768 cells,  28 layers,  1/1 seqs), K (f16):   21.00 MiB, V (f16):   21.00 MiB
llama_kv_cache: attn_rot_k = 0, n_embd_head_k_all = 128
llama_kv_cache: attn_rot_v = 0, n_embd_head_k_all = 128
llama_context: enumerating backends
llama_context: backend_ptrs.size() = 2
sched_reserve: reserving ...
sched_reserve: max_nodes = 2712
sched_reserve: reserving full memory module
sched_reserve: worst-case: n_tokens = 512, n_seqs = 1, n_outputs = 1
graph_reserve: reserving a graph for ubatch with n_tokens =    1, n_seqs =  1, n_outputs =    1
sched_reserve: Flash Attention was auto, set to enabled
sched_reserve: resolving fused Gated Delta Net support:
graph_reserve: reserving a graph for ubatch with n_tokens =    1, n_seqs =  1, n_outputs =    1
sched_reserve: fused Gated Delta Net (autoregressive) enabled
graph_reserve: reserving a graph for ubatch with n_tokens =   16, n_seqs =  1, n_outputs =   16
sched_reserve: fused Gated Delta Net (chunked) enabled
graph_reserve: reserving a graph for ubatch with n_tokens =  512, n_seqs =  1, n_outputs =  512
graph_reserve: reserving a graph for ubatch with n_tokens =    1, n_seqs =  1, n_outputs =    1
graph_reserve: reserving a graph for ubatch with n_tokens =  512, n_seqs =  1, n_outputs =  512
sched_reserve:      CUDA0 compute buffer size =   304.00 MiB
sched_reserve:  CUDA_Host compute buffer size =    14.76 MiB
sched_reserve: graph nodes  = 958
sched_reserve: graph splits = 44 (with bs=512), 2 (with bs=1)
sched_reserve: reserve took 14.54 ms, sched copies = 1
CUDA Graph id 7539 reused
ggml_backend_cuda_graph_compute: CUDA graph warmup complete
CUDA Graph id 7539 reused
CUDA Graph id 7539 reused
CUDA Graph id 7539 reused
CUDA Graph id 7539 reused
CUDA Graph id 7539 reused
CUDA Graph id 7539 reused
CUDA Graph id 7539 reused
CUDA Graph id 7539 reused
CUDA Graph id 7539 reused
CUDA Graph id 7539 reused
CUDA Graph id 7539 reused
CUDA Graph id 7539 reused
CUDA Graph id 7539 reused
CUDA Graph id 7539 reused
CUDA Graph id 7539 reused
CUDA Graph id 7539 reused
CUDA Graph id 7539 reused
CUDA Graph id 7539 reused
CUDA Graph id 7539 reused
CUDA Graph id 7539 reused
CUDA Graph id 7539 reused
CUDA Graph id 7539 reused
CUDA Graph id 7539 reused
CUDA Graph id 7539 reused
CUDA Graph id 7539 reused
CUDA Graph id 7539 reused
CUDA Graph id 7539 reused
CUDA Graph id 7539 reused
CUDA Graph id 7539 reused
CUDA Graph id 7539 reused
ggml_backend_cuda_graph_compute: CUDA graph warmup reset
CUDA Graph id 7542 reused
ggml_backend_cuda_graph_compute: CUDA graph warmup complete
CUDA Graph id 7542 reused
~llama_context:      CUDA0 compute buffer size is 304.0000 MiB, matches expectation of 304.0000 MiB
~llama_context:  CUDA_Host compute buffer size is  14.7637 MiB, matches expectation of  14.7637 MiB
llama_context: constructing llama_context
llama_context: n_seq_max     = 1
llama_context: n_ctx         = 768
llama_context: n_ctx_seq     = 768
llama_context: n_batch       = 744
llama_context: n_ubatch      = 512
llama_context: causal_attn   = 1
llama_context: flash_attn    = auto
llama_context: kv_unified    = false
llama_context: freq_base     = 1000000.0
llama_context: freq_scale    = 1
llama_context: n_rs_seq      = 0
llama_context: n_outputs_max = 744
llama_context: n_ctx_seq (768) < n_ctx_train (32768) -- the full capacity of the model will not be utilized
set_abort_callback: call
llama_context:  CUDA_Host  output buffer size =     0.58 MiB
llama_kv_cache: layer   0: dev = CPU
llama_kv_cache: layer   1: dev = CPU
llama_kv_cache: layer   2: dev = CPU
llama_kv_cache: layer   3: dev = CUDA0
llama_kv_cache: layer   4: dev = CUDA0
llama_kv_cache: layer   5: dev = CUDA0
llama_kv_cache: layer   6: dev = CUDA0
llama_kv_cache: layer   7: dev = CUDA0
llama_kv_cache: layer   8: dev = CUDA0
llama_kv_cache: layer   9: dev = CUDA0
llama_kv_cache: layer  10: dev = CUDA0
llama_kv_cache: layer  11: dev = CUDA0
llama_kv_cache: layer  12: dev = CUDA0
llama_kv_cache: layer  13: dev = CUDA0
llama_kv_cache: layer  14: dev = CUDA0
llama_kv_cache: layer  15: dev = CUDA0
llama_kv_cache: layer  16: dev = CUDA0
llama_kv_cache: layer  17: dev = CUDA0
llama_kv_cache: layer  18: dev = CUDA0
llama_kv_cache: layer  19: dev = CUDA0
llama_kv_cache: layer  20: dev = CUDA0
llama_kv_cache: layer  21: dev = CUDA0
llama_kv_cache: layer  22: dev = CUDA0
llama_kv_cache: layer  23: dev = CUDA0
llama_kv_cache: layer  24: dev = CUDA0
llama_kv_cache: layer  25: dev = CUDA0
llama_kv_cache: layer  26: dev = CUDA0
llama_kv_cache: layer  27: dev = CUDA0
llama_kv_cache:        CPU KV buffer size =     4.50 MiB
llama_kv_cache:      CUDA0 KV buffer size =    37.50 MiB
llama_kv_cache: size =   42.00 MiB (   768 cells,  28 layers,  1/1 seqs), K (f16):   21.00 MiB, V (f16):   21.00 MiB
llama_kv_cache: attn_rot_k = 0, n_embd_head_k_all = 128
llama_kv_cache: attn_rot_v = 0, n_embd_head_k_all = 128
llama_context: enumerating backends
llama_context: backend_ptrs.size() = 2
sched_reserve: reserving ...
sched_reserve: max_nodes = 2712
sched_reserve: reserving full memory module
sched_reserve: worst-case: n_tokens = 512, n_seqs = 1, n_outputs = 1
graph_reserve: reserving a graph for ubatch with n_tokens =    1, n_seqs =  1, n_outputs =    1
sched_reserve: Flash Attention was auto, set to enabled
sched_reserve: resolving fused Gated Delta Net support:
graph_reserve: reserving a graph for ubatch with n_tokens =    1, n_seqs =  1, n_outputs =    1
sched_reserve: fused Gated Delta Net (autoregressive) enabled
graph_reserve: reserving a graph for ubatch with n_tokens =   16, n_seqs =  1, n_outputs =   16
sched_reserve: fused Gated Delta Net (chunked) enabled
graph_reserve: reserving a graph for ubatch with n_tokens =  512, n_seqs =  1, n_outputs =  512
graph_reserve: reserving a graph for ubatch with n_tokens =    1, n_seqs =  1, n_outputs =    1
graph_reserve: reserving a graph for ubatch with n_tokens =  512, n_seqs =  1, n_outputs =  512
sched_reserve:      CUDA0 compute buffer size =   304.00 MiB
sched_reserve:  CUDA_Host compute buffer size =    14.76 MiB
sched_reserve: graph nodes  = 958
sched_reserve: graph splits = 44 (with bs=512), 2 (with bs=1)
sched_reserve: reserve took 11.01 ms, sched copies = 1
CUDA Graph id 7692 reused
ggml_backend_cuda_graph_compute: CUDA graph warmup complete
CUDA Graph id 7692 reused
CUDA Graph id 7692 reused
CUDA Graph id 7692 reused
CUDA Graph id 7692 reused
CUDA Graph id 7692 reused
CUDA Graph id 7692 reused
CUDA Graph id 7692 reused
CUDA Graph id 7692 reused
CUDA Graph id 7692 reused
CUDA Graph id 7692 reused
CUDA Graph id 7692 reused
CUDA Graph id 7692 reused
CUDA Graph id 7692 reused
CUDA Graph id 7692 reused
CUDA Graph id 7692 reused
CUDA Graph id 7692 reused
CUDA Graph id 7692 reused
CUDA Graph id 7692 reused
CUDA Graph id 7692 reused
CUDA Graph id 7692 reused
CUDA Graph id 7692 reused
CUDA Graph id 7692 reused
CUDA Graph id 7692 reused
CUDA Graph id 7692 reused
CUDA Graph id 7692 reused
CUDA Graph id 7692 reused
CUDA Graph id 7692 reused
CUDA Graph id 7692 reused
CUDA Graph id 7692 reused
CUDA Graph id 7692 reused
ggml_backend_cuda_graph_compute: CUDA graph warmup reset
CUDA Graph id 7695 reused
ggml_backend_cuda_graph_compute: CUDA graph warmup complete
CUDA Graph id 7695 reused
~llama_context:      CUDA0 compute buffer size is 304.0000 MiB, matches expectation of 304.0000 MiB
~llama_context:  CUDA_Host compute buffer size is  14.7637 MiB, matches expectation of  14.7637 MiB
llama_context: constructing llama_context
llama_context: n_seq_max     = 1
llama_context: n_ctx         = 768
llama_context: n_ctx_seq     = 768
llama_context: n_batch       = 744
llama_context: n_ubatch      = 512
llama_context: causal_attn   = 1
llama_context: flash_attn    = auto
llama_context: kv_unified    = false
llama_context: freq_base     = 1000000.0
llama_context: freq_scale    = 1
llama_context: n_rs_seq      = 0
llama_context: n_outputs_max = 744
llama_context: n_ctx_seq (768) < n_ctx_train (32768) -- the full capacity of the model will not be utilized
set_abort_callback: call
llama_context:  CUDA_Host  output buffer size =     0.58 MiB
llama_kv_cache: layer   0: dev = CPU
llama_kv_cache: layer   1: dev = CPU
llama_kv_cache: layer   2: dev = CPU
llama_kv_cache: layer   3: dev = CUDA0
llama_kv_cache: layer   4: dev = CUDA0
llama_kv_cache: layer   5: dev = CUDA0
llama_kv_cache: layer   6: dev = CUDA0
llama_kv_cache: layer   7: dev = CUDA0
llama_kv_cache: layer   8: dev = CUDA0
llama_kv_cache: layer   9: dev = CUDA0
llama_kv_cache: layer  10: dev = CUDA0
llama_kv_cache: layer  11: dev = CUDA0
llama_kv_cache: layer  12: dev = CUDA0
llama_kv_cache: layer  13: dev = CUDA0
llama_kv_cache: layer  14: dev = CUDA0
llama_kv_cache: layer  15: dev = CUDA0
llama_kv_cache: layer  16: dev = CUDA0
llama_kv_cache: layer  17: dev = CUDA0
llama_kv_cache: layer  18: dev = CUDA0
llama_kv_cache: layer  19: dev = CUDA0
llama_kv_cache: layer  20: dev = CUDA0
llama_kv_cache: layer  21: dev = CUDA0
llama_kv_cache: layer  22: dev = CUDA0
llama_kv_cache: layer  23: dev = CUDA0
llama_kv_cache: layer  24: dev = CUDA0
llama_kv_cache: layer  25: dev = CUDA0
llama_kv_cache: layer  26: dev = CUDA0
llama_kv_cache: layer  27: dev = CUDA0
llama_kv_cache:        CPU KV buffer size =     4.50 MiB
llama_kv_cache:      CUDA0 KV buffer size =    37.50 MiB
llama_kv_cache: size =   42.00 MiB (   768 cells,  28 layers,  1/1 seqs), K (f16):   21.00 MiB, V (f16):   21.00 MiB
llama_kv_cache: attn_rot_k = 0, n_embd_head_k_all = 128
llama_kv_cache: attn_rot_v = 0, n_embd_head_k_all = 128
llama_context: enumerating backends
llama_context: backend_ptrs.size() = 2
sched_reserve: reserving ...
sched_reserve: max_nodes = 2712
sched_reserve: reserving full memory module
sched_reserve: worst-case: n_tokens = 512, n_seqs = 1, n_outputs = 1
graph_reserve: reserving a graph for ubatch with n_tokens =    1, n_seqs =  1, n_outputs =    1
sched_reserve: Flash Attention was auto, set to enabled
sched_reserve: resolving fused Gated Delta Net support:
graph_reserve: reserving a graph for ubatch with n_tokens =    1, n_seqs =  1, n_outputs =    1
sched_reserve: fused Gated Delta Net (autoregressive) enabled
graph_reserve: reserving a graph for ubatch with n_tokens =   16, n_seqs =  1, n_outputs =   16
sched_reserve: fused Gated Delta Net (chunked) enabled
graph_reserve: reserving a graph for ubatch with n_tokens =  512, n_seqs =  1, n_outputs =  512
graph_reserve: reserving a graph for ubatch with n_tokens =    1, n_seqs =  1, n_outputs =    1
graph_reserve: reserving a graph for ubatch with n_tokens =  512, n_seqs =  1, n_outputs =  512
sched_reserve:      CUDA0 compute buffer size =   304.00 MiB
sched_reserve:  CUDA_Host compute buffer size =    14.76 MiB
sched_reserve: graph nodes  = 958
sched_reserve: graph splits = 44 (with bs=512), 2 (with bs=1)
sched_reserve: reserve took 12.24 ms, sched copies = 1
CUDA Graph id 7845 reused
ggml_backend_cuda_graph_compute: CUDA graph warmup complete
CUDA Graph id 7845 reused
CUDA Graph id 7845 reused
CUDA Graph id 7845 reused
CUDA Graph id 7845 reused
CUDA Graph id 7845 reused
CUDA Graph id 7845 reused
CUDA Graph id 7845 reused
CUDA Graph id 7845 reused
CUDA Graph id 7845 reused
CUDA Graph id 7845 reused
CUDA Graph id 7845 reused
CUDA Graph id 7845 reused
CUDA Graph id 7845 reused
CUDA Graph id 7845 reused
CUDA Graph id 7845 reused
CUDA Graph id 7845 reused
CUDA Graph id 7845 reused
CUDA Graph id 7845 reused
CUDA Graph id 7845 reused
CUDA Graph id 7845 reused
CUDA Graph id 7845 reused
CUDA Graph id 7845 reused
CUDA Graph id 7845 reused
CUDA Graph id 7845 reused
CUDA Graph id 7845 reused
CUDA Graph id 7845 reused
CUDA Graph id 7845 reused
CUDA Graph id 7845 reused
CUDA Graph id 7845 reused
CUDA Graph id 7845 reused
ggml_backend_cuda_graph_compute: CUDA graph warmup reset
CUDA Graph id 7848 reused
ggml_backend_cuda_graph_compute: CUDA graph warmup complete
CUDA Graph id 7848 reused
~llama_context:      CUDA0 compute buffer size is 304.0000 MiB, matches expectation of 304.0000 MiB
~llama_context:  CUDA_Host compute buffer size is  14.7637 MiB, matches expectation of  14.7637 MiB
llama_context: constructing llama_context
llama_context: n_seq_max     = 1
llama_context: n_ctx         = 768
llama_context: n_ctx_seq     = 768
llama_context: n_batch       = 744
llama_context: n_ubatch      = 512
llama_context: causal_attn   = 1
llama_context: flash_attn    = auto
llama_context: kv_unified    = false
llama_context: freq_base     = 1000000.0
llama_context: freq_scale    = 1
llama_context: n_rs_seq      = 0
llama_context: n_outputs_max = 744
llama_context: n_ctx_seq (768) < n_ctx_train (32768) -- the full capacity of the model will not be utilized
set_abort_callback: call
llama_context:  CUDA_Host  output buffer size =     0.58 MiB
llama_kv_cache: layer   0: dev = CPU
llama_kv_cache: layer   1: dev = CPU
llama_kv_cache: layer   2: dev = CPU
llama_kv_cache: layer   3: dev = CUDA0
llama_kv_cache: layer   4: dev = CUDA0
llama_kv_cache: layer   5: dev = CUDA0
llama_kv_cache: layer   6: dev = CUDA0
llama_kv_cache: layer   7: dev = CUDA0
llama_kv_cache: layer   8: dev = CUDA0
llama_kv_cache: layer   9: dev = CUDA0
llama_kv_cache: layer  10: dev = CUDA0
llama_kv_cache: layer  11: dev = CUDA0
llama_kv_cache: layer  12: dev = CUDA0
llama_kv_cache: layer  13: dev = CUDA0
llama_kv_cache: layer  14: dev = CUDA0
llama_kv_cache: layer  15: dev = CUDA0
llama_kv_cache: layer  16: dev = CUDA0
llama_kv_cache: layer  17: dev = CUDA0
llama_kv_cache: layer  18: dev = CUDA0
llama_kv_cache: layer  19: dev = CUDA0
llama_kv_cache: layer  20: dev = CUDA0
llama_kv_cache: layer  21: dev = CUDA0
llama_kv_cache: layer  22: dev = CUDA0
llama_kv_cache: layer  23: dev = CUDA0
llama_kv_cache: layer  24: dev = CUDA0
llama_kv_cache: layer  25: dev = CUDA0
llama_kv_cache: layer  26: dev = CUDA0
llama_kv_cache: layer  27: dev = CUDA0
llama_kv_cache:        CPU KV buffer size =     4.50 MiB
llama_kv_cache:      CUDA0 KV buffer size =    37.50 MiB
llama_kv_cache: size =   42.00 MiB (   768 cells,  28 layers,  1/1 seqs), K (f16):   21.00 MiB, V (f16):   21.00 MiB
llama_kv_cache: attn_rot_k = 0, n_embd_head_k_all = 128
llama_kv_cache: attn_rot_v = 0, n_embd_head_k_all = 128
llama_context: enumerating backends
llama_context: backend_ptrs.size() = 2
sched_reserve: reserving ...
sched_reserve: max_nodes = 2712
sched_reserve: reserving full memory module
sched_reserve: worst-case: n_tokens = 512, n_seqs = 1, n_outputs = 1
graph_reserve: reserving a graph for ubatch with n_tokens =    1, n_seqs =  1, n_outputs =    1
sched_reserve: Flash Attention was auto, set to enabled
sched_reserve: resolving fused Gated Delta Net support:
graph_reserve: reserving a graph for ubatch with n_tokens =    1, n_seqs =  1, n_outputs =    1
sched_reserve: fused Gated Delta Net (autoregressive) enabled
graph_reserve: reserving a graph for ubatch with n_tokens =   16, n_seqs =  1, n_outputs =   16
sched_reserve: fused Gated Delta Net (chunked) enabled
graph_reserve: reserving a graph for ubatch with n_tokens =  512, n_seqs =  1, n_outputs =  512
graph_reserve: reserving a graph for ubatch with n_tokens =    1, n_seqs =  1, n_outputs =    1
graph_reserve: reserving a graph for ubatch with n_tokens =  512, n_seqs =  1, n_outputs =  512
sched_reserve:      CUDA0 compute buffer size =   304.00 MiB
sched_reserve:  CUDA_Host compute buffer size =    14.76 MiB
sched_reserve: graph nodes  = 958
sched_reserve: graph splits = 44 (with bs=512), 2 (with bs=1)
sched_reserve: reserve took 13.21 ms, sched copies = 1
CUDA Graph id 7998 reused
ggml_backend_cuda_graph_compute: CUDA graph warmup complete
CUDA Graph id 7998 reused
CUDA Graph id 7998 reused
CUDA Graph id 7998 reused
CUDA Graph id 7998 reused
CUDA Graph id 7998 reused
CUDA Graph id 7998 reused
CUDA Graph id 7998 reused
CUDA Graph id 7998 reused
CUDA Graph id 7998 reused
CUDA Graph id 7998 reused
CUDA Graph id 7998 reused
CUDA Graph id 7998 reused
CUDA Graph id 7998 reused
CUDA Graph id 7998 reused
CUDA Graph id 7998 reused
CUDA Graph id 7998 reused
CUDA Graph id 7998 reused
CUDA Graph id 7998 reused
CUDA Graph id 7998 reused
CUDA Graph id 7998 reused
CUDA Graph id 7998 reused
CUDA Graph id 7998 reused
CUDA Graph id 7998 reused
CUDA Graph id 7998 reused
CUDA Graph id 7998 reused
CUDA Graph id 7998 reused
CUDA Graph id 7998 reused
CUDA Graph id 7998 reused
CUDA Graph id 7998 reused
CUDA Graph id 7998 reused
ggml_backend_cuda_graph_compute: CUDA graph warmup reset
CUDA Graph id 8001 reused
ggml_backend_cuda_graph_compute: CUDA graph warmup complete
CUDA Graph id 8001 reused
CUDA Graph id 8001 reused
CUDA Graph id 8001 reused
CUDA Graph id 8001 reused
CUDA Graph id 8001 reused
CUDA Graph id 8001 reused
CUDA Graph id 8001 reused
CUDA Graph id 8001 reused
CUDA Graph id 8001 reused
CUDA Graph id 8001 reused
CUDA Graph id 8001 reused
CUDA Graph id 8001 reused
CUDA Graph id 8001 reused
CUDA Graph id 8001 reused
CUDA Graph id 8001 reused
CUDA Graph id 8001 reused
CUDA Graph id 8001 reused
CUDA Graph id 8001 reused
CUDA Graph id 8001 reused
CUDA Graph id 8001 reused
CUDA Graph id 8001 reused
CUDA Graph id 8001 reused
CUDA Graph id 8001 reused
CUDA Graph id 8001 reused
CUDA Graph id 8001 reused
CUDA Graph id 8001 reused
CUDA Graph id 8001 reused
CUDA Graph id 8001 reused
CUDA Graph id 8001 reused
CUDA Graph id 8001 reused
CUDA Graph id 8001 reused
CUDA Graph id 8001 reused
CUDA Graph id 8001 reused
CUDA Graph id 8001 reused
CUDA Graph id 8001 reused
CUDA Graph id 8001 reused
CUDA Graph id 8001 reused
CUDA Graph id 8001 reused
CUDA Graph id 8001 reused
CUDA Graph id 8001 reused
CUDA Graph id 8001 reused
CUDA Graph id 8001 reused
CUDA Graph id 8001 reused
CUDA Graph id 8001 reused
CUDA Graph id 8001 reused
CUDA Graph id 8001 reused
CUDA Graph id 8001 reused
CUDA Graph id 8001 reused
CUDA Graph id 8001 reused
CUDA Graph id 8001 reused
CUDA Graph id 8001 reused
CUDA Graph id 8001 reused
CUDA Graph id 8001 reused
CUDA Graph id 8001 reused
CUDA Graph id 8001 reused
CUDA Graph id 8001 reused
CUDA Graph id 8001 reused
CUDA Graph id 8001 reused
CUDA Graph id 8001 reused
CUDA Graph id 8001 reused
CUDA Graph id 8001 reused
CUDA Graph id 8001 reused
CUDA Graph id 8001 reused
CUDA Graph id 8001 reused
CUDA Graph id 8001 reused
CUDA Graph id 8001 reused
CUDA Graph id 8001 reused
CUDA Graph id 8001 reused
CUDA Graph id 8001 reused
CUDA Graph id 8001 reused
CUDA Graph id 8001 reused
CUDA Graph id 8001 reused
CUDA Graph id 8001 reused
CUDA Graph id 8001 reused
CUDA Graph id 8001 reused
CUDA Graph id 8001 reused
CUDA Graph id 8001 reused
CUDA Graph id 8001 reused
CUDA Graph id 8001 reused
CUDA Graph id 8001 reused
CUDA Graph id 8001 reused
CUDA Graph id 8001 reused
CUDA Graph id 8001 reused
CUDA Graph id 8001 reused
CUDA Graph id 8001 reused
CUDA Graph id 8001 reused
CUDA Graph id 8001 reused
CUDA Graph id 8001 reused
CUDA Graph id 8001 reused
CUDA Graph id 8001 reused
CUDA Graph id 8001 reused
CUDA Graph id 8001 reused
CUDA Graph id 8001 reused
~llama_context:      CUDA0 compute buffer size is 304.0000 MiB, matches expectation of 304.0000 MiB
~llama_context:  CUDA_Host compute buffer size is  14.7637 MiB, matches expectation of  14.7637 MiB
llama_context: constructing llama_context
llama_context: n_seq_max     = 1
llama_context: n_ctx         = 768
llama_context: n_ctx_seq     = 768
llama_context: n_batch       = 744
llama_context: n_ubatch      = 512
llama_context: causal_attn   = 1
llama_context: flash_attn    = auto
llama_context: kv_unified    = false
llama_context: freq_base     = 1000000.0
llama_context: freq_scale    = 1
llama_context: n_rs_seq      = 0
llama_context: n_outputs_max = 744
llama_context: n_ctx_seq (768) < n_ctx_train (32768) -- the full capacity of the model will not be utilized
set_abort_callback: call
llama_context:  CUDA_Host  output buffer size =     0.58 MiB
llama_kv_cache: layer   0: dev = CPU
llama_kv_cache: layer   1: dev = CPU
llama_kv_cache: layer   2: dev = CPU
llama_kv_cache: layer   3: dev = CUDA0
llama_kv_cache: layer   4: dev = CUDA0
llama_kv_cache: layer   5: dev = CUDA0
llama_kv_cache: layer   6: dev = CUDA0
llama_kv_cache: layer   7: dev = CUDA0
llama_kv_cache: layer   8: dev = CUDA0
llama_kv_cache: layer   9: dev = CUDA0
llama_kv_cache: layer  10: dev = CUDA0
llama_kv_cache: layer  11: dev = CUDA0
llama_kv_cache: layer  12: dev = CUDA0
llama_kv_cache: layer  13: dev = CUDA0
llama_kv_cache: layer  14: dev = CUDA0
llama_kv_cache: layer  15: dev = CUDA0
llama_kv_cache: layer  16: dev = CUDA0
llama_kv_cache: layer  17: dev = CUDA0
llama_kv_cache: layer  18: dev = CUDA0
llama_kv_cache: layer  19: dev = CUDA0
llama_kv_cache: layer  20: dev = CUDA0
llama_kv_cache: layer  21: dev = CUDA0
llama_kv_cache: layer  22: dev = CUDA0
llama_kv_cache: layer  23: dev = CUDA0
llama_kv_cache: layer  24: dev = CUDA0
llama_kv_cache: layer  25: dev = CUDA0
llama_kv_cache: layer  26: dev = CUDA0
llama_kv_cache: layer  27: dev = CUDA0
llama_kv_cache:        CPU KV buffer size =     4.50 MiB
llama_kv_cache:      CUDA0 KV buffer size =    37.50 MiB
llama_kv_cache: size =   42.00 MiB (   768 cells,  28 layers,  1/1 seqs), K (f16):   21.00 MiB, V (f16):   21.00 MiB
llama_kv_cache: attn_rot_k = 0, n_embd_head_k_all = 128
llama_kv_cache: attn_rot_v = 0, n_embd_head_k_all = 128
llama_context: enumerating backends
llama_context: backend_ptrs.size() = 2
sched_reserve: reserving ...
sched_reserve: max_nodes = 2712
sched_reserve: reserving full memory module
sched_reserve: worst-case: n_tokens = 512, n_seqs = 1, n_outputs = 1
graph_reserve: reserving a graph for ubatch with n_tokens =    1, n_seqs =  1, n_outputs =    1
sched_reserve: Flash Attention was auto, set to enabled
sched_reserve: resolving fused Gated Delta Net support:
graph_reserve: reserving a graph for ubatch with n_tokens =    1, n_seqs =  1, n_outputs =    1
sched_reserve: fused Gated Delta Net (autoregressive) enabled
graph_reserve: reserving a graph for ubatch with n_tokens =   16, n_seqs =  1, n_outputs =   16
sched_reserve: fused Gated Delta Net (chunked) enabled
graph_reserve: reserving a graph for ubatch with n_tokens =  512, n_seqs =  1, n_outputs =  512
graph_reserve: reserving a graph for ubatch with n_tokens =    1, n_seqs =  1, n_outputs =    1
graph_reserve: reserving a graph for ubatch with n_tokens =  512, n_seqs =  1, n_outputs =  512
sched_reserve:      CUDA0 compute buffer size =   304.00 MiB
sched_reserve:  CUDA_Host compute buffer size =    14.76 MiB
sched_reserve: graph nodes  = 958
sched_reserve: graph splits = 44 (with bs=512), 2 (with bs=1)
sched_reserve: reserve took 13.88 ms, sched copies = 1
CUDA Graph id 8151 reused
ggml_backend_cuda_graph_compute: CUDA graph warmup complete
CUDA Graph id 8151 reused
CUDA Graph id 8151 reused
CUDA Graph id 8151 reused
CUDA Graph id 8151 reused
CUDA Graph id 8151 reused
CUDA Graph id 8151 reused
CUDA Graph id 8151 reused
CUDA Graph id 8151 reused
CUDA Graph id 8151 reused
CUDA Graph id 8151 reused
CUDA Graph id 8151 reused
CUDA Graph id 8151 reused
CUDA Graph id 8151 reused
CUDA Graph id 8151 reused
CUDA Graph id 8151 reused
CUDA Graph id 8151 reused
CUDA Graph id 8151 reused
CUDA Graph id 8151 reused
CUDA Graph id 8151 reused
CUDA Graph id 8151 reused
CUDA Graph id 8151 reused
CUDA Graph id 8151 reused
CUDA Graph id 8151 reused
CUDA Graph id 8151 reused
CUDA Graph id 8151 reused
CUDA Graph id 8151 reused
CUDA Graph id 8151 reused
CUDA Graph id 8151 reused
CUDA Graph id 8151 reused
CUDA Graph id 8151 reused
ggml_backend_cuda_graph_compute: CUDA graph warmup reset
CUDA Graph id 8154 reused
ggml_backend_cuda_graph_compute: CUDA graph warmup complete
CUDA Graph id 8154 reused
CUDA Graph id 8154 reused
CUDA Graph id 8154 reused
CUDA Graph id 8154 reused
CUDA Graph id 8154 reused
CUDA Graph id 8154 reused
CUDA Graph id 8154 reused
CUDA Graph id 8154 reused
CUDA Graph id 8154 reused
CUDA Graph id 8154 reused
CUDA Graph id 8154 reused
CUDA Graph id 8154 reused
CUDA Graph id 8154 reused
CUDA Graph id 8154 reused
CUDA Graph id 8154 reused
CUDA Graph id 8154 reused
CUDA Graph id 8154 reused
CUDA Graph id 8154 reused
CUDA Graph id 8154 reused
CUDA Graph id 8154 reused
CUDA Graph id 8154 reused
CUDA Graph id 8154 reused
~llama_context:      CUDA0 compute buffer size is 304.0000 MiB, matches expectation of 304.0000 MiB
~llama_context:  CUDA_Host compute buffer size is  14.7637 MiB, matches expectation of  14.7637 MiB
schema 184/200 done
llama_context: constructing llama_context
llama_context: n_seq_max     = 1
llama_context: n_ctx         = 768
llama_context: n_ctx_seq     = 768
llama_context: n_batch       = 691
llama_context: n_ubatch      = 512
llama_context: causal_attn   = 1
llama_context: flash_attn    = auto
llama_context: kv_unified    = false
llama_context: freq_base     = 1000000.0
llama_context: freq_scale    = 1
llama_context: n_rs_seq      = 0
llama_context: n_outputs_max = 691
llama_context: n_ctx_seq (768) < n_ctx_train (32768) -- the full capacity of the model will not be utilized
set_abort_callback: call
llama_context:  CUDA_Host  output buffer size =     0.58 MiB
llama_kv_cache: layer   0: dev = CPU
llama_kv_cache: layer   1: dev = CPU
llama_kv_cache: layer   2: dev = CPU
llama_kv_cache: layer   3: dev = CUDA0
llama_kv_cache: layer   4: dev = CUDA0
llama_kv_cache: layer   5: dev = CUDA0
llama_kv_cache: layer   6: dev = CUDA0
llama_kv_cache: layer   7: dev = CUDA0
llama_kv_cache: layer   8: dev = CUDA0
llama_kv_cache: layer   9: dev = CUDA0
llama_kv_cache: layer  10: dev = CUDA0
llama_kv_cache: layer  11: dev = CUDA0
llama_kv_cache: layer  12: dev = CUDA0
llama_kv_cache: layer  13: dev = CUDA0
llama_kv_cache: layer  14: dev = CUDA0
llama_kv_cache: layer  15: dev = CUDA0
llama_kv_cache: layer  16: dev = CUDA0
llama_kv_cache: layer  17: dev = CUDA0
llama_kv_cache: layer  18: dev = CUDA0
llama_kv_cache: layer  19: dev = CUDA0
llama_kv_cache: layer  20: dev = CUDA0
llama_kv_cache: layer  21: dev = CUDA0
llama_kv_cache: layer  22: dev = CUDA0
llama_kv_cache: layer  23: dev = CUDA0
llama_kv_cache: layer  24: dev = CUDA0
llama_kv_cache: layer  25: dev = CUDA0
llama_kv_cache: layer  26: dev = CUDA0
llama_kv_cache: layer  27: dev = CUDA0
llama_kv_cache:        CPU KV buffer size =     4.50 MiB
llama_kv_cache:      CUDA0 KV buffer size =    37.50 MiB
llama_kv_cache: size =   42.00 MiB (   768 cells,  28 layers,  1/1 seqs), K (f16):   21.00 MiB, V (f16):   21.00 MiB
llama_kv_cache: attn_rot_k = 0, n_embd_head_k_all = 128
llama_kv_cache: attn_rot_v = 0, n_embd_head_k_all = 128
llama_context: enumerating backends
llama_context: backend_ptrs.size() = 2
sched_reserve: reserving ...
sched_reserve: max_nodes = 2712
sched_reserve: reserving full memory module
sched_reserve: worst-case: n_tokens = 512, n_seqs = 1, n_outputs = 1
graph_reserve: reserving a graph for ubatch with n_tokens =    1, n_seqs =  1, n_outputs =    1
sched_reserve: Flash Attention was auto, set to enabled
sched_reserve: resolving fused Gated Delta Net support:
graph_reserve: reserving a graph for ubatch with n_tokens =    1, n_seqs =  1, n_outputs =    1
sched_reserve: fused Gated Delta Net (autoregressive) enabled
graph_reserve: reserving a graph for ubatch with n_tokens =   16, n_seqs =  1, n_outputs =   16
sched_reserve: fused Gated Delta Net (chunked) enabled
graph_reserve: reserving a graph for ubatch with n_tokens =  512, n_seqs =  1, n_outputs =  512
graph_reserve: reserving a graph for ubatch with n_tokens =    1, n_seqs =  1, n_outputs =    1
graph_reserve: reserving a graph for ubatch with n_tokens =  512, n_seqs =  1, n_outputs =  512
sched_reserve:      CUDA0 compute buffer size =   304.00 MiB
sched_reserve:  CUDA_Host compute buffer size =    14.76 MiB
sched_reserve: graph nodes  = 958
sched_reserve: graph splits = 44 (with bs=512), 2 (with bs=1)
sched_reserve: reserve took 16.17 ms, sched copies = 1
CUDA Graph id 8304 reused
ggml_backend_cuda_graph_compute: CUDA graph warmup complete
CUDA Graph id 8304 reused
CUDA Graph id 8304 reused
CUDA Graph id 8304 reused
CUDA Graph id 8304 reused
CUDA Graph id 8304 reused
CUDA Graph id 8304 reused
CUDA Graph id 8304 reused
CUDA Graph id 8304 reused
CUDA Graph id 8304 reused
CUDA Graph id 8304 reused
CUDA Graph id 8304 reused
CUDA Graph id 8304 reused
CUDA Graph id 8304 reused
CUDA Graph id 8304 reused
CUDA Graph id 8304 reused
CUDA Graph id 8304 reused
CUDA Graph id 8304 reused
CUDA Graph id 8304 reused
CUDA Graph id 8304 reused
CUDA Graph id 8304 reused
CUDA Graph id 8304 reused
CUDA Graph id 8304 reused
CUDA Graph id 8304 reused
CUDA Graph id 8304 reused
CUDA Graph id 8304 reused
CUDA Graph id 8304 reused
CUDA Graph id 8304 reused
CUDA Graph id 8304 reused
CUDA Graph id 8304 reused
CUDA Graph id 8304 reused
CUDA Graph id 8304 reused
CUDA Graph id 8304 reused
CUDA Graph id 8304 reused
CUDA Graph id 8304 reused
CUDA Graph id 8304 reused
CUDA Graph id 8304 reused
CUDA Graph id 8304 reused
~llama_context:      CUDA0 compute buffer size is 304.0000 MiB, matches expectation of 304.0000 MiB
~llama_context:  CUDA_Host compute buffer size is  14.7637 MiB, matches expectation of  14.7637 MiB
llama_context: constructing llama_context
llama_context: n_seq_max     = 1
llama_context: n_ctx         = 768
llama_context: n_ctx_seq     = 768
llama_context: n_batch       = 691
llama_context: n_ubatch      = 512
llama_context: causal_attn   = 1
llama_context: flash_attn    = auto
llama_context: kv_unified    = false
llama_context: freq_base     = 1000000.0
llama_context: freq_scale    = 1
llama_context: n_rs_seq      = 0
llama_context: n_outputs_max = 691
llama_context: n_ctx_seq (768) < n_ctx_train (32768) -- the full capacity of the model will not be utilized
set_abort_callback: call
llama_context:  CUDA_Host  output buffer size =     0.58 MiB
llama_kv_cache: layer   0: dev = CPU
llama_kv_cache: layer   1: dev = CPU
llama_kv_cache: layer   2: dev = CPU
llama_kv_cache: layer   3: dev = CUDA0
llama_kv_cache: layer   4: dev = CUDA0
llama_kv_cache: layer   5: dev = CUDA0
llama_kv_cache: layer   6: dev = CUDA0
llama_kv_cache: layer   7: dev = CUDA0
llama_kv_cache: layer   8: dev = CUDA0
llama_kv_cache: layer   9: dev = CUDA0
llama_kv_cache: layer  10: dev = CUDA0
llama_kv_cache: layer  11: dev = CUDA0
llama_kv_cache: layer  12: dev = CUDA0
llama_kv_cache: layer  13: dev = CUDA0
llama_kv_cache: layer  14: dev = CUDA0
llama_kv_cache: layer  15: dev = CUDA0
llama_kv_cache: layer  16: dev = CUDA0
llama_kv_cache: layer  17: dev = CUDA0
llama_kv_cache: layer  18: dev = CUDA0
llama_kv_cache: layer  19: dev = CUDA0
llama_kv_cache: layer  20: dev = CUDA0
llama_kv_cache: layer  21: dev = CUDA0
llama_kv_cache: layer  22: dev = CUDA0
llama_kv_cache: layer  23: dev = CUDA0
llama_kv_cache: layer  24: dev = CUDA0
llama_kv_cache: layer  25: dev = CUDA0
llama_kv_cache: layer  26: dev = CUDA0
llama_kv_cache: layer  27: dev = CUDA0
llama_kv_cache:        CPU KV buffer size =     4.50 MiB
llama_kv_cache:      CUDA0 KV buffer size =    37.50 MiB
llama_kv_cache: size =   42.00 MiB (   768 cells,  28 layers,  1/1 seqs), K (f16):   21.00 MiB, V (f16):   21.00 MiB
llama_kv_cache: attn_rot_k = 0, n_embd_head_k_all = 128
llama_kv_cache: attn_rot_v = 0, n_embd_head_k_all = 128
llama_context: enumerating backends
llama_context: backend_ptrs.size() = 2
sched_reserve: reserving ...
sched_reserve: max_nodes = 2712
sched_reserve: reserving full memory module
sched_reserve: worst-case: n_tokens = 512, n_seqs = 1, n_outputs = 1
graph_reserve: reserving a graph for ubatch with n_tokens =    1, n_seqs =  1, n_outputs =    1
sched_reserve: Flash Attention was auto, set to enabled
sched_reserve: resolving fused Gated Delta Net support:
graph_reserve: reserving a graph for ubatch with n_tokens =    1, n_seqs =  1, n_outputs =    1
sched_reserve: fused Gated Delta Net (autoregressive) enabled
graph_reserve: reserving a graph for ubatch with n_tokens =   16, n_seqs =  1, n_outputs =   16
sched_reserve: fused Gated Delta Net (chunked) enabled
graph_reserve: reserving a graph for ubatch with n_tokens =  512, n_seqs =  1, n_outputs =  512
graph_reserve: reserving a graph for ubatch with n_tokens =    1, n_seqs =  1, n_outputs =    1
graph_reserve: reserving a graph for ubatch with n_tokens =  512, n_seqs =  1, n_outputs =  512
sched_reserve:      CUDA0 compute buffer size =   304.00 MiB
sched_reserve:  CUDA_Host compute buffer size =    14.76 MiB
sched_reserve: graph nodes  = 958
sched_reserve: graph splits = 44 (with bs=512), 2 (with bs=1)
sched_reserve: reserve took 10.41 ms, sched copies = 1
CUDA Graph id 8454 reused
ggml_backend_cuda_graph_compute: CUDA graph warmup complete
CUDA Graph id 8454 reused
CUDA Graph id 8454 reused
CUDA Graph id 8454 reused
CUDA Graph id 8454 reused
CUDA Graph id 8454 reused
CUDA Graph id 8454 reused
CUDA Graph id 8454 reused
CUDA Graph id 8454 reused
CUDA Graph id 8454 reused
CUDA Graph id 8454 reused
CUDA Graph id 8454 reused
CUDA Graph id 8454 reused
CUDA Graph id 8454 reused
CUDA Graph id 8454 reused
CUDA Graph id 8454 reused
CUDA Graph id 8454 reused
CUDA Graph id 8454 reused
CUDA Graph id 8454 reused
CUDA Graph id 8454 reused
CUDA Graph id 8454 reused
CUDA Graph id 8454 reused
CUDA Graph id 8454 reused
CUDA Graph id 8454 reused
CUDA Graph id 8454 reused
CUDA Graph id 8454 reused
CUDA Graph id 8454 reused
CUDA Graph id 8454 reused
CUDA Graph id 8454 reused
CUDA Graph id 8454 reused
CUDA Graph id 8454 reused
CUDA Graph id 8454 reused
CUDA Graph id 8454 reused
CUDA Graph id 8454 reused
CUDA Graph id 8454 reused
CUDA Graph id 8454 reused
CUDA Graph id 8454 reused
CUDA Graph id 8454 reused
~llama_context:      CUDA0 compute buffer size is 304.0000 MiB, matches expectation of 304.0000 MiB
~llama_context:  CUDA_Host compute buffer size is  14.7637 MiB, matches expectation of  14.7637 MiB
llama_context: constructing llama_context
llama_context: n_seq_max     = 1
llama_context: n_ctx         = 768
llama_context: n_ctx_seq     = 768
llama_context: n_batch       = 691
llama_context: n_ubatch      = 512
llama_context: causal_attn   = 1
llama_context: flash_attn    = auto
llama_context: kv_unified    = false
llama_context: freq_base     = 1000000.0
llama_context: freq_scale    = 1
llama_context: n_rs_seq      = 0
llama_context: n_outputs_max = 691
llama_context: n_ctx_seq (768) < n_ctx_train (32768) -- the full capacity of the model will not be utilized
set_abort_callback: call
llama_context:  CUDA_Host  output buffer size =     0.58 MiB
llama_kv_cache: layer   0: dev = CPU
llama_kv_cache: layer   1: dev = CPU
llama_kv_cache: layer   2: dev = CPU
llama_kv_cache: layer   3: dev = CUDA0
llama_kv_cache: layer   4: dev = CUDA0
llama_kv_cache: layer   5: dev = CUDA0
llama_kv_cache: layer   6: dev = CUDA0
llama_kv_cache: layer   7: dev = CUDA0
llama_kv_cache: layer   8: dev = CUDA0
llama_kv_cache: layer   9: dev = CUDA0
llama_kv_cache: layer  10: dev = CUDA0
llama_kv_cache: layer  11: dev = CUDA0
llama_kv_cache: layer  12: dev = CUDA0
llama_kv_cache: layer  13: dev = CUDA0
llama_kv_cache: layer  14: dev = CUDA0
llama_kv_cache: layer  15: dev = CUDA0
llama_kv_cache: layer  16: dev = CUDA0
llama_kv_cache: layer  17: dev = CUDA0
llama_kv_cache: layer  18: dev = CUDA0
llama_kv_cache: layer  19: dev = CUDA0
llama_kv_cache: layer  20: dev = CUDA0
llama_kv_cache: layer  21: dev = CUDA0
llama_kv_cache: layer  22: dev = CUDA0
llama_kv_cache: layer  23: dev = CUDA0
llama_kv_cache: layer  24: dev = CUDA0
llama_kv_cache: layer  25: dev = CUDA0
llama_kv_cache: layer  26: dev = CUDA0
llama_kv_cache: layer  27: dev = CUDA0
llama_kv_cache:        CPU KV buffer size =     4.50 MiB
llama_kv_cache:      CUDA0 KV buffer size =    37.50 MiB
llama_kv_cache: size =   42.00 MiB (   768 cells,  28 layers,  1/1 seqs), K (f16):   21.00 MiB, V (f16):   21.00 MiB
llama_kv_cache: attn_rot_k = 0, n_embd_head_k_all = 128
llama_kv_cache: attn_rot_v = 0, n_embd_head_k_all = 128
llama_context: enumerating backends
llama_context: backend_ptrs.size() = 2
sched_reserve: reserving ...
sched_reserve: max_nodes = 2712
sched_reserve: reserving full memory module
sched_reserve: worst-case: n_tokens = 512, n_seqs = 1, n_outputs = 1
graph_reserve: reserving a graph for ubatch with n_tokens =    1, n_seqs =  1, n_outputs =    1
sched_reserve: Flash Attention was auto, set to enabled
sched_reserve: resolving fused Gated Delta Net support:
graph_reserve: reserving a graph for ubatch with n_tokens =    1, n_seqs =  1, n_outputs =    1
sched_reserve: fused Gated Delta Net (autoregressive) enabled
graph_reserve: reserving a graph for ubatch with n_tokens =   16, n_seqs =  1, n_outputs =   16
sched_reserve: fused Gated Delta Net (chunked) enabled
graph_reserve: reserving a graph for ubatch with n_tokens =  512, n_seqs =  1, n_outputs =  512
graph_reserve: reserving a graph for ubatch with n_tokens =    1, n_seqs =  1, n_outputs =    1
graph_reserve: reserving a graph for ubatch with n_tokens =  512, n_seqs =  1, n_outputs =  512
sched_reserve:      CUDA0 compute buffer size =   304.00 MiB
sched_reserve:  CUDA_Host compute buffer size =    14.76 MiB
sched_reserve: graph nodes  = 958
sched_reserve: graph splits = 44 (with bs=512), 2 (with bs=1)
sched_reserve: reserve took 13.17 ms, sched copies = 1
CUDA Graph id 8604 reused
ggml_backend_cuda_graph_compute: CUDA graph warmup complete
CUDA Graph id 8604 reused
CUDA Graph id 8604 reused
CUDA Graph id 8604 reused
CUDA Graph id 8604 reused
CUDA Graph id 8604 reused
CUDA Graph id 8604 reused
CUDA Graph id 8604 reused
CUDA Graph id 8604 reused
CUDA Graph id 8604 reused
CUDA Graph id 8604 reused
CUDA Graph id 8604 reused
CUDA Graph id 8604 reused
CUDA Graph id 8604 reused
CUDA Graph id 8604 reused
CUDA Graph id 8604 reused
CUDA Graph id 8604 reused
CUDA Graph id 8604 reused
CUDA Graph id 8604 reused
CUDA Graph id 8604 reused
CUDA Graph id 8604 reused
CUDA Graph id 8604 reused
CUDA Graph id 8604 reused
CUDA Graph id 8604 reused
CUDA Graph id 8604 reused
CUDA Graph id 8604 reused
CUDA Graph id 8604 reused
CUDA Graph id 8604 reused
CUDA Graph id 8604 reused
CUDA Graph id 8604 reused
CUDA Graph id 8604 reused
CUDA Graph id 8604 reused
CUDA Graph id 8604 reused
CUDA Graph id 8604 reused
CUDA Graph id 8604 reused
CUDA Graph id 8604 reused
CUDA Graph id 8604 reused
CUDA Graph id 8604 reused
~llama_context:      CUDA0 compute buffer size is 304.0000 MiB, matches expectation of 304.0000 MiB
~llama_context:  CUDA_Host compute buffer size is  14.7637 MiB, matches expectation of  14.7637 MiB
llama_context: constructing llama_context
llama_context: n_seq_max     = 1
llama_context: n_ctx         = 768
llama_context: n_ctx_seq     = 768
llama_context: n_batch       = 691
llama_context: n_ubatch      = 512
llama_context: causal_attn   = 1
llama_context: flash_attn    = auto
llama_context: kv_unified    = false
llama_context: freq_base     = 1000000.0
llama_context: freq_scale    = 1
llama_context: n_rs_seq      = 0
llama_context: n_outputs_max = 691
llama_context: n_ctx_seq (768) < n_ctx_train (32768) -- the full capacity of the model will not be utilized
set_abort_callback: call
llama_context:  CUDA_Host  output buffer size =     0.58 MiB
llama_kv_cache: layer   0: dev = CPU
llama_kv_cache: layer   1: dev = CPU
llama_kv_cache: layer   2: dev = CPU
llama_kv_cache: layer   3: dev = CUDA0
llama_kv_cache: layer   4: dev = CUDA0
llama_kv_cache: layer   5: dev = CUDA0
llama_kv_cache: layer   6: dev = CUDA0
llama_kv_cache: layer   7: dev = CUDA0
llama_kv_cache: layer   8: dev = CUDA0
llama_kv_cache: layer   9: dev = CUDA0
llama_kv_cache: layer  10: dev = CUDA0
llama_kv_cache: layer  11: dev = CUDA0
llama_kv_cache: layer  12: dev = CUDA0
llama_kv_cache: layer  13: dev = CUDA0
llama_kv_cache: layer  14: dev = CUDA0
llama_kv_cache: layer  15: dev = CUDA0
llama_kv_cache: layer  16: dev = CUDA0
llama_kv_cache: layer  17: dev = CUDA0
llama_kv_cache: layer  18: dev = CUDA0
llama_kv_cache: layer  19: dev = CUDA0
llama_kv_cache: layer  20: dev = CUDA0
llama_kv_cache: layer  21: dev = CUDA0
llama_kv_cache: layer  22: dev = CUDA0
llama_kv_cache: layer  23: dev = CUDA0
llama_kv_cache: layer  24: dev = CUDA0
llama_kv_cache: layer  25: dev = CUDA0
llama_kv_cache: layer  26: dev = CUDA0
llama_kv_cache: layer  27: dev = CUDA0
llama_kv_cache:        CPU KV buffer size =     4.50 MiB
llama_kv_cache:      CUDA0 KV buffer size =    37.50 MiB
llama_kv_cache: size =   42.00 MiB (   768 cells,  28 layers,  1/1 seqs), K (f16):   21.00 MiB, V (f16):   21.00 MiB
llama_kv_cache: attn_rot_k = 0, n_embd_head_k_all = 128
llama_kv_cache: attn_rot_v = 0, n_embd_head_k_all = 128
llama_context: enumerating backends
llama_context: backend_ptrs.size() = 2
sched_reserve: reserving ...
sched_reserve: max_nodes = 2712
sched_reserve: reserving full memory module
sched_reserve: worst-case: n_tokens = 512, n_seqs = 1, n_outputs = 1
graph_reserve: reserving a graph for ubatch with n_tokens =    1, n_seqs =  1, n_outputs =    1
sched_reserve: Flash Attention was auto, set to enabled
sched_reserve: resolving fused Gated Delta Net support:
graph_reserve: reserving a graph for ubatch with n_tokens =    1, n_seqs =  1, n_outputs =    1
sched_reserve: fused Gated Delta Net (autoregressive) enabled
graph_reserve: reserving a graph for ubatch with n_tokens =   16, n_seqs =  1, n_outputs =   16
sched_reserve: fused Gated Delta Net (chunked) enabled
graph_reserve: reserving a graph for ubatch with n_tokens =  512, n_seqs =  1, n_outputs =  512
graph_reserve: reserving a graph for ubatch with n_tokens =    1, n_seqs =  1, n_outputs =    1
graph_reserve: reserving a graph for ubatch with n_tokens =  512, n_seqs =  1, n_outputs =  512
sched_reserve:      CUDA0 compute buffer size =   304.00 MiB
sched_reserve:  CUDA_Host compute buffer size =    14.76 MiB
sched_reserve: graph nodes  = 958
sched_reserve: graph splits = 44 (with bs=512), 2 (with bs=1)
sched_reserve: reserve took 13.53 ms, sched copies = 1
CUDA Graph id 8754 reused
ggml_backend_cuda_graph_compute: CUDA graph warmup complete
CUDA Graph id 8754 reused
CUDA Graph id 8754 reused
CUDA Graph id 8754 reused
CUDA Graph id 8754 reused
CUDA Graph id 8754 reused
CUDA Graph id 8754 reused
CUDA Graph id 8754 reused
CUDA Graph id 8754 reused
CUDA Graph id 8754 reused
CUDA Graph id 8754 reused
CUDA Graph id 8754 reused
CUDA Graph id 8754 reused
CUDA Graph id 8754 reused
CUDA Graph id 8754 reused
CUDA Graph id 8754 reused
CUDA Graph id 8754 reused
CUDA Graph id 8754 reused
CUDA Graph id 8754 reused
CUDA Graph id 8754 reused
CUDA Graph id 8754 reused
CUDA Graph id 8754 reused
CUDA Graph id 8754 reused
CUDA Graph id 8754 reused
CUDA Graph id 8754 reused
CUDA Graph id 8754 reused
CUDA Graph id 8754 reused
CUDA Graph id 8754 reused
CUDA Graph id 8754 reused
CUDA Graph id 8754 reused
CUDA Graph id 8754 reused
CUDA Graph id 8754 reused
CUDA Graph id 8754 reused
CUDA Graph id 8754 reused
CUDA Graph id 8754 reused
CUDA Graph id 8754 reused
CUDA Graph id 8754 reused
CUDA Graph id 8754 reused
~llama_context:      CUDA0 compute buffer size is 304.0000 MiB, matches expectation of 304.0000 MiB
~llama_context:  CUDA_Host compute buffer size is  14.7637 MiB, matches expectation of  14.7637 MiB
llama_context: constructing llama_context
llama_context: n_seq_max     = 1
llama_context: n_ctx         = 768
llama_context: n_ctx_seq     = 768
llama_context: n_batch       = 691
llama_context: n_ubatch      = 512
llama_context: causal_attn   = 1
llama_context: flash_attn    = auto
llama_context: kv_unified    = false
llama_context: freq_base     = 1000000.0
llama_context: freq_scale    = 1
llama_context: n_rs_seq      = 0
llama_context: n_outputs_max = 691
llama_context: n_ctx_seq (768) < n_ctx_train (32768) -- the full capacity of the model will not be utilized
set_abort_callback: call
llama_context:  CUDA_Host  output buffer size =     0.58 MiB
llama_kv_cache: layer   0: dev = CPU
llama_kv_cache: layer   1: dev = CPU
llama_kv_cache: layer   2: dev = CPU
llama_kv_cache: layer   3: dev = CUDA0
llama_kv_cache: layer   4: dev = CUDA0
llama_kv_cache: layer   5: dev = CUDA0
llama_kv_cache: layer   6: dev = CUDA0
llama_kv_cache: layer   7: dev = CUDA0
llama_kv_cache: layer   8: dev = CUDA0
llama_kv_cache: layer   9: dev = CUDA0
llama_kv_cache: layer  10: dev = CUDA0
llama_kv_cache: layer  11: dev = CUDA0
llama_kv_cache: layer  12: dev = CUDA0
llama_kv_cache: layer  13: dev = CUDA0
llama_kv_cache: layer  14: dev = CUDA0
llama_kv_cache: layer  15: dev = CUDA0
llama_kv_cache: layer  16: dev = CUDA0
llama_kv_cache: layer  17: dev = CUDA0
llama_kv_cache: layer  18: dev = CUDA0
llama_kv_cache: layer  19: dev = CUDA0
llama_kv_cache: layer  20: dev = CUDA0
llama_kv_cache: layer  21: dev = CUDA0
llama_kv_cache: layer  22: dev = CUDA0
llama_kv_cache: layer  23: dev = CUDA0
llama_kv_cache: layer  24: dev = CUDA0
llama_kv_cache: layer  25: dev = CUDA0
llama_kv_cache: layer  26: dev = CUDA0
llama_kv_cache: layer  27: dev = CUDA0
llama_kv_cache:        CPU KV buffer size =     4.50 MiB
llama_kv_cache:      CUDA0 KV buffer size =    37.50 MiB
llama_kv_cache: size =   42.00 MiB (   768 cells,  28 layers,  1/1 seqs), K (f16):   21.00 MiB, V (f16):   21.00 MiB
llama_kv_cache: attn_rot_k = 0, n_embd_head_k_all = 128
llama_kv_cache: attn_rot_v = 0, n_embd_head_k_all = 128
llama_context: enumerating backends
llama_context: backend_ptrs.size() = 2
sched_reserve: reserving ...
sched_reserve: max_nodes = 2712
sched_reserve: reserving full memory module
sched_reserve: worst-case: n_tokens = 512, n_seqs = 1, n_outputs = 1
graph_reserve: reserving a graph for ubatch with n_tokens =    1, n_seqs =  1, n_outputs =    1
sched_reserve: Flash Attention was auto, set to enabled
sched_reserve: resolving fused Gated Delta Net support:
graph_reserve: reserving a graph for ubatch with n_tokens =    1, n_seqs =  1, n_outputs =    1
sched_reserve: fused Gated Delta Net (autoregressive) enabled
graph_reserve: reserving a graph for ubatch with n_tokens =   16, n_seqs =  1, n_outputs =   16
sched_reserve: fused Gated Delta Net (chunked) enabled
graph_reserve: reserving a graph for ubatch with n_tokens =  512, n_seqs =  1, n_outputs =  512
graph_reserve: reserving a graph for ubatch with n_tokens =    1, n_seqs =  1, n_outputs =    1
graph_reserve: reserving a graph for ubatch with n_tokens =  512, n_seqs =  1, n_outputs =  512
sched_reserve:      CUDA0 compute buffer size =   304.00 MiB
sched_reserve:  CUDA_Host compute buffer size =    14.76 MiB
sched_reserve: graph nodes  = 958
sched_reserve: graph splits = 44 (with bs=512), 2 (with bs=1)
sched_reserve: reserve took 13.43 ms, sched copies = 1
CUDA Graph id 8904 reused
ggml_backend_cuda_graph_compute: CUDA graph warmup complete
CUDA Graph id 8904 reused
CUDA Graph id 8904 reused
CUDA Graph id 8904 reused
CUDA Graph id 8904 reused
CUDA Graph id 8904 reused
CUDA Graph id 8904 reused
CUDA Graph id 8904 reused
CUDA Graph id 8904 reused
CUDA Graph id 8904 reused
CUDA Graph id 8904 reused
CUDA Graph id 8904 reused
CUDA Graph id 8904 reused
CUDA Graph id 8904 reused
CUDA Graph id 8904 reused
CUDA Graph id 8904 reused
CUDA Graph id 8904 reused
CUDA Graph id 8904 reused
CUDA Graph id 8904 reused
CUDA Graph id 8904 reused
CUDA Graph id 8904 reused
CUDA Graph id 8904 reused
CUDA Graph id 8904 reused
CUDA Graph id 8904 reused
CUDA Graph id 8904 reused
CUDA Graph id 8904 reused
~llama_context:      CUDA0 compute buffer size is 304.0000 MiB, matches expectation of 304.0000 MiB
~llama_context:  CUDA_Host compute buffer size is  14.7637 MiB, matches expectation of  14.7637 MiB
llama_context: constructing llama_context
llama_context: n_seq_max     = 1
llama_context: n_ctx         = 768
llama_context: n_ctx_seq     = 768
llama_context: n_batch       = 691
llama_context: n_ubatch      = 512
llama_context: causal_attn   = 1
llama_context: flash_attn    = auto
llama_context: kv_unified    = false
llama_context: freq_base     = 1000000.0
llama_context: freq_scale    = 1
llama_context: n_rs_seq      = 0
llama_context: n_outputs_max = 691
llama_context: n_ctx_seq (768) < n_ctx_train (32768) -- the full capacity of the model will not be utilized
set_abort_callback: call
llama_context:  CUDA_Host  output buffer size =     0.58 MiB
llama_kv_cache: layer   0: dev = CPU
llama_kv_cache: layer   1: dev = CPU
llama_kv_cache: layer   2: dev = CPU
llama_kv_cache: layer   3: dev = CUDA0
llama_kv_cache: layer   4: dev = CUDA0
llama_kv_cache: layer   5: dev = CUDA0
llama_kv_cache: layer   6: dev = CUDA0
llama_kv_cache: layer   7: dev = CUDA0
llama_kv_cache: layer   8: dev = CUDA0
llama_kv_cache: layer   9: dev = CUDA0
llama_kv_cache: layer  10: dev = CUDA0
llama_kv_cache: layer  11: dev = CUDA0
llama_kv_cache: layer  12: dev = CUDA0
llama_kv_cache: layer  13: dev = CUDA0
llama_kv_cache: layer  14: dev = CUDA0
llama_kv_cache: layer  15: dev = CUDA0
llama_kv_cache: layer  16: dev = CUDA0
llama_kv_cache: layer  17: dev = CUDA0
llama_kv_cache: layer  18: dev = CUDA0
llama_kv_cache: layer  19: dev = CUDA0
llama_kv_cache: layer  20: dev = CUDA0
llama_kv_cache: layer  21: dev = CUDA0
llama_kv_cache: layer  22: dev = CUDA0
llama_kv_cache: layer  23: dev = CUDA0
llama_kv_cache: layer  24: dev = CUDA0
llama_kv_cache: layer  25: dev = CUDA0
llama_kv_cache: layer  26: dev = CUDA0
llama_kv_cache: layer  27: dev = CUDA0
llama_kv_cache:        CPU KV buffer size =     4.50 MiB
llama_kv_cache:      CUDA0 KV buffer size =    37.50 MiB
llama_kv_cache: size =   42.00 MiB (   768 cells,  28 layers,  1/1 seqs), K (f16):   21.00 MiB, V (f16):   21.00 MiB
llama_kv_cache: attn_rot_k = 0, n_embd_head_k_all = 128
llama_kv_cache: attn_rot_v = 0, n_embd_head_k_all = 128
llama_context: enumerating backends
llama_context: backend_ptrs.size() = 2
sched_reserve: reserving ...
sched_reserve: max_nodes = 2712
sched_reserve: reserving full memory module
sched_reserve: worst-case: n_tokens = 512, n_seqs = 1, n_outputs = 1
graph_reserve: reserving a graph for ubatch with n_tokens =    1, n_seqs =  1, n_outputs =    1
sched_reserve: Flash Attention was auto, set to enabled
sched_reserve: resolving fused Gated Delta Net support:
graph_reserve: reserving a graph for ubatch with n_tokens =    1, n_seqs =  1, n_outputs =    1
sched_reserve: fused Gated Delta Net (autoregressive) enabled
graph_reserve: reserving a graph for ubatch with n_tokens =   16, n_seqs =  1, n_outputs =   16
sched_reserve: fused Gated Delta Net (chunked) enabled
graph_reserve: reserving a graph for ubatch with n_tokens =  512, n_seqs =  1, n_outputs =  512
graph_reserve: reserving a graph for ubatch with n_tokens =    1, n_seqs =  1, n_outputs =    1
graph_reserve: reserving a graph for ubatch with n_tokens =  512, n_seqs =  1, n_outputs =  512
sched_reserve:      CUDA0 compute buffer size =   304.00 MiB
sched_reserve:  CUDA_Host compute buffer size =    14.76 MiB
sched_reserve: graph nodes  = 958
sched_reserve: graph splits = 44 (with bs=512), 2 (with bs=1)
sched_reserve: reserve took 10.52 ms, sched copies = 1
CUDA Graph id 9054 reused
ggml_backend_cuda_graph_compute: CUDA graph warmup complete
CUDA Graph id 9054 reused
CUDA Graph id 9054 reused
CUDA Graph id 9054 reused
CUDA Graph id 9054 reused
CUDA Graph id 9054 reused
CUDA Graph id 9054 reused
CUDA Graph id 9054 reused
CUDA Graph id 9054 reused
CUDA Graph id 9054 reused
CUDA Graph id 9054 reused
CUDA Graph id 9054 reused
CUDA Graph id 9054 reused
CUDA Graph id 9054 reused
CUDA Graph id 9054 reused
CUDA Graph id 9054 reused
CUDA Graph id 9054 reused
CUDA Graph id 9054 reused
CUDA Graph id 9054 reused
CUDA Graph id 9054 reused
CUDA Graph id 9054 reused
CUDA Graph id 9054 reused
CUDA Graph id 9054 reused
CUDA Graph id 9054 reused
CUDA Graph id 9054 reused
CUDA Graph id 9054 reused
CUDA Graph id 9054 reused
CUDA Graph id 9054 reused
CUDA Graph id 9054 reused
CUDA Graph id 9054 reused
CUDA Graph id 9054 reused
CUDA Graph id 9054 reused
CUDA Graph id 9054 reused
CUDA Graph id 9054 reused
CUDA Graph id 9054 reused
CUDA Graph id 9054 reused
CUDA Graph id 9054 reused
CUDA Graph id 9054 reused
~llama_context:      CUDA0 compute buffer size is 304.0000 MiB, matches expectation of 304.0000 MiB
~llama_context:  CUDA_Host compute buffer size is  14.7637 MiB, matches expectation of  14.7637 MiB
schema 185/200 done
llama_context: constructing llama_context
llama_context: n_seq_max     = 1
llama_context: n_ctx         = 1024
llama_context: n_ctx_seq     = 1024
llama_context: n_batch       = 782
llama_context: n_ubatch      = 512
llama_context: causal_attn   = 1
llama_context: flash_attn    = auto
llama_context: kv_unified    = false
llama_context: freq_base     = 1000000.0
llama_context: freq_scale    = 1
llama_context: n_rs_seq      = 0
llama_context: n_outputs_max = 782
llama_context: n_ctx_seq (1024) < n_ctx_train (32768) -- the full capacity of the model will not be utilized
set_abort_callback: call
llama_context:  CUDA_Host  output buffer size =     0.58 MiB
llama_kv_cache: layer   0: dev = CPU
llama_kv_cache: layer   1: dev = CPU
llama_kv_cache: layer   2: dev = CPU
llama_kv_cache: layer   3: dev = CUDA0
llama_kv_cache: layer   4: dev = CUDA0
llama_kv_cache: layer   5: dev = CUDA0
llama_kv_cache: layer   6: dev = CUDA0
llama_kv_cache: layer   7: dev = CUDA0
llama_kv_cache: layer   8: dev = CUDA0
llama_kv_cache: layer   9: dev = CUDA0
llama_kv_cache: layer  10: dev = CUDA0
llama_kv_cache: layer  11: dev = CUDA0
llama_kv_cache: layer  12: dev = CUDA0
llama_kv_cache: layer  13: dev = CUDA0
llama_kv_cache: layer  14: dev = CUDA0
llama_kv_cache: layer  15: dev = CUDA0
llama_kv_cache: layer  16: dev = CUDA0
llama_kv_cache: layer  17: dev = CUDA0
llama_kv_cache: layer  18: dev = CUDA0
llama_kv_cache: layer  19: dev = CUDA0
llama_kv_cache: layer  20: dev = CUDA0
llama_kv_cache: layer  21: dev = CUDA0
llama_kv_cache: layer  22: dev = CUDA0
llama_kv_cache: layer  23: dev = CUDA0
llama_kv_cache: layer  24: dev = CUDA0
llama_kv_cache: layer  25: dev = CUDA0
llama_kv_cache: layer  26: dev = CUDA0
llama_kv_cache: layer  27: dev = CUDA0
llama_kv_cache:        CPU KV buffer size =     6.00 MiB
llama_kv_cache:      CUDA0 KV buffer size =    50.00 MiB
llama_kv_cache: size =   56.00 MiB (  1024 cells,  28 layers,  1/1 seqs), K (f16):   28.00 MiB, V (f16):   28.00 MiB
llama_kv_cache: attn_rot_k = 0, n_embd_head_k_all = 128
llama_kv_cache: attn_rot_v = 0, n_embd_head_k_all = 128
llama_context: enumerating backends
llama_context: backend_ptrs.size() = 2
sched_reserve: reserving ...
sched_reserve: max_nodes = 2712
sched_reserve: reserving full memory module
sched_reserve: worst-case: n_tokens = 512, n_seqs = 1, n_outputs = 1
graph_reserve: reserving a graph for ubatch with n_tokens =    1, n_seqs =  1, n_outputs =    1
sched_reserve: Flash Attention was auto, set to enabled
sched_reserve: resolving fused Gated Delta Net support:
graph_reserve: reserving a graph for ubatch with n_tokens =    1, n_seqs =  1, n_outputs =    1
sched_reserve: fused Gated Delta Net (autoregressive) enabled
graph_reserve: reserving a graph for ubatch with n_tokens =   16, n_seqs =  1, n_outputs =   16
sched_reserve: fused Gated Delta Net (chunked) enabled
graph_reserve: reserving a graph for ubatch with n_tokens =  512, n_seqs =  1, n_outputs =  512
graph_reserve: reserving a graph for ubatch with n_tokens =    1, n_seqs =  1, n_outputs =    1
graph_reserve: reserving a graph for ubatch with n_tokens =  512, n_seqs =  1, n_outputs =  512
sched_reserve:      CUDA0 compute buffer size =   304.00 MiB
sched_reserve:  CUDA_Host compute buffer size =    15.01 MiB
sched_reserve: graph nodes  = 958
sched_reserve: graph splits = 44 (with bs=512), 2 (with bs=1)
sched_reserve: reserve took 17.28 ms, sched copies = 1
CUDA Graph id 9204 reused
ggml_backend_cuda_graph_compute: CUDA graph warmup complete
CUDA Graph id 9204 reused
CUDA Graph id 9204 reused
CUDA Graph id 9204 reused
CUDA Graph id 9204 reused
CUDA Graph id 9204 reused
CUDA Graph id 9204 reused
CUDA Graph id 9204 reused
CUDA Graph id 9204 reused
CUDA Graph id 9204 reused
CUDA Graph id 9204 reused
CUDA Graph id 9204 reused
CUDA Graph id 9204 reused
CUDA Graph id 9204 reused
CUDA Graph id 9204 reused
CUDA Graph id 9204 reused
CUDA Graph id 9204 reused
CUDA Graph id 9204 reused
CUDA Graph id 9204 reused
CUDA Graph id 9204 reused
CUDA Graph id 9204 reused
CUDA Graph id 9204 reused
CUDA Graph id 9204 reused
CUDA Graph id 9204 reused
CUDA Graph id 9204 reused
CUDA Graph id 9204 reused
CUDA Graph id 9204 reused
CUDA Graph id 9204 reused
~llama_context:      CUDA0 compute buffer size is 304.0000 MiB, matches expectation of 304.0000 MiB
~llama_context:  CUDA_Host compute buffer size is  15.0137 MiB, matches expectation of  15.0137 MiB
llama_context: constructing llama_context
llama_context: n_seq_max     = 1
llama_context: n_ctx         = 1024
llama_context: n_ctx_seq     = 1024
llama_context: n_batch       = 782
llama_context: n_ubatch      = 512
llama_context: causal_attn   = 1
llama_context: flash_attn    = auto
llama_context: kv_unified    = false
llama_context: freq_base     = 1000000.0
llama_context: freq_scale    = 1
llama_context: n_rs_seq      = 0
llama_context: n_outputs_max = 782
llama_context: n_ctx_seq (1024) < n_ctx_train (32768) -- the full capacity of the model will not be utilized
set_abort_callback: call
llama_context:  CUDA_Host  output buffer size =     0.58 MiB
llama_kv_cache: layer   0: dev = CPU
llama_kv_cache: layer   1: dev = CPU
llama_kv_cache: layer   2: dev = CPU
llama_kv_cache: layer   3: dev = CUDA0
llama_kv_cache: layer   4: dev = CUDA0
llama_kv_cache: layer   5: dev = CUDA0
llama_kv_cache: layer   6: dev = CUDA0
llama_kv_cache: layer   7: dev = CUDA0
llama_kv_cache: layer   8: dev = CUDA0
llama_kv_cache: layer   9: dev = CUDA0
llama_kv_cache: layer  10: dev = CUDA0
llama_kv_cache: layer  11: dev = CUDA0
llama_kv_cache: layer  12: dev = CUDA0
llama_kv_cache: layer  13: dev = CUDA0
llama_kv_cache: layer  14: dev = CUDA0
llama_kv_cache: layer  15: dev = CUDA0
llama_kv_cache: layer  16: dev = CUDA0
llama_kv_cache: layer  17: dev = CUDA0
llama_kv_cache: layer  18: dev = CUDA0
llama_kv_cache: layer  19: dev = CUDA0
llama_kv_cache: layer  20: dev = CUDA0
llama_kv_cache: layer  21: dev = CUDA0
llama_kv_cache: layer  22: dev = CUDA0
llama_kv_cache: layer  23: dev = CUDA0
llama_kv_cache: layer  24: dev = CUDA0
llama_kv_cache: layer  25: dev = CUDA0
llama_kv_cache: layer  26: dev = CUDA0
llama_kv_cache: layer  27: dev = CUDA0
llama_kv_cache:        CPU KV buffer size =     6.00 MiB
llama_kv_cache:      CUDA0 KV buffer size =    50.00 MiB
llama_kv_cache: size =   56.00 MiB (  1024 cells,  28 layers,  1/1 seqs), K (f16):   28.00 MiB, V (f16):   28.00 MiB
llama_kv_cache: attn_rot_k = 0, n_embd_head_k_all = 128
llama_kv_cache: attn_rot_v = 0, n_embd_head_k_all = 128
llama_context: enumerating backends
llama_context: backend_ptrs.size() = 2
sched_reserve: reserving ...
sched_reserve: max_nodes = 2712
sched_reserve: reserving full memory module
sched_reserve: worst-case: n_tokens = 512, n_seqs = 1, n_outputs = 1
graph_reserve: reserving a graph for ubatch with n_tokens =    1, n_seqs =  1, n_outputs =    1
sched_reserve: Flash Attention was auto, set to enabled
sched_reserve: resolving fused Gated Delta Net support:
graph_reserve: reserving a graph for ubatch with n_tokens =    1, n_seqs =  1, n_outputs =    1
sched_reserve: fused Gated Delta Net (autoregressive) enabled
graph_reserve: reserving a graph for ubatch with n_tokens =   16, n_seqs =  1, n_outputs =   16
sched_reserve: fused Gated Delta Net (chunked) enabled
graph_reserve: reserving a graph for ubatch with n_tokens =  512, n_seqs =  1, n_outputs =  512
graph_reserve: reserving a graph for ubatch with n_tokens =    1, n_seqs =  1, n_outputs =    1
graph_reserve: reserving a graph for ubatch with n_tokens =  512, n_seqs =  1, n_outputs =  512
sched_reserve:      CUDA0 compute buffer size =   304.00 MiB
sched_reserve:  CUDA_Host compute buffer size =    15.01 MiB
sched_reserve: graph nodes  = 958
sched_reserve: graph splits = 44 (with bs=512), 2 (with bs=1)
sched_reserve: reserve took 16.41 ms, sched copies = 1
CUDA Graph id 9354 reused
ggml_backend_cuda_graph_compute: CUDA graph warmup complete
CUDA Graph id 9354 reused
CUDA Graph id 9354 reused
CUDA Graph id 9354 reused
CUDA Graph id 9354 reused
CUDA Graph id 9354 reused
CUDA Graph id 9354 reused
CUDA Graph id 9354 reused
CUDA Graph id 9354 reused
CUDA Graph id 9354 reused
CUDA Graph id 9354 reused
CUDA Graph id 9354 reused
CUDA Graph id 9354 reused
CUDA Graph id 9354 reused
CUDA Graph id 9354 reused
CUDA Graph id 9354 reused
CUDA Graph id 9354 reused
CUDA Graph id 9354 reused
CUDA Graph id 9354 reused
CUDA Graph id 9354 reused
CUDA Graph id 9354 reused
CUDA Graph id 9354 reused
CUDA Graph id 9354 reused
CUDA Graph id 9354 reused
CUDA Graph id 9354 reused
CUDA Graph id 9354 reused
CUDA Graph id 9354 reused
CUDA Graph id 9354 reused
~llama_context:      CUDA0 compute buffer size is 304.0000 MiB, matches expectation of 304.0000 MiB
~llama_context:  CUDA_Host compute buffer size is  15.0137 MiB, matches expectation of  15.0137 MiB
llama_context: constructing llama_context
llama_context: n_seq_max     = 1
llama_context: n_ctx         = 1024
llama_context: n_ctx_seq     = 1024
llama_context: n_batch       = 782
llama_context: n_ubatch      = 512
llama_context: causal_attn   = 1
llama_context: flash_attn    = auto
llama_context: kv_unified    = false
llama_context: freq_base     = 1000000.0
llama_context: freq_scale    = 1
llama_context: n_rs_seq      = 0
llama_context: n_outputs_max = 782
llama_context: n_ctx_seq (1024) < n_ctx_train (32768) -- the full capacity of the model will not be utilized
set_abort_callback: call
llama_context:  CUDA_Host  output buffer size =     0.58 MiB
llama_kv_cache: layer   0: dev = CPU
llama_kv_cache: layer   1: dev = CPU
llama_kv_cache: layer   2: dev = CPU
llama_kv_cache: layer   3: dev = CUDA0
llama_kv_cache: layer   4: dev = CUDA0
llama_kv_cache: layer   5: dev = CUDA0
llama_kv_cache: layer   6: dev = CUDA0
llama_kv_cache: layer   7: dev = CUDA0
llama_kv_cache: layer   8: dev = CUDA0
llama_kv_cache: layer   9: dev = CUDA0
llama_kv_cache: layer  10: dev = CUDA0
llama_kv_cache: layer  11: dev = CUDA0
llama_kv_cache: layer  12: dev = CUDA0
llama_kv_cache: layer  13: dev = CUDA0
llama_kv_cache: layer  14: dev = CUDA0
llama_kv_cache: layer  15: dev = CUDA0
llama_kv_cache: layer  16: dev = CUDA0
llama_kv_cache: layer  17: dev = CUDA0
llama_kv_cache: layer  18: dev = CUDA0
llama_kv_cache: layer  19: dev = CUDA0
llama_kv_cache: layer  20: dev = CUDA0
llama_kv_cache: layer  21: dev = CUDA0
llama_kv_cache: layer  22: dev = CUDA0
llama_kv_cache: layer  23: dev = CUDA0
llama_kv_cache: layer  24: dev = CUDA0
llama_kv_cache: layer  25: dev = CUDA0
llama_kv_cache: layer  26: dev = CUDA0
llama_kv_cache: layer  27: dev = CUDA0
llama_kv_cache:        CPU KV buffer size =     6.00 MiB
llama_kv_cache:      CUDA0 KV buffer size =    50.00 MiB
llama_kv_cache: size =   56.00 MiB (  1024 cells,  28 layers,  1/1 seqs), K (f16):   28.00 MiB, V (f16):   28.00 MiB
llama_kv_cache: attn_rot_k = 0, n_embd_head_k_all = 128
llama_kv_cache: attn_rot_v = 0, n_embd_head_k_all = 128
llama_context: enumerating backends
llama_context: backend_ptrs.size() = 2
sched_reserve: reserving ...
sched_reserve: max_nodes = 2712
sched_reserve: reserving full memory module
sched_reserve: worst-case: n_tokens = 512, n_seqs = 1, n_outputs = 1
graph_reserve: reserving a graph for ubatch with n_tokens =    1, n_seqs =  1, n_outputs =    1
sched_reserve: Flash Attention was auto, set to enabled
sched_reserve: resolving fused Gated Delta Net support:
graph_reserve: reserving a graph for ubatch with n_tokens =    1, n_seqs =  1, n_outputs =    1
sched_reserve: fused Gated Delta Net (autoregressive) enabled
graph_reserve: reserving a graph for ubatch with n_tokens =   16, n_seqs =  1, n_outputs =   16
sched_reserve: fused Gated Delta Net (chunked) enabled
graph_reserve: reserving a graph for ubatch with n_tokens =  512, n_seqs =  1, n_outputs =  512
graph_reserve: reserving a graph for ubatch with n_tokens =    1, n_seqs =  1, n_outputs =    1
graph_reserve: reserving a graph for ubatch with n_tokens =  512, n_seqs =  1, n_outputs =  512
sched_reserve:      CUDA0 compute buffer size =   304.00 MiB
sched_reserve:  CUDA_Host compute buffer size =    15.01 MiB
sched_reserve: graph nodes  = 958
sched_reserve: graph splits = 44 (with bs=512), 2 (with bs=1)
sched_reserve: reserve took 13.06 ms, sched copies = 1
CUDA Graph id 9504 reused
ggml_backend_cuda_graph_compute: CUDA graph warmup complete
CUDA Graph id 9504 reused
CUDA Graph id 9504 reused
CUDA Graph id 9504 reused
CUDA Graph id 9504 reused
CUDA Graph id 9504 reused
CUDA Graph id 9504 reused
CUDA Graph id 9504 reused
CUDA Graph id 9504 reused
CUDA Graph id 9504 reused
CUDA Graph id 9504 reused
CUDA Graph id 9504 reused
CUDA Graph id 9504 reused
CUDA Graph id 9504 reused
CUDA Graph id 9504 reused
CUDA Graph id 9504 reused
CUDA Graph id 9504 reused
CUDA Graph id 9504 reused
CUDA Graph id 9504 reused
CUDA Graph id 9504 reused
CUDA Graph id 9504 reused
CUDA Graph id 9504 reused
CUDA Graph id 9504 reused
CUDA Graph id 9504 reused
CUDA Graph id 9504 reused
CUDA Graph id 9504 reused
CUDA Graph id 9504 reused
CUDA Graph id 9504 reused
~llama_context:      CUDA0 compute buffer size is 304.0000 MiB, matches expectation of 304.0000 MiB
~llama_context:  CUDA_Host compute buffer size is  15.0137 MiB, matches expectation of  15.0137 MiB
llama_context: constructing llama_context
llama_context: n_seq_max     = 1
llama_context: n_ctx         = 1024
llama_context: n_ctx_seq     = 1024
llama_context: n_batch       = 782
llama_context: n_ubatch      = 512
llama_context: causal_attn   = 1
llama_context: flash_attn    = auto
llama_context: kv_unified    = false
llama_context: freq_base     = 1000000.0
llama_context: freq_scale    = 1
llama_context: n_rs_seq      = 0
llama_context: n_outputs_max = 782
llama_context: n_ctx_seq (1024) < n_ctx_train (32768) -- the full capacity of the model will not be utilized
set_abort_callback: call
llama_context:  CUDA_Host  output buffer size =     0.58 MiB
llama_kv_cache: layer   0: dev = CPU
llama_kv_cache: layer   1: dev = CPU
llama_kv_cache: layer   2: dev = CPU
llama_kv_cache: layer   3: dev = CUDA0
llama_kv_cache: layer   4: dev = CUDA0
llama_kv_cache: layer   5: dev = CUDA0
llama_kv_cache: layer   6: dev = CUDA0
llama_kv_cache: layer   7: dev = CUDA0
llama_kv_cache: layer   8: dev = CUDA0
llama_kv_cache: layer   9: dev = CUDA0
llama_kv_cache: layer  10: dev = CUDA0
llama_kv_cache: layer  11: dev = CUDA0
llama_kv_cache: layer  12: dev = CUDA0
llama_kv_cache: layer  13: dev = CUDA0
llama_kv_cache: layer  14: dev = CUDA0
llama_kv_cache: layer  15: dev = CUDA0
llama_kv_cache: layer  16: dev = CUDA0
llama_kv_cache: layer  17: dev = CUDA0
llama_kv_cache: layer  18: dev = CUDA0
llama_kv_cache: layer  19: dev = CUDA0
llama_kv_cache: layer  20: dev = CUDA0
llama_kv_cache: layer  21: dev = CUDA0
llama_kv_cache: layer  22: dev = CUDA0
llama_kv_cache: layer  23: dev = CUDA0
llama_kv_cache: layer  24: dev = CUDA0
llama_kv_cache: layer  25: dev = CUDA0
llama_kv_cache: layer  26: dev = CUDA0
llama_kv_cache: layer  27: dev = CUDA0
llama_kv_cache:        CPU KV buffer size =     6.00 MiB
llama_kv_cache:      CUDA0 KV buffer size =    50.00 MiB
llama_kv_cache: size =   56.00 MiB (  1024 cells,  28 layers,  1/1 seqs), K (f16):   28.00 MiB, V (f16):   28.00 MiB
llama_kv_cache: attn_rot_k = 0, n_embd_head_k_all = 128
llama_kv_cache: attn_rot_v = 0, n_embd_head_k_all = 128
llama_context: enumerating backends
llama_context: backend_ptrs.size() = 2
sched_reserve: reserving ...
sched_reserve: max_nodes = 2712
sched_reserve: reserving full memory module
sched_reserve: worst-case: n_tokens = 512, n_seqs = 1, n_outputs = 1
graph_reserve: reserving a graph for ubatch with n_tokens =    1, n_seqs =  1, n_outputs =    1
sched_reserve: Flash Attention was auto, set to enabled
sched_reserve: resolving fused Gated Delta Net support:
graph_reserve: reserving a graph for ubatch with n_tokens =    1, n_seqs =  1, n_outputs =    1
sched_reserve: fused Gated Delta Net (autoregressive) enabled
graph_reserve: reserving a graph for ubatch with n_tokens =   16, n_seqs =  1, n_outputs =   16
sched_reserve: fused Gated Delta Net (chunked) enabled
graph_reserve: reserving a graph for ubatch with n_tokens =  512, n_seqs =  1, n_outputs =  512
graph_reserve: reserving a graph for ubatch with n_tokens =    1, n_seqs =  1, n_outputs =    1
graph_reserve: reserving a graph for ubatch with n_tokens =  512, n_seqs =  1, n_outputs =  512
sched_reserve:      CUDA0 compute buffer size =   304.00 MiB
sched_reserve:  CUDA_Host compute buffer size =    15.01 MiB
sched_reserve: graph nodes  = 958
sched_reserve: graph splits = 44 (with bs=512), 2 (with bs=1)
sched_reserve: reserve took 13.29 ms, sched copies = 1
CUDA Graph id 9654 reused
ggml_backend_cuda_graph_compute: CUDA graph warmup complete
CUDA Graph id 9654 reused
CUDA Graph id 9654 reused
CUDA Graph id 9654 reused
CUDA Graph id 9654 reused
CUDA Graph id 9654 reused
CUDA Graph id 9654 reused
CUDA Graph id 9654 reused
CUDA Graph id 9654 reused
CUDA Graph id 9654 reused
CUDA Graph id 9654 reused
CUDA Graph id 9654 reused
CUDA Graph id 9654 reused
CUDA Graph id 9654 reused
CUDA Graph id 9654 reused
CUDA Graph id 9654 reused
CUDA Graph id 9654 reused
CUDA Graph id 9654 reused
CUDA Graph id 9654 reused
CUDA Graph id 9654 reused
CUDA Graph id 9654 reused
CUDA Graph id 9654 reused
CUDA Graph id 9654 reused
CUDA Graph id 9654 reused
CUDA Graph id 9654 reused
CUDA Graph id 9654 reused
CUDA Graph id 9654 reused
CUDA Graph id 9654 reused
CUDA Graph id 9654 reused
~llama_context:      CUDA0 compute buffer size is 304.0000 MiB, matches expectation of 304.0000 MiB
~llama_context:  CUDA_Host compute buffer size is  15.0137 MiB, matches expectation of  15.0137 MiB
llama_context: constructing llama_context
llama_context: n_seq_max     = 1
llama_context: n_ctx         = 1024
llama_context: n_ctx_seq     = 1024
llama_context: n_batch       = 782
llama_context: n_ubatch      = 512
llama_context: causal_attn   = 1
llama_context: flash_attn    = auto
llama_context: kv_unified    = false
llama_context: freq_base     = 1000000.0
llama_context: freq_scale    = 1
llama_context: n_rs_seq      = 0
llama_context: n_outputs_max = 782
llama_context: n_ctx_seq (1024) < n_ctx_train (32768) -- the full capacity of the model will not be utilized
set_abort_callback: call
llama_context:  CUDA_Host  output buffer size =     0.58 MiB
llama_kv_cache: layer   0: dev = CPU
llama_kv_cache: layer   1: dev = CPU
llama_kv_cache: layer   2: dev = CPU
llama_kv_cache: layer   3: dev = CUDA0
llama_kv_cache: layer   4: dev = CUDA0
llama_kv_cache: layer   5: dev = CUDA0
llama_kv_cache: layer   6: dev = CUDA0
llama_kv_cache: layer   7: dev = CUDA0
llama_kv_cache: layer   8: dev = CUDA0
llama_kv_cache: layer   9: dev = CUDA0
llama_kv_cache: layer  10: dev = CUDA0
llama_kv_cache: layer  11: dev = CUDA0
llama_kv_cache: layer  12: dev = CUDA0
llama_kv_cache: layer  13: dev = CUDA0
llama_kv_cache: layer  14: dev = CUDA0
llama_kv_cache: layer  15: dev = CUDA0
llama_kv_cache: layer  16: dev = CUDA0
llama_kv_cache: layer  17: dev = CUDA0
llama_kv_cache: layer  18: dev = CUDA0
llama_kv_cache: layer  19: dev = CUDA0
llama_kv_cache: layer  20: dev = CUDA0
llama_kv_cache: layer  21: dev = CUDA0
llama_kv_cache: layer  22: dev = CUDA0
llama_kv_cache: layer  23: dev = CUDA0
llama_kv_cache: layer  24: dev = CUDA0
llama_kv_cache: layer  25: dev = CUDA0
llama_kv_cache: layer  26: dev = CUDA0
llama_kv_cache: layer  27: dev = CUDA0
llama_kv_cache:        CPU KV buffer size =     6.00 MiB
llama_kv_cache:      CUDA0 KV buffer size =    50.00 MiB
llama_kv_cache: size =   56.00 MiB (  1024 cells,  28 layers,  1/1 seqs), K (f16):   28.00 MiB, V (f16):   28.00 MiB
llama_kv_cache: attn_rot_k = 0, n_embd_head_k_all = 128
llama_kv_cache: attn_rot_v = 0, n_embd_head_k_all = 128
llama_context: enumerating backends
llama_context: backend_ptrs.size() = 2
sched_reserve: reserving ...
sched_reserve: max_nodes = 2712
sched_reserve: reserving full memory module
sched_reserve: worst-case: n_tokens = 512, n_seqs = 1, n_outputs = 1
graph_reserve: reserving a graph for ubatch with n_tokens =    1, n_seqs =  1, n_outputs =    1
sched_reserve: Flash Attention was auto, set to enabled
sched_reserve: resolving fused Gated Delta Net support:
graph_reserve: reserving a graph for ubatch with n_tokens =    1, n_seqs =  1, n_outputs =    1
sched_reserve: fused Gated Delta Net (autoregressive) enabled
graph_reserve: reserving a graph for ubatch with n_tokens =   16, n_seqs =  1, n_outputs =   16
sched_reserve: fused Gated Delta Net (chunked) enabled
graph_reserve: reserving a graph for ubatch with n_tokens =  512, n_seqs =  1, n_outputs =  512
graph_reserve: reserving a graph for ubatch with n_tokens =    1, n_seqs =  1, n_outputs =    1
graph_reserve: reserving a graph for ubatch with n_tokens =  512, n_seqs =  1, n_outputs =  512
sched_reserve:      CUDA0 compute buffer size =   304.00 MiB
sched_reserve:  CUDA_Host compute buffer size =    15.01 MiB
sched_reserve: graph nodes  = 958
sched_reserve: graph splits = 44 (with bs=512), 2 (with bs=1)
sched_reserve: reserve took 14.88 ms, sched copies = 1
CUDA Graph id 9804 reused
ggml_backend_cuda_graph_compute: CUDA graph warmup complete
CUDA Graph id 9804 reused
CUDA Graph id 9804 reused
CUDA Graph id 9804 reused
CUDA Graph id 9804 reused
CUDA Graph id 9804 reused
CUDA Graph id 9804 reused
CUDA Graph id 9804 reused
CUDA Graph id 9804 reused
CUDA Graph id 9804 reused
CUDA Graph id 9804 reused
CUDA Graph id 9804 reused
~llama_context:      CUDA0 compute buffer size is 304.0000 MiB, matches expectation of 304.0000 MiB
~llama_context:  CUDA_Host compute buffer size is  15.0137 MiB, matches expectation of  15.0137 MiB
llama_context: constructing llama_context
llama_context: n_seq_max     = 1
llama_context: n_ctx         = 1024
llama_context: n_ctx_seq     = 1024
llama_context: n_batch       = 782
llama_context: n_ubatch      = 512
llama_context: causal_attn   = 1
llama_context: flash_attn    = auto
llama_context: kv_unified    = false
llama_context: freq_base     = 1000000.0
llama_context: freq_scale    = 1
llama_context: n_rs_seq      = 0
llama_context: n_outputs_max = 782
llama_context: n_ctx_seq (1024) < n_ctx_train (32768) -- the full capacity of the model will not be utilized
set_abort_callback: call
llama_context:  CUDA_Host  output buffer size =     0.58 MiB
llama_kv_cache: layer   0: dev = CPU
llama_kv_cache: layer   1: dev = CPU
llama_kv_cache: layer   2: dev = CPU
llama_kv_cache: layer   3: dev = CUDA0
llama_kv_cache: layer   4: dev = CUDA0
llama_kv_cache: layer   5: dev = CUDA0
llama_kv_cache: layer   6: dev = CUDA0
llama_kv_cache: layer   7: dev = CUDA0
llama_kv_cache: layer   8: dev = CUDA0
llama_kv_cache: layer   9: dev = CUDA0
llama_kv_cache: layer  10: dev = CUDA0
llama_kv_cache: layer  11: dev = CUDA0
llama_kv_cache: layer  12: dev = CUDA0
llama_kv_cache: layer  13: dev = CUDA0
llama_kv_cache: layer  14: dev = CUDA0
llama_kv_cache: layer  15: dev = CUDA0
llama_kv_cache: layer  16: dev = CUDA0
llama_kv_cache: layer  17: dev = CUDA0
llama_kv_cache: layer  18: dev = CUDA0
llama_kv_cache: layer  19: dev = CUDA0
llama_kv_cache: layer  20: dev = CUDA0
llama_kv_cache: layer  21: dev = CUDA0
llama_kv_cache: layer  22: dev = CUDA0
llama_kv_cache: layer  23: dev = CUDA0
llama_kv_cache: layer  24: dev = CUDA0
llama_kv_cache: layer  25: dev = CUDA0
llama_kv_cache: layer  26: dev = CUDA0
llama_kv_cache: layer  27: dev = CUDA0
llama_kv_cache:        CPU KV buffer size =     6.00 MiB
llama_kv_cache:      CUDA0 KV buffer size =    50.00 MiB
llama_kv_cache: size =   56.00 MiB (  1024 cells,  28 layers,  1/1 seqs), K (f16):   28.00 MiB, V (f16):   28.00 MiB
llama_kv_cache: attn_rot_k = 0, n_embd_head_k_all = 128
llama_kv_cache: attn_rot_v = 0, n_embd_head_k_all = 128
llama_context: enumerating backends
llama_context: backend_ptrs.size() = 2
sched_reserve: reserving ...
sched_reserve: max_nodes = 2712
sched_reserve: reserving full memory module
sched_reserve: worst-case: n_tokens = 512, n_seqs = 1, n_outputs = 1
graph_reserve: reserving a graph for ubatch with n_tokens =    1, n_seqs =  1, n_outputs =    1
sched_reserve: Flash Attention was auto, set to enabled
sched_reserve: resolving fused Gated Delta Net support:
graph_reserve: reserving a graph for ubatch with n_tokens =    1, n_seqs =  1, n_outputs =    1
sched_reserve: fused Gated Delta Net (autoregressive) enabled
graph_reserve: reserving a graph for ubatch with n_tokens =   16, n_seqs =  1, n_outputs =   16
sched_reserve: fused Gated Delta Net (chunked) enabled
graph_reserve: reserving a graph for ubatch with n_tokens =  512, n_seqs =  1, n_outputs =  512
graph_reserve: reserving a graph for ubatch with n_tokens =    1, n_seqs =  1, n_outputs =    1
graph_reserve: reserving a graph for ubatch with n_tokens =  512, n_seqs =  1, n_outputs =  512
sched_reserve:      CUDA0 compute buffer size =   304.00 MiB
sched_reserve:  CUDA_Host compute buffer size =    15.01 MiB
sched_reserve: graph nodes  = 958
sched_reserve: graph splits = 44 (with bs=512), 2 (with bs=1)
sched_reserve: reserve took 14.74 ms, sched copies = 1
CUDA Graph id 9954 reused
ggml_backend_cuda_graph_compute: CUDA graph warmup complete
CUDA Graph id 9954 reused
CUDA Graph id 9954 reused
CUDA Graph id 9954 reused
CUDA Graph id 9954 reused
CUDA Graph id 9954 reused
CUDA Graph id 9954 reused
CUDA Graph id 9954 reused
CUDA Graph id 9954 reused
CUDA Graph id 9954 reused
CUDA Graph id 9954 reused
CUDA Graph id 9954 reused
CUDA Graph id 9954 reused
CUDA Graph id 9954 reused
CUDA Graph id 9954 reused
CUDA Graph id 9954 reused
CUDA Graph id 9954 reused
CUDA Graph id 9954 reused
CUDA Graph id 9954 reused
CUDA Graph id 9954 reused
CUDA Graph id 9954 reused
CUDA Graph id 9954 reused
CUDA Graph id 9954 reused
CUDA Graph id 9954 reused
CUDA Graph id 9954 reused
CUDA Graph id 9954 reused
CUDA Graph id 9954 reused
CUDA Graph id 9954 reused
CUDA Graph id 9954 reused
CUDA Graph id 9954 reused
CUDA Graph id 9954 reused
CUDA Graph id 9954 reused
CUDA Graph id 9954 reused
CUDA Graph id 9954 reused
CUDA Graph id 9954 reused
CUDA Graph id 9954 reused
CUDA Graph id 9954 reused
CUDA Graph id 9954 reused
CUDA Graph id 9954 reused
CUDA Graph id 9954 reused
CUDA Graph id 9954 reused
CUDA Graph id 9954 reused
CUDA Graph id 9954 reused
CUDA Graph id 9954 reused
CUDA Graph id 9954 reused
CUDA Graph id 9954 reused
CUDA Graph id 9954 reused
CUDA Graph id 9954 reused
CUDA Graph id 9954 reused
CUDA Graph id 9954 reused
CUDA Graph id 9954 reused
CUDA Graph id 9954 reused
~llama_context:      CUDA0 compute buffer size is 304.0000 MiB, matches expectation of 304.0000 MiB
~llama_context:  CUDA_Host compute buffer size is  15.0137 MiB, matches expectation of  15.0137 MiB
schema 186/200 done
llama_context: constructing llama_context
llama_context: n_seq_max     = 1
llama_context: n_ctx         = 768
llama_context: n_ctx_seq     = 768
llama_context: n_batch       = 759
llama_context: n_ubatch      = 512
llama_context: causal_attn   = 1
llama_context: flash_attn    = auto
llama_context: kv_unified    = false
llama_context: freq_base     = 1000000.0
llama_context: freq_scale    = 1
llama_context: n_rs_seq      = 0
llama_context: n_outputs_max = 759
llama_context: n_ctx_seq (768) < n_ctx_train (32768) -- the full capacity of the model will not be utilized
set_abort_callback: call
llama_context:  CUDA_Host  output buffer size =     0.58 MiB
llama_kv_cache: layer   0: dev = CPU
llama_kv_cache: layer   1: dev = CPU
llama_kv_cache: layer   2: dev = CPU
llama_kv_cache: layer   3: dev = CUDA0
llama_kv_cache: layer   4: dev = CUDA0
llama_kv_cache: layer   5: dev = CUDA0
llama_kv_cache: layer   6: dev = CUDA0
llama_kv_cache: layer   7: dev = CUDA0
llama_kv_cache: layer   8: dev = CUDA0
llama_kv_cache: layer   9: dev = CUDA0
llama_kv_cache: layer  10: dev = CUDA0
llama_kv_cache: layer  11: dev = CUDA0
llama_kv_cache: layer  12: dev = CUDA0
llama_kv_cache: layer  13: dev = CUDA0
llama_kv_cache: layer  14: dev = CUDA0
llama_kv_cache: layer  15: dev = CUDA0
llama_kv_cache: layer  16: dev = CUDA0
llama_kv_cache: layer  17: dev = CUDA0
llama_kv_cache: layer  18: dev = CUDA0
llama_kv_cache: layer  19: dev = CUDA0
llama_kv_cache: layer  20: dev = CUDA0
llama_kv_cache: layer  21: dev = CUDA0
llama_kv_cache: layer  22: dev = CUDA0
llama_kv_cache: layer  23: dev = CUDA0
llama_kv_cache: layer  24: dev = CUDA0
llama_kv_cache: layer  25: dev = CUDA0
llama_kv_cache: layer  26: dev = CUDA0
llama_kv_cache: layer  27: dev = CUDA0
llama_kv_cache:        CPU KV buffer size =     4.50 MiB
llama_kv_cache:      CUDA0 KV buffer size =    37.50 MiB
llama_kv_cache: size =   42.00 MiB (   768 cells,  28 layers,  1/1 seqs), K (f16):   21.00 MiB, V (f16):   21.00 MiB
llama_kv_cache: attn_rot_k = 0, n_embd_head_k_all = 128
llama_kv_cache: attn_rot_v = 0, n_embd_head_k_all = 128
llama_context: enumerating backends
llama_context: backend_ptrs.size() = 2
sched_reserve: reserving ...
sched_reserve: max_nodes = 2712
sched_reserve: reserving full memory module
sched_reserve: worst-case: n_tokens = 512, n_seqs = 1, n_outputs = 1
graph_reserve: reserving a graph for ubatch with n_tokens =    1, n_seqs =  1, n_outputs =    1
sched_reserve: Flash Attention was auto, set to enabled
sched_reserve: resolving fused Gated Delta Net support:
graph_reserve: reserving a graph for ubatch with n_tokens =    1, n_seqs =  1, n_outputs =    1
sched_reserve: fused Gated Delta Net (autoregressive) enabled
graph_reserve: reserving a graph for ubatch with n_tokens =   16, n_seqs =  1, n_outputs =   16
sched_reserve: fused Gated Delta Net (chunked) enabled
graph_reserve: reserving a graph for ubatch with n_tokens =  512, n_seqs =  1, n_outputs =  512
graph_reserve: reserving a graph for ubatch with n_tokens =    1, n_seqs =  1, n_outputs =    1
graph_reserve: reserving a graph for ubatch with n_tokens =  512, n_seqs =  1, n_outputs =  512
sched_reserve:      CUDA0 compute buffer size =   304.00 MiB
sched_reserve:  CUDA_Host compute buffer size =    14.76 MiB
sched_reserve: graph nodes  = 958
sched_reserve: graph splits = 44 (with bs=512), 2 (with bs=1)
sched_reserve: reserve took 13.23 ms, sched copies = 1
CUDA Graph id 10104 reused
ggml_backend_cuda_graph_compute: CUDA graph warmup complete
CUDA Graph id 10104 reused
CUDA Graph id 10104 reused
CUDA Graph id 10104 reused
CUDA Graph id 10104 reused
CUDA Graph id 10104 reused
CUDA Graph id 10104 reused
CUDA Graph id 10104 reused
CUDA Graph id 10104 reused
CUDA Graph id 10104 reused
CUDA Graph id 10104 reused
CUDA Graph id 10104 reused
CUDA Graph id 10104 reused
CUDA Graph id 10104 reused
CUDA Graph id 10104 reused
CUDA Graph id 10104 reused
ggml_backend_cuda_graph_compute: CUDA graph warmup reset
CUDA Graph id 10107 reused
ggml_backend_cuda_graph_compute: CUDA graph warmup complete
CUDA Graph id 10107 reused
CUDA Graph id 10107 reused
CUDA Graph id 10107 reused
CUDA Graph id 10107 reused
CUDA Graph id 10107 reused
CUDA Graph id 10107 reused
CUDA Graph id 10107 reused
CUDA Graph id 10107 reused
CUDA Graph id 10107 reused
CUDA Graph id 10107 reused
CUDA Graph id 10107 reused
~llama_context:      CUDA0 compute buffer size is 304.0000 MiB, matches expectation of 304.0000 MiB
~llama_context:  CUDA_Host compute buffer size is  14.7637 MiB, matches expectation of  14.7637 MiB
llama_context: constructing llama_context
llama_context: n_seq_max     = 1
llama_context: n_ctx         = 768
llama_context: n_ctx_seq     = 768
llama_context: n_batch       = 759
llama_context: n_ubatch      = 512
llama_context: causal_attn   = 1
llama_context: flash_attn    = auto
llama_context: kv_unified    = false
llama_context: freq_base     = 1000000.0
llama_context: freq_scale    = 1
llama_context: n_rs_seq      = 0
llama_context: n_outputs_max = 759
llama_context: n_ctx_seq (768) < n_ctx_train (32768) -- the full capacity of the model will not be utilized
set_abort_callback: call
llama_context:  CUDA_Host  output buffer size =     0.58 MiB
llama_kv_cache: layer   0: dev = CPU
llama_kv_cache: layer   1: dev = CPU
llama_kv_cache: layer   2: dev = CPU
llama_kv_cache: layer   3: dev = CUDA0
llama_kv_cache: layer   4: dev = CUDA0
llama_kv_cache: layer   5: dev = CUDA0
llama_kv_cache: layer   6: dev = CUDA0
llama_kv_cache: layer   7: dev = CUDA0
llama_kv_cache: layer   8: dev = CUDA0
llama_kv_cache: layer   9: dev = CUDA0
llama_kv_cache: layer  10: dev = CUDA0
llama_kv_cache: layer  11: dev = CUDA0
llama_kv_cache: layer  12: dev = CUDA0
llama_kv_cache: layer  13: dev = CUDA0
llama_kv_cache: layer  14: dev = CUDA0
llama_kv_cache: layer  15: dev = CUDA0
llama_kv_cache: layer  16: dev = CUDA0
llama_kv_cache: layer  17: dev = CUDA0
llama_kv_cache: layer  18: dev = CUDA0
llama_kv_cache: layer  19: dev = CUDA0
llama_kv_cache: layer  20: dev = CUDA0
llama_kv_cache: layer  21: dev = CUDA0
llama_kv_cache: layer  22: dev = CUDA0
llama_kv_cache: layer  23: dev = CUDA0
llama_kv_cache: layer  24: dev = CUDA0
llama_kv_cache: layer  25: dev = CUDA0
llama_kv_cache: layer  26: dev = CUDA0
llama_kv_cache: layer  27: dev = CUDA0
llama_kv_cache:        CPU KV buffer size =     4.50 MiB
llama_kv_cache:      CUDA0 KV buffer size =    37.50 MiB
llama_kv_cache: size =   42.00 MiB (   768 cells,  28 layers,  1/1 seqs), K (f16):   21.00 MiB, V (f16):   21.00 MiB
llama_kv_cache: attn_rot_k = 0, n_embd_head_k_all = 128
llama_kv_cache: attn_rot_v = 0, n_embd_head_k_all = 128
llama_context: enumerating backends
llama_context: backend_ptrs.size() = 2
sched_reserve: reserving ...
sched_reserve: max_nodes = 2712
sched_reserve: reserving full memory module
sched_reserve: worst-case: n_tokens = 512, n_seqs = 1, n_outputs = 1
graph_reserve: reserving a graph for ubatch with n_tokens =    1, n_seqs =  1, n_outputs =    1
sched_reserve: Flash Attention was auto, set to enabled
sched_reserve: resolving fused Gated Delta Net support:
graph_reserve: reserving a graph for ubatch with n_tokens =    1, n_seqs =  1, n_outputs =    1
sched_reserve: fused Gated Delta Net (autoregressive) enabled
graph_reserve: reserving a graph for ubatch with n_tokens =   16, n_seqs =  1, n_outputs =   16
sched_reserve: fused Gated Delta Net (chunked) enabled
graph_reserve: reserving a graph for ubatch with n_tokens =  512, n_seqs =  1, n_outputs =  512
graph_reserve: reserving a graph for ubatch with n_tokens =    1, n_seqs =  1, n_outputs =    1
graph_reserve: reserving a graph for ubatch with n_tokens =  512, n_seqs =  1, n_outputs =  512
sched_reserve:      CUDA0 compute buffer size =   304.00 MiB
sched_reserve:  CUDA_Host compute buffer size =    14.76 MiB
sched_reserve: graph nodes  = 958
sched_reserve: graph splits = 44 (with bs=512), 2 (with bs=1)
sched_reserve: reserve took 13.76 ms, sched copies = 1
CUDA Graph id 10257 reused
ggml_backend_cuda_graph_compute: CUDA graph warmup complete
CUDA Graph id 10257 reused
CUDA Graph id 10257 reused
CUDA Graph id 10257 reused
CUDA Graph id 10257 reused
CUDA Graph id 10257 reused
CUDA Graph id 10257 reused
CUDA Graph id 10257 reused
CUDA Graph id 10257 reused
CUDA Graph id 10257 reused
CUDA Graph id 10257 reused
CUDA Graph id 10257 reused
CUDA Graph id 10257 reused
CUDA Graph id 10257 reused
CUDA Graph id 10257 reused
CUDA Graph id 10257 reused
ggml_backend_cuda_graph_compute: CUDA graph warmup reset
CUDA Graph id 10260 reused
ggml_backend_cuda_graph_compute: CUDA graph warmup complete
CUDA Graph id 10260 reused
CUDA Graph id 10260 reused
CUDA Graph id 10260 reused
CUDA Graph id 10260 reused
CUDA Graph id 10260 reused
CUDA Graph id 10260 reused
CUDA Graph id 10260 reused
CUDA Graph id 10260 reused
CUDA Graph id 10260 reused
CUDA Graph id 10260 reused
CUDA Graph id 10260 reused
~llama_context:      CUDA0 compute buffer size is 304.0000 MiB, matches expectation of 304.0000 MiB
~llama_context:  CUDA_Host compute buffer size is  14.7637 MiB, matches expectation of  14.7637 MiB
llama_context: constructing llama_context
llama_context: n_seq_max     = 1
llama_context: n_ctx         = 768
llama_context: n_ctx_seq     = 768
llama_context: n_batch       = 759
llama_context: n_ubatch      = 512
llama_context: causal_attn   = 1
llama_context: flash_attn    = auto
llama_context: kv_unified    = false
llama_context: freq_base     = 1000000.0
llama_context: freq_scale    = 1
llama_context: n_rs_seq      = 0
llama_context: n_outputs_max = 759
llama_context: n_ctx_seq (768) < n_ctx_train (32768) -- the full capacity of the model will not be utilized
set_abort_callback: call
llama_context:  CUDA_Host  output buffer size =     0.58 MiB
llama_kv_cache: layer   0: dev = CPU
llama_kv_cache: layer   1: dev = CPU
llama_kv_cache: layer   2: dev = CPU
llama_kv_cache: layer   3: dev = CUDA0
llama_kv_cache: layer   4: dev = CUDA0
llama_kv_cache: layer   5: dev = CUDA0
llama_kv_cache: layer   6: dev = CUDA0
llama_kv_cache: layer   7: dev = CUDA0
llama_kv_cache: layer   8: dev = CUDA0
llama_kv_cache: layer   9: dev = CUDA0
llama_kv_cache: layer  10: dev = CUDA0
llama_kv_cache: layer  11: dev = CUDA0
llama_kv_cache: layer  12: dev = CUDA0
llama_kv_cache: layer  13: dev = CUDA0
llama_kv_cache: layer  14: dev = CUDA0
llama_kv_cache: layer  15: dev = CUDA0
llama_kv_cache: layer  16: dev = CUDA0
llama_kv_cache: layer  17: dev = CUDA0
llama_kv_cache: layer  18: dev = CUDA0
llama_kv_cache: layer  19: dev = CUDA0
llama_kv_cache: layer  20: dev = CUDA0
llama_kv_cache: layer  21: dev = CUDA0
llama_kv_cache: layer  22: dev = CUDA0
llama_kv_cache: layer  23: dev = CUDA0
llama_kv_cache: layer  24: dev = CUDA0
llama_kv_cache: layer  25: dev = CUDA0
llama_kv_cache: layer  26: dev = CUDA0
llama_kv_cache: layer  27: dev = CUDA0
llama_kv_cache:        CPU KV buffer size =     4.50 MiB
llama_kv_cache:      CUDA0 KV buffer size =    37.50 MiB
llama_kv_cache: size =   42.00 MiB (   768 cells,  28 layers,  1/1 seqs), K (f16):   21.00 MiB, V (f16):   21.00 MiB
llama_kv_cache: attn_rot_k = 0, n_embd_head_k_all = 128
llama_kv_cache: attn_rot_v = 0, n_embd_head_k_all = 128
llama_context: enumerating backends
llama_context: backend_ptrs.size() = 2
sched_reserve: reserving ...
sched_reserve: max_nodes = 2712
sched_reserve: reserving full memory module
sched_reserve: worst-case: n_tokens = 512, n_seqs = 1, n_outputs = 1
graph_reserve: reserving a graph for ubatch with n_tokens =    1, n_seqs =  1, n_outputs =    1
sched_reserve: Flash Attention was auto, set to enabled
sched_reserve: resolving fused Gated Delta Net support:
graph_reserve: reserving a graph for ubatch with n_tokens =    1, n_seqs =  1, n_outputs =    1
sched_reserve: fused Gated Delta Net (autoregressive) enabled
graph_reserve: reserving a graph for ubatch with n_tokens =   16, n_seqs =  1, n_outputs =   16
sched_reserve: fused Gated Delta Net (chunked) enabled
graph_reserve: reserving a graph for ubatch with n_tokens =  512, n_seqs =  1, n_outputs =  512
graph_reserve: reserving a graph for ubatch with n_tokens =    1, n_seqs =  1, n_outputs =    1
graph_reserve: reserving a graph for ubatch with n_tokens =  512, n_seqs =  1, n_outputs =  512
sched_reserve:      CUDA0 compute buffer size =   304.00 MiB
sched_reserve:  CUDA_Host compute buffer size =    14.76 MiB
sched_reserve: graph nodes  = 958
sched_reserve: graph splits = 44 (with bs=512), 2 (with bs=1)
sched_reserve: reserve took 15.46 ms, sched copies = 1
CUDA Graph id 10410 reused
ggml_backend_cuda_graph_compute: CUDA graph warmup complete
CUDA Graph id 10410 reused
CUDA Graph id 10410 reused
CUDA Graph id 10410 reused
CUDA Graph id 10410 reused
CUDA Graph id 10410 reused
CUDA Graph id 10410 reused
CUDA Graph id 10410 reused
CUDA Graph id 10410 reused
CUDA Graph id 10410 reused
CUDA Graph id 10410 reused
CUDA Graph id 10410 reused
CUDA Graph id 10410 reused
CUDA Graph id 10410 reused
CUDA Graph id 10410 reused
CUDA Graph id 10410 reused
ggml_backend_cuda_graph_compute: CUDA graph warmup reset
CUDA Graph id 10413 reused
ggml_backend_cuda_graph_compute: CUDA graph warmup complete
CUDA Graph id 10413 reused
CUDA Graph id 10413 reused
CUDA Graph id 10413 reused
CUDA Graph id 10413 reused
CUDA Graph id 10413 reused
CUDA Graph id 10413 reused
CUDA Graph id 10413 reused
CUDA Graph id 10413 reused
CUDA Graph id 10413 reused
CUDA Graph id 10413 reused
CUDA Graph id 10413 reused
CUDA Graph id 10413 reused
CUDA Graph id 10413 reused
~llama_context:      CUDA0 compute buffer size is 304.0000 MiB, matches expectation of 304.0000 MiB
~llama_context:  CUDA_Host compute buffer size is  14.7637 MiB, matches expectation of  14.7637 MiB
llama_context: constructing llama_context
llama_context: n_seq_max     = 1
llama_context: n_ctx         = 768
llama_context: n_ctx_seq     = 768
llama_context: n_batch       = 759
llama_context: n_ubatch      = 512
llama_context: causal_attn   = 1
llama_context: flash_attn    = auto
llama_context: kv_unified    = false
llama_context: freq_base     = 1000000.0
llama_context: freq_scale    = 1
llama_context: n_rs_seq      = 0
llama_context: n_outputs_max = 759
llama_context: n_ctx_seq (768) < n_ctx_train (32768) -- the full capacity of the model will not be utilized
set_abort_callback: call
llama_context:  CUDA_Host  output buffer size =     0.58 MiB
llama_kv_cache: layer   0: dev = CPU
llama_kv_cache: layer   1: dev = CPU
llama_kv_cache: layer   2: dev = CPU
llama_kv_cache: layer   3: dev = CUDA0
llama_kv_cache: layer   4: dev = CUDA0
llama_kv_cache: layer   5: dev = CUDA0
llama_kv_cache: layer   6: dev = CUDA0
llama_kv_cache: layer   7: dev = CUDA0
llama_kv_cache: layer   8: dev = CUDA0
llama_kv_cache: layer   9: dev = CUDA0
llama_kv_cache: layer  10: dev = CUDA0
llama_kv_cache: layer  11: dev = CUDA0
llama_kv_cache: layer  12: dev = CUDA0
llama_kv_cache: layer  13: dev = CUDA0
llama_kv_cache: layer  14: dev = CUDA0
llama_kv_cache: layer  15: dev = CUDA0
llama_kv_cache: layer  16: dev = CUDA0
llama_kv_cache: layer  17: dev = CUDA0
llama_kv_cache: layer  18: dev = CUDA0
llama_kv_cache: layer  19: dev = CUDA0
llama_kv_cache: layer  20: dev = CUDA0
llama_kv_cache: layer  21: dev = CUDA0
llama_kv_cache: layer  22: dev = CUDA0
llama_kv_cache: layer  23: dev = CUDA0
llama_kv_cache: layer  24: dev = CUDA0
llama_kv_cache: layer  25: dev = CUDA0
llama_kv_cache: layer  26: dev = CUDA0
llama_kv_cache: layer  27: dev = CUDA0
llama_kv_cache:        CPU KV buffer size =     4.50 MiB
llama_kv_cache:      CUDA0 KV buffer size =    37.50 MiB
llama_kv_cache: size =   42.00 MiB (   768 cells,  28 layers,  1/1 seqs), K (f16):   21.00 MiB, V (f16):   21.00 MiB
llama_kv_cache: attn_rot_k = 0, n_embd_head_k_all = 128
llama_kv_cache: attn_rot_v = 0, n_embd_head_k_all = 128
llama_context: enumerating backends
llama_context: backend_ptrs.size() = 2
sched_reserve: reserving ...
sched_reserve: max_nodes = 2712
sched_reserve: reserving full memory module
sched_reserve: worst-case: n_tokens = 512, n_seqs = 1, n_outputs = 1
graph_reserve: reserving a graph for ubatch with n_tokens =    1, n_seqs =  1, n_outputs =    1
sched_reserve: Flash Attention was auto, set to enabled
sched_reserve: resolving fused Gated Delta Net support:
graph_reserve: reserving a graph for ubatch with n_tokens =    1, n_seqs =  1, n_outputs =    1
sched_reserve: fused Gated Delta Net (autoregressive) enabled
graph_reserve: reserving a graph for ubatch with n_tokens =   16, n_seqs =  1, n_outputs =   16
sched_reserve: fused Gated Delta Net (chunked) enabled
graph_reserve: reserving a graph for ubatch with n_tokens =  512, n_seqs =  1, n_outputs =  512
graph_reserve: reserving a graph for ubatch with n_tokens =    1, n_seqs =  1, n_outputs =    1
graph_reserve: reserving a graph for ubatch with n_tokens =  512, n_seqs =  1, n_outputs =  512
sched_reserve:      CUDA0 compute buffer size =   304.00 MiB
sched_reserve:  CUDA_Host compute buffer size =    14.76 MiB
sched_reserve: graph nodes  = 958
sched_reserve: graph splits = 44 (with bs=512), 2 (with bs=1)
sched_reserve: reserve took 18.36 ms, sched copies = 1
CUDA Graph id 10563 reused
ggml_backend_cuda_graph_compute: CUDA graph warmup complete
CUDA Graph id 10563 reused
CUDA Graph id 10563 reused
CUDA Graph id 10563 reused
CUDA Graph id 10563 reused
CUDA Graph id 10563 reused
CUDA Graph id 10563 reused
CUDA Graph id 10563 reused
CUDA Graph id 10563 reused
CUDA Graph id 10563 reused
CUDA Graph id 10563 reused
CUDA Graph id 10563 reused
CUDA Graph id 10563 reused
CUDA Graph id 10563 reused
CUDA Graph id 10563 reused
CUDA Graph id 10563 reused
ggml_backend_cuda_graph_compute: CUDA graph warmup reset
CUDA Graph id 10566 reused
ggml_backend_cuda_graph_compute: CUDA graph warmup complete
CUDA Graph id 10566 reused
CUDA Graph id 10566 reused
CUDA Graph id 10566 reused
CUDA Graph id 10566 reused
CUDA Graph id 10566 reused
CUDA Graph id 10566 reused
CUDA Graph id 10566 reused
~llama_context:      CUDA0 compute buffer size is 304.0000 MiB, matches expectation of 304.0000 MiB
~llama_context:  CUDA_Host compute buffer size is  14.7637 MiB, matches expectation of  14.7637 MiB
llama_context: constructing llama_context
llama_context: n_seq_max     = 1
llama_context: n_ctx         = 768
llama_context: n_ctx_seq     = 768
llama_context: n_batch       = 759
llama_context: n_ubatch      = 512
llama_context: causal_attn   = 1
llama_context: flash_attn    = auto
llama_context: kv_unified    = false
llama_context: freq_base     = 1000000.0
llama_context: freq_scale    = 1
llama_context: n_rs_seq      = 0
llama_context: n_outputs_max = 759
llama_context: n_ctx_seq (768) < n_ctx_train (32768) -- the full capacity of the model will not be utilized
set_abort_callback: call
llama_context:  CUDA_Host  output buffer size =     0.58 MiB
llama_kv_cache: layer   0: dev = CPU
llama_kv_cache: layer   1: dev = CPU
llama_kv_cache: layer   2: dev = CPU
llama_kv_cache: layer   3: dev = CUDA0
llama_kv_cache: layer   4: dev = CUDA0
llama_kv_cache: layer   5: dev = CUDA0
llama_kv_cache: layer   6: dev = CUDA0
llama_kv_cache: layer   7: dev = CUDA0
llama_kv_cache: layer   8: dev = CUDA0
llama_kv_cache: layer   9: dev = CUDA0
llama_kv_cache: layer  10: dev = CUDA0
llama_kv_cache: layer  11: dev = CUDA0
llama_kv_cache: layer  12: dev = CUDA0
llama_kv_cache: layer  13: dev = CUDA0
llama_kv_cache: layer  14: dev = CUDA0
llama_kv_cache: layer  15: dev = CUDA0
llama_kv_cache: layer  16: dev = CUDA0
llama_kv_cache: layer  17: dev = CUDA0
llama_kv_cache: layer  18: dev = CUDA0
llama_kv_cache: layer  19: dev = CUDA0
llama_kv_cache: layer  20: dev = CUDA0
llama_kv_cache: layer  21: dev = CUDA0
llama_kv_cache: layer  22: dev = CUDA0
llama_kv_cache: layer  23: dev = CUDA0
llama_kv_cache: layer  24: dev = CUDA0
llama_kv_cache: layer  25: dev = CUDA0
llama_kv_cache: layer  26: dev = CUDA0
llama_kv_cache: layer  27: dev = CUDA0
llama_kv_cache:        CPU KV buffer size =     4.50 MiB
llama_kv_cache:      CUDA0 KV buffer size =    37.50 MiB
llama_kv_cache: size =   42.00 MiB (   768 cells,  28 layers,  1/1 seqs), K (f16):   21.00 MiB, V (f16):   21.00 MiB
llama_kv_cache: attn_rot_k = 0, n_embd_head_k_all = 128
llama_kv_cache: attn_rot_v = 0, n_embd_head_k_all = 128
llama_context: enumerating backends
llama_context: backend_ptrs.size() = 2
sched_reserve: reserving ...
sched_reserve: max_nodes = 2712
sched_reserve: reserving full memory module
sched_reserve: worst-case: n_tokens = 512, n_seqs = 1, n_outputs = 1
graph_reserve: reserving a graph for ubatch with n_tokens =    1, n_seqs =  1, n_outputs =    1
sched_reserve: Flash Attention was auto, set to enabled
sched_reserve: resolving fused Gated Delta Net support:
graph_reserve: reserving a graph for ubatch with n_tokens =    1, n_seqs =  1, n_outputs =    1
sched_reserve: fused Gated Delta Net (autoregressive) enabled
graph_reserve: reserving a graph for ubatch with n_tokens =   16, n_seqs =  1, n_outputs =   16
sched_reserve: fused Gated Delta Net (chunked) enabled
graph_reserve: reserving a graph for ubatch with n_tokens =  512, n_seqs =  1, n_outputs =  512
graph_reserve: reserving a graph for ubatch with n_tokens =    1, n_seqs =  1, n_outputs =    1
graph_reserve: reserving a graph for ubatch with n_tokens =  512, n_seqs =  1, n_outputs =  512
sched_reserve:      CUDA0 compute buffer size =   304.00 MiB
sched_reserve:  CUDA_Host compute buffer size =    14.76 MiB
sched_reserve: graph nodes  = 958
sched_reserve: graph splits = 44 (with bs=512), 2 (with bs=1)
sched_reserve: reserve took 10.70 ms, sched copies = 1
CUDA Graph id 10716 reused
ggml_backend_cuda_graph_compute: CUDA graph warmup complete
CUDA Graph id 10716 reused
CUDA Graph id 10716 reused
CUDA Graph id 10716 reused
CUDA Graph id 10716 reused
CUDA Graph id 10716 reused
CUDA Graph id 10716 reused
CUDA Graph id 10716 reused
CUDA Graph id 10716 reused
CUDA Graph id 10716 reused
CUDA Graph id 10716 reused
CUDA Graph id 10716 reused
CUDA Graph id 10716 reused
CUDA Graph id 10716 reused
CUDA Graph id 10716 reused
CUDA Graph id 10716 reused
ggml_backend_cuda_graph_compute: CUDA graph warmup reset
CUDA Graph id 10719 reused
ggml_backend_cuda_graph_compute: CUDA graph warmup complete
CUDA Graph id 10719 reused
CUDA Graph id 10719 reused
CUDA Graph id 10719 reused
CUDA Graph id 10719 reused
CUDA Graph id 10719 reused
CUDA Graph id 10719 reused
CUDA Graph id 10719 reused
CUDA Graph id 10719 reused
CUDA Graph id 10719 reused
CUDA Graph id 10719 reused
CUDA Graph id 10719 reused
CUDA Graph id 10719 reused
CUDA Graph id 10719 reused
CUDA Graph id 10719 reused
CUDA Graph id 10719 reused
CUDA Graph id 10719 reused
CUDA Graph id 10719 reused
CUDA Graph id 10719 reused
CUDA Graph id 10719 reused
CUDA Graph id 10719 reused
CUDA Graph id 10719 reused
CUDA Graph id 10719 reused
CUDA Graph id 10719 reused
CUDA Graph id 10719 reused
CUDA Graph id 10719 reused
CUDA Graph id 10719 reused
CUDA Graph id 10719 reused
CUDA Graph id 10719 reused
CUDA Graph id 10719 reused
CUDA Graph id 10719 reused
CUDA Graph id 10719 reused
CUDA Graph id 10719 reused
CUDA Graph id 10719 reused
CUDA Graph id 10719 reused
CUDA Graph id 10719 reused
CUDA Graph id 10719 reused
CUDA Graph id 10719 reused
CUDA Graph id 10719 reused
CUDA Graph id 10719 reused
CUDA Graph id 10719 reused
CUDA Graph id 10719 reused
CUDA Graph id 10719 reused
CUDA Graph id 10719 reused
CUDA Graph id 10719 reused
CUDA Graph id 10719 reused
CUDA Graph id 10719 reused
~llama_context:      CUDA0 compute buffer size is 304.0000 MiB, matches expectation of 304.0000 MiB
~llama_context:  CUDA_Host compute buffer size is  14.7637 MiB, matches expectation of  14.7637 MiB
llama_context: constructing llama_context
llama_context: n_seq_max     = 1
llama_context: n_ctx         = 768
llama_context: n_ctx_seq     = 768
llama_context: n_batch       = 759
llama_context: n_ubatch      = 512
llama_context: causal_attn   = 1
llama_context: flash_attn    = auto
llama_context: kv_unified    = false
llama_context: freq_base     = 1000000.0
llama_context: freq_scale    = 1
llama_context: n_rs_seq      = 0
llama_context: n_outputs_max = 759
llama_context: n_ctx_seq (768) < n_ctx_train (32768) -- the full capacity of the model will not be utilized
set_abort_callback: call
llama_context:  CUDA_Host  output buffer size =     0.58 MiB
llama_kv_cache: layer   0: dev = CPU
llama_kv_cache: layer   1: dev = CPU
llama_kv_cache: layer   2: dev = CPU
llama_kv_cache: layer   3: dev = CUDA0
llama_kv_cache: layer   4: dev = CUDA0
llama_kv_cache: layer   5: dev = CUDA0
llama_kv_cache: layer   6: dev = CUDA0
llama_kv_cache: layer   7: dev = CUDA0
llama_kv_cache: layer   8: dev = CUDA0
llama_kv_cache: layer   9: dev = CUDA0
llama_kv_cache: layer  10: dev = CUDA0
llama_kv_cache: layer  11: dev = CUDA0
llama_kv_cache: layer  12: dev = CUDA0
llama_kv_cache: layer  13: dev = CUDA0
llama_kv_cache: layer  14: dev = CUDA0
llama_kv_cache: layer  15: dev = CUDA0
llama_kv_cache: layer  16: dev = CUDA0
llama_kv_cache: layer  17: dev = CUDA0
llama_kv_cache: layer  18: dev = CUDA0
llama_kv_cache: layer  19: dev = CUDA0
llama_kv_cache: layer  20: dev = CUDA0
llama_kv_cache: layer  21: dev = CUDA0
llama_kv_cache: layer  22: dev = CUDA0
llama_kv_cache: layer  23: dev = CUDA0
llama_kv_cache: layer  24: dev = CUDA0
llama_kv_cache: layer  25: dev = CUDA0
llama_kv_cache: layer  26: dev = CUDA0
llama_kv_cache: layer  27: dev = CUDA0
llama_kv_cache:        CPU KV buffer size =     4.50 MiB
llama_kv_cache:      CUDA0 KV buffer size =    37.50 MiB
llama_kv_cache: size =   42.00 MiB (   768 cells,  28 layers,  1/1 seqs), K (f16):   21.00 MiB, V (f16):   21.00 MiB
llama_kv_cache: attn_rot_k = 0, n_embd_head_k_all = 128
llama_kv_cache: attn_rot_v = 0, n_embd_head_k_all = 128
llama_context: enumerating backends
llama_context: backend_ptrs.size() = 2
sched_reserve: reserving ...
sched_reserve: max_nodes = 2712
sched_reserve: reserving full memory module
sched_reserve: worst-case: n_tokens = 512, n_seqs = 1, n_outputs = 1
graph_reserve: reserving a graph for ubatch with n_tokens =    1, n_seqs =  1, n_outputs =    1
sched_reserve: Flash Attention was auto, set to enabled
sched_reserve: resolving fused Gated Delta Net support:
graph_reserve: reserving a graph for ubatch with n_tokens =    1, n_seqs =  1, n_outputs =    1
sched_reserve: fused Gated Delta Net (autoregressive) enabled
graph_reserve: reserving a graph for ubatch with n_tokens =   16, n_seqs =  1, n_outputs =   16
sched_reserve: fused Gated Delta Net (chunked) enabled
graph_reserve: reserving a graph for ubatch with n_tokens =  512, n_seqs =  1, n_outputs =  512
graph_reserve: reserving a graph for ubatch with n_tokens =    1, n_seqs =  1, n_outputs =    1
graph_reserve: reserving a graph for ubatch with n_tokens =  512, n_seqs =  1, n_outputs =  512
sched_reserve:      CUDA0 compute buffer size =   304.00 MiB
sched_reserve:  CUDA_Host compute buffer size =    14.76 MiB
sched_reserve: graph nodes  = 958
sched_reserve: graph splits = 44 (with bs=512), 2 (with bs=1)
sched_reserve: reserve took 19.36 ms, sched copies = 1
CUDA Graph id 10869 reused
ggml_backend_cuda_graph_compute: CUDA graph warmup complete
CUDA Graph id 10869 reused
CUDA Graph id 10869 reused
CUDA Graph id 10869 reused
CUDA Graph id 10869 reused
CUDA Graph id 10869 reused
CUDA Graph id 10869 reused
CUDA Graph id 10869 reused
CUDA Graph id 10869 reused
CUDA Graph id 10869 reused
CUDA Graph id 10869 reused
CUDA Graph id 10869 reused
CUDA Graph id 10869 reused
CUDA Graph id 10869 reused
CUDA Graph id 10869 reused
CUDA Graph id 10869 reused
ggml_backend_cuda_graph_compute: CUDA graph warmup reset
CUDA Graph id 10872 reused
ggml_backend_cuda_graph_compute: CUDA graph warmup complete
CUDA Graph id 10872 reused
CUDA Graph id 10872 reused
CUDA Graph id 10872 reused
CUDA Graph id 10872 reused
CUDA Graph id 10872 reused
CUDA Graph id 10872 reused
CUDA Graph id 10872 reused
CUDA Graph id 10872 reused
CUDA Graph id 10872 reused
CUDA Graph id 10872 reused
CUDA Graph id 10872 reused
CUDA Graph id 10872 reused
CUDA Graph id 10872 reused
CUDA Graph id 10872 reused
CUDA Graph id 10872 reused
CUDA Graph id 10872 reused
CUDA Graph id 10872 reused
CUDA Graph id 10872 reused
CUDA Graph id 10872 reused
CUDA Graph id 10872 reused
CUDA Graph id 10872 reused
CUDA Graph id 10872 reused
CUDA Graph id 10872 reused
CUDA Graph id 10872 reused
CUDA Graph id 10872 reused
CUDA Graph id 10872 reused
CUDA Graph id 10872 reused
CUDA Graph id 10872 reused
CUDA Graph id 10872 reused
CUDA Graph id 10872 reused
CUDA Graph id 10872 reused
CUDA Graph id 10872 reused
CUDA Graph id 10872 reused
CUDA Graph id 10872 reused
CUDA Graph id 10872 reused
CUDA Graph id 10872 reused
CUDA Graph id 10872 reused
CUDA Graph id 10872 reused
CUDA Graph id 10872 reused
CUDA Graph id 10872 reused
CUDA Graph id 10872 reused
CUDA Graph id 10872 reused
CUDA Graph id 10872 reused
CUDA Graph id 10872 reused
CUDA Graph id 10872 reused
CUDA Graph id 10872 reused
CUDA Graph id 10872 reused
CUDA Graph id 10872 reused
CUDA Graph id 10872 reused
CUDA Graph id 10872 reused
CUDA Graph id 10872 reused
CUDA Graph id 10872 reused
CUDA Graph id 10872 reused
CUDA Graph id 10872 reused
CUDA Graph id 10872 reused
CUDA Graph id 10872 reused
CUDA Graph id 10872 reused
CUDA Graph id 10872 reused
CUDA Graph id 10872 reused
CUDA Graph id 10872 reused
CUDA Graph id 10872 reused
CUDA Graph id 10872 reused
~llama_context:      CUDA0 compute buffer size is 304.0000 MiB, matches expectation of 304.0000 MiB
~llama_context:  CUDA_Host compute buffer size is  14.7637 MiB, matches expectation of  14.7637 MiB
schema 187/200 done
llama_context: constructing llama_context
llama_context: n_seq_max     = 1
llama_context: n_ctx         = 768
llama_context: n_ctx_seq     = 768
llama_context: n_batch       = 667
llama_context: n_ubatch      = 512
llama_context: causal_attn   = 1
llama_context: flash_attn    = auto
llama_context: kv_unified    = false
llama_context: freq_base     = 1000000.0
llama_context: freq_scale    = 1
llama_context: n_rs_seq      = 0
llama_context: n_outputs_max = 667
llama_context: n_ctx_seq (768) < n_ctx_train (32768) -- the full capacity of the model will not be utilized
set_abort_callback: call
llama_context:  CUDA_Host  output buffer size =     0.58 MiB
llama_kv_cache: layer   0: dev = CPU
llama_kv_cache: layer   1: dev = CPU
llama_kv_cache: layer   2: dev = CPU
llama_kv_cache: layer   3: dev = CUDA0
llama_kv_cache: layer   4: dev = CUDA0
llama_kv_cache: layer   5: dev = CUDA0
llama_kv_cache: layer   6: dev = CUDA0
llama_kv_cache: layer   7: dev = CUDA0
llama_kv_cache: layer   8: dev = CUDA0
llama_kv_cache: layer   9: dev = CUDA0
llama_kv_cache: layer  10: dev = CUDA0
llama_kv_cache: layer  11: dev = CUDA0
llama_kv_cache: layer  12: dev = CUDA0
llama_kv_cache: layer  13: dev = CUDA0
llama_kv_cache: layer  14: dev = CUDA0
llama_kv_cache: layer  15: dev = CUDA0
llama_kv_cache: layer  16: dev = CUDA0
llama_kv_cache: layer  17: dev = CUDA0
llama_kv_cache: layer  18: dev = CUDA0
llama_kv_cache: layer  19: dev = CUDA0
llama_kv_cache: layer  20: dev = CUDA0
llama_kv_cache: layer  21: dev = CUDA0
llama_kv_cache: layer  22: dev = CUDA0
llama_kv_cache: layer  23: dev = CUDA0
llama_kv_cache: layer  24: dev = CUDA0
llama_kv_cache: layer  25: dev = CUDA0
llama_kv_cache: layer  26: dev = CUDA0
llama_kv_cache: layer  27: dev = CUDA0
llama_kv_cache:        CPU KV buffer size =     4.50 MiB
llama_kv_cache:      CUDA0 KV buffer size =    37.50 MiB
llama_kv_cache: size =   42.00 MiB (   768 cells,  28 layers,  1/1 seqs), K (f16):   21.00 MiB, V (f16):   21.00 MiB
llama_kv_cache: attn_rot_k = 0, n_embd_head_k_all = 128
llama_kv_cache: attn_rot_v = 0, n_embd_head_k_all = 128
llama_context: enumerating backends
llama_context: backend_ptrs.size() = 2
sched_reserve: reserving ...
sched_reserve: max_nodes = 2712
sched_reserve: reserving full memory module
sched_reserve: worst-case: n_tokens = 512, n_seqs = 1, n_outputs = 1
graph_reserve: reserving a graph for ubatch with n_tokens =    1, n_seqs =  1, n_outputs =    1
sched_reserve: Flash Attention was auto, set to enabled
sched_reserve: resolving fused Gated Delta Net support:
graph_reserve: reserving a graph for ubatch with n_tokens =    1, n_seqs =  1, n_outputs =    1
sched_reserve: fused Gated Delta Net (autoregressive) enabled
graph_reserve: reserving a graph for ubatch with n_tokens =   16, n_seqs =  1, n_outputs =   16
sched_reserve: fused Gated Delta Net (chunked) enabled
graph_reserve: reserving a graph for ubatch with n_tokens =  512, n_seqs =  1, n_outputs =  512
graph_reserve: reserving a graph for ubatch with n_tokens =    1, n_seqs =  1, n_outputs =    1
graph_reserve: reserving a graph for ubatch with n_tokens =  512, n_seqs =  1, n_outputs =  512
sched_reserve:      CUDA0 compute buffer size =   304.00 MiB
sched_reserve:  CUDA_Host compute buffer size =    14.76 MiB
sched_reserve: graph nodes  = 958
sched_reserve: graph splits = 44 (with bs=512), 2 (with bs=1)
sched_reserve: reserve took 14.03 ms, sched copies = 1
CUDA Graph id 11022 reused
ggml_backend_cuda_graph_compute: CUDA graph warmup complete
CUDA Graph id 11022 reused
CUDA Graph id 11022 reused
CUDA Graph id 11022 reused
CUDA Graph id 11022 reused
CUDA Graph id 11022 reused
CUDA Graph id 11022 reused
CUDA Graph id 11022 reused
CUDA Graph id 11022 reused
CUDA Graph id 11022 reused
CUDA Graph id 11022 reused
CUDA Graph id 11022 reused
CUDA Graph id 11022 reused
CUDA Graph id 11022 reused
CUDA Graph id 11022 reused
CUDA Graph id 11022 reused
CUDA Graph id 11022 reused
CUDA Graph id 11022 reused
CUDA Graph id 11022 reused
CUDA Graph id 11022 reused
CUDA Graph id 11022 reused
CUDA Graph id 11022 reused
CUDA Graph id 11022 reused
CUDA Graph id 11022 reused
CUDA Graph id 11022 reused
CUDA Graph id 11022 reused
CUDA Graph id 11022 reused
CUDA Graph id 11022 reused
CUDA Graph id 11022 reused
CUDA Graph id 11022 reused
CUDA Graph id 11022 reused
CUDA Graph id 11022 reused
CUDA Graph id 11022 reused
CUDA Graph id 11022 reused
CUDA Graph id 11022 reused
~llama_context:      CUDA0 compute buffer size is 304.0000 MiB, matches expectation of 304.0000 MiB
~llama_context:  CUDA_Host compute buffer size is  14.7637 MiB, matches expectation of  14.7637 MiB
llama_context: constructing llama_context
llama_context: n_seq_max     = 1
llama_context: n_ctx         = 768
llama_context: n_ctx_seq     = 768
llama_context: n_batch       = 667
llama_context: n_ubatch      = 512
llama_context: causal_attn   = 1
llama_context: flash_attn    = auto
llama_context: kv_unified    = false
llama_context: freq_base     = 1000000.0
llama_context: freq_scale    = 1
llama_context: n_rs_seq      = 0
llama_context: n_outputs_max = 667
llama_context: n_ctx_seq (768) < n_ctx_train (32768) -- the full capacity of the model will not be utilized
set_abort_callback: call
llama_context:  CUDA_Host  output buffer size =     0.58 MiB
llama_kv_cache: layer   0: dev = CPU
llama_kv_cache: layer   1: dev = CPU
llama_kv_cache: layer   2: dev = CPU
llama_kv_cache: layer   3: dev = CUDA0
llama_kv_cache: layer   4: dev = CUDA0
llama_kv_cache: layer   5: dev = CUDA0
llama_kv_cache: layer   6: dev = CUDA0
llama_kv_cache: layer   7: dev = CUDA0
llama_kv_cache: layer   8: dev = CUDA0
llama_kv_cache: layer   9: dev = CUDA0
llama_kv_cache: layer  10: dev = CUDA0
llama_kv_cache: layer  11: dev = CUDA0
llama_kv_cache: layer  12: dev = CUDA0
llama_kv_cache: layer  13: dev = CUDA0
llama_kv_cache: layer  14: dev = CUDA0
llama_kv_cache: layer  15: dev = CUDA0
llama_kv_cache: layer  16: dev = CUDA0
llama_kv_cache: layer  17: dev = CUDA0
llama_kv_cache: layer  18: dev = CUDA0
llama_kv_cache: layer  19: dev = CUDA0
llama_kv_cache: layer  20: dev = CUDA0
llama_kv_cache: layer  21: dev = CUDA0
llama_kv_cache: layer  22: dev = CUDA0
llama_kv_cache: layer  23: dev = CUDA0
llama_kv_cache: layer  24: dev = CUDA0
llama_kv_cache: layer  25: dev = CUDA0
llama_kv_cache: layer  26: dev = CUDA0
llama_kv_cache: layer  27: dev = CUDA0
llama_kv_cache:        CPU KV buffer size =     4.50 MiB
llama_kv_cache:      CUDA0 KV buffer size =    37.50 MiB
llama_kv_cache: size =   42.00 MiB (   768 cells,  28 layers,  1/1 seqs), K (f16):   21.00 MiB, V (f16):   21.00 MiB
llama_kv_cache: attn_rot_k = 0, n_embd_head_k_all = 128
llama_kv_cache: attn_rot_v = 0, n_embd_head_k_all = 128
llama_context: enumerating backends
llama_context: backend_ptrs.size() = 2
sched_reserve: reserving ...
sched_reserve: max_nodes = 2712
sched_reserve: reserving full memory module
sched_reserve: worst-case: n_tokens = 512, n_seqs = 1, n_outputs = 1
graph_reserve: reserving a graph for ubatch with n_tokens =    1, n_seqs =  1, n_outputs =    1
sched_reserve: Flash Attention was auto, set to enabled
sched_reserve: resolving fused Gated Delta Net support:
graph_reserve: reserving a graph for ubatch with n_tokens =    1, n_seqs =  1, n_outputs =    1
sched_reserve: fused Gated Delta Net (autoregressive) enabled
graph_reserve: reserving a graph for ubatch with n_tokens =   16, n_seqs =  1, n_outputs =   16
sched_reserve: fused Gated Delta Net (chunked) enabled
graph_reserve: reserving a graph for ubatch with n_tokens =  512, n_seqs =  1, n_outputs =  512
graph_reserve: reserving a graph for ubatch with n_tokens =    1, n_seqs =  1, n_outputs =    1
graph_reserve: reserving a graph for ubatch with n_tokens =  512, n_seqs =  1, n_outputs =  512
sched_reserve:      CUDA0 compute buffer size =   304.00 MiB
sched_reserve:  CUDA_Host compute buffer size =    14.76 MiB
sched_reserve: graph nodes  = 958
sched_reserve: graph splits = 44 (with bs=512), 2 (with bs=1)
sched_reserve: reserve took 16.96 ms, sched copies = 1
CUDA Graph id 11172 reused
ggml_backend_cuda_graph_compute: CUDA graph warmup complete
CUDA Graph id 11172 reused
CUDA Graph id 11172 reused
CUDA Graph id 11172 reused
CUDA Graph id 11172 reused
CUDA Graph id 11172 reused
CUDA Graph id 11172 reused
CUDA Graph id 11172 reused
CUDA Graph id 11172 reused
CUDA Graph id 11172 reused
CUDA Graph id 11172 reused
CUDA Graph id 11172 reused
CUDA Graph id 11172 reused
CUDA Graph id 11172 reused
CUDA Graph id 11172 reused
CUDA Graph id 11172 reused
CUDA Graph id 11172 reused
CUDA Graph id 11172 reused
CUDA Graph id 11172 reused
CUDA Graph id 11172 reused
CUDA Graph id 11172 reused
CUDA Graph id 11172 reused
CUDA Graph id 11172 reused
CUDA Graph id 11172 reused
CUDA Graph id 11172 reused
CUDA Graph id 11172 reused
CUDA Graph id 11172 reused
CUDA Graph id 11172 reused
CUDA Graph id 11172 reused
CUDA Graph id 11172 reused
CUDA Graph id 11172 reused
CUDA Graph id 11172 reused
CUDA Graph id 11172 reused
CUDA Graph id 11172 reused
CUDA Graph id 11172 reused
~llama_context:      CUDA0 compute buffer size is 304.0000 MiB, matches expectation of 304.0000 MiB
~llama_context:  CUDA_Host compute buffer size is  14.7637 MiB, matches expectation of  14.7637 MiB
llama_context: constructing llama_context
llama_context: n_seq_max     = 1
llama_context: n_ctx         = 768
llama_context: n_ctx_seq     = 768
llama_context: n_batch       = 667
llama_context: n_ubatch      = 512
llama_context: causal_attn   = 1
llama_context: flash_attn    = auto
llama_context: kv_unified    = false
llama_context: freq_base     = 1000000.0
llama_context: freq_scale    = 1
llama_context: n_rs_seq      = 0
llama_context: n_outputs_max = 667
llama_context: n_ctx_seq (768) < n_ctx_train (32768) -- the full capacity of the model will not be utilized
set_abort_callback: call
llama_context:  CUDA_Host  output buffer size =     0.58 MiB
llama_kv_cache: layer   0: dev = CPU
llama_kv_cache: layer   1: dev = CPU
llama_kv_cache: layer   2: dev = CPU
llama_kv_cache: layer   3: dev = CUDA0
llama_kv_cache: layer   4: dev = CUDA0
llama_kv_cache: layer   5: dev = CUDA0
llama_kv_cache: layer   6: dev = CUDA0
llama_kv_cache: layer   7: dev = CUDA0
llama_kv_cache: layer   8: dev = CUDA0
llama_kv_cache: layer   9: dev = CUDA0
llama_kv_cache: layer  10: dev = CUDA0
llama_kv_cache: layer  11: dev = CUDA0
llama_kv_cache: layer  12: dev = CUDA0
llama_kv_cache: layer  13: dev = CUDA0
llama_kv_cache: layer  14: dev = CUDA0
llama_kv_cache: layer  15: dev = CUDA0
llama_kv_cache: layer  16: dev = CUDA0
llama_kv_cache: layer  17: dev = CUDA0
llama_kv_cache: layer  18: dev = CUDA0
llama_kv_cache: layer  19: dev = CUDA0
llama_kv_cache: layer  20: dev = CUDA0
llama_kv_cache: layer  21: dev = CUDA0
llama_kv_cache: layer  22: dev = CUDA0
llama_kv_cache: layer  23: dev = CUDA0
llama_kv_cache: layer  24: dev = CUDA0
llama_kv_cache: layer  25: dev = CUDA0
llama_kv_cache: layer  26: dev = CUDA0
llama_kv_cache: layer  27: dev = CUDA0
llama_kv_cache:        CPU KV buffer size =     4.50 MiB
llama_kv_cache:      CUDA0 KV buffer size =    37.50 MiB
llama_kv_cache: size =   42.00 MiB (   768 cells,  28 layers,  1/1 seqs), K (f16):   21.00 MiB, V (f16):   21.00 MiB
llama_kv_cache: attn_rot_k = 0, n_embd_head_k_all = 128
llama_kv_cache: attn_rot_v = 0, n_embd_head_k_all = 128
llama_context: enumerating backends
llama_context: backend_ptrs.size() = 2
sched_reserve: reserving ...
sched_reserve: max_nodes = 2712
sched_reserve: reserving full memory module
sched_reserve: worst-case: n_tokens = 512, n_seqs = 1, n_outputs = 1
graph_reserve: reserving a graph for ubatch with n_tokens =    1, n_seqs =  1, n_outputs =    1
sched_reserve: Flash Attention was auto, set to enabled
sched_reserve: resolving fused Gated Delta Net support:
graph_reserve: reserving a graph for ubatch with n_tokens =    1, n_seqs =  1, n_outputs =    1
sched_reserve: fused Gated Delta Net (autoregressive) enabled
graph_reserve: reserving a graph for ubatch with n_tokens =   16, n_seqs =  1, n_outputs =   16
sched_reserve: fused Gated Delta Net (chunked) enabled
graph_reserve: reserving a graph for ubatch with n_tokens =  512, n_seqs =  1, n_outputs =  512
graph_reserve: reserving a graph for ubatch with n_tokens =    1, n_seqs =  1, n_outputs =    1
graph_reserve: reserving a graph for ubatch with n_tokens =  512, n_seqs =  1, n_outputs =  512
sched_reserve:      CUDA0 compute buffer size =   304.00 MiB
sched_reserve:  CUDA_Host compute buffer size =    14.76 MiB
sched_reserve: graph nodes  = 958
sched_reserve: graph splits = 44 (with bs=512), 2 (with bs=1)
sched_reserve: reserve took 13.27 ms, sched copies = 1
CUDA Graph id 11322 reused
ggml_backend_cuda_graph_compute: CUDA graph warmup complete
CUDA Graph id 11322 reused
CUDA Graph id 11322 reused
CUDA Graph id 11322 reused
CUDA Graph id 11322 reused
CUDA Graph id 11322 reused
CUDA Graph id 11322 reused
CUDA Graph id 11322 reused
CUDA Graph id 11322 reused
CUDA Graph id 11322 reused
CUDA Graph id 11322 reused
CUDA Graph id 11322 reused
CUDA Graph id 11322 reused
CUDA Graph id 11322 reused
CUDA Graph id 11322 reused
CUDA Graph id 11322 reused
CUDA Graph id 11322 reused
CUDA Graph id 11322 reused
CUDA Graph id 11322 reused
CUDA Graph id 11322 reused
CUDA Graph id 11322 reused
CUDA Graph id 11322 reused
CUDA Graph id 11322 reused
CUDA Graph id 11322 reused
CUDA Graph id 11322 reused
CUDA Graph id 11322 reused
CUDA Graph id 11322 reused
CUDA Graph id 11322 reused
CUDA Graph id 11322 reused
CUDA Graph id 11322 reused
CUDA Graph id 11322 reused
CUDA Graph id 11322 reused
CUDA Graph id 11322 reused
CUDA Graph id 11322 reused
CUDA Graph id 11322 reused
~llama_context:      CUDA0 compute buffer size is 304.0000 MiB, matches expectation of 304.0000 MiB
~llama_context:  CUDA_Host compute buffer size is  14.7637 MiB, matches expectation of  14.7637 MiB
llama_context: constructing llama_context
llama_context: n_seq_max     = 1
llama_context: n_ctx         = 768
llama_context: n_ctx_seq     = 768
llama_context: n_batch       = 667
llama_context: n_ubatch      = 512
llama_context: causal_attn   = 1
llama_context: flash_attn    = auto
llama_context: kv_unified    = false
llama_context: freq_base     = 1000000.0
llama_context: freq_scale    = 1
llama_context: n_rs_seq      = 0
llama_context: n_outputs_max = 667
llama_context: n_ctx_seq (768) < n_ctx_train (32768) -- the full capacity of the model will not be utilized
set_abort_callback: call
llama_context:  CUDA_Host  output buffer size =     0.58 MiB
llama_kv_cache: layer   0: dev = CPU
llama_kv_cache: layer   1: dev = CPU
llama_kv_cache: layer   2: dev = CPU
llama_kv_cache: layer   3: dev = CUDA0
llama_kv_cache: layer   4: dev = CUDA0
llama_kv_cache: layer   5: dev = CUDA0
llama_kv_cache: layer   6: dev = CUDA0
llama_kv_cache: layer   7: dev = CUDA0
llama_kv_cache: layer   8: dev = CUDA0
llama_kv_cache: layer   9: dev = CUDA0
llama_kv_cache: layer  10: dev = CUDA0
llama_kv_cache: layer  11: dev = CUDA0
llama_kv_cache: layer  12: dev = CUDA0
llama_kv_cache: layer  13: dev = CUDA0
llama_kv_cache: layer  14: dev = CUDA0
llama_kv_cache: layer  15: dev = CUDA0
llama_kv_cache: layer  16: dev = CUDA0
llama_kv_cache: layer  17: dev = CUDA0
llama_kv_cache: layer  18: dev = CUDA0
llama_kv_cache: layer  19: dev = CUDA0
llama_kv_cache: layer  20: dev = CUDA0
llama_kv_cache: layer  21: dev = CUDA0
llama_kv_cache: layer  22: dev = CUDA0
llama_kv_cache: layer  23: dev = CUDA0
llama_kv_cache: layer  24: dev = CUDA0
llama_kv_cache: layer  25: dev = CUDA0
llama_kv_cache: layer  26: dev = CUDA0
llama_kv_cache: layer  27: dev = CUDA0
llama_kv_cache:        CPU KV buffer size =     4.50 MiB
llama_kv_cache:      CUDA0 KV buffer size =    37.50 MiB
llama_kv_cache: size =   42.00 MiB (   768 cells,  28 layers,  1/1 seqs), K (f16):   21.00 MiB, V (f16):   21.00 MiB
llama_kv_cache: attn_rot_k = 0, n_embd_head_k_all = 128
llama_kv_cache: attn_rot_v = 0, n_embd_head_k_all = 128
llama_context: enumerating backends
llama_context: backend_ptrs.size() = 2
sched_reserve: reserving ...
sched_reserve: max_nodes = 2712
sched_reserve: reserving full memory module
sched_reserve: worst-case: n_tokens = 512, n_seqs = 1, n_outputs = 1
graph_reserve: reserving a graph for ubatch with n_tokens =    1, n_seqs =  1, n_outputs =    1
sched_reserve: Flash Attention was auto, set to enabled
sched_reserve: resolving fused Gated Delta Net support:
graph_reserve: reserving a graph for ubatch with n_tokens =    1, n_seqs =  1, n_outputs =    1
sched_reserve: fused Gated Delta Net (autoregressive) enabled
graph_reserve: reserving a graph for ubatch with n_tokens =   16, n_seqs =  1, n_outputs =   16
sched_reserve: fused Gated Delta Net (chunked) enabled
graph_reserve: reserving a graph for ubatch with n_tokens =  512, n_seqs =  1, n_outputs =  512
graph_reserve: reserving a graph for ubatch with n_tokens =    1, n_seqs =  1, n_outputs =    1
graph_reserve: reserving a graph for ubatch with n_tokens =  512, n_seqs =  1, n_outputs =  512
sched_reserve:      CUDA0 compute buffer size =   304.00 MiB
sched_reserve:  CUDA_Host compute buffer size =    14.76 MiB
sched_reserve: graph nodes  = 958
sched_reserve: graph splits = 44 (with bs=512), 2 (with bs=1)
sched_reserve: reserve took 12.54 ms, sched copies = 1
CUDA Graph id 11472 reused
ggml_backend_cuda_graph_compute: CUDA graph warmup complete
CUDA Graph id 11472 reused
CUDA Graph id 11472 reused
CUDA Graph id 11472 reused
CUDA Graph id 11472 reused
CUDA Graph id 11472 reused
CUDA Graph id 11472 reused
CUDA Graph id 11472 reused
CUDA Graph id 11472 reused
CUDA Graph id 11472 reused
CUDA Graph id 11472 reused
CUDA Graph id 11472 reused
CUDA Graph id 11472 reused
CUDA Graph id 11472 reused
CUDA Graph id 11472 reused
CUDA Graph id 11472 reused
CUDA Graph id 11472 reused
CUDA Graph id 11472 reused
CUDA Graph id 11472 reused
CUDA Graph id 11472 reused
CUDA Graph id 11472 reused
CUDA Graph id 11472 reused
CUDA Graph id 11472 reused
CUDA Graph id 11472 reused
CUDA Graph id 11472 reused
CUDA Graph id 11472 reused
CUDA Graph id 11472 reused
CUDA Graph id 11472 reused
CUDA Graph id 11472 reused
CUDA Graph id 11472 reused
CUDA Graph id 11472 reused
CUDA Graph id 11472 reused
CUDA Graph id 11472 reused
CUDA Graph id 11472 reused
CUDA Graph id 11472 reused
~llama_context:      CUDA0 compute buffer size is 304.0000 MiB, matches expectation of 304.0000 MiB
~llama_context:  CUDA_Host compute buffer size is  14.7637 MiB, matches expectation of  14.7637 MiB
llama_context: constructing llama_context
llama_context: n_seq_max     = 1
llama_context: n_ctx         = 768
llama_context: n_ctx_seq     = 768
llama_context: n_batch       = 667
llama_context: n_ubatch      = 512
llama_context: causal_attn   = 1
llama_context: flash_attn    = auto
llama_context: kv_unified    = false
llama_context: freq_base     = 1000000.0
llama_context: freq_scale    = 1
llama_context: n_rs_seq      = 0
llama_context: n_outputs_max = 667
llama_context: n_ctx_seq (768) < n_ctx_train (32768) -- the full capacity of the model will not be utilized
set_abort_callback: call
llama_context:  CUDA_Host  output buffer size =     0.58 MiB
llama_kv_cache: layer   0: dev = CPU
llama_kv_cache: layer   1: dev = CPU
llama_kv_cache: layer   2: dev = CPU
llama_kv_cache: layer   3: dev = CUDA0
llama_kv_cache: layer   4: dev = CUDA0
llama_kv_cache: layer   5: dev = CUDA0
llama_kv_cache: layer   6: dev = CUDA0
llama_kv_cache: layer   7: dev = CUDA0
llama_kv_cache: layer   8: dev = CUDA0
llama_kv_cache: layer   9: dev = CUDA0
llama_kv_cache: layer  10: dev = CUDA0
llama_kv_cache: layer  11: dev = CUDA0
llama_kv_cache: layer  12: dev = CUDA0
llama_kv_cache: layer  13: dev = CUDA0
llama_kv_cache: layer  14: dev = CUDA0
llama_kv_cache: layer  15: dev = CUDA0
llama_kv_cache: layer  16: dev = CUDA0
llama_kv_cache: layer  17: dev = CUDA0
llama_kv_cache: layer  18: dev = CUDA0
llama_kv_cache: layer  19: dev = CUDA0
llama_kv_cache: layer  20: dev = CUDA0
llama_kv_cache: layer  21: dev = CUDA0
llama_kv_cache: layer  22: dev = CUDA0
llama_kv_cache: layer  23: dev = CUDA0
llama_kv_cache: layer  24: dev = CUDA0
llama_kv_cache: layer  25: dev = CUDA0
llama_kv_cache: layer  26: dev = CUDA0
llama_kv_cache: layer  27: dev = CUDA0
llama_kv_cache:        CPU KV buffer size =     4.50 MiB
llama_kv_cache:      CUDA0 KV buffer size =    37.50 MiB
llama_kv_cache: size =   42.00 MiB (   768 cells,  28 layers,  1/1 seqs), K (f16):   21.00 MiB, V (f16):   21.00 MiB
llama_kv_cache: attn_rot_k = 0, n_embd_head_k_all = 128
llama_kv_cache: attn_rot_v = 0, n_embd_head_k_all = 128
llama_context: enumerating backends
llama_context: backend_ptrs.size() = 2
sched_reserve: reserving ...
sched_reserve: max_nodes = 2712
sched_reserve: reserving full memory module
sched_reserve: worst-case: n_tokens = 512, n_seqs = 1, n_outputs = 1
graph_reserve: reserving a graph for ubatch with n_tokens =    1, n_seqs =  1, n_outputs =    1
sched_reserve: Flash Attention was auto, set to enabled
sched_reserve: resolving fused Gated Delta Net support:
graph_reserve: reserving a graph for ubatch with n_tokens =    1, n_seqs =  1, n_outputs =    1
sched_reserve: fused Gated Delta Net (autoregressive) enabled
graph_reserve: reserving a graph for ubatch with n_tokens =   16, n_seqs =  1, n_outputs =   16
sched_reserve: fused Gated Delta Net (chunked) enabled
graph_reserve: reserving a graph for ubatch with n_tokens =  512, n_seqs =  1, n_outputs =  512
graph_reserve: reserving a graph for ubatch with n_tokens =    1, n_seqs =  1, n_outputs =    1
graph_reserve: reserving a graph for ubatch with n_tokens =  512, n_seqs =  1, n_outputs =  512
sched_reserve:      CUDA0 compute buffer size =   304.00 MiB
sched_reserve:  CUDA_Host compute buffer size =    14.76 MiB
sched_reserve: graph nodes  = 958
sched_reserve: graph splits = 44 (with bs=512), 2 (with bs=1)
sched_reserve: reserve took 10.92 ms, sched copies = 1
CUDA Graph id 11622 reused
ggml_backend_cuda_graph_compute: CUDA graph warmup complete
CUDA Graph id 11622 reused
CUDA Graph id 11622 reused
CUDA Graph id 11622 reused
CUDA Graph id 11622 reused
CUDA Graph id 11622 reused
CUDA Graph id 11622 reused
CUDA Graph id 11622 reused
CUDA Graph id 11622 reused
CUDA Graph id 11622 reused
CUDA Graph id 11622 reused
CUDA Graph id 11622 reused
CUDA Graph id 11622 reused
CUDA Graph id 11622 reused
CUDA Graph id 11622 reused
CUDA Graph id 11622 reused
CUDA Graph id 11622 reused
CUDA Graph id 11622 reused
CUDA Graph id 11622 reused
CUDA Graph id 11622 reused
CUDA Graph id 11622 reused
CUDA Graph id 11622 reused
CUDA Graph id 11622 reused
CUDA Graph id 11622 reused
CUDA Graph id 11622 reused
CUDA Graph id 11622 reused
CUDA Graph id 11622 reused
CUDA Graph id 11622 reused
CUDA Graph id 11622 reused
CUDA Graph id 11622 reused
CUDA Graph id 11622 reused
CUDA Graph id 11622 reused
CUDA Graph id 11622 reused
~llama_context:      CUDA0 compute buffer size is 304.0000 MiB, matches expectation of 304.0000 MiB
~llama_context:  CUDA_Host compute buffer size is  14.7637 MiB, matches expectation of  14.7637 MiB
llama_context: constructing llama_context
llama_context: n_seq_max     = 1
llama_context: n_ctx         = 768
llama_context: n_ctx_seq     = 768
llama_context: n_batch       = 667
llama_context: n_ubatch      = 512
llama_context: causal_attn   = 1
llama_context: flash_attn    = auto
llama_context: kv_unified    = false
llama_context: freq_base     = 1000000.0
llama_context: freq_scale    = 1
llama_context: n_rs_seq      = 0
llama_context: n_outputs_max = 667
llama_context: n_ctx_seq (768) < n_ctx_train (32768) -- the full capacity of the model will not be utilized
set_abort_callback: call
llama_context:  CUDA_Host  output buffer size =     0.58 MiB
llama_kv_cache: layer   0: dev = CPU
llama_kv_cache: layer   1: dev = CPU
llama_kv_cache: layer   2: dev = CPU
llama_kv_cache: layer   3: dev = CUDA0
llama_kv_cache: layer   4: dev = CUDA0
llama_kv_cache: layer   5: dev = CUDA0
llama_kv_cache: layer   6: dev = CUDA0
llama_kv_cache: layer   7: dev = CUDA0
llama_kv_cache: layer   8: dev = CUDA0
llama_kv_cache: layer   9: dev = CUDA0
llama_kv_cache: layer  10: dev = CUDA0
llama_kv_cache: layer  11: dev = CUDA0
llama_kv_cache: layer  12: dev = CUDA0
llama_kv_cache: layer  13: dev = CUDA0
llama_kv_cache: layer  14: dev = CUDA0
llama_kv_cache: layer  15: dev = CUDA0
llama_kv_cache: layer  16: dev = CUDA0
llama_kv_cache: layer  17: dev = CUDA0
llama_kv_cache: layer  18: dev = CUDA0
llama_kv_cache: layer  19: dev = CUDA0
llama_kv_cache: layer  20: dev = CUDA0
llama_kv_cache: layer  21: dev = CUDA0
llama_kv_cache: layer  22: dev = CUDA0
llama_kv_cache: layer  23: dev = CUDA0
llama_kv_cache: layer  24: dev = CUDA0
llama_kv_cache: layer  25: dev = CUDA0
llama_kv_cache: layer  26: dev = CUDA0
llama_kv_cache: layer  27: dev = CUDA0
llama_kv_cache:        CPU KV buffer size =     4.50 MiB
llama_kv_cache:      CUDA0 KV buffer size =    37.50 MiB
llama_kv_cache: size =   42.00 MiB (   768 cells,  28 layers,  1/1 seqs), K (f16):   21.00 MiB, V (f16):   21.00 MiB
llama_kv_cache: attn_rot_k = 0, n_embd_head_k_all = 128
llama_kv_cache: attn_rot_v = 0, n_embd_head_k_all = 128
llama_context: enumerating backends
llama_context: backend_ptrs.size() = 2
sched_reserve: reserving ...
sched_reserve: max_nodes = 2712
sched_reserve: reserving full memory module
sched_reserve: worst-case: n_tokens = 512, n_seqs = 1, n_outputs = 1
graph_reserve: reserving a graph for ubatch with n_tokens =    1, n_seqs =  1, n_outputs =    1
sched_reserve: Flash Attention was auto, set to enabled
sched_reserve: resolving fused Gated Delta Net support:
graph_reserve: reserving a graph for ubatch with n_tokens =    1, n_seqs =  1, n_outputs =    1
sched_reserve: fused Gated Delta Net (autoregressive) enabled
graph_reserve: reserving a graph for ubatch with n_tokens =   16, n_seqs =  1, n_outputs =   16
sched_reserve: fused Gated Delta Net (chunked) enabled
graph_reserve: reserving a graph for ubatch with n_tokens =  512, n_seqs =  1, n_outputs =  512
graph_reserve: reserving a graph for ubatch with n_tokens =    1, n_seqs =  1, n_outputs =    1
graph_reserve: reserving a graph for ubatch with n_tokens =  512, n_seqs =  1, n_outputs =  512
sched_reserve:      CUDA0 compute buffer size =   304.00 MiB
sched_reserve:  CUDA_Host compute buffer size =    14.76 MiB
sched_reserve: graph nodes  = 958
sched_reserve: graph splits = 44 (with bs=512), 2 (with bs=1)
sched_reserve: reserve took 10.88 ms, sched copies = 1
CUDA Graph id 11772 reused
ggml_backend_cuda_graph_compute: CUDA graph warmup complete
CUDA Graph id 11772 reused
CUDA Graph id 11772 reused
CUDA Graph id 11772 reused
CUDA Graph id 11772 reused
CUDA Graph id 11772 reused
CUDA Graph id 11772 reused
CUDA Graph id 11772 reused
CUDA Graph id 11772 reused
CUDA Graph id 11772 reused
CUDA Graph id 11772 reused
CUDA Graph id 11772 reused
CUDA Graph id 11772 reused
CUDA Graph id 11772 reused
CUDA Graph id 11772 reused
CUDA Graph id 11772 reused
CUDA Graph id 11772 reused
CUDA Graph id 11772 reused
CUDA Graph id 11772 reused
~llama_context:      CUDA0 compute buffer size is 304.0000 MiB, matches expectation of 304.0000 MiB
~llama_context:  CUDA_Host compute buffer size is  14.7637 MiB, matches expectation of  14.7637 MiB
schema 188/200 done
llama_context: constructing llama_context
llama_context: n_seq_max     = 1
llama_context: n_ctx         = 768
llama_context: n_ctx_seq     = 768
llama_context: n_batch       = 637
llama_context: n_ubatch      = 512
llama_context: causal_attn   = 1
llama_context: flash_attn    = auto
llama_context: kv_unified    = false
llama_context: freq_base     = 1000000.0
llama_context: freq_scale    = 1
llama_context: n_rs_seq      = 0
llama_context: n_outputs_max = 637
llama_context: n_ctx_seq (768) < n_ctx_train (32768) -- the full capacity of the model will not be utilized
set_abort_callback: call
llama_context:  CUDA_Host  output buffer size =     0.58 MiB
llama_kv_cache: layer   0: dev = CPU
llama_kv_cache: layer   1: dev = CPU
llama_kv_cache: layer   2: dev = CPU
llama_kv_cache: layer   3: dev = CUDA0
llama_kv_cache: layer   4: dev = CUDA0
llama_kv_cache: layer   5: dev = CUDA0
llama_kv_cache: layer   6: dev = CUDA0
llama_kv_cache: layer   7: dev = CUDA0
llama_kv_cache: layer   8: dev = CUDA0
llama_kv_cache: layer   9: dev = CUDA0
llama_kv_cache: layer  10: dev = CUDA0
llama_kv_cache: layer  11: dev = CUDA0
llama_kv_cache: layer  12: dev = CUDA0
llama_kv_cache: layer  13: dev = CUDA0
llama_kv_cache: layer  14: dev = CUDA0
llama_kv_cache: layer  15: dev = CUDA0
llama_kv_cache: layer  16: dev = CUDA0
llama_kv_cache: layer  17: dev = CUDA0
llama_kv_cache: layer  18: dev = CUDA0
llama_kv_cache: layer  19: dev = CUDA0
llama_kv_cache: layer  20: dev = CUDA0
llama_kv_cache: layer  21: dev = CUDA0
llama_kv_cache: layer  22: dev = CUDA0
llama_kv_cache: layer  23: dev = CUDA0
llama_kv_cache: layer  24: dev = CUDA0
llama_kv_cache: layer  25: dev = CUDA0
llama_kv_cache: layer  26: dev = CUDA0
llama_kv_cache: layer  27: dev = CUDA0
llama_kv_cache:        CPU KV buffer size =     4.50 MiB
llama_kv_cache:      CUDA0 KV buffer size =    37.50 MiB
llama_kv_cache: size =   42.00 MiB (   768 cells,  28 layers,  1/1 seqs), K (f16):   21.00 MiB, V (f16):   21.00 MiB
llama_kv_cache: attn_rot_k = 0, n_embd_head_k_all = 128
llama_kv_cache: attn_rot_v = 0, n_embd_head_k_all = 128
llama_context: enumerating backends
llama_context: backend_ptrs.size() = 2
sched_reserve: reserving ...
sched_reserve: max_nodes = 2712
sched_reserve: reserving full memory module
sched_reserve: worst-case: n_tokens = 512, n_seqs = 1, n_outputs = 1
graph_reserve: reserving a graph for ubatch with n_tokens =    1, n_seqs =  1, n_outputs =    1
sched_reserve: Flash Attention was auto, set to enabled
sched_reserve: resolving fused Gated Delta Net support:
graph_reserve: reserving a graph for ubatch with n_tokens =    1, n_seqs =  1, n_outputs =    1
sched_reserve: fused Gated Delta Net (autoregressive) enabled
graph_reserve: reserving a graph for ubatch with n_tokens =   16, n_seqs =  1, n_outputs =   16
sched_reserve: fused Gated Delta Net (chunked) enabled
graph_reserve: reserving a graph for ubatch with n_tokens =  512, n_seqs =  1, n_outputs =  512
graph_reserve: reserving a graph for ubatch with n_tokens =    1, n_seqs =  1, n_outputs =    1
graph_reserve: reserving a graph for ubatch with n_tokens =  512, n_seqs =  1, n_outputs =  512
sched_reserve:      CUDA0 compute buffer size =   304.00 MiB
sched_reserve:  CUDA_Host compute buffer size =    14.76 MiB
sched_reserve: graph nodes  = 958
sched_reserve: graph splits = 44 (with bs=512), 2 (with bs=1)
sched_reserve: reserve took 12.73 ms, sched copies = 1
CUDA Graph id 11922 reused
ggml_backend_cuda_graph_compute: CUDA graph warmup complete
CUDA Graph id 11922 reused
CUDA Graph id 11922 reused
CUDA Graph id 11922 reused
CUDA Graph id 11922 reused
CUDA Graph id 11922 reused
CUDA Graph id 11922 reused
CUDA Graph id 11922 reused
CUDA Graph id 11922 reused
CUDA Graph id 11922 reused
CUDA Graph id 11922 reused
CUDA Graph id 11922 reused
CUDA Graph id 11922 reused
CUDA Graph id 11922 reused
CUDA Graph id 11922 reused
CUDA Graph id 11922 reused
CUDA Graph id 11922 reused
CUDA Graph id 11922 reused
CUDA Graph id 11922 reused
CUDA Graph id 11922 reused
CUDA Graph id 11922 reused
CUDA Graph id 11922 reused
CUDA Graph id 11922 reused
CUDA Graph id 11922 reused
CUDA Graph id 11922 reused
CUDA Graph id 11922 reused
CUDA Graph id 11922 reused
CUDA Graph id 11922 reused
CUDA Graph id 11922 reused
CUDA Graph id 11922 reused
CUDA Graph id 11922 reused
CUDA Graph id 11922 reused
CUDA Graph id 11922 reused
CUDA Graph id 11922 reused
CUDA Graph id 11922 reused
CUDA Graph id 11922 reused
CUDA Graph id 11922 reused
CUDA Graph id 11922 reused
CUDA Graph id 11922 reused
CUDA Graph id 11922 reused
CUDA Graph id 11922 reused
CUDA Graph id 11922 reused
CUDA Graph id 11922 reused
CUDA Graph id 11922 reused
~llama_context:      CUDA0 compute buffer size is 304.0000 MiB, matches expectation of 304.0000 MiB
~llama_context:  CUDA_Host compute buffer size is  14.7637 MiB, matches expectation of  14.7637 MiB
llama_context: constructing llama_context
llama_context: n_seq_max     = 1
llama_context: n_ctx         = 768
llama_context: n_ctx_seq     = 768
llama_context: n_batch       = 637
llama_context: n_ubatch      = 512
llama_context: causal_attn   = 1
llama_context: flash_attn    = auto
llama_context: kv_unified    = false
llama_context: freq_base     = 1000000.0
llama_context: freq_scale    = 1
llama_context: n_rs_seq      = 0
llama_context: n_outputs_max = 637
llama_context: n_ctx_seq (768) < n_ctx_train (32768) -- the full capacity of the model will not be utilized
set_abort_callback: call
llama_context:  CUDA_Host  output buffer size =     0.58 MiB
llama_kv_cache: layer   0: dev = CPU
llama_kv_cache: layer   1: dev = CPU
llama_kv_cache: layer   2: dev = CPU
llama_kv_cache: layer   3: dev = CUDA0
llama_kv_cache: layer   4: dev = CUDA0
llama_kv_cache: layer   5: dev = CUDA0
llama_kv_cache: layer   6: dev = CUDA0
llama_kv_cache: layer   7: dev = CUDA0
llama_kv_cache: layer   8: dev = CUDA0
llama_kv_cache: layer   9: dev = CUDA0
llama_kv_cache: layer  10: dev = CUDA0
llama_kv_cache: layer  11: dev = CUDA0
llama_kv_cache: layer  12: dev = CUDA0
llama_kv_cache: layer  13: dev = CUDA0
llama_kv_cache: layer  14: dev = CUDA0
llama_kv_cache: layer  15: dev = CUDA0
llama_kv_cache: layer  16: dev = CUDA0
llama_kv_cache: layer  17: dev = CUDA0
llama_kv_cache: layer  18: dev = CUDA0
llama_kv_cache: layer  19: dev = CUDA0
llama_kv_cache: layer  20: dev = CUDA0
llama_kv_cache: layer  21: dev = CUDA0
llama_kv_cache: layer  22: dev = CUDA0
llama_kv_cache: layer  23: dev = CUDA0
llama_kv_cache: layer  24: dev = CUDA0
llama_kv_cache: layer  25: dev = CUDA0
llama_kv_cache: layer  26: dev = CUDA0
llama_kv_cache: layer  27: dev = CUDA0
llama_kv_cache:        CPU KV buffer size =     4.50 MiB
llama_kv_cache:      CUDA0 KV buffer size =    37.50 MiB
llama_kv_cache: size =   42.00 MiB (   768 cells,  28 layers,  1/1 seqs), K (f16):   21.00 MiB, V (f16):   21.00 MiB
llama_kv_cache: attn_rot_k = 0, n_embd_head_k_all = 128
llama_kv_cache: attn_rot_v = 0, n_embd_head_k_all = 128
llama_context: enumerating backends
llama_context: backend_ptrs.size() = 2
sched_reserve: reserving ...
sched_reserve: max_nodes = 2712
sched_reserve: reserving full memory module
sched_reserve: worst-case: n_tokens = 512, n_seqs = 1, n_outputs = 1
graph_reserve: reserving a graph for ubatch with n_tokens =    1, n_seqs =  1, n_outputs =    1
sched_reserve: Flash Attention was auto, set to enabled
sched_reserve: resolving fused Gated Delta Net support:
graph_reserve: reserving a graph for ubatch with n_tokens =    1, n_seqs =  1, n_outputs =    1
sched_reserve: fused Gated Delta Net (autoregressive) enabled
graph_reserve: reserving a graph for ubatch with n_tokens =   16, n_seqs =  1, n_outputs =   16
sched_reserve: fused Gated Delta Net (chunked) enabled
graph_reserve: reserving a graph for ubatch with n_tokens =  512, n_seqs =  1, n_outputs =  512
graph_reserve: reserving a graph for ubatch with n_tokens =    1, n_seqs =  1, n_outputs =    1
graph_reserve: reserving a graph for ubatch with n_tokens =  512, n_seqs =  1, n_outputs =  512
sched_reserve:      CUDA0 compute buffer size =   304.00 MiB
sched_reserve:  CUDA_Host compute buffer size =    14.76 MiB
sched_reserve: graph nodes  = 958
sched_reserve: graph splits = 44 (with bs=512), 2 (with bs=1)
sched_reserve: reserve took 10.54 ms, sched copies = 1
CUDA Graph id 12072 reused
ggml_backend_cuda_graph_compute: CUDA graph warmup complete
CUDA Graph id 12072 reused
CUDA Graph id 12072 reused
CUDA Graph id 12072 reused
CUDA Graph id 12072 reused
CUDA Graph id 12072 reused
CUDA Graph id 12072 reused
CUDA Graph id 12072 reused
CUDA Graph id 12072 reused
CUDA Graph id 12072 reused
CUDA Graph id 12072 reused
CUDA Graph id 12072 reused
CUDA Graph id 12072 reused
CUDA Graph id 12072 reused
CUDA Graph id 12072 reused
CUDA Graph id 12072 reused
CUDA Graph id 12072 reused
CUDA Graph id 12072 reused
CUDA Graph id 12072 reused
CUDA Graph id 12072 reused
CUDA Graph id 12072 reused
CUDA Graph id 12072 reused
CUDA Graph id 12072 reused
CUDA Graph id 12072 reused
CUDA Graph id 12072 reused
CUDA Graph id 12072 reused
CUDA Graph id 12072 reused
CUDA Graph id 12072 reused
CUDA Graph id 12072 reused
CUDA Graph id 12072 reused
CUDA Graph id 12072 reused
CUDA Graph id 12072 reused
CUDA Graph id 12072 reused
CUDA Graph id 12072 reused
CUDA Graph id 12072 reused
CUDA Graph id 12072 reused
CUDA Graph id 12072 reused
CUDA Graph id 12072 reused
CUDA Graph id 12072 reused
CUDA Graph id 12072 reused
CUDA Graph id 12072 reused
CUDA Graph id 12072 reused
CUDA Graph id 12072 reused
CUDA Graph id 12072 reused
~llama_context:      CUDA0 compute buffer size is 304.0000 MiB, matches expectation of 304.0000 MiB
~llama_context:  CUDA_Host compute buffer size is  14.7637 MiB, matches expectation of  14.7637 MiB
llama_context: constructing llama_context
llama_context: n_seq_max     = 1
llama_context: n_ctx         = 768
llama_context: n_ctx_seq     = 768
llama_context: n_batch       = 637
llama_context: n_ubatch      = 512
llama_context: causal_attn   = 1
llama_context: flash_attn    = auto
llama_context: kv_unified    = false
llama_context: freq_base     = 1000000.0
llama_context: freq_scale    = 1
llama_context: n_rs_seq      = 0
llama_context: n_outputs_max = 637
llama_context: n_ctx_seq (768) < n_ctx_train (32768) -- the full capacity of the model will not be utilized
set_abort_callback: call
llama_context:  CUDA_Host  output buffer size =     0.58 MiB
llama_kv_cache: layer   0: dev = CPU
llama_kv_cache: layer   1: dev = CPU
llama_kv_cache: layer   2: dev = CPU
llama_kv_cache: layer   3: dev = CUDA0
llama_kv_cache: layer   4: dev = CUDA0
llama_kv_cache: layer   5: dev = CUDA0
llama_kv_cache: layer   6: dev = CUDA0
llama_kv_cache: layer   7: dev = CUDA0
llama_kv_cache: layer   8: dev = CUDA0
llama_kv_cache: layer   9: dev = CUDA0
llama_kv_cache: layer  10: dev = CUDA0
llama_kv_cache: layer  11: dev = CUDA0
llama_kv_cache: layer  12: dev = CUDA0
llama_kv_cache: layer  13: dev = CUDA0
llama_kv_cache: layer  14: dev = CUDA0
llama_kv_cache: layer  15: dev = CUDA0
llama_kv_cache: layer  16: dev = CUDA0
llama_kv_cache: layer  17: dev = CUDA0
llama_kv_cache: layer  18: dev = CUDA0
llama_kv_cache: layer  19: dev = CUDA0
llama_kv_cache: layer  20: dev = CUDA0
llama_kv_cache: layer  21: dev = CUDA0
llama_kv_cache: layer  22: dev = CUDA0
llama_kv_cache: layer  23: dev = CUDA0
llama_kv_cache: layer  24: dev = CUDA0
llama_kv_cache: layer  25: dev = CUDA0
llama_kv_cache: layer  26: dev = CUDA0
llama_kv_cache: layer  27: dev = CUDA0
llama_kv_cache:        CPU KV buffer size =     4.50 MiB
llama_kv_cache:      CUDA0 KV buffer size =    37.50 MiB
llama_kv_cache: size =   42.00 MiB (   768 cells,  28 layers,  1/1 seqs), K (f16):   21.00 MiB, V (f16):   21.00 MiB
llama_kv_cache: attn_rot_k = 0, n_embd_head_k_all = 128
llama_kv_cache: attn_rot_v = 0, n_embd_head_k_all = 128
llama_context: enumerating backends
llama_context: backend_ptrs.size() = 2
sched_reserve: reserving ...
sched_reserve: max_nodes = 2712
sched_reserve: reserving full memory module
sched_reserve: worst-case: n_tokens = 512, n_seqs = 1, n_outputs = 1
graph_reserve: reserving a graph for ubatch with n_tokens =    1, n_seqs =  1, n_outputs =    1
sched_reserve: Flash Attention was auto, set to enabled
sched_reserve: resolving fused Gated Delta Net support:
graph_reserve: reserving a graph for ubatch with n_tokens =    1, n_seqs =  1, n_outputs =    1
sched_reserve: fused Gated Delta Net (autoregressive) enabled
graph_reserve: reserving a graph for ubatch with n_tokens =   16, n_seqs =  1, n_outputs =   16
sched_reserve: fused Gated Delta Net (chunked) enabled
graph_reserve: reserving a graph for ubatch with n_tokens =  512, n_seqs =  1, n_outputs =  512
graph_reserve: reserving a graph for ubatch with n_tokens =    1, n_seqs =  1, n_outputs =    1
graph_reserve: reserving a graph for ubatch with n_tokens =  512, n_seqs =  1, n_outputs =  512
sched_reserve:      CUDA0 compute buffer size =   304.00 MiB
sched_reserve:  CUDA_Host compute buffer size =    14.76 MiB
sched_reserve: graph nodes  = 958
sched_reserve: graph splits = 44 (with bs=512), 2 (with bs=1)
sched_reserve: reserve took 15.28 ms, sched copies = 1
CUDA Graph id 12222 reused
ggml_backend_cuda_graph_compute: CUDA graph warmup complete
CUDA Graph id 12222 reused
CUDA Graph id 12222 reused
CUDA Graph id 12222 reused
CUDA Graph id 12222 reused
CUDA Graph id 12222 reused
CUDA Graph id 12222 reused
CUDA Graph id 12222 reused
CUDA Graph id 12222 reused
CUDA Graph id 12222 reused
CUDA Graph id 12222 reused
CUDA Graph id 12222 reused
CUDA Graph id 12222 reused
CUDA Graph id 12222 reused
CUDA Graph id 12222 reused
CUDA Graph id 12222 reused
CUDA Graph id 12222 reused
CUDA Graph id 12222 reused
CUDA Graph id 12222 reused
CUDA Graph id 12222 reused
CUDA Graph id 12222 reused
CUDA Graph id 12222 reused
~llama_context:      CUDA0 compute buffer size is 304.0000 MiB, matches expectation of 304.0000 MiB
~llama_context:  CUDA_Host compute buffer size is  14.7637 MiB, matches expectation of  14.7637 MiB
llama_context: constructing llama_context
llama_context: n_seq_max     = 1
llama_context: n_ctx         = 768
llama_context: n_ctx_seq     = 768
llama_context: n_batch       = 637
llama_context: n_ubatch      = 512
llama_context: causal_attn   = 1
llama_context: flash_attn    = auto
llama_context: kv_unified    = false
llama_context: freq_base     = 1000000.0
llama_context: freq_scale    = 1
llama_context: n_rs_seq      = 0
llama_context: n_outputs_max = 637
llama_context: n_ctx_seq (768) < n_ctx_train (32768) -- the full capacity of the model will not be utilized
set_abort_callback: call
llama_context:  CUDA_Host  output buffer size =     0.58 MiB
llama_kv_cache: layer   0: dev = CPU
llama_kv_cache: layer   1: dev = CPU
llama_kv_cache: layer   2: dev = CPU
llama_kv_cache: layer   3: dev = CUDA0
llama_kv_cache: layer   4: dev = CUDA0
llama_kv_cache: layer   5: dev = CUDA0
llama_kv_cache: layer   6: dev = CUDA0
llama_kv_cache: layer   7: dev = CUDA0
llama_kv_cache: layer   8: dev = CUDA0
llama_kv_cache: layer   9: dev = CUDA0
llama_kv_cache: layer  10: dev = CUDA0
llama_kv_cache: layer  11: dev = CUDA0
llama_kv_cache: layer  12: dev = CUDA0
llama_kv_cache: layer  13: dev = CUDA0
llama_kv_cache: layer  14: dev = CUDA0
llama_kv_cache: layer  15: dev = CUDA0
llama_kv_cache: layer  16: dev = CUDA0
llama_kv_cache: layer  17: dev = CUDA0
llama_kv_cache: layer  18: dev = CUDA0
llama_kv_cache: layer  19: dev = CUDA0
llama_kv_cache: layer  20: dev = CUDA0
llama_kv_cache: layer  21: dev = CUDA0
llama_kv_cache: layer  22: dev = CUDA0
llama_kv_cache: layer  23: dev = CUDA0
llama_kv_cache: layer  24: dev = CUDA0
llama_kv_cache: layer  25: dev = CUDA0
llama_kv_cache: layer  26: dev = CUDA0
llama_kv_cache: layer  27: dev = CUDA0
llama_kv_cache:        CPU KV buffer size =     4.50 MiB
llama_kv_cache:      CUDA0 KV buffer size =    37.50 MiB
llama_kv_cache: size =   42.00 MiB (   768 cells,  28 layers,  1/1 seqs), K (f16):   21.00 MiB, V (f16):   21.00 MiB
llama_kv_cache: attn_rot_k = 0, n_embd_head_k_all = 128
llama_kv_cache: attn_rot_v = 0, n_embd_head_k_all = 128
llama_context: enumerating backends
llama_context: backend_ptrs.size() = 2
sched_reserve: reserving ...
sched_reserve: max_nodes = 2712
sched_reserve: reserving full memory module
sched_reserve: worst-case: n_tokens = 512, n_seqs = 1, n_outputs = 1
graph_reserve: reserving a graph for ubatch with n_tokens =    1, n_seqs =  1, n_outputs =    1
sched_reserve: Flash Attention was auto, set to enabled
sched_reserve: resolving fused Gated Delta Net support:
graph_reserve: reserving a graph for ubatch with n_tokens =    1, n_seqs =  1, n_outputs =    1
sched_reserve: fused Gated Delta Net (autoregressive) enabled
graph_reserve: reserving a graph for ubatch with n_tokens =   16, n_seqs =  1, n_outputs =   16
sched_reserve: fused Gated Delta Net (chunked) enabled
graph_reserve: reserving a graph for ubatch with n_tokens =  512, n_seqs =  1, n_outputs =  512
graph_reserve: reserving a graph for ubatch with n_tokens =    1, n_seqs =  1, n_outputs =    1
graph_reserve: reserving a graph for ubatch with n_tokens =  512, n_seqs =  1, n_outputs =  512
sched_reserve:      CUDA0 compute buffer size =   304.00 MiB
sched_reserve:  CUDA_Host compute buffer size =    14.76 MiB
sched_reserve: graph nodes  = 958
sched_reserve: graph splits = 44 (with bs=512), 2 (with bs=1)
sched_reserve: reserve took 11.13 ms, sched copies = 1
CUDA Graph id 12372 reused
ggml_backend_cuda_graph_compute: CUDA graph warmup complete
CUDA Graph id 12372 reused
CUDA Graph id 12372 reused
CUDA Graph id 12372 reused
CUDA Graph id 12372 reused
CUDA Graph id 12372 reused
CUDA Graph id 12372 reused
CUDA Graph id 12372 reused
CUDA Graph id 12372 reused
CUDA Graph id 12372 reused
CUDA Graph id 12372 reused
CUDA Graph id 12372 reused
CUDA Graph id 12372 reused
CUDA Graph id 12372 reused
CUDA Graph id 12372 reused
CUDA Graph id 12372 reused
CUDA Graph id 12372 reused
CUDA Graph id 12372 reused
CUDA Graph id 12372 reused
CUDA Graph id 12372 reused
CUDA Graph id 12372 reused
CUDA Graph id 12372 reused
CUDA Graph id 12372 reused
CUDA Graph id 12372 reused
CUDA Graph id 12372 reused
CUDA Graph id 12372 reused
CUDA Graph id 12372 reused
CUDA Graph id 12372 reused
CUDA Graph id 12372 reused
CUDA Graph id 12372 reused
CUDA Graph id 12372 reused
CUDA Graph id 12372 reused
CUDA Graph id 12372 reused
CUDA Graph id 12372 reused
CUDA Graph id 12372 reused
CUDA Graph id 12372 reused
CUDA Graph id 12372 reused
CUDA Graph id 12372 reused
CUDA Graph id 12372 reused
CUDA Graph id 12372 reused
CUDA Graph id 12372 reused
CUDA Graph id 12372 reused
CUDA Graph id 12372 reused
CUDA Graph id 12372 reused
~llama_context:      CUDA0 compute buffer size is 304.0000 MiB, matches expectation of 304.0000 MiB
~llama_context:  CUDA_Host compute buffer size is  14.7637 MiB, matches expectation of  14.7637 MiB
llama_context: constructing llama_context
llama_context: n_seq_max     = 1
llama_context: n_ctx         = 768
llama_context: n_ctx_seq     = 768
llama_context: n_batch       = 637
llama_context: n_ubatch      = 512
llama_context: causal_attn   = 1
llama_context: flash_attn    = auto
llama_context: kv_unified    = false
llama_context: freq_base     = 1000000.0
llama_context: freq_scale    = 1
llama_context: n_rs_seq      = 0
llama_context: n_outputs_max = 637
llama_context: n_ctx_seq (768) < n_ctx_train (32768) -- the full capacity of the model will not be utilized
set_abort_callback: call
llama_context:  CUDA_Host  output buffer size =     0.58 MiB
llama_kv_cache: layer   0: dev = CPU
llama_kv_cache: layer   1: dev = CPU
llama_kv_cache: layer   2: dev = CPU
llama_kv_cache: layer   3: dev = CUDA0
llama_kv_cache: layer   4: dev = CUDA0
llama_kv_cache: layer   5: dev = CUDA0
llama_kv_cache: layer   6: dev = CUDA0
llama_kv_cache: layer   7: dev = CUDA0
llama_kv_cache: layer   8: dev = CUDA0
llama_kv_cache: layer   9: dev = CUDA0
llama_kv_cache: layer  10: dev = CUDA0
llama_kv_cache: layer  11: dev = CUDA0
llama_kv_cache: layer  12: dev = CUDA0
llama_kv_cache: layer  13: dev = CUDA0
llama_kv_cache: layer  14: dev = CUDA0
llama_kv_cache: layer  15: dev = CUDA0
llama_kv_cache: layer  16: dev = CUDA0
llama_kv_cache: layer  17: dev = CUDA0
llama_kv_cache: layer  18: dev = CUDA0
llama_kv_cache: layer  19: dev = CUDA0
llama_kv_cache: layer  20: dev = CUDA0
llama_kv_cache: layer  21: dev = CUDA0
llama_kv_cache: layer  22: dev = CUDA0
llama_kv_cache: layer  23: dev = CUDA0
llama_kv_cache: layer  24: dev = CUDA0
llama_kv_cache: layer  25: dev = CUDA0
llama_kv_cache: layer  26: dev = CUDA0
llama_kv_cache: layer  27: dev = CUDA0
llama_kv_cache:        CPU KV buffer size =     4.50 MiB
llama_kv_cache:      CUDA0 KV buffer size =    37.50 MiB
llama_kv_cache: size =   42.00 MiB (   768 cells,  28 layers,  1/1 seqs), K (f16):   21.00 MiB, V (f16):   21.00 MiB
llama_kv_cache: attn_rot_k = 0, n_embd_head_k_all = 128
llama_kv_cache: attn_rot_v = 0, n_embd_head_k_all = 128
llama_context: enumerating backends
llama_context: backend_ptrs.size() = 2
sched_reserve: reserving ...
sched_reserve: max_nodes = 2712
sched_reserve: reserving full memory module
sched_reserve: worst-case: n_tokens = 512, n_seqs = 1, n_outputs = 1
graph_reserve: reserving a graph for ubatch with n_tokens =    1, n_seqs =  1, n_outputs =    1
sched_reserve: Flash Attention was auto, set to enabled
sched_reserve: resolving fused Gated Delta Net support:
graph_reserve: reserving a graph for ubatch with n_tokens =    1, n_seqs =  1, n_outputs =    1
sched_reserve: fused Gated Delta Net (autoregressive) enabled
graph_reserve: reserving a graph for ubatch with n_tokens =   16, n_seqs =  1, n_outputs =   16
sched_reserve: fused Gated Delta Net (chunked) enabled
graph_reserve: reserving a graph for ubatch with n_tokens =  512, n_seqs =  1, n_outputs =  512
graph_reserve: reserving a graph for ubatch with n_tokens =    1, n_seqs =  1, n_outputs =    1
graph_reserve: reserving a graph for ubatch with n_tokens =  512, n_seqs =  1, n_outputs =  512
sched_reserve:      CUDA0 compute buffer size =   304.00 MiB
sched_reserve:  CUDA_Host compute buffer size =    14.76 MiB
sched_reserve: graph nodes  = 958
sched_reserve: graph splits = 44 (with bs=512), 2 (with bs=1)
sched_reserve: reserve took 10.73 ms, sched copies = 1
CUDA Graph id 12522 reused
ggml_backend_cuda_graph_compute: CUDA graph warmup complete
CUDA Graph id 12522 reused
CUDA Graph id 12522 reused
CUDA Graph id 12522 reused
CUDA Graph id 12522 reused
CUDA Graph id 12522 reused
CUDA Graph id 12522 reused
CUDA Graph id 12522 reused
~llama_context:      CUDA0 compute buffer size is 304.0000 MiB, matches expectation of 304.0000 MiB
~llama_context:  CUDA_Host compute buffer size is  14.7637 MiB, matches expectation of  14.7637 MiB
llama_context: constructing llama_context
llama_context: n_seq_max     = 1
llama_context: n_ctx         = 768
llama_context: n_ctx_seq     = 768
llama_context: n_batch       = 637
llama_context: n_ubatch      = 512
llama_context: causal_attn   = 1
llama_context: flash_attn    = auto
llama_context: kv_unified    = false
llama_context: freq_base     = 1000000.0
llama_context: freq_scale    = 1
llama_context: n_rs_seq      = 0
llama_context: n_outputs_max = 637
llama_context: n_ctx_seq (768) < n_ctx_train (32768) -- the full capacity of the model will not be utilized
set_abort_callback: call
llama_context:  CUDA_Host  output buffer size =     0.58 MiB
llama_kv_cache: layer   0: dev = CPU
llama_kv_cache: layer   1: dev = CPU
llama_kv_cache: layer   2: dev = CPU
llama_kv_cache: layer   3: dev = CUDA0
llama_kv_cache: layer   4: dev = CUDA0
llama_kv_cache: layer   5: dev = CUDA0
llama_kv_cache: layer   6: dev = CUDA0
llama_kv_cache: layer   7: dev = CUDA0
llama_kv_cache: layer   8: dev = CUDA0
llama_kv_cache: layer   9: dev = CUDA0
llama_kv_cache: layer  10: dev = CUDA0
llama_kv_cache: layer  11: dev = CUDA0
llama_kv_cache: layer  12: dev = CUDA0
llama_kv_cache: layer  13: dev = CUDA0
llama_kv_cache: layer  14: dev = CUDA0
llama_kv_cache: layer  15: dev = CUDA0
llama_kv_cache: layer  16: dev = CUDA0
llama_kv_cache: layer  17: dev = CUDA0
llama_kv_cache: layer  18: dev = CUDA0
llama_kv_cache: layer  19: dev = CUDA0
llama_kv_cache: layer  20: dev = CUDA0
llama_kv_cache: layer  21: dev = CUDA0
llama_kv_cache: layer  22: dev = CUDA0
llama_kv_cache: layer  23: dev = CUDA0
llama_kv_cache: layer  24: dev = CUDA0
llama_kv_cache: layer  25: dev = CUDA0
llama_kv_cache: layer  26: dev = CUDA0
llama_kv_cache: layer  27: dev = CUDA0
llama_kv_cache:        CPU KV buffer size =     4.50 MiB
llama_kv_cache:      CUDA0 KV buffer size =    37.50 MiB
llama_kv_cache: size =   42.00 MiB (   768 cells,  28 layers,  1/1 seqs), K (f16):   21.00 MiB, V (f16):   21.00 MiB
llama_kv_cache: attn_rot_k = 0, n_embd_head_k_all = 128
llama_kv_cache: attn_rot_v = 0, n_embd_head_k_all = 128
llama_context: enumerating backends
llama_context: backend_ptrs.size() = 2
sched_reserve: reserving ...
sched_reserve: max_nodes = 2712
sched_reserve: reserving full memory module
sched_reserve: worst-case: n_tokens = 512, n_seqs = 1, n_outputs = 1
graph_reserve: reserving a graph for ubatch with n_tokens =    1, n_seqs =  1, n_outputs =    1
sched_reserve: Flash Attention was auto, set to enabled
sched_reserve: resolving fused Gated Delta Net support:
graph_reserve: reserving a graph for ubatch with n_tokens =    1, n_seqs =  1, n_outputs =    1
sched_reserve: fused Gated Delta Net (autoregressive) enabled
graph_reserve: reserving a graph for ubatch with n_tokens =   16, n_seqs =  1, n_outputs =   16
sched_reserve: fused Gated Delta Net (chunked) enabled
graph_reserve: reserving a graph for ubatch with n_tokens =  512, n_seqs =  1, n_outputs =  512
graph_reserve: reserving a graph for ubatch with n_tokens =    1, n_seqs =  1, n_outputs =    1
graph_reserve: reserving a graph for ubatch with n_tokens =  512, n_seqs =  1, n_outputs =  512
sched_reserve:      CUDA0 compute buffer size =   304.00 MiB
sched_reserve:  CUDA_Host compute buffer size =    14.76 MiB
sched_reserve: graph nodes  = 958
sched_reserve: graph splits = 44 (with bs=512), 2 (with bs=1)
sched_reserve: reserve took 10.74 ms, sched copies = 1
CUDA Graph id 12672 reused
ggml_backend_cuda_graph_compute: CUDA graph warmup complete
CUDA Graph id 12672 reused
CUDA Graph id 12672 reused
CUDA Graph id 12672 reused
CUDA Graph id 12672 reused
CUDA Graph id 12672 reused
CUDA Graph id 12672 reused
CUDA Graph id 12672 reused
CUDA Graph id 12672 reused
CUDA Graph id 12672 reused
CUDA Graph id 12672 reused
CUDA Graph id 12672 reused
CUDA Graph id 12672 reused
CUDA Graph id 12672 reused
CUDA Graph id 12672 reused
CUDA Graph id 12672 reused
CUDA Graph id 12672 reused
CUDA Graph id 12672 reused
CUDA Graph id 12672 reused
CUDA Graph id 12672 reused
CUDA Graph id 12672 reused
CUDA Graph id 12672 reused
CUDA Graph id 12672 reused
CUDA Graph id 12672 reused
CUDA Graph id 12672 reused
CUDA Graph id 12672 reused
CUDA Graph id 12672 reused
CUDA Graph id 12672 reused
CUDA Graph id 12672 reused
CUDA Graph id 12672 reused
CUDA Graph id 12672 reused
CUDA Graph id 12672 reused
CUDA Graph id 12672 reused
CUDA Graph id 12672 reused
CUDA Graph id 12672 reused
CUDA Graph id 12672 reused
CUDA Graph id 12672 reused
CUDA Graph id 12672 reused
CUDA Graph id 12672 reused
CUDA Graph id 12672 reused
CUDA Graph id 12672 reused
CUDA Graph id 12672 reused
CUDA Graph id 12672 reused
CUDA Graph id 12672 reused
CUDA Graph id 12672 reused
CUDA Graph id 12672 reused
CUDA Graph id 12672 reused
CUDA Graph id 12672 reused
CUDA Graph id 12672 reused
CUDA Graph id 12672 reused
CUDA Graph id 12672 reused
CUDA Graph id 12672 reused
CUDA Graph id 12672 reused
CUDA Graph id 12672 reused
CUDA Graph id 12672 reused
~llama_context:      CUDA0 compute buffer size is 304.0000 MiB, matches expectation of 304.0000 MiB
~llama_context:  CUDA_Host compute buffer size is  14.7637 MiB, matches expectation of  14.7637 MiB
schema 189/200 done
llama_context: constructing llama_context
llama_context: n_seq_max     = 1
llama_context: n_ctx         = 1024
llama_context: n_ctx_seq     = 1024
llama_context: n_batch       = 812
llama_context: n_ubatch      = 512
llama_context: causal_attn   = 1
llama_context: flash_attn    = auto
llama_context: kv_unified    = false
llama_context: freq_base     = 1000000.0
llama_context: freq_scale    = 1
llama_context: n_rs_seq      = 0
llama_context: n_outputs_max = 812
llama_context: n_ctx_seq (1024) < n_ctx_train (32768) -- the full capacity of the model will not be utilized
set_abort_callback: call
llama_context:  CUDA_Host  output buffer size =     0.58 MiB
llama_kv_cache: layer   0: dev = CPU
llama_kv_cache: layer   1: dev = CPU
llama_kv_cache: layer   2: dev = CPU
llama_kv_cache: layer   3: dev = CUDA0
llama_kv_cache: layer   4: dev = CUDA0
llama_kv_cache: layer   5: dev = CUDA0
llama_kv_cache: layer   6: dev = CUDA0
llama_kv_cache: layer   7: dev = CUDA0
llama_kv_cache: layer   8: dev = CUDA0
llama_kv_cache: layer   9: dev = CUDA0
llama_kv_cache: layer  10: dev = CUDA0
llama_kv_cache: layer  11: dev = CUDA0
llama_kv_cache: layer  12: dev = CUDA0
llama_kv_cache: layer  13: dev = CUDA0
llama_kv_cache: layer  14: dev = CUDA0
llama_kv_cache: layer  15: dev = CUDA0
llama_kv_cache: layer  16: dev = CUDA0
llama_kv_cache: layer  17: dev = CUDA0
llama_kv_cache: layer  18: dev = CUDA0
llama_kv_cache: layer  19: dev = CUDA0
llama_kv_cache: layer  20: dev = CUDA0
llama_kv_cache: layer  21: dev = CUDA0
llama_kv_cache: layer  22: dev = CUDA0
llama_kv_cache: layer  23: dev = CUDA0
llama_kv_cache: layer  24: dev = CUDA0
llama_kv_cache: layer  25: dev = CUDA0
llama_kv_cache: layer  26: dev = CUDA0
llama_kv_cache: layer  27: dev = CUDA0
llama_kv_cache:        CPU KV buffer size =     6.00 MiB
llama_kv_cache:      CUDA0 KV buffer size =    50.00 MiB
llama_kv_cache: size =   56.00 MiB (  1024 cells,  28 layers,  1/1 seqs), K (f16):   28.00 MiB, V (f16):   28.00 MiB
llama_kv_cache: attn_rot_k = 0, n_embd_head_k_all = 128
llama_kv_cache: attn_rot_v = 0, n_embd_head_k_all = 128
llama_context: enumerating backends
llama_context: backend_ptrs.size() = 2
sched_reserve: reserving ...
sched_reserve: max_nodes = 2712
sched_reserve: reserving full memory module
sched_reserve: worst-case: n_tokens = 512, n_seqs = 1, n_outputs = 1
graph_reserve: reserving a graph for ubatch with n_tokens =    1, n_seqs =  1, n_outputs =    1
sched_reserve: Flash Attention was auto, set to enabled
sched_reserve: resolving fused Gated Delta Net support:
graph_reserve: reserving a graph for ubatch with n_tokens =    1, n_seqs =  1, n_outputs =    1
sched_reserve: fused Gated Delta Net (autoregressive) enabled
graph_reserve: reserving a graph for ubatch with n_tokens =   16, n_seqs =  1, n_outputs =   16
sched_reserve: fused Gated Delta Net (chunked) enabled
graph_reserve: reserving a graph for ubatch with n_tokens =  512, n_seqs =  1, n_outputs =  512
graph_reserve: reserving a graph for ubatch with n_tokens =    1, n_seqs =  1, n_outputs =    1
graph_reserve: reserving a graph for ubatch with n_tokens =  512, n_seqs =  1, n_outputs =  512
sched_reserve:      CUDA0 compute buffer size =   304.00 MiB
sched_reserve:  CUDA_Host compute buffer size =    15.01 MiB
sched_reserve: graph nodes  = 958
sched_reserve: graph splits = 44 (with bs=512), 2 (with bs=1)
sched_reserve: reserve took 10.81 ms, sched copies = 1
CUDA Graph id 12822 reused
ggml_backend_cuda_graph_compute: CUDA graph warmup complete
CUDA Graph id 12822 reused
CUDA Graph id 12822 reused
CUDA Graph id 12822 reused
CUDA Graph id 12822 reused
CUDA Graph id 12822 reused
CUDA Graph id 12822 reused
CUDA Graph id 12822 reused
CUDA Graph id 12822 reused
CUDA Graph id 12822 reused
CUDA Graph id 12822 reused
CUDA Graph id 12822 reused
CUDA Graph id 12822 reused
CUDA Graph id 12822 reused
CUDA Graph id 12822 reused
CUDA Graph id 12822 reused
CUDA Graph id 12822 reused
CUDA Graph id 12822 reused
CUDA Graph id 12822 reused
CUDA Graph id 12822 reused
CUDA Graph id 12822 reused
CUDA Graph id 12822 reused
CUDA Graph id 12822 reused
CUDA Graph id 12822 reused
CUDA Graph id 12822 reused
CUDA Graph id 12822 reused
CUDA Graph id 12822 reused
CUDA Graph id 12822 reused
CUDA Graph id 12822 reused
CUDA Graph id 12822 reused
CUDA Graph id 12822 reused
CUDA Graph id 12822 reused
CUDA Graph id 12822 reused
CUDA Graph id 12822 reused
CUDA Graph id 12822 reused
CUDA Graph id 12822 reused
CUDA Graph id 12822 reused
CUDA Graph id 12822 reused
CUDA Graph id 12822 reused
CUDA Graph id 12822 reused
CUDA Graph id 12822 reused
CUDA Graph id 12822 reused
CUDA Graph id 12822 reused
CUDA Graph id 12822 reused
CUDA Graph id 12822 reused
CUDA Graph id 12822 reused
CUDA Graph id 12822 reused
CUDA Graph id 12822 reused
CUDA Graph id 12822 reused
CUDA Graph id 12822 reused
CUDA Graph id 12822 reused
CUDA Graph id 12822 reused
CUDA Graph id 12822 reused
CUDA Graph id 12822 reused
~llama_context:      CUDA0 compute buffer size is 304.0000 MiB, matches expectation of 304.0000 MiB
~llama_context:  CUDA_Host compute buffer size is  15.0137 MiB, matches expectation of  15.0137 MiB
llama_context: constructing llama_context
llama_context: n_seq_max     = 1
llama_context: n_ctx         = 1024
llama_context: n_ctx_seq     = 1024
llama_context: n_batch       = 812
llama_context: n_ubatch      = 512
llama_context: causal_attn   = 1
llama_context: flash_attn    = auto
llama_context: kv_unified    = false
llama_context: freq_base     = 1000000.0
llama_context: freq_scale    = 1
llama_context: n_rs_seq      = 0
llama_context: n_outputs_max = 812
llama_context: n_ctx_seq (1024) < n_ctx_train (32768) -- the full capacity of the model will not be utilized
set_abort_callback: call
llama_context:  CUDA_Host  output buffer size =     0.58 MiB
llama_kv_cache: layer   0: dev = CPU
llama_kv_cache: layer   1: dev = CPU
llama_kv_cache: layer   2: dev = CPU
llama_kv_cache: layer   3: dev = CUDA0
llama_kv_cache: layer   4: dev = CUDA0
llama_kv_cache: layer   5: dev = CUDA0
llama_kv_cache: layer   6: dev = CUDA0
llama_kv_cache: layer   7: dev = CUDA0
llama_kv_cache: layer   8: dev = CUDA0
llama_kv_cache: layer   9: dev = CUDA0
llama_kv_cache: layer  10: dev = CUDA0
llama_kv_cache: layer  11: dev = CUDA0
llama_kv_cache: layer  12: dev = CUDA0
llama_kv_cache: layer  13: dev = CUDA0
llama_kv_cache: layer  14: dev = CUDA0
llama_kv_cache: layer  15: dev = CUDA0
llama_kv_cache: layer  16: dev = CUDA0
llama_kv_cache: layer  17: dev = CUDA0
llama_kv_cache: layer  18: dev = CUDA0
llama_kv_cache: layer  19: dev = CUDA0
llama_kv_cache: layer  20: dev = CUDA0
llama_kv_cache: layer  21: dev = CUDA0
llama_kv_cache: layer  22: dev = CUDA0
llama_kv_cache: layer  23: dev = CUDA0
llama_kv_cache: layer  24: dev = CUDA0
llama_kv_cache: layer  25: dev = CUDA0
llama_kv_cache: layer  26: dev = CUDA0
llama_kv_cache: layer  27: dev = CUDA0
llama_kv_cache:        CPU KV buffer size =     6.00 MiB
llama_kv_cache:      CUDA0 KV buffer size =    50.00 MiB
llama_kv_cache: size =   56.00 MiB (  1024 cells,  28 layers,  1/1 seqs), K (f16):   28.00 MiB, V (f16):   28.00 MiB
llama_kv_cache: attn_rot_k = 0, n_embd_head_k_all = 128
llama_kv_cache: attn_rot_v = 0, n_embd_head_k_all = 128
llama_context: enumerating backends
llama_context: backend_ptrs.size() = 2
sched_reserve: reserving ...
sched_reserve: max_nodes = 2712
sched_reserve: reserving full memory module
sched_reserve: worst-case: n_tokens = 512, n_seqs = 1, n_outputs = 1
graph_reserve: reserving a graph for ubatch with n_tokens =    1, n_seqs =  1, n_outputs =    1
sched_reserve: Flash Attention was auto, set to enabled
sched_reserve: resolving fused Gated Delta Net support:
graph_reserve: reserving a graph for ubatch with n_tokens =    1, n_seqs =  1, n_outputs =    1
sched_reserve: fused Gated Delta Net (autoregressive) enabled
graph_reserve: reserving a graph for ubatch with n_tokens =   16, n_seqs =  1, n_outputs =   16
sched_reserve: fused Gated Delta Net (chunked) enabled
graph_reserve: reserving a graph for ubatch with n_tokens =  512, n_seqs =  1, n_outputs =  512
graph_reserve: reserving a graph for ubatch with n_tokens =    1, n_seqs =  1, n_outputs =    1
graph_reserve: reserving a graph for ubatch with n_tokens =  512, n_seqs =  1, n_outputs =  512
sched_reserve:      CUDA0 compute buffer size =   304.00 MiB
sched_reserve:  CUDA_Host compute buffer size =    15.01 MiB
sched_reserve: graph nodes  = 958
sched_reserve: graph splits = 44 (with bs=512), 2 (with bs=1)
sched_reserve: reserve took 10.81 ms, sched copies = 1
CUDA Graph id 12972 reused
ggml_backend_cuda_graph_compute: CUDA graph warmup complete
CUDA Graph id 12972 reused
CUDA Graph id 12972 reused
CUDA Graph id 12972 reused
CUDA Graph id 12972 reused
CUDA Graph id 12972 reused
CUDA Graph id 12972 reused
CUDA Graph id 12972 reused
CUDA Graph id 12972 reused
CUDA Graph id 12972 reused
CUDA Graph id 12972 reused
CUDA Graph id 12972 reused
CUDA Graph id 12972 reused
CUDA Graph id 12972 reused
CUDA Graph id 12972 reused
CUDA Graph id 12972 reused
CUDA Graph id 12972 reused
CUDA Graph id 12972 reused
CUDA Graph id 12972 reused
CUDA Graph id 12972 reused
CUDA Graph id 12972 reused
CUDA Graph id 12972 reused
CUDA Graph id 12972 reused
CUDA Graph id 12972 reused
CUDA Graph id 12972 reused
CUDA Graph id 12972 reused
CUDA Graph id 12972 reused
CUDA Graph id 12972 reused
CUDA Graph id 12972 reused
CUDA Graph id 12972 reused
CUDA Graph id 12972 reused
CUDA Graph id 12972 reused
CUDA Graph id 12972 reused
CUDA Graph id 12972 reused
CUDA Graph id 12972 reused
CUDA Graph id 12972 reused
CUDA Graph id 12972 reused
CUDA Graph id 12972 reused
CUDA Graph id 12972 reused
CUDA Graph id 12972 reused
CUDA Graph id 12972 reused
CUDA Graph id 12972 reused
CUDA Graph id 12972 reused
CUDA Graph id 12972 reused
CUDA Graph id 12972 reused
CUDA Graph id 12972 reused
CUDA Graph id 12972 reused
CUDA Graph id 12972 reused
CUDA Graph id 12972 reused
CUDA Graph id 12972 reused
CUDA Graph id 12972 reused
CUDA Graph id 12972 reused
CUDA Graph id 12972 reused
CUDA Graph id 12972 reused
~llama_context:      CUDA0 compute buffer size is 304.0000 MiB, matches expectation of 304.0000 MiB
~llama_context:  CUDA_Host compute buffer size is  15.0137 MiB, matches expectation of  15.0137 MiB
llama_context: constructing llama_context
llama_context: n_seq_max     = 1
llama_context: n_ctx         = 1024
llama_context: n_ctx_seq     = 1024
llama_context: n_batch       = 812
llama_context: n_ubatch      = 512
llama_context: causal_attn   = 1
llama_context: flash_attn    = auto
llama_context: kv_unified    = false
llama_context: freq_base     = 1000000.0
llama_context: freq_scale    = 1
llama_context: n_rs_seq      = 0
llama_context: n_outputs_max = 812
llama_context: n_ctx_seq (1024) < n_ctx_train (32768) -- the full capacity of the model will not be utilized
set_abort_callback: call
llama_context:  CUDA_Host  output buffer size =     0.58 MiB
llama_kv_cache: layer   0: dev = CPU
llama_kv_cache: layer   1: dev = CPU
llama_kv_cache: layer   2: dev = CPU
llama_kv_cache: layer   3: dev = CUDA0
llama_kv_cache: layer   4: dev = CUDA0
llama_kv_cache: layer   5: dev = CUDA0
llama_kv_cache: layer   6: dev = CUDA0
llama_kv_cache: layer   7: dev = CUDA0
llama_kv_cache: layer   8: dev = CUDA0
llama_kv_cache: layer   9: dev = CUDA0
llama_kv_cache: layer  10: dev = CUDA0
llama_kv_cache: layer  11: dev = CUDA0
llama_kv_cache: layer  12: dev = CUDA0
llama_kv_cache: layer  13: dev = CUDA0
llama_kv_cache: layer  14: dev = CUDA0
llama_kv_cache: layer  15: dev = CUDA0
llama_kv_cache: layer  16: dev = CUDA0
llama_kv_cache: layer  17: dev = CUDA0
llama_kv_cache: layer  18: dev = CUDA0
llama_kv_cache: layer  19: dev = CUDA0
llama_kv_cache: layer  20: dev = CUDA0
llama_kv_cache: layer  21: dev = CUDA0
llama_kv_cache: layer  22: dev = CUDA0
llama_kv_cache: layer  23: dev = CUDA0
llama_kv_cache: layer  24: dev = CUDA0
llama_kv_cache: layer  25: dev = CUDA0
llama_kv_cache: layer  26: dev = CUDA0
llama_kv_cache: layer  27: dev = CUDA0
llama_kv_cache:        CPU KV buffer size =     6.00 MiB
llama_kv_cache:      CUDA0 KV buffer size =    50.00 MiB
llama_kv_cache: size =   56.00 MiB (  1024 cells,  28 layers,  1/1 seqs), K (f16):   28.00 MiB, V (f16):   28.00 MiB
llama_kv_cache: attn_rot_k = 0, n_embd_head_k_all = 128
llama_kv_cache: attn_rot_v = 0, n_embd_head_k_all = 128
llama_context: enumerating backends
llama_context: backend_ptrs.size() = 2
sched_reserve: reserving ...
sched_reserve: max_nodes = 2712
sched_reserve: reserving full memory module
sched_reserve: worst-case: n_tokens = 512, n_seqs = 1, n_outputs = 1
graph_reserve: reserving a graph for ubatch with n_tokens =    1, n_seqs =  1, n_outputs =    1
sched_reserve: Flash Attention was auto, set to enabled
sched_reserve: resolving fused Gated Delta Net support:
graph_reserve: reserving a graph for ubatch with n_tokens =    1, n_seqs =  1, n_outputs =    1
sched_reserve: fused Gated Delta Net (autoregressive) enabled
graph_reserve: reserving a graph for ubatch with n_tokens =   16, n_seqs =  1, n_outputs =   16
sched_reserve: fused Gated Delta Net (chunked) enabled
graph_reserve: reserving a graph for ubatch with n_tokens =  512, n_seqs =  1, n_outputs =  512
graph_reserve: reserving a graph for ubatch with n_tokens =    1, n_seqs =  1, n_outputs =    1
graph_reserve: reserving a graph for ubatch with n_tokens =  512, n_seqs =  1, n_outputs =  512
sched_reserve:      CUDA0 compute buffer size =   304.00 MiB
sched_reserve:  CUDA_Host compute buffer size =    15.01 MiB
sched_reserve: graph nodes  = 958
sched_reserve: graph splits = 44 (with bs=512), 2 (with bs=1)
sched_reserve: reserve took 10.69 ms, sched copies = 1
CUDA Graph id 13122 reused
ggml_backend_cuda_graph_compute: CUDA graph warmup complete
CUDA Graph id 13122 reused
CUDA Graph id 13122 reused
CUDA Graph id 13122 reused
CUDA Graph id 13122 reused
CUDA Graph id 13122 reused
CUDA Graph id 13122 reused
CUDA Graph id 13122 reused
CUDA Graph id 13122 reused
CUDA Graph id 13122 reused
CUDA Graph id 13122 reused
CUDA Graph id 13122 reused
CUDA Graph id 13122 reused
CUDA Graph id 13122 reused
CUDA Graph id 13122 reused
CUDA Graph id 13122 reused
CUDA Graph id 13122 reused
CUDA Graph id 13122 reused
CUDA Graph id 13122 reused
CUDA Graph id 13122 reused
CUDA Graph id 13122 reused
CUDA Graph id 13122 reused
CUDA Graph id 13122 reused
CUDA Graph id 13122 reused
CUDA Graph id 13122 reused
CUDA Graph id 13122 reused
CUDA Graph id 13122 reused
CUDA Graph id 13122 reused
CUDA Graph id 13122 reused
CUDA Graph id 13122 reused
CUDA Graph id 13122 reused
CUDA Graph id 13122 reused
CUDA Graph id 13122 reused
CUDA Graph id 13122 reused
CUDA Graph id 13122 reused
CUDA Graph id 13122 reused
CUDA Graph id 13122 reused
CUDA Graph id 13122 reused
CUDA Graph id 13122 reused
CUDA Graph id 13122 reused
CUDA Graph id 13122 reused
CUDA Graph id 13122 reused
CUDA Graph id 13122 reused
CUDA Graph id 13122 reused
CUDA Graph id 13122 reused
CUDA Graph id 13122 reused
CUDA Graph id 13122 reused
~llama_context:      CUDA0 compute buffer size is 304.0000 MiB, matches expectation of 304.0000 MiB
~llama_context:  CUDA_Host compute buffer size is  15.0137 MiB, matches expectation of  15.0137 MiB
llama_context: constructing llama_context
llama_context: n_seq_max     = 1
llama_context: n_ctx         = 1024
llama_context: n_ctx_seq     = 1024
llama_context: n_batch       = 812
llama_context: n_ubatch      = 512
llama_context: causal_attn   = 1
llama_context: flash_attn    = auto
llama_context: kv_unified    = false
llama_context: freq_base     = 1000000.0
llama_context: freq_scale    = 1
llama_context: n_rs_seq      = 0
llama_context: n_outputs_max = 812
llama_context: n_ctx_seq (1024) < n_ctx_train (32768) -- the full capacity of the model will not be utilized
set_abort_callback: call
llama_context:  CUDA_Host  output buffer size =     0.58 MiB
llama_kv_cache: layer   0: dev = CPU
llama_kv_cache: layer   1: dev = CPU
llama_kv_cache: layer   2: dev = CPU
llama_kv_cache: layer   3: dev = CUDA0
llama_kv_cache: layer   4: dev = CUDA0
llama_kv_cache: layer   5: dev = CUDA0
llama_kv_cache: layer   6: dev = CUDA0
llama_kv_cache: layer   7: dev = CUDA0
llama_kv_cache: layer   8: dev = CUDA0
llama_kv_cache: layer   9: dev = CUDA0
llama_kv_cache: layer  10: dev = CUDA0
llama_kv_cache: layer  11: dev = CUDA0
llama_kv_cache: layer  12: dev = CUDA0
llama_kv_cache: layer  13: dev = CUDA0
llama_kv_cache: layer  14: dev = CUDA0
llama_kv_cache: layer  15: dev = CUDA0
llama_kv_cache: layer  16: dev = CUDA0
llama_kv_cache: layer  17: dev = CUDA0
llama_kv_cache: layer  18: dev = CUDA0
llama_kv_cache: layer  19: dev = CUDA0
llama_kv_cache: layer  20: dev = CUDA0
llama_kv_cache: layer  21: dev = CUDA0
llama_kv_cache: layer  22: dev = CUDA0
llama_kv_cache: layer  23: dev = CUDA0
llama_kv_cache: layer  24: dev = CUDA0
llama_kv_cache: layer  25: dev = CUDA0
llama_kv_cache: layer  26: dev = CUDA0
llama_kv_cache: layer  27: dev = CUDA0
llama_kv_cache:        CPU KV buffer size =     6.00 MiB
llama_kv_cache:      CUDA0 KV buffer size =    50.00 MiB
llama_kv_cache: size =   56.00 MiB (  1024 cells,  28 layers,  1/1 seqs), K (f16):   28.00 MiB, V (f16):   28.00 MiB
llama_kv_cache: attn_rot_k = 0, n_embd_head_k_all = 128
llama_kv_cache: attn_rot_v = 0, n_embd_head_k_all = 128
llama_context: enumerating backends
llama_context: backend_ptrs.size() = 2
sched_reserve: reserving ...
sched_reserve: max_nodes = 2712
sched_reserve: reserving full memory module
sched_reserve: worst-case: n_tokens = 512, n_seqs = 1, n_outputs = 1
graph_reserve: reserving a graph for ubatch with n_tokens =    1, n_seqs =  1, n_outputs =    1
sched_reserve: Flash Attention was auto, set to enabled
sched_reserve: resolving fused Gated Delta Net support:
graph_reserve: reserving a graph for ubatch with n_tokens =    1, n_seqs =  1, n_outputs =    1
sched_reserve: fused Gated Delta Net (autoregressive) enabled
graph_reserve: reserving a graph for ubatch with n_tokens =   16, n_seqs =  1, n_outputs =   16
sched_reserve: fused Gated Delta Net (chunked) enabled
graph_reserve: reserving a graph for ubatch with n_tokens =  512, n_seqs =  1, n_outputs =  512
graph_reserve: reserving a graph for ubatch with n_tokens =    1, n_seqs =  1, n_outputs =    1
graph_reserve: reserving a graph for ubatch with n_tokens =  512, n_seqs =  1, n_outputs =  512
sched_reserve:      CUDA0 compute buffer size =   304.00 MiB
sched_reserve:  CUDA_Host compute buffer size =    15.01 MiB
sched_reserve: graph nodes  = 958
sched_reserve: graph splits = 44 (with bs=512), 2 (with bs=1)
sched_reserve: reserve took 10.71 ms, sched copies = 1
CUDA Graph id 13272 reused
ggml_backend_cuda_graph_compute: CUDA graph warmup complete
CUDA Graph id 13272 reused
CUDA Graph id 13272 reused
CUDA Graph id 13272 reused
CUDA Graph id 13272 reused
CUDA Graph id 13272 reused
CUDA Graph id 13272 reused
CUDA Graph id 13272 reused
CUDA Graph id 13272 reused
CUDA Graph id 13272 reused
CUDA Graph id 13272 reused
CUDA Graph id 13272 reused
CUDA Graph id 13272 reused
CUDA Graph id 13272 reused
CUDA Graph id 13272 reused
CUDA Graph id 13272 reused
CUDA Graph id 13272 reused
CUDA Graph id 13272 reused
CUDA Graph id 13272 reused
CUDA Graph id 13272 reused
CUDA Graph id 13272 reused
CUDA Graph id 13272 reused
CUDA Graph id 13272 reused
CUDA Graph id 13272 reused
CUDA Graph id 13272 reused
CUDA Graph id 13272 reused
CUDA Graph id 13272 reused
CUDA Graph id 13272 reused
CUDA Graph id 13272 reused
CUDA Graph id 13272 reused
CUDA Graph id 13272 reused
CUDA Graph id 13272 reused
CUDA Graph id 13272 reused
CUDA Graph id 13272 reused
CUDA Graph id 13272 reused
CUDA Graph id 13272 reused
CUDA Graph id 13272 reused
CUDA Graph id 13272 reused
CUDA Graph id 13272 reused
CUDA Graph id 13272 reused
CUDA Graph id 13272 reused
CUDA Graph id 13272 reused
CUDA Graph id 13272 reused
CUDA Graph id 13272 reused
CUDA Graph id 13272 reused
CUDA Graph id 13272 reused
CUDA Graph id 13272 reused
CUDA Graph id 13272 reused
CUDA Graph id 13272 reused
CUDA Graph id 13272 reused
CUDA Graph id 13272 reused
CUDA Graph id 13272 reused
CUDA Graph id 13272 reused
CUDA Graph id 13272 reused
~llama_context:      CUDA0 compute buffer size is 304.0000 MiB, matches expectation of 304.0000 MiB
~llama_context:  CUDA_Host compute buffer size is  15.0137 MiB, matches expectation of  15.0137 MiB
llama_context: constructing llama_context
llama_context: n_seq_max     = 1
llama_context: n_ctx         = 1024
llama_context: n_ctx_seq     = 1024
llama_context: n_batch       = 812
llama_context: n_ubatch      = 512
llama_context: causal_attn   = 1
llama_context: flash_attn    = auto
llama_context: kv_unified    = false
llama_context: freq_base     = 1000000.0
llama_context: freq_scale    = 1
llama_context: n_rs_seq      = 0
llama_context: n_outputs_max = 812
llama_context: n_ctx_seq (1024) < n_ctx_train (32768) -- the full capacity of the model will not be utilized
set_abort_callback: call
llama_context:  CUDA_Host  output buffer size =     0.58 MiB
llama_kv_cache: layer   0: dev = CPU
llama_kv_cache: layer   1: dev = CPU
llama_kv_cache: layer   2: dev = CPU
llama_kv_cache: layer   3: dev = CUDA0
llama_kv_cache: layer   4: dev = CUDA0
llama_kv_cache: layer   5: dev = CUDA0
llama_kv_cache: layer   6: dev = CUDA0
llama_kv_cache: layer   7: dev = CUDA0
llama_kv_cache: layer   8: dev = CUDA0
llama_kv_cache: layer   9: dev = CUDA0
llama_kv_cache: layer  10: dev = CUDA0
llama_kv_cache: layer  11: dev = CUDA0
llama_kv_cache: layer  12: dev = CUDA0
llama_kv_cache: layer  13: dev = CUDA0
llama_kv_cache: layer  14: dev = CUDA0
llama_kv_cache: layer  15: dev = CUDA0
llama_kv_cache: layer  16: dev = CUDA0
llama_kv_cache: layer  17: dev = CUDA0
llama_kv_cache: layer  18: dev = CUDA0
llama_kv_cache: layer  19: dev = CUDA0
llama_kv_cache: layer  20: dev = CUDA0
llama_kv_cache: layer  21: dev = CUDA0
llama_kv_cache: layer  22: dev = CUDA0
llama_kv_cache: layer  23: dev = CUDA0
llama_kv_cache: layer  24: dev = CUDA0
llama_kv_cache: layer  25: dev = CUDA0
llama_kv_cache: layer  26: dev = CUDA0
llama_kv_cache: layer  27: dev = CUDA0
llama_kv_cache:        CPU KV buffer size =     6.00 MiB
llama_kv_cache:      CUDA0 KV buffer size =    50.00 MiB
llama_kv_cache: size =   56.00 MiB (  1024 cells,  28 layers,  1/1 seqs), K (f16):   28.00 MiB, V (f16):   28.00 MiB
llama_kv_cache: attn_rot_k = 0, n_embd_head_k_all = 128
llama_kv_cache: attn_rot_v = 0, n_embd_head_k_all = 128
llama_context: enumerating backends
llama_context: backend_ptrs.size() = 2
sched_reserve: reserving ...
sched_reserve: max_nodes = 2712
sched_reserve: reserving full memory module
sched_reserve: worst-case: n_tokens = 512, n_seqs = 1, n_outputs = 1
graph_reserve: reserving a graph for ubatch with n_tokens =    1, n_seqs =  1, n_outputs =    1
sched_reserve: Flash Attention was auto, set to enabled
sched_reserve: resolving fused Gated Delta Net support:
graph_reserve: reserving a graph for ubatch with n_tokens =    1, n_seqs =  1, n_outputs =    1
sched_reserve: fused Gated Delta Net (autoregressive) enabled
graph_reserve: reserving a graph for ubatch with n_tokens =   16, n_seqs =  1, n_outputs =   16
sched_reserve: fused Gated Delta Net (chunked) enabled
graph_reserve: reserving a graph for ubatch with n_tokens =  512, n_seqs =  1, n_outputs =  512
graph_reserve: reserving a graph for ubatch with n_tokens =    1, n_seqs =  1, n_outputs =    1
graph_reserve: reserving a graph for ubatch with n_tokens =  512, n_seqs =  1, n_outputs =  512
sched_reserve:      CUDA0 compute buffer size =   304.00 MiB
sched_reserve:  CUDA_Host compute buffer size =    15.01 MiB
sched_reserve: graph nodes  = 958
sched_reserve: graph splits = 44 (with bs=512), 2 (with bs=1)
sched_reserve: reserve took 11.33 ms, sched copies = 1
CUDA Graph id 13422 reused
ggml_backend_cuda_graph_compute: CUDA graph warmup complete
CUDA Graph id 13422 reused
CUDA Graph id 13422 reused
CUDA Graph id 13422 reused
CUDA Graph id 13422 reused
CUDA Graph id 13422 reused
CUDA Graph id 13422 reused
CUDA Graph id 13422 reused
CUDA Graph id 13422 reused
CUDA Graph id 13422 reused
CUDA Graph id 13422 reused
CUDA Graph id 13422 reused
CUDA Graph id 13422 reused
CUDA Graph id 13422 reused
CUDA Graph id 13422 reused
CUDA Graph id 13422 reused
CUDA Graph id 13422 reused
CUDA Graph id 13422 reused
CUDA Graph id 13422 reused
CUDA Graph id 13422 reused
CUDA Graph id 13422 reused
CUDA Graph id 13422 reused
CUDA Graph id 13422 reused
CUDA Graph id 13422 reused
CUDA Graph id 13422 reused
CUDA Graph id 13422 reused
CUDA Graph id 13422 reused
CUDA Graph id 13422 reused
CUDA Graph id 13422 reused
CUDA Graph id 13422 reused
CUDA Graph id 13422 reused
CUDA Graph id 13422 reused
CUDA Graph id 13422 reused
CUDA Graph id 13422 reused
CUDA Graph id 13422 reused
CUDA Graph id 13422 reused
CUDA Graph id 13422 reused
CUDA Graph id 13422 reused
CUDA Graph id 13422 reused
CUDA Graph id 13422 reused
CUDA Graph id 13422 reused
CUDA Graph id 13422 reused
CUDA Graph id 13422 reused
CUDA Graph id 13422 reused
CUDA Graph id 13422 reused
CUDA Graph id 13422 reused
CUDA Graph id 13422 reused
CUDA Graph id 13422 reused
CUDA Graph id 13422 reused
CUDA Graph id 13422 reused
~llama_context:      CUDA0 compute buffer size is 304.0000 MiB, matches expectation of 304.0000 MiB
~llama_context:  CUDA_Host compute buffer size is  15.0137 MiB, matches expectation of  15.0137 MiB
llama_context: constructing llama_context
llama_context: n_seq_max     = 1
llama_context: n_ctx         = 1024
llama_context: n_ctx_seq     = 1024
llama_context: n_batch       = 812
llama_context: n_ubatch      = 512
llama_context: causal_attn   = 1
llama_context: flash_attn    = auto
llama_context: kv_unified    = false
llama_context: freq_base     = 1000000.0
llama_context: freq_scale    = 1
llama_context: n_rs_seq      = 0
llama_context: n_outputs_max = 812
llama_context: n_ctx_seq (1024) < n_ctx_train (32768) -- the full capacity of the model will not be utilized
set_abort_callback: call
llama_context:  CUDA_Host  output buffer size =     0.58 MiB
llama_kv_cache: layer   0: dev = CPU
llama_kv_cache: layer   1: dev = CPU
llama_kv_cache: layer   2: dev = CPU
llama_kv_cache: layer   3: dev = CUDA0
llama_kv_cache: layer   4: dev = CUDA0
llama_kv_cache: layer   5: dev = CUDA0
llama_kv_cache: layer   6: dev = CUDA0
llama_kv_cache: layer   7: dev = CUDA0
llama_kv_cache: layer   8: dev = CUDA0
llama_kv_cache: layer   9: dev = CUDA0
llama_kv_cache: layer  10: dev = CUDA0
llama_kv_cache: layer  11: dev = CUDA0
llama_kv_cache: layer  12: dev = CUDA0
llama_kv_cache: layer  13: dev = CUDA0
llama_kv_cache: layer  14: dev = CUDA0
llama_kv_cache: layer  15: dev = CUDA0
llama_kv_cache: layer  16: dev = CUDA0
llama_kv_cache: layer  17: dev = CUDA0
llama_kv_cache: layer  18: dev = CUDA0
llama_kv_cache: layer  19: dev = CUDA0
llama_kv_cache: layer  20: dev = CUDA0
llama_kv_cache: layer  21: dev = CUDA0
llama_kv_cache: layer  22: dev = CUDA0
llama_kv_cache: layer  23: dev = CUDA0
llama_kv_cache: layer  24: dev = CUDA0
llama_kv_cache: layer  25: dev = CUDA0
llama_kv_cache: layer  26: dev = CUDA0
llama_kv_cache: layer  27: dev = CUDA0
llama_kv_cache:        CPU KV buffer size =     6.00 MiB
llama_kv_cache:      CUDA0 KV buffer size =    50.00 MiB
llama_kv_cache: size =   56.00 MiB (  1024 cells,  28 layers,  1/1 seqs), K (f16):   28.00 MiB, V (f16):   28.00 MiB
llama_kv_cache: attn_rot_k = 0, n_embd_head_k_all = 128
llama_kv_cache: attn_rot_v = 0, n_embd_head_k_all = 128
llama_context: enumerating backends
llama_context: backend_ptrs.size() = 2
sched_reserve: reserving ...
sched_reserve: max_nodes = 2712
sched_reserve: reserving full memory module
sched_reserve: worst-case: n_tokens = 512, n_seqs = 1, n_outputs = 1
graph_reserve: reserving a graph for ubatch with n_tokens =    1, n_seqs =  1, n_outputs =    1
sched_reserve: Flash Attention was auto, set to enabled
sched_reserve: resolving fused Gated Delta Net support:
graph_reserve: reserving a graph for ubatch with n_tokens =    1, n_seqs =  1, n_outputs =    1
sched_reserve: fused Gated Delta Net (autoregressive) enabled
graph_reserve: reserving a graph for ubatch with n_tokens =   16, n_seqs =  1, n_outputs =   16
sched_reserve: fused Gated Delta Net (chunked) enabled
graph_reserve: reserving a graph for ubatch with n_tokens =  512, n_seqs =  1, n_outputs =  512
graph_reserve: reserving a graph for ubatch with n_tokens =    1, n_seqs =  1, n_outputs =    1
graph_reserve: reserving a graph for ubatch with n_tokens =  512, n_seqs =  1, n_outputs =  512
sched_reserve:      CUDA0 compute buffer size =   304.00 MiB
sched_reserve:  CUDA_Host compute buffer size =    15.01 MiB
sched_reserve: graph nodes  = 958
sched_reserve: graph splits = 44 (with bs=512), 2 (with bs=1)
sched_reserve: reserve took 10.70 ms, sched copies = 1
CUDA Graph id 13572 reused
ggml_backend_cuda_graph_compute: CUDA graph warmup complete
CUDA Graph id 13572 reused
CUDA Graph id 13572 reused
CUDA Graph id 13572 reused
CUDA Graph id 13572 reused
CUDA Graph id 13572 reused
CUDA Graph id 13572 reused
CUDA Graph id 13572 reused
CUDA Graph id 13572 reused
CUDA Graph id 13572 reused
CUDA Graph id 13572 reused
CUDA Graph id 13572 reused
CUDA Graph id 13572 reused
CUDA Graph id 13572 reused
CUDA Graph id 13572 reused
CUDA Graph id 13572 reused
CUDA Graph id 13572 reused
CUDA Graph id 13572 reused
CUDA Graph id 13572 reused
CUDA Graph id 13572 reused
CUDA Graph id 13572 reused
CUDA Graph id 13572 reused
CUDA Graph id 13572 reused
CUDA Graph id 13572 reused
CUDA Graph id 13572 reused
CUDA Graph id 13572 reused
CUDA Graph id 13572 reused
CUDA Graph id 13572 reused
CUDA Graph id 13572 reused
CUDA Graph id 13572 reused
CUDA Graph id 13572 reused
CUDA Graph id 13572 reused
CUDA Graph id 13572 reused
CUDA Graph id 13572 reused
CUDA Graph id 13572 reused
CUDA Graph id 13572 reused
CUDA Graph id 13572 reused
CUDA Graph id 13572 reused
CUDA Graph id 13572 reused
CUDA Graph id 13572 reused
CUDA Graph id 13572 reused
CUDA Graph id 13572 reused
CUDA Graph id 13572 reused
CUDA Graph id 13572 reused
CUDA Graph id 13572 reused
CUDA Graph id 13572 reused
CUDA Graph id 13572 reused
CUDA Graph id 13572 reused
CUDA Graph id 13572 reused
CUDA Graph id 13572 reused
CUDA Graph id 13572 reused
CUDA Graph id 13572 reused
CUDA Graph id 13572 reused
CUDA Graph id 13572 reused
CUDA Graph id 13572 reused
CUDA Graph id 13572 reused
CUDA Graph id 13572 reused
CUDA Graph id 13572 reused
CUDA Graph id 13572 reused
CUDA Graph id 13572 reused
CUDA Graph id 13572 reused
CUDA Graph id 13572 reused
CUDA Graph id 13572 reused
CUDA Graph id 13572 reused
CUDA Graph id 13572 reused
~llama_context:      CUDA0 compute buffer size is 304.0000 MiB, matches expectation of 304.0000 MiB
~llama_context:  CUDA_Host compute buffer size is  15.0137 MiB, matches expectation of  15.0137 MiB
schema 190/200 done
llama_context: constructing llama_context
llama_context: n_seq_max     = 1
llama_context: n_ctx         = 768
llama_context: n_ctx_seq     = 768
llama_context: n_batch       = 696
llama_context: n_ubatch      = 512
llama_context: causal_attn   = 1
llama_context: flash_attn    = auto
llama_context: kv_unified    = false
llama_context: freq_base     = 1000000.0
llama_context: freq_scale    = 1
llama_context: n_rs_seq      = 0
llama_context: n_outputs_max = 696
llama_context: n_ctx_seq (768) < n_ctx_train (32768) -- the full capacity of the model will not be utilized
set_abort_callback: call
llama_context:  CUDA_Host  output buffer size =     0.58 MiB
llama_kv_cache: layer   0: dev = CPU
llama_kv_cache: layer   1: dev = CPU
llama_kv_cache: layer   2: dev = CPU
llama_kv_cache: layer   3: dev = CUDA0
llama_kv_cache: layer   4: dev = CUDA0
llama_kv_cache: layer   5: dev = CUDA0
llama_kv_cache: layer   6: dev = CUDA0
llama_kv_cache: layer   7: dev = CUDA0
llama_kv_cache: layer   8: dev = CUDA0
llama_kv_cache: layer   9: dev = CUDA0
llama_kv_cache: layer  10: dev = CUDA0
llama_kv_cache: layer  11: dev = CUDA0
llama_kv_cache: layer  12: dev = CUDA0
llama_kv_cache: layer  13: dev = CUDA0
llama_kv_cache: layer  14: dev = CUDA0
llama_kv_cache: layer  15: dev = CUDA0
llama_kv_cache: layer  16: dev = CUDA0
llama_kv_cache: layer  17: dev = CUDA0
llama_kv_cache: layer  18: dev = CUDA0
llama_kv_cache: layer  19: dev = CUDA0
llama_kv_cache: layer  20: dev = CUDA0
llama_kv_cache: layer  21: dev = CUDA0
llama_kv_cache: layer  22: dev = CUDA0
llama_kv_cache: layer  23: dev = CUDA0
llama_kv_cache: layer  24: dev = CUDA0
llama_kv_cache: layer  25: dev = CUDA0
llama_kv_cache: layer  26: dev = CUDA0
llama_kv_cache: layer  27: dev = CUDA0
llama_kv_cache:        CPU KV buffer size =     4.50 MiB
llama_kv_cache:      CUDA0 KV buffer size =    37.50 MiB
llama_kv_cache: size =   42.00 MiB (   768 cells,  28 layers,  1/1 seqs), K (f16):   21.00 MiB, V (f16):   21.00 MiB
llama_kv_cache: attn_rot_k = 0, n_embd_head_k_all = 128
llama_kv_cache: attn_rot_v = 0, n_embd_head_k_all = 128
llama_context: enumerating backends
llama_context: backend_ptrs.size() = 2
sched_reserve: reserving ...
sched_reserve: max_nodes = 2712
sched_reserve: reserving full memory module
sched_reserve: worst-case: n_tokens = 512, n_seqs = 1, n_outputs = 1
graph_reserve: reserving a graph for ubatch with n_tokens =    1, n_seqs =  1, n_outputs =    1
sched_reserve: Flash Attention was auto, set to enabled
sched_reserve: resolving fused Gated Delta Net support:
graph_reserve: reserving a graph for ubatch with n_tokens =    1, n_seqs =  1, n_outputs =    1
sched_reserve: fused Gated Delta Net (autoregressive) enabled
graph_reserve: reserving a graph for ubatch with n_tokens =   16, n_seqs =  1, n_outputs =   16
sched_reserve: fused Gated Delta Net (chunked) enabled
graph_reserve: reserving a graph for ubatch with n_tokens =  512, n_seqs =  1, n_outputs =  512
graph_reserve: reserving a graph for ubatch with n_tokens =    1, n_seqs =  1, n_outputs =    1
graph_reserve: reserving a graph for ubatch with n_tokens =  512, n_seqs =  1, n_outputs =  512
sched_reserve:      CUDA0 compute buffer size =   304.00 MiB
sched_reserve:  CUDA_Host compute buffer size =    14.76 MiB
sched_reserve: graph nodes  = 958
sched_reserve: graph splits = 44 (with bs=512), 2 (with bs=1)
sched_reserve: reserve took 10.62 ms, sched copies = 1
CUDA Graph id 13722 reused
ggml_backend_cuda_graph_compute: CUDA graph warmup complete
CUDA Graph id 13722 reused
CUDA Graph id 13722 reused
CUDA Graph id 13722 reused
CUDA Graph id 13722 reused
CUDA Graph id 13722 reused
CUDA Graph id 13722 reused
CUDA Graph id 13722 reused
CUDA Graph id 13722 reused
CUDA Graph id 13722 reused
CUDA Graph id 13722 reused
CUDA Graph id 13722 reused
CUDA Graph id 13722 reused
CUDA Graph id 13722 reused
CUDA Graph id 13722 reused
CUDA Graph id 13722 reused
CUDA Graph id 13722 reused
CUDA Graph id 13722 reused
CUDA Graph id 13722 reused
CUDA Graph id 13722 reused
CUDA Graph id 13722 reused
CUDA Graph id 13722 reused
CUDA Graph id 13722 reused
CUDA Graph id 13722 reused
CUDA Graph id 13722 reused
CUDA Graph id 13722 reused
CUDA Graph id 13722 reused
CUDA Graph id 13722 reused
CUDA Graph id 13722 reused
CUDA Graph id 13722 reused
CUDA Graph id 13722 reused
CUDA Graph id 13722 reused
CUDA Graph id 13722 reused
CUDA Graph id 13722 reused
CUDA Graph id 13722 reused
CUDA Graph id 13722 reused
CUDA Graph id 13722 reused
CUDA Graph id 13722 reused
CUDA Graph id 13722 reused
CUDA Graph id 13722 reused
CUDA Graph id 13722 reused
CUDA Graph id 13722 reused
CUDA Graph id 13722 reused
CUDA Graph id 13722 reused
CUDA Graph id 13722 reused
CUDA Graph id 13722 reused
CUDA Graph id 13722 reused
CUDA Graph id 13722 reused
CUDA Graph id 13722 reused
CUDA Graph id 13722 reused
CUDA Graph id 13722 reused
CUDA Graph id 13722 reused
CUDA Graph id 13722 reused
CUDA Graph id 13722 reused
CUDA Graph id 13722 reused
CUDA Graph id 13722 reused
CUDA Graph id 13722 reused
CUDA Graph id 13722 reused
CUDA Graph id 13722 reused
CUDA Graph id 13722 reused
CUDA Graph id 13722 reused
CUDA Graph id 13722 reused
CUDA Graph id 13722 reused
CUDA Graph id 13722 reused
CUDA Graph id 13722 reused
CUDA Graph id 13722 reused
CUDA Graph id 13722 reused
CUDA Graph id 13722 reused
CUDA Graph id 13722 reused
CUDA Graph id 13722 reused
CUDA Graph id 13722 reused
CUDA Graph id 13722 reused
CUDA Graph id 13722 reused
CUDA Graph id 13722 reused
CUDA Graph id 13722 reused
CUDA Graph id 13722 reused
CUDA Graph id 13722 reused
CUDA Graph id 13722 reused
CUDA Graph id 13722 reused
ggml_backend_cuda_graph_compute: CUDA graph warmup reset
CUDA Graph id 13725 reused
ggml_backend_cuda_graph_compute: CUDA graph warmup complete
CUDA Graph id 13725 reused
CUDA Graph id 13725 reused
CUDA Graph id 13725 reused
CUDA Graph id 13725 reused
CUDA Graph id 13725 reused
CUDA Graph id 13725 reused
CUDA Graph id 13725 reused
CUDA Graph id 13725 reused
CUDA Graph id 13725 reused
CUDA Graph id 13725 reused
CUDA Graph id 13725 reused
CUDA Graph id 13725 reused
CUDA Graph id 13725 reused
CUDA Graph id 13725 reused
CUDA Graph id 13725 reused
CUDA Graph id 13725 reused
CUDA Graph id 13725 reused
CUDA Graph id 13725 reused
CUDA Graph id 13725 reused
CUDA Graph id 13725 reused
CUDA Graph id 13725 reused
CUDA Graph id 13725 reused
CUDA Graph id 13725 reused
CUDA Graph id 13725 reused
CUDA Graph id 13725 reused
~llama_context:      CUDA0 compute buffer size is 304.0000 MiB, matches expectation of 304.0000 MiB
~llama_context:  CUDA_Host compute buffer size is  14.7637 MiB, matches expectation of  14.7637 MiB
llama_context: constructing llama_context
llama_context: n_seq_max     = 1
llama_context: n_ctx         = 768
llama_context: n_ctx_seq     = 768
llama_context: n_batch       = 696
llama_context: n_ubatch      = 512
llama_context: causal_attn   = 1
llama_context: flash_attn    = auto
llama_context: kv_unified    = false
llama_context: freq_base     = 1000000.0
llama_context: freq_scale    = 1
llama_context: n_rs_seq      = 0
llama_context: n_outputs_max = 696
llama_context: n_ctx_seq (768) < n_ctx_train (32768) -- the full capacity of the model will not be utilized
set_abort_callback: call
llama_context:  CUDA_Host  output buffer size =     0.58 MiB
llama_kv_cache: layer   0: dev = CPU
llama_kv_cache: layer   1: dev = CPU
llama_kv_cache: layer   2: dev = CPU
llama_kv_cache: layer   3: dev = CUDA0
llama_kv_cache: layer   4: dev = CUDA0
llama_kv_cache: layer   5: dev = CUDA0
llama_kv_cache: layer   6: dev = CUDA0
llama_kv_cache: layer   7: dev = CUDA0
llama_kv_cache: layer   8: dev = CUDA0
llama_kv_cache: layer   9: dev = CUDA0
llama_kv_cache: layer  10: dev = CUDA0
llama_kv_cache: layer  11: dev = CUDA0
llama_kv_cache: layer  12: dev = CUDA0
llama_kv_cache: layer  13: dev = CUDA0
llama_kv_cache: layer  14: dev = CUDA0
llama_kv_cache: layer  15: dev = CUDA0
llama_kv_cache: layer  16: dev = CUDA0
llama_kv_cache: layer  17: dev = CUDA0
llama_kv_cache: layer  18: dev = CUDA0
llama_kv_cache: layer  19: dev = CUDA0
llama_kv_cache: layer  20: dev = CUDA0
llama_kv_cache: layer  21: dev = CUDA0
llama_kv_cache: layer  22: dev = CUDA0
llama_kv_cache: layer  23: dev = CUDA0
llama_kv_cache: layer  24: dev = CUDA0
llama_kv_cache: layer  25: dev = CUDA0
llama_kv_cache: layer  26: dev = CUDA0
llama_kv_cache: layer  27: dev = CUDA0
llama_kv_cache:        CPU KV buffer size =     4.50 MiB
llama_kv_cache:      CUDA0 KV buffer size =    37.50 MiB
llama_kv_cache: size =   42.00 MiB (   768 cells,  28 layers,  1/1 seqs), K (f16):   21.00 MiB, V (f16):   21.00 MiB
llama_kv_cache: attn_rot_k = 0, n_embd_head_k_all = 128
llama_kv_cache: attn_rot_v = 0, n_embd_head_k_all = 128
llama_context: enumerating backends
llama_context: backend_ptrs.size() = 2
sched_reserve: reserving ...
sched_reserve: max_nodes = 2712
sched_reserve: reserving full memory module
sched_reserve: worst-case: n_tokens = 512, n_seqs = 1, n_outputs = 1
graph_reserve: reserving a graph for ubatch with n_tokens =    1, n_seqs =  1, n_outputs =    1
sched_reserve: Flash Attention was auto, set to enabled
sched_reserve: resolving fused Gated Delta Net support:
graph_reserve: reserving a graph for ubatch with n_tokens =    1, n_seqs =  1, n_outputs =    1
sched_reserve: fused Gated Delta Net (autoregressive) enabled
graph_reserve: reserving a graph for ubatch with n_tokens =   16, n_seqs =  1, n_outputs =   16
sched_reserve: fused Gated Delta Net (chunked) enabled
graph_reserve: reserving a graph for ubatch with n_tokens =  512, n_seqs =  1, n_outputs =  512
graph_reserve: reserving a graph for ubatch with n_tokens =    1, n_seqs =  1, n_outputs =    1
graph_reserve: reserving a graph for ubatch with n_tokens =  512, n_seqs =  1, n_outputs =  512
sched_reserve:      CUDA0 compute buffer size =   304.00 MiB
sched_reserve:  CUDA_Host compute buffer size =    14.76 MiB
sched_reserve: graph nodes  = 958
sched_reserve: graph splits = 44 (with bs=512), 2 (with bs=1)
sched_reserve: reserve took 10.61 ms, sched copies = 1
CUDA Graph id 13875 reused
ggml_backend_cuda_graph_compute: CUDA graph warmup complete
CUDA Graph id 13875 reused
CUDA Graph id 13875 reused
CUDA Graph id 13875 reused
CUDA Graph id 13875 reused
CUDA Graph id 13875 reused
CUDA Graph id 13875 reused
CUDA Graph id 13875 reused
CUDA Graph id 13875 reused
CUDA Graph id 13875 reused
CUDA Graph id 13875 reused
CUDA Graph id 13875 reused
CUDA Graph id 13875 reused
CUDA Graph id 13875 reused
CUDA Graph id 13875 reused
CUDA Graph id 13875 reused
CUDA Graph id 13875 reused
CUDA Graph id 13875 reused
CUDA Graph id 13875 reused
CUDA Graph id 13875 reused
CUDA Graph id 13875 reused
CUDA Graph id 13875 reused
CUDA Graph id 13875 reused
CUDA Graph id 13875 reused
CUDA Graph id 13875 reused
CUDA Graph id 13875 reused
CUDA Graph id 13875 reused
CUDA Graph id 13875 reused
CUDA Graph id 13875 reused
CUDA Graph id 13875 reused
CUDA Graph id 13875 reused
CUDA Graph id 13875 reused
CUDA Graph id 13875 reused
CUDA Graph id 13875 reused
CUDA Graph id 13875 reused
CUDA Graph id 13875 reused
CUDA Graph id 13875 reused
CUDA Graph id 13875 reused
CUDA Graph id 13875 reused
CUDA Graph id 13875 reused
CUDA Graph id 13875 reused
CUDA Graph id 13875 reused
CUDA Graph id 13875 reused
CUDA Graph id 13875 reused
CUDA Graph id 13875 reused
CUDA Graph id 13875 reused
CUDA Graph id 13875 reused
CUDA Graph id 13875 reused
CUDA Graph id 13875 reused
CUDA Graph id 13875 reused
CUDA Graph id 13875 reused
CUDA Graph id 13875 reused
CUDA Graph id 13875 reused
CUDA Graph id 13875 reused
CUDA Graph id 13875 reused
CUDA Graph id 13875 reused
CUDA Graph id 13875 reused
CUDA Graph id 13875 reused
CUDA Graph id 13875 reused
CUDA Graph id 13875 reused
CUDA Graph id 13875 reused
CUDA Graph id 13875 reused
CUDA Graph id 13875 reused
CUDA Graph id 13875 reused
CUDA Graph id 13875 reused
CUDA Graph id 13875 reused
CUDA Graph id 13875 reused
CUDA Graph id 13875 reused
CUDA Graph id 13875 reused
CUDA Graph id 13875 reused
CUDA Graph id 13875 reused
CUDA Graph id 13875 reused
CUDA Graph id 13875 reused
CUDA Graph id 13875 reused
CUDA Graph id 13875 reused
CUDA Graph id 13875 reused
CUDA Graph id 13875 reused
CUDA Graph id 13875 reused
CUDA Graph id 13875 reused
ggml_backend_cuda_graph_compute: CUDA graph warmup reset
CUDA Graph id 13878 reused
ggml_backend_cuda_graph_compute: CUDA graph warmup complete
CUDA Graph id 13878 reused
CUDA Graph id 13878 reused
CUDA Graph id 13878 reused
CUDA Graph id 13878 reused
CUDA Graph id 13878 reused
CUDA Graph id 13878 reused
CUDA Graph id 13878 reused
CUDA Graph id 13878 reused
CUDA Graph id 13878 reused
CUDA Graph id 13878 reused
CUDA Graph id 13878 reused
CUDA Graph id 13878 reused
CUDA Graph id 13878 reused
CUDA Graph id 13878 reused
CUDA Graph id 13878 reused
CUDA Graph id 13878 reused
CUDA Graph id 13878 reused
CUDA Graph id 13878 reused
CUDA Graph id 13878 reused
CUDA Graph id 13878 reused
CUDA Graph id 13878 reused
CUDA Graph id 13878 reused
CUDA Graph id 13878 reused
CUDA Graph id 13878 reused
CUDA Graph id 13878 reused
~llama_context:      CUDA0 compute buffer size is 304.0000 MiB, matches expectation of 304.0000 MiB
~llama_context:  CUDA_Host compute buffer size is  14.7637 MiB, matches expectation of  14.7637 MiB
llama_context: constructing llama_context
llama_context: n_seq_max     = 1
llama_context: n_ctx         = 768
llama_context: n_ctx_seq     = 768
llama_context: n_batch       = 696
llama_context: n_ubatch      = 512
llama_context: causal_attn   = 1
llama_context: flash_attn    = auto
llama_context: kv_unified    = false
llama_context: freq_base     = 1000000.0
llama_context: freq_scale    = 1
llama_context: n_rs_seq      = 0
llama_context: n_outputs_max = 696
llama_context: n_ctx_seq (768) < n_ctx_train (32768) -- the full capacity of the model will not be utilized
set_abort_callback: call
llama_context:  CUDA_Host  output buffer size =     0.58 MiB
llama_kv_cache: layer   0: dev = CPU
llama_kv_cache: layer   1: dev = CPU
llama_kv_cache: layer   2: dev = CPU
llama_kv_cache: layer   3: dev = CUDA0
llama_kv_cache: layer   4: dev = CUDA0
llama_kv_cache: layer   5: dev = CUDA0
llama_kv_cache: layer   6: dev = CUDA0
llama_kv_cache: layer   7: dev = CUDA0
llama_kv_cache: layer   8: dev = CUDA0
llama_kv_cache: layer   9: dev = CUDA0
llama_kv_cache: layer  10: dev = CUDA0
llama_kv_cache: layer  11: dev = CUDA0
llama_kv_cache: layer  12: dev = CUDA0
llama_kv_cache: layer  13: dev = CUDA0
llama_kv_cache: layer  14: dev = CUDA0
llama_kv_cache: layer  15: dev = CUDA0
llama_kv_cache: layer  16: dev = CUDA0
llama_kv_cache: layer  17: dev = CUDA0
llama_kv_cache: layer  18: dev = CUDA0
llama_kv_cache: layer  19: dev = CUDA0
llama_kv_cache: layer  20: dev = CUDA0
llama_kv_cache: layer  21: dev = CUDA0
llama_kv_cache: layer  22: dev = CUDA0
llama_kv_cache: layer  23: dev = CUDA0
llama_kv_cache: layer  24: dev = CUDA0
llama_kv_cache: layer  25: dev = CUDA0
llama_kv_cache: layer  26: dev = CUDA0
llama_kv_cache: layer  27: dev = CUDA0
llama_kv_cache:        CPU KV buffer size =     4.50 MiB
llama_kv_cache:      CUDA0 KV buffer size =    37.50 MiB
llama_kv_cache: size =   42.00 MiB (   768 cells,  28 layers,  1/1 seqs), K (f16):   21.00 MiB, V (f16):   21.00 MiB
llama_kv_cache: attn_rot_k = 0, n_embd_head_k_all = 128
llama_kv_cache: attn_rot_v = 0, n_embd_head_k_all = 128
llama_context: enumerating backends
llama_context: backend_ptrs.size() = 2
sched_reserve: reserving ...
sched_reserve: max_nodes = 2712
sched_reserve: reserving full memory module
sched_reserve: worst-case: n_tokens = 512, n_seqs = 1, n_outputs = 1
graph_reserve: reserving a graph for ubatch with n_tokens =    1, n_seqs =  1, n_outputs =    1
sched_reserve: Flash Attention was auto, set to enabled
sched_reserve: resolving fused Gated Delta Net support:
graph_reserve: reserving a graph for ubatch with n_tokens =    1, n_seqs =  1, n_outputs =    1
sched_reserve: fused Gated Delta Net (autoregressive) enabled
graph_reserve: reserving a graph for ubatch with n_tokens =   16, n_seqs =  1, n_outputs =   16
sched_reserve: fused Gated Delta Net (chunked) enabled
graph_reserve: reserving a graph for ubatch with n_tokens =  512, n_seqs =  1, n_outputs =  512
graph_reserve: reserving a graph for ubatch with n_tokens =    1, n_seqs =  1, n_outputs =    1
graph_reserve: reserving a graph for ubatch with n_tokens =  512, n_seqs =  1, n_outputs =  512
sched_reserve:      CUDA0 compute buffer size =   304.00 MiB
sched_reserve:  CUDA_Host compute buffer size =    14.76 MiB
sched_reserve: graph nodes  = 958
sched_reserve: graph splits = 44 (with bs=512), 2 (with bs=1)
sched_reserve: reserve took 10.95 ms, sched copies = 1
CUDA Graph id 14028 reused
ggml_backend_cuda_graph_compute: CUDA graph warmup complete
CUDA Graph id 14028 reused
CUDA Graph id 14028 reused
CUDA Graph id 14028 reused
CUDA Graph id 14028 reused
CUDA Graph id 14028 reused
CUDA Graph id 14028 reused
CUDA Graph id 14028 reused
CUDA Graph id 14028 reused
CUDA Graph id 14028 reused
CUDA Graph id 14028 reused
CUDA Graph id 14028 reused
CUDA Graph id 14028 reused
CUDA Graph id 14028 reused
CUDA Graph id 14028 reused
CUDA Graph id 14028 reused
CUDA Graph id 14028 reused
CUDA Graph id 14028 reused
CUDA Graph id 14028 reused
CUDA Graph id 14028 reused
CUDA Graph id 14028 reused
CUDA Graph id 14028 reused
CUDA Graph id 14028 reused
CUDA Graph id 14028 reused
CUDA Graph id 14028 reused
CUDA Graph id 14028 reused
CUDA Graph id 14028 reused
CUDA Graph id 14028 reused
CUDA Graph id 14028 reused
CUDA Graph id 14028 reused
CUDA Graph id 14028 reused
CUDA Graph id 14028 reused
CUDA Graph id 14028 reused
CUDA Graph id 14028 reused
CUDA Graph id 14028 reused
CUDA Graph id 14028 reused
CUDA Graph id 14028 reused
CUDA Graph id 14028 reused
CUDA Graph id 14028 reused
CUDA Graph id 14028 reused
CUDA Graph id 14028 reused
CUDA Graph id 14028 reused
CUDA Graph id 14028 reused
CUDA Graph id 14028 reused
CUDA Graph id 14028 reused
CUDA Graph id 14028 reused
CUDA Graph id 14028 reused
CUDA Graph id 14028 reused
CUDA Graph id 14028 reused
CUDA Graph id 14028 reused
CUDA Graph id 14028 reused
CUDA Graph id 14028 reused
CUDA Graph id 14028 reused
CUDA Graph id 14028 reused
CUDA Graph id 14028 reused
CUDA Graph id 14028 reused
CUDA Graph id 14028 reused
CUDA Graph id 14028 reused
CUDA Graph id 14028 reused
CUDA Graph id 14028 reused
CUDA Graph id 14028 reused
CUDA Graph id 14028 reused
CUDA Graph id 14028 reused
CUDA Graph id 14028 reused
CUDA Graph id 14028 reused
CUDA Graph id 14028 reused
CUDA Graph id 14028 reused
CUDA Graph id 14028 reused
CUDA Graph id 14028 reused
CUDA Graph id 14028 reused
CUDA Graph id 14028 reused
CUDA Graph id 14028 reused
CUDA Graph id 14028 reused
CUDA Graph id 14028 reused
CUDA Graph id 14028 reused
CUDA Graph id 14028 reused
CUDA Graph id 14028 reused
CUDA Graph id 14028 reused
CUDA Graph id 14028 reused
ggml_backend_cuda_graph_compute: CUDA graph warmup reset
CUDA Graph id 14031 reused
ggml_backend_cuda_graph_compute: CUDA graph warmup complete
CUDA Graph id 14031 reused
CUDA Graph id 14031 reused
CUDA Graph id 14031 reused
CUDA Graph id 14031 reused
CUDA Graph id 14031 reused
CUDA Graph id 14031 reused
CUDA Graph id 14031 reused
CUDA Graph id 14031 reused
CUDA Graph id 14031 reused
CUDA Graph id 14031 reused
CUDA Graph id 14031 reused
CUDA Graph id 14031 reused
CUDA Graph id 14031 reused
CUDA Graph id 14031 reused
CUDA Graph id 14031 reused
~llama_context:      CUDA0 compute buffer size is 304.0000 MiB, matches expectation of 304.0000 MiB
~llama_context:  CUDA_Host compute buffer size is  14.7637 MiB, matches expectation of  14.7637 MiB
llama_context: constructing llama_context
llama_context: n_seq_max     = 1
llama_context: n_ctx         = 768
llama_context: n_ctx_seq     = 768
llama_context: n_batch       = 696
llama_context: n_ubatch      = 512
llama_context: causal_attn   = 1
llama_context: flash_attn    = auto
llama_context: kv_unified    = false
llama_context: freq_base     = 1000000.0
llama_context: freq_scale    = 1
llama_context: n_rs_seq      = 0
llama_context: n_outputs_max = 696
llama_context: n_ctx_seq (768) < n_ctx_train (32768) -- the full capacity of the model will not be utilized
set_abort_callback: call
llama_context:  CUDA_Host  output buffer size =     0.58 MiB
llama_kv_cache: layer   0: dev = CPU
llama_kv_cache: layer   1: dev = CPU
llama_kv_cache: layer   2: dev = CPU
llama_kv_cache: layer   3: dev = CUDA0
llama_kv_cache: layer   4: dev = CUDA0
llama_kv_cache: layer   5: dev = CUDA0
llama_kv_cache: layer   6: dev = CUDA0
llama_kv_cache: layer   7: dev = CUDA0
llama_kv_cache: layer   8: dev = CUDA0
llama_kv_cache: layer   9: dev = CUDA0
llama_kv_cache: layer  10: dev = CUDA0
llama_kv_cache: layer  11: dev = CUDA0
llama_kv_cache: layer  12: dev = CUDA0
llama_kv_cache: layer  13: dev = CUDA0
llama_kv_cache: layer  14: dev = CUDA0
llama_kv_cache: layer  15: dev = CUDA0
llama_kv_cache: layer  16: dev = CUDA0
llama_kv_cache: layer  17: dev = CUDA0
llama_kv_cache: layer  18: dev = CUDA0
llama_kv_cache: layer  19: dev = CUDA0
llama_kv_cache: layer  20: dev = CUDA0
llama_kv_cache: layer  21: dev = CUDA0
llama_kv_cache: layer  22: dev = CUDA0
llama_kv_cache: layer  23: dev = CUDA0
llama_kv_cache: layer  24: dev = CUDA0
llama_kv_cache: layer  25: dev = CUDA0
llama_kv_cache: layer  26: dev = CUDA0
llama_kv_cache: layer  27: dev = CUDA0
llama_kv_cache:        CPU KV buffer size =     4.50 MiB
llama_kv_cache:      CUDA0 KV buffer size =    37.50 MiB
llama_kv_cache: size =   42.00 MiB (   768 cells,  28 layers,  1/1 seqs), K (f16):   21.00 MiB, V (f16):   21.00 MiB
llama_kv_cache: attn_rot_k = 0, n_embd_head_k_all = 128
llama_kv_cache: attn_rot_v = 0, n_embd_head_k_all = 128
llama_context: enumerating backends
llama_context: backend_ptrs.size() = 2
sched_reserve: reserving ...
sched_reserve: max_nodes = 2712
sched_reserve: reserving full memory module
sched_reserve: worst-case: n_tokens = 512, n_seqs = 1, n_outputs = 1
graph_reserve: reserving a graph for ubatch with n_tokens =    1, n_seqs =  1, n_outputs =    1
sched_reserve: Flash Attention was auto, set to enabled
sched_reserve: resolving fused Gated Delta Net support:
graph_reserve: reserving a graph for ubatch with n_tokens =    1, n_seqs =  1, n_outputs =    1
sched_reserve: fused Gated Delta Net (autoregressive) enabled
graph_reserve: reserving a graph for ubatch with n_tokens =   16, n_seqs =  1, n_outputs =   16
sched_reserve: fused Gated Delta Net (chunked) enabled
graph_reserve: reserving a graph for ubatch with n_tokens =  512, n_seqs =  1, n_outputs =  512
graph_reserve: reserving a graph for ubatch with n_tokens =    1, n_seqs =  1, n_outputs =    1
graph_reserve: reserving a graph for ubatch with n_tokens =  512, n_seqs =  1, n_outputs =  512
sched_reserve:      CUDA0 compute buffer size =   304.00 MiB
sched_reserve:  CUDA_Host compute buffer size =    14.76 MiB
sched_reserve: graph nodes  = 958
sched_reserve: graph splits = 44 (with bs=512), 2 (with bs=1)
sched_reserve: reserve took 10.76 ms, sched copies = 1
CUDA Graph id 14181 reused
ggml_backend_cuda_graph_compute: CUDA graph warmup complete
CUDA Graph id 14181 reused
CUDA Graph id 14181 reused
CUDA Graph id 14181 reused
CUDA Graph id 14181 reused
CUDA Graph id 14181 reused
CUDA Graph id 14181 reused
CUDA Graph id 14181 reused
CUDA Graph id 14181 reused
CUDA Graph id 14181 reused
CUDA Graph id 14181 reused
CUDA Graph id 14181 reused
CUDA Graph id 14181 reused
CUDA Graph id 14181 reused
CUDA Graph id 14181 reused
CUDA Graph id 14181 reused
CUDA Graph id 14181 reused
CUDA Graph id 14181 reused
CUDA Graph id 14181 reused
CUDA Graph id 14181 reused
CUDA Graph id 14181 reused
CUDA Graph id 14181 reused
CUDA Graph id 14181 reused
CUDA Graph id 14181 reused
CUDA Graph id 14181 reused
CUDA Graph id 14181 reused
CUDA Graph id 14181 reused
CUDA Graph id 14181 reused
CUDA Graph id 14181 reused
CUDA Graph id 14181 reused
CUDA Graph id 14181 reused
CUDA Graph id 14181 reused
CUDA Graph id 14181 reused
CUDA Graph id 14181 reused
CUDA Graph id 14181 reused
CUDA Graph id 14181 reused
CUDA Graph id 14181 reused
CUDA Graph id 14181 reused
CUDA Graph id 14181 reused
CUDA Graph id 14181 reused
CUDA Graph id 14181 reused
CUDA Graph id 14181 reused
CUDA Graph id 14181 reused
CUDA Graph id 14181 reused
CUDA Graph id 14181 reused
CUDA Graph id 14181 reused
CUDA Graph id 14181 reused
CUDA Graph id 14181 reused
CUDA Graph id 14181 reused
CUDA Graph id 14181 reused
CUDA Graph id 14181 reused
CUDA Graph id 14181 reused
CUDA Graph id 14181 reused
CUDA Graph id 14181 reused
CUDA Graph id 14181 reused
CUDA Graph id 14181 reused
CUDA Graph id 14181 reused
CUDA Graph id 14181 reused
CUDA Graph id 14181 reused
CUDA Graph id 14181 reused
CUDA Graph id 14181 reused
CUDA Graph id 14181 reused
CUDA Graph id 14181 reused
CUDA Graph id 14181 reused
CUDA Graph id 14181 reused
CUDA Graph id 14181 reused
CUDA Graph id 14181 reused
CUDA Graph id 14181 reused
CUDA Graph id 14181 reused
CUDA Graph id 14181 reused
CUDA Graph id 14181 reused
CUDA Graph id 14181 reused
CUDA Graph id 14181 reused
CUDA Graph id 14181 reused
CUDA Graph id 14181 reused
CUDA Graph id 14181 reused
CUDA Graph id 14181 reused
CUDA Graph id 14181 reused
CUDA Graph id 14181 reused
ggml_backend_cuda_graph_compute: CUDA graph warmup reset
CUDA Graph id 14184 reused
ggml_backend_cuda_graph_compute: CUDA graph warmup complete
CUDA Graph id 14184 reused
CUDA Graph id 14184 reused
CUDA Graph id 14184 reused
CUDA Graph id 14184 reused
CUDA Graph id 14184 reused
CUDA Graph id 14184 reused
CUDA Graph id 14184 reused
CUDA Graph id 14184 reused
CUDA Graph id 14184 reused
CUDA Graph id 14184 reused
CUDA Graph id 14184 reused
CUDA Graph id 14184 reused
CUDA Graph id 14184 reused
CUDA Graph id 14184 reused
CUDA Graph id 14184 reused
CUDA Graph id 14184 reused
CUDA Graph id 14184 reused
CUDA Graph id 14184 reused
CUDA Graph id 14184 reused
CUDA Graph id 14184 reused
CUDA Graph id 14184 reused
CUDA Graph id 14184 reused
CUDA Graph id 14184 reused
CUDA Graph id 14184 reused
CUDA Graph id 14184 reused
~llama_context:      CUDA0 compute buffer size is 304.0000 MiB, matches expectation of 304.0000 MiB
~llama_context:  CUDA_Host compute buffer size is  14.7637 MiB, matches expectation of  14.7637 MiB
llama_context: constructing llama_context
llama_context: n_seq_max     = 1
llama_context: n_ctx         = 768
llama_context: n_ctx_seq     = 768
llama_context: n_batch       = 696
llama_context: n_ubatch      = 512
llama_context: causal_attn   = 1
llama_context: flash_attn    = auto
llama_context: kv_unified    = false
llama_context: freq_base     = 1000000.0
llama_context: freq_scale    = 1
llama_context: n_rs_seq      = 0
llama_context: n_outputs_max = 696
llama_context: n_ctx_seq (768) < n_ctx_train (32768) -- the full capacity of the model will not be utilized
set_abort_callback: call
llama_context:  CUDA_Host  output buffer size =     0.58 MiB
llama_kv_cache: layer   0: dev = CPU
llama_kv_cache: layer   1: dev = CPU
llama_kv_cache: layer   2: dev = CPU
llama_kv_cache: layer   3: dev = CUDA0
llama_kv_cache: layer   4: dev = CUDA0
llama_kv_cache: layer   5: dev = CUDA0
llama_kv_cache: layer   6: dev = CUDA0
llama_kv_cache: layer   7: dev = CUDA0
llama_kv_cache: layer   8: dev = CUDA0
llama_kv_cache: layer   9: dev = CUDA0
llama_kv_cache: layer  10: dev = CUDA0
llama_kv_cache: layer  11: dev = CUDA0
llama_kv_cache: layer  12: dev = CUDA0
llama_kv_cache: layer  13: dev = CUDA0
llama_kv_cache: layer  14: dev = CUDA0
llama_kv_cache: layer  15: dev = CUDA0
llama_kv_cache: layer  16: dev = CUDA0
llama_kv_cache: layer  17: dev = CUDA0
llama_kv_cache: layer  18: dev = CUDA0
llama_kv_cache: layer  19: dev = CUDA0
llama_kv_cache: layer  20: dev = CUDA0
llama_kv_cache: layer  21: dev = CUDA0
llama_kv_cache: layer  22: dev = CUDA0
llama_kv_cache: layer  23: dev = CUDA0
llama_kv_cache: layer  24: dev = CUDA0
llama_kv_cache: layer  25: dev = CUDA0
llama_kv_cache: layer  26: dev = CUDA0
llama_kv_cache: layer  27: dev = CUDA0
llama_kv_cache:        CPU KV buffer size =     4.50 MiB
llama_kv_cache:      CUDA0 KV buffer size =    37.50 MiB
llama_kv_cache: size =   42.00 MiB (   768 cells,  28 layers,  1/1 seqs), K (f16):   21.00 MiB, V (f16):   21.00 MiB
llama_kv_cache: attn_rot_k = 0, n_embd_head_k_all = 128
llama_kv_cache: attn_rot_v = 0, n_embd_head_k_all = 128
llama_context: enumerating backends
llama_context: backend_ptrs.size() = 2
sched_reserve: reserving ...
sched_reserve: max_nodes = 2712
sched_reserve: reserving full memory module
sched_reserve: worst-case: n_tokens = 512, n_seqs = 1, n_outputs = 1
graph_reserve: reserving a graph for ubatch with n_tokens =    1, n_seqs =  1, n_outputs =    1
sched_reserve: Flash Attention was auto, set to enabled
sched_reserve: resolving fused Gated Delta Net support:
graph_reserve: reserving a graph for ubatch with n_tokens =    1, n_seqs =  1, n_outputs =    1
sched_reserve: fused Gated Delta Net (autoregressive) enabled
graph_reserve: reserving a graph for ubatch with n_tokens =   16, n_seqs =  1, n_outputs =   16
sched_reserve: fused Gated Delta Net (chunked) enabled
graph_reserve: reserving a graph for ubatch with n_tokens =  512, n_seqs =  1, n_outputs =  512
graph_reserve: reserving a graph for ubatch with n_tokens =    1, n_seqs =  1, n_outputs =    1
graph_reserve: reserving a graph for ubatch with n_tokens =  512, n_seqs =  1, n_outputs =  512
sched_reserve:      CUDA0 compute buffer size =   304.00 MiB
sched_reserve:  CUDA_Host compute buffer size =    14.76 MiB
sched_reserve: graph nodes  = 958
sched_reserve: graph splits = 44 (with bs=512), 2 (with bs=1)
sched_reserve: reserve took 10.61 ms, sched copies = 1
CUDA Graph id 14334 reused
ggml_backend_cuda_graph_compute: CUDA graph warmup complete
CUDA Graph id 14334 reused
CUDA Graph id 14334 reused
CUDA Graph id 14334 reused
CUDA Graph id 14334 reused
CUDA Graph id 14334 reused
CUDA Graph id 14334 reused
CUDA Graph id 14334 reused
CUDA Graph id 14334 reused
CUDA Graph id 14334 reused
CUDA Graph id 14334 reused
CUDA Graph id 14334 reused
CUDA Graph id 14334 reused
CUDA Graph id 14334 reused
CUDA Graph id 14334 reused
CUDA Graph id 14334 reused
CUDA Graph id 14334 reused
CUDA Graph id 14334 reused
CUDA Graph id 14334 reused
CUDA Graph id 14334 reused
CUDA Graph id 14334 reused
CUDA Graph id 14334 reused
CUDA Graph id 14334 reused
CUDA Graph id 14334 reused
CUDA Graph id 14334 reused
CUDA Graph id 14334 reused
CUDA Graph id 14334 reused
CUDA Graph id 14334 reused
CUDA Graph id 14334 reused
CUDA Graph id 14334 reused
CUDA Graph id 14334 reused
CUDA Graph id 14334 reused
CUDA Graph id 14334 reused
CUDA Graph id 14334 reused
CUDA Graph id 14334 reused
CUDA Graph id 14334 reused
CUDA Graph id 14334 reused
CUDA Graph id 14334 reused
CUDA Graph id 14334 reused
CUDA Graph id 14334 reused
CUDA Graph id 14334 reused
CUDA Graph id 14334 reused
CUDA Graph id 14334 reused
CUDA Graph id 14334 reused
CUDA Graph id 14334 reused
CUDA Graph id 14334 reused
CUDA Graph id 14334 reused
CUDA Graph id 14334 reused
CUDA Graph id 14334 reused
CUDA Graph id 14334 reused
CUDA Graph id 14334 reused
CUDA Graph id 14334 reused
CUDA Graph id 14334 reused
CUDA Graph id 14334 reused
CUDA Graph id 14334 reused
CUDA Graph id 14334 reused
CUDA Graph id 14334 reused
CUDA Graph id 14334 reused
~llama_context:      CUDA0 compute buffer size is 304.0000 MiB, matches expectation of 304.0000 MiB
~llama_context:  CUDA_Host compute buffer size is  14.7637 MiB, matches expectation of  14.7637 MiB
llama_context: constructing llama_context
llama_context: n_seq_max     = 1
llama_context: n_ctx         = 768
llama_context: n_ctx_seq     = 768
llama_context: n_batch       = 696
llama_context: n_ubatch      = 512
llama_context: causal_attn   = 1
llama_context: flash_attn    = auto
llama_context: kv_unified    = false
llama_context: freq_base     = 1000000.0
llama_context: freq_scale    = 1
llama_context: n_rs_seq      = 0
llama_context: n_outputs_max = 696
llama_context: n_ctx_seq (768) < n_ctx_train (32768) -- the full capacity of the model will not be utilized
set_abort_callback: call
llama_context:  CUDA_Host  output buffer size =     0.58 MiB
llama_kv_cache: layer   0: dev = CPU
llama_kv_cache: layer   1: dev = CPU
llama_kv_cache: layer   2: dev = CPU
llama_kv_cache: layer   3: dev = CUDA0
llama_kv_cache: layer   4: dev = CUDA0
llama_kv_cache: layer   5: dev = CUDA0
llama_kv_cache: layer   6: dev = CUDA0
llama_kv_cache: layer   7: dev = CUDA0
llama_kv_cache: layer   8: dev = CUDA0
llama_kv_cache: layer   9: dev = CUDA0
llama_kv_cache: layer  10: dev = CUDA0
llama_kv_cache: layer  11: dev = CUDA0
llama_kv_cache: layer  12: dev = CUDA0
llama_kv_cache: layer  13: dev = CUDA0
llama_kv_cache: layer  14: dev = CUDA0
llama_kv_cache: layer  15: dev = CUDA0
llama_kv_cache: layer  16: dev = CUDA0
llama_kv_cache: layer  17: dev = CUDA0
llama_kv_cache: layer  18: dev = CUDA0
llama_kv_cache: layer  19: dev = CUDA0
llama_kv_cache: layer  20: dev = CUDA0
llama_kv_cache: layer  21: dev = CUDA0
llama_kv_cache: layer  22: dev = CUDA0
llama_kv_cache: layer  23: dev = CUDA0
llama_kv_cache: layer  24: dev = CUDA0
llama_kv_cache: layer  25: dev = CUDA0
llama_kv_cache: layer  26: dev = CUDA0
llama_kv_cache: layer  27: dev = CUDA0
llama_kv_cache:        CPU KV buffer size =     4.50 MiB
llama_kv_cache:      CUDA0 KV buffer size =    37.50 MiB
llama_kv_cache: size =   42.00 MiB (   768 cells,  28 layers,  1/1 seqs), K (f16):   21.00 MiB, V (f16):   21.00 MiB
llama_kv_cache: attn_rot_k = 0, n_embd_head_k_all = 128
llama_kv_cache: attn_rot_v = 0, n_embd_head_k_all = 128
llama_context: enumerating backends
llama_context: backend_ptrs.size() = 2
sched_reserve: reserving ...
sched_reserve: max_nodes = 2712
sched_reserve: reserving full memory module
sched_reserve: worst-case: n_tokens = 512, n_seqs = 1, n_outputs = 1
graph_reserve: reserving a graph for ubatch with n_tokens =    1, n_seqs =  1, n_outputs =    1
sched_reserve: Flash Attention was auto, set to enabled
sched_reserve: resolving fused Gated Delta Net support:
graph_reserve: reserving a graph for ubatch with n_tokens =    1, n_seqs =  1, n_outputs =    1
sched_reserve: fused Gated Delta Net (autoregressive) enabled
graph_reserve: reserving a graph for ubatch with n_tokens =   16, n_seqs =  1, n_outputs =   16
sched_reserve: fused Gated Delta Net (chunked) enabled
graph_reserve: reserving a graph for ubatch with n_tokens =  512, n_seqs =  1, n_outputs =  512
graph_reserve: reserving a graph for ubatch with n_tokens =    1, n_seqs =  1, n_outputs =    1
graph_reserve: reserving a graph for ubatch with n_tokens =  512, n_seqs =  1, n_outputs =  512
sched_reserve:      CUDA0 compute buffer size =   304.00 MiB
sched_reserve:  CUDA_Host compute buffer size =    14.76 MiB
sched_reserve: graph nodes  = 958
sched_reserve: graph splits = 44 (with bs=512), 2 (with bs=1)
sched_reserve: reserve took 10.71 ms, sched copies = 1
CUDA Graph id 14484 reused
ggml_backend_cuda_graph_compute: CUDA graph warmup complete
CUDA Graph id 14484 reused
CUDA Graph id 14484 reused
CUDA Graph id 14484 reused
CUDA Graph id 14484 reused
CUDA Graph id 14484 reused
CUDA Graph id 14484 reused
CUDA Graph id 14484 reused
CUDA Graph id 14484 reused
CUDA Graph id 14484 reused
CUDA Graph id 14484 reused
CUDA Graph id 14484 reused
CUDA Graph id 14484 reused
CUDA Graph id 14484 reused
CUDA Graph id 14484 reused
CUDA Graph id 14484 reused
CUDA Graph id 14484 reused
CUDA Graph id 14484 reused
CUDA Graph id 14484 reused
CUDA Graph id 14484 reused
CUDA Graph id 14484 reused
CUDA Graph id 14484 reused
CUDA Graph id 14484 reused
CUDA Graph id 14484 reused
CUDA Graph id 14484 reused
CUDA Graph id 14484 reused
CUDA Graph id 14484 reused
CUDA Graph id 14484 reused
CUDA Graph id 14484 reused
CUDA Graph id 14484 reused
CUDA Graph id 14484 reused
CUDA Graph id 14484 reused
CUDA Graph id 14484 reused
CUDA Graph id 14484 reused
CUDA Graph id 14484 reused
CUDA Graph id 14484 reused
CUDA Graph id 14484 reused
CUDA Graph id 14484 reused
CUDA Graph id 14484 reused
~llama_context:      CUDA0 compute buffer size is 304.0000 MiB, matches expectation of 304.0000 MiB
~llama_context:  CUDA_Host compute buffer size is  14.7637 MiB, matches expectation of  14.7637 MiB
schema 191/200 done
llama_context: constructing llama_context
llama_context: n_seq_max     = 1
llama_context: n_ctx         = 768
llama_context: n_ctx_seq     = 768
llama_context: n_batch       = 715
llama_context: n_ubatch      = 512
llama_context: causal_attn   = 1
llama_context: flash_attn    = auto
llama_context: kv_unified    = false
llama_context: freq_base     = 1000000.0
llama_context: freq_scale    = 1
llama_context: n_rs_seq      = 0
llama_context: n_outputs_max = 715
llama_context: n_ctx_seq (768) < n_ctx_train (32768) -- the full capacity of the model will not be utilized
set_abort_callback: call
llama_context:  CUDA_Host  output buffer size =     0.58 MiB
llama_kv_cache: layer   0: dev = CPU
llama_kv_cache: layer   1: dev = CPU
llama_kv_cache: layer   2: dev = CPU
llama_kv_cache: layer   3: dev = CUDA0
llama_kv_cache: layer   4: dev = CUDA0
llama_kv_cache: layer   5: dev = CUDA0
llama_kv_cache: layer   6: dev = CUDA0
llama_kv_cache: layer   7: dev = CUDA0
llama_kv_cache: layer   8: dev = CUDA0
llama_kv_cache: layer   9: dev = CUDA0
llama_kv_cache: layer  10: dev = CUDA0
llama_kv_cache: layer  11: dev = CUDA0
llama_kv_cache: layer  12: dev = CUDA0
llama_kv_cache: layer  13: dev = CUDA0
llama_kv_cache: layer  14: dev = CUDA0
llama_kv_cache: layer  15: dev = CUDA0
llama_kv_cache: layer  16: dev = CUDA0
llama_kv_cache: layer  17: dev = CUDA0
llama_kv_cache: layer  18: dev = CUDA0
llama_kv_cache: layer  19: dev = CUDA0
llama_kv_cache: layer  20: dev = CUDA0
llama_kv_cache: layer  21: dev = CUDA0
llama_kv_cache: layer  22: dev = CUDA0
llama_kv_cache: layer  23: dev = CUDA0
llama_kv_cache: layer  24: dev = CUDA0
llama_kv_cache: layer  25: dev = CUDA0
llama_kv_cache: layer  26: dev = CUDA0
llama_kv_cache: layer  27: dev = CUDA0
llama_kv_cache:        CPU KV buffer size =     4.50 MiB
llama_kv_cache:      CUDA0 KV buffer size =    37.50 MiB
llama_kv_cache: size =   42.00 MiB (   768 cells,  28 layers,  1/1 seqs), K (f16):   21.00 MiB, V (f16):   21.00 MiB
llama_kv_cache: attn_rot_k = 0, n_embd_head_k_all = 128
llama_kv_cache: attn_rot_v = 0, n_embd_head_k_all = 128
llama_context: enumerating backends
llama_context: backend_ptrs.size() = 2
sched_reserve: reserving ...
sched_reserve: max_nodes = 2712
sched_reserve: reserving full memory module
sched_reserve: worst-case: n_tokens = 512, n_seqs = 1, n_outputs = 1
graph_reserve: reserving a graph for ubatch with n_tokens =    1, n_seqs =  1, n_outputs =    1
sched_reserve: Flash Attention was auto, set to enabled
sched_reserve: resolving fused Gated Delta Net support:
graph_reserve: reserving a graph for ubatch with n_tokens =    1, n_seqs =  1, n_outputs =    1
sched_reserve: fused Gated Delta Net (autoregressive) enabled
graph_reserve: reserving a graph for ubatch with n_tokens =   16, n_seqs =  1, n_outputs =   16
sched_reserve: fused Gated Delta Net (chunked) enabled
graph_reserve: reserving a graph for ubatch with n_tokens =  512, n_seqs =  1, n_outputs =  512
graph_reserve: reserving a graph for ubatch with n_tokens =    1, n_seqs =  1, n_outputs =    1
graph_reserve: reserving a graph for ubatch with n_tokens =  512, n_seqs =  1, n_outputs =  512
sched_reserve:      CUDA0 compute buffer size =   304.00 MiB
sched_reserve:  CUDA_Host compute buffer size =    14.76 MiB
sched_reserve: graph nodes  = 958
sched_reserve: graph splits = 44 (with bs=512), 2 (with bs=1)
sched_reserve: reserve took 10.66 ms, sched copies = 1
CUDA Graph id 14634 reused
ggml_backend_cuda_graph_compute: CUDA graph warmup complete
CUDA Graph id 14634 reused
CUDA Graph id 14634 reused
CUDA Graph id 14634 reused
CUDA Graph id 14634 reused
CUDA Graph id 14634 reused
CUDA Graph id 14634 reused
CUDA Graph id 14634 reused
CUDA Graph id 14634 reused
CUDA Graph id 14634 reused
CUDA Graph id 14634 reused
CUDA Graph id 14634 reused
CUDA Graph id 14634 reused
CUDA Graph id 14634 reused
CUDA Graph id 14634 reused
CUDA Graph id 14634 reused
CUDA Graph id 14634 reused
CUDA Graph id 14634 reused
CUDA Graph id 14634 reused
CUDA Graph id 14634 reused
CUDA Graph id 14634 reused
CUDA Graph id 14634 reused
CUDA Graph id 14634 reused
CUDA Graph id 14634 reused
CUDA Graph id 14634 reused
CUDA Graph id 14634 reused
CUDA Graph id 14634 reused
CUDA Graph id 14634 reused
CUDA Graph id 14634 reused
CUDA Graph id 14634 reused
CUDA Graph id 14634 reused
CUDA Graph id 14634 reused
CUDA Graph id 14634 reused
CUDA Graph id 14634 reused
CUDA Graph id 14634 reused
CUDA Graph id 14634 reused
CUDA Graph id 14634 reused
CUDA Graph id 14634 reused
CUDA Graph id 14634 reused
CUDA Graph id 14634 reused
CUDA Graph id 14634 reused
CUDA Graph id 14634 reused
CUDA Graph id 14634 reused
CUDA Graph id 14634 reused
CUDA Graph id 14634 reused
CUDA Graph id 14634 reused
CUDA Graph id 14634 reused
CUDA Graph id 14634 reused
CUDA Graph id 14634 reused
~llama_context:      CUDA0 compute buffer size is 304.0000 MiB, matches expectation of 304.0000 MiB
~llama_context:  CUDA_Host compute buffer size is  14.7637 MiB, matches expectation of  14.7637 MiB
llama_context: constructing llama_context
llama_context: n_seq_max     = 1
llama_context: n_ctx         = 768
llama_context: n_ctx_seq     = 768
llama_context: n_batch       = 715
llama_context: n_ubatch      = 512
llama_context: causal_attn   = 1
llama_context: flash_attn    = auto
llama_context: kv_unified    = false
llama_context: freq_base     = 1000000.0
llama_context: freq_scale    = 1
llama_context: n_rs_seq      = 0
llama_context: n_outputs_max = 715
llama_context: n_ctx_seq (768) < n_ctx_train (32768) -- the full capacity of the model will not be utilized
set_abort_callback: call
llama_context:  CUDA_Host  output buffer size =     0.58 MiB
llama_kv_cache: layer   0: dev = CPU
llama_kv_cache: layer   1: dev = CPU
llama_kv_cache: layer   2: dev = CPU
llama_kv_cache: layer   3: dev = CUDA0
llama_kv_cache: layer   4: dev = CUDA0
llama_kv_cache: layer   5: dev = CUDA0
llama_kv_cache: layer   6: dev = CUDA0
llama_kv_cache: layer   7: dev = CUDA0
llama_kv_cache: layer   8: dev = CUDA0
llama_kv_cache: layer   9: dev = CUDA0
llama_kv_cache: layer  10: dev = CUDA0
llama_kv_cache: layer  11: dev = CUDA0
llama_kv_cache: layer  12: dev = CUDA0
llama_kv_cache: layer  13: dev = CUDA0
llama_kv_cache: layer  14: dev = CUDA0
llama_kv_cache: layer  15: dev = CUDA0
llama_kv_cache: layer  16: dev = CUDA0
llama_kv_cache: layer  17: dev = CUDA0
llama_kv_cache: layer  18: dev = CUDA0
llama_kv_cache: layer  19: dev = CUDA0
llama_kv_cache: layer  20: dev = CUDA0
llama_kv_cache: layer  21: dev = CUDA0
llama_kv_cache: layer  22: dev = CUDA0
llama_kv_cache: layer  23: dev = CUDA0
llama_kv_cache: layer  24: dev = CUDA0
llama_kv_cache: layer  25: dev = CUDA0
llama_kv_cache: layer  26: dev = CUDA0
llama_kv_cache: layer  27: dev = CUDA0
llama_kv_cache:        CPU KV buffer size =     4.50 MiB
llama_kv_cache:      CUDA0 KV buffer size =    37.50 MiB
llama_kv_cache: size =   42.00 MiB (   768 cells,  28 layers,  1/1 seqs), K (f16):   21.00 MiB, V (f16):   21.00 MiB
llama_kv_cache: attn_rot_k = 0, n_embd_head_k_all = 128
llama_kv_cache: attn_rot_v = 0, n_embd_head_k_all = 128
llama_context: enumerating backends
llama_context: backend_ptrs.size() = 2
sched_reserve: reserving ...
sched_reserve: max_nodes = 2712
sched_reserve: reserving full memory module
sched_reserve: worst-case: n_tokens = 512, n_seqs = 1, n_outputs = 1
graph_reserve: reserving a graph for ubatch with n_tokens =    1, n_seqs =  1, n_outputs =    1
sched_reserve: Flash Attention was auto, set to enabled
sched_reserve: resolving fused Gated Delta Net support:
graph_reserve: reserving a graph for ubatch with n_tokens =    1, n_seqs =  1, n_outputs =    1
sched_reserve: fused Gated Delta Net (autoregressive) enabled
graph_reserve: reserving a graph for ubatch with n_tokens =   16, n_seqs =  1, n_outputs =   16
sched_reserve: fused Gated Delta Net (chunked) enabled
graph_reserve: reserving a graph for ubatch with n_tokens =  512, n_seqs =  1, n_outputs =  512
graph_reserve: reserving a graph for ubatch with n_tokens =    1, n_seqs =  1, n_outputs =    1
graph_reserve: reserving a graph for ubatch with n_tokens =  512, n_seqs =  1, n_outputs =  512
sched_reserve:      CUDA0 compute buffer size =   304.00 MiB
sched_reserve:  CUDA_Host compute buffer size =    14.76 MiB
sched_reserve: graph nodes  = 958
sched_reserve: graph splits = 44 (with bs=512), 2 (with bs=1)
sched_reserve: reserve took 10.73 ms, sched copies = 1
CUDA Graph id 14784 reused
ggml_backend_cuda_graph_compute: CUDA graph warmup complete
CUDA Graph id 14784 reused
CUDA Graph id 14784 reused
CUDA Graph id 14784 reused
CUDA Graph id 14784 reused
CUDA Graph id 14784 reused
CUDA Graph id 14784 reused
CUDA Graph id 14784 reused
CUDA Graph id 14784 reused
CUDA Graph id 14784 reused
CUDA Graph id 14784 reused
CUDA Graph id 14784 reused
CUDA Graph id 14784 reused
CUDA Graph id 14784 reused
CUDA Graph id 14784 reused
CUDA Graph id 14784 reused
CUDA Graph id 14784 reused
CUDA Graph id 14784 reused
CUDA Graph id 14784 reused
CUDA Graph id 14784 reused
CUDA Graph id 14784 reused
CUDA Graph id 14784 reused
CUDA Graph id 14784 reused
CUDA Graph id 14784 reused
CUDA Graph id 14784 reused
CUDA Graph id 14784 reused
CUDA Graph id 14784 reused
CUDA Graph id 14784 reused
CUDA Graph id 14784 reused
CUDA Graph id 14784 reused
CUDA Graph id 14784 reused
CUDA Graph id 14784 reused
CUDA Graph id 14784 reused
CUDA Graph id 14784 reused
CUDA Graph id 14784 reused
CUDA Graph id 14784 reused
CUDA Graph id 14784 reused
CUDA Graph id 14784 reused
CUDA Graph id 14784 reused
CUDA Graph id 14784 reused
CUDA Graph id 14784 reused
CUDA Graph id 14784 reused
CUDA Graph id 14784 reused
CUDA Graph id 14784 reused
CUDA Graph id 14784 reused
CUDA Graph id 14784 reused
CUDA Graph id 14784 reused
CUDA Graph id 14784 reused
CUDA Graph id 14784 reused
~llama_context:      CUDA0 compute buffer size is 304.0000 MiB, matches expectation of 304.0000 MiB
~llama_context:  CUDA_Host compute buffer size is  14.7637 MiB, matches expectation of  14.7637 MiB
llama_context: constructing llama_context
llama_context: n_seq_max     = 1
llama_context: n_ctx         = 768
llama_context: n_ctx_seq     = 768
llama_context: n_batch       = 715
llama_context: n_ubatch      = 512
llama_context: causal_attn   = 1
llama_context: flash_attn    = auto
llama_context: kv_unified    = false
llama_context: freq_base     = 1000000.0
llama_context: freq_scale    = 1
llama_context: n_rs_seq      = 0
llama_context: n_outputs_max = 715
llama_context: n_ctx_seq (768) < n_ctx_train (32768) -- the full capacity of the model will not be utilized
set_abort_callback: call
llama_context:  CUDA_Host  output buffer size =     0.58 MiB
llama_kv_cache: layer   0: dev = CPU
llama_kv_cache: layer   1: dev = CPU
llama_kv_cache: layer   2: dev = CPU
llama_kv_cache: layer   3: dev = CUDA0
llama_kv_cache: layer   4: dev = CUDA0
llama_kv_cache: layer   5: dev = CUDA0
llama_kv_cache: layer   6: dev = CUDA0
llama_kv_cache: layer   7: dev = CUDA0
llama_kv_cache: layer   8: dev = CUDA0
llama_kv_cache: layer   9: dev = CUDA0
llama_kv_cache: layer  10: dev = CUDA0
llama_kv_cache: layer  11: dev = CUDA0
llama_kv_cache: layer  12: dev = CUDA0
llama_kv_cache: layer  13: dev = CUDA0
llama_kv_cache: layer  14: dev = CUDA0
llama_kv_cache: layer  15: dev = CUDA0
llama_kv_cache: layer  16: dev = CUDA0
llama_kv_cache: layer  17: dev = CUDA0
llama_kv_cache: layer  18: dev = CUDA0
llama_kv_cache: layer  19: dev = CUDA0
llama_kv_cache: layer  20: dev = CUDA0
llama_kv_cache: layer  21: dev = CUDA0
llama_kv_cache: layer  22: dev = CUDA0
llama_kv_cache: layer  23: dev = CUDA0
llama_kv_cache: layer  24: dev = CUDA0
llama_kv_cache: layer  25: dev = CUDA0
llama_kv_cache: layer  26: dev = CUDA0
llama_kv_cache: layer  27: dev = CUDA0
llama_kv_cache:        CPU KV buffer size =     4.50 MiB
llama_kv_cache:      CUDA0 KV buffer size =    37.50 MiB
llama_kv_cache: size =   42.00 MiB (   768 cells,  28 layers,  1/1 seqs), K (f16):   21.00 MiB, V (f16):   21.00 MiB
llama_kv_cache: attn_rot_k = 0, n_embd_head_k_all = 128
llama_kv_cache: attn_rot_v = 0, n_embd_head_k_all = 128
llama_context: enumerating backends
llama_context: backend_ptrs.size() = 2
sched_reserve: reserving ...
sched_reserve: max_nodes = 2712
sched_reserve: reserving full memory module
sched_reserve: worst-case: n_tokens = 512, n_seqs = 1, n_outputs = 1
graph_reserve: reserving a graph for ubatch with n_tokens =    1, n_seqs =  1, n_outputs =    1
sched_reserve: Flash Attention was auto, set to enabled
sched_reserve: resolving fused Gated Delta Net support:
graph_reserve: reserving a graph for ubatch with n_tokens =    1, n_seqs =  1, n_outputs =    1
sched_reserve: fused Gated Delta Net (autoregressive) enabled
graph_reserve: reserving a graph for ubatch with n_tokens =   16, n_seqs =  1, n_outputs =   16
sched_reserve: fused Gated Delta Net (chunked) enabled
graph_reserve: reserving a graph for ubatch with n_tokens =  512, n_seqs =  1, n_outputs =  512
graph_reserve: reserving a graph for ubatch with n_tokens =    1, n_seqs =  1, n_outputs =    1
graph_reserve: reserving a graph for ubatch with n_tokens =  512, n_seqs =  1, n_outputs =  512
sched_reserve:      CUDA0 compute buffer size =   304.00 MiB
sched_reserve:  CUDA_Host compute buffer size =    14.76 MiB
sched_reserve: graph nodes  = 958
sched_reserve: graph splits = 44 (with bs=512), 2 (with bs=1)
sched_reserve: reserve took 10.90 ms, sched copies = 1
CUDA Graph id 14934 reused
ggml_backend_cuda_graph_compute: CUDA graph warmup complete
CUDA Graph id 14934 reused
CUDA Graph id 14934 reused
CUDA Graph id 14934 reused
CUDA Graph id 14934 reused
CUDA Graph id 14934 reused
CUDA Graph id 14934 reused
CUDA Graph id 14934 reused
CUDA Graph id 14934 reused
CUDA Graph id 14934 reused
CUDA Graph id 14934 reused
CUDA Graph id 14934 reused
CUDA Graph id 14934 reused
CUDA Graph id 14934 reused
CUDA Graph id 14934 reused
CUDA Graph id 14934 reused
CUDA Graph id 14934 reused
CUDA Graph id 14934 reused
CUDA Graph id 14934 reused
CUDA Graph id 14934 reused
CUDA Graph id 14934 reused
CUDA Graph id 14934 reused
CUDA Graph id 14934 reused
CUDA Graph id 14934 reused
CUDA Graph id 14934 reused
CUDA Graph id 14934 reused
CUDA Graph id 14934 reused
CUDA Graph id 14934 reused
CUDA Graph id 14934 reused
CUDA Graph id 14934 reused
CUDA Graph id 14934 reused
CUDA Graph id 14934 reused
CUDA Graph id 14934 reused
CUDA Graph id 14934 reused
CUDA Graph id 14934 reused
CUDA Graph id 14934 reused
CUDA Graph id 14934 reused
CUDA Graph id 14934 reused
CUDA Graph id 14934 reused
CUDA Graph id 14934 reused
CUDA Graph id 14934 reused
CUDA Graph id 14934 reused
CUDA Graph id 14934 reused
CUDA Graph id 14934 reused
CUDA Graph id 14934 reused
CUDA Graph id 14934 reused
CUDA Graph id 14934 reused
CUDA Graph id 14934 reused
CUDA Graph id 14934 reused
~llama_context:      CUDA0 compute buffer size is 304.0000 MiB, matches expectation of 304.0000 MiB
~llama_context:  CUDA_Host compute buffer size is  14.7637 MiB, matches expectation of  14.7637 MiB
llama_context: constructing llama_context
llama_context: n_seq_max     = 1
llama_context: n_ctx         = 768
llama_context: n_ctx_seq     = 768
llama_context: n_batch       = 715
llama_context: n_ubatch      = 512
llama_context: causal_attn   = 1
llama_context: flash_attn    = auto
llama_context: kv_unified    = false
llama_context: freq_base     = 1000000.0
llama_context: freq_scale    = 1
llama_context: n_rs_seq      = 0
llama_context: n_outputs_max = 715
llama_context: n_ctx_seq (768) < n_ctx_train (32768) -- the full capacity of the model will not be utilized
set_abort_callback: call
llama_context:  CUDA_Host  output buffer size =     0.58 MiB
llama_kv_cache: layer   0: dev = CPU
llama_kv_cache: layer   1: dev = CPU
llama_kv_cache: layer   2: dev = CPU
llama_kv_cache: layer   3: dev = CUDA0
llama_kv_cache: layer   4: dev = CUDA0
llama_kv_cache: layer   5: dev = CUDA0
llama_kv_cache: layer   6: dev = CUDA0
llama_kv_cache: layer   7: dev = CUDA0
llama_kv_cache: layer   8: dev = CUDA0
llama_kv_cache: layer   9: dev = CUDA0
llama_kv_cache: layer  10: dev = CUDA0
llama_kv_cache: layer  11: dev = CUDA0
llama_kv_cache: layer  12: dev = CUDA0
llama_kv_cache: layer  13: dev = CUDA0
llama_kv_cache: layer  14: dev = CUDA0
llama_kv_cache: layer  15: dev = CUDA0
llama_kv_cache: layer  16: dev = CUDA0
llama_kv_cache: layer  17: dev = CUDA0
llama_kv_cache: layer  18: dev = CUDA0
llama_kv_cache: layer  19: dev = CUDA0
llama_kv_cache: layer  20: dev = CUDA0
llama_kv_cache: layer  21: dev = CUDA0
llama_kv_cache: layer  22: dev = CUDA0
llama_kv_cache: layer  23: dev = CUDA0
llama_kv_cache: layer  24: dev = CUDA0
llama_kv_cache: layer  25: dev = CUDA0
llama_kv_cache: layer  26: dev = CUDA0
llama_kv_cache: layer  27: dev = CUDA0
llama_kv_cache:        CPU KV buffer size =     4.50 MiB
llama_kv_cache:      CUDA0 KV buffer size =    37.50 MiB
llama_kv_cache: size =   42.00 MiB (   768 cells,  28 layers,  1/1 seqs), K (f16):   21.00 MiB, V (f16):   21.00 MiB
llama_kv_cache: attn_rot_k = 0, n_embd_head_k_all = 128
llama_kv_cache: attn_rot_v = 0, n_embd_head_k_all = 128
llama_context: enumerating backends
llama_context: backend_ptrs.size() = 2
sched_reserve: reserving ...
sched_reserve: max_nodes = 2712
sched_reserve: reserving full memory module
sched_reserve: worst-case: n_tokens = 512, n_seqs = 1, n_outputs = 1
graph_reserve: reserving a graph for ubatch with n_tokens =    1, n_seqs =  1, n_outputs =    1
sched_reserve: Flash Attention was auto, set to enabled
sched_reserve: resolving fused Gated Delta Net support:
graph_reserve: reserving a graph for ubatch with n_tokens =    1, n_seqs =  1, n_outputs =    1
sched_reserve: fused Gated Delta Net (autoregressive) enabled
graph_reserve: reserving a graph for ubatch with n_tokens =   16, n_seqs =  1, n_outputs =   16
sched_reserve: fused Gated Delta Net (chunked) enabled
graph_reserve: reserving a graph for ubatch with n_tokens =  512, n_seqs =  1, n_outputs =  512
graph_reserve: reserving a graph for ubatch with n_tokens =    1, n_seqs =  1, n_outputs =    1
graph_reserve: reserving a graph for ubatch with n_tokens =  512, n_seqs =  1, n_outputs =  512
sched_reserve:      CUDA0 compute buffer size =   304.00 MiB
sched_reserve:  CUDA_Host compute buffer size =    14.76 MiB
sched_reserve: graph nodes  = 958
sched_reserve: graph splits = 44 (with bs=512), 2 (with bs=1)
sched_reserve: reserve took 10.40 ms, sched copies = 1
CUDA Graph id 15084 reused
ggml_backend_cuda_graph_compute: CUDA graph warmup complete
CUDA Graph id 15084 reused
CUDA Graph id 15084 reused
CUDA Graph id 15084 reused
CUDA Graph id 15084 reused
CUDA Graph id 15084 reused
CUDA Graph id 15084 reused
CUDA Graph id 15084 reused
CUDA Graph id 15084 reused
CUDA Graph id 15084 reused
CUDA Graph id 15084 reused
CUDA Graph id 15084 reused
CUDA Graph id 15084 reused
CUDA Graph id 15084 reused
CUDA Graph id 15084 reused
CUDA Graph id 15084 reused
CUDA Graph id 15084 reused
CUDA Graph id 15084 reused
CUDA Graph id 15084 reused
CUDA Graph id 15084 reused
CUDA Graph id 15084 reused
CUDA Graph id 15084 reused
CUDA Graph id 15084 reused
CUDA Graph id 15084 reused
CUDA Graph id 15084 reused
CUDA Graph id 15084 reused
CUDA Graph id 15084 reused
CUDA Graph id 15084 reused
CUDA Graph id 15084 reused
CUDA Graph id 15084 reused
CUDA Graph id 15084 reused
CUDA Graph id 15084 reused
CUDA Graph id 15084 reused
CUDA Graph id 15084 reused
CUDA Graph id 15084 reused
CUDA Graph id 15084 reused
CUDA Graph id 15084 reused
CUDA Graph id 15084 reused
CUDA Graph id 15084 reused
CUDA Graph id 15084 reused
CUDA Graph id 15084 reused
CUDA Graph id 15084 reused
CUDA Graph id 15084 reused
CUDA Graph id 15084 reused
CUDA Graph id 15084 reused
CUDA Graph id 15084 reused
CUDA Graph id 15084 reused
CUDA Graph id 15084 reused
CUDA Graph id 15084 reused
~llama_context:      CUDA0 compute buffer size is 304.0000 MiB, matches expectation of 304.0000 MiB
~llama_context:  CUDA_Host compute buffer size is  14.7637 MiB, matches expectation of  14.7637 MiB
llama_context: constructing llama_context
llama_context: n_seq_max     = 1
llama_context: n_ctx         = 768
llama_context: n_ctx_seq     = 768
llama_context: n_batch       = 715
llama_context: n_ubatch      = 512
llama_context: causal_attn   = 1
llama_context: flash_attn    = auto
llama_context: kv_unified    = false
llama_context: freq_base     = 1000000.0
llama_context: freq_scale    = 1
llama_context: n_rs_seq      = 0
llama_context: n_outputs_max = 715
llama_context: n_ctx_seq (768) < n_ctx_train (32768) -- the full capacity of the model will not be utilized
set_abort_callback: call
llama_context:  CUDA_Host  output buffer size =     0.58 MiB
llama_kv_cache: layer   0: dev = CPU
llama_kv_cache: layer   1: dev = CPU
llama_kv_cache: layer   2: dev = CPU
llama_kv_cache: layer   3: dev = CUDA0
llama_kv_cache: layer   4: dev = CUDA0
llama_kv_cache: layer   5: dev = CUDA0
llama_kv_cache: layer   6: dev = CUDA0
llama_kv_cache: layer   7: dev = CUDA0
llama_kv_cache: layer   8: dev = CUDA0
llama_kv_cache: layer   9: dev = CUDA0
llama_kv_cache: layer  10: dev = CUDA0
llama_kv_cache: layer  11: dev = CUDA0
llama_kv_cache: layer  12: dev = CUDA0
llama_kv_cache: layer  13: dev = CUDA0
llama_kv_cache: layer  14: dev = CUDA0
llama_kv_cache: layer  15: dev = CUDA0
llama_kv_cache: layer  16: dev = CUDA0
llama_kv_cache: layer  17: dev = CUDA0
llama_kv_cache: layer  18: dev = CUDA0
llama_kv_cache: layer  19: dev = CUDA0
llama_kv_cache: layer  20: dev = CUDA0
llama_kv_cache: layer  21: dev = CUDA0
llama_kv_cache: layer  22: dev = CUDA0
llama_kv_cache: layer  23: dev = CUDA0
llama_kv_cache: layer  24: dev = CUDA0
llama_kv_cache: layer  25: dev = CUDA0
llama_kv_cache: layer  26: dev = CUDA0
llama_kv_cache: layer  27: dev = CUDA0
llama_kv_cache:        CPU KV buffer size =     4.50 MiB
llama_kv_cache:      CUDA0 KV buffer size =    37.50 MiB
llama_kv_cache: size =   42.00 MiB (   768 cells,  28 layers,  1/1 seqs), K (f16):   21.00 MiB, V (f16):   21.00 MiB
llama_kv_cache: attn_rot_k = 0, n_embd_head_k_all = 128
llama_kv_cache: attn_rot_v = 0, n_embd_head_k_all = 128
llama_context: enumerating backends
llama_context: backend_ptrs.size() = 2
sched_reserve: reserving ...
sched_reserve: max_nodes = 2712
sched_reserve: reserving full memory module
sched_reserve: worst-case: n_tokens = 512, n_seqs = 1, n_outputs = 1
graph_reserve: reserving a graph for ubatch with n_tokens =    1, n_seqs =  1, n_outputs =    1
sched_reserve: Flash Attention was auto, set to enabled
sched_reserve: resolving fused Gated Delta Net support:
graph_reserve: reserving a graph for ubatch with n_tokens =    1, n_seqs =  1, n_outputs =    1
sched_reserve: fused Gated Delta Net (autoregressive) enabled
graph_reserve: reserving a graph for ubatch with n_tokens =   16, n_seqs =  1, n_outputs =   16
sched_reserve: fused Gated Delta Net (chunked) enabled
graph_reserve: reserving a graph for ubatch with n_tokens =  512, n_seqs =  1, n_outputs =  512
graph_reserve: reserving a graph for ubatch with n_tokens =    1, n_seqs =  1, n_outputs =    1
graph_reserve: reserving a graph for ubatch with n_tokens =  512, n_seqs =  1, n_outputs =  512
sched_reserve:      CUDA0 compute buffer size =   304.00 MiB
sched_reserve:  CUDA_Host compute buffer size =    14.76 MiB
sched_reserve: graph nodes  = 958
sched_reserve: graph splits = 44 (with bs=512), 2 (with bs=1)
sched_reserve: reserve took 10.67 ms, sched copies = 1
CUDA Graph id 15234 reused
ggml_backend_cuda_graph_compute: CUDA graph warmup complete
CUDA Graph id 15234 reused
CUDA Graph id 15234 reused
CUDA Graph id 15234 reused
CUDA Graph id 15234 reused
CUDA Graph id 15234 reused
CUDA Graph id 15234 reused
CUDA Graph id 15234 reused
CUDA Graph id 15234 reused
CUDA Graph id 15234 reused
CUDA Graph id 15234 reused
CUDA Graph id 15234 reused
CUDA Graph id 15234 reused
CUDA Graph id 15234 reused
CUDA Graph id 15234 reused
CUDA Graph id 15234 reused
CUDA Graph id 15234 reused
CUDA Graph id 15234 reused
CUDA Graph id 15234 reused
CUDA Graph id 15234 reused
CUDA Graph id 15234 reused
CUDA Graph id 15234 reused
CUDA Graph id 15234 reused
CUDA Graph id 15234 reused
CUDA Graph id 15234 reused
CUDA Graph id 15234 reused
CUDA Graph id 15234 reused
~llama_context:      CUDA0 compute buffer size is 304.0000 MiB, matches expectation of 304.0000 MiB
~llama_context:  CUDA_Host compute buffer size is  14.7637 MiB, matches expectation of  14.7637 MiB
llama_context: constructing llama_context
llama_context: n_seq_max     = 1
llama_context: n_ctx         = 768
llama_context: n_ctx_seq     = 768
llama_context: n_batch       = 715
llama_context: n_ubatch      = 512
llama_context: causal_attn   = 1
llama_context: flash_attn    = auto
llama_context: kv_unified    = false
llama_context: freq_base     = 1000000.0
llama_context: freq_scale    = 1
llama_context: n_rs_seq      = 0
llama_context: n_outputs_max = 715
llama_context: n_ctx_seq (768) < n_ctx_train (32768) -- the full capacity of the model will not be utilized
set_abort_callback: call
llama_context:  CUDA_Host  output buffer size =     0.58 MiB
llama_kv_cache: layer   0: dev = CPU
llama_kv_cache: layer   1: dev = CPU
llama_kv_cache: layer   2: dev = CPU
llama_kv_cache: layer   3: dev = CUDA0
llama_kv_cache: layer   4: dev = CUDA0
llama_kv_cache: layer   5: dev = CUDA0
llama_kv_cache: layer   6: dev = CUDA0
llama_kv_cache: layer   7: dev = CUDA0
llama_kv_cache: layer   8: dev = CUDA0
llama_kv_cache: layer   9: dev = CUDA0
llama_kv_cache: layer  10: dev = CUDA0
llama_kv_cache: layer  11: dev = CUDA0
llama_kv_cache: layer  12: dev = CUDA0
llama_kv_cache: layer  13: dev = CUDA0
llama_kv_cache: layer  14: dev = CUDA0
llama_kv_cache: layer  15: dev = CUDA0
llama_kv_cache: layer  16: dev = CUDA0
llama_kv_cache: layer  17: dev = CUDA0
llama_kv_cache: layer  18: dev = CUDA0
llama_kv_cache: layer  19: dev = CUDA0
llama_kv_cache: layer  20: dev = CUDA0
llama_kv_cache: layer  21: dev = CUDA0
llama_kv_cache: layer  22: dev = CUDA0
llama_kv_cache: layer  23: dev = CUDA0
llama_kv_cache: layer  24: dev = CUDA0
llama_kv_cache: layer  25: dev = CUDA0
llama_kv_cache: layer  26: dev = CUDA0
llama_kv_cache: layer  27: dev = CUDA0
llama_kv_cache:        CPU KV buffer size =     4.50 MiB
llama_kv_cache:      CUDA0 KV buffer size =    37.50 MiB
llama_kv_cache: size =   42.00 MiB (   768 cells,  28 layers,  1/1 seqs), K (f16):   21.00 MiB, V (f16):   21.00 MiB
llama_kv_cache: attn_rot_k = 0, n_embd_head_k_all = 128
llama_kv_cache: attn_rot_v = 0, n_embd_head_k_all = 128
llama_context: enumerating backends
llama_context: backend_ptrs.size() = 2
sched_reserve: reserving ...
sched_reserve: max_nodes = 2712
sched_reserve: reserving full memory module
sched_reserve: worst-case: n_tokens = 512, n_seqs = 1, n_outputs = 1
graph_reserve: reserving a graph for ubatch with n_tokens =    1, n_seqs =  1, n_outputs =    1
sched_reserve: Flash Attention was auto, set to enabled
sched_reserve: resolving fused Gated Delta Net support:
graph_reserve: reserving a graph for ubatch with n_tokens =    1, n_seqs =  1, n_outputs =    1
sched_reserve: fused Gated Delta Net (autoregressive) enabled
graph_reserve: reserving a graph for ubatch with n_tokens =   16, n_seqs =  1, n_outputs =   16
sched_reserve: fused Gated Delta Net (chunked) enabled
graph_reserve: reserving a graph for ubatch with n_tokens =  512, n_seqs =  1, n_outputs =  512
graph_reserve: reserving a graph for ubatch with n_tokens =    1, n_seqs =  1, n_outputs =    1
graph_reserve: reserving a graph for ubatch with n_tokens =  512, n_seqs =  1, n_outputs =  512
sched_reserve:      CUDA0 compute buffer size =   304.00 MiB
sched_reserve:  CUDA_Host compute buffer size =    14.76 MiB
sched_reserve: graph nodes  = 958
sched_reserve: graph splits = 44 (with bs=512), 2 (with bs=1)
sched_reserve: reserve took 10.79 ms, sched copies = 1
CUDA Graph id 15384 reused
ggml_backend_cuda_graph_compute: CUDA graph warmup complete
CUDA Graph id 15384 reused
CUDA Graph id 15384 reused
CUDA Graph id 15384 reused
CUDA Graph id 15384 reused
CUDA Graph id 15384 reused
CUDA Graph id 15384 reused
CUDA Graph id 15384 reused
CUDA Graph id 15384 reused
CUDA Graph id 15384 reused
CUDA Graph id 15384 reused
CUDA Graph id 15384 reused
CUDA Graph id 15384 reused
CUDA Graph id 15384 reused
CUDA Graph id 15384 reused
CUDA Graph id 15384 reused
CUDA Graph id 15384 reused
CUDA Graph id 15384 reused
CUDA Graph id 15384 reused
CUDA Graph id 15384 reused
CUDA Graph id 15384 reused
CUDA Graph id 15384 reused
CUDA Graph id 15384 reused
CUDA Graph id 15384 reused
CUDA Graph id 15384 reused
CUDA Graph id 15384 reused
CUDA Graph id 15384 reused
CUDA Graph id 15384 reused
CUDA Graph id 15384 reused
CUDA Graph id 15384 reused
CUDA Graph id 15384 reused
CUDA Graph id 15384 reused
CUDA Graph id 15384 reused
CUDA Graph id 15384 reused
CUDA Graph id 15384 reused
CUDA Graph id 15384 reused
CUDA Graph id 15384 reused
CUDA Graph id 15384 reused
CUDA Graph id 15384 reused
CUDA Graph id 15384 reused
CUDA Graph id 15384 reused
CUDA Graph id 15384 reused
CUDA Graph id 15384 reused
CUDA Graph id 15384 reused
CUDA Graph id 15384 reused
CUDA Graph id 15384 reused
CUDA Graph id 15384 reused
CUDA Graph id 15384 reused
CUDA Graph id 15384 reused
CUDA Graph id 15384 reused
CUDA Graph id 15384 reused
CUDA Graph id 15384 reused
CUDA Graph id 15384 reused
CUDA Graph id 15384 reused
CUDA Graph id 15384 reused
CUDA Graph id 15384 reused
CUDA Graph id 15384 reused
CUDA Graph id 15384 reused
CUDA Graph id 15384 reused
CUDA Graph id 15384 reused
ggml_backend_cuda_graph_compute: CUDA graph warmup reset
CUDA Graph id 15387 reused
ggml_backend_cuda_graph_compute: CUDA graph warmup complete
CUDA Graph id 15387 reused
~llama_context:      CUDA0 compute buffer size is 304.0000 MiB, matches expectation of 304.0000 MiB
~llama_context:  CUDA_Host compute buffer size is  14.7637 MiB, matches expectation of  14.7637 MiB
schema 192/200 done
llama_context: constructing llama_context
llama_context: n_seq_max     = 1
llama_context: n_ctx         = 768
llama_context: n_ctx_seq     = 768
llama_context: n_batch       = 761
llama_context: n_ubatch      = 512
llama_context: causal_attn   = 1
llama_context: flash_attn    = auto
llama_context: kv_unified    = false
llama_context: freq_base     = 1000000.0
llama_context: freq_scale    = 1
llama_context: n_rs_seq      = 0
llama_context: n_outputs_max = 761
llama_context: n_ctx_seq (768) < n_ctx_train (32768) -- the full capacity of the model will not be utilized
set_abort_callback: call
llama_context:  CUDA_Host  output buffer size =     0.58 MiB
llama_kv_cache: layer   0: dev = CPU
llama_kv_cache: layer   1: dev = CPU
llama_kv_cache: layer   2: dev = CPU
llama_kv_cache: layer   3: dev = CUDA0
llama_kv_cache: layer   4: dev = CUDA0
llama_kv_cache: layer   5: dev = CUDA0
llama_kv_cache: layer   6: dev = CUDA0
llama_kv_cache: layer   7: dev = CUDA0
llama_kv_cache: layer   8: dev = CUDA0
llama_kv_cache: layer   9: dev = CUDA0
llama_kv_cache: layer  10: dev = CUDA0
llama_kv_cache: layer  11: dev = CUDA0
llama_kv_cache: layer  12: dev = CUDA0
llama_kv_cache: layer  13: dev = CUDA0
llama_kv_cache: layer  14: dev = CUDA0
llama_kv_cache: layer  15: dev = CUDA0
llama_kv_cache: layer  16: dev = CUDA0
llama_kv_cache: layer  17: dev = CUDA0
llama_kv_cache: layer  18: dev = CUDA0
llama_kv_cache: layer  19: dev = CUDA0
llama_kv_cache: layer  20: dev = CUDA0
llama_kv_cache: layer  21: dev = CUDA0
llama_kv_cache: layer  22: dev = CUDA0
llama_kv_cache: layer  23: dev = CUDA0
llama_kv_cache: layer  24: dev = CUDA0
llama_kv_cache: layer  25: dev = CUDA0
llama_kv_cache: layer  26: dev = CUDA0
llama_kv_cache: layer  27: dev = CUDA0
llama_kv_cache:        CPU KV buffer size =     4.50 MiB
llama_kv_cache:      CUDA0 KV buffer size =    37.50 MiB
llama_kv_cache: size =   42.00 MiB (   768 cells,  28 layers,  1/1 seqs), K (f16):   21.00 MiB, V (f16):   21.00 MiB
llama_kv_cache: attn_rot_k = 0, n_embd_head_k_all = 128
llama_kv_cache: attn_rot_v = 0, n_embd_head_k_all = 128
llama_context: enumerating backends
llama_context: backend_ptrs.size() = 2
sched_reserve: reserving ...
sched_reserve: max_nodes = 2712
sched_reserve: reserving full memory module
sched_reserve: worst-case: n_tokens = 512, n_seqs = 1, n_outputs = 1
graph_reserve: reserving a graph for ubatch with n_tokens =    1, n_seqs =  1, n_outputs =    1
sched_reserve: Flash Attention was auto, set to enabled
sched_reserve: resolving fused Gated Delta Net support:
graph_reserve: reserving a graph for ubatch with n_tokens =    1, n_seqs =  1, n_outputs =    1
sched_reserve: fused Gated Delta Net (autoregressive) enabled
graph_reserve: reserving a graph for ubatch with n_tokens =   16, n_seqs =  1, n_outputs =   16
sched_reserve: fused Gated Delta Net (chunked) enabled
graph_reserve: reserving a graph for ubatch with n_tokens =  512, n_seqs =  1, n_outputs =  512
graph_reserve: reserving a graph for ubatch with n_tokens =    1, n_seqs =  1, n_outputs =    1
graph_reserve: reserving a graph for ubatch with n_tokens =  512, n_seqs =  1, n_outputs =  512
sched_reserve:      CUDA0 compute buffer size =   304.00 MiB
sched_reserve:  CUDA_Host compute buffer size =    14.76 MiB
sched_reserve: graph nodes  = 958
sched_reserve: graph splits = 44 (with bs=512), 2 (with bs=1)
sched_reserve: reserve took 10.81 ms, sched copies = 1
CUDA Graph id 15537 reused
ggml_backend_cuda_graph_compute: CUDA graph warmup complete
CUDA Graph id 15537 reused
CUDA Graph id 15537 reused
CUDA Graph id 15537 reused
CUDA Graph id 15537 reused
CUDA Graph id 15537 reused
CUDA Graph id 15537 reused
CUDA Graph id 15537 reused
CUDA Graph id 15537 reused
CUDA Graph id 15537 reused
CUDA Graph id 15537 reused
CUDA Graph id 15537 reused
CUDA Graph id 15537 reused
CUDA Graph id 15537 reused
ggml_backend_cuda_graph_compute: CUDA graph warmup reset
CUDA Graph id 15540 reused
ggml_backend_cuda_graph_compute: CUDA graph warmup complete
CUDA Graph id 15540 reused
CUDA Graph id 15540 reused
CUDA Graph id 15540 reused
CUDA Graph id 15540 reused
CUDA Graph id 15540 reused
CUDA Graph id 15540 reused
CUDA Graph id 15540 reused
CUDA Graph id 15540 reused
CUDA Graph id 15540 reused
CUDA Graph id 15540 reused
CUDA Graph id 15540 reused
CUDA Graph id 15540 reused
CUDA Graph id 15540 reused
CUDA Graph id 15540 reused
CUDA Graph id 15540 reused
CUDA Graph id 15540 reused
CUDA Graph id 15540 reused
CUDA Graph id 15540 reused
CUDA Graph id 15540 reused
CUDA Graph id 15540 reused
CUDA Graph id 15540 reused
CUDA Graph id 15540 reused
~llama_context:      CUDA0 compute buffer size is 304.0000 MiB, matches expectation of 304.0000 MiB
~llama_context:  CUDA_Host compute buffer size is  14.7637 MiB, matches expectation of  14.7637 MiB
llama_context: constructing llama_context
llama_context: n_seq_max     = 1
llama_context: n_ctx         = 768
llama_context: n_ctx_seq     = 768
llama_context: n_batch       = 761
llama_context: n_ubatch      = 512
llama_context: causal_attn   = 1
llama_context: flash_attn    = auto
llama_context: kv_unified    = false
llama_context: freq_base     = 1000000.0
llama_context: freq_scale    = 1
llama_context: n_rs_seq      = 0
llama_context: n_outputs_max = 761
llama_context: n_ctx_seq (768) < n_ctx_train (32768) -- the full capacity of the model will not be utilized
set_abort_callback: call
llama_context:  CUDA_Host  output buffer size =     0.58 MiB
llama_kv_cache: layer   0: dev = CPU
llama_kv_cache: layer   1: dev = CPU
llama_kv_cache: layer   2: dev = CPU
llama_kv_cache: layer   3: dev = CUDA0
llama_kv_cache: layer   4: dev = CUDA0
llama_kv_cache: layer   5: dev = CUDA0
llama_kv_cache: layer   6: dev = CUDA0
llama_kv_cache: layer   7: dev = CUDA0
llama_kv_cache: layer   8: dev = CUDA0
llama_kv_cache: layer   9: dev = CUDA0
llama_kv_cache: layer  10: dev = CUDA0
llama_kv_cache: layer  11: dev = CUDA0
llama_kv_cache: layer  12: dev = CUDA0
llama_kv_cache: layer  13: dev = CUDA0
llama_kv_cache: layer  14: dev = CUDA0
llama_kv_cache: layer  15: dev = CUDA0
llama_kv_cache: layer  16: dev = CUDA0
llama_kv_cache: layer  17: dev = CUDA0
llama_kv_cache: layer  18: dev = CUDA0
llama_kv_cache: layer  19: dev = CUDA0
llama_kv_cache: layer  20: dev = CUDA0
llama_kv_cache: layer  21: dev = CUDA0
llama_kv_cache: layer  22: dev = CUDA0
llama_kv_cache: layer  23: dev = CUDA0
llama_kv_cache: layer  24: dev = CUDA0
llama_kv_cache: layer  25: dev = CUDA0
llama_kv_cache: layer  26: dev = CUDA0
llama_kv_cache: layer  27: dev = CUDA0
llama_kv_cache:        CPU KV buffer size =     4.50 MiB
llama_kv_cache:      CUDA0 KV buffer size =    37.50 MiB
llama_kv_cache: size =   42.00 MiB (   768 cells,  28 layers,  1/1 seqs), K (f16):   21.00 MiB, V (f16):   21.00 MiB
llama_kv_cache: attn_rot_k = 0, n_embd_head_k_all = 128
llama_kv_cache: attn_rot_v = 0, n_embd_head_k_all = 128
llama_context: enumerating backends
llama_context: backend_ptrs.size() = 2
sched_reserve: reserving ...
sched_reserve: max_nodes = 2712
sched_reserve: reserving full memory module
sched_reserve: worst-case: n_tokens = 512, n_seqs = 1, n_outputs = 1
graph_reserve: reserving a graph for ubatch with n_tokens =    1, n_seqs =  1, n_outputs =    1
sched_reserve: Flash Attention was auto, set to enabled
sched_reserve: resolving fused Gated Delta Net support:
graph_reserve: reserving a graph for ubatch with n_tokens =    1, n_seqs =  1, n_outputs =    1
sched_reserve: fused Gated Delta Net (autoregressive) enabled
graph_reserve: reserving a graph for ubatch with n_tokens =   16, n_seqs =  1, n_outputs =   16
sched_reserve: fused Gated Delta Net (chunked) enabled
graph_reserve: reserving a graph for ubatch with n_tokens =  512, n_seqs =  1, n_outputs =  512
graph_reserve: reserving a graph for ubatch with n_tokens =    1, n_seqs =  1, n_outputs =    1
graph_reserve: reserving a graph for ubatch with n_tokens =  512, n_seqs =  1, n_outputs =  512
sched_reserve:      CUDA0 compute buffer size =   304.00 MiB
sched_reserve:  CUDA_Host compute buffer size =    14.76 MiB
sched_reserve: graph nodes  = 958
sched_reserve: graph splits = 44 (with bs=512), 2 (with bs=1)
sched_reserve: reserve took 10.57 ms, sched copies = 1
CUDA Graph id 15690 reused
ggml_backend_cuda_graph_compute: CUDA graph warmup complete
CUDA Graph id 15690 reused
CUDA Graph id 15690 reused
CUDA Graph id 15690 reused
CUDA Graph id 15690 reused
CUDA Graph id 15690 reused
CUDA Graph id 15690 reused
CUDA Graph id 15690 reused
CUDA Graph id 15690 reused
CUDA Graph id 15690 reused
CUDA Graph id 15690 reused
CUDA Graph id 15690 reused
CUDA Graph id 15690 reused
CUDA Graph id 15690 reused
ggml_backend_cuda_graph_compute: CUDA graph warmup reset
CUDA Graph id 15693 reused
ggml_backend_cuda_graph_compute: CUDA graph warmup complete
CUDA Graph id 15693 reused
CUDA Graph id 15693 reused
CUDA Graph id 15693 reused
CUDA Graph id 15693 reused
CUDA Graph id 15693 reused
CUDA Graph id 15693 reused
CUDA Graph id 15693 reused
CUDA Graph id 15693 reused
CUDA Graph id 15693 reused
CUDA Graph id 15693 reused
CUDA Graph id 15693 reused
CUDA Graph id 15693 reused
CUDA Graph id 15693 reused
CUDA Graph id 15693 reused
CUDA Graph id 15693 reused
CUDA Graph id 15693 reused
CUDA Graph id 15693 reused
CUDA Graph id 15693 reused
CUDA Graph id 15693 reused
CUDA Graph id 15693 reused
CUDA Graph id 15693 reused
CUDA Graph id 15693 reused
~llama_context:      CUDA0 compute buffer size is 304.0000 MiB, matches expectation of 304.0000 MiB
~llama_context:  CUDA_Host compute buffer size is  14.7637 MiB, matches expectation of  14.7637 MiB
llama_context: constructing llama_context
llama_context: n_seq_max     = 1
llama_context: n_ctx         = 768
llama_context: n_ctx_seq     = 768
llama_context: n_batch       = 761
llama_context: n_ubatch      = 512
llama_context: causal_attn   = 1
llama_context: flash_attn    = auto
llama_context: kv_unified    = false
llama_context: freq_base     = 1000000.0
llama_context: freq_scale    = 1
llama_context: n_rs_seq      = 0
llama_context: n_outputs_max = 761
llama_context: n_ctx_seq (768) < n_ctx_train (32768) -- the full capacity of the model will not be utilized
set_abort_callback: call
llama_context:  CUDA_Host  output buffer size =     0.58 MiB
llama_kv_cache: layer   0: dev = CPU
llama_kv_cache: layer   1: dev = CPU
llama_kv_cache: layer   2: dev = CPU
llama_kv_cache: layer   3: dev = CUDA0
llama_kv_cache: layer   4: dev = CUDA0
llama_kv_cache: layer   5: dev = CUDA0
llama_kv_cache: layer   6: dev = CUDA0
llama_kv_cache: layer   7: dev = CUDA0
llama_kv_cache: layer   8: dev = CUDA0
llama_kv_cache: layer   9: dev = CUDA0
llama_kv_cache: layer  10: dev = CUDA0
llama_kv_cache: layer  11: dev = CUDA0
llama_kv_cache: layer  12: dev = CUDA0
llama_kv_cache: layer  13: dev = CUDA0
llama_kv_cache: layer  14: dev = CUDA0
llama_kv_cache: layer  15: dev = CUDA0
llama_kv_cache: layer  16: dev = CUDA0
llama_kv_cache: layer  17: dev = CUDA0
llama_kv_cache: layer  18: dev = CUDA0
llama_kv_cache: layer  19: dev = CUDA0
llama_kv_cache: layer  20: dev = CUDA0
llama_kv_cache: layer  21: dev = CUDA0
llama_kv_cache: layer  22: dev = CUDA0
llama_kv_cache: layer  23: dev = CUDA0
llama_kv_cache: layer  24: dev = CUDA0
llama_kv_cache: layer  25: dev = CUDA0
llama_kv_cache: layer  26: dev = CUDA0
llama_kv_cache: layer  27: dev = CUDA0
llama_kv_cache:        CPU KV buffer size =     4.50 MiB
llama_kv_cache:      CUDA0 KV buffer size =    37.50 MiB
llama_kv_cache: size =   42.00 MiB (   768 cells,  28 layers,  1/1 seqs), K (f16):   21.00 MiB, V (f16):   21.00 MiB
llama_kv_cache: attn_rot_k = 0, n_embd_head_k_all = 128
llama_kv_cache: attn_rot_v = 0, n_embd_head_k_all = 128
llama_context: enumerating backends
llama_context: backend_ptrs.size() = 2
sched_reserve: reserving ...
sched_reserve: max_nodes = 2712
sched_reserve: reserving full memory module
sched_reserve: worst-case: n_tokens = 512, n_seqs = 1, n_outputs = 1
graph_reserve: reserving a graph for ubatch with n_tokens =    1, n_seqs =  1, n_outputs =    1
sched_reserve: Flash Attention was auto, set to enabled
sched_reserve: resolving fused Gated Delta Net support:
graph_reserve: reserving a graph for ubatch with n_tokens =    1, n_seqs =  1, n_outputs =    1
sched_reserve: fused Gated Delta Net (autoregressive) enabled
graph_reserve: reserving a graph for ubatch with n_tokens =   16, n_seqs =  1, n_outputs =   16
sched_reserve: fused Gated Delta Net (chunked) enabled
graph_reserve: reserving a graph for ubatch with n_tokens =  512, n_seqs =  1, n_outputs =  512
graph_reserve: reserving a graph for ubatch with n_tokens =    1, n_seqs =  1, n_outputs =    1
graph_reserve: reserving a graph for ubatch with n_tokens =  512, n_seqs =  1, n_outputs =  512
sched_reserve:      CUDA0 compute buffer size =   304.00 MiB
sched_reserve:  CUDA_Host compute buffer size =    14.76 MiB
sched_reserve: graph nodes  = 958
sched_reserve: graph splits = 44 (with bs=512), 2 (with bs=1)
sched_reserve: reserve took 10.77 ms, sched copies = 1
CUDA Graph id 15843 reused
ggml_backend_cuda_graph_compute: CUDA graph warmup complete
CUDA Graph id 15843 reused
CUDA Graph id 15843 reused
CUDA Graph id 15843 reused
CUDA Graph id 15843 reused
CUDA Graph id 15843 reused
CUDA Graph id 15843 reused
CUDA Graph id 15843 reused
CUDA Graph id 15843 reused
CUDA Graph id 15843 reused
CUDA Graph id 15843 reused
CUDA Graph id 15843 reused
CUDA Graph id 15843 reused
CUDA Graph id 15843 reused
ggml_backend_cuda_graph_compute: CUDA graph warmup reset
CUDA Graph id 15846 reused
ggml_backend_cuda_graph_compute: CUDA graph warmup complete
CUDA Graph id 15846 reused
CUDA Graph id 15846 reused
CUDA Graph id 15846 reused
CUDA Graph id 15846 reused
CUDA Graph id 15846 reused
CUDA Graph id 15846 reused
CUDA Graph id 15846 reused
CUDA Graph id 15846 reused
CUDA Graph id 15846 reused
~llama_context:      CUDA0 compute buffer size is 304.0000 MiB, matches expectation of 304.0000 MiB
~llama_context:  CUDA_Host compute buffer size is  14.7637 MiB, matches expectation of  14.7637 MiB
llama_context: constructing llama_context
llama_context: n_seq_max     = 1
llama_context: n_ctx         = 768
llama_context: n_ctx_seq     = 768
llama_context: n_batch       = 761
llama_context: n_ubatch      = 512
llama_context: causal_attn   = 1
llama_context: flash_attn    = auto
llama_context: kv_unified    = false
llama_context: freq_base     = 1000000.0
llama_context: freq_scale    = 1
llama_context: n_rs_seq      = 0
llama_context: n_outputs_max = 761
llama_context: n_ctx_seq (768) < n_ctx_train (32768) -- the full capacity of the model will not be utilized
set_abort_callback: call
llama_context:  CUDA_Host  output buffer size =     0.58 MiB
llama_kv_cache: layer   0: dev = CPU
llama_kv_cache: layer   1: dev = CPU
llama_kv_cache: layer   2: dev = CPU
llama_kv_cache: layer   3: dev = CUDA0
llama_kv_cache: layer   4: dev = CUDA0
llama_kv_cache: layer   5: dev = CUDA0
llama_kv_cache: layer   6: dev = CUDA0
llama_kv_cache: layer   7: dev = CUDA0
llama_kv_cache: layer   8: dev = CUDA0
llama_kv_cache: layer   9: dev = CUDA0
llama_kv_cache: layer  10: dev = CUDA0
llama_kv_cache: layer  11: dev = CUDA0
llama_kv_cache: layer  12: dev = CUDA0
llama_kv_cache: layer  13: dev = CUDA0
llama_kv_cache: layer  14: dev = CUDA0
llama_kv_cache: layer  15: dev = CUDA0
llama_kv_cache: layer  16: dev = CUDA0
llama_kv_cache: layer  17: dev = CUDA0
llama_kv_cache: layer  18: dev = CUDA0
llama_kv_cache: layer  19: dev = CUDA0
llama_kv_cache: layer  20: dev = CUDA0
llama_kv_cache: layer  21: dev = CUDA0
llama_kv_cache: layer  22: dev = CUDA0
llama_kv_cache: layer  23: dev = CUDA0
llama_kv_cache: layer  24: dev = CUDA0
llama_kv_cache: layer  25: dev = CUDA0
llama_kv_cache: layer  26: dev = CUDA0
llama_kv_cache: layer  27: dev = CUDA0
llama_kv_cache:        CPU KV buffer size =     4.50 MiB
llama_kv_cache:      CUDA0 KV buffer size =    37.50 MiB
llama_kv_cache: size =   42.00 MiB (   768 cells,  28 layers,  1/1 seqs), K (f16):   21.00 MiB, V (f16):   21.00 MiB
llama_kv_cache: attn_rot_k = 0, n_embd_head_k_all = 128
llama_kv_cache: attn_rot_v = 0, n_embd_head_k_all = 128
llama_context: enumerating backends
llama_context: backend_ptrs.size() = 2
sched_reserve: reserving ...
sched_reserve: max_nodes = 2712
sched_reserve: reserving full memory module
sched_reserve: worst-case: n_tokens = 512, n_seqs = 1, n_outputs = 1
graph_reserve: reserving a graph for ubatch with n_tokens =    1, n_seqs =  1, n_outputs =    1
sched_reserve: Flash Attention was auto, set to enabled
sched_reserve: resolving fused Gated Delta Net support:
graph_reserve: reserving a graph for ubatch with n_tokens =    1, n_seqs =  1, n_outputs =    1
sched_reserve: fused Gated Delta Net (autoregressive) enabled
graph_reserve: reserving a graph for ubatch with n_tokens =   16, n_seqs =  1, n_outputs =   16
sched_reserve: fused Gated Delta Net (chunked) enabled
graph_reserve: reserving a graph for ubatch with n_tokens =  512, n_seqs =  1, n_outputs =  512
graph_reserve: reserving a graph for ubatch with n_tokens =    1, n_seqs =  1, n_outputs =    1
graph_reserve: reserving a graph for ubatch with n_tokens =  512, n_seqs =  1, n_outputs =  512
sched_reserve:      CUDA0 compute buffer size =   304.00 MiB
sched_reserve:  CUDA_Host compute buffer size =    14.76 MiB
sched_reserve: graph nodes  = 958
sched_reserve: graph splits = 44 (with bs=512), 2 (with bs=1)
sched_reserve: reserve took 10.61 ms, sched copies = 1
CUDA Graph id 15996 reused
ggml_backend_cuda_graph_compute: CUDA graph warmup complete
CUDA Graph id 15996 reused
CUDA Graph id 15996 reused
CUDA Graph id 15996 reused
CUDA Graph id 15996 reused
CUDA Graph id 15996 reused
CUDA Graph id 15996 reused
CUDA Graph id 15996 reused
CUDA Graph id 15996 reused
CUDA Graph id 15996 reused
CUDA Graph id 15996 reused
CUDA Graph id 15996 reused
CUDA Graph id 15996 reused
CUDA Graph id 15996 reused
ggml_backend_cuda_graph_compute: CUDA graph warmup reset
CUDA Graph id 15999 reused
ggml_backend_cuda_graph_compute: CUDA graph warmup complete
CUDA Graph id 15999 reused
CUDA Graph id 15999 reused
CUDA Graph id 15999 reused
CUDA Graph id 15999 reused
CUDA Graph id 15999 reused
CUDA Graph id 15999 reused
CUDA Graph id 15999 reused
CUDA Graph id 15999 reused
CUDA Graph id 15999 reused
~llama_context:      CUDA0 compute buffer size is 304.0000 MiB, matches expectation of 304.0000 MiB
~llama_context:  CUDA_Host compute buffer size is  14.7637 MiB, matches expectation of  14.7637 MiB
llama_context: constructing llama_context
llama_context: n_seq_max     = 1
llama_context: n_ctx         = 768
llama_context: n_ctx_seq     = 768
llama_context: n_batch       = 761
llama_context: n_ubatch      = 512
llama_context: causal_attn   = 1
llama_context: flash_attn    = auto
llama_context: kv_unified    = false
llama_context: freq_base     = 1000000.0
llama_context: freq_scale    = 1
llama_context: n_rs_seq      = 0
llama_context: n_outputs_max = 761
llama_context: n_ctx_seq (768) < n_ctx_train (32768) -- the full capacity of the model will not be utilized
set_abort_callback: call
llama_context:  CUDA_Host  output buffer size =     0.58 MiB
llama_kv_cache: layer   0: dev = CPU
llama_kv_cache: layer   1: dev = CPU
llama_kv_cache: layer   2: dev = CPU
llama_kv_cache: layer   3: dev = CUDA0
llama_kv_cache: layer   4: dev = CUDA0
llama_kv_cache: layer   5: dev = CUDA0
llama_kv_cache: layer   6: dev = CUDA0
llama_kv_cache: layer   7: dev = CUDA0
llama_kv_cache: layer   8: dev = CUDA0
llama_kv_cache: layer   9: dev = CUDA0
llama_kv_cache: layer  10: dev = CUDA0
llama_kv_cache: layer  11: dev = CUDA0
llama_kv_cache: layer  12: dev = CUDA0
llama_kv_cache: layer  13: dev = CUDA0
llama_kv_cache: layer  14: dev = CUDA0
llama_kv_cache: layer  15: dev = CUDA0
llama_kv_cache: layer  16: dev = CUDA0
llama_kv_cache: layer  17: dev = CUDA0
llama_kv_cache: layer  18: dev = CUDA0
llama_kv_cache: layer  19: dev = CUDA0
llama_kv_cache: layer  20: dev = CUDA0
llama_kv_cache: layer  21: dev = CUDA0
llama_kv_cache: layer  22: dev = CUDA0
llama_kv_cache: layer  23: dev = CUDA0
llama_kv_cache: layer  24: dev = CUDA0
llama_kv_cache: layer  25: dev = CUDA0
llama_kv_cache: layer  26: dev = CUDA0
llama_kv_cache: layer  27: dev = CUDA0
llama_kv_cache:        CPU KV buffer size =     4.50 MiB
llama_kv_cache:      CUDA0 KV buffer size =    37.50 MiB
llama_kv_cache: size =   42.00 MiB (   768 cells,  28 layers,  1/1 seqs), K (f16):   21.00 MiB, V (f16):   21.00 MiB
llama_kv_cache: attn_rot_k = 0, n_embd_head_k_all = 128
llama_kv_cache: attn_rot_v = 0, n_embd_head_k_all = 128
llama_context: enumerating backends
llama_context: backend_ptrs.size() = 2
sched_reserve: reserving ...
sched_reserve: max_nodes = 2712
sched_reserve: reserving full memory module
sched_reserve: worst-case: n_tokens = 512, n_seqs = 1, n_outputs = 1
graph_reserve: reserving a graph for ubatch with n_tokens =    1, n_seqs =  1, n_outputs =    1
sched_reserve: Flash Attention was auto, set to enabled
sched_reserve: resolving fused Gated Delta Net support:
graph_reserve: reserving a graph for ubatch with n_tokens =    1, n_seqs =  1, n_outputs =    1
sched_reserve: fused Gated Delta Net (autoregressive) enabled
graph_reserve: reserving a graph for ubatch with n_tokens =   16, n_seqs =  1, n_outputs =   16
sched_reserve: fused Gated Delta Net (chunked) enabled
graph_reserve: reserving a graph for ubatch with n_tokens =  512, n_seqs =  1, n_outputs =  512
graph_reserve: reserving a graph for ubatch with n_tokens =    1, n_seqs =  1, n_outputs =    1
graph_reserve: reserving a graph for ubatch with n_tokens =  512, n_seqs =  1, n_outputs =  512
sched_reserve:      CUDA0 compute buffer size =   304.00 MiB
sched_reserve:  CUDA_Host compute buffer size =    14.76 MiB
sched_reserve: graph nodes  = 958
sched_reserve: graph splits = 44 (with bs=512), 2 (with bs=1)
sched_reserve: reserve took 10.77 ms, sched copies = 1
CUDA Graph id 16149 reused
ggml_backend_cuda_graph_compute: CUDA graph warmup complete
CUDA Graph id 16149 reused
CUDA Graph id 16149 reused
CUDA Graph id 16149 reused
CUDA Graph id 16149 reused
CUDA Graph id 16149 reused
CUDA Graph id 16149 reused
CUDA Graph id 16149 reused
CUDA Graph id 16149 reused
CUDA Graph id 16149 reused
CUDA Graph id 16149 reused
CUDA Graph id 16149 reused
CUDA Graph id 16149 reused
CUDA Graph id 16149 reused
ggml_backend_cuda_graph_compute: CUDA graph warmup reset
CUDA Graph id 16152 reused
ggml_backend_cuda_graph_compute: CUDA graph warmup complete
CUDA Graph id 16152 reused
CUDA Graph id 16152 reused
CUDA Graph id 16152 reused
CUDA Graph id 16152 reused
~llama_context:      CUDA0 compute buffer size is 304.0000 MiB, matches expectation of 304.0000 MiB
~llama_context:  CUDA_Host compute buffer size is  14.7637 MiB, matches expectation of  14.7637 MiB
llama_context: constructing llama_context
llama_context: n_seq_max     = 1
llama_context: n_ctx         = 768
llama_context: n_ctx_seq     = 768
llama_context: n_batch       = 761
llama_context: n_ubatch      = 512
llama_context: causal_attn   = 1
llama_context: flash_attn    = auto
llama_context: kv_unified    = false
llama_context: freq_base     = 1000000.0
llama_context: freq_scale    = 1
llama_context: n_rs_seq      = 0
llama_context: n_outputs_max = 761
llama_context: n_ctx_seq (768) < n_ctx_train (32768) -- the full capacity of the model will not be utilized
set_abort_callback: call
llama_context:  CUDA_Host  output buffer size =     0.58 MiB
llama_kv_cache: layer   0: dev = CPU
llama_kv_cache: layer   1: dev = CPU
llama_kv_cache: layer   2: dev = CPU
llama_kv_cache: layer   3: dev = CUDA0
llama_kv_cache: layer   4: dev = CUDA0
llama_kv_cache: layer   5: dev = CUDA0
llama_kv_cache: layer   6: dev = CUDA0
llama_kv_cache: layer   7: dev = CUDA0
llama_kv_cache: layer   8: dev = CUDA0
llama_kv_cache: layer   9: dev = CUDA0
llama_kv_cache: layer  10: dev = CUDA0
llama_kv_cache: layer  11: dev = CUDA0
llama_kv_cache: layer  12: dev = CUDA0
llama_kv_cache: layer  13: dev = CUDA0
llama_kv_cache: layer  14: dev = CUDA0
llama_kv_cache: layer  15: dev = CUDA0
llama_kv_cache: layer  16: dev = CUDA0
llama_kv_cache: layer  17: dev = CUDA0
llama_kv_cache: layer  18: dev = CUDA0
llama_kv_cache: layer  19: dev = CUDA0
llama_kv_cache: layer  20: dev = CUDA0
llama_kv_cache: layer  21: dev = CUDA0
llama_kv_cache: layer  22: dev = CUDA0
llama_kv_cache: layer  23: dev = CUDA0
llama_kv_cache: layer  24: dev = CUDA0
llama_kv_cache: layer  25: dev = CUDA0
llama_kv_cache: layer  26: dev = CUDA0
llama_kv_cache: layer  27: dev = CUDA0
llama_kv_cache:        CPU KV buffer size =     4.50 MiB
llama_kv_cache:      CUDA0 KV buffer size =    37.50 MiB
llama_kv_cache: size =   42.00 MiB (   768 cells,  28 layers,  1/1 seqs), K (f16):   21.00 MiB, V (f16):   21.00 MiB
llama_kv_cache: attn_rot_k = 0, n_embd_head_k_all = 128
llama_kv_cache: attn_rot_v = 0, n_embd_head_k_all = 128
llama_context: enumerating backends
llama_context: backend_ptrs.size() = 2
sched_reserve: reserving ...
sched_reserve: max_nodes = 2712
sched_reserve: reserving full memory module
sched_reserve: worst-case: n_tokens = 512, n_seqs = 1, n_outputs = 1
graph_reserve: reserving a graph for ubatch with n_tokens =    1, n_seqs =  1, n_outputs =    1
sched_reserve: Flash Attention was auto, set to enabled
sched_reserve: resolving fused Gated Delta Net support:
graph_reserve: reserving a graph for ubatch with n_tokens =    1, n_seqs =  1, n_outputs =    1
sched_reserve: fused Gated Delta Net (autoregressive) enabled
graph_reserve: reserving a graph for ubatch with n_tokens =   16, n_seqs =  1, n_outputs =   16
sched_reserve: fused Gated Delta Net (chunked) enabled
graph_reserve: reserving a graph for ubatch with n_tokens =  512, n_seqs =  1, n_outputs =  512
graph_reserve: reserving a graph for ubatch with n_tokens =    1, n_seqs =  1, n_outputs =    1
graph_reserve: reserving a graph for ubatch with n_tokens =  512, n_seqs =  1, n_outputs =  512
sched_reserve:      CUDA0 compute buffer size =   304.00 MiB
sched_reserve:  CUDA_Host compute buffer size =    14.76 MiB
sched_reserve: graph nodes  = 958
sched_reserve: graph splits = 44 (with bs=512), 2 (with bs=1)
sched_reserve: reserve took 10.67 ms, sched copies = 1
CUDA Graph id 16302 reused
ggml_backend_cuda_graph_compute: CUDA graph warmup complete
CUDA Graph id 16302 reused
CUDA Graph id 16302 reused
CUDA Graph id 16302 reused
CUDA Graph id 16302 reused
CUDA Graph id 16302 reused
CUDA Graph id 16302 reused
CUDA Graph id 16302 reused
CUDA Graph id 16302 reused
CUDA Graph id 16302 reused
CUDA Graph id 16302 reused
CUDA Graph id 16302 reused
CUDA Graph id 16302 reused
CUDA Graph id 16302 reused
ggml_backend_cuda_graph_compute: CUDA graph warmup reset
CUDA Graph id 16305 reused
ggml_backend_cuda_graph_compute: CUDA graph warmup complete
CUDA Graph id 16305 reused
CUDA Graph id 16305 reused
CUDA Graph id 16305 reused
CUDA Graph id 16305 reused
CUDA Graph id 16305 reused
CUDA Graph id 16305 reused
CUDA Graph id 16305 reused
CUDA Graph id 16305 reused
CUDA Graph id 16305 reused
CUDA Graph id 16305 reused
CUDA Graph id 16305 reused
CUDA Graph id 16305 reused
CUDA Graph id 16305 reused
CUDA Graph id 16305 reused
CUDA Graph id 16305 reused
CUDA Graph id 16305 reused
CUDA Graph id 16305 reused
CUDA Graph id 16305 reused
CUDA Graph id 16305 reused
CUDA Graph id 16305 reused
CUDA Graph id 16305 reused
CUDA Graph id 16305 reused
CUDA Graph id 16305 reused
CUDA Graph id 16305 reused
CUDA Graph id 16305 reused
CUDA Graph id 16305 reused
CUDA Graph id 16305 reused
CUDA Graph id 16305 reused
CUDA Graph id 16305 reused
CUDA Graph id 16305 reused
CUDA Graph id 16305 reused
CUDA Graph id 16305 reused
CUDA Graph id 16305 reused
CUDA Graph id 16305 reused
CUDA Graph id 16305 reused
CUDA Graph id 16305 reused
CUDA Graph id 16305 reused
CUDA Graph id 16305 reused
CUDA Graph id 16305 reused
CUDA Graph id 16305 reused
CUDA Graph id 16305 reused
CUDA Graph id 16305 reused
CUDA Graph id 16305 reused
CUDA Graph id 16305 reused
CUDA Graph id 16305 reused
CUDA Graph id 16305 reused
CUDA Graph id 16305 reused
CUDA Graph id 16305 reused
CUDA Graph id 16305 reused
~llama_context:      CUDA0 compute buffer size is 304.0000 MiB, matches expectation of 304.0000 MiB
~llama_context:  CUDA_Host compute buffer size is  14.7637 MiB, matches expectation of  14.7637 MiB
schema 193/200 done
llama_context: constructing llama_context
llama_context: n_seq_max     = 1
llama_context: n_ctx         = 768
llama_context: n_ctx_seq     = 768
llama_context: n_batch       = 714
llama_context: n_ubatch      = 512
llama_context: causal_attn   = 1
llama_context: flash_attn    = auto
llama_context: kv_unified    = false
llama_context: freq_base     = 1000000.0
llama_context: freq_scale    = 1
llama_context: n_rs_seq      = 0
llama_context: n_outputs_max = 714
llama_context: n_ctx_seq (768) < n_ctx_train (32768) -- the full capacity of the model will not be utilized
set_abort_callback: call
llama_context:  CUDA_Host  output buffer size =     0.58 MiB
llama_kv_cache: layer   0: dev = CPU
llama_kv_cache: layer   1: dev = CPU
llama_kv_cache: layer   2: dev = CPU
llama_kv_cache: layer   3: dev = CUDA0
llama_kv_cache: layer   4: dev = CUDA0
llama_kv_cache: layer   5: dev = CUDA0
llama_kv_cache: layer   6: dev = CUDA0
llama_kv_cache: layer   7: dev = CUDA0
llama_kv_cache: layer   8: dev = CUDA0
llama_kv_cache: layer   9: dev = CUDA0
llama_kv_cache: layer  10: dev = CUDA0
llama_kv_cache: layer  11: dev = CUDA0
llama_kv_cache: layer  12: dev = CUDA0
llama_kv_cache: layer  13: dev = CUDA0
llama_kv_cache: layer  14: dev = CUDA0
llama_kv_cache: layer  15: dev = CUDA0
llama_kv_cache: layer  16: dev = CUDA0
llama_kv_cache: layer  17: dev = CUDA0
llama_kv_cache: layer  18: dev = CUDA0
llama_kv_cache: layer  19: dev = CUDA0
llama_kv_cache: layer  20: dev = CUDA0
llama_kv_cache: layer  21: dev = CUDA0
llama_kv_cache: layer  22: dev = CUDA0
llama_kv_cache: layer  23: dev = CUDA0
llama_kv_cache: layer  24: dev = CUDA0
llama_kv_cache: layer  25: dev = CUDA0
llama_kv_cache: layer  26: dev = CUDA0
llama_kv_cache: layer  27: dev = CUDA0
llama_kv_cache:        CPU KV buffer size =     4.50 MiB
llama_kv_cache:      CUDA0 KV buffer size =    37.50 MiB
llama_kv_cache: size =   42.00 MiB (   768 cells,  28 layers,  1/1 seqs), K (f16):   21.00 MiB, V (f16):   21.00 MiB
llama_kv_cache: attn_rot_k = 0, n_embd_head_k_all = 128
llama_kv_cache: attn_rot_v = 0, n_embd_head_k_all = 128
llama_context: enumerating backends
llama_context: backend_ptrs.size() = 2
sched_reserve: reserving ...
sched_reserve: max_nodes = 2712
sched_reserve: reserving full memory module
sched_reserve: worst-case: n_tokens = 512, n_seqs = 1, n_outputs = 1
graph_reserve: reserving a graph for ubatch with n_tokens =    1, n_seqs =  1, n_outputs =    1
sched_reserve: Flash Attention was auto, set to enabled
sched_reserve: resolving fused Gated Delta Net support:
graph_reserve: reserving a graph for ubatch with n_tokens =    1, n_seqs =  1, n_outputs =    1
sched_reserve: fused Gated Delta Net (autoregressive) enabled
graph_reserve: reserving a graph for ubatch with n_tokens =   16, n_seqs =  1, n_outputs =   16
sched_reserve: fused Gated Delta Net (chunked) enabled
graph_reserve: reserving a graph for ubatch with n_tokens =  512, n_seqs =  1, n_outputs =  512
graph_reserve: reserving a graph for ubatch with n_tokens =    1, n_seqs =  1, n_outputs =    1
graph_reserve: reserving a graph for ubatch with n_tokens =  512, n_seqs =  1, n_outputs =  512
sched_reserve:      CUDA0 compute buffer size =   304.00 MiB
sched_reserve:  CUDA_Host compute buffer size =    14.76 MiB
sched_reserve: graph nodes  = 958
sched_reserve: graph splits = 44 (with bs=512), 2 (with bs=1)
sched_reserve: reserve took 10.98 ms, sched copies = 1
CUDA Graph id 16455 reused
ggml_backend_cuda_graph_compute: CUDA graph warmup complete
CUDA Graph id 16455 reused
CUDA Graph id 16455 reused
CUDA Graph id 16455 reused
CUDA Graph id 16455 reused
CUDA Graph id 16455 reused
CUDA Graph id 16455 reused
CUDA Graph id 16455 reused
CUDA Graph id 16455 reused
CUDA Graph id 16455 reused
CUDA Graph id 16455 reused
CUDA Graph id 16455 reused
CUDA Graph id 16455 reused
CUDA Graph id 16455 reused
CUDA Graph id 16455 reused
CUDA Graph id 16455 reused
CUDA Graph id 16455 reused
CUDA Graph id 16455 reused
CUDA Graph id 16455 reused
~llama_context:      CUDA0 compute buffer size is 304.0000 MiB, matches expectation of 304.0000 MiB
~llama_context:  CUDA_Host compute buffer size is  14.7637 MiB, matches expectation of  14.7637 MiB
llama_context: constructing llama_context
llama_context: n_seq_max     = 1
llama_context: n_ctx         = 768
llama_context: n_ctx_seq     = 768
llama_context: n_batch       = 714
llama_context: n_ubatch      = 512
llama_context: causal_attn   = 1
llama_context: flash_attn    = auto
llama_context: kv_unified    = false
llama_context: freq_base     = 1000000.0
llama_context: freq_scale    = 1
llama_context: n_rs_seq      = 0
llama_context: n_outputs_max = 714
llama_context: n_ctx_seq (768) < n_ctx_train (32768) -- the full capacity of the model will not be utilized
set_abort_callback: call
llama_context:  CUDA_Host  output buffer size =     0.58 MiB
llama_kv_cache: layer   0: dev = CPU
llama_kv_cache: layer   1: dev = CPU
llama_kv_cache: layer   2: dev = CPU
llama_kv_cache: layer   3: dev = CUDA0
llama_kv_cache: layer   4: dev = CUDA0
llama_kv_cache: layer   5: dev = CUDA0
llama_kv_cache: layer   6: dev = CUDA0
llama_kv_cache: layer   7: dev = CUDA0
llama_kv_cache: layer   8: dev = CUDA0
llama_kv_cache: layer   9: dev = CUDA0
llama_kv_cache: layer  10: dev = CUDA0
llama_kv_cache: layer  11: dev = CUDA0
llama_kv_cache: layer  12: dev = CUDA0
llama_kv_cache: layer  13: dev = CUDA0
llama_kv_cache: layer  14: dev = CUDA0
llama_kv_cache: layer  15: dev = CUDA0
llama_kv_cache: layer  16: dev = CUDA0
llama_kv_cache: layer  17: dev = CUDA0
llama_kv_cache: layer  18: dev = CUDA0
llama_kv_cache: layer  19: dev = CUDA0
llama_kv_cache: layer  20: dev = CUDA0
llama_kv_cache: layer  21: dev = CUDA0
llama_kv_cache: layer  22: dev = CUDA0
llama_kv_cache: layer  23: dev = CUDA0
llama_kv_cache: layer  24: dev = CUDA0
llama_kv_cache: layer  25: dev = CUDA0
llama_kv_cache: layer  26: dev = CUDA0
llama_kv_cache: layer  27: dev = CUDA0
llama_kv_cache:        CPU KV buffer size =     4.50 MiB
llama_kv_cache:      CUDA0 KV buffer size =    37.50 MiB
llama_kv_cache: size =   42.00 MiB (   768 cells,  28 layers,  1/1 seqs), K (f16):   21.00 MiB, V (f16):   21.00 MiB
llama_kv_cache: attn_rot_k = 0, n_embd_head_k_all = 128
llama_kv_cache: attn_rot_v = 0, n_embd_head_k_all = 128
llama_context: enumerating backends
llama_context: backend_ptrs.size() = 2
sched_reserve: reserving ...
sched_reserve: max_nodes = 2712
sched_reserve: reserving full memory module
sched_reserve: worst-case: n_tokens = 512, n_seqs = 1, n_outputs = 1
graph_reserve: reserving a graph for ubatch with n_tokens =    1, n_seqs =  1, n_outputs =    1
sched_reserve: Flash Attention was auto, set to enabled
sched_reserve: resolving fused Gated Delta Net support:
graph_reserve: reserving a graph for ubatch with n_tokens =    1, n_seqs =  1, n_outputs =    1
sched_reserve: fused Gated Delta Net (autoregressive) enabled
graph_reserve: reserving a graph for ubatch with n_tokens =   16, n_seqs =  1, n_outputs =   16
sched_reserve: fused Gated Delta Net (chunked) enabled
graph_reserve: reserving a graph for ubatch with n_tokens =  512, n_seqs =  1, n_outputs =  512
graph_reserve: reserving a graph for ubatch with n_tokens =    1, n_seqs =  1, n_outputs =    1
graph_reserve: reserving a graph for ubatch with n_tokens =  512, n_seqs =  1, n_outputs =  512
sched_reserve:      CUDA0 compute buffer size =   304.00 MiB
sched_reserve:  CUDA_Host compute buffer size =    14.76 MiB
sched_reserve: graph nodes  = 958
sched_reserve: graph splits = 44 (with bs=512), 2 (with bs=1)
sched_reserve: reserve took 10.80 ms, sched copies = 1
CUDA Graph id 16605 reused
ggml_backend_cuda_graph_compute: CUDA graph warmup complete
CUDA Graph id 16605 reused
CUDA Graph id 16605 reused
CUDA Graph id 16605 reused
CUDA Graph id 16605 reused
CUDA Graph id 16605 reused
CUDA Graph id 16605 reused
CUDA Graph id 16605 reused
CUDA Graph id 16605 reused
CUDA Graph id 16605 reused
CUDA Graph id 16605 reused
CUDA Graph id 16605 reused
CUDA Graph id 16605 reused
CUDA Graph id 16605 reused
CUDA Graph id 16605 reused
CUDA Graph id 16605 reused
CUDA Graph id 16605 reused
CUDA Graph id 16605 reused
CUDA Graph id 16605 reused
~llama_context:      CUDA0 compute buffer size is 304.0000 MiB, matches expectation of 304.0000 MiB
~llama_context:  CUDA_Host compute buffer size is  14.7637 MiB, matches expectation of  14.7637 MiB
llama_context: constructing llama_context
llama_context: n_seq_max     = 1
llama_context: n_ctx         = 768
llama_context: n_ctx_seq     = 768
llama_context: n_batch       = 714
llama_context: n_ubatch      = 512
llama_context: causal_attn   = 1
llama_context: flash_attn    = auto
llama_context: kv_unified    = false
llama_context: freq_base     = 1000000.0
llama_context: freq_scale    = 1
llama_context: n_rs_seq      = 0
llama_context: n_outputs_max = 714
llama_context: n_ctx_seq (768) < n_ctx_train (32768) -- the full capacity of the model will not be utilized
set_abort_callback: call
llama_context:  CUDA_Host  output buffer size =     0.58 MiB
llama_kv_cache: layer   0: dev = CPU
llama_kv_cache: layer   1: dev = CPU
llama_kv_cache: layer   2: dev = CPU
llama_kv_cache: layer   3: dev = CUDA0
llama_kv_cache: layer   4: dev = CUDA0
llama_kv_cache: layer   5: dev = CUDA0
llama_kv_cache: layer   6: dev = CUDA0
llama_kv_cache: layer   7: dev = CUDA0
llama_kv_cache: layer   8: dev = CUDA0
llama_kv_cache: layer   9: dev = CUDA0
llama_kv_cache: layer  10: dev = CUDA0
llama_kv_cache: layer  11: dev = CUDA0
llama_kv_cache: layer  12: dev = CUDA0
llama_kv_cache: layer  13: dev = CUDA0
llama_kv_cache: layer  14: dev = CUDA0
llama_kv_cache: layer  15: dev = CUDA0
llama_kv_cache: layer  16: dev = CUDA0
llama_kv_cache: layer  17: dev = CUDA0
llama_kv_cache: layer  18: dev = CUDA0
llama_kv_cache: layer  19: dev = CUDA0
llama_kv_cache: layer  20: dev = CUDA0
llama_kv_cache: layer  21: dev = CUDA0
llama_kv_cache: layer  22: dev = CUDA0
llama_kv_cache: layer  23: dev = CUDA0
llama_kv_cache: layer  24: dev = CUDA0
llama_kv_cache: layer  25: dev = CUDA0
llama_kv_cache: layer  26: dev = CUDA0
llama_kv_cache: layer  27: dev = CUDA0
llama_kv_cache:        CPU KV buffer size =     4.50 MiB
llama_kv_cache:      CUDA0 KV buffer size =    37.50 MiB
llama_kv_cache: size =   42.00 MiB (   768 cells,  28 layers,  1/1 seqs), K (f16):   21.00 MiB, V (f16):   21.00 MiB
llama_kv_cache: attn_rot_k = 0, n_embd_head_k_all = 128
llama_kv_cache: attn_rot_v = 0, n_embd_head_k_all = 128
llama_context: enumerating backends
llama_context: backend_ptrs.size() = 2
sched_reserve: reserving ...
sched_reserve: max_nodes = 2712
sched_reserve: reserving full memory module
sched_reserve: worst-case: n_tokens = 512, n_seqs = 1, n_outputs = 1
graph_reserve: reserving a graph for ubatch with n_tokens =    1, n_seqs =  1, n_outputs =    1
sched_reserve: Flash Attention was auto, set to enabled
sched_reserve: resolving fused Gated Delta Net support:
graph_reserve: reserving a graph for ubatch with n_tokens =    1, n_seqs =  1, n_outputs =    1
sched_reserve: fused Gated Delta Net (autoregressive) enabled
graph_reserve: reserving a graph for ubatch with n_tokens =   16, n_seqs =  1, n_outputs =   16
sched_reserve: fused Gated Delta Net (chunked) enabled
graph_reserve: reserving a graph for ubatch with n_tokens =  512, n_seqs =  1, n_outputs =  512
graph_reserve: reserving a graph for ubatch with n_tokens =    1, n_seqs =  1, n_outputs =    1
graph_reserve: reserving a graph for ubatch with n_tokens =  512, n_seqs =  1, n_outputs =  512
sched_reserve:      CUDA0 compute buffer size =   304.00 MiB
sched_reserve:  CUDA_Host compute buffer size =    14.76 MiB
sched_reserve: graph nodes  = 958
sched_reserve: graph splits = 44 (with bs=512), 2 (with bs=1)
sched_reserve: reserve took 11.85 ms, sched copies = 1
CUDA Graph id 16755 reused
ggml_backend_cuda_graph_compute: CUDA graph warmup complete
CUDA Graph id 16755 reused
CUDA Graph id 16755 reused
CUDA Graph id 16755 reused
CUDA Graph id 16755 reused
CUDA Graph id 16755 reused
CUDA Graph id 16755 reused
CUDA Graph id 16755 reused
CUDA Graph id 16755 reused
CUDA Graph id 16755 reused
CUDA Graph id 16755 reused
CUDA Graph id 16755 reused
CUDA Graph id 16755 reused
CUDA Graph id 16755 reused
CUDA Graph id 16755 reused
CUDA Graph id 16755 reused
CUDA Graph id 16755 reused
CUDA Graph id 16755 reused
CUDA Graph id 16755 reused
CUDA Graph id 16755 reused
CUDA Graph id 16755 reused
CUDA Graph id 16755 reused
~llama_context:      CUDA0 compute buffer size is 304.0000 MiB, matches expectation of 304.0000 MiB
~llama_context:  CUDA_Host compute buffer size is  14.7637 MiB, matches expectation of  14.7637 MiB
llama_context: constructing llama_context
llama_context: n_seq_max     = 1
llama_context: n_ctx         = 768
llama_context: n_ctx_seq     = 768
llama_context: n_batch       = 714
llama_context: n_ubatch      = 512
llama_context: causal_attn   = 1
llama_context: flash_attn    = auto
llama_context: kv_unified    = false
llama_context: freq_base     = 1000000.0
llama_context: freq_scale    = 1
llama_context: n_rs_seq      = 0
llama_context: n_outputs_max = 714
llama_context: n_ctx_seq (768) < n_ctx_train (32768) -- the full capacity of the model will not be utilized
set_abort_callback: call
llama_context:  CUDA_Host  output buffer size =     0.58 MiB
llama_kv_cache: layer   0: dev = CPU
llama_kv_cache: layer   1: dev = CPU
llama_kv_cache: layer   2: dev = CPU
llama_kv_cache: layer   3: dev = CUDA0
llama_kv_cache: layer   4: dev = CUDA0
llama_kv_cache: layer   5: dev = CUDA0
llama_kv_cache: layer   6: dev = CUDA0
llama_kv_cache: layer   7: dev = CUDA0
llama_kv_cache: layer   8: dev = CUDA0
llama_kv_cache: layer   9: dev = CUDA0
llama_kv_cache: layer  10: dev = CUDA0
llama_kv_cache: layer  11: dev = CUDA0
llama_kv_cache: layer  12: dev = CUDA0
llama_kv_cache: layer  13: dev = CUDA0
llama_kv_cache: layer  14: dev = CUDA0
llama_kv_cache: layer  15: dev = CUDA0
llama_kv_cache: layer  16: dev = CUDA0
llama_kv_cache: layer  17: dev = CUDA0
llama_kv_cache: layer  18: dev = CUDA0
llama_kv_cache: layer  19: dev = CUDA0
llama_kv_cache: layer  20: dev = CUDA0
llama_kv_cache: layer  21: dev = CUDA0
llama_kv_cache: layer  22: dev = CUDA0
llama_kv_cache: layer  23: dev = CUDA0
llama_kv_cache: layer  24: dev = CUDA0
llama_kv_cache: layer  25: dev = CUDA0
llama_kv_cache: layer  26: dev = CUDA0
llama_kv_cache: layer  27: dev = CUDA0
llama_kv_cache:        CPU KV buffer size =     4.50 MiB
llama_kv_cache:      CUDA0 KV buffer size =    37.50 MiB
llama_kv_cache: size =   42.00 MiB (   768 cells,  28 layers,  1/1 seqs), K (f16):   21.00 MiB, V (f16):   21.00 MiB
llama_kv_cache: attn_rot_k = 0, n_embd_head_k_all = 128
llama_kv_cache: attn_rot_v = 0, n_embd_head_k_all = 128
llama_context: enumerating backends
llama_context: backend_ptrs.size() = 2
sched_reserve: reserving ...
sched_reserve: max_nodes = 2712
sched_reserve: reserving full memory module
sched_reserve: worst-case: n_tokens = 512, n_seqs = 1, n_outputs = 1
graph_reserve: reserving a graph for ubatch with n_tokens =    1, n_seqs =  1, n_outputs =    1
sched_reserve: Flash Attention was auto, set to enabled
sched_reserve: resolving fused Gated Delta Net support:
graph_reserve: reserving a graph for ubatch with n_tokens =    1, n_seqs =  1, n_outputs =    1
sched_reserve: fused Gated Delta Net (autoregressive) enabled
graph_reserve: reserving a graph for ubatch with n_tokens =   16, n_seqs =  1, n_outputs =   16
sched_reserve: fused Gated Delta Net (chunked) enabled
graph_reserve: reserving a graph for ubatch with n_tokens =  512, n_seqs =  1, n_outputs =  512
graph_reserve: reserving a graph for ubatch with n_tokens =    1, n_seqs =  1, n_outputs =    1
graph_reserve: reserving a graph for ubatch with n_tokens =  512, n_seqs =  1, n_outputs =  512
sched_reserve:      CUDA0 compute buffer size =   304.00 MiB
sched_reserve:  CUDA_Host compute buffer size =    14.76 MiB
sched_reserve: graph nodes  = 958
sched_reserve: graph splits = 44 (with bs=512), 2 (with bs=1)
sched_reserve: reserve took 10.76 ms, sched copies = 1
CUDA Graph id 16905 reused
ggml_backend_cuda_graph_compute: CUDA graph warmup complete
CUDA Graph id 16905 reused
CUDA Graph id 16905 reused
CUDA Graph id 16905 reused
CUDA Graph id 16905 reused
CUDA Graph id 16905 reused
CUDA Graph id 16905 reused
CUDA Graph id 16905 reused
CUDA Graph id 16905 reused
CUDA Graph id 16905 reused
CUDA Graph id 16905 reused
CUDA Graph id 16905 reused
CUDA Graph id 16905 reused
CUDA Graph id 16905 reused
CUDA Graph id 16905 reused
CUDA Graph id 16905 reused
CUDA Graph id 16905 reused
CUDA Graph id 16905 reused
CUDA Graph id 16905 reused
~llama_context:      CUDA0 compute buffer size is 304.0000 MiB, matches expectation of 304.0000 MiB
~llama_context:  CUDA_Host compute buffer size is  14.7637 MiB, matches expectation of  14.7637 MiB
llama_context: constructing llama_context
llama_context: n_seq_max     = 1
llama_context: n_ctx         = 768
llama_context: n_ctx_seq     = 768
llama_context: n_batch       = 714
llama_context: n_ubatch      = 512
llama_context: causal_attn   = 1
llama_context: flash_attn    = auto
llama_context: kv_unified    = false
llama_context: freq_base     = 1000000.0
llama_context: freq_scale    = 1
llama_context: n_rs_seq      = 0
llama_context: n_outputs_max = 714
llama_context: n_ctx_seq (768) < n_ctx_train (32768) -- the full capacity of the model will not be utilized
set_abort_callback: call
llama_context:  CUDA_Host  output buffer size =     0.58 MiB
llama_kv_cache: layer   0: dev = CPU
llama_kv_cache: layer   1: dev = CPU
llama_kv_cache: layer   2: dev = CPU
llama_kv_cache: layer   3: dev = CUDA0
llama_kv_cache: layer   4: dev = CUDA0
llama_kv_cache: layer   5: dev = CUDA0
llama_kv_cache: layer   6: dev = CUDA0
llama_kv_cache: layer   7: dev = CUDA0
llama_kv_cache: layer   8: dev = CUDA0
llama_kv_cache: layer   9: dev = CUDA0
llama_kv_cache: layer  10: dev = CUDA0
llama_kv_cache: layer  11: dev = CUDA0
llama_kv_cache: layer  12: dev = CUDA0
llama_kv_cache: layer  13: dev = CUDA0
llama_kv_cache: layer  14: dev = CUDA0
llama_kv_cache: layer  15: dev = CUDA0
llama_kv_cache: layer  16: dev = CUDA0
llama_kv_cache: layer  17: dev = CUDA0
llama_kv_cache: layer  18: dev = CUDA0
llama_kv_cache: layer  19: dev = CUDA0
llama_kv_cache: layer  20: dev = CUDA0
llama_kv_cache: layer  21: dev = CUDA0
llama_kv_cache: layer  22: dev = CUDA0
llama_kv_cache: layer  23: dev = CUDA0
llama_kv_cache: layer  24: dev = CUDA0
llama_kv_cache: layer  25: dev = CUDA0
llama_kv_cache: layer  26: dev = CUDA0
llama_kv_cache: layer  27: dev = CUDA0
llama_kv_cache:        CPU KV buffer size =     4.50 MiB
llama_kv_cache:      CUDA0 KV buffer size =    37.50 MiB
llama_kv_cache: size =   42.00 MiB (   768 cells,  28 layers,  1/1 seqs), K (f16):   21.00 MiB, V (f16):   21.00 MiB
llama_kv_cache: attn_rot_k = 0, n_embd_head_k_all = 128
llama_kv_cache: attn_rot_v = 0, n_embd_head_k_all = 128
llama_context: enumerating backends
llama_context: backend_ptrs.size() = 2
sched_reserve: reserving ...
sched_reserve: max_nodes = 2712
sched_reserve: reserving full memory module
sched_reserve: worst-case: n_tokens = 512, n_seqs = 1, n_outputs = 1
graph_reserve: reserving a graph for ubatch with n_tokens =    1, n_seqs =  1, n_outputs =    1
sched_reserve: Flash Attention was auto, set to enabled
sched_reserve: resolving fused Gated Delta Net support:
graph_reserve: reserving a graph for ubatch with n_tokens =    1, n_seqs =  1, n_outputs =    1
sched_reserve: fused Gated Delta Net (autoregressive) enabled
graph_reserve: reserving a graph for ubatch with n_tokens =   16, n_seqs =  1, n_outputs =   16
sched_reserve: fused Gated Delta Net (chunked) enabled
graph_reserve: reserving a graph for ubatch with n_tokens =  512, n_seqs =  1, n_outputs =  512
graph_reserve: reserving a graph for ubatch with n_tokens =    1, n_seqs =  1, n_outputs =    1
graph_reserve: reserving a graph for ubatch with n_tokens =  512, n_seqs =  1, n_outputs =  512
sched_reserve:      CUDA0 compute buffer size =   304.00 MiB
sched_reserve:  CUDA_Host compute buffer size =    14.76 MiB
sched_reserve: graph nodes  = 958
sched_reserve: graph splits = 44 (with bs=512), 2 (with bs=1)
sched_reserve: reserve took 10.71 ms, sched copies = 1
CUDA Graph id 17055 reused
ggml_backend_cuda_graph_compute: CUDA graph warmup complete
CUDA Graph id 17055 reused
CUDA Graph id 17055 reused
CUDA Graph id 17055 reused
CUDA Graph id 17055 reused
CUDA Graph id 17055 reused
CUDA Graph id 17055 reused
CUDA Graph id 17055 reused
CUDA Graph id 17055 reused
CUDA Graph id 17055 reused
CUDA Graph id 17055 reused
CUDA Graph id 17055 reused
CUDA Graph id 17055 reused
CUDA Graph id 17055 reused
CUDA Graph id 17055 reused
CUDA Graph id 17055 reused
CUDA Graph id 17055 reused
CUDA Graph id 17055 reused
CUDA Graph id 17055 reused
CUDA Graph id 17055 reused
CUDA Graph id 17055 reused
CUDA Graph id 17055 reused
CUDA Graph id 17055 reused
CUDA Graph id 17055 reused
CUDA Graph id 17055 reused
CUDA Graph id 17055 reused
CUDA Graph id 17055 reused
CUDA Graph id 17055 reused
~llama_context:      CUDA0 compute buffer size is 304.0000 MiB, matches expectation of 304.0000 MiB
~llama_context:  CUDA_Host compute buffer size is  14.7637 MiB, matches expectation of  14.7637 MiB
llama_context: constructing llama_context
llama_context: n_seq_max     = 1
llama_context: n_ctx         = 768
llama_context: n_ctx_seq     = 768
llama_context: n_batch       = 714
llama_context: n_ubatch      = 512
llama_context: causal_attn   = 1
llama_context: flash_attn    = auto
llama_context: kv_unified    = false
llama_context: freq_base     = 1000000.0
llama_context: freq_scale    = 1
llama_context: n_rs_seq      = 0
llama_context: n_outputs_max = 714
llama_context: n_ctx_seq (768) < n_ctx_train (32768) -- the full capacity of the model will not be utilized
set_abort_callback: call
llama_context:  CUDA_Host  output buffer size =     0.58 MiB
llama_kv_cache: layer   0: dev = CPU
llama_kv_cache: layer   1: dev = CPU
llama_kv_cache: layer   2: dev = CPU
llama_kv_cache: layer   3: dev = CUDA0
llama_kv_cache: layer   4: dev = CUDA0
llama_kv_cache: layer   5: dev = CUDA0
llama_kv_cache: layer   6: dev = CUDA0
llama_kv_cache: layer   7: dev = CUDA0
llama_kv_cache: layer   8: dev = CUDA0
llama_kv_cache: layer   9: dev = CUDA0
llama_kv_cache: layer  10: dev = CUDA0
llama_kv_cache: layer  11: dev = CUDA0
llama_kv_cache: layer  12: dev = CUDA0
llama_kv_cache: layer  13: dev = CUDA0
llama_kv_cache: layer  14: dev = CUDA0
llama_kv_cache: layer  15: dev = CUDA0
llama_kv_cache: layer  16: dev = CUDA0
llama_kv_cache: layer  17: dev = CUDA0
llama_kv_cache: layer  18: dev = CUDA0
llama_kv_cache: layer  19: dev = CUDA0
llama_kv_cache: layer  20: dev = CUDA0
llama_kv_cache: layer  21: dev = CUDA0
llama_kv_cache: layer  22: dev = CUDA0
llama_kv_cache: layer  23: dev = CUDA0
llama_kv_cache: layer  24: dev = CUDA0
llama_kv_cache: layer  25: dev = CUDA0
llama_kv_cache: layer  26: dev = CUDA0
llama_kv_cache: layer  27: dev = CUDA0
llama_kv_cache:        CPU KV buffer size =     4.50 MiB
llama_kv_cache:      CUDA0 KV buffer size =    37.50 MiB
llama_kv_cache: size =   42.00 MiB (   768 cells,  28 layers,  1/1 seqs), K (f16):   21.00 MiB, V (f16):   21.00 MiB
llama_kv_cache: attn_rot_k = 0, n_embd_head_k_all = 128
llama_kv_cache: attn_rot_v = 0, n_embd_head_k_all = 128
llama_context: enumerating backends
llama_context: backend_ptrs.size() = 2
sched_reserve: reserving ...
sched_reserve: max_nodes = 2712
sched_reserve: reserving full memory module
sched_reserve: worst-case: n_tokens = 512, n_seqs = 1, n_outputs = 1
graph_reserve: reserving a graph for ubatch with n_tokens =    1, n_seqs =  1, n_outputs =    1
sched_reserve: Flash Attention was auto, set to enabled
sched_reserve: resolving fused Gated Delta Net support:
graph_reserve: reserving a graph for ubatch with n_tokens =    1, n_seqs =  1, n_outputs =    1
sched_reserve: fused Gated Delta Net (autoregressive) enabled
graph_reserve: reserving a graph for ubatch with n_tokens =   16, n_seqs =  1, n_outputs =   16
sched_reserve: fused Gated Delta Net (chunked) enabled
graph_reserve: reserving a graph for ubatch with n_tokens =  512, n_seqs =  1, n_outputs =  512
graph_reserve: reserving a graph for ubatch with n_tokens =    1, n_seqs =  1, n_outputs =    1
graph_reserve: reserving a graph for ubatch with n_tokens =  512, n_seqs =  1, n_outputs =  512
sched_reserve:      CUDA0 compute buffer size =   304.00 MiB
sched_reserve:  CUDA_Host compute buffer size =    14.76 MiB
sched_reserve: graph nodes  = 958
sched_reserve: graph splits = 44 (with bs=512), 2 (with bs=1)
sched_reserve: reserve took 10.71 ms, sched copies = 1
CUDA Graph id 17205 reused
ggml_backend_cuda_graph_compute: CUDA graph warmup complete
CUDA Graph id 17205 reused
CUDA Graph id 17205 reused
CUDA Graph id 17205 reused
CUDA Graph id 17205 reused
CUDA Graph id 17205 reused
CUDA Graph id 17205 reused
CUDA Graph id 17205 reused
CUDA Graph id 17205 reused
CUDA Graph id 17205 reused
CUDA Graph id 17205 reused
CUDA Graph id 17205 reused
CUDA Graph id 17205 reused
CUDA Graph id 17205 reused
CUDA Graph id 17205 reused
CUDA Graph id 17205 reused
CUDA Graph id 17205 reused
CUDA Graph id 17205 reused
CUDA Graph id 17205 reused
CUDA Graph id 17205 reused
CUDA Graph id 17205 reused
~llama_context:      CUDA0 compute buffer size is 304.0000 MiB, matches expectation of 304.0000 MiB
~llama_context:  CUDA_Host compute buffer size is  14.7637 MiB, matches expectation of  14.7637 MiB
schema 194/200 done
llama_context: constructing llama_context
llama_context: n_seq_max     = 1
llama_context: n_ctx         = 768
llama_context: n_ctx_seq     = 768
llama_context: n_batch       = 695
llama_context: n_ubatch      = 512
llama_context: causal_attn   = 1
llama_context: flash_attn    = auto
llama_context: kv_unified    = false
llama_context: freq_base     = 1000000.0
llama_context: freq_scale    = 1
llama_context: n_rs_seq      = 0
llama_context: n_outputs_max = 695
llama_context: n_ctx_seq (768) < n_ctx_train (32768) -- the full capacity of the model will not be utilized
set_abort_callback: call
llama_context:  CUDA_Host  output buffer size =     0.58 MiB
llama_kv_cache: layer   0: dev = CPU
llama_kv_cache: layer   1: dev = CPU
llama_kv_cache: layer   2: dev = CPU
llama_kv_cache: layer   3: dev = CUDA0
llama_kv_cache: layer   4: dev = CUDA0
llama_kv_cache: layer   5: dev = CUDA0
llama_kv_cache: layer   6: dev = CUDA0
llama_kv_cache: layer   7: dev = CUDA0
llama_kv_cache: layer   8: dev = CUDA0
llama_kv_cache: layer   9: dev = CUDA0
llama_kv_cache: layer  10: dev = CUDA0
llama_kv_cache: layer  11: dev = CUDA0
llama_kv_cache: layer  12: dev = CUDA0
llama_kv_cache: layer  13: dev = CUDA0
llama_kv_cache: layer  14: dev = CUDA0
llama_kv_cache: layer  15: dev = CUDA0
llama_kv_cache: layer  16: dev = CUDA0
llama_kv_cache: layer  17: dev = CUDA0
llama_kv_cache: layer  18: dev = CUDA0
llama_kv_cache: layer  19: dev = CUDA0
llama_kv_cache: layer  20: dev = CUDA0
llama_kv_cache: layer  21: dev = CUDA0
llama_kv_cache: layer  22: dev = CUDA0
llama_kv_cache: layer  23: dev = CUDA0
llama_kv_cache: layer  24: dev = CUDA0
llama_kv_cache: layer  25: dev = CUDA0
llama_kv_cache: layer  26: dev = CUDA0
llama_kv_cache: layer  27: dev = CUDA0
llama_kv_cache:        CPU KV buffer size =     4.50 MiB
llama_kv_cache:      CUDA0 KV buffer size =    37.50 MiB
llama_kv_cache: size =   42.00 MiB (   768 cells,  28 layers,  1/1 seqs), K (f16):   21.00 MiB, V (f16):   21.00 MiB
llama_kv_cache: attn_rot_k = 0, n_embd_head_k_all = 128
llama_kv_cache: attn_rot_v = 0, n_embd_head_k_all = 128
llama_context: enumerating backends
llama_context: backend_ptrs.size() = 2
sched_reserve: reserving ...
sched_reserve: max_nodes = 2712
sched_reserve: reserving full memory module
sched_reserve: worst-case: n_tokens = 512, n_seqs = 1, n_outputs = 1
graph_reserve: reserving a graph for ubatch with n_tokens =    1, n_seqs =  1, n_outputs =    1
sched_reserve: Flash Attention was auto, set to enabled
sched_reserve: resolving fused Gated Delta Net support:
graph_reserve: reserving a graph for ubatch with n_tokens =    1, n_seqs =  1, n_outputs =    1
sched_reserve: fused Gated Delta Net (autoregressive) enabled
graph_reserve: reserving a graph for ubatch with n_tokens =   16, n_seqs =  1, n_outputs =   16
sched_reserve: fused Gated Delta Net (chunked) enabled
graph_reserve: reserving a graph for ubatch with n_tokens =  512, n_seqs =  1, n_outputs =  512
graph_reserve: reserving a graph for ubatch with n_tokens =    1, n_seqs =  1, n_outputs =    1
graph_reserve: reserving a graph for ubatch with n_tokens =  512, n_seqs =  1, n_outputs =  512
sched_reserve:      CUDA0 compute buffer size =   304.00 MiB
sched_reserve:  CUDA_Host compute buffer size =    14.76 MiB
sched_reserve: graph nodes  = 958
sched_reserve: graph splits = 44 (with bs=512), 2 (with bs=1)
sched_reserve: reserve took 10.55 ms, sched copies = 1
CUDA Graph id 17355 reused
ggml_backend_cuda_graph_compute: CUDA graph warmup complete
CUDA Graph id 17355 reused
CUDA Graph id 17355 reused
CUDA Graph id 17355 reused
CUDA Graph id 17355 reused
CUDA Graph id 17355 reused
CUDA Graph id 17355 reused
CUDA Graph id 17355 reused
CUDA Graph id 17355 reused
CUDA Graph id 17355 reused
CUDA Graph id 17355 reused
CUDA Graph id 17355 reused
CUDA Graph id 17355 reused
CUDA Graph id 17355 reused
CUDA Graph id 17355 reused
CUDA Graph id 17355 reused
CUDA Graph id 17355 reused
CUDA Graph id 17355 reused
CUDA Graph id 17355 reused
CUDA Graph id 17355 reused
CUDA Graph id 17355 reused
CUDA Graph id 17355 reused
CUDA Graph id 17355 reused
CUDA Graph id 17355 reused
CUDA Graph id 17355 reused
CUDA Graph id 17355 reused
~llama_context:      CUDA0 compute buffer size is 304.0000 MiB, matches expectation of 304.0000 MiB
~llama_context:  CUDA_Host compute buffer size is  14.7637 MiB, matches expectation of  14.7637 MiB
llama_context: constructing llama_context
llama_context: n_seq_max     = 1
llama_context: n_ctx         = 768
llama_context: n_ctx_seq     = 768
llama_context: n_batch       = 695
llama_context: n_ubatch      = 512
llama_context: causal_attn   = 1
llama_context: flash_attn    = auto
llama_context: kv_unified    = false
llama_context: freq_base     = 1000000.0
llama_context: freq_scale    = 1
llama_context: n_rs_seq      = 0
llama_context: n_outputs_max = 695
llama_context: n_ctx_seq (768) < n_ctx_train (32768) -- the full capacity of the model will not be utilized
set_abort_callback: call
llama_context:  CUDA_Host  output buffer size =     0.58 MiB
llama_kv_cache: layer   0: dev = CPU
llama_kv_cache: layer   1: dev = CPU
llama_kv_cache: layer   2: dev = CPU
llama_kv_cache: layer   3: dev = CUDA0
llama_kv_cache: layer   4: dev = CUDA0
llama_kv_cache: layer   5: dev = CUDA0
llama_kv_cache: layer   6: dev = CUDA0
llama_kv_cache: layer   7: dev = CUDA0
llama_kv_cache: layer   8: dev = CUDA0
llama_kv_cache: layer   9: dev = CUDA0
llama_kv_cache: layer  10: dev = CUDA0
llama_kv_cache: layer  11: dev = CUDA0
llama_kv_cache: layer  12: dev = CUDA0
llama_kv_cache: layer  13: dev = CUDA0
llama_kv_cache: layer  14: dev = CUDA0
llama_kv_cache: layer  15: dev = CUDA0
llama_kv_cache: layer  16: dev = CUDA0
llama_kv_cache: layer  17: dev = CUDA0
llama_kv_cache: layer  18: dev = CUDA0
llama_kv_cache: layer  19: dev = CUDA0
llama_kv_cache: layer  20: dev = CUDA0
llama_kv_cache: layer  21: dev = CUDA0
llama_kv_cache: layer  22: dev = CUDA0
llama_kv_cache: layer  23: dev = CUDA0
llama_kv_cache: layer  24: dev = CUDA0
llama_kv_cache: layer  25: dev = CUDA0
llama_kv_cache: layer  26: dev = CUDA0
llama_kv_cache: layer  27: dev = CUDA0
llama_kv_cache:        CPU KV buffer size =     4.50 MiB
llama_kv_cache:      CUDA0 KV buffer size =    37.50 MiB
llama_kv_cache: size =   42.00 MiB (   768 cells,  28 layers,  1/1 seqs), K (f16):   21.00 MiB, V (f16):   21.00 MiB
llama_kv_cache: attn_rot_k = 0, n_embd_head_k_all = 128
llama_kv_cache: attn_rot_v = 0, n_embd_head_k_all = 128
llama_context: enumerating backends
llama_context: backend_ptrs.size() = 2
sched_reserve: reserving ...
sched_reserve: max_nodes = 2712
sched_reserve: reserving full memory module
sched_reserve: worst-case: n_tokens = 512, n_seqs = 1, n_outputs = 1
graph_reserve: reserving a graph for ubatch with n_tokens =    1, n_seqs =  1, n_outputs =    1
sched_reserve: Flash Attention was auto, set to enabled
sched_reserve: resolving fused Gated Delta Net support:
graph_reserve: reserving a graph for ubatch with n_tokens =    1, n_seqs =  1, n_outputs =    1
sched_reserve: fused Gated Delta Net (autoregressive) enabled
graph_reserve: reserving a graph for ubatch with n_tokens =   16, n_seqs =  1, n_outputs =   16
sched_reserve: fused Gated Delta Net (chunked) enabled
graph_reserve: reserving a graph for ubatch with n_tokens =  512, n_seqs =  1, n_outputs =  512
graph_reserve: reserving a graph for ubatch with n_tokens =    1, n_seqs =  1, n_outputs =    1
graph_reserve: reserving a graph for ubatch with n_tokens =  512, n_seqs =  1, n_outputs =  512
sched_reserve:      CUDA0 compute buffer size =   304.00 MiB
sched_reserve:  CUDA_Host compute buffer size =    14.76 MiB
sched_reserve: graph nodes  = 958
sched_reserve: graph splits = 44 (with bs=512), 2 (with bs=1)
sched_reserve: reserve took 10.68 ms, sched copies = 1
CUDA Graph id 17505 reused
ggml_backend_cuda_graph_compute: CUDA graph warmup complete
CUDA Graph id 17505 reused
CUDA Graph id 17505 reused
CUDA Graph id 17505 reused
CUDA Graph id 17505 reused
CUDA Graph id 17505 reused
CUDA Graph id 17505 reused
CUDA Graph id 17505 reused
CUDA Graph id 17505 reused
CUDA Graph id 17505 reused
CUDA Graph id 17505 reused
CUDA Graph id 17505 reused
CUDA Graph id 17505 reused
CUDA Graph id 17505 reused
CUDA Graph id 17505 reused
CUDA Graph id 17505 reused
CUDA Graph id 17505 reused
CUDA Graph id 17505 reused
CUDA Graph id 17505 reused
CUDA Graph id 17505 reused
CUDA Graph id 17505 reused
CUDA Graph id 17505 reused
CUDA Graph id 17505 reused
CUDA Graph id 17505 reused
CUDA Graph id 17505 reused
CUDA Graph id 17505 reused
~llama_context:      CUDA0 compute buffer size is 304.0000 MiB, matches expectation of 304.0000 MiB
~llama_context:  CUDA_Host compute buffer size is  14.7637 MiB, matches expectation of  14.7637 MiB
llama_context: constructing llama_context
llama_context: n_seq_max     = 1
llama_context: n_ctx         = 768
llama_context: n_ctx_seq     = 768
llama_context: n_batch       = 695
llama_context: n_ubatch      = 512
llama_context: causal_attn   = 1
llama_context: flash_attn    = auto
llama_context: kv_unified    = false
llama_context: freq_base     = 1000000.0
llama_context: freq_scale    = 1
llama_context: n_rs_seq      = 0
llama_context: n_outputs_max = 695
llama_context: n_ctx_seq (768) < n_ctx_train (32768) -- the full capacity of the model will not be utilized
set_abort_callback: call
llama_context:  CUDA_Host  output buffer size =     0.58 MiB
llama_kv_cache: layer   0: dev = CPU
llama_kv_cache: layer   1: dev = CPU
llama_kv_cache: layer   2: dev = CPU
llama_kv_cache: layer   3: dev = CUDA0
llama_kv_cache: layer   4: dev = CUDA0
llama_kv_cache: layer   5: dev = CUDA0
llama_kv_cache: layer   6: dev = CUDA0
llama_kv_cache: layer   7: dev = CUDA0
llama_kv_cache: layer   8: dev = CUDA0
llama_kv_cache: layer   9: dev = CUDA0
llama_kv_cache: layer  10: dev = CUDA0
llama_kv_cache: layer  11: dev = CUDA0
llama_kv_cache: layer  12: dev = CUDA0
llama_kv_cache: layer  13: dev = CUDA0
llama_kv_cache: layer  14: dev = CUDA0
llama_kv_cache: layer  15: dev = CUDA0
llama_kv_cache: layer  16: dev = CUDA0
llama_kv_cache: layer  17: dev = CUDA0
llama_kv_cache: layer  18: dev = CUDA0
llama_kv_cache: layer  19: dev = CUDA0
llama_kv_cache: layer  20: dev = CUDA0
llama_kv_cache: layer  21: dev = CUDA0
llama_kv_cache: layer  22: dev = CUDA0
llama_kv_cache: layer  23: dev = CUDA0
llama_kv_cache: layer  24: dev = CUDA0
llama_kv_cache: layer  25: dev = CUDA0
llama_kv_cache: layer  26: dev = CUDA0
llama_kv_cache: layer  27: dev = CUDA0
llama_kv_cache:        CPU KV buffer size =     4.50 MiB
llama_kv_cache:      CUDA0 KV buffer size =    37.50 MiB
llama_kv_cache: size =   42.00 MiB (   768 cells,  28 layers,  1/1 seqs), K (f16):   21.00 MiB, V (f16):   21.00 MiB
llama_kv_cache: attn_rot_k = 0, n_embd_head_k_all = 128
llama_kv_cache: attn_rot_v = 0, n_embd_head_k_all = 128
llama_context: enumerating backends
llama_context: backend_ptrs.size() = 2
sched_reserve: reserving ...
sched_reserve: max_nodes = 2712
sched_reserve: reserving full memory module
sched_reserve: worst-case: n_tokens = 512, n_seqs = 1, n_outputs = 1
graph_reserve: reserving a graph for ubatch with n_tokens =    1, n_seqs =  1, n_outputs =    1
sched_reserve: Flash Attention was auto, set to enabled
sched_reserve: resolving fused Gated Delta Net support:
graph_reserve: reserving a graph for ubatch with n_tokens =    1, n_seqs =  1, n_outputs =    1
sched_reserve: fused Gated Delta Net (autoregressive) enabled
graph_reserve: reserving a graph for ubatch with n_tokens =   16, n_seqs =  1, n_outputs =   16
sched_reserve: fused Gated Delta Net (chunked) enabled
graph_reserve: reserving a graph for ubatch with n_tokens =  512, n_seqs =  1, n_outputs =  512
graph_reserve: reserving a graph for ubatch with n_tokens =    1, n_seqs =  1, n_outputs =    1
graph_reserve: reserving a graph for ubatch with n_tokens =  512, n_seqs =  1, n_outputs =  512
sched_reserve:      CUDA0 compute buffer size =   304.00 MiB
sched_reserve:  CUDA_Host compute buffer size =    14.76 MiB
sched_reserve: graph nodes  = 958
sched_reserve: graph splits = 44 (with bs=512), 2 (with bs=1)
sched_reserve: reserve took 10.91 ms, sched copies = 1
CUDA Graph id 17655 reused
ggml_backend_cuda_graph_compute: CUDA graph warmup complete
CUDA Graph id 17655 reused
CUDA Graph id 17655 reused
CUDA Graph id 17655 reused
CUDA Graph id 17655 reused
CUDA Graph id 17655 reused
CUDA Graph id 17655 reused
CUDA Graph id 17655 reused
CUDA Graph id 17655 reused
CUDA Graph id 17655 reused
CUDA Graph id 17655 reused
CUDA Graph id 17655 reused
CUDA Graph id 17655 reused
CUDA Graph id 17655 reused
CUDA Graph id 17655 reused
CUDA Graph id 17655 reused
CUDA Graph id 17655 reused
CUDA Graph id 17655 reused
CUDA Graph id 17655 reused
CUDA Graph id 17655 reused
CUDA Graph id 17655 reused
CUDA Graph id 17655 reused
CUDA Graph id 17655 reused
CUDA Graph id 17655 reused
CUDA Graph id 17655 reused
CUDA Graph id 17655 reused
~llama_context:      CUDA0 compute buffer size is 304.0000 MiB, matches expectation of 304.0000 MiB
~llama_context:  CUDA_Host compute buffer size is  14.7637 MiB, matches expectation of  14.7637 MiB
llama_context: constructing llama_context
llama_context: n_seq_max     = 1
llama_context: n_ctx         = 768
llama_context: n_ctx_seq     = 768
llama_context: n_batch       = 695
llama_context: n_ubatch      = 512
llama_context: causal_attn   = 1
llama_context: flash_attn    = auto
llama_context: kv_unified    = false
llama_context: freq_base     = 1000000.0
llama_context: freq_scale    = 1
llama_context: n_rs_seq      = 0
llama_context: n_outputs_max = 695
llama_context: n_ctx_seq (768) < n_ctx_train (32768) -- the full capacity of the model will not be utilized
set_abort_callback: call
llama_context:  CUDA_Host  output buffer size =     0.58 MiB
llama_kv_cache: layer   0: dev = CPU
llama_kv_cache: layer   1: dev = CPU
llama_kv_cache: layer   2: dev = CPU
llama_kv_cache: layer   3: dev = CUDA0
llama_kv_cache: layer   4: dev = CUDA0
llama_kv_cache: layer   5: dev = CUDA0
llama_kv_cache: layer   6: dev = CUDA0
llama_kv_cache: layer   7: dev = CUDA0
llama_kv_cache: layer   8: dev = CUDA0
llama_kv_cache: layer   9: dev = CUDA0
llama_kv_cache: layer  10: dev = CUDA0
llama_kv_cache: layer  11: dev = CUDA0
llama_kv_cache: layer  12: dev = CUDA0
llama_kv_cache: layer  13: dev = CUDA0
llama_kv_cache: layer  14: dev = CUDA0
llama_kv_cache: layer  15: dev = CUDA0
llama_kv_cache: layer  16: dev = CUDA0
llama_kv_cache: layer  17: dev = CUDA0
llama_kv_cache: layer  18: dev = CUDA0
llama_kv_cache: layer  19: dev = CUDA0
llama_kv_cache: layer  20: dev = CUDA0
llama_kv_cache: layer  21: dev = CUDA0
llama_kv_cache: layer  22: dev = CUDA0
llama_kv_cache: layer  23: dev = CUDA0
llama_kv_cache: layer  24: dev = CUDA0
llama_kv_cache: layer  25: dev = CUDA0
llama_kv_cache: layer  26: dev = CUDA0
llama_kv_cache: layer  27: dev = CUDA0
llama_kv_cache:        CPU KV buffer size =     4.50 MiB
llama_kv_cache:      CUDA0 KV buffer size =    37.50 MiB
llama_kv_cache: size =   42.00 MiB (   768 cells,  28 layers,  1/1 seqs), K (f16):   21.00 MiB, V (f16):   21.00 MiB
llama_kv_cache: attn_rot_k = 0, n_embd_head_k_all = 128
llama_kv_cache: attn_rot_v = 0, n_embd_head_k_all = 128
llama_context: enumerating backends
llama_context: backend_ptrs.size() = 2
sched_reserve: reserving ...
sched_reserve: max_nodes = 2712
sched_reserve: reserving full memory module
sched_reserve: worst-case: n_tokens = 512, n_seqs = 1, n_outputs = 1
graph_reserve: reserving a graph for ubatch with n_tokens =    1, n_seqs =  1, n_outputs =    1
sched_reserve: Flash Attention was auto, set to enabled
sched_reserve: resolving fused Gated Delta Net support:
graph_reserve: reserving a graph for ubatch with n_tokens =    1, n_seqs =  1, n_outputs =    1
sched_reserve: fused Gated Delta Net (autoregressive) enabled
graph_reserve: reserving a graph for ubatch with n_tokens =   16, n_seqs =  1, n_outputs =   16
sched_reserve: fused Gated Delta Net (chunked) enabled
graph_reserve: reserving a graph for ubatch with n_tokens =  512, n_seqs =  1, n_outputs =  512
graph_reserve: reserving a graph for ubatch with n_tokens =    1, n_seqs =  1, n_outputs =    1
graph_reserve: reserving a graph for ubatch with n_tokens =  512, n_seqs =  1, n_outputs =  512
sched_reserve:      CUDA0 compute buffer size =   304.00 MiB
sched_reserve:  CUDA_Host compute buffer size =    14.76 MiB
sched_reserve: graph nodes  = 958
sched_reserve: graph splits = 44 (with bs=512), 2 (with bs=1)
sched_reserve: reserve took 10.66 ms, sched copies = 1
CUDA Graph id 17805 reused
ggml_backend_cuda_graph_compute: CUDA graph warmup complete
CUDA Graph id 17805 reused
CUDA Graph id 17805 reused
CUDA Graph id 17805 reused
CUDA Graph id 17805 reused
CUDA Graph id 17805 reused
CUDA Graph id 17805 reused
CUDA Graph id 17805 reused
CUDA Graph id 17805 reused
CUDA Graph id 17805 reused
CUDA Graph id 17805 reused
CUDA Graph id 17805 reused
CUDA Graph id 17805 reused
CUDA Graph id 17805 reused
CUDA Graph id 17805 reused
CUDA Graph id 17805 reused
CUDA Graph id 17805 reused
CUDA Graph id 17805 reused
CUDA Graph id 17805 reused
CUDA Graph id 17805 reused
CUDA Graph id 17805 reused
CUDA Graph id 17805 reused
CUDA Graph id 17805 reused
CUDA Graph id 17805 reused
CUDA Graph id 17805 reused
CUDA Graph id 17805 reused
~llama_context:      CUDA0 compute buffer size is 304.0000 MiB, matches expectation of 304.0000 MiB
~llama_context:  CUDA_Host compute buffer size is  14.7637 MiB, matches expectation of  14.7637 MiB
llama_context: constructing llama_context
llama_context: n_seq_max     = 1
llama_context: n_ctx         = 768
llama_context: n_ctx_seq     = 768
llama_context: n_batch       = 695
llama_context: n_ubatch      = 512
llama_context: causal_attn   = 1
llama_context: flash_attn    = auto
llama_context: kv_unified    = false
llama_context: freq_base     = 1000000.0
llama_context: freq_scale    = 1
llama_context: n_rs_seq      = 0
llama_context: n_outputs_max = 695
llama_context: n_ctx_seq (768) < n_ctx_train (32768) -- the full capacity of the model will not be utilized
set_abort_callback: call
llama_context:  CUDA_Host  output buffer size =     0.58 MiB
llama_kv_cache: layer   0: dev = CPU
llama_kv_cache: layer   1: dev = CPU
llama_kv_cache: layer   2: dev = CPU
llama_kv_cache: layer   3: dev = CUDA0
llama_kv_cache: layer   4: dev = CUDA0
llama_kv_cache: layer   5: dev = CUDA0
llama_kv_cache: layer   6: dev = CUDA0
llama_kv_cache: layer   7: dev = CUDA0
llama_kv_cache: layer   8: dev = CUDA0
llama_kv_cache: layer   9: dev = CUDA0
llama_kv_cache: layer  10: dev = CUDA0
llama_kv_cache: layer  11: dev = CUDA0
llama_kv_cache: layer  12: dev = CUDA0
llama_kv_cache: layer  13: dev = CUDA0
llama_kv_cache: layer  14: dev = CUDA0
llama_kv_cache: layer  15: dev = CUDA0
llama_kv_cache: layer  16: dev = CUDA0
llama_kv_cache: layer  17: dev = CUDA0
llama_kv_cache: layer  18: dev = CUDA0
llama_kv_cache: layer  19: dev = CUDA0
llama_kv_cache: layer  20: dev = CUDA0
llama_kv_cache: layer  21: dev = CUDA0
llama_kv_cache: layer  22: dev = CUDA0
llama_kv_cache: layer  23: dev = CUDA0
llama_kv_cache: layer  24: dev = CUDA0
llama_kv_cache: layer  25: dev = CUDA0
llama_kv_cache: layer  26: dev = CUDA0
llama_kv_cache: layer  27: dev = CUDA0
llama_kv_cache:        CPU KV buffer size =     4.50 MiB
llama_kv_cache:      CUDA0 KV buffer size =    37.50 MiB
llama_kv_cache: size =   42.00 MiB (   768 cells,  28 layers,  1/1 seqs), K (f16):   21.00 MiB, V (f16):   21.00 MiB
llama_kv_cache: attn_rot_k = 0, n_embd_head_k_all = 128
llama_kv_cache: attn_rot_v = 0, n_embd_head_k_all = 128
llama_context: enumerating backends
llama_context: backend_ptrs.size() = 2
sched_reserve: reserving ...
sched_reserve: max_nodes = 2712
sched_reserve: reserving full memory module
sched_reserve: worst-case: n_tokens = 512, n_seqs = 1, n_outputs = 1
graph_reserve: reserving a graph for ubatch with n_tokens =    1, n_seqs =  1, n_outputs =    1
sched_reserve: Flash Attention was auto, set to enabled
sched_reserve: resolving fused Gated Delta Net support:
graph_reserve: reserving a graph for ubatch with n_tokens =    1, n_seqs =  1, n_outputs =    1
sched_reserve: fused Gated Delta Net (autoregressive) enabled
graph_reserve: reserving a graph for ubatch with n_tokens =   16, n_seqs =  1, n_outputs =   16
sched_reserve: fused Gated Delta Net (chunked) enabled
graph_reserve: reserving a graph for ubatch with n_tokens =  512, n_seqs =  1, n_outputs =  512
graph_reserve: reserving a graph for ubatch with n_tokens =    1, n_seqs =  1, n_outputs =    1
graph_reserve: reserving a graph for ubatch with n_tokens =  512, n_seqs =  1, n_outputs =  512
sched_reserve:      CUDA0 compute buffer size =   304.00 MiB
sched_reserve:  CUDA_Host compute buffer size =    14.76 MiB
sched_reserve: graph nodes  = 958
sched_reserve: graph splits = 44 (with bs=512), 2 (with bs=1)
sched_reserve: reserve took 10.40 ms, sched copies = 1
CUDA Graph id 17955 reused
ggml_backend_cuda_graph_compute: CUDA graph warmup complete
CUDA Graph id 17955 reused
CUDA Graph id 17955 reused
CUDA Graph id 17955 reused
CUDA Graph id 17955 reused
CUDA Graph id 17955 reused
CUDA Graph id 17955 reused
CUDA Graph id 17955 reused
CUDA Graph id 17955 reused
CUDA Graph id 17955 reused
CUDA Graph id 17955 reused
CUDA Graph id 17955 reused
CUDA Graph id 17955 reused
CUDA Graph id 17955 reused
CUDA Graph id 17955 reused
CUDA Graph id 17955 reused
CUDA Graph id 17955 reused
CUDA Graph id 17955 reused
~llama_context:      CUDA0 compute buffer size is 304.0000 MiB, matches expectation of 304.0000 MiB
~llama_context:  CUDA_Host compute buffer size is  14.7637 MiB, matches expectation of  14.7637 MiB
llama_context: constructing llama_context
llama_context: n_seq_max     = 1
llama_context: n_ctx         = 768
llama_context: n_ctx_seq     = 768
llama_context: n_batch       = 695
llama_context: n_ubatch      = 512
llama_context: causal_attn   = 1
llama_context: flash_attn    = auto
llama_context: kv_unified    = false
llama_context: freq_base     = 1000000.0
llama_context: freq_scale    = 1
llama_context: n_rs_seq      = 0
llama_context: n_outputs_max = 695
llama_context: n_ctx_seq (768) < n_ctx_train (32768) -- the full capacity of the model will not be utilized
set_abort_callback: call
llama_context:  CUDA_Host  output buffer size =     0.58 MiB
llama_kv_cache: layer   0: dev = CPU
llama_kv_cache: layer   1: dev = CPU
llama_kv_cache: layer   2: dev = CPU
llama_kv_cache: layer   3: dev = CUDA0
llama_kv_cache: layer   4: dev = CUDA0
llama_kv_cache: layer   5: dev = CUDA0
llama_kv_cache: layer   6: dev = CUDA0
llama_kv_cache: layer   7: dev = CUDA0
llama_kv_cache: layer   8: dev = CUDA0
llama_kv_cache: layer   9: dev = CUDA0
llama_kv_cache: layer  10: dev = CUDA0
llama_kv_cache: layer  11: dev = CUDA0
llama_kv_cache: layer  12: dev = CUDA0
llama_kv_cache: layer  13: dev = CUDA0
llama_kv_cache: layer  14: dev = CUDA0
llama_kv_cache: layer  15: dev = CUDA0
llama_kv_cache: layer  16: dev = CUDA0
llama_kv_cache: layer  17: dev = CUDA0
llama_kv_cache: layer  18: dev = CUDA0
llama_kv_cache: layer  19: dev = CUDA0
llama_kv_cache: layer  20: dev = CUDA0
llama_kv_cache: layer  21: dev = CUDA0
llama_kv_cache: layer  22: dev = CUDA0
llama_kv_cache: layer  23: dev = CUDA0
llama_kv_cache: layer  24: dev = CUDA0
llama_kv_cache: layer  25: dev = CUDA0
llama_kv_cache: layer  26: dev = CUDA0
llama_kv_cache: layer  27: dev = CUDA0
llama_kv_cache:        CPU KV buffer size =     4.50 MiB
llama_kv_cache:      CUDA0 KV buffer size =    37.50 MiB
llama_kv_cache: size =   42.00 MiB (   768 cells,  28 layers,  1/1 seqs), K (f16):   21.00 MiB, V (f16):   21.00 MiB
llama_kv_cache: attn_rot_k = 0, n_embd_head_k_all = 128
llama_kv_cache: attn_rot_v = 0, n_embd_head_k_all = 128
llama_context: enumerating backends
llama_context: backend_ptrs.size() = 2
sched_reserve: reserving ...
sched_reserve: max_nodes = 2712
sched_reserve: reserving full memory module
sched_reserve: worst-case: n_tokens = 512, n_seqs = 1, n_outputs = 1
graph_reserve: reserving a graph for ubatch with n_tokens =    1, n_seqs =  1, n_outputs =    1
sched_reserve: Flash Attention was auto, set to enabled
sched_reserve: resolving fused Gated Delta Net support:
graph_reserve: reserving a graph for ubatch with n_tokens =    1, n_seqs =  1, n_outputs =    1
sched_reserve: fused Gated Delta Net (autoregressive) enabled
graph_reserve: reserving a graph for ubatch with n_tokens =   16, n_seqs =  1, n_outputs =   16
sched_reserve: fused Gated Delta Net (chunked) enabled
graph_reserve: reserving a graph for ubatch with n_tokens =  512, n_seqs =  1, n_outputs =  512
graph_reserve: reserving a graph for ubatch with n_tokens =    1, n_seqs =  1, n_outputs =    1
graph_reserve: reserving a graph for ubatch with n_tokens =  512, n_seqs =  1, n_outputs =  512
sched_reserve:      CUDA0 compute buffer size =   304.00 MiB
sched_reserve:  CUDA_Host compute buffer size =    14.76 MiB
sched_reserve: graph nodes  = 958
sched_reserve: graph splits = 44 (with bs=512), 2 (with bs=1)
sched_reserve: reserve took 10.77 ms, sched copies = 1
CUDA Graph id 18105 reused
ggml_backend_cuda_graph_compute: CUDA graph warmup complete
CUDA Graph id 18105 reused
CUDA Graph id 18105 reused
CUDA Graph id 18105 reused
CUDA Graph id 18105 reused
CUDA Graph id 18105 reused
CUDA Graph id 18105 reused
CUDA Graph id 18105 reused
CUDA Graph id 18105 reused
CUDA Graph id 18105 reused
CUDA Graph id 18105 reused
CUDA Graph id 18105 reused
CUDA Graph id 18105 reused
CUDA Graph id 18105 reused
CUDA Graph id 18105 reused
CUDA Graph id 18105 reused
CUDA Graph id 18105 reused
CUDA Graph id 18105 reused
CUDA Graph id 18105 reused
CUDA Graph id 18105 reused
CUDA Graph id 18105 reused
CUDA Graph id 18105 reused
CUDA Graph id 18105 reused
CUDA Graph id 18105 reused
CUDA Graph id 18105 reused
~llama_context:      CUDA0 compute buffer size is 304.0000 MiB, matches expectation of 304.0000 MiB
~llama_context:  CUDA_Host compute buffer size is  14.7637 MiB, matches expectation of  14.7637 MiB
schema 195/200 done
llama_context: constructing llama_context
llama_context: n_seq_max     = 1
llama_context: n_ctx         = 768
llama_context: n_ctx_seq     = 768
llama_context: n_batch       = 686
llama_context: n_ubatch      = 512
llama_context: causal_attn   = 1
llama_context: flash_attn    = auto
llama_context: kv_unified    = false
llama_context: freq_base     = 1000000.0
llama_context: freq_scale    = 1
llama_context: n_rs_seq      = 0
llama_context: n_outputs_max = 686
llama_context: n_ctx_seq (768) < n_ctx_train (32768) -- the full capacity of the model will not be utilized
set_abort_callback: call
llama_context:  CUDA_Host  output buffer size =     0.58 MiB
llama_kv_cache: layer   0: dev = CPU
llama_kv_cache: layer   1: dev = CPU
llama_kv_cache: layer   2: dev = CPU
llama_kv_cache: layer   3: dev = CUDA0
llama_kv_cache: layer   4: dev = CUDA0
llama_kv_cache: layer   5: dev = CUDA0
llama_kv_cache: layer   6: dev = CUDA0
llama_kv_cache: layer   7: dev = CUDA0
llama_kv_cache: layer   8: dev = CUDA0
llama_kv_cache: layer   9: dev = CUDA0
llama_kv_cache: layer  10: dev = CUDA0
llama_kv_cache: layer  11: dev = CUDA0
llama_kv_cache: layer  12: dev = CUDA0
llama_kv_cache: layer  13: dev = CUDA0
llama_kv_cache: layer  14: dev = CUDA0
llama_kv_cache: layer  15: dev = CUDA0
llama_kv_cache: layer  16: dev = CUDA0
llama_kv_cache: layer  17: dev = CUDA0
llama_kv_cache: layer  18: dev = CUDA0
llama_kv_cache: layer  19: dev = CUDA0
llama_kv_cache: layer  20: dev = CUDA0
llama_kv_cache: layer  21: dev = CUDA0
llama_kv_cache: layer  22: dev = CUDA0
llama_kv_cache: layer  23: dev = CUDA0
llama_kv_cache: layer  24: dev = CUDA0
llama_kv_cache: layer  25: dev = CUDA0
llama_kv_cache: layer  26: dev = CUDA0
llama_kv_cache: layer  27: dev = CUDA0
llama_kv_cache:        CPU KV buffer size =     4.50 MiB
llama_kv_cache:      CUDA0 KV buffer size =    37.50 MiB
llama_kv_cache: size =   42.00 MiB (   768 cells,  28 layers,  1/1 seqs), K (f16):   21.00 MiB, V (f16):   21.00 MiB
llama_kv_cache: attn_rot_k = 0, n_embd_head_k_all = 128
llama_kv_cache: attn_rot_v = 0, n_embd_head_k_all = 128
llama_context: enumerating backends
llama_context: backend_ptrs.size() = 2
sched_reserve: reserving ...
sched_reserve: max_nodes = 2712
sched_reserve: reserving full memory module
sched_reserve: worst-case: n_tokens = 512, n_seqs = 1, n_outputs = 1
graph_reserve: reserving a graph for ubatch with n_tokens =    1, n_seqs =  1, n_outputs =    1
sched_reserve: Flash Attention was auto, set to enabled
sched_reserve: resolving fused Gated Delta Net support:
graph_reserve: reserving a graph for ubatch with n_tokens =    1, n_seqs =  1, n_outputs =    1
sched_reserve: fused Gated Delta Net (autoregressive) enabled
graph_reserve: reserving a graph for ubatch with n_tokens =   16, n_seqs =  1, n_outputs =   16
sched_reserve: fused Gated Delta Net (chunked) enabled
graph_reserve: reserving a graph for ubatch with n_tokens =  512, n_seqs =  1, n_outputs =  512
graph_reserve: reserving a graph for ubatch with n_tokens =    1, n_seqs =  1, n_outputs =    1
graph_reserve: reserving a graph for ubatch with n_tokens =  512, n_seqs =  1, n_outputs =  512
sched_reserve:      CUDA0 compute buffer size =   304.00 MiB
sched_reserve:  CUDA_Host compute buffer size =    14.76 MiB
sched_reserve: graph nodes  = 958
sched_reserve: graph splits = 44 (with bs=512), 2 (with bs=1)
sched_reserve: reserve took 10.62 ms, sched copies = 1
CUDA Graph id 18255 reused
ggml_backend_cuda_graph_compute: CUDA graph warmup complete
CUDA Graph id 18255 reused
CUDA Graph id 18255 reused
CUDA Graph id 18255 reused
CUDA Graph id 18255 reused
CUDA Graph id 18255 reused
CUDA Graph id 18255 reused
CUDA Graph id 18255 reused
CUDA Graph id 18255 reused
CUDA Graph id 18255 reused
CUDA Graph id 18255 reused
CUDA Graph id 18255 reused
CUDA Graph id 18255 reused
CUDA Graph id 18255 reused
CUDA Graph id 18255 reused
CUDA Graph id 18255 reused
CUDA Graph id 18255 reused
CUDA Graph id 18255 reused
CUDA Graph id 18255 reused
CUDA Graph id 18255 reused
CUDA Graph id 18255 reused
CUDA Graph id 18255 reused
CUDA Graph id 18255 reused
CUDA Graph id 18255 reused
CUDA Graph id 18255 reused
CUDA Graph id 18255 reused
CUDA Graph id 18255 reused
CUDA Graph id 18255 reused
CUDA Graph id 18255 reused
CUDA Graph id 18255 reused
CUDA Graph id 18255 reused
CUDA Graph id 18255 reused
CUDA Graph id 18255 reused
CUDA Graph id 18255 reused
CUDA Graph id 18255 reused
CUDA Graph id 18255 reused
CUDA Graph id 18255 reused
CUDA Graph id 18255 reused
CUDA Graph id 18255 reused
CUDA Graph id 18255 reused
CUDA Graph id 18255 reused
~llama_context:      CUDA0 compute buffer size is 304.0000 MiB, matches expectation of 304.0000 MiB
~llama_context:  CUDA_Host compute buffer size is  14.7637 MiB, matches expectation of  14.7637 MiB
llama_context: constructing llama_context
llama_context: n_seq_max     = 1
llama_context: n_ctx         = 768
llama_context: n_ctx_seq     = 768
llama_context: n_batch       = 686
llama_context: n_ubatch      = 512
llama_context: causal_attn   = 1
llama_context: flash_attn    = auto
llama_context: kv_unified    = false
llama_context: freq_base     = 1000000.0
llama_context: freq_scale    = 1
llama_context: n_rs_seq      = 0
llama_context: n_outputs_max = 686
llama_context: n_ctx_seq (768) < n_ctx_train (32768) -- the full capacity of the model will not be utilized
set_abort_callback: call
llama_context:  CUDA_Host  output buffer size =     0.58 MiB
llama_kv_cache: layer   0: dev = CPU
llama_kv_cache: layer   1: dev = CPU
llama_kv_cache: layer   2: dev = CPU
llama_kv_cache: layer   3: dev = CUDA0
llama_kv_cache: layer   4: dev = CUDA0
llama_kv_cache: layer   5: dev = CUDA0
llama_kv_cache: layer   6: dev = CUDA0
llama_kv_cache: layer   7: dev = CUDA0
llama_kv_cache: layer   8: dev = CUDA0
llama_kv_cache: layer   9: dev = CUDA0
llama_kv_cache: layer  10: dev = CUDA0
llama_kv_cache: layer  11: dev = CUDA0
llama_kv_cache: layer  12: dev = CUDA0
llama_kv_cache: layer  13: dev = CUDA0
llama_kv_cache: layer  14: dev = CUDA0
llama_kv_cache: layer  15: dev = CUDA0
llama_kv_cache: layer  16: dev = CUDA0
llama_kv_cache: layer  17: dev = CUDA0
llama_kv_cache: layer  18: dev = CUDA0
llama_kv_cache: layer  19: dev = CUDA0
llama_kv_cache: layer  20: dev = CUDA0
llama_kv_cache: layer  21: dev = CUDA0
llama_kv_cache: layer  22: dev = CUDA0
llama_kv_cache: layer  23: dev = CUDA0
llama_kv_cache: layer  24: dev = CUDA0
llama_kv_cache: layer  25: dev = CUDA0
llama_kv_cache: layer  26: dev = CUDA0
llama_kv_cache: layer  27: dev = CUDA0
llama_kv_cache:        CPU KV buffer size =     4.50 MiB
llama_kv_cache:      CUDA0 KV buffer size =    37.50 MiB
llama_kv_cache: size =   42.00 MiB (   768 cells,  28 layers,  1/1 seqs), K (f16):   21.00 MiB, V (f16):   21.00 MiB
llama_kv_cache: attn_rot_k = 0, n_embd_head_k_all = 128
llama_kv_cache: attn_rot_v = 0, n_embd_head_k_all = 128
llama_context: enumerating backends
llama_context: backend_ptrs.size() = 2
sched_reserve: reserving ...
sched_reserve: max_nodes = 2712
sched_reserve: reserving full memory module
sched_reserve: worst-case: n_tokens = 512, n_seqs = 1, n_outputs = 1
graph_reserve: reserving a graph for ubatch with n_tokens =    1, n_seqs =  1, n_outputs =    1
sched_reserve: Flash Attention was auto, set to enabled
sched_reserve: resolving fused Gated Delta Net support:
graph_reserve: reserving a graph for ubatch with n_tokens =    1, n_seqs =  1, n_outputs =    1
sched_reserve: fused Gated Delta Net (autoregressive) enabled
graph_reserve: reserving a graph for ubatch with n_tokens =   16, n_seqs =  1, n_outputs =   16
sched_reserve: fused Gated Delta Net (chunked) enabled
graph_reserve: reserving a graph for ubatch with n_tokens =  512, n_seqs =  1, n_outputs =  512
graph_reserve: reserving a graph for ubatch with n_tokens =    1, n_seqs =  1, n_outputs =    1
graph_reserve: reserving a graph for ubatch with n_tokens =  512, n_seqs =  1, n_outputs =  512
sched_reserve:      CUDA0 compute buffer size =   304.00 MiB
sched_reserve:  CUDA_Host compute buffer size =    14.76 MiB
sched_reserve: graph nodes  = 958
sched_reserve: graph splits = 44 (with bs=512), 2 (with bs=1)
sched_reserve: reserve took 10.69 ms, sched copies = 1
CUDA Graph id 18405 reused
ggml_backend_cuda_graph_compute: CUDA graph warmup complete
CUDA Graph id 18405 reused
CUDA Graph id 18405 reused
CUDA Graph id 18405 reused
CUDA Graph id 18405 reused
CUDA Graph id 18405 reused
CUDA Graph id 18405 reused
CUDA Graph id 18405 reused
CUDA Graph id 18405 reused
CUDA Graph id 18405 reused
CUDA Graph id 18405 reused
CUDA Graph id 18405 reused
CUDA Graph id 18405 reused
CUDA Graph id 18405 reused
CUDA Graph id 18405 reused
CUDA Graph id 18405 reused
CUDA Graph id 18405 reused
CUDA Graph id 18405 reused
CUDA Graph id 18405 reused
CUDA Graph id 18405 reused
CUDA Graph id 18405 reused
CUDA Graph id 18405 reused
CUDA Graph id 18405 reused
CUDA Graph id 18405 reused
CUDA Graph id 18405 reused
CUDA Graph id 18405 reused
CUDA Graph id 18405 reused
CUDA Graph id 18405 reused
CUDA Graph id 18405 reused
CUDA Graph id 18405 reused
CUDA Graph id 18405 reused
CUDA Graph id 18405 reused
CUDA Graph id 18405 reused
CUDA Graph id 18405 reused
CUDA Graph id 18405 reused
CUDA Graph id 18405 reused
CUDA Graph id 18405 reused
CUDA Graph id 18405 reused
CUDA Graph id 18405 reused
CUDA Graph id 18405 reused
CUDA Graph id 18405 reused
~llama_context:      CUDA0 compute buffer size is 304.0000 MiB, matches expectation of 304.0000 MiB
~llama_context:  CUDA_Host compute buffer size is  14.7637 MiB, matches expectation of  14.7637 MiB
llama_context: constructing llama_context
llama_context: n_seq_max     = 1
llama_context: n_ctx         = 768
llama_context: n_ctx_seq     = 768
llama_context: n_batch       = 686
llama_context: n_ubatch      = 512
llama_context: causal_attn   = 1
llama_context: flash_attn    = auto
llama_context: kv_unified    = false
llama_context: freq_base     = 1000000.0
llama_context: freq_scale    = 1
llama_context: n_rs_seq      = 0
llama_context: n_outputs_max = 686
llama_context: n_ctx_seq (768) < n_ctx_train (32768) -- the full capacity of the model will not be utilized
set_abort_callback: call
llama_context:  CUDA_Host  output buffer size =     0.58 MiB
llama_kv_cache: layer   0: dev = CPU
llama_kv_cache: layer   1: dev = CPU
llama_kv_cache: layer   2: dev = CPU
llama_kv_cache: layer   3: dev = CUDA0
llama_kv_cache: layer   4: dev = CUDA0
llama_kv_cache: layer   5: dev = CUDA0
llama_kv_cache: layer   6: dev = CUDA0
llama_kv_cache: layer   7: dev = CUDA0
llama_kv_cache: layer   8: dev = CUDA0
llama_kv_cache: layer   9: dev = CUDA0
llama_kv_cache: layer  10: dev = CUDA0
llama_kv_cache: layer  11: dev = CUDA0
llama_kv_cache: layer  12: dev = CUDA0
llama_kv_cache: layer  13: dev = CUDA0
llama_kv_cache: layer  14: dev = CUDA0
llama_kv_cache: layer  15: dev = CUDA0
llama_kv_cache: layer  16: dev = CUDA0
llama_kv_cache: layer  17: dev = CUDA0
llama_kv_cache: layer  18: dev = CUDA0
llama_kv_cache: layer  19: dev = CUDA0
llama_kv_cache: layer  20: dev = CUDA0
llama_kv_cache: layer  21: dev = CUDA0
llama_kv_cache: layer  22: dev = CUDA0
llama_kv_cache: layer  23: dev = CUDA0
llama_kv_cache: layer  24: dev = CUDA0
llama_kv_cache: layer  25: dev = CUDA0
llama_kv_cache: layer  26: dev = CUDA0
llama_kv_cache: layer  27: dev = CUDA0
llama_kv_cache:        CPU KV buffer size =     4.50 MiB
llama_kv_cache:      CUDA0 KV buffer size =    37.50 MiB
llama_kv_cache: size =   42.00 MiB (   768 cells,  28 layers,  1/1 seqs), K (f16):   21.00 MiB, V (f16):   21.00 MiB
llama_kv_cache: attn_rot_k = 0, n_embd_head_k_all = 128
llama_kv_cache: attn_rot_v = 0, n_embd_head_k_all = 128
llama_context: enumerating backends
llama_context: backend_ptrs.size() = 2
sched_reserve: reserving ...
sched_reserve: max_nodes = 2712
sched_reserve: reserving full memory module
sched_reserve: worst-case: n_tokens = 512, n_seqs = 1, n_outputs = 1
graph_reserve: reserving a graph for ubatch with n_tokens =    1, n_seqs =  1, n_outputs =    1
sched_reserve: Flash Attention was auto, set to enabled
sched_reserve: resolving fused Gated Delta Net support:
graph_reserve: reserving a graph for ubatch with n_tokens =    1, n_seqs =  1, n_outputs =    1
sched_reserve: fused Gated Delta Net (autoregressive) enabled
graph_reserve: reserving a graph for ubatch with n_tokens =   16, n_seqs =  1, n_outputs =   16
sched_reserve: fused Gated Delta Net (chunked) enabled
graph_reserve: reserving a graph for ubatch with n_tokens =  512, n_seqs =  1, n_outputs =  512
graph_reserve: reserving a graph for ubatch with n_tokens =    1, n_seqs =  1, n_outputs =    1
graph_reserve: reserving a graph for ubatch with n_tokens =  512, n_seqs =  1, n_outputs =  512
sched_reserve:      CUDA0 compute buffer size =   304.00 MiB
sched_reserve:  CUDA_Host compute buffer size =    14.76 MiB
sched_reserve: graph nodes  = 958
sched_reserve: graph splits = 44 (with bs=512), 2 (with bs=1)
sched_reserve: reserve took 10.43 ms, sched copies = 1
CUDA Graph id 18555 reused
ggml_backend_cuda_graph_compute: CUDA graph warmup complete
CUDA Graph id 18555 reused
CUDA Graph id 18555 reused
CUDA Graph id 18555 reused
CUDA Graph id 18555 reused
CUDA Graph id 18555 reused
CUDA Graph id 18555 reused
CUDA Graph id 18555 reused
CUDA Graph id 18555 reused
CUDA Graph id 18555 reused
CUDA Graph id 18555 reused
CUDA Graph id 18555 reused
CUDA Graph id 18555 reused
CUDA Graph id 18555 reused
CUDA Graph id 18555 reused
CUDA Graph id 18555 reused
CUDA Graph id 18555 reused
CUDA Graph id 18555 reused
CUDA Graph id 18555 reused
CUDA Graph id 18555 reused
CUDA Graph id 18555 reused
CUDA Graph id 18555 reused
CUDA Graph id 18555 reused
CUDA Graph id 18555 reused
CUDA Graph id 18555 reused
CUDA Graph id 18555 reused
CUDA Graph id 18555 reused
CUDA Graph id 18555 reused
CUDA Graph id 18555 reused
CUDA Graph id 18555 reused
CUDA Graph id 18555 reused
CUDA Graph id 18555 reused
CUDA Graph id 18555 reused
CUDA Graph id 18555 reused
CUDA Graph id 18555 reused
CUDA Graph id 18555 reused
CUDA Graph id 18555 reused
CUDA Graph id 18555 reused
CUDA Graph id 18555 reused
CUDA Graph id 18555 reused
CUDA Graph id 18555 reused
~llama_context:      CUDA0 compute buffer size is 304.0000 MiB, matches expectation of 304.0000 MiB
~llama_context:  CUDA_Host compute buffer size is  14.7637 MiB, matches expectation of  14.7637 MiB
llama_context: constructing llama_context
llama_context: n_seq_max     = 1
llama_context: n_ctx         = 768
llama_context: n_ctx_seq     = 768
llama_context: n_batch       = 686
llama_context: n_ubatch      = 512
llama_context: causal_attn   = 1
llama_context: flash_attn    = auto
llama_context: kv_unified    = false
llama_context: freq_base     = 1000000.0
llama_context: freq_scale    = 1
llama_context: n_rs_seq      = 0
llama_context: n_outputs_max = 686
llama_context: n_ctx_seq (768) < n_ctx_train (32768) -- the full capacity of the model will not be utilized
set_abort_callback: call
llama_context:  CUDA_Host  output buffer size =     0.58 MiB
llama_kv_cache: layer   0: dev = CPU
llama_kv_cache: layer   1: dev = CPU
llama_kv_cache: layer   2: dev = CPU
llama_kv_cache: layer   3: dev = CUDA0
llama_kv_cache: layer   4: dev = CUDA0
llama_kv_cache: layer   5: dev = CUDA0
llama_kv_cache: layer   6: dev = CUDA0
llama_kv_cache: layer   7: dev = CUDA0
llama_kv_cache: layer   8: dev = CUDA0
llama_kv_cache: layer   9: dev = CUDA0
llama_kv_cache: layer  10: dev = CUDA0
llama_kv_cache: layer  11: dev = CUDA0
llama_kv_cache: layer  12: dev = CUDA0
llama_kv_cache: layer  13: dev = CUDA0
llama_kv_cache: layer  14: dev = CUDA0
llama_kv_cache: layer  15: dev = CUDA0
llama_kv_cache: layer  16: dev = CUDA0
llama_kv_cache: layer  17: dev = CUDA0
llama_kv_cache: layer  18: dev = CUDA0
llama_kv_cache: layer  19: dev = CUDA0
llama_kv_cache: layer  20: dev = CUDA0
llama_kv_cache: layer  21: dev = CUDA0
llama_kv_cache: layer  22: dev = CUDA0
llama_kv_cache: layer  23: dev = CUDA0
llama_kv_cache: layer  24: dev = CUDA0
llama_kv_cache: layer  25: dev = CUDA0
llama_kv_cache: layer  26: dev = CUDA0
llama_kv_cache: layer  27: dev = CUDA0
llama_kv_cache:        CPU KV buffer size =     4.50 MiB
llama_kv_cache:      CUDA0 KV buffer size =    37.50 MiB
llama_kv_cache: size =   42.00 MiB (   768 cells,  28 layers,  1/1 seqs), K (f16):   21.00 MiB, V (f16):   21.00 MiB
llama_kv_cache: attn_rot_k = 0, n_embd_head_k_all = 128
llama_kv_cache: attn_rot_v = 0, n_embd_head_k_all = 128
llama_context: enumerating backends
llama_context: backend_ptrs.size() = 2
sched_reserve: reserving ...
sched_reserve: max_nodes = 2712
sched_reserve: reserving full memory module
sched_reserve: worst-case: n_tokens = 512, n_seqs = 1, n_outputs = 1
graph_reserve: reserving a graph for ubatch with n_tokens =    1, n_seqs =  1, n_outputs =    1
sched_reserve: Flash Attention was auto, set to enabled
sched_reserve: resolving fused Gated Delta Net support:
graph_reserve: reserving a graph for ubatch with n_tokens =    1, n_seqs =  1, n_outputs =    1
sched_reserve: fused Gated Delta Net (autoregressive) enabled
graph_reserve: reserving a graph for ubatch with n_tokens =   16, n_seqs =  1, n_outputs =   16
sched_reserve: fused Gated Delta Net (chunked) enabled
graph_reserve: reserving a graph for ubatch with n_tokens =  512, n_seqs =  1, n_outputs =  512
graph_reserve: reserving a graph for ubatch with n_tokens =    1, n_seqs =  1, n_outputs =    1
graph_reserve: reserving a graph for ubatch with n_tokens =  512, n_seqs =  1, n_outputs =  512
sched_reserve:      CUDA0 compute buffer size =   304.00 MiB
sched_reserve:  CUDA_Host compute buffer size =    14.76 MiB
sched_reserve: graph nodes  = 958
sched_reserve: graph splits = 44 (with bs=512), 2 (with bs=1)
sched_reserve: reserve took 10.90 ms, sched copies = 1
CUDA Graph id 18705 reused
ggml_backend_cuda_graph_compute: CUDA graph warmup complete
CUDA Graph id 18705 reused
CUDA Graph id 18705 reused
CUDA Graph id 18705 reused
CUDA Graph id 18705 reused
CUDA Graph id 18705 reused
CUDA Graph id 18705 reused
CUDA Graph id 18705 reused
CUDA Graph id 18705 reused
CUDA Graph id 18705 reused
CUDA Graph id 18705 reused
CUDA Graph id 18705 reused
CUDA Graph id 18705 reused
CUDA Graph id 18705 reused
CUDA Graph id 18705 reused
CUDA Graph id 18705 reused
CUDA Graph id 18705 reused
CUDA Graph id 18705 reused
CUDA Graph id 18705 reused
CUDA Graph id 18705 reused
CUDA Graph id 18705 reused
CUDA Graph id 18705 reused
CUDA Graph id 18705 reused
CUDA Graph id 18705 reused
CUDA Graph id 18705 reused
CUDA Graph id 18705 reused
CUDA Graph id 18705 reused
CUDA Graph id 18705 reused
CUDA Graph id 18705 reused
CUDA Graph id 18705 reused
CUDA Graph id 18705 reused
CUDA Graph id 18705 reused
CUDA Graph id 18705 reused
CUDA Graph id 18705 reused
CUDA Graph id 18705 reused
CUDA Graph id 18705 reused
CUDA Graph id 18705 reused
CUDA Graph id 18705 reused
CUDA Graph id 18705 reused
CUDA Graph id 18705 reused
CUDA Graph id 18705 reused
CUDA Graph id 18705 reused
CUDA Graph id 18705 reused
CUDA Graph id 18705 reused
CUDA Graph id 18705 reused
CUDA Graph id 18705 reused
CUDA Graph id 18705 reused
CUDA Graph id 18705 reused
CUDA Graph id 18705 reused
CUDA Graph id 18705 reused
CUDA Graph id 18705 reused
CUDA Graph id 18705 reused
CUDA Graph id 18705 reused
CUDA Graph id 18705 reused
CUDA Graph id 18705 reused
CUDA Graph id 18705 reused
CUDA Graph id 18705 reused
CUDA Graph id 18705 reused
~llama_context:      CUDA0 compute buffer size is 304.0000 MiB, matches expectation of 304.0000 MiB
~llama_context:  CUDA_Host compute buffer size is  14.7637 MiB, matches expectation of  14.7637 MiB
llama_context: constructing llama_context
llama_context: n_seq_max     = 1
llama_context: n_ctx         = 768
llama_context: n_ctx_seq     = 768
llama_context: n_batch       = 686
llama_context: n_ubatch      = 512
llama_context: causal_attn   = 1
llama_context: flash_attn    = auto
llama_context: kv_unified    = false
llama_context: freq_base     = 1000000.0
llama_context: freq_scale    = 1
llama_context: n_rs_seq      = 0
llama_context: n_outputs_max = 686
llama_context: n_ctx_seq (768) < n_ctx_train (32768) -- the full capacity of the model will not be utilized
set_abort_callback: call
llama_context:  CUDA_Host  output buffer size =     0.58 MiB
llama_kv_cache: layer   0: dev = CPU
llama_kv_cache: layer   1: dev = CPU
llama_kv_cache: layer   2: dev = CPU
llama_kv_cache: layer   3: dev = CUDA0
llama_kv_cache: layer   4: dev = CUDA0
llama_kv_cache: layer   5: dev = CUDA0
llama_kv_cache: layer   6: dev = CUDA0
llama_kv_cache: layer   7: dev = CUDA0
llama_kv_cache: layer   8: dev = CUDA0
llama_kv_cache: layer   9: dev = CUDA0
llama_kv_cache: layer  10: dev = CUDA0
llama_kv_cache: layer  11: dev = CUDA0
llama_kv_cache: layer  12: dev = CUDA0
llama_kv_cache: layer  13: dev = CUDA0
llama_kv_cache: layer  14: dev = CUDA0
llama_kv_cache: layer  15: dev = CUDA0
llama_kv_cache: layer  16: dev = CUDA0
llama_kv_cache: layer  17: dev = CUDA0
llama_kv_cache: layer  18: dev = CUDA0
llama_kv_cache: layer  19: dev = CUDA0
llama_kv_cache: layer  20: dev = CUDA0
llama_kv_cache: layer  21: dev = CUDA0
llama_kv_cache: layer  22: dev = CUDA0
llama_kv_cache: layer  23: dev = CUDA0
llama_kv_cache: layer  24: dev = CUDA0
llama_kv_cache: layer  25: dev = CUDA0
llama_kv_cache: layer  26: dev = CUDA0
llama_kv_cache: layer  27: dev = CUDA0
llama_kv_cache:        CPU KV buffer size =     4.50 MiB
llama_kv_cache:      CUDA0 KV buffer size =    37.50 MiB
llama_kv_cache: size =   42.00 MiB (   768 cells,  28 layers,  1/1 seqs), K (f16):   21.00 MiB, V (f16):   21.00 MiB
llama_kv_cache: attn_rot_k = 0, n_embd_head_k_all = 128
llama_kv_cache: attn_rot_v = 0, n_embd_head_k_all = 128
llama_context: enumerating backends
llama_context: backend_ptrs.size() = 2
sched_reserve: reserving ...
sched_reserve: max_nodes = 2712
sched_reserve: reserving full memory module
sched_reserve: worst-case: n_tokens = 512, n_seqs = 1, n_outputs = 1
graph_reserve: reserving a graph for ubatch with n_tokens =    1, n_seqs =  1, n_outputs =    1
sched_reserve: Flash Attention was auto, set to enabled
sched_reserve: resolving fused Gated Delta Net support:
graph_reserve: reserving a graph for ubatch with n_tokens =    1, n_seqs =  1, n_outputs =    1
sched_reserve: fused Gated Delta Net (autoregressive) enabled
graph_reserve: reserving a graph for ubatch with n_tokens =   16, n_seqs =  1, n_outputs =   16
sched_reserve: fused Gated Delta Net (chunked) enabled
graph_reserve: reserving a graph for ubatch with n_tokens =  512, n_seqs =  1, n_outputs =  512
graph_reserve: reserving a graph for ubatch with n_tokens =    1, n_seqs =  1, n_outputs =    1
graph_reserve: reserving a graph for ubatch with n_tokens =  512, n_seqs =  1, n_outputs =  512
sched_reserve:      CUDA0 compute buffer size =   304.00 MiB
sched_reserve:  CUDA_Host compute buffer size =    14.76 MiB
sched_reserve: graph nodes  = 958
sched_reserve: graph splits = 44 (with bs=512), 2 (with bs=1)
sched_reserve: reserve took 10.78 ms, sched copies = 1
CUDA Graph id 18855 reused
ggml_backend_cuda_graph_compute: CUDA graph warmup complete
CUDA Graph id 18855 reused
CUDA Graph id 18855 reused
CUDA Graph id 18855 reused
CUDA Graph id 18855 reused
CUDA Graph id 18855 reused
CUDA Graph id 18855 reused
CUDA Graph id 18855 reused
CUDA Graph id 18855 reused
CUDA Graph id 18855 reused
CUDA Graph id 18855 reused
CUDA Graph id 18855 reused
CUDA Graph id 18855 reused
CUDA Graph id 18855 reused
CUDA Graph id 18855 reused
CUDA Graph id 18855 reused
CUDA Graph id 18855 reused
CUDA Graph id 18855 reused
CUDA Graph id 18855 reused
CUDA Graph id 18855 reused
CUDA Graph id 18855 reused
CUDA Graph id 18855 reused
CUDA Graph id 18855 reused
CUDA Graph id 18855 reused
CUDA Graph id 18855 reused
CUDA Graph id 18855 reused
CUDA Graph id 18855 reused
CUDA Graph id 18855 reused
CUDA Graph id 18855 reused
CUDA Graph id 18855 reused
CUDA Graph id 18855 reused
CUDA Graph id 18855 reused
CUDA Graph id 18855 reused
CUDA Graph id 18855 reused
CUDA Graph id 18855 reused
CUDA Graph id 18855 reused
CUDA Graph id 18855 reused
CUDA Graph id 18855 reused
CUDA Graph id 18855 reused
CUDA Graph id 18855 reused
CUDA Graph id 18855 reused
CUDA Graph id 18855 reused
CUDA Graph id 18855 reused
CUDA Graph id 18855 reused
CUDA Graph id 18855 reused
CUDA Graph id 18855 reused
CUDA Graph id 18855 reused
CUDA Graph id 18855 reused
CUDA Graph id 18855 reused
CUDA Graph id 18855 reused
CUDA Graph id 18855 reused
CUDA Graph id 18855 reused
CUDA Graph id 18855 reused
CUDA Graph id 18855 reused
CUDA Graph id 18855 reused
CUDA Graph id 18855 reused
CUDA Graph id 18855 reused
CUDA Graph id 18855 reused
CUDA Graph id 18855 reused
CUDA Graph id 18855 reused
CUDA Graph id 18855 reused
CUDA Graph id 18855 reused
CUDA Graph id 18855 reused
CUDA Graph id 18855 reused
CUDA Graph id 18855 reused
CUDA Graph id 18855 reused
CUDA Graph id 18855 reused
~llama_context:      CUDA0 compute buffer size is 304.0000 MiB, matches expectation of 304.0000 MiB
~llama_context:  CUDA_Host compute buffer size is  14.7637 MiB, matches expectation of  14.7637 MiB
llama_context: constructing llama_context
llama_context: n_seq_max     = 1
llama_context: n_ctx         = 768
llama_context: n_ctx_seq     = 768
llama_context: n_batch       = 686
llama_context: n_ubatch      = 512
llama_context: causal_attn   = 1
llama_context: flash_attn    = auto
llama_context: kv_unified    = false
llama_context: freq_base     = 1000000.0
llama_context: freq_scale    = 1
llama_context: n_rs_seq      = 0
llama_context: n_outputs_max = 686
llama_context: n_ctx_seq (768) < n_ctx_train (32768) -- the full capacity of the model will not be utilized
set_abort_callback: call
llama_context:  CUDA_Host  output buffer size =     0.58 MiB
llama_kv_cache: layer   0: dev = CPU
llama_kv_cache: layer   1: dev = CPU
llama_kv_cache: layer   2: dev = CPU
llama_kv_cache: layer   3: dev = CUDA0
llama_kv_cache: layer   4: dev = CUDA0
llama_kv_cache: layer   5: dev = CUDA0
llama_kv_cache: layer   6: dev = CUDA0
llama_kv_cache: layer   7: dev = CUDA0
llama_kv_cache: layer   8: dev = CUDA0
llama_kv_cache: layer   9: dev = CUDA0
llama_kv_cache: layer  10: dev = CUDA0
llama_kv_cache: layer  11: dev = CUDA0
llama_kv_cache: layer  12: dev = CUDA0
llama_kv_cache: layer  13: dev = CUDA0
llama_kv_cache: layer  14: dev = CUDA0
llama_kv_cache: layer  15: dev = CUDA0
llama_kv_cache: layer  16: dev = CUDA0
llama_kv_cache: layer  17: dev = CUDA0
llama_kv_cache: layer  18: dev = CUDA0
llama_kv_cache: layer  19: dev = CUDA0
llama_kv_cache: layer  20: dev = CUDA0
llama_kv_cache: layer  21: dev = CUDA0
llama_kv_cache: layer  22: dev = CUDA0
llama_kv_cache: layer  23: dev = CUDA0
llama_kv_cache: layer  24: dev = CUDA0
llama_kv_cache: layer  25: dev = CUDA0
llama_kv_cache: layer  26: dev = CUDA0
llama_kv_cache: layer  27: dev = CUDA0
llama_kv_cache:        CPU KV buffer size =     4.50 MiB
llama_kv_cache:      CUDA0 KV buffer size =    37.50 MiB
llama_kv_cache: size =   42.00 MiB (   768 cells,  28 layers,  1/1 seqs), K (f16):   21.00 MiB, V (f16):   21.00 MiB
llama_kv_cache: attn_rot_k = 0, n_embd_head_k_all = 128
llama_kv_cache: attn_rot_v = 0, n_embd_head_k_all = 128
llama_context: enumerating backends
llama_context: backend_ptrs.size() = 2
sched_reserve: reserving ...
sched_reserve: max_nodes = 2712
sched_reserve: reserving full memory module
sched_reserve: worst-case: n_tokens = 512, n_seqs = 1, n_outputs = 1
graph_reserve: reserving a graph for ubatch with n_tokens =    1, n_seqs =  1, n_outputs =    1
sched_reserve: Flash Attention was auto, set to enabled
sched_reserve: resolving fused Gated Delta Net support:
graph_reserve: reserving a graph for ubatch with n_tokens =    1, n_seqs =  1, n_outputs =    1
sched_reserve: fused Gated Delta Net (autoregressive) enabled
graph_reserve: reserving a graph for ubatch with n_tokens =   16, n_seqs =  1, n_outputs =   16
sched_reserve: fused Gated Delta Net (chunked) enabled
graph_reserve: reserving a graph for ubatch with n_tokens =  512, n_seqs =  1, n_outputs =  512
graph_reserve: reserving a graph for ubatch with n_tokens =    1, n_seqs =  1, n_outputs =    1
graph_reserve: reserving a graph for ubatch with n_tokens =  512, n_seqs =  1, n_outputs =  512
sched_reserve:      CUDA0 compute buffer size =   304.00 MiB
sched_reserve:  CUDA_Host compute buffer size =    14.76 MiB
sched_reserve: graph nodes  = 958
sched_reserve: graph splits = 44 (with bs=512), 2 (with bs=1)
sched_reserve: reserve took 10.60 ms, sched copies = 1
CUDA Graph id 19005 reused
ggml_backend_cuda_graph_compute: CUDA graph warmup complete
CUDA Graph id 19005 reused
CUDA Graph id 19005 reused
CUDA Graph id 19005 reused
CUDA Graph id 19005 reused
CUDA Graph id 19005 reused
CUDA Graph id 19005 reused
CUDA Graph id 19005 reused
CUDA Graph id 19005 reused
CUDA Graph id 19005 reused
CUDA Graph id 19005 reused
CUDA Graph id 19005 reused
CUDA Graph id 19005 reused
CUDA Graph id 19005 reused
CUDA Graph id 19005 reused
CUDA Graph id 19005 reused
CUDA Graph id 19005 reused
CUDA Graph id 19005 reused
CUDA Graph id 19005 reused
CUDA Graph id 19005 reused
CUDA Graph id 19005 reused
CUDA Graph id 19005 reused
CUDA Graph id 19005 reused
CUDA Graph id 19005 reused
CUDA Graph id 19005 reused
CUDA Graph id 19005 reused
CUDA Graph id 19005 reused
CUDA Graph id 19005 reused
CUDA Graph id 19005 reused
CUDA Graph id 19005 reused
~llama_context:      CUDA0 compute buffer size is 304.0000 MiB, matches expectation of 304.0000 MiB
~llama_context:  CUDA_Host compute buffer size is  14.7637 MiB, matches expectation of  14.7637 MiB
schema 196/200 done
llama_context: constructing llama_context
llama_context: n_seq_max     = 1
llama_context: n_ctx         = 768
llama_context: n_ctx_seq     = 768
llama_context: n_batch       = 688
llama_context: n_ubatch      = 512
llama_context: causal_attn   = 1
llama_context: flash_attn    = auto
llama_context: kv_unified    = false
llama_context: freq_base     = 1000000.0
llama_context: freq_scale    = 1
llama_context: n_rs_seq      = 0
llama_context: n_outputs_max = 688
llama_context: n_ctx_seq (768) < n_ctx_train (32768) -- the full capacity of the model will not be utilized
set_abort_callback: call
llama_context:  CUDA_Host  output buffer size =     0.58 MiB
llama_kv_cache: layer   0: dev = CPU
llama_kv_cache: layer   1: dev = CPU
llama_kv_cache: layer   2: dev = CPU
llama_kv_cache: layer   3: dev = CUDA0
llama_kv_cache: layer   4: dev = CUDA0
llama_kv_cache: layer   5: dev = CUDA0
llama_kv_cache: layer   6: dev = CUDA0
llama_kv_cache: layer   7: dev = CUDA0
llama_kv_cache: layer   8: dev = CUDA0
llama_kv_cache: layer   9: dev = CUDA0
llama_kv_cache: layer  10: dev = CUDA0
llama_kv_cache: layer  11: dev = CUDA0
llama_kv_cache: layer  12: dev = CUDA0
llama_kv_cache: layer  13: dev = CUDA0
llama_kv_cache: layer  14: dev = CUDA0
llama_kv_cache: layer  15: dev = CUDA0
llama_kv_cache: layer  16: dev = CUDA0
llama_kv_cache: layer  17: dev = CUDA0
llama_kv_cache: layer  18: dev = CUDA0
llama_kv_cache: layer  19: dev = CUDA0
llama_kv_cache: layer  20: dev = CUDA0
llama_kv_cache: layer  21: dev = CUDA0
llama_kv_cache: layer  22: dev = CUDA0
llama_kv_cache: layer  23: dev = CUDA0
llama_kv_cache: layer  24: dev = CUDA0
llama_kv_cache: layer  25: dev = CUDA0
llama_kv_cache: layer  26: dev = CUDA0
llama_kv_cache: layer  27: dev = CUDA0
llama_kv_cache:        CPU KV buffer size =     4.50 MiB
llama_kv_cache:      CUDA0 KV buffer size =    37.50 MiB
llama_kv_cache: size =   42.00 MiB (   768 cells,  28 layers,  1/1 seqs), K (f16):   21.00 MiB, V (f16):   21.00 MiB
llama_kv_cache: attn_rot_k = 0, n_embd_head_k_all = 128
llama_kv_cache: attn_rot_v = 0, n_embd_head_k_all = 128
llama_context: enumerating backends
llama_context: backend_ptrs.size() = 2
sched_reserve: reserving ...
sched_reserve: max_nodes = 2712
sched_reserve: reserving full memory module
sched_reserve: worst-case: n_tokens = 512, n_seqs = 1, n_outputs = 1
graph_reserve: reserving a graph for ubatch with n_tokens =    1, n_seqs =  1, n_outputs =    1
sched_reserve: Flash Attention was auto, set to enabled
sched_reserve: resolving fused Gated Delta Net support:
graph_reserve: reserving a graph for ubatch with n_tokens =    1, n_seqs =  1, n_outputs =    1
sched_reserve: fused Gated Delta Net (autoregressive) enabled
graph_reserve: reserving a graph for ubatch with n_tokens =   16, n_seqs =  1, n_outputs =   16
sched_reserve: fused Gated Delta Net (chunked) enabled
graph_reserve: reserving a graph for ubatch with n_tokens =  512, n_seqs =  1, n_outputs =  512
graph_reserve: reserving a graph for ubatch with n_tokens =    1, n_seqs =  1, n_outputs =    1
graph_reserve: reserving a graph for ubatch with n_tokens =  512, n_seqs =  1, n_outputs =  512
sched_reserve:      CUDA0 compute buffer size =   304.00 MiB
sched_reserve:  CUDA_Host compute buffer size =    14.76 MiB
sched_reserve: graph nodes  = 958
sched_reserve: graph splits = 44 (with bs=512), 2 (with bs=1)
sched_reserve: reserve took 10.69 ms, sched copies = 1
CUDA Graph id 19155 reused
ggml_backend_cuda_graph_compute: CUDA graph warmup complete
CUDA Graph id 19155 reused
CUDA Graph id 19155 reused
CUDA Graph id 19155 reused
CUDA Graph id 19155 reused
CUDA Graph id 19155 reused
CUDA Graph id 19155 reused
CUDA Graph id 19155 reused
CUDA Graph id 19155 reused
CUDA Graph id 19155 reused
CUDA Graph id 19155 reused
CUDA Graph id 19155 reused
CUDA Graph id 19155 reused
CUDA Graph id 19155 reused
CUDA Graph id 19155 reused
CUDA Graph id 19155 reused
CUDA Graph id 19155 reused
CUDA Graph id 19155 reused
CUDA Graph id 19155 reused
CUDA Graph id 19155 reused
CUDA Graph id 19155 reused
CUDA Graph id 19155 reused
CUDA Graph id 19155 reused
CUDA Graph id 19155 reused
CUDA Graph id 19155 reused
CUDA Graph id 19155 reused
CUDA Graph id 19155 reused
CUDA Graph id 19155 reused
CUDA Graph id 19155 reused
CUDA Graph id 19155 reused
CUDA Graph id 19155 reused
CUDA Graph id 19155 reused
CUDA Graph id 19155 reused
CUDA Graph id 19155 reused
CUDA Graph id 19155 reused
CUDA Graph id 19155 reused
CUDA Graph id 19155 reused
CUDA Graph id 19155 reused
CUDA Graph id 19155 reused
CUDA Graph id 19155 reused
CUDA Graph id 19155 reused
CUDA Graph id 19155 reused
CUDA Graph id 19155 reused
CUDA Graph id 19155 reused
CUDA Graph id 19155 reused
CUDA Graph id 19155 reused
CUDA Graph id 19155 reused
CUDA Graph id 19155 reused
CUDA Graph id 19155 reused
CUDA Graph id 19155 reused
CUDA Graph id 19155 reused
CUDA Graph id 19155 reused
CUDA Graph id 19155 reused
CUDA Graph id 19155 reused
CUDA Graph id 19155 reused
CUDA Graph id 19155 reused
CUDA Graph id 19155 reused
CUDA Graph id 19155 reused
CUDA Graph id 19155 reused
CUDA Graph id 19155 reused
CUDA Graph id 19155 reused
CUDA Graph id 19155 reused
CUDA Graph id 19155 reused
CUDA Graph id 19155 reused
CUDA Graph id 19155 reused
CUDA Graph id 19155 reused
CUDA Graph id 19155 reused
~llama_context:      CUDA0 compute buffer size is 304.0000 MiB, matches expectation of 304.0000 MiB
~llama_context:  CUDA_Host compute buffer size is  14.7637 MiB, matches expectation of  14.7637 MiB
llama_context: constructing llama_context
llama_context: n_seq_max     = 1
llama_context: n_ctx         = 768
llama_context: n_ctx_seq     = 768
llama_context: n_batch       = 688
llama_context: n_ubatch      = 512
llama_context: causal_attn   = 1
llama_context: flash_attn    = auto
llama_context: kv_unified    = false
llama_context: freq_base     = 1000000.0
llama_context: freq_scale    = 1
llama_context: n_rs_seq      = 0
llama_context: n_outputs_max = 688
llama_context: n_ctx_seq (768) < n_ctx_train (32768) -- the full capacity of the model will not be utilized
set_abort_callback: call
llama_context:  CUDA_Host  output buffer size =     0.58 MiB
llama_kv_cache: layer   0: dev = CPU
llama_kv_cache: layer   1: dev = CPU
llama_kv_cache: layer   2: dev = CPU
llama_kv_cache: layer   3: dev = CUDA0
llama_kv_cache: layer   4: dev = CUDA0
llama_kv_cache: layer   5: dev = CUDA0
llama_kv_cache: layer   6: dev = CUDA0
llama_kv_cache: layer   7: dev = CUDA0
llama_kv_cache: layer   8: dev = CUDA0
llama_kv_cache: layer   9: dev = CUDA0
llama_kv_cache: layer  10: dev = CUDA0
llama_kv_cache: layer  11: dev = CUDA0
llama_kv_cache: layer  12: dev = CUDA0
llama_kv_cache: layer  13: dev = CUDA0
llama_kv_cache: layer  14: dev = CUDA0
llama_kv_cache: layer  15: dev = CUDA0
llama_kv_cache: layer  16: dev = CUDA0
llama_kv_cache: layer  17: dev = CUDA0
llama_kv_cache: layer  18: dev = CUDA0
llama_kv_cache: layer  19: dev = CUDA0
llama_kv_cache: layer  20: dev = CUDA0
llama_kv_cache: layer  21: dev = CUDA0
llama_kv_cache: layer  22: dev = CUDA0
llama_kv_cache: layer  23: dev = CUDA0
llama_kv_cache: layer  24: dev = CUDA0
llama_kv_cache: layer  25: dev = CUDA0
llama_kv_cache: layer  26: dev = CUDA0
llama_kv_cache: layer  27: dev = CUDA0
llama_kv_cache:        CPU KV buffer size =     4.50 MiB
llama_kv_cache:      CUDA0 KV buffer size =    37.50 MiB
llama_kv_cache: size =   42.00 MiB (   768 cells,  28 layers,  1/1 seqs), K (f16):   21.00 MiB, V (f16):   21.00 MiB
llama_kv_cache: attn_rot_k = 0, n_embd_head_k_all = 128
llama_kv_cache: attn_rot_v = 0, n_embd_head_k_all = 128
llama_context: enumerating backends
llama_context: backend_ptrs.size() = 2
sched_reserve: reserving ...
sched_reserve: max_nodes = 2712
sched_reserve: reserving full memory module
sched_reserve: worst-case: n_tokens = 512, n_seqs = 1, n_outputs = 1
graph_reserve: reserving a graph for ubatch with n_tokens =    1, n_seqs =  1, n_outputs =    1
sched_reserve: Flash Attention was auto, set to enabled
sched_reserve: resolving fused Gated Delta Net support:
graph_reserve: reserving a graph for ubatch with n_tokens =    1, n_seqs =  1, n_outputs =    1
sched_reserve: fused Gated Delta Net (autoregressive) enabled
graph_reserve: reserving a graph for ubatch with n_tokens =   16, n_seqs =  1, n_outputs =   16
sched_reserve: fused Gated Delta Net (chunked) enabled
graph_reserve: reserving a graph for ubatch with n_tokens =  512, n_seqs =  1, n_outputs =  512
graph_reserve: reserving a graph for ubatch with n_tokens =    1, n_seqs =  1, n_outputs =    1
graph_reserve: reserving a graph for ubatch with n_tokens =  512, n_seqs =  1, n_outputs =  512
sched_reserve:      CUDA0 compute buffer size =   304.00 MiB
sched_reserve:  CUDA_Host compute buffer size =    14.76 MiB
sched_reserve: graph nodes  = 958
sched_reserve: graph splits = 44 (with bs=512), 2 (with bs=1)
sched_reserve: reserve took 10.84 ms, sched copies = 1
CUDA Graph id 19305 reused
ggml_backend_cuda_graph_compute: CUDA graph warmup complete
CUDA Graph id 19305 reused
CUDA Graph id 19305 reused
CUDA Graph id 19305 reused
CUDA Graph id 19305 reused
CUDA Graph id 19305 reused
CUDA Graph id 19305 reused
CUDA Graph id 19305 reused
CUDA Graph id 19305 reused
CUDA Graph id 19305 reused
CUDA Graph id 19305 reused
CUDA Graph id 19305 reused
CUDA Graph id 19305 reused
CUDA Graph id 19305 reused
CUDA Graph id 19305 reused
CUDA Graph id 19305 reused
CUDA Graph id 19305 reused
CUDA Graph id 19305 reused
CUDA Graph id 19305 reused
CUDA Graph id 19305 reused
CUDA Graph id 19305 reused
CUDA Graph id 19305 reused
CUDA Graph id 19305 reused
CUDA Graph id 19305 reused
CUDA Graph id 19305 reused
CUDA Graph id 19305 reused
CUDA Graph id 19305 reused
CUDA Graph id 19305 reused
CUDA Graph id 19305 reused
CUDA Graph id 19305 reused
CUDA Graph id 19305 reused
CUDA Graph id 19305 reused
CUDA Graph id 19305 reused
CUDA Graph id 19305 reused
CUDA Graph id 19305 reused
CUDA Graph id 19305 reused
CUDA Graph id 19305 reused
CUDA Graph id 19305 reused
CUDA Graph id 19305 reused
CUDA Graph id 19305 reused
CUDA Graph id 19305 reused
CUDA Graph id 19305 reused
CUDA Graph id 19305 reused
CUDA Graph id 19305 reused
CUDA Graph id 19305 reused
CUDA Graph id 19305 reused
CUDA Graph id 19305 reused
CUDA Graph id 19305 reused
CUDA Graph id 19305 reused
CUDA Graph id 19305 reused
CUDA Graph id 19305 reused
CUDA Graph id 19305 reused
CUDA Graph id 19305 reused
CUDA Graph id 19305 reused
CUDA Graph id 19305 reused
CUDA Graph id 19305 reused
CUDA Graph id 19305 reused
CUDA Graph id 19305 reused
CUDA Graph id 19305 reused
CUDA Graph id 19305 reused
CUDA Graph id 19305 reused
CUDA Graph id 19305 reused
CUDA Graph id 19305 reused
CUDA Graph id 19305 reused
CUDA Graph id 19305 reused
CUDA Graph id 19305 reused
CUDA Graph id 19305 reused
~llama_context:      CUDA0 compute buffer size is 304.0000 MiB, matches expectation of 304.0000 MiB
~llama_context:  CUDA_Host compute buffer size is  14.7637 MiB, matches expectation of  14.7637 MiB
llama_context: constructing llama_context
llama_context: n_seq_max     = 1
llama_context: n_ctx         = 768
llama_context: n_ctx_seq     = 768
llama_context: n_batch       = 688
llama_context: n_ubatch      = 512
llama_context: causal_attn   = 1
llama_context: flash_attn    = auto
llama_context: kv_unified    = false
llama_context: freq_base     = 1000000.0
llama_context: freq_scale    = 1
llama_context: n_rs_seq      = 0
llama_context: n_outputs_max = 688
llama_context: n_ctx_seq (768) < n_ctx_train (32768) -- the full capacity of the model will not be utilized
set_abort_callback: call
llama_context:  CUDA_Host  output buffer size =     0.58 MiB
llama_kv_cache: layer   0: dev = CPU
llama_kv_cache: layer   1: dev = CPU
llama_kv_cache: layer   2: dev = CPU
llama_kv_cache: layer   3: dev = CUDA0
llama_kv_cache: layer   4: dev = CUDA0
llama_kv_cache: layer   5: dev = CUDA0
llama_kv_cache: layer   6: dev = CUDA0
llama_kv_cache: layer   7: dev = CUDA0
llama_kv_cache: layer   8: dev = CUDA0
llama_kv_cache: layer   9: dev = CUDA0
llama_kv_cache: layer  10: dev = CUDA0
llama_kv_cache: layer  11: dev = CUDA0
llama_kv_cache: layer  12: dev = CUDA0
llama_kv_cache: layer  13: dev = CUDA0
llama_kv_cache: layer  14: dev = CUDA0
llama_kv_cache: layer  15: dev = CUDA0
llama_kv_cache: layer  16: dev = CUDA0
llama_kv_cache: layer  17: dev = CUDA0
llama_kv_cache: layer  18: dev = CUDA0
llama_kv_cache: layer  19: dev = CUDA0
llama_kv_cache: layer  20: dev = CUDA0
llama_kv_cache: layer  21: dev = CUDA0
llama_kv_cache: layer  22: dev = CUDA0
llama_kv_cache: layer  23: dev = CUDA0
llama_kv_cache: layer  24: dev = CUDA0
llama_kv_cache: layer  25: dev = CUDA0
llama_kv_cache: layer  26: dev = CUDA0
llama_kv_cache: layer  27: dev = CUDA0
llama_kv_cache:        CPU KV buffer size =     4.50 MiB
llama_kv_cache:      CUDA0 KV buffer size =    37.50 MiB
llama_kv_cache: size =   42.00 MiB (   768 cells,  28 layers,  1/1 seqs), K (f16):   21.00 MiB, V (f16):   21.00 MiB
llama_kv_cache: attn_rot_k = 0, n_embd_head_k_all = 128
llama_kv_cache: attn_rot_v = 0, n_embd_head_k_all = 128
llama_context: enumerating backends
llama_context: backend_ptrs.size() = 2
sched_reserve: reserving ...
sched_reserve: max_nodes = 2712
sched_reserve: reserving full memory module
sched_reserve: worst-case: n_tokens = 512, n_seqs = 1, n_outputs = 1
graph_reserve: reserving a graph for ubatch with n_tokens =    1, n_seqs =  1, n_outputs =    1
sched_reserve: Flash Attention was auto, set to enabled
sched_reserve: resolving fused Gated Delta Net support:
graph_reserve: reserving a graph for ubatch with n_tokens =    1, n_seqs =  1, n_outputs =    1
sched_reserve: fused Gated Delta Net (autoregressive) enabled
graph_reserve: reserving a graph for ubatch with n_tokens =   16, n_seqs =  1, n_outputs =   16
sched_reserve: fused Gated Delta Net (chunked) enabled
graph_reserve: reserving a graph for ubatch with n_tokens =  512, n_seqs =  1, n_outputs =  512
graph_reserve: reserving a graph for ubatch with n_tokens =    1, n_seqs =  1, n_outputs =    1
graph_reserve: reserving a graph for ubatch with n_tokens =  512, n_seqs =  1, n_outputs =  512
sched_reserve:      CUDA0 compute buffer size =   304.00 MiB
sched_reserve:  CUDA_Host compute buffer size =    14.76 MiB
sched_reserve: graph nodes  = 958
sched_reserve: graph splits = 44 (with bs=512), 2 (with bs=1)
sched_reserve: reserve took 10.48 ms, sched copies = 1
CUDA Graph id 19455 reused
ggml_backend_cuda_graph_compute: CUDA graph warmup complete
CUDA Graph id 19455 reused
CUDA Graph id 19455 reused
CUDA Graph id 19455 reused
CUDA Graph id 19455 reused
CUDA Graph id 19455 reused
CUDA Graph id 19455 reused
CUDA Graph id 19455 reused
CUDA Graph id 19455 reused
CUDA Graph id 19455 reused
CUDA Graph id 19455 reused
CUDA Graph id 19455 reused
CUDA Graph id 19455 reused
CUDA Graph id 19455 reused
CUDA Graph id 19455 reused
CUDA Graph id 19455 reused
CUDA Graph id 19455 reused
CUDA Graph id 19455 reused
CUDA Graph id 19455 reused
CUDA Graph id 19455 reused
CUDA Graph id 19455 reused
CUDA Graph id 19455 reused
CUDA Graph id 19455 reused
CUDA Graph id 19455 reused
CUDA Graph id 19455 reused
CUDA Graph id 19455 reused
CUDA Graph id 19455 reused
CUDA Graph id 19455 reused
CUDA Graph id 19455 reused
CUDA Graph id 19455 reused
CUDA Graph id 19455 reused
CUDA Graph id 19455 reused
CUDA Graph id 19455 reused
CUDA Graph id 19455 reused
CUDA Graph id 19455 reused
CUDA Graph id 19455 reused
CUDA Graph id 19455 reused
CUDA Graph id 19455 reused
CUDA Graph id 19455 reused
CUDA Graph id 19455 reused
CUDA Graph id 19455 reused
CUDA Graph id 19455 reused
CUDA Graph id 19455 reused
CUDA Graph id 19455 reused
CUDA Graph id 19455 reused
CUDA Graph id 19455 reused
CUDA Graph id 19455 reused
CUDA Graph id 19455 reused
CUDA Graph id 19455 reused
CUDA Graph id 19455 reused
CUDA Graph id 19455 reused
CUDA Graph id 19455 reused
CUDA Graph id 19455 reused
CUDA Graph id 19455 reused
CUDA Graph id 19455 reused
CUDA Graph id 19455 reused
CUDA Graph id 19455 reused
CUDA Graph id 19455 reused
CUDA Graph id 19455 reused
CUDA Graph id 19455 reused
CUDA Graph id 19455 reused
CUDA Graph id 19455 reused
CUDA Graph id 19455 reused
CUDA Graph id 19455 reused
CUDA Graph id 19455 reused
CUDA Graph id 19455 reused
CUDA Graph id 19455 reused
CUDA Graph id 19455 reused
~llama_context:      CUDA0 compute buffer size is 304.0000 MiB, matches expectation of 304.0000 MiB
~llama_context:  CUDA_Host compute buffer size is  14.7637 MiB, matches expectation of  14.7637 MiB
llama_context: constructing llama_context
llama_context: n_seq_max     = 1
llama_context: n_ctx         = 768
llama_context: n_ctx_seq     = 768
llama_context: n_batch       = 688
llama_context: n_ubatch      = 512
llama_context: causal_attn   = 1
llama_context: flash_attn    = auto
llama_context: kv_unified    = false
llama_context: freq_base     = 1000000.0
llama_context: freq_scale    = 1
llama_context: n_rs_seq      = 0
llama_context: n_outputs_max = 688
llama_context: n_ctx_seq (768) < n_ctx_train (32768) -- the full capacity of the model will not be utilized
set_abort_callback: call
llama_context:  CUDA_Host  output buffer size =     0.58 MiB
llama_kv_cache: layer   0: dev = CPU
llama_kv_cache: layer   1: dev = CPU
llama_kv_cache: layer   2: dev = CPU
llama_kv_cache: layer   3: dev = CUDA0
llama_kv_cache: layer   4: dev = CUDA0
llama_kv_cache: layer   5: dev = CUDA0
llama_kv_cache: layer   6: dev = CUDA0
llama_kv_cache: layer   7: dev = CUDA0
llama_kv_cache: layer   8: dev = CUDA0
llama_kv_cache: layer   9: dev = CUDA0
llama_kv_cache: layer  10: dev = CUDA0
llama_kv_cache: layer  11: dev = CUDA0
llama_kv_cache: layer  12: dev = CUDA0
llama_kv_cache: layer  13: dev = CUDA0
llama_kv_cache: layer  14: dev = CUDA0
llama_kv_cache: layer  15: dev = CUDA0
llama_kv_cache: layer  16: dev = CUDA0
llama_kv_cache: layer  17: dev = CUDA0
llama_kv_cache: layer  18: dev = CUDA0
llama_kv_cache: layer  19: dev = CUDA0
llama_kv_cache: layer  20: dev = CUDA0
llama_kv_cache: layer  21: dev = CUDA0
llama_kv_cache: layer  22: dev = CUDA0
llama_kv_cache: layer  23: dev = CUDA0
llama_kv_cache: layer  24: dev = CUDA0
llama_kv_cache: layer  25: dev = CUDA0
llama_kv_cache: layer  26: dev = CUDA0
llama_kv_cache: layer  27: dev = CUDA0
llama_kv_cache:        CPU KV buffer size =     4.50 MiB
llama_kv_cache:      CUDA0 KV buffer size =    37.50 MiB
llama_kv_cache: size =   42.00 MiB (   768 cells,  28 layers,  1/1 seqs), K (f16):   21.00 MiB, V (f16):   21.00 MiB
llama_kv_cache: attn_rot_k = 0, n_embd_head_k_all = 128
llama_kv_cache: attn_rot_v = 0, n_embd_head_k_all = 128
llama_context: enumerating backends
llama_context: backend_ptrs.size() = 2
sched_reserve: reserving ...
sched_reserve: max_nodes = 2712
sched_reserve: reserving full memory module
sched_reserve: worst-case: n_tokens = 512, n_seqs = 1, n_outputs = 1
graph_reserve: reserving a graph for ubatch with n_tokens =    1, n_seqs =  1, n_outputs =    1
sched_reserve: Flash Attention was auto, set to enabled
sched_reserve: resolving fused Gated Delta Net support:
graph_reserve: reserving a graph for ubatch with n_tokens =    1, n_seqs =  1, n_outputs =    1
sched_reserve: fused Gated Delta Net (autoregressive) enabled
graph_reserve: reserving a graph for ubatch with n_tokens =   16, n_seqs =  1, n_outputs =   16
sched_reserve: fused Gated Delta Net (chunked) enabled
graph_reserve: reserving a graph for ubatch with n_tokens =  512, n_seqs =  1, n_outputs =  512
graph_reserve: reserving a graph for ubatch with n_tokens =    1, n_seqs =  1, n_outputs =    1
graph_reserve: reserving a graph for ubatch with n_tokens =  512, n_seqs =  1, n_outputs =  512
sched_reserve:      CUDA0 compute buffer size =   304.00 MiB
sched_reserve:  CUDA_Host compute buffer size =    14.76 MiB
sched_reserve: graph nodes  = 958
sched_reserve: graph splits = 44 (with bs=512), 2 (with bs=1)
sched_reserve: reserve took 10.49 ms, sched copies = 1
CUDA Graph id 19605 reused
ggml_backend_cuda_graph_compute: CUDA graph warmup complete
CUDA Graph id 19605 reused
CUDA Graph id 19605 reused
CUDA Graph id 19605 reused
CUDA Graph id 19605 reused
CUDA Graph id 19605 reused
CUDA Graph id 19605 reused
CUDA Graph id 19605 reused
CUDA Graph id 19605 reused
CUDA Graph id 19605 reused
CUDA Graph id 19605 reused
CUDA Graph id 19605 reused
CUDA Graph id 19605 reused
CUDA Graph id 19605 reused
CUDA Graph id 19605 reused
CUDA Graph id 19605 reused
CUDA Graph id 19605 reused
CUDA Graph id 19605 reused
CUDA Graph id 19605 reused
CUDA Graph id 19605 reused
CUDA Graph id 19605 reused
CUDA Graph id 19605 reused
CUDA Graph id 19605 reused
CUDA Graph id 19605 reused
CUDA Graph id 19605 reused
CUDA Graph id 19605 reused
CUDA Graph id 19605 reused
CUDA Graph id 19605 reused
CUDA Graph id 19605 reused
CUDA Graph id 19605 reused
CUDA Graph id 19605 reused
CUDA Graph id 19605 reused
CUDA Graph id 19605 reused
CUDA Graph id 19605 reused
CUDA Graph id 19605 reused
CUDA Graph id 19605 reused
CUDA Graph id 19605 reused
CUDA Graph id 19605 reused
CUDA Graph id 19605 reused
CUDA Graph id 19605 reused
CUDA Graph id 19605 reused
CUDA Graph id 19605 reused
CUDA Graph id 19605 reused
CUDA Graph id 19605 reused
CUDA Graph id 19605 reused
CUDA Graph id 19605 reused
CUDA Graph id 19605 reused
CUDA Graph id 19605 reused
CUDA Graph id 19605 reused
CUDA Graph id 19605 reused
CUDA Graph id 19605 reused
CUDA Graph id 19605 reused
CUDA Graph id 19605 reused
CUDA Graph id 19605 reused
CUDA Graph id 19605 reused
CUDA Graph id 19605 reused
CUDA Graph id 19605 reused
CUDA Graph id 19605 reused
CUDA Graph id 19605 reused
CUDA Graph id 19605 reused
CUDA Graph id 19605 reused
CUDA Graph id 19605 reused
CUDA Graph id 19605 reused
CUDA Graph id 19605 reused
CUDA Graph id 19605 reused
~llama_context:      CUDA0 compute buffer size is 304.0000 MiB, matches expectation of 304.0000 MiB
~llama_context:  CUDA_Host compute buffer size is  14.7637 MiB, matches expectation of  14.7637 MiB
llama_context: constructing llama_context
llama_context: n_seq_max     = 1
llama_context: n_ctx         = 768
llama_context: n_ctx_seq     = 768
llama_context: n_batch       = 688
llama_context: n_ubatch      = 512
llama_context: causal_attn   = 1
llama_context: flash_attn    = auto
llama_context: kv_unified    = false
llama_context: freq_base     = 1000000.0
llama_context: freq_scale    = 1
llama_context: n_rs_seq      = 0
llama_context: n_outputs_max = 688
llama_context: n_ctx_seq (768) < n_ctx_train (32768) -- the full capacity of the model will not be utilized
set_abort_callback: call
llama_context:  CUDA_Host  output buffer size =     0.58 MiB
llama_kv_cache: layer   0: dev = CPU
llama_kv_cache: layer   1: dev = CPU
llama_kv_cache: layer   2: dev = CPU
llama_kv_cache: layer   3: dev = CUDA0
llama_kv_cache: layer   4: dev = CUDA0
llama_kv_cache: layer   5: dev = CUDA0
llama_kv_cache: layer   6: dev = CUDA0
llama_kv_cache: layer   7: dev = CUDA0
llama_kv_cache: layer   8: dev = CUDA0
llama_kv_cache: layer   9: dev = CUDA0
llama_kv_cache: layer  10: dev = CUDA0
llama_kv_cache: layer  11: dev = CUDA0
llama_kv_cache: layer  12: dev = CUDA0
llama_kv_cache: layer  13: dev = CUDA0
llama_kv_cache: layer  14: dev = CUDA0
llama_kv_cache: layer  15: dev = CUDA0
llama_kv_cache: layer  16: dev = CUDA0
llama_kv_cache: layer  17: dev = CUDA0
llama_kv_cache: layer  18: dev = CUDA0
llama_kv_cache: layer  19: dev = CUDA0
llama_kv_cache: layer  20: dev = CUDA0
llama_kv_cache: layer  21: dev = CUDA0
llama_kv_cache: layer  22: dev = CUDA0
llama_kv_cache: layer  23: dev = CUDA0
llama_kv_cache: layer  24: dev = CUDA0
llama_kv_cache: layer  25: dev = CUDA0
llama_kv_cache: layer  26: dev = CUDA0
llama_kv_cache: layer  27: dev = CUDA0
llama_kv_cache:        CPU KV buffer size =     4.50 MiB
llama_kv_cache:      CUDA0 KV buffer size =    37.50 MiB
llama_kv_cache: size =   42.00 MiB (   768 cells,  28 layers,  1/1 seqs), K (f16):   21.00 MiB, V (f16):   21.00 MiB
llama_kv_cache: attn_rot_k = 0, n_embd_head_k_all = 128
llama_kv_cache: attn_rot_v = 0, n_embd_head_k_all = 128
llama_context: enumerating backends
llama_context: backend_ptrs.size() = 2
sched_reserve: reserving ...
sched_reserve: max_nodes = 2712
sched_reserve: reserving full memory module
sched_reserve: worst-case: n_tokens = 512, n_seqs = 1, n_outputs = 1
graph_reserve: reserving a graph for ubatch with n_tokens =    1, n_seqs =  1, n_outputs =    1
sched_reserve: Flash Attention was auto, set to enabled
sched_reserve: resolving fused Gated Delta Net support:
graph_reserve: reserving a graph for ubatch with n_tokens =    1, n_seqs =  1, n_outputs =    1
sched_reserve: fused Gated Delta Net (autoregressive) enabled
graph_reserve: reserving a graph for ubatch with n_tokens =   16, n_seqs =  1, n_outputs =   16
sched_reserve: fused Gated Delta Net (chunked) enabled
graph_reserve: reserving a graph for ubatch with n_tokens =  512, n_seqs =  1, n_outputs =  512
graph_reserve: reserving a graph for ubatch with n_tokens =    1, n_seqs =  1, n_outputs =    1
graph_reserve: reserving a graph for ubatch with n_tokens =  512, n_seqs =  1, n_outputs =  512
sched_reserve:      CUDA0 compute buffer size =   304.00 MiB
sched_reserve:  CUDA_Host compute buffer size =    14.76 MiB
sched_reserve: graph nodes  = 958
sched_reserve: graph splits = 44 (with bs=512), 2 (with bs=1)
sched_reserve: reserve took 10.44 ms, sched copies = 1
CUDA Graph id 19755 reused
ggml_backend_cuda_graph_compute: CUDA graph warmup complete
CUDA Graph id 19755 reused
CUDA Graph id 19755 reused
CUDA Graph id 19755 reused
CUDA Graph id 19755 reused
CUDA Graph id 19755 reused
CUDA Graph id 19755 reused
CUDA Graph id 19755 reused
CUDA Graph id 19755 reused
CUDA Graph id 19755 reused
CUDA Graph id 19755 reused
CUDA Graph id 19755 reused
CUDA Graph id 19755 reused
CUDA Graph id 19755 reused
CUDA Graph id 19755 reused
~llama_context:      CUDA0 compute buffer size is 304.0000 MiB, matches expectation of 304.0000 MiB
~llama_context:  CUDA_Host compute buffer size is  14.7637 MiB, matches expectation of  14.7637 MiB
llama_context: constructing llama_context
llama_context: n_seq_max     = 1
llama_context: n_ctx         = 768
llama_context: n_ctx_seq     = 768
llama_context: n_batch       = 688
llama_context: n_ubatch      = 512
llama_context: causal_attn   = 1
llama_context: flash_attn    = auto
llama_context: kv_unified    = false
llama_context: freq_base     = 1000000.0
llama_context: freq_scale    = 1
llama_context: n_rs_seq      = 0
llama_context: n_outputs_max = 688
llama_context: n_ctx_seq (768) < n_ctx_train (32768) -- the full capacity of the model will not be utilized
set_abort_callback: call
llama_context:  CUDA_Host  output buffer size =     0.58 MiB
llama_kv_cache: layer   0: dev = CPU
llama_kv_cache: layer   1: dev = CPU
llama_kv_cache: layer   2: dev = CPU
llama_kv_cache: layer   3: dev = CUDA0
llama_kv_cache: layer   4: dev = CUDA0
llama_kv_cache: layer   5: dev = CUDA0
llama_kv_cache: layer   6: dev = CUDA0
llama_kv_cache: layer   7: dev = CUDA0
llama_kv_cache: layer   8: dev = CUDA0
llama_kv_cache: layer   9: dev = CUDA0
llama_kv_cache: layer  10: dev = CUDA0
llama_kv_cache: layer  11: dev = CUDA0
llama_kv_cache: layer  12: dev = CUDA0
llama_kv_cache: layer  13: dev = CUDA0
llama_kv_cache: layer  14: dev = CUDA0
llama_kv_cache: layer  15: dev = CUDA0
llama_kv_cache: layer  16: dev = CUDA0
llama_kv_cache: layer  17: dev = CUDA0
llama_kv_cache: layer  18: dev = CUDA0
llama_kv_cache: layer  19: dev = CUDA0
llama_kv_cache: layer  20: dev = CUDA0
llama_kv_cache: layer  21: dev = CUDA0
llama_kv_cache: layer  22: dev = CUDA0
llama_kv_cache: layer  23: dev = CUDA0
llama_kv_cache: layer  24: dev = CUDA0
llama_kv_cache: layer  25: dev = CUDA0
llama_kv_cache: layer  26: dev = CUDA0
llama_kv_cache: layer  27: dev = CUDA0
llama_kv_cache:        CPU KV buffer size =     4.50 MiB
llama_kv_cache:      CUDA0 KV buffer size =    37.50 MiB
llama_kv_cache: size =   42.00 MiB (   768 cells,  28 layers,  1/1 seqs), K (f16):   21.00 MiB, V (f16):   21.00 MiB
llama_kv_cache: attn_rot_k = 0, n_embd_head_k_all = 128
llama_kv_cache: attn_rot_v = 0, n_embd_head_k_all = 128
llama_context: enumerating backends
llama_context: backend_ptrs.size() = 2
sched_reserve: reserving ...
sched_reserve: max_nodes = 2712
sched_reserve: reserving full memory module
sched_reserve: worst-case: n_tokens = 512, n_seqs = 1, n_outputs = 1
graph_reserve: reserving a graph for ubatch with n_tokens =    1, n_seqs =  1, n_outputs =    1
sched_reserve: Flash Attention was auto, set to enabled
sched_reserve: resolving fused Gated Delta Net support:
graph_reserve: reserving a graph for ubatch with n_tokens =    1, n_seqs =  1, n_outputs =    1
sched_reserve: fused Gated Delta Net (autoregressive) enabled
graph_reserve: reserving a graph for ubatch with n_tokens =   16, n_seqs =  1, n_outputs =   16
sched_reserve: fused Gated Delta Net (chunked) enabled
graph_reserve: reserving a graph for ubatch with n_tokens =  512, n_seqs =  1, n_outputs =  512
graph_reserve: reserving a graph for ubatch with n_tokens =    1, n_seqs =  1, n_outputs =    1
graph_reserve: reserving a graph for ubatch with n_tokens =  512, n_seqs =  1, n_outputs =  512
sched_reserve:      CUDA0 compute buffer size =   304.00 MiB
sched_reserve:  CUDA_Host compute buffer size =    14.76 MiB
sched_reserve: graph nodes  = 958
sched_reserve: graph splits = 44 (with bs=512), 2 (with bs=1)
sched_reserve: reserve took 10.60 ms, sched copies = 1
CUDA Graph id 19905 reused
ggml_backend_cuda_graph_compute: CUDA graph warmup complete
CUDA Graph id 19905 reused
CUDA Graph id 19905 reused
CUDA Graph id 19905 reused
CUDA Graph id 19905 reused
CUDA Graph id 19905 reused
CUDA Graph id 19905 reused
CUDA Graph id 19905 reused
CUDA Graph id 19905 reused
CUDA Graph id 19905 reused
CUDA Graph id 19905 reused
CUDA Graph id 19905 reused
CUDA Graph id 19905 reused
CUDA Graph id 19905 reused
CUDA Graph id 19905 reused
CUDA Graph id 19905 reused
CUDA Graph id 19905 reused
CUDA Graph id 19905 reused
CUDA Graph id 19905 reused
CUDA Graph id 19905 reused
CUDA Graph id 19905 reused
CUDA Graph id 19905 reused
CUDA Graph id 19905 reused
CUDA Graph id 19905 reused
CUDA Graph id 19905 reused
CUDA Graph id 19905 reused
CUDA Graph id 19905 reused
CUDA Graph id 19905 reused
CUDA Graph id 19905 reused
CUDA Graph id 19905 reused
CUDA Graph id 19905 reused
CUDA Graph id 19905 reused
CUDA Graph id 19905 reused
CUDA Graph id 19905 reused
CUDA Graph id 19905 reused
CUDA Graph id 19905 reused
CUDA Graph id 19905 reused
CUDA Graph id 19905 reused
CUDA Graph id 19905 reused
CUDA Graph id 19905 reused
CUDA Graph id 19905 reused
CUDA Graph id 19905 reused
CUDA Graph id 19905 reused
CUDA Graph id 19905 reused
CUDA Graph id 19905 reused
CUDA Graph id 19905 reused
CUDA Graph id 19905 reused
CUDA Graph id 19905 reused
CUDA Graph id 19905 reused
CUDA Graph id 19905 reused
CUDA Graph id 19905 reused
CUDA Graph id 19905 reused
CUDA Graph id 19905 reused
~llama_context:      CUDA0 compute buffer size is 304.0000 MiB, matches expectation of 304.0000 MiB
~llama_context:  CUDA_Host compute buffer size is  14.7637 MiB, matches expectation of  14.7637 MiB
schema 197/200 done
llama_context: constructing llama_context
llama_context: n_seq_max     = 1
llama_context: n_ctx         = 768
llama_context: n_ctx_seq     = 768
llama_context: n_batch       = 693
llama_context: n_ubatch      = 512
llama_context: causal_attn   = 1
llama_context: flash_attn    = auto
llama_context: kv_unified    = false
llama_context: freq_base     = 1000000.0
llama_context: freq_scale    = 1
llama_context: n_rs_seq      = 0
llama_context: n_outputs_max = 693
llama_context: n_ctx_seq (768) < n_ctx_train (32768) -- the full capacity of the model will not be utilized
set_abort_callback: call
llama_context:  CUDA_Host  output buffer size =     0.58 MiB
llama_kv_cache: layer   0: dev = CPU
llama_kv_cache: layer   1: dev = CPU
llama_kv_cache: layer   2: dev = CPU
llama_kv_cache: layer   3: dev = CUDA0
llama_kv_cache: layer   4: dev = CUDA0
llama_kv_cache: layer   5: dev = CUDA0
llama_kv_cache: layer   6: dev = CUDA0
llama_kv_cache: layer   7: dev = CUDA0
llama_kv_cache: layer   8: dev = CUDA0
llama_kv_cache: layer   9: dev = CUDA0
llama_kv_cache: layer  10: dev = CUDA0
llama_kv_cache: layer  11: dev = CUDA0
llama_kv_cache: layer  12: dev = CUDA0
llama_kv_cache: layer  13: dev = CUDA0
llama_kv_cache: layer  14: dev = CUDA0
llama_kv_cache: layer  15: dev = CUDA0
llama_kv_cache: layer  16: dev = CUDA0
llama_kv_cache: layer  17: dev = CUDA0
llama_kv_cache: layer  18: dev = CUDA0
llama_kv_cache: layer  19: dev = CUDA0
llama_kv_cache: layer  20: dev = CUDA0
llama_kv_cache: layer  21: dev = CUDA0
llama_kv_cache: layer  22: dev = CUDA0
llama_kv_cache: layer  23: dev = CUDA0
llama_kv_cache: layer  24: dev = CUDA0
llama_kv_cache: layer  25: dev = CUDA0
llama_kv_cache: layer  26: dev = CUDA0
llama_kv_cache: layer  27: dev = CUDA0
llama_kv_cache:        CPU KV buffer size =     4.50 MiB
llama_kv_cache:      CUDA0 KV buffer size =    37.50 MiB
llama_kv_cache: size =   42.00 MiB (   768 cells,  28 layers,  1/1 seqs), K (f16):   21.00 MiB, V (f16):   21.00 MiB
llama_kv_cache: attn_rot_k = 0, n_embd_head_k_all = 128
llama_kv_cache: attn_rot_v = 0, n_embd_head_k_all = 128
llama_context: enumerating backends
llama_context: backend_ptrs.size() = 2
sched_reserve: reserving ...
sched_reserve: max_nodes = 2712
sched_reserve: reserving full memory module
sched_reserve: worst-case: n_tokens = 512, n_seqs = 1, n_outputs = 1
graph_reserve: reserving a graph for ubatch with n_tokens =    1, n_seqs =  1, n_outputs =    1
sched_reserve: Flash Attention was auto, set to enabled
sched_reserve: resolving fused Gated Delta Net support:
graph_reserve: reserving a graph for ubatch with n_tokens =    1, n_seqs =  1, n_outputs =    1
sched_reserve: fused Gated Delta Net (autoregressive) enabled
graph_reserve: reserving a graph for ubatch with n_tokens =   16, n_seqs =  1, n_outputs =   16
sched_reserve: fused Gated Delta Net (chunked) enabled
graph_reserve: reserving a graph for ubatch with n_tokens =  512, n_seqs =  1, n_outputs =  512
graph_reserve: reserving a graph for ubatch with n_tokens =    1, n_seqs =  1, n_outputs =    1
graph_reserve: reserving a graph for ubatch with n_tokens =  512, n_seqs =  1, n_outputs =  512
sched_reserve:      CUDA0 compute buffer size =   304.00 MiB
sched_reserve:  CUDA_Host compute buffer size =    14.76 MiB
sched_reserve: graph nodes  = 958
sched_reserve: graph splits = 44 (with bs=512), 2 (with bs=1)
sched_reserve: reserve took 10.92 ms, sched copies = 1
CUDA Graph id 20055 reused
ggml_backend_cuda_graph_compute: CUDA graph warmup complete
CUDA Graph id 20055 reused
CUDA Graph id 20055 reused
CUDA Graph id 20055 reused
CUDA Graph id 20055 reused
CUDA Graph id 20055 reused
CUDA Graph id 20055 reused
CUDA Graph id 20055 reused
CUDA Graph id 20055 reused
CUDA Graph id 20055 reused
CUDA Graph id 20055 reused
CUDA Graph id 20055 reused
CUDA Graph id 20055 reused
CUDA Graph id 20055 reused
CUDA Graph id 20055 reused
CUDA Graph id 20055 reused
CUDA Graph id 20055 reused
CUDA Graph id 20055 reused
CUDA Graph id 20055 reused
CUDA Graph id 20055 reused
CUDA Graph id 20055 reused
CUDA Graph id 20055 reused
CUDA Graph id 20055 reused
CUDA Graph id 20055 reused
CUDA Graph id 20055 reused
CUDA Graph id 20055 reused
CUDA Graph id 20055 reused
CUDA Graph id 20055 reused
CUDA Graph id 20055 reused
CUDA Graph id 20055 reused
CUDA Graph id 20055 reused
CUDA Graph id 20055 reused
CUDA Graph id 20055 reused
CUDA Graph id 20055 reused
CUDA Graph id 20055 reused
CUDA Graph id 20055 reused
CUDA Graph id 20055 reused
CUDA Graph id 20055 reused
CUDA Graph id 20055 reused
CUDA Graph id 20055 reused
CUDA Graph id 20055 reused
CUDA Graph id 20055 reused
CUDA Graph id 20055 reused
CUDA Graph id 20055 reused
~llama_context:      CUDA0 compute buffer size is 304.0000 MiB, matches expectation of 304.0000 MiB
~llama_context:  CUDA_Host compute buffer size is  14.7637 MiB, matches expectation of  14.7637 MiB
llama_context: constructing llama_context
llama_context: n_seq_max     = 1
llama_context: n_ctx         = 768
llama_context: n_ctx_seq     = 768
llama_context: n_batch       = 693
llama_context: n_ubatch      = 512
llama_context: causal_attn   = 1
llama_context: flash_attn    = auto
llama_context: kv_unified    = false
llama_context: freq_base     = 1000000.0
llama_context: freq_scale    = 1
llama_context: n_rs_seq      = 0
llama_context: n_outputs_max = 693
llama_context: n_ctx_seq (768) < n_ctx_train (32768) -- the full capacity of the model will not be utilized
set_abort_callback: call
llama_context:  CUDA_Host  output buffer size =     0.58 MiB
llama_kv_cache: layer   0: dev = CPU
llama_kv_cache: layer   1: dev = CPU
llama_kv_cache: layer   2: dev = CPU
llama_kv_cache: layer   3: dev = CUDA0
llama_kv_cache: layer   4: dev = CUDA0
llama_kv_cache: layer   5: dev = CUDA0
llama_kv_cache: layer   6: dev = CUDA0
llama_kv_cache: layer   7: dev = CUDA0
llama_kv_cache: layer   8: dev = CUDA0
llama_kv_cache: layer   9: dev = CUDA0
llama_kv_cache: layer  10: dev = CUDA0
llama_kv_cache: layer  11: dev = CUDA0
llama_kv_cache: layer  12: dev = CUDA0
llama_kv_cache: layer  13: dev = CUDA0
llama_kv_cache: layer  14: dev = CUDA0
llama_kv_cache: layer  15: dev = CUDA0
llama_kv_cache: layer  16: dev = CUDA0
llama_kv_cache: layer  17: dev = CUDA0
llama_kv_cache: layer  18: dev = CUDA0
llama_kv_cache: layer  19: dev = CUDA0
llama_kv_cache: layer  20: dev = CUDA0
llama_kv_cache: layer  21: dev = CUDA0
llama_kv_cache: layer  22: dev = CUDA0
llama_kv_cache: layer  23: dev = CUDA0
llama_kv_cache: layer  24: dev = CUDA0
llama_kv_cache: layer  25: dev = CUDA0
llama_kv_cache: layer  26: dev = CUDA0
llama_kv_cache: layer  27: dev = CUDA0
llama_kv_cache:        CPU KV buffer size =     4.50 MiB
llama_kv_cache:      CUDA0 KV buffer size =    37.50 MiB
llama_kv_cache: size =   42.00 MiB (   768 cells,  28 layers,  1/1 seqs), K (f16):   21.00 MiB, V (f16):   21.00 MiB
llama_kv_cache: attn_rot_k = 0, n_embd_head_k_all = 128
llama_kv_cache: attn_rot_v = 0, n_embd_head_k_all = 128
llama_context: enumerating backends
llama_context: backend_ptrs.size() = 2
sched_reserve: reserving ...
sched_reserve: max_nodes = 2712
sched_reserve: reserving full memory module
sched_reserve: worst-case: n_tokens = 512, n_seqs = 1, n_outputs = 1
graph_reserve: reserving a graph for ubatch with n_tokens =    1, n_seqs =  1, n_outputs =    1
sched_reserve: Flash Attention was auto, set to enabled
sched_reserve: resolving fused Gated Delta Net support:
graph_reserve: reserving a graph for ubatch with n_tokens =    1, n_seqs =  1, n_outputs =    1
sched_reserve: fused Gated Delta Net (autoregressive) enabled
graph_reserve: reserving a graph for ubatch with n_tokens =   16, n_seqs =  1, n_outputs =   16
sched_reserve: fused Gated Delta Net (chunked) enabled
graph_reserve: reserving a graph for ubatch with n_tokens =  512, n_seqs =  1, n_outputs =  512
graph_reserve: reserving a graph for ubatch with n_tokens =    1, n_seqs =  1, n_outputs =    1
graph_reserve: reserving a graph for ubatch with n_tokens =  512, n_seqs =  1, n_outputs =  512
sched_reserve:      CUDA0 compute buffer size =   304.00 MiB
sched_reserve:  CUDA_Host compute buffer size =    14.76 MiB
sched_reserve: graph nodes  = 958
sched_reserve: graph splits = 44 (with bs=512), 2 (with bs=1)
sched_reserve: reserve took 10.62 ms, sched copies = 1
CUDA Graph id 20205 reused
ggml_backend_cuda_graph_compute: CUDA graph warmup complete
CUDA Graph id 20205 reused
CUDA Graph id 20205 reused
CUDA Graph id 20205 reused
CUDA Graph id 20205 reused
CUDA Graph id 20205 reused
CUDA Graph id 20205 reused
CUDA Graph id 20205 reused
CUDA Graph id 20205 reused
CUDA Graph id 20205 reused
CUDA Graph id 20205 reused
CUDA Graph id 20205 reused
CUDA Graph id 20205 reused
CUDA Graph id 20205 reused
CUDA Graph id 20205 reused
CUDA Graph id 20205 reused
CUDA Graph id 20205 reused
CUDA Graph id 20205 reused
CUDA Graph id 20205 reused
CUDA Graph id 20205 reused
CUDA Graph id 20205 reused
CUDA Graph id 20205 reused
CUDA Graph id 20205 reused
CUDA Graph id 20205 reused
CUDA Graph id 20205 reused
CUDA Graph id 20205 reused
CUDA Graph id 20205 reused
CUDA Graph id 20205 reused
CUDA Graph id 20205 reused
CUDA Graph id 20205 reused
CUDA Graph id 20205 reused
CUDA Graph id 20205 reused
CUDA Graph id 20205 reused
CUDA Graph id 20205 reused
CUDA Graph id 20205 reused
CUDA Graph id 20205 reused
CUDA Graph id 20205 reused
CUDA Graph id 20205 reused
CUDA Graph id 20205 reused
CUDA Graph id 20205 reused
CUDA Graph id 20205 reused
CUDA Graph id 20205 reused
CUDA Graph id 20205 reused
CUDA Graph id 20205 reused
~llama_context:      CUDA0 compute buffer size is 304.0000 MiB, matches expectation of 304.0000 MiB
~llama_context:  CUDA_Host compute buffer size is  14.7637 MiB, matches expectation of  14.7637 MiB
llama_context: constructing llama_context
llama_context: n_seq_max     = 1
llama_context: n_ctx         = 768
llama_context: n_ctx_seq     = 768
llama_context: n_batch       = 693
llama_context: n_ubatch      = 512
llama_context: causal_attn   = 1
llama_context: flash_attn    = auto
llama_context: kv_unified    = false
llama_context: freq_base     = 1000000.0
llama_context: freq_scale    = 1
llama_context: n_rs_seq      = 0
llama_context: n_outputs_max = 693
llama_context: n_ctx_seq (768) < n_ctx_train (32768) -- the full capacity of the model will not be utilized
set_abort_callback: call
llama_context:  CUDA_Host  output buffer size =     0.58 MiB
llama_kv_cache: layer   0: dev = CPU
llama_kv_cache: layer   1: dev = CPU
llama_kv_cache: layer   2: dev = CPU
llama_kv_cache: layer   3: dev = CUDA0
llama_kv_cache: layer   4: dev = CUDA0
llama_kv_cache: layer   5: dev = CUDA0
llama_kv_cache: layer   6: dev = CUDA0
llama_kv_cache: layer   7: dev = CUDA0
llama_kv_cache: layer   8: dev = CUDA0
llama_kv_cache: layer   9: dev = CUDA0
llama_kv_cache: layer  10: dev = CUDA0
llama_kv_cache: layer  11: dev = CUDA0
llama_kv_cache: layer  12: dev = CUDA0
llama_kv_cache: layer  13: dev = CUDA0
llama_kv_cache: layer  14: dev = CUDA0
llama_kv_cache: layer  15: dev = CUDA0
llama_kv_cache: layer  16: dev = CUDA0
llama_kv_cache: layer  17: dev = CUDA0
llama_kv_cache: layer  18: dev = CUDA0
llama_kv_cache: layer  19: dev = CUDA0
llama_kv_cache: layer  20: dev = CUDA0
llama_kv_cache: layer  21: dev = CUDA0
llama_kv_cache: layer  22: dev = CUDA0
llama_kv_cache: layer  23: dev = CUDA0
llama_kv_cache: layer  24: dev = CUDA0
llama_kv_cache: layer  25: dev = CUDA0
llama_kv_cache: layer  26: dev = CUDA0
llama_kv_cache: layer  27: dev = CUDA0
llama_kv_cache:        CPU KV buffer size =     4.50 MiB
llama_kv_cache:      CUDA0 KV buffer size =    37.50 MiB
llama_kv_cache: size =   42.00 MiB (   768 cells,  28 layers,  1/1 seqs), K (f16):   21.00 MiB, V (f16):   21.00 MiB
llama_kv_cache: attn_rot_k = 0, n_embd_head_k_all = 128
llama_kv_cache: attn_rot_v = 0, n_embd_head_k_all = 128
llama_context: enumerating backends
llama_context: backend_ptrs.size() = 2
sched_reserve: reserving ...
sched_reserve: max_nodes = 2712
sched_reserve: reserving full memory module
sched_reserve: worst-case: n_tokens = 512, n_seqs = 1, n_outputs = 1
graph_reserve: reserving a graph for ubatch with n_tokens =    1, n_seqs =  1, n_outputs =    1
sched_reserve: Flash Attention was auto, set to enabled
sched_reserve: resolving fused Gated Delta Net support:
graph_reserve: reserving a graph for ubatch with n_tokens =    1, n_seqs =  1, n_outputs =    1
sched_reserve: fused Gated Delta Net (autoregressive) enabled
graph_reserve: reserving a graph for ubatch with n_tokens =   16, n_seqs =  1, n_outputs =   16
sched_reserve: fused Gated Delta Net (chunked) enabled
graph_reserve: reserving a graph for ubatch with n_tokens =  512, n_seqs =  1, n_outputs =  512
graph_reserve: reserving a graph for ubatch with n_tokens =    1, n_seqs =  1, n_outputs =    1
graph_reserve: reserving a graph for ubatch with n_tokens =  512, n_seqs =  1, n_outputs =  512
sched_reserve:      CUDA0 compute buffer size =   304.00 MiB
sched_reserve:  CUDA_Host compute buffer size =    14.76 MiB
sched_reserve: graph nodes  = 958
sched_reserve: graph splits = 44 (with bs=512), 2 (with bs=1)
sched_reserve: reserve took 10.68 ms, sched copies = 1
CUDA Graph id 20355 reused
ggml_backend_cuda_graph_compute: CUDA graph warmup complete
CUDA Graph id 20355 reused
CUDA Graph id 20355 reused
CUDA Graph id 20355 reused
CUDA Graph id 20355 reused
CUDA Graph id 20355 reused
CUDA Graph id 20355 reused
CUDA Graph id 20355 reused
CUDA Graph id 20355 reused
CUDA Graph id 20355 reused
CUDA Graph id 20355 reused
CUDA Graph id 20355 reused
CUDA Graph id 20355 reused
CUDA Graph id 20355 reused
CUDA Graph id 20355 reused
CUDA Graph id 20355 reused
CUDA Graph id 20355 reused
CUDA Graph id 20355 reused
CUDA Graph id 20355 reused
CUDA Graph id 20355 reused
CUDA Graph id 20355 reused
CUDA Graph id 20355 reused
CUDA Graph id 20355 reused
CUDA Graph id 20355 reused
CUDA Graph id 20355 reused
CUDA Graph id 20355 reused
CUDA Graph id 20355 reused
CUDA Graph id 20355 reused
CUDA Graph id 20355 reused
CUDA Graph id 20355 reused
CUDA Graph id 20355 reused
CUDA Graph id 20355 reused
CUDA Graph id 20355 reused
CUDA Graph id 20355 reused
CUDA Graph id 20355 reused
CUDA Graph id 20355 reused
CUDA Graph id 20355 reused
CUDA Graph id 20355 reused
CUDA Graph id 20355 reused
CUDA Graph id 20355 reused
CUDA Graph id 20355 reused
CUDA Graph id 20355 reused
CUDA Graph id 20355 reused
CUDA Graph id 20355 reused
CUDA Graph id 20355 reused
~llama_context:      CUDA0 compute buffer size is 304.0000 MiB, matches expectation of 304.0000 MiB
~llama_context:  CUDA_Host compute buffer size is  14.7637 MiB, matches expectation of  14.7637 MiB
llama_context: constructing llama_context
llama_context: n_seq_max     = 1
llama_context: n_ctx         = 768
llama_context: n_ctx_seq     = 768
llama_context: n_batch       = 693
llama_context: n_ubatch      = 512
llama_context: causal_attn   = 1
llama_context: flash_attn    = auto
llama_context: kv_unified    = false
llama_context: freq_base     = 1000000.0
llama_context: freq_scale    = 1
llama_context: n_rs_seq      = 0
llama_context: n_outputs_max = 693
llama_context: n_ctx_seq (768) < n_ctx_train (32768) -- the full capacity of the model will not be utilized
set_abort_callback: call
llama_context:  CUDA_Host  output buffer size =     0.58 MiB
llama_kv_cache: layer   0: dev = CPU
llama_kv_cache: layer   1: dev = CPU
llama_kv_cache: layer   2: dev = CPU
llama_kv_cache: layer   3: dev = CUDA0
llama_kv_cache: layer   4: dev = CUDA0
llama_kv_cache: layer   5: dev = CUDA0
llama_kv_cache: layer   6: dev = CUDA0
llama_kv_cache: layer   7: dev = CUDA0
llama_kv_cache: layer   8: dev = CUDA0
llama_kv_cache: layer   9: dev = CUDA0
llama_kv_cache: layer  10: dev = CUDA0
llama_kv_cache: layer  11: dev = CUDA0
llama_kv_cache: layer  12: dev = CUDA0
llama_kv_cache: layer  13: dev = CUDA0
llama_kv_cache: layer  14: dev = CUDA0
llama_kv_cache: layer  15: dev = CUDA0
llama_kv_cache: layer  16: dev = CUDA0
llama_kv_cache: layer  17: dev = CUDA0
llama_kv_cache: layer  18: dev = CUDA0
llama_kv_cache: layer  19: dev = CUDA0
llama_kv_cache: layer  20: dev = CUDA0
llama_kv_cache: layer  21: dev = CUDA0
llama_kv_cache: layer  22: dev = CUDA0
llama_kv_cache: layer  23: dev = CUDA0
llama_kv_cache: layer  24: dev = CUDA0
llama_kv_cache: layer  25: dev = CUDA0
llama_kv_cache: layer  26: dev = CUDA0
llama_kv_cache: layer  27: dev = CUDA0
llama_kv_cache:        CPU KV buffer size =     4.50 MiB
llama_kv_cache:      CUDA0 KV buffer size =    37.50 MiB
llama_kv_cache: size =   42.00 MiB (   768 cells,  28 layers,  1/1 seqs), K (f16):   21.00 MiB, V (f16):   21.00 MiB
llama_kv_cache: attn_rot_k = 0, n_embd_head_k_all = 128
llama_kv_cache: attn_rot_v = 0, n_embd_head_k_all = 128
llama_context: enumerating backends
llama_context: backend_ptrs.size() = 2
sched_reserve: reserving ...
sched_reserve: max_nodes = 2712
sched_reserve: reserving full memory module
sched_reserve: worst-case: n_tokens = 512, n_seqs = 1, n_outputs = 1
graph_reserve: reserving a graph for ubatch with n_tokens =    1, n_seqs =  1, n_outputs =    1
sched_reserve: Flash Attention was auto, set to enabled
sched_reserve: resolving fused Gated Delta Net support:
graph_reserve: reserving a graph for ubatch with n_tokens =    1, n_seqs =  1, n_outputs =    1
sched_reserve: fused Gated Delta Net (autoregressive) enabled
graph_reserve: reserving a graph for ubatch with n_tokens =   16, n_seqs =  1, n_outputs =   16
sched_reserve: fused Gated Delta Net (chunked) enabled
graph_reserve: reserving a graph for ubatch with n_tokens =  512, n_seqs =  1, n_outputs =  512
graph_reserve: reserving a graph for ubatch with n_tokens =    1, n_seqs =  1, n_outputs =    1
graph_reserve: reserving a graph for ubatch with n_tokens =  512, n_seqs =  1, n_outputs =  512
sched_reserve:      CUDA0 compute buffer size =   304.00 MiB
sched_reserve:  CUDA_Host compute buffer size =    14.76 MiB
sched_reserve: graph nodes  = 958
sched_reserve: graph splits = 44 (with bs=512), 2 (with bs=1)
sched_reserve: reserve took 10.68 ms, sched copies = 1
CUDA Graph id 20505 reused
ggml_backend_cuda_graph_compute: CUDA graph warmup complete
CUDA Graph id 20505 reused
CUDA Graph id 20505 reused
CUDA Graph id 20505 reused
CUDA Graph id 20505 reused
CUDA Graph id 20505 reused
CUDA Graph id 20505 reused
CUDA Graph id 20505 reused
CUDA Graph id 20505 reused
CUDA Graph id 20505 reused
CUDA Graph id 20505 reused
CUDA Graph id 20505 reused
CUDA Graph id 20505 reused
CUDA Graph id 20505 reused
CUDA Graph id 20505 reused
CUDA Graph id 20505 reused
CUDA Graph id 20505 reused
CUDA Graph id 20505 reused
CUDA Graph id 20505 reused
CUDA Graph id 20505 reused
CUDA Graph id 20505 reused
CUDA Graph id 20505 reused
CUDA Graph id 20505 reused
CUDA Graph id 20505 reused
CUDA Graph id 20505 reused
CUDA Graph id 20505 reused
CUDA Graph id 20505 reused
CUDA Graph id 20505 reused
CUDA Graph id 20505 reused
CUDA Graph id 20505 reused
CUDA Graph id 20505 reused
CUDA Graph id 20505 reused
CUDA Graph id 20505 reused
CUDA Graph id 20505 reused
CUDA Graph id 20505 reused
CUDA Graph id 20505 reused
CUDA Graph id 20505 reused
CUDA Graph id 20505 reused
CUDA Graph id 20505 reused
CUDA Graph id 20505 reused
CUDA Graph id 20505 reused
CUDA Graph id 20505 reused
CUDA Graph id 20505 reused
CUDA Graph id 20505 reused
CUDA Graph id 20505 reused
~llama_context:      CUDA0 compute buffer size is 304.0000 MiB, matches expectation of 304.0000 MiB
~llama_context:  CUDA_Host compute buffer size is  14.7637 MiB, matches expectation of  14.7637 MiB
llama_context: constructing llama_context
llama_context: n_seq_max     = 1
llama_context: n_ctx         = 768
llama_context: n_ctx_seq     = 768
llama_context: n_batch       = 693
llama_context: n_ubatch      = 512
llama_context: causal_attn   = 1
llama_context: flash_attn    = auto
llama_context: kv_unified    = false
llama_context: freq_base     = 1000000.0
llama_context: freq_scale    = 1
llama_context: n_rs_seq      = 0
llama_context: n_outputs_max = 693
llama_context: n_ctx_seq (768) < n_ctx_train (32768) -- the full capacity of the model will not be utilized
set_abort_callback: call
llama_context:  CUDA_Host  output buffer size =     0.58 MiB
llama_kv_cache: layer   0: dev = CPU
llama_kv_cache: layer   1: dev = CPU
llama_kv_cache: layer   2: dev = CPU
llama_kv_cache: layer   3: dev = CUDA0
llama_kv_cache: layer   4: dev = CUDA0
llama_kv_cache: layer   5: dev = CUDA0
llama_kv_cache: layer   6: dev = CUDA0
llama_kv_cache: layer   7: dev = CUDA0
llama_kv_cache: layer   8: dev = CUDA0
llama_kv_cache: layer   9: dev = CUDA0
llama_kv_cache: layer  10: dev = CUDA0
llama_kv_cache: layer  11: dev = CUDA0
llama_kv_cache: layer  12: dev = CUDA0
llama_kv_cache: layer  13: dev = CUDA0
llama_kv_cache: layer  14: dev = CUDA0
llama_kv_cache: layer  15: dev = CUDA0
llama_kv_cache: layer  16: dev = CUDA0
llama_kv_cache: layer  17: dev = CUDA0
llama_kv_cache: layer  18: dev = CUDA0
llama_kv_cache: layer  19: dev = CUDA0
llama_kv_cache: layer  20: dev = CUDA0
llama_kv_cache: layer  21: dev = CUDA0
llama_kv_cache: layer  22: dev = CUDA0
llama_kv_cache: layer  23: dev = CUDA0
llama_kv_cache: layer  24: dev = CUDA0
llama_kv_cache: layer  25: dev = CUDA0
llama_kv_cache: layer  26: dev = CUDA0
llama_kv_cache: layer  27: dev = CUDA0
llama_kv_cache:        CPU KV buffer size =     4.50 MiB
llama_kv_cache:      CUDA0 KV buffer size =    37.50 MiB
llama_kv_cache: size =   42.00 MiB (   768 cells,  28 layers,  1/1 seqs), K (f16):   21.00 MiB, V (f16):   21.00 MiB
llama_kv_cache: attn_rot_k = 0, n_embd_head_k_all = 128
llama_kv_cache: attn_rot_v = 0, n_embd_head_k_all = 128
llama_context: enumerating backends
llama_context: backend_ptrs.size() = 2
sched_reserve: reserving ...
sched_reserve: max_nodes = 2712
sched_reserve: reserving full memory module
sched_reserve: worst-case: n_tokens = 512, n_seqs = 1, n_outputs = 1
graph_reserve: reserving a graph for ubatch with n_tokens =    1, n_seqs =  1, n_outputs =    1
sched_reserve: Flash Attention was auto, set to enabled
sched_reserve: resolving fused Gated Delta Net support:
graph_reserve: reserving a graph for ubatch with n_tokens =    1, n_seqs =  1, n_outputs =    1
sched_reserve: fused Gated Delta Net (autoregressive) enabled
graph_reserve: reserving a graph for ubatch with n_tokens =   16, n_seqs =  1, n_outputs =   16
sched_reserve: fused Gated Delta Net (chunked) enabled
graph_reserve: reserving a graph for ubatch with n_tokens =  512, n_seqs =  1, n_outputs =  512
graph_reserve: reserving a graph for ubatch with n_tokens =    1, n_seqs =  1, n_outputs =    1
graph_reserve: reserving a graph for ubatch with n_tokens =  512, n_seqs =  1, n_outputs =  512
sched_reserve:      CUDA0 compute buffer size =   304.00 MiB
sched_reserve:  CUDA_Host compute buffer size =    14.76 MiB
sched_reserve: graph nodes  = 958
sched_reserve: graph splits = 44 (with bs=512), 2 (with bs=1)
sched_reserve: reserve took 10.85 ms, sched copies = 1
CUDA Graph id 20655 reused
ggml_backend_cuda_graph_compute: CUDA graph warmup complete
CUDA Graph id 20655 reused
CUDA Graph id 20655 reused
CUDA Graph id 20655 reused
CUDA Graph id 20655 reused
CUDA Graph id 20655 reused
CUDA Graph id 20655 reused
CUDA Graph id 20655 reused
CUDA Graph id 20655 reused
CUDA Graph id 20655 reused
CUDA Graph id 20655 reused
CUDA Graph id 20655 reused
CUDA Graph id 20655 reused
CUDA Graph id 20655 reused
CUDA Graph id 20655 reused
CUDA Graph id 20655 reused
CUDA Graph id 20655 reused
CUDA Graph id 20655 reused
CUDA Graph id 20655 reused
CUDA Graph id 20655 reused
CUDA Graph id 20655 reused
CUDA Graph id 20655 reused
CUDA Graph id 20655 reused
CUDA Graph id 20655 reused
CUDA Graph id 20655 reused
CUDA Graph id 20655 reused
CUDA Graph id 20655 reused
CUDA Graph id 20655 reused
CUDA Graph id 20655 reused
CUDA Graph id 20655 reused
CUDA Graph id 20655 reused
CUDA Graph id 20655 reused
CUDA Graph id 20655 reused
CUDA Graph id 20655 reused
CUDA Graph id 20655 reused
CUDA Graph id 20655 reused
CUDA Graph id 20655 reused
~llama_context:      CUDA0 compute buffer size is 304.0000 MiB, matches expectation of 304.0000 MiB
~llama_context:  CUDA_Host compute buffer size is  14.7637 MiB, matches expectation of  14.7637 MiB
llama_context: constructing llama_context
llama_context: n_seq_max     = 1
llama_context: n_ctx         = 768
llama_context: n_ctx_seq     = 768
llama_context: n_batch       = 693
llama_context: n_ubatch      = 512
llama_context: causal_attn   = 1
llama_context: flash_attn    = auto
llama_context: kv_unified    = false
llama_context: freq_base     = 1000000.0
llama_context: freq_scale    = 1
llama_context: n_rs_seq      = 0
llama_context: n_outputs_max = 693
llama_context: n_ctx_seq (768) < n_ctx_train (32768) -- the full capacity of the model will not be utilized
set_abort_callback: call
llama_context:  CUDA_Host  output buffer size =     0.58 MiB
llama_kv_cache: layer   0: dev = CPU
llama_kv_cache: layer   1: dev = CPU
llama_kv_cache: layer   2: dev = CPU
llama_kv_cache: layer   3: dev = CUDA0
llama_kv_cache: layer   4: dev = CUDA0
llama_kv_cache: layer   5: dev = CUDA0
llama_kv_cache: layer   6: dev = CUDA0
llama_kv_cache: layer   7: dev = CUDA0
llama_kv_cache: layer   8: dev = CUDA0
llama_kv_cache: layer   9: dev = CUDA0
llama_kv_cache: layer  10: dev = CUDA0
llama_kv_cache: layer  11: dev = CUDA0
llama_kv_cache: layer  12: dev = CUDA0
llama_kv_cache: layer  13: dev = CUDA0
llama_kv_cache: layer  14: dev = CUDA0
llama_kv_cache: layer  15: dev = CUDA0
llama_kv_cache: layer  16: dev = CUDA0
llama_kv_cache: layer  17: dev = CUDA0
llama_kv_cache: layer  18: dev = CUDA0
llama_kv_cache: layer  19: dev = CUDA0
llama_kv_cache: layer  20: dev = CUDA0
llama_kv_cache: layer  21: dev = CUDA0
llama_kv_cache: layer  22: dev = CUDA0
llama_kv_cache: layer  23: dev = CUDA0
llama_kv_cache: layer  24: dev = CUDA0
llama_kv_cache: layer  25: dev = CUDA0
llama_kv_cache: layer  26: dev = CUDA0
llama_kv_cache: layer  27: dev = CUDA0
llama_kv_cache:        CPU KV buffer size =     4.50 MiB
llama_kv_cache:      CUDA0 KV buffer size =    37.50 MiB
llama_kv_cache: size =   42.00 MiB (   768 cells,  28 layers,  1/1 seqs), K (f16):   21.00 MiB, V (f16):   21.00 MiB
llama_kv_cache: attn_rot_k = 0, n_embd_head_k_all = 128
llama_kv_cache: attn_rot_v = 0, n_embd_head_k_all = 128
llama_context: enumerating backends
llama_context: backend_ptrs.size() = 2
sched_reserve: reserving ...
sched_reserve: max_nodes = 2712
sched_reserve: reserving full memory module
sched_reserve: worst-case: n_tokens = 512, n_seqs = 1, n_outputs = 1
graph_reserve: reserving a graph for ubatch with n_tokens =    1, n_seqs =  1, n_outputs =    1
sched_reserve: Flash Attention was auto, set to enabled
sched_reserve: resolving fused Gated Delta Net support:
graph_reserve: reserving a graph for ubatch with n_tokens =    1, n_seqs =  1, n_outputs =    1
sched_reserve: fused Gated Delta Net (autoregressive) enabled
graph_reserve: reserving a graph for ubatch with n_tokens =   16, n_seqs =  1, n_outputs =   16
sched_reserve: fused Gated Delta Net (chunked) enabled
graph_reserve: reserving a graph for ubatch with n_tokens =  512, n_seqs =  1, n_outputs =  512
graph_reserve: reserving a graph for ubatch with n_tokens =    1, n_seqs =  1, n_outputs =    1
graph_reserve: reserving a graph for ubatch with n_tokens =  512, n_seqs =  1, n_outputs =  512
sched_reserve:      CUDA0 compute buffer size =   304.00 MiB
sched_reserve:  CUDA_Host compute buffer size =    14.76 MiB
sched_reserve: graph nodes  = 958
sched_reserve: graph splits = 44 (with bs=512), 2 (with bs=1)
sched_reserve: reserve took 10.77 ms, sched copies = 1
CUDA Graph id 20805 reused
ggml_backend_cuda_graph_compute: CUDA graph warmup complete
CUDA Graph id 20805 reused
CUDA Graph id 20805 reused
CUDA Graph id 20805 reused
CUDA Graph id 20805 reused
CUDA Graph id 20805 reused
CUDA Graph id 20805 reused
CUDA Graph id 20805 reused
CUDA Graph id 20805 reused
CUDA Graph id 20805 reused
CUDA Graph id 20805 reused
CUDA Graph id 20805 reused
CUDA Graph id 20805 reused
CUDA Graph id 20805 reused
CUDA Graph id 20805 reused
CUDA Graph id 20805 reused
CUDA Graph id 20805 reused
CUDA Graph id 20805 reused
CUDA Graph id 20805 reused
CUDA Graph id 20805 reused
CUDA Graph id 20805 reused
CUDA Graph id 20805 reused
CUDA Graph id 20805 reused
CUDA Graph id 20805 reused
CUDA Graph id 20805 reused
CUDA Graph id 20805 reused
CUDA Graph id 20805 reused
CUDA Graph id 20805 reused
CUDA Graph id 20805 reused
CUDA Graph id 20805 reused
CUDA Graph id 20805 reused
CUDA Graph id 20805 reused
CUDA Graph id 20805 reused
CUDA Graph id 20805 reused
CUDA Graph id 20805 reused
CUDA Graph id 20805 reused
CUDA Graph id 20805 reused
CUDA Graph id 20805 reused
CUDA Graph id 20805 reused
CUDA Graph id 20805 reused
CUDA Graph id 20805 reused
CUDA Graph id 20805 reused
CUDA Graph id 20805 reused
CUDA Graph id 20805 reused
CUDA Graph id 20805 reused
CUDA Graph id 20805 reused
CUDA Graph id 20805 reused
CUDA Graph id 20805 reused
CUDA Graph id 20805 reused
CUDA Graph id 20805 reused
CUDA Graph id 20805 reused
CUDA Graph id 20805 reused
CUDA Graph id 20805 reused
CUDA Graph id 20805 reused
CUDA Graph id 20805 reused
CUDA Graph id 20805 reused
CUDA Graph id 20805 reused
~llama_context:      CUDA0 compute buffer size is 304.0000 MiB, matches expectation of 304.0000 MiB
~llama_context:  CUDA_Host compute buffer size is  14.7637 MiB, matches expectation of  14.7637 MiB
schema 198/200 done
llama_context: constructing llama_context
llama_context: n_seq_max     = 1
llama_context: n_ctx         = 768
llama_context: n_ctx_seq     = 768
llama_context: n_batch       = 711
llama_context: n_ubatch      = 512
llama_context: causal_attn   = 1
llama_context: flash_attn    = auto
llama_context: kv_unified    = false
llama_context: freq_base     = 1000000.0
llama_context: freq_scale    = 1
llama_context: n_rs_seq      = 0
llama_context: n_outputs_max = 711
llama_context: n_ctx_seq (768) < n_ctx_train (32768) -- the full capacity of the model will not be utilized
set_abort_callback: call
llama_context:  CUDA_Host  output buffer size =     0.58 MiB
llama_kv_cache: layer   0: dev = CPU
llama_kv_cache: layer   1: dev = CPU
llama_kv_cache: layer   2: dev = CPU
llama_kv_cache: layer   3: dev = CUDA0
llama_kv_cache: layer   4: dev = CUDA0
llama_kv_cache: layer   5: dev = CUDA0
llama_kv_cache: layer   6: dev = CUDA0
llama_kv_cache: layer   7: dev = CUDA0
llama_kv_cache: layer   8: dev = CUDA0
llama_kv_cache: layer   9: dev = CUDA0
llama_kv_cache: layer  10: dev = CUDA0
llama_kv_cache: layer  11: dev = CUDA0
llama_kv_cache: layer  12: dev = CUDA0
llama_kv_cache: layer  13: dev = CUDA0
llama_kv_cache: layer  14: dev = CUDA0
llama_kv_cache: layer  15: dev = CUDA0
llama_kv_cache: layer  16: dev = CUDA0
llama_kv_cache: layer  17: dev = CUDA0
llama_kv_cache: layer  18: dev = CUDA0
llama_kv_cache: layer  19: dev = CUDA0
llama_kv_cache: layer  20: dev = CUDA0
llama_kv_cache: layer  21: dev = CUDA0
llama_kv_cache: layer  22: dev = CUDA0
llama_kv_cache: layer  23: dev = CUDA0
llama_kv_cache: layer  24: dev = CUDA0
llama_kv_cache: layer  25: dev = CUDA0
llama_kv_cache: layer  26: dev = CUDA0
llama_kv_cache: layer  27: dev = CUDA0
llama_kv_cache:        CPU KV buffer size =     4.50 MiB
llama_kv_cache:      CUDA0 KV buffer size =    37.50 MiB
llama_kv_cache: size =   42.00 MiB (   768 cells,  28 layers,  1/1 seqs), K (f16):   21.00 MiB, V (f16):   21.00 MiB
llama_kv_cache: attn_rot_k = 0, n_embd_head_k_all = 128
llama_kv_cache: attn_rot_v = 0, n_embd_head_k_all = 128
llama_context: enumerating backends
llama_context: backend_ptrs.size() = 2
sched_reserve: reserving ...
sched_reserve: max_nodes = 2712
sched_reserve: reserving full memory module
sched_reserve: worst-case: n_tokens = 512, n_seqs = 1, n_outputs = 1
graph_reserve: reserving a graph for ubatch with n_tokens =    1, n_seqs =  1, n_outputs =    1
sched_reserve: Flash Attention was auto, set to enabled
sched_reserve: resolving fused Gated Delta Net support:
graph_reserve: reserving a graph for ubatch with n_tokens =    1, n_seqs =  1, n_outputs =    1
sched_reserve: fused Gated Delta Net (autoregressive) enabled
graph_reserve: reserving a graph for ubatch with n_tokens =   16, n_seqs =  1, n_outputs =   16
sched_reserve: fused Gated Delta Net (chunked) enabled
graph_reserve: reserving a graph for ubatch with n_tokens =  512, n_seqs =  1, n_outputs =  512
graph_reserve: reserving a graph for ubatch with n_tokens =    1, n_seqs =  1, n_outputs =    1
graph_reserve: reserving a graph for ubatch with n_tokens =  512, n_seqs =  1, n_outputs =  512
sched_reserve:      CUDA0 compute buffer size =   304.00 MiB
sched_reserve:  CUDA_Host compute buffer size =    14.76 MiB
sched_reserve: graph nodes  = 958
sched_reserve: graph splits = 44 (with bs=512), 2 (with bs=1)
sched_reserve: reserve took 11.07 ms, sched copies = 1
CUDA Graph id 20955 reused
ggml_backend_cuda_graph_compute: CUDA graph warmup complete
CUDA Graph id 20955 reused
CUDA Graph id 20955 reused
CUDA Graph id 20955 reused
CUDA Graph id 20955 reused
CUDA Graph id 20955 reused
CUDA Graph id 20955 reused
CUDA Graph id 20955 reused
CUDA Graph id 20955 reused
CUDA Graph id 20955 reused
CUDA Graph id 20955 reused
CUDA Graph id 20955 reused
CUDA Graph id 20955 reused
CUDA Graph id 20955 reused
CUDA Graph id 20955 reused
CUDA Graph id 20955 reused
CUDA Graph id 20955 reused
CUDA Graph id 20955 reused
CUDA Graph id 20955 reused
CUDA Graph id 20955 reused
CUDA Graph id 20955 reused
CUDA Graph id 20955 reused
CUDA Graph id 20955 reused
CUDA Graph id 20955 reused
CUDA Graph id 20955 reused
CUDA Graph id 20955 reused
CUDA Graph id 20955 reused
CUDA Graph id 20955 reused
CUDA Graph id 20955 reused
CUDA Graph id 20955 reused
CUDA Graph id 20955 reused
CUDA Graph id 20955 reused
CUDA Graph id 20955 reused
CUDA Graph id 20955 reused
CUDA Graph id 20955 reused
CUDA Graph id 20955 reused
CUDA Graph id 20955 reused
CUDA Graph id 20955 reused
CUDA Graph id 20955 reused
CUDA Graph id 20955 reused
CUDA Graph id 20955 reused
CUDA Graph id 20955 reused
CUDA Graph id 20955 reused
CUDA Graph id 20955 reused
CUDA Graph id 20955 reused
CUDA Graph id 20955 reused
CUDA Graph id 20955 reused
CUDA Graph id 20955 reused
CUDA Graph id 20955 reused
CUDA Graph id 20955 reused
CUDA Graph id 20955 reused
CUDA Graph id 20955 reused
CUDA Graph id 20955 reused
CUDA Graph id 20955 reused
CUDA Graph id 20955 reused
CUDA Graph id 20955 reused
CUDA Graph id 20955 reused
CUDA Graph id 20955 reused
CUDA Graph id 20955 reused
CUDA Graph id 20955 reused
CUDA Graph id 20955 reused
CUDA Graph id 20955 reused
CUDA Graph id 20955 reused
CUDA Graph id 20955 reused
ggml_backend_cuda_graph_compute: CUDA graph warmup reset
CUDA Graph id 20958 reused
ggml_backend_cuda_graph_compute: CUDA graph warmup complete
CUDA Graph id 20958 reused
CUDA Graph id 20958 reused
CUDA Graph id 20958 reused
CUDA Graph id 20958 reused
CUDA Graph id 20958 reused
CUDA Graph id 20958 reused
CUDA Graph id 20958 reused
CUDA Graph id 20958 reused
CUDA Graph id 20958 reused
CUDA Graph id 20958 reused
CUDA Graph id 20958 reused
CUDA Graph id 20958 reused
CUDA Graph id 20958 reused
CUDA Graph id 20958 reused
CUDA Graph id 20958 reused
CUDA Graph id 20958 reused
CUDA Graph id 20958 reused
CUDA Graph id 20958 reused
CUDA Graph id 20958 reused
CUDA Graph id 20958 reused
CUDA Graph id 20958 reused
CUDA Graph id 20958 reused
CUDA Graph id 20958 reused
CUDA Graph id 20958 reused
CUDA Graph id 20958 reused
CUDA Graph id 20958 reused
~llama_context:      CUDA0 compute buffer size is 304.0000 MiB, matches expectation of 304.0000 MiB
~llama_context:  CUDA_Host compute buffer size is  14.7637 MiB, matches expectation of  14.7637 MiB
llama_context: constructing llama_context
llama_context: n_seq_max     = 1
llama_context: n_ctx         = 768
llama_context: n_ctx_seq     = 768
llama_context: n_batch       = 711
llama_context: n_ubatch      = 512
llama_context: causal_attn   = 1
llama_context: flash_attn    = auto
llama_context: kv_unified    = false
llama_context: freq_base     = 1000000.0
llama_context: freq_scale    = 1
llama_context: n_rs_seq      = 0
llama_context: n_outputs_max = 711
llama_context: n_ctx_seq (768) < n_ctx_train (32768) -- the full capacity of the model will not be utilized
set_abort_callback: call
llama_context:  CUDA_Host  output buffer size =     0.58 MiB
llama_kv_cache: layer   0: dev = CPU
llama_kv_cache: layer   1: dev = CPU
llama_kv_cache: layer   2: dev = CPU
llama_kv_cache: layer   3: dev = CUDA0
llama_kv_cache: layer   4: dev = CUDA0
llama_kv_cache: layer   5: dev = CUDA0
llama_kv_cache: layer   6: dev = CUDA0
llama_kv_cache: layer   7: dev = CUDA0
llama_kv_cache: layer   8: dev = CUDA0
llama_kv_cache: layer   9: dev = CUDA0
llama_kv_cache: layer  10: dev = CUDA0
llama_kv_cache: layer  11: dev = CUDA0
llama_kv_cache: layer  12: dev = CUDA0
llama_kv_cache: layer  13: dev = CUDA0
llama_kv_cache: layer  14: dev = CUDA0
llama_kv_cache: layer  15: dev = CUDA0
llama_kv_cache: layer  16: dev = CUDA0
llama_kv_cache: layer  17: dev = CUDA0
llama_kv_cache: layer  18: dev = CUDA0
llama_kv_cache: layer  19: dev = CUDA0
llama_kv_cache: layer  20: dev = CUDA0
llama_kv_cache: layer  21: dev = CUDA0
llama_kv_cache: layer  22: dev = CUDA0
llama_kv_cache: layer  23: dev = CUDA0
llama_kv_cache: layer  24: dev = CUDA0
llama_kv_cache: layer  25: dev = CUDA0
llama_kv_cache: layer  26: dev = CUDA0
llama_kv_cache: layer  27: dev = CUDA0
llama_kv_cache:        CPU KV buffer size =     4.50 MiB
llama_kv_cache:      CUDA0 KV buffer size =    37.50 MiB
llama_kv_cache: size =   42.00 MiB (   768 cells,  28 layers,  1/1 seqs), K (f16):   21.00 MiB, V (f16):   21.00 MiB
llama_kv_cache: attn_rot_k = 0, n_embd_head_k_all = 128
llama_kv_cache: attn_rot_v = 0, n_embd_head_k_all = 128
llama_context: enumerating backends
llama_context: backend_ptrs.size() = 2
sched_reserve: reserving ...
sched_reserve: max_nodes = 2712
sched_reserve: reserving full memory module
sched_reserve: worst-case: n_tokens = 512, n_seqs = 1, n_outputs = 1
graph_reserve: reserving a graph for ubatch with n_tokens =    1, n_seqs =  1, n_outputs =    1
sched_reserve: Flash Attention was auto, set to enabled
sched_reserve: resolving fused Gated Delta Net support:
graph_reserve: reserving a graph for ubatch with n_tokens =    1, n_seqs =  1, n_outputs =    1
sched_reserve: fused Gated Delta Net (autoregressive) enabled
graph_reserve: reserving a graph for ubatch with n_tokens =   16, n_seqs =  1, n_outputs =   16
sched_reserve: fused Gated Delta Net (chunked) enabled
graph_reserve: reserving a graph for ubatch with n_tokens =  512, n_seqs =  1, n_outputs =  512
graph_reserve: reserving a graph for ubatch with n_tokens =    1, n_seqs =  1, n_outputs =    1
graph_reserve: reserving a graph for ubatch with n_tokens =  512, n_seqs =  1, n_outputs =  512
sched_reserve:      CUDA0 compute buffer size =   304.00 MiB
sched_reserve:  CUDA_Host compute buffer size =    14.76 MiB
sched_reserve: graph nodes  = 958
sched_reserve: graph splits = 44 (with bs=512), 2 (with bs=1)
sched_reserve: reserve took 10.80 ms, sched copies = 1
CUDA Graph id 21108 reused
ggml_backend_cuda_graph_compute: CUDA graph warmup complete
CUDA Graph id 21108 reused
CUDA Graph id 21108 reused
CUDA Graph id 21108 reused
CUDA Graph id 21108 reused
CUDA Graph id 21108 reused
CUDA Graph id 21108 reused
CUDA Graph id 21108 reused
CUDA Graph id 21108 reused
CUDA Graph id 21108 reused
CUDA Graph id 21108 reused
CUDA Graph id 21108 reused
CUDA Graph id 21108 reused
CUDA Graph id 21108 reused
CUDA Graph id 21108 reused
CUDA Graph id 21108 reused
CUDA Graph id 21108 reused
CUDA Graph id 21108 reused
CUDA Graph id 21108 reused
CUDA Graph id 21108 reused
CUDA Graph id 21108 reused
CUDA Graph id 21108 reused
CUDA Graph id 21108 reused
CUDA Graph id 21108 reused
CUDA Graph id 21108 reused
CUDA Graph id 21108 reused
CUDA Graph id 21108 reused
CUDA Graph id 21108 reused
CUDA Graph id 21108 reused
CUDA Graph id 21108 reused
CUDA Graph id 21108 reused
CUDA Graph id 21108 reused
CUDA Graph id 21108 reused
CUDA Graph id 21108 reused
CUDA Graph id 21108 reused
CUDA Graph id 21108 reused
CUDA Graph id 21108 reused
CUDA Graph id 21108 reused
CUDA Graph id 21108 reused
CUDA Graph id 21108 reused
CUDA Graph id 21108 reused
CUDA Graph id 21108 reused
CUDA Graph id 21108 reused
CUDA Graph id 21108 reused
CUDA Graph id 21108 reused
CUDA Graph id 21108 reused
CUDA Graph id 21108 reused
CUDA Graph id 21108 reused
CUDA Graph id 21108 reused
CUDA Graph id 21108 reused
CUDA Graph id 21108 reused
CUDA Graph id 21108 reused
CUDA Graph id 21108 reused
CUDA Graph id 21108 reused
CUDA Graph id 21108 reused
CUDA Graph id 21108 reused
CUDA Graph id 21108 reused
CUDA Graph id 21108 reused
CUDA Graph id 21108 reused
CUDA Graph id 21108 reused
CUDA Graph id 21108 reused
CUDA Graph id 21108 reused
CUDA Graph id 21108 reused
CUDA Graph id 21108 reused
ggml_backend_cuda_graph_compute: CUDA graph warmup reset
CUDA Graph id 21111 reused
ggml_backend_cuda_graph_compute: CUDA graph warmup complete
CUDA Graph id 21111 reused
CUDA Graph id 21111 reused
CUDA Graph id 21111 reused
CUDA Graph id 21111 reused
CUDA Graph id 21111 reused
CUDA Graph id 21111 reused
CUDA Graph id 21111 reused
CUDA Graph id 21111 reused
CUDA Graph id 21111 reused
CUDA Graph id 21111 reused
CUDA Graph id 21111 reused
CUDA Graph id 21111 reused
CUDA Graph id 21111 reused
CUDA Graph id 21111 reused
CUDA Graph id 21111 reused
CUDA Graph id 21111 reused
CUDA Graph id 21111 reused
CUDA Graph id 21111 reused
CUDA Graph id 21111 reused
CUDA Graph id 21111 reused
CUDA Graph id 21111 reused
CUDA Graph id 21111 reused
CUDA Graph id 21111 reused
CUDA Graph id 21111 reused
CUDA Graph id 21111 reused
CUDA Graph id 21111 reused
~llama_context:      CUDA0 compute buffer size is 304.0000 MiB, matches expectation of 304.0000 MiB
~llama_context:  CUDA_Host compute buffer size is  14.7637 MiB, matches expectation of  14.7637 MiB
llama_context: constructing llama_context
llama_context: n_seq_max     = 1
llama_context: n_ctx         = 768
llama_context: n_ctx_seq     = 768
llama_context: n_batch       = 711
llama_context: n_ubatch      = 512
llama_context: causal_attn   = 1
llama_context: flash_attn    = auto
llama_context: kv_unified    = false
llama_context: freq_base     = 1000000.0
llama_context: freq_scale    = 1
llama_context: n_rs_seq      = 0
llama_context: n_outputs_max = 711
llama_context: n_ctx_seq (768) < n_ctx_train (32768) -- the full capacity of the model will not be utilized
set_abort_callback: call
llama_context:  CUDA_Host  output buffer size =     0.58 MiB
llama_kv_cache: layer   0: dev = CPU
llama_kv_cache: layer   1: dev = CPU
llama_kv_cache: layer   2: dev = CPU
llama_kv_cache: layer   3: dev = CUDA0
llama_kv_cache: layer   4: dev = CUDA0
llama_kv_cache: layer   5: dev = CUDA0
llama_kv_cache: layer   6: dev = CUDA0
llama_kv_cache: layer   7: dev = CUDA0
llama_kv_cache: layer   8: dev = CUDA0
llama_kv_cache: layer   9: dev = CUDA0
llama_kv_cache: layer  10: dev = CUDA0
llama_kv_cache: layer  11: dev = CUDA0
llama_kv_cache: layer  12: dev = CUDA0
llama_kv_cache: layer  13: dev = CUDA0
llama_kv_cache: layer  14: dev = CUDA0
llama_kv_cache: layer  15: dev = CUDA0
llama_kv_cache: layer  16: dev = CUDA0
llama_kv_cache: layer  17: dev = CUDA0
llama_kv_cache: layer  18: dev = CUDA0
llama_kv_cache: layer  19: dev = CUDA0
llama_kv_cache: layer  20: dev = CUDA0
llama_kv_cache: layer  21: dev = CUDA0
llama_kv_cache: layer  22: dev = CUDA0
llama_kv_cache: layer  23: dev = CUDA0
llama_kv_cache: layer  24: dev = CUDA0
llama_kv_cache: layer  25: dev = CUDA0
llama_kv_cache: layer  26: dev = CUDA0
llama_kv_cache: layer  27: dev = CUDA0
llama_kv_cache:        CPU KV buffer size =     4.50 MiB
llama_kv_cache:      CUDA0 KV buffer size =    37.50 MiB
llama_kv_cache: size =   42.00 MiB (   768 cells,  28 layers,  1/1 seqs), K (f16):   21.00 MiB, V (f16):   21.00 MiB
llama_kv_cache: attn_rot_k = 0, n_embd_head_k_all = 128
llama_kv_cache: attn_rot_v = 0, n_embd_head_k_all = 128
llama_context: enumerating backends
llama_context: backend_ptrs.size() = 2
sched_reserve: reserving ...
sched_reserve: max_nodes = 2712
sched_reserve: reserving full memory module
sched_reserve: worst-case: n_tokens = 512, n_seqs = 1, n_outputs = 1
graph_reserve: reserving a graph for ubatch with n_tokens =    1, n_seqs =  1, n_outputs =    1
sched_reserve: Flash Attention was auto, set to enabled
sched_reserve: resolving fused Gated Delta Net support:
graph_reserve: reserving a graph for ubatch with n_tokens =    1, n_seqs =  1, n_outputs =    1
sched_reserve: fused Gated Delta Net (autoregressive) enabled
graph_reserve: reserving a graph for ubatch with n_tokens =   16, n_seqs =  1, n_outputs =   16
sched_reserve: fused Gated Delta Net (chunked) enabled
graph_reserve: reserving a graph for ubatch with n_tokens =  512, n_seqs =  1, n_outputs =  512
graph_reserve: reserving a graph for ubatch with n_tokens =    1, n_seqs =  1, n_outputs =    1
graph_reserve: reserving a graph for ubatch with n_tokens =  512, n_seqs =  1, n_outputs =  512
sched_reserve:      CUDA0 compute buffer size =   304.00 MiB
sched_reserve:  CUDA_Host compute buffer size =    14.76 MiB
sched_reserve: graph nodes  = 958
sched_reserve: graph splits = 44 (with bs=512), 2 (with bs=1)
sched_reserve: reserve took 10.65 ms, sched copies = 1
CUDA Graph id 21261 reused
ggml_backend_cuda_graph_compute: CUDA graph warmup complete
CUDA Graph id 21261 reused
CUDA Graph id 21261 reused
CUDA Graph id 21261 reused
CUDA Graph id 21261 reused
CUDA Graph id 21261 reused
CUDA Graph id 21261 reused
CUDA Graph id 21261 reused
CUDA Graph id 21261 reused
CUDA Graph id 21261 reused
CUDA Graph id 21261 reused
CUDA Graph id 21261 reused
CUDA Graph id 21261 reused
CUDA Graph id 21261 reused
CUDA Graph id 21261 reused
CUDA Graph id 21261 reused
CUDA Graph id 21261 reused
CUDA Graph id 21261 reused
CUDA Graph id 21261 reused
CUDA Graph id 21261 reused
CUDA Graph id 21261 reused
CUDA Graph id 21261 reused
CUDA Graph id 21261 reused
CUDA Graph id 21261 reused
CUDA Graph id 21261 reused
CUDA Graph id 21261 reused
CUDA Graph id 21261 reused
CUDA Graph id 21261 reused
CUDA Graph id 21261 reused
CUDA Graph id 21261 reused
CUDA Graph id 21261 reused
CUDA Graph id 21261 reused
CUDA Graph id 21261 reused
CUDA Graph id 21261 reused
CUDA Graph id 21261 reused
CUDA Graph id 21261 reused
CUDA Graph id 21261 reused
CUDA Graph id 21261 reused
CUDA Graph id 21261 reused
CUDA Graph id 21261 reused
CUDA Graph id 21261 reused
CUDA Graph id 21261 reused
CUDA Graph id 21261 reused
CUDA Graph id 21261 reused
CUDA Graph id 21261 reused
CUDA Graph id 21261 reused
CUDA Graph id 21261 reused
CUDA Graph id 21261 reused
CUDA Graph id 21261 reused
CUDA Graph id 21261 reused
CUDA Graph id 21261 reused
CUDA Graph id 21261 reused
CUDA Graph id 21261 reused
CUDA Graph id 21261 reused
CUDA Graph id 21261 reused
CUDA Graph id 21261 reused
CUDA Graph id 21261 reused
CUDA Graph id 21261 reused
CUDA Graph id 21261 reused
CUDA Graph id 21261 reused
CUDA Graph id 21261 reused
CUDA Graph id 21261 reused
CUDA Graph id 21261 reused
CUDA Graph id 21261 reused
ggml_backend_cuda_graph_compute: CUDA graph warmup reset
CUDA Graph id 21264 reused
ggml_backend_cuda_graph_compute: CUDA graph warmup complete
CUDA Graph id 21264 reused
CUDA Graph id 21264 reused
CUDA Graph id 21264 reused
CUDA Graph id 21264 reused
CUDA Graph id 21264 reused
CUDA Graph id 21264 reused
CUDA Graph id 21264 reused
CUDA Graph id 21264 reused
~llama_context:      CUDA0 compute buffer size is 304.0000 MiB, matches expectation of 304.0000 MiB
~llama_context:  CUDA_Host compute buffer size is  14.7637 MiB, matches expectation of  14.7637 MiB
llama_context: constructing llama_context
llama_context: n_seq_max     = 1
llama_context: n_ctx         = 768
llama_context: n_ctx_seq     = 768
llama_context: n_batch       = 711
llama_context: n_ubatch      = 512
llama_context: causal_attn   = 1
llama_context: flash_attn    = auto
llama_context: kv_unified    = false
llama_context: freq_base     = 1000000.0
llama_context: freq_scale    = 1
llama_context: n_rs_seq      = 0
llama_context: n_outputs_max = 711
llama_context: n_ctx_seq (768) < n_ctx_train (32768) -- the full capacity of the model will not be utilized
set_abort_callback: call
llama_context:  CUDA_Host  output buffer size =     0.58 MiB
llama_kv_cache: layer   0: dev = CPU
llama_kv_cache: layer   1: dev = CPU
llama_kv_cache: layer   2: dev = CPU
llama_kv_cache: layer   3: dev = CUDA0
llama_kv_cache: layer   4: dev = CUDA0
llama_kv_cache: layer   5: dev = CUDA0
llama_kv_cache: layer   6: dev = CUDA0
llama_kv_cache: layer   7: dev = CUDA0
llama_kv_cache: layer   8: dev = CUDA0
llama_kv_cache: layer   9: dev = CUDA0
llama_kv_cache: layer  10: dev = CUDA0
llama_kv_cache: layer  11: dev = CUDA0
llama_kv_cache: layer  12: dev = CUDA0
llama_kv_cache: layer  13: dev = CUDA0
llama_kv_cache: layer  14: dev = CUDA0
llama_kv_cache: layer  15: dev = CUDA0
llama_kv_cache: layer  16: dev = CUDA0
llama_kv_cache: layer  17: dev = CUDA0
llama_kv_cache: layer  18: dev = CUDA0
llama_kv_cache: layer  19: dev = CUDA0
llama_kv_cache: layer  20: dev = CUDA0
llama_kv_cache: layer  21: dev = CUDA0
llama_kv_cache: layer  22: dev = CUDA0
llama_kv_cache: layer  23: dev = CUDA0
llama_kv_cache: layer  24: dev = CUDA0
llama_kv_cache: layer  25: dev = CUDA0
llama_kv_cache: layer  26: dev = CUDA0
llama_kv_cache: layer  27: dev = CUDA0
llama_kv_cache:        CPU KV buffer size =     4.50 MiB
llama_kv_cache:      CUDA0 KV buffer size =    37.50 MiB
llama_kv_cache: size =   42.00 MiB (   768 cells,  28 layers,  1/1 seqs), K (f16):   21.00 MiB, V (f16):   21.00 MiB
llama_kv_cache: attn_rot_k = 0, n_embd_head_k_all = 128
llama_kv_cache: attn_rot_v = 0, n_embd_head_k_all = 128
llama_context: enumerating backends
llama_context: backend_ptrs.size() = 2
sched_reserve: reserving ...
sched_reserve: max_nodes = 2712
sched_reserve: reserving full memory module
sched_reserve: worst-case: n_tokens = 512, n_seqs = 1, n_outputs = 1
graph_reserve: reserving a graph for ubatch with n_tokens =    1, n_seqs =  1, n_outputs =    1
sched_reserve: Flash Attention was auto, set to enabled
sched_reserve: resolving fused Gated Delta Net support:
graph_reserve: reserving a graph for ubatch with n_tokens =    1, n_seqs =  1, n_outputs =    1
sched_reserve: fused Gated Delta Net (autoregressive) enabled
graph_reserve: reserving a graph for ubatch with n_tokens =   16, n_seqs =  1, n_outputs =   16
sched_reserve: fused Gated Delta Net (chunked) enabled
graph_reserve: reserving a graph for ubatch with n_tokens =  512, n_seqs =  1, n_outputs =  512
graph_reserve: reserving a graph for ubatch with n_tokens =    1, n_seqs =  1, n_outputs =    1
graph_reserve: reserving a graph for ubatch with n_tokens =  512, n_seqs =  1, n_outputs =  512
sched_reserve:      CUDA0 compute buffer size =   304.00 MiB
sched_reserve:  CUDA_Host compute buffer size =    14.76 MiB
sched_reserve: graph nodes  = 958
sched_reserve: graph splits = 44 (with bs=512), 2 (with bs=1)
sched_reserve: reserve took 10.65 ms, sched copies = 1
CUDA Graph id 21414 reused
ggml_backend_cuda_graph_compute: CUDA graph warmup complete
CUDA Graph id 21414 reused
CUDA Graph id 21414 reused
CUDA Graph id 21414 reused
CUDA Graph id 21414 reused
CUDA Graph id 21414 reused
CUDA Graph id 21414 reused
CUDA Graph id 21414 reused
CUDA Graph id 21414 reused
CUDA Graph id 21414 reused
CUDA Graph id 21414 reused
CUDA Graph id 21414 reused
CUDA Graph id 21414 reused
CUDA Graph id 21414 reused
CUDA Graph id 21414 reused
CUDA Graph id 21414 reused
CUDA Graph id 21414 reused
CUDA Graph id 21414 reused
CUDA Graph id 21414 reused
CUDA Graph id 21414 reused
CUDA Graph id 21414 reused
CUDA Graph id 21414 reused
CUDA Graph id 21414 reused
CUDA Graph id 21414 reused
CUDA Graph id 21414 reused
CUDA Graph id 21414 reused
CUDA Graph id 21414 reused
CUDA Graph id 21414 reused
CUDA Graph id 21414 reused
CUDA Graph id 21414 reused
CUDA Graph id 21414 reused
CUDA Graph id 21414 reused
CUDA Graph id 21414 reused
CUDA Graph id 21414 reused
CUDA Graph id 21414 reused
CUDA Graph id 21414 reused
CUDA Graph id 21414 reused
CUDA Graph id 21414 reused
CUDA Graph id 21414 reused
CUDA Graph id 21414 reused
CUDA Graph id 21414 reused
CUDA Graph id 21414 reused
CUDA Graph id 21414 reused
~llama_context:      CUDA0 compute buffer size is 304.0000 MiB, matches expectation of 304.0000 MiB
~llama_context:  CUDA_Host compute buffer size is  14.7637 MiB, matches expectation of  14.7637 MiB
llama_context: constructing llama_context
llama_context: n_seq_max     = 1
llama_context: n_ctx         = 768
llama_context: n_ctx_seq     = 768
llama_context: n_batch       = 711
llama_context: n_ubatch      = 512
llama_context: causal_attn   = 1
llama_context: flash_attn    = auto
llama_context: kv_unified    = false
llama_context: freq_base     = 1000000.0
llama_context: freq_scale    = 1
llama_context: n_rs_seq      = 0
llama_context: n_outputs_max = 711
llama_context: n_ctx_seq (768) < n_ctx_train (32768) -- the full capacity of the model will not be utilized
set_abort_callback: call
llama_context:  CUDA_Host  output buffer size =     0.58 MiB
llama_kv_cache: layer   0: dev = CPU
llama_kv_cache: layer   1: dev = CPU
llama_kv_cache: layer   2: dev = CPU
llama_kv_cache: layer   3: dev = CUDA0
llama_kv_cache: layer   4: dev = CUDA0
llama_kv_cache: layer   5: dev = CUDA0
llama_kv_cache: layer   6: dev = CUDA0
llama_kv_cache: layer   7: dev = CUDA0
llama_kv_cache: layer   8: dev = CUDA0
llama_kv_cache: layer   9: dev = CUDA0
llama_kv_cache: layer  10: dev = CUDA0
llama_kv_cache: layer  11: dev = CUDA0
llama_kv_cache: layer  12: dev = CUDA0
llama_kv_cache: layer  13: dev = CUDA0
llama_kv_cache: layer  14: dev = CUDA0
llama_kv_cache: layer  15: dev = CUDA0
llama_kv_cache: layer  16: dev = CUDA0
llama_kv_cache: layer  17: dev = CUDA0
llama_kv_cache: layer  18: dev = CUDA0
llama_kv_cache: layer  19: dev = CUDA0
llama_kv_cache: layer  20: dev = CUDA0
llama_kv_cache: layer  21: dev = CUDA0
llama_kv_cache: layer  22: dev = CUDA0
llama_kv_cache: layer  23: dev = CUDA0
llama_kv_cache: layer  24: dev = CUDA0
llama_kv_cache: layer  25: dev = CUDA0
llama_kv_cache: layer  26: dev = CUDA0
llama_kv_cache: layer  27: dev = CUDA0
llama_kv_cache:        CPU KV buffer size =     4.50 MiB
llama_kv_cache:      CUDA0 KV buffer size =    37.50 MiB
llama_kv_cache: size =   42.00 MiB (   768 cells,  28 layers,  1/1 seqs), K (f16):   21.00 MiB, V (f16):   21.00 MiB
llama_kv_cache: attn_rot_k = 0, n_embd_head_k_all = 128
llama_kv_cache: attn_rot_v = 0, n_embd_head_k_all = 128
llama_context: enumerating backends
llama_context: backend_ptrs.size() = 2
sched_reserve: reserving ...
sched_reserve: max_nodes = 2712
sched_reserve: reserving full memory module
sched_reserve: worst-case: n_tokens = 512, n_seqs = 1, n_outputs = 1
graph_reserve: reserving a graph for ubatch with n_tokens =    1, n_seqs =  1, n_outputs =    1
sched_reserve: Flash Attention was auto, set to enabled
sched_reserve: resolving fused Gated Delta Net support:
graph_reserve: reserving a graph for ubatch with n_tokens =    1, n_seqs =  1, n_outputs =    1
sched_reserve: fused Gated Delta Net (autoregressive) enabled
graph_reserve: reserving a graph for ubatch with n_tokens =   16, n_seqs =  1, n_outputs =   16
sched_reserve: fused Gated Delta Net (chunked) enabled
graph_reserve: reserving a graph for ubatch with n_tokens =  512, n_seqs =  1, n_outputs =  512
graph_reserve: reserving a graph for ubatch with n_tokens =    1, n_seqs =  1, n_outputs =    1
graph_reserve: reserving a graph for ubatch with n_tokens =  512, n_seqs =  1, n_outputs =  512
sched_reserve:      CUDA0 compute buffer size =   304.00 MiB
sched_reserve:  CUDA_Host compute buffer size =    14.76 MiB
sched_reserve: graph nodes  = 958
sched_reserve: graph splits = 44 (with bs=512), 2 (with bs=1)
sched_reserve: reserve took 10.92 ms, sched copies = 1
CUDA Graph id 21564 reused
ggml_backend_cuda_graph_compute: CUDA graph warmup complete
CUDA Graph id 21564 reused
CUDA Graph id 21564 reused
CUDA Graph id 21564 reused
CUDA Graph id 21564 reused
CUDA Graph id 21564 reused
CUDA Graph id 21564 reused
CUDA Graph id 21564 reused
CUDA Graph id 21564 reused
CUDA Graph id 21564 reused
CUDA Graph id 21564 reused
CUDA Graph id 21564 reused
CUDA Graph id 21564 reused
CUDA Graph id 21564 reused
~llama_context:      CUDA0 compute buffer size is 304.0000 MiB, matches expectation of 304.0000 MiB
~llama_context:  CUDA_Host compute buffer size is  14.7637 MiB, matches expectation of  14.7637 MiB
llama_context: constructing llama_context
llama_context: n_seq_max     = 1
llama_context: n_ctx         = 768
llama_context: n_ctx_seq     = 768
llama_context: n_batch       = 711
llama_context: n_ubatch      = 512
llama_context: causal_attn   = 1
llama_context: flash_attn    = auto
llama_context: kv_unified    = false
llama_context: freq_base     = 1000000.0
llama_context: freq_scale    = 1
llama_context: n_rs_seq      = 0
llama_context: n_outputs_max = 711
llama_context: n_ctx_seq (768) < n_ctx_train (32768) -- the full capacity of the model will not be utilized
set_abort_callback: call
llama_context:  CUDA_Host  output buffer size =     0.58 MiB
llama_kv_cache: layer   0: dev = CPU
llama_kv_cache: layer   1: dev = CPU
llama_kv_cache: layer   2: dev = CPU
llama_kv_cache: layer   3: dev = CUDA0
llama_kv_cache: layer   4: dev = CUDA0
llama_kv_cache: layer   5: dev = CUDA0
llama_kv_cache: layer   6: dev = CUDA0
llama_kv_cache: layer   7: dev = CUDA0
llama_kv_cache: layer   8: dev = CUDA0
llama_kv_cache: layer   9: dev = CUDA0
llama_kv_cache: layer  10: dev = CUDA0
llama_kv_cache: layer  11: dev = CUDA0
llama_kv_cache: layer  12: dev = CUDA0
llama_kv_cache: layer  13: dev = CUDA0
llama_kv_cache: layer  14: dev = CUDA0
llama_kv_cache: layer  15: dev = CUDA0
llama_kv_cache: layer  16: dev = CUDA0
llama_kv_cache: layer  17: dev = CUDA0
llama_kv_cache: layer  18: dev = CUDA0
llama_kv_cache: layer  19: dev = CUDA0
llama_kv_cache: layer  20: dev = CUDA0
llama_kv_cache: layer  21: dev = CUDA0
llama_kv_cache: layer  22: dev = CUDA0
llama_kv_cache: layer  23: dev = CUDA0
llama_kv_cache: layer  24: dev = CUDA0
llama_kv_cache: layer  25: dev = CUDA0
llama_kv_cache: layer  26: dev = CUDA0
llama_kv_cache: layer  27: dev = CUDA0
llama_kv_cache:        CPU KV buffer size =     4.50 MiB
llama_kv_cache:      CUDA0 KV buffer size =    37.50 MiB
llama_kv_cache: size =   42.00 MiB (   768 cells,  28 layers,  1/1 seqs), K (f16):   21.00 MiB, V (f16):   21.00 MiB
llama_kv_cache: attn_rot_k = 0, n_embd_head_k_all = 128
llama_kv_cache: attn_rot_v = 0, n_embd_head_k_all = 128
llama_context: enumerating backends
llama_context: backend_ptrs.size() = 2
sched_reserve: reserving ...
sched_reserve: max_nodes = 2712
sched_reserve: reserving full memory module
sched_reserve: worst-case: n_tokens = 512, n_seqs = 1, n_outputs = 1
graph_reserve: reserving a graph for ubatch with n_tokens =    1, n_seqs =  1, n_outputs =    1
sched_reserve: Flash Attention was auto, set to enabled
sched_reserve: resolving fused Gated Delta Net support:
graph_reserve: reserving a graph for ubatch with n_tokens =    1, n_seqs =  1, n_outputs =    1
sched_reserve: fused Gated Delta Net (autoregressive) enabled
graph_reserve: reserving a graph for ubatch with n_tokens =   16, n_seqs =  1, n_outputs =   16
sched_reserve: fused Gated Delta Net (chunked) enabled
graph_reserve: reserving a graph for ubatch with n_tokens =  512, n_seqs =  1, n_outputs =  512
graph_reserve: reserving a graph for ubatch with n_tokens =    1, n_seqs =  1, n_outputs =    1
graph_reserve: reserving a graph for ubatch with n_tokens =  512, n_seqs =  1, n_outputs =  512
sched_reserve:      CUDA0 compute buffer size =   304.00 MiB
sched_reserve:  CUDA_Host compute buffer size =    14.76 MiB
sched_reserve: graph nodes  = 958
sched_reserve: graph splits = 44 (with bs=512), 2 (with bs=1)
sched_reserve: reserve took 10.91 ms, sched copies = 1
CUDA Graph id 21714 reused
ggml_backend_cuda_graph_compute: CUDA graph warmup complete
CUDA Graph id 21714 reused
CUDA Graph id 21714 reused
CUDA Graph id 21714 reused
CUDA Graph id 21714 reused
CUDA Graph id 21714 reused
CUDA Graph id 21714 reused
CUDA Graph id 21714 reused
CUDA Graph id 21714 reused
CUDA Graph id 21714 reused
CUDA Graph id 21714 reused
CUDA Graph id 21714 reused
CUDA Graph id 21714 reused
CUDA Graph id 21714 reused
CUDA Graph id 21714 reused
CUDA Graph id 21714 reused
CUDA Graph id 21714 reused
CUDA Graph id 21714 reused
CUDA Graph id 21714 reused
CUDA Graph id 21714 reused
CUDA Graph id 21714 reused
CUDA Graph id 21714 reused
CUDA Graph id 21714 reused
CUDA Graph id 21714 reused
CUDA Graph id 21714 reused
CUDA Graph id 21714 reused
CUDA Graph id 21714 reused
CUDA Graph id 21714 reused
CUDA Graph id 21714 reused
CUDA Graph id 21714 reused
CUDA Graph id 21714 reused
CUDA Graph id 21714 reused
CUDA Graph id 21714 reused
CUDA Graph id 21714 reused
CUDA Graph id 21714 reused
CUDA Graph id 21714 reused
CUDA Graph id 21714 reused
CUDA Graph id 21714 reused
CUDA Graph id 21714 reused
CUDA Graph id 21714 reused
CUDA Graph id 21714 reused
CUDA Graph id 21714 reused
CUDA Graph id 21714 reused
CUDA Graph id 21714 reused
CUDA Graph id 21714 reused
CUDA Graph id 21714 reused
CUDA Graph id 21714 reused
CUDA Graph id 21714 reused
CUDA Graph id 21714 reused
CUDA Graph id 21714 reused
CUDA Graph id 21714 reused
~llama_context:      CUDA0 compute buffer size is 304.0000 MiB, matches expectation of 304.0000 MiB
~llama_context:  CUDA_Host compute buffer size is  14.7637 MiB, matches expectation of  14.7637 MiB
schema 199/200 done
llama_context: constructing llama_context
llama_context: n_seq_max     = 1
llama_context: n_ctx         = 768
llama_context: n_ctx_seq     = 768
llama_context: n_batch       = 729
llama_context: n_ubatch      = 512
llama_context: causal_attn   = 1
llama_context: flash_attn    = auto
llama_context: kv_unified    = false
llama_context: freq_base     = 1000000.0
llama_context: freq_scale    = 1
llama_context: n_rs_seq      = 0
llama_context: n_outputs_max = 729
llama_context: n_ctx_seq (768) < n_ctx_train (32768) -- the full capacity of the model will not be utilized
set_abort_callback: call
llama_context:  CUDA_Host  output buffer size =     0.58 MiB
llama_kv_cache: layer   0: dev = CPU
llama_kv_cache: layer   1: dev = CPU
llama_kv_cache: layer   2: dev = CPU
llama_kv_cache: layer   3: dev = CUDA0
llama_kv_cache: layer   4: dev = CUDA0
llama_kv_cache: layer   5: dev = CUDA0
llama_kv_cache: layer   6: dev = CUDA0
llama_kv_cache: layer   7: dev = CUDA0
llama_kv_cache: layer   8: dev = CUDA0
llama_kv_cache: layer   9: dev = CUDA0
llama_kv_cache: layer  10: dev = CUDA0
llama_kv_cache: layer  11: dev = CUDA0
llama_kv_cache: layer  12: dev = CUDA0
llama_kv_cache: layer  13: dev = CUDA0
llama_kv_cache: layer  14: dev = CUDA0
llama_kv_cache: layer  15: dev = CUDA0
llama_kv_cache: layer  16: dev = CUDA0
llama_kv_cache: layer  17: dev = CUDA0
llama_kv_cache: layer  18: dev = CUDA0
llama_kv_cache: layer  19: dev = CUDA0
llama_kv_cache: layer  20: dev = CUDA0
llama_kv_cache: layer  21: dev = CUDA0
llama_kv_cache: layer  22: dev = CUDA0
llama_kv_cache: layer  23: dev = CUDA0
llama_kv_cache: layer  24: dev = CUDA0
llama_kv_cache: layer  25: dev = CUDA0
llama_kv_cache: layer  26: dev = CUDA0
llama_kv_cache: layer  27: dev = CUDA0
llama_kv_cache:        CPU KV buffer size =     4.50 MiB
llama_kv_cache:      CUDA0 KV buffer size =    37.50 MiB
llama_kv_cache: size =   42.00 MiB (   768 cells,  28 layers,  1/1 seqs), K (f16):   21.00 MiB, V (f16):   21.00 MiB
llama_kv_cache: attn_rot_k = 0, n_embd_head_k_all = 128
llama_kv_cache: attn_rot_v = 0, n_embd_head_k_all = 128
llama_context: enumerating backends
llama_context: backend_ptrs.size() = 2
sched_reserve: reserving ...
sched_reserve: max_nodes = 2712
sched_reserve: reserving full memory module
sched_reserve: worst-case: n_tokens = 512, n_seqs = 1, n_outputs = 1
graph_reserve: reserving a graph for ubatch with n_tokens =    1, n_seqs =  1, n_outputs =    1
sched_reserve: Flash Attention was auto, set to enabled
sched_reserve: resolving fused Gated Delta Net support:
graph_reserve: reserving a graph for ubatch with n_tokens =    1, n_seqs =  1, n_outputs =    1
sched_reserve: fused Gated Delta Net (autoregressive) enabled
graph_reserve: reserving a graph for ubatch with n_tokens =   16, n_seqs =  1, n_outputs =   16
sched_reserve: fused Gated Delta Net (chunked) enabled
graph_reserve: reserving a graph for ubatch with n_tokens =  512, n_seqs =  1, n_outputs =  512
graph_reserve: reserving a graph for ubatch with n_tokens =    1, n_seqs =  1, n_outputs =    1
graph_reserve: reserving a graph for ubatch with n_tokens =  512, n_seqs =  1, n_outputs =  512
sched_reserve:      CUDA0 compute buffer size =   304.00 MiB
sched_reserve:  CUDA_Host compute buffer size =    14.76 MiB
sched_reserve: graph nodes  = 958
sched_reserve: graph splits = 44 (with bs=512), 2 (with bs=1)
sched_reserve: reserve took 10.67 ms, sched copies = 1
CUDA Graph id 21864 reused
ggml_backend_cuda_graph_compute: CUDA graph warmup complete
CUDA Graph id 21864 reused
CUDA Graph id 21864 reused
CUDA Graph id 21864 reused
CUDA Graph id 21864 reused
CUDA Graph id 21864 reused
CUDA Graph id 21864 reused
CUDA Graph id 21864 reused
CUDA Graph id 21864 reused
CUDA Graph id 21864 reused
CUDA Graph id 21864 reused
CUDA Graph id 21864 reused
CUDA Graph id 21864 reused
~llama_context:      CUDA0 compute buffer size is 304.0000 MiB, matches expectation of 304.0000 MiB
~llama_context:  CUDA_Host compute buffer size is  14.7637 MiB, matches expectation of  14.7637 MiB
llama_context: constructing llama_context
llama_context: n_seq_max     = 1
llama_context: n_ctx         = 768
llama_context: n_ctx_seq     = 768
llama_context: n_batch       = 729
llama_context: n_ubatch      = 512
llama_context: causal_attn   = 1
llama_context: flash_attn    = auto
llama_context: kv_unified    = false
llama_context: freq_base     = 1000000.0
llama_context: freq_scale    = 1
llama_context: n_rs_seq      = 0
llama_context: n_outputs_max = 729
llama_context: n_ctx_seq (768) < n_ctx_train (32768) -- the full capacity of the model will not be utilized
set_abort_callback: call
llama_context:  CUDA_Host  output buffer size =     0.58 MiB
llama_kv_cache: layer   0: dev = CPU
llama_kv_cache: layer   1: dev = CPU
llama_kv_cache: layer   2: dev = CPU
llama_kv_cache: layer   3: dev = CUDA0
llama_kv_cache: layer   4: dev = CUDA0
llama_kv_cache: layer   5: dev = CUDA0
llama_kv_cache: layer   6: dev = CUDA0
llama_kv_cache: layer   7: dev = CUDA0
llama_kv_cache: layer   8: dev = CUDA0
llama_kv_cache: layer   9: dev = CUDA0
llama_kv_cache: layer  10: dev = CUDA0
llama_kv_cache: layer  11: dev = CUDA0
llama_kv_cache: layer  12: dev = CUDA0
llama_kv_cache: layer  13: dev = CUDA0
llama_kv_cache: layer  14: dev = CUDA0
llama_kv_cache: layer  15: dev = CUDA0
llama_kv_cache: layer  16: dev = CUDA0
llama_kv_cache: layer  17: dev = CUDA0
llama_kv_cache: layer  18: dev = CUDA0
llama_kv_cache: layer  19: dev = CUDA0
llama_kv_cache: layer  20: dev = CUDA0
llama_kv_cache: layer  21: dev = CUDA0
llama_kv_cache: layer  22: dev = CUDA0
llama_kv_cache: layer  23: dev = CUDA0
llama_kv_cache: layer  24: dev = CUDA0
llama_kv_cache: layer  25: dev = CUDA0
llama_kv_cache: layer  26: dev = CUDA0
llama_kv_cache: layer  27: dev = CUDA0
llama_kv_cache:        CPU KV buffer size =     4.50 MiB
llama_kv_cache:      CUDA0 KV buffer size =    37.50 MiB
llama_kv_cache: size =   42.00 MiB (   768 cells,  28 layers,  1/1 seqs), K (f16):   21.00 MiB, V (f16):   21.00 MiB
llama_kv_cache: attn_rot_k = 0, n_embd_head_k_all = 128
llama_kv_cache: attn_rot_v = 0, n_embd_head_k_all = 128
llama_context: enumerating backends
llama_context: backend_ptrs.size() = 2
sched_reserve: reserving ...
sched_reserve: max_nodes = 2712
sched_reserve: reserving full memory module
sched_reserve: worst-case: n_tokens = 512, n_seqs = 1, n_outputs = 1
graph_reserve: reserving a graph for ubatch with n_tokens =    1, n_seqs =  1, n_outputs =    1
sched_reserve: Flash Attention was auto, set to enabled
sched_reserve: resolving fused Gated Delta Net support:
graph_reserve: reserving a graph for ubatch with n_tokens =    1, n_seqs =  1, n_outputs =    1
sched_reserve: fused Gated Delta Net (autoregressive) enabled
graph_reserve: reserving a graph for ubatch with n_tokens =   16, n_seqs =  1, n_outputs =   16
sched_reserve: fused Gated Delta Net (chunked) enabled
graph_reserve: reserving a graph for ubatch with n_tokens =  512, n_seqs =  1, n_outputs =  512
graph_reserve: reserving a graph for ubatch with n_tokens =    1, n_seqs =  1, n_outputs =    1
graph_reserve: reserving a graph for ubatch with n_tokens =  512, n_seqs =  1, n_outputs =  512
sched_reserve:      CUDA0 compute buffer size =   304.00 MiB
sched_reserve:  CUDA_Host compute buffer size =    14.76 MiB
sched_reserve: graph nodes  = 958
sched_reserve: graph splits = 44 (with bs=512), 2 (with bs=1)
sched_reserve: reserve took 10.82 ms, sched copies = 1
CUDA Graph id 22014 reused
ggml_backend_cuda_graph_compute: CUDA graph warmup complete
CUDA Graph id 22014 reused
CUDA Graph id 22014 reused
CUDA Graph id 22014 reused
CUDA Graph id 22014 reused
CUDA Graph id 22014 reused
CUDA Graph id 22014 reused
CUDA Graph id 22014 reused
CUDA Graph id 22014 reused
CUDA Graph id 22014 reused
CUDA Graph id 22014 reused
CUDA Graph id 22014 reused
CUDA Graph id 22014 reused
~llama_context:      CUDA0 compute buffer size is 304.0000 MiB, matches expectation of 304.0000 MiB
~llama_context:  CUDA_Host compute buffer size is  14.7637 MiB, matches expectation of  14.7637 MiB
llama_context: constructing llama_context
llama_context: n_seq_max     = 1
llama_context: n_ctx         = 768
llama_context: n_ctx_seq     = 768
llama_context: n_batch       = 729
llama_context: n_ubatch      = 512
llama_context: causal_attn   = 1
llama_context: flash_attn    = auto
llama_context: kv_unified    = false
llama_context: freq_base     = 1000000.0
llama_context: freq_scale    = 1
llama_context: n_rs_seq      = 0
llama_context: n_outputs_max = 729
llama_context: n_ctx_seq (768) < n_ctx_train (32768) -- the full capacity of the model will not be utilized
set_abort_callback: call
llama_context:  CUDA_Host  output buffer size =     0.58 MiB
llama_kv_cache: layer   0: dev = CPU
llama_kv_cache: layer   1: dev = CPU
llama_kv_cache: layer   2: dev = CPU
llama_kv_cache: layer   3: dev = CUDA0
llama_kv_cache: layer   4: dev = CUDA0
llama_kv_cache: layer   5: dev = CUDA0
llama_kv_cache: layer   6: dev = CUDA0
llama_kv_cache: layer   7: dev = CUDA0
llama_kv_cache: layer   8: dev = CUDA0
llama_kv_cache: layer   9: dev = CUDA0
llama_kv_cache: layer  10: dev = CUDA0
llama_kv_cache: layer  11: dev = CUDA0
llama_kv_cache: layer  12: dev = CUDA0
llama_kv_cache: layer  13: dev = CUDA0
llama_kv_cache: layer  14: dev = CUDA0
llama_kv_cache: layer  15: dev = CUDA0
llama_kv_cache: layer  16: dev = CUDA0
llama_kv_cache: layer  17: dev = CUDA0
llama_kv_cache: layer  18: dev = CUDA0
llama_kv_cache: layer  19: dev = CUDA0
llama_kv_cache: layer  20: dev = CUDA0
llama_kv_cache: layer  21: dev = CUDA0
llama_kv_cache: layer  22: dev = CUDA0
llama_kv_cache: layer  23: dev = CUDA0
llama_kv_cache: layer  24: dev = CUDA0
llama_kv_cache: layer  25: dev = CUDA0
llama_kv_cache: layer  26: dev = CUDA0
llama_kv_cache: layer  27: dev = CUDA0
llama_kv_cache:        CPU KV buffer size =     4.50 MiB
llama_kv_cache:      CUDA0 KV buffer size =    37.50 MiB
llama_kv_cache: size =   42.00 MiB (   768 cells,  28 layers,  1/1 seqs), K (f16):   21.00 MiB, V (f16):   21.00 MiB
llama_kv_cache: attn_rot_k = 0, n_embd_head_k_all = 128
llama_kv_cache: attn_rot_v = 0, n_embd_head_k_all = 128
llama_context: enumerating backends
llama_context: backend_ptrs.size() = 2
sched_reserve: reserving ...
sched_reserve: max_nodes = 2712
sched_reserve: reserving full memory module
sched_reserve: worst-case: n_tokens = 512, n_seqs = 1, n_outputs = 1
graph_reserve: reserving a graph for ubatch with n_tokens =    1, n_seqs =  1, n_outputs =    1
sched_reserve: Flash Attention was auto, set to enabled
sched_reserve: resolving fused Gated Delta Net support:
graph_reserve: reserving a graph for ubatch with n_tokens =    1, n_seqs =  1, n_outputs =    1
sched_reserve: fused Gated Delta Net (autoregressive) enabled
graph_reserve: reserving a graph for ubatch with n_tokens =   16, n_seqs =  1, n_outputs =   16
sched_reserve: fused Gated Delta Net (chunked) enabled
graph_reserve: reserving a graph for ubatch with n_tokens =  512, n_seqs =  1, n_outputs =  512
graph_reserve: reserving a graph for ubatch with n_tokens =    1, n_seqs =  1, n_outputs =    1
graph_reserve: reserving a graph for ubatch with n_tokens =  512, n_seqs =  1, n_outputs =  512
sched_reserve:      CUDA0 compute buffer size =   304.00 MiB
sched_reserve:  CUDA_Host compute buffer size =    14.76 MiB
sched_reserve: graph nodes  = 958
sched_reserve: graph splits = 44 (with bs=512), 2 (with bs=1)
sched_reserve: reserve took 10.82 ms, sched copies = 1
CUDA Graph id 22164 reused
ggml_backend_cuda_graph_compute: CUDA graph warmup complete
CUDA Graph id 22164 reused
CUDA Graph id 22164 reused
CUDA Graph id 22164 reused
~llama_context:      CUDA0 compute buffer size is 304.0000 MiB, matches expectation of 304.0000 MiB
~llama_context:  CUDA_Host compute buffer size is  14.7637 MiB, matches expectation of  14.7637 MiB
llama_context: constructing llama_context
llama_context: n_seq_max     = 1
llama_context: n_ctx         = 768
llama_context: n_ctx_seq     = 768
llama_context: n_batch       = 729
llama_context: n_ubatch      = 512
llama_context: causal_attn   = 1
llama_context: flash_attn    = auto
llama_context: kv_unified    = false
llama_context: freq_base     = 1000000.0
llama_context: freq_scale    = 1
llama_context: n_rs_seq      = 0
llama_context: n_outputs_max = 729
llama_context: n_ctx_seq (768) < n_ctx_train (32768) -- the full capacity of the model will not be utilized
set_abort_callback: call
llama_context:  CUDA_Host  output buffer size =     0.58 MiB
llama_kv_cache: layer   0: dev = CPU
llama_kv_cache: layer   1: dev = CPU
llama_kv_cache: layer   2: dev = CPU
llama_kv_cache: layer   3: dev = CUDA0
llama_kv_cache: layer   4: dev = CUDA0
llama_kv_cache: layer   5: dev = CUDA0
llama_kv_cache: layer   6: dev = CUDA0
llama_kv_cache: layer   7: dev = CUDA0
llama_kv_cache: layer   8: dev = CUDA0
llama_kv_cache: layer   9: dev = CUDA0
llama_kv_cache: layer  10: dev = CUDA0
llama_kv_cache: layer  11: dev = CUDA0
llama_kv_cache: layer  12: dev = CUDA0
llama_kv_cache: layer  13: dev = CUDA0
llama_kv_cache: layer  14: dev = CUDA0
llama_kv_cache: layer  15: dev = CUDA0
llama_kv_cache: layer  16: dev = CUDA0
llama_kv_cache: layer  17: dev = CUDA0
llama_kv_cache: layer  18: dev = CUDA0
llama_kv_cache: layer  19: dev = CUDA0
llama_kv_cache: layer  20: dev = CUDA0
llama_kv_cache: layer  21: dev = CUDA0
llama_kv_cache: layer  22: dev = CUDA0
llama_kv_cache: layer  23: dev = CUDA0
llama_kv_cache: layer  24: dev = CUDA0
llama_kv_cache: layer  25: dev = CUDA0
llama_kv_cache: layer  26: dev = CUDA0
llama_kv_cache: layer  27: dev = CUDA0
llama_kv_cache:        CPU KV buffer size =     4.50 MiB
llama_kv_cache:      CUDA0 KV buffer size =    37.50 MiB
llama_kv_cache: size =   42.00 MiB (   768 cells,  28 layers,  1/1 seqs), K (f16):   21.00 MiB, V (f16):   21.00 MiB
llama_kv_cache: attn_rot_k = 0, n_embd_head_k_all = 128
llama_kv_cache: attn_rot_v = 0, n_embd_head_k_all = 128
llama_context: enumerating backends
llama_context: backend_ptrs.size() = 2
sched_reserve: reserving ...
sched_reserve: max_nodes = 2712
sched_reserve: reserving full memory module
sched_reserve: worst-case: n_tokens = 512, n_seqs = 1, n_outputs = 1
graph_reserve: reserving a graph for ubatch with n_tokens =    1, n_seqs =  1, n_outputs =    1
sched_reserve: Flash Attention was auto, set to enabled
sched_reserve: resolving fused Gated Delta Net support:
graph_reserve: reserving a graph for ubatch with n_tokens =    1, n_seqs =  1, n_outputs =    1
sched_reserve: fused Gated Delta Net (autoregressive) enabled
graph_reserve: reserving a graph for ubatch with n_tokens =   16, n_seqs =  1, n_outputs =   16
sched_reserve: fused Gated Delta Net (chunked) enabled
graph_reserve: reserving a graph for ubatch with n_tokens =  512, n_seqs =  1, n_outputs =  512
graph_reserve: reserving a graph for ubatch with n_tokens =    1, n_seqs =  1, n_outputs =    1
graph_reserve: reserving a graph for ubatch with n_tokens =  512, n_seqs =  1, n_outputs =  512
sched_reserve:      CUDA0 compute buffer size =   304.00 MiB
sched_reserve:  CUDA_Host compute buffer size =    14.76 MiB
sched_reserve: graph nodes  = 958
sched_reserve: graph splits = 44 (with bs=512), 2 (with bs=1)
sched_reserve: reserve took 10.55 ms, sched copies = 1
CUDA Graph id 22314 reused
ggml_backend_cuda_graph_compute: CUDA graph warmup complete
CUDA Graph id 22314 reused
CUDA Graph id 22314 reused
CUDA Graph id 22314 reused
CUDA Graph id 22314 reused
CUDA Graph id 22314 reused
CUDA Graph id 22314 reused
CUDA Graph id 22314 reused
CUDA Graph id 22314 reused
CUDA Graph id 22314 reused
CUDA Graph id 22314 reused
CUDA Graph id 22314 reused
CUDA Graph id 22314 reused
~llama_context:      CUDA0 compute buffer size is 304.0000 MiB, matches expectation of 304.0000 MiB
~llama_context:  CUDA_Host compute buffer size is  14.7637 MiB, matches expectation of  14.7637 MiB
llama_context: constructing llama_context
llama_context: n_seq_max     = 1
llama_context: n_ctx         = 768
llama_context: n_ctx_seq     = 768
llama_context: n_batch       = 729
llama_context: n_ubatch      = 512
llama_context: causal_attn   = 1
llama_context: flash_attn    = auto
llama_context: kv_unified    = false
llama_context: freq_base     = 1000000.0
llama_context: freq_scale    = 1
llama_context: n_rs_seq      = 0
llama_context: n_outputs_max = 729
llama_context: n_ctx_seq (768) < n_ctx_train (32768) -- the full capacity of the model will not be utilized
set_abort_callback: call
llama_context:  CUDA_Host  output buffer size =     0.58 MiB
llama_kv_cache: layer   0: dev = CPU
llama_kv_cache: layer   1: dev = CPU
llama_kv_cache: layer   2: dev = CPU
llama_kv_cache: layer   3: dev = CUDA0
llama_kv_cache: layer   4: dev = CUDA0
llama_kv_cache: layer   5: dev = CUDA0
llama_kv_cache: layer   6: dev = CUDA0
llama_kv_cache: layer   7: dev = CUDA0
llama_kv_cache: layer   8: dev = CUDA0
llama_kv_cache: layer   9: dev = CUDA0
llama_kv_cache: layer  10: dev = CUDA0
llama_kv_cache: layer  11: dev = CUDA0
llama_kv_cache: layer  12: dev = CUDA0
llama_kv_cache: layer  13: dev = CUDA0
llama_kv_cache: layer  14: dev = CUDA0
llama_kv_cache: layer  15: dev = CUDA0
llama_kv_cache: layer  16: dev = CUDA0
llama_kv_cache: layer  17: dev = CUDA0
llama_kv_cache: layer  18: dev = CUDA0
llama_kv_cache: layer  19: dev = CUDA0
llama_kv_cache: layer  20: dev = CUDA0
llama_kv_cache: layer  21: dev = CUDA0
llama_kv_cache: layer  22: dev = CUDA0
llama_kv_cache: layer  23: dev = CUDA0
llama_kv_cache: layer  24: dev = CUDA0
llama_kv_cache: layer  25: dev = CUDA0
llama_kv_cache: layer  26: dev = CUDA0
llama_kv_cache: layer  27: dev = CUDA0
llama_kv_cache:        CPU KV buffer size =     4.50 MiB
llama_kv_cache:      CUDA0 KV buffer size =    37.50 MiB
llama_kv_cache: size =   42.00 MiB (   768 cells,  28 layers,  1/1 seqs), K (f16):   21.00 MiB, V (f16):   21.00 MiB
llama_kv_cache: attn_rot_k = 0, n_embd_head_k_all = 128
llama_kv_cache: attn_rot_v = 0, n_embd_head_k_all = 128
llama_context: enumerating backends
llama_context: backend_ptrs.size() = 2
sched_reserve: reserving ...
sched_reserve: max_nodes = 2712
sched_reserve: reserving full memory module
sched_reserve: worst-case: n_tokens = 512, n_seqs = 1, n_outputs = 1
graph_reserve: reserving a graph for ubatch with n_tokens =    1, n_seqs =  1, n_outputs =    1
sched_reserve: Flash Attention was auto, set to enabled
sched_reserve: resolving fused Gated Delta Net support:
graph_reserve: reserving a graph for ubatch with n_tokens =    1, n_seqs =  1, n_outputs =    1
sched_reserve: fused Gated Delta Net (autoregressive) enabled
graph_reserve: reserving a graph for ubatch with n_tokens =   16, n_seqs =  1, n_outputs =   16
sched_reserve: fused Gated Delta Net (chunked) enabled
graph_reserve: reserving a graph for ubatch with n_tokens =  512, n_seqs =  1, n_outputs =  512
graph_reserve: reserving a graph for ubatch with n_tokens =    1, n_seqs =  1, n_outputs =    1
graph_reserve: reserving a graph for ubatch with n_tokens =  512, n_seqs =  1, n_outputs =  512
sched_reserve:      CUDA0 compute buffer size =   304.00 MiB
sched_reserve:  CUDA_Host compute buffer size =    14.76 MiB
sched_reserve: graph nodes  = 958
sched_reserve: graph splits = 44 (with bs=512), 2 (with bs=1)
sched_reserve: reserve took 10.64 ms, sched copies = 1
CUDA Graph id 22464 reused
ggml_backend_cuda_graph_compute: CUDA graph warmup complete
CUDA Graph id 22464 reused
CUDA Graph id 22464 reused
CUDA Graph id 22464 reused
CUDA Graph id 22464 reused
CUDA Graph id 22464 reused
CUDA Graph id 22464 reused
CUDA Graph id 22464 reused
CUDA Graph id 22464 reused
CUDA Graph id 22464 reused
CUDA Graph id 22464 reused
CUDA Graph id 22464 reused
CUDA Graph id 22464 reused
CUDA Graph id 22464 reused
CUDA Graph id 22464 reused
CUDA Graph id 22464 reused
CUDA Graph id 22464 reused
CUDA Graph id 22464 reused
CUDA Graph id 22464 reused
CUDA Graph id 22464 reused
CUDA Graph id 22464 reused
CUDA Graph id 22464 reused
CUDA Graph id 22464 reused
CUDA Graph id 22464 reused
CUDA Graph id 22464 reused
CUDA Graph id 22464 reused
CUDA Graph id 22464 reused
CUDA Graph id 22464 reused
CUDA Graph id 22464 reused
CUDA Graph id 22464 reused
CUDA Graph id 22464 reused
CUDA Graph id 22464 reused
CUDA Graph id 22464 reused
CUDA Graph id 22464 reused
CUDA Graph id 22464 reused
CUDA Graph id 22464 reused
CUDA Graph id 22464 reused
CUDA Graph id 22464 reused
CUDA Graph id 22464 reused
CUDA Graph id 22464 reused
CUDA Graph id 22464 reused
CUDA Graph id 22464 reused
CUDA Graph id 22464 reused
CUDA Graph id 22464 reused
CUDA Graph id 22464 reused
CUDA Graph id 22464 reused
ggml_backend_cuda_graph_compute: CUDA graph warmup reset
CUDA Graph id 22467 reused
ggml_backend_cuda_graph_compute: CUDA graph warmup complete
CUDA Graph id 22467 reused
CUDA Graph id 22467 reused
CUDA Graph id 22467 reused
CUDA Graph id 22467 reused
CUDA Graph id 22467 reused
CUDA Graph id 22467 reused
CUDA Graph id 22467 reused
CUDA Graph id 22467 reused
CUDA Graph id 22467 reused
CUDA Graph id 22467 reused
CUDA Graph id 22467 reused
CUDA Graph id 22467 reused
CUDA Graph id 22467 reused
CUDA Graph id 22467 reused
CUDA Graph id 22467 reused
CUDA Graph id 22467 reused
CUDA Graph id 22467 reused
CUDA Graph id 22467 reused
CUDA Graph id 22467 reused
CUDA Graph id 22467 reused
CUDA Graph id 22467 reused
CUDA Graph id 22467 reused
CUDA Graph id 22467 reused
CUDA Graph id 22467 reused
CUDA Graph id 22467 reused
CUDA Graph id 22467 reused
CUDA Graph id 22467 reused
CUDA Graph id 22467 reused
CUDA Graph id 22467 reused
CUDA Graph id 22467 reused
CUDA Graph id 22467 reused
CUDA Graph id 22467 reused
CUDA Graph id 22467 reused
CUDA Graph id 22467 reused
CUDA Graph id 22467 reused
CUDA Graph id 22467 reused
CUDA Graph id 22467 reused
CUDA Graph id 22467 reused
CUDA Graph id 22467 reused
CUDA Graph id 22467 reused
CUDA Graph id 22467 reused
CUDA Graph id 22467 reused
CUDA Graph id 22467 reused
CUDA Graph id 22467 reused
CUDA Graph id 22467 reused
CUDA Graph id 22467 reused
CUDA Graph id 22467 reused
CUDA Graph id 22467 reused
CUDA Graph id 22467 reused
CUDA Graph id 22467 reused
CUDA Graph id 22467 reused
CUDA Graph id 22467 reused
CUDA Graph id 22467 reused
CUDA Graph id 22467 reused
CUDA Graph id 22467 reused
CUDA Graph id 22467 reused
CUDA Graph id 22467 reused
CUDA Graph id 22467 reused
CUDA Graph id 22467 reused
CUDA Graph id 22467 reused
CUDA Graph id 22467 reused
CUDA Graph id 22467 reused
CUDA Graph id 22467 reused
CUDA Graph id 22467 reused
CUDA Graph id 22467 reused
~llama_context:      CUDA0 compute buffer size is 304.0000 MiB, matches expectation of 304.0000 MiB
~llama_context:  CUDA_Host compute buffer size is  14.7637 MiB, matches expectation of  14.7637 MiB
llama_context: constructing llama_context
llama_context: n_seq_max     = 1
llama_context: n_ctx         = 768
llama_context: n_ctx_seq     = 768
llama_context: n_batch       = 729
llama_context: n_ubatch      = 512
llama_context: causal_attn   = 1
llama_context: flash_attn    = auto
llama_context: kv_unified    = false
llama_context: freq_base     = 1000000.0
llama_context: freq_scale    = 1
llama_context: n_rs_seq      = 0
llama_context: n_outputs_max = 729
llama_context: n_ctx_seq (768) < n_ctx_train (32768) -- the full capacity of the model will not be utilized
set_abort_callback: call
llama_context:  CUDA_Host  output buffer size =     0.58 MiB
llama_kv_cache: layer   0: dev = CPU
llama_kv_cache: layer   1: dev = CPU
llama_kv_cache: layer   2: dev = CPU
llama_kv_cache: layer   3: dev = CUDA0
llama_kv_cache: layer   4: dev = CUDA0
llama_kv_cache: layer   5: dev = CUDA0
llama_kv_cache: layer   6: dev = CUDA0
llama_kv_cache: layer   7: dev = CUDA0
llama_kv_cache: layer   8: dev = CUDA0
llama_kv_cache: layer   9: dev = CUDA0
llama_kv_cache: layer  10: dev = CUDA0
llama_kv_cache: layer  11: dev = CUDA0
llama_kv_cache: layer  12: dev = CUDA0
llama_kv_cache: layer  13: dev = CUDA0
llama_kv_cache: layer  14: dev = CUDA0
llama_kv_cache: layer  15: dev = CUDA0
llama_kv_cache: layer  16: dev = CUDA0
llama_kv_cache: layer  17: dev = CUDA0
llama_kv_cache: layer  18: dev = CUDA0
llama_kv_cache: layer  19: dev = CUDA0
llama_kv_cache: layer  20: dev = CUDA0
llama_kv_cache: layer  21: dev = CUDA0
llama_kv_cache: layer  22: dev = CUDA0
llama_kv_cache: layer  23: dev = CUDA0
llama_kv_cache: layer  24: dev = CUDA0
llama_kv_cache: layer  25: dev = CUDA0
llama_kv_cache: layer  26: dev = CUDA0
llama_kv_cache: layer  27: dev = CUDA0
llama_kv_cache:        CPU KV buffer size =     4.50 MiB
llama_kv_cache:      CUDA0 KV buffer size =    37.50 MiB
llama_kv_cache: size =   42.00 MiB (   768 cells,  28 layers,  1/1 seqs), K (f16):   21.00 MiB, V (f16):   21.00 MiB
llama_kv_cache: attn_rot_k = 0, n_embd_head_k_all = 128
llama_kv_cache: attn_rot_v = 0, n_embd_head_k_all = 128
llama_context: enumerating backends
llama_context: backend_ptrs.size() = 2
sched_reserve: reserving ...
sched_reserve: max_nodes = 2712
sched_reserve: reserving full memory module
sched_reserve: worst-case: n_tokens = 512, n_seqs = 1, n_outputs = 1
graph_reserve: reserving a graph for ubatch with n_tokens =    1, n_seqs =  1, n_outputs =    1
sched_reserve: Flash Attention was auto, set to enabled
sched_reserve: resolving fused Gated Delta Net support:
graph_reserve: reserving a graph for ubatch with n_tokens =    1, n_seqs =  1, n_outputs =    1
sched_reserve: fused Gated Delta Net (autoregressive) enabled
graph_reserve: reserving a graph for ubatch with n_tokens =   16, n_seqs =  1, n_outputs =   16
sched_reserve: fused Gated Delta Net (chunked) enabled
graph_reserve: reserving a graph for ubatch with n_tokens =  512, n_seqs =  1, n_outputs =  512
graph_reserve: reserving a graph for ubatch with n_tokens =    1, n_seqs =  1, n_outputs =    1
graph_reserve: reserving a graph for ubatch with n_tokens =  512, n_seqs =  1, n_outputs =  512
sched_reserve:      CUDA0 compute buffer size =   304.00 MiB
sched_reserve:  CUDA_Host compute buffer size =    14.76 MiB
sched_reserve: graph nodes  = 958
sched_reserve: graph splits = 44 (with bs=512), 2 (with bs=1)
sched_reserve: reserve took 10.68 ms, sched copies = 1
CUDA Graph id 22617 reused
ggml_backend_cuda_graph_compute: CUDA graph warmup complete
CUDA Graph id 22617 reused
CUDA Graph id 22617 reused
CUDA Graph id 22617 reused
CUDA Graph id 22617 reused
CUDA Graph id 22617 reused
CUDA Graph id 22617 reused
~llama_context:      CUDA0 compute buffer size is 304.0000 MiB, matches expectation of 304.0000 MiB
~llama_context:  CUDA_Host compute buffer size is  14.7637 MiB, matches expectation of  14.7637 MiB
schema 200/200 done
wrote results/smoke_llamacpp_bench/a2_chunks/a2_raw_175.json
