ggml_cuda_init: found 1 CUDA devices (Total VRAM: 24121 MiB):
  Device 0: NVIDIA GeForce RTX 3090, compute capability 8.6, VMM: yes, VRAM: 24121 MiB
llama_model_loader: loaded meta data with 33 key-value pairs and 339 tensors from models/qwen2.5-coder-7b-bf16.gguf (version GGUF V3 (latest))
llama_model_loader: Dumping metadata keys/values. Note: KV overrides do not apply in this output.
llama_model_loader: - kv   0:                       general.architecture str              = qwen2
llama_model_loader: - kv   1:                               general.type str              = model
llama_model_loader: - kv   2:                               general.name str              = 0396a76181e127dfc13e5c5ec48a8cee09938b02
llama_model_loader: - kv   3:                           general.finetune str              = 0396a76181e127dfc13e5c5ec48a8cee09938b02
llama_model_loader: - kv   4:                         general.size_label str              = 7.6B
llama_model_loader: - kv   5:                            general.license str              = apache-2.0
llama_model_loader: - kv   6:                       general.license.link str              = https://huggingface.co/Qwen/Qwen2.5-C...
llama_model_loader: - kv   7:                   general.base_model.count u32              = 1
llama_model_loader: - kv   8:                  general.base_model.0.name str              = Qwen2.5 7B
llama_model_loader: - kv   9:          general.base_model.0.organization str              = Qwen
llama_model_loader: - kv  10:              general.base_model.0.repo_url str              = https://huggingface.co/Qwen/Qwen2.5-7B
llama_model_loader: - kv  11:                               general.tags arr[str,5]       = ["code", "qwen", "qwen-coder", "codeq...
llama_model_loader: - kv  12:                          general.languages arr[str,1]       = ["en"]
llama_model_loader: - kv  13:                          qwen2.block_count u32              = 28
llama_model_loader: - kv  14:                       qwen2.context_length u32              = 32768
llama_model_loader: - kv  15:                     qwen2.embedding_length u32              = 3584
llama_model_loader: - kv  16:                  qwen2.feed_forward_length u32              = 18944
llama_model_loader: - kv  17:                 qwen2.attention.head_count u32              = 28
llama_model_loader: - kv  18:              qwen2.attention.head_count_kv u32              = 4
llama_model_loader: - kv  19:                       qwen2.rope.freq_base f32              = 1000000.000000
llama_model_loader: - kv  20:     qwen2.attention.layer_norm_rms_epsilon f32              = 0.000001
llama_model_loader: - kv  21:                          general.file_type u32              = 32
llama_model_loader: - kv  22:               general.quantization_version u32              = 2
llama_model_loader: - kv  23:                       tokenizer.ggml.model str              = gpt2
llama_model_loader: - kv  24:                         tokenizer.ggml.pre str              = qwen2
llama_model_loader: - kv  25:                      tokenizer.ggml.tokens arr[str,152064]  = ["!", "\"", "#", "$", "%", "&", "'", ...
llama_model_loader: - kv  26:                  tokenizer.ggml.token_type arr[i32,152064]  = [1, 1, 1, 1, 1, 1, 1, 1, 1, 1, 1, 1, ...
llama_model_loader: - kv  27:                      tokenizer.ggml.merges arr[str,151387]  = ["Ġ Ġ", "ĠĠ ĠĠ", "i n", "Ġ t",...
llama_model_loader: - kv  28:                tokenizer.ggml.eos_token_id u32              = 151643
llama_model_loader: - kv  29:            tokenizer.ggml.padding_token_id u32              = 151643
llama_model_loader: - kv  30:                tokenizer.ggml.bos_token_id u32              = 151643
llama_model_loader: - kv  31:               tokenizer.ggml.add_bos_token bool             = false
llama_model_loader: - kv  32:                    tokenizer.chat_template str              = {%- if tools %}\n    {{- '<|im_start|>...
llama_model_loader: - type  f32:  141 tensors
llama_model_loader: - type bf16:  198 tensors
print_info: file format = GGUF V3 (latest)
print_info: file type   = BF16
print_info: file size   = 14.19 GiB (16.00 BPW) 
llama_prepare_model_devices: using device CUDA0 (NVIDIA GeForce RTX 3090) (0000:61:00.0) - 13146 MiB free
init_tokenizer: initializing tokenizer for type 2
load: 0 unused tokens
load: control token: 151660 '<|fim_middle|>' is not marked as EOG
load: control token: 151659 '<|fim_prefix|>' is not marked as EOG
load: control token: 151653 '<|vision_end|>' is not marked as EOG
load: control token: 151648 '<|box_start|>' is not marked as EOG
load: control token: 151646 '<|object_ref_start|>' is not marked as EOG
load: control token: 151649 '<|box_end|>' is not marked as EOG
load: control-looking token: 128247 '</s>' was not control-type; this is probably a bug in the model. its type will be overridden
load: control token: 151655 '<|image_pad|>' is not marked as EOG
load: control token: 151651 '<|quad_end|>' is not marked as EOG
load: control token: 151647 '<|object_ref_end|>' is not marked as EOG
load: control token: 151652 '<|vision_start|>' is not marked as EOG
load: control token: 151654 '<|vision_pad|>' is not marked as EOG
load: control token: 151656 '<|video_pad|>' is not marked as EOG
load: control token: 151644 '<|im_start|>' is not marked as EOG
load: control token: 151661 '<|fim_suffix|>' is not marked as EOG
load: control token: 151650 '<|quad_start|>' is not marked as EOG
load: printing all EOG tokens:
load:   - 128247 ('</s>')
load:   - 151643 ('<|endoftext|>')
load:   - 151645 ('<|im_end|>')
load:   - 151662 ('<|fim_pad|>')
load:   - 151663 ('<|repo_name|>')
load:   - 151664 ('<|file_sep|>')
load: special tokens cache size = 23
load: token to piece cache size = 0.9310 MB
print_info: arch                  = qwen2
print_info: vocab_only            = 0
print_info: no_alloc              = 0
print_info: n_ctx_train           = 32768
print_info: n_embd_inp            = 3584
print_info: n_embd                = 3584
print_info: n_embd_out            = 3584
print_info: n_layer               = 28
print_info: n_layer_all           = 28
print_info: n_head                = 28
print_info: n_head_kv             = 4
print_info: n_rot                 = 128
print_info: n_swa                 = 0
print_info: is_swa_any            = 0
print_info: n_embd_head_k         = 128
print_info: n_embd_head_v         = 128
print_info: n_gqa                 = 7
print_info: n_embd_k_gqa          = 512
print_info: n_embd_v_gqa          = 512
print_info: f_norm_eps            = 0.0e+00
print_info: f_norm_rms_eps        = 1.0e-06
print_info: f_clamp_kqv           = 0.0e+00
print_info: f_max_alibi_bias      = 0.0e+00
print_info: f_logit_scale         = 0.0e+00
print_info: f_attn_scale          = 0.0e+00
print_info: f_attn_value_scale    = 0.0000
print_info: n_ff                  = 18944
print_info: n_expert              = 0
print_info: n_expert_used         = 0
print_info: n_expert_groups       = 0
print_info: n_group_used          = 0
print_info: causal attn           = 1
print_info: pooling type          = -1
print_info: rope type             = 2
print_info: rope scaling          = linear
print_info: freq_base_train       = 1000000.0
print_info: freq_scale_train      = 1
print_info: n_ctx_orig_yarn       = 32768
print_info: rope_yarn_log_mul     = 0.0000
print_info: rope_finetuned        = unknown
print_info: model type            = 7B
print_info: model params          = 7.62 B
print_info: general.name          = 0396a76181e127dfc13e5c5ec48a8cee09938b02
print_info: vocab type            = BPE
print_info: n_vocab               = 152064
print_info: n_merges              = 151387
print_info: BOS token             = 151643 '<|endoftext|>'
print_info: EOS token             = 151643 '<|endoftext|>'
print_info: EOT token             = 151645 '<|im_end|>'
print_info: PAD token             = 151643 '<|endoftext|>'
print_info: LF token              = 198 'Ċ'
print_info: FIM PRE token         = 151659 '<|fim_prefix|>'
print_info: FIM SUF token         = 151661 '<|fim_suffix|>'
print_info: FIM MID token         = 151660 '<|fim_middle|>'
print_info: FIM PAD token         = 151662 '<|fim_pad|>'
print_info: FIM REP token         = 151663 '<|repo_name|>'
print_info: FIM SEP token         = 151664 '<|file_sep|>'
print_info: EOG token             = 128247 '</s>'
print_info: EOG token             = 151643 '<|endoftext|>'
print_info: EOG token             = 151645 '<|im_end|>'
print_info: EOG token             = 151662 '<|fim_pad|>'
print_info: EOG token             = 151663 '<|repo_name|>'
print_info: EOG token             = 151664 '<|file_sep|>'
print_info: max token length      = 256
load_tensors: loading model tensors, this can take a while... (mmap = true, direct_io = false)
load_tensors: layer   0 assigned to device CPU, is_swa = 0
load_tensors: layer   1 assigned to device CPU, is_swa = 0
load_tensors: layer   2 assigned to device CPU, is_swa = 0
load_tensors: layer   3 assigned to device CUDA0, is_swa = 0
load_tensors: layer   4 assigned to device CUDA0, is_swa = 0
load_tensors: layer   5 assigned to device CUDA0, is_swa = 0
load_tensors: layer   6 assigned to device CUDA0, is_swa = 0
load_tensors: layer   7 assigned to device CUDA0, is_swa = 0
load_tensors: layer   8 assigned to device CUDA0, is_swa = 0
load_tensors: layer   9 assigned to device CUDA0, is_swa = 0
load_tensors: layer  10 assigned to device CUDA0, is_swa = 0
load_tensors: layer  11 assigned to device CUDA0, is_swa = 0
load_tensors: layer  12 assigned to device CUDA0, is_swa = 0
load_tensors: layer  13 assigned to device CUDA0, is_swa = 0
load_tensors: layer  14 assigned to device CUDA0, is_swa = 0
load_tensors: layer  15 assigned to device CUDA0, is_swa = 0
load_tensors: layer  16 assigned to device CUDA0, is_swa = 0
load_tensors: layer  17 assigned to device CUDA0, is_swa = 0
load_tensors: layer  18 assigned to device CUDA0, is_swa = 0
load_tensors: layer  19 assigned to device CUDA0, is_swa = 0
load_tensors: layer  20 assigned to device CUDA0, is_swa = 0
load_tensors: layer  21 assigned to device CUDA0, is_swa = 0
load_tensors: layer  22 assigned to device CUDA0, is_swa = 0
load_tensors: layer  23 assigned to device CUDA0, is_swa = 0
load_tensors: layer  24 assigned to device CUDA0, is_swa = 0
load_tensors: layer  25 assigned to device CUDA0, is_swa = 0
load_tensors: layer  26 assigned to device CUDA0, is_swa = 0
load_tensors: layer  27 assigned to device CUDA0, is_swa = 0
load_tensors: layer  28 assigned to device CUDA0, is_swa = 0
create_tensor: loading tensor token_embd.weight
create_tensor: loading tensor output_norm.weight
create_tensor: loading tensor output.weight
create_tensor: loading tensor blk.0.attn_norm.weight
create_tensor: loading tensor blk.0.attn_q.weight
create_tensor: loading tensor blk.0.attn_k.weight
create_tensor: loading tensor blk.0.attn_v.weight
create_tensor: loading tensor blk.0.attn_q.bias
create_tensor: loading tensor blk.0.attn_k.bias
create_tensor: loading tensor blk.0.attn_v.bias
create_tensor: loading tensor blk.0.attn_output.weight
create_tensor: loading tensor blk.0.ffn_norm.weight
create_tensor: loading tensor blk.0.ffn_gate.weight
create_tensor: loading tensor blk.0.ffn_down.weight
create_tensor: loading tensor blk.0.ffn_up.weight
create_tensor: loading tensor blk.1.attn_norm.weight
create_tensor: loading tensor blk.1.attn_q.weight
create_tensor: loading tensor blk.1.attn_k.weight
create_tensor: loading tensor blk.1.attn_v.weight
create_tensor: loading tensor blk.1.attn_q.bias
create_tensor: loading tensor blk.1.attn_k.bias
create_tensor: loading tensor blk.1.attn_v.bias
create_tensor: loading tensor blk.1.attn_output.weight
create_tensor: loading tensor blk.1.ffn_norm.weight
create_tensor: loading tensor blk.1.ffn_gate.weight
create_tensor: loading tensor blk.1.ffn_down.weight
create_tensor: loading tensor blk.1.ffn_up.weight
create_tensor: loading tensor blk.2.attn_norm.weight
create_tensor: loading tensor blk.2.attn_q.weight
create_tensor: loading tensor blk.2.attn_k.weight
create_tensor: loading tensor blk.2.attn_v.weight
create_tensor: loading tensor blk.2.attn_q.bias
create_tensor: loading tensor blk.2.attn_k.bias
create_tensor: loading tensor blk.2.attn_v.bias
create_tensor: loading tensor blk.2.attn_output.weight
create_tensor: loading tensor blk.2.ffn_norm.weight
create_tensor: loading tensor blk.2.ffn_gate.weight
create_tensor: loading tensor blk.2.ffn_down.weight
create_tensor: loading tensor blk.2.ffn_up.weight
create_tensor: loading tensor blk.3.attn_norm.weight
create_tensor: loading tensor blk.3.attn_q.weight
create_tensor: loading tensor blk.3.attn_k.weight
create_tensor: loading tensor blk.3.attn_v.weight
create_tensor: loading tensor blk.3.attn_q.bias
create_tensor: loading tensor blk.3.attn_k.bias
create_tensor: loading tensor blk.3.attn_v.bias
create_tensor: loading tensor blk.3.attn_output.weight
create_tensor: loading tensor blk.3.ffn_norm.weight
create_tensor: loading tensor blk.3.ffn_gate.weight
create_tensor: loading tensor blk.3.ffn_down.weight
create_tensor: loading tensor blk.3.ffn_up.weight
create_tensor: loading tensor blk.4.attn_norm.weight
create_tensor: loading tensor blk.4.attn_q.weight
create_tensor: loading tensor blk.4.attn_k.weight
create_tensor: loading tensor blk.4.attn_v.weight
create_tensor: loading tensor blk.4.attn_q.bias
create_tensor: loading tensor blk.4.attn_k.bias
create_tensor: loading tensor blk.4.attn_v.bias
create_tensor: loading tensor blk.4.attn_output.weight
create_tensor: loading tensor blk.4.ffn_norm.weight
create_tensor: loading tensor blk.4.ffn_gate.weight
create_tensor: loading tensor blk.4.ffn_down.weight
create_tensor: loading tensor blk.4.ffn_up.weight
create_tensor: loading tensor blk.5.attn_norm.weight
create_tensor: loading tensor blk.5.attn_q.weight
create_tensor: loading tensor blk.5.attn_k.weight
create_tensor: loading tensor blk.5.attn_v.weight
create_tensor: loading tensor blk.5.attn_q.bias
create_tensor: loading tensor blk.5.attn_k.bias
create_tensor: loading tensor blk.5.attn_v.bias
create_tensor: loading tensor blk.5.attn_output.weight
create_tensor: loading tensor blk.5.ffn_norm.weight
create_tensor: loading tensor blk.5.ffn_gate.weight
create_tensor: loading tensor blk.5.ffn_down.weight
create_tensor: loading tensor blk.5.ffn_up.weight
create_tensor: loading tensor blk.6.attn_norm.weight
create_tensor: loading tensor blk.6.attn_q.weight
create_tensor: loading tensor blk.6.attn_k.weight
create_tensor: loading tensor blk.6.attn_v.weight
create_tensor: loading tensor blk.6.attn_q.bias
create_tensor: loading tensor blk.6.attn_k.bias
create_tensor: loading tensor blk.6.attn_v.bias
create_tensor: loading tensor blk.6.attn_output.weight
create_tensor: loading tensor blk.6.ffn_norm.weight
create_tensor: loading tensor blk.6.ffn_gate.weight
create_tensor: loading tensor blk.6.ffn_down.weight
create_tensor: loading tensor blk.6.ffn_up.weight
create_tensor: loading tensor blk.7.attn_norm.weight
create_tensor: loading tensor blk.7.attn_q.weight
create_tensor: loading tensor blk.7.attn_k.weight
create_tensor: loading tensor blk.7.attn_v.weight
create_tensor: loading tensor blk.7.attn_q.bias
create_tensor: loading tensor blk.7.attn_k.bias
create_tensor: loading tensor blk.7.attn_v.bias
create_tensor: loading tensor blk.7.attn_output.weight
create_tensor: loading tensor blk.7.ffn_norm.weight
create_tensor: loading tensor blk.7.ffn_gate.weight
create_tensor: loading tensor blk.7.ffn_down.weight
create_tensor: loading tensor blk.7.ffn_up.weight
create_tensor: loading tensor blk.8.attn_norm.weight
create_tensor: loading tensor blk.8.attn_q.weight
create_tensor: loading tensor blk.8.attn_k.weight
create_tensor: loading tensor blk.8.attn_v.weight
create_tensor: loading tensor blk.8.attn_q.bias
create_tensor: loading tensor blk.8.attn_k.bias
create_tensor: loading tensor blk.8.attn_v.bias
create_tensor: loading tensor blk.8.attn_output.weight
create_tensor: loading tensor blk.8.ffn_norm.weight
create_tensor: loading tensor blk.8.ffn_gate.weight
create_tensor: loading tensor blk.8.ffn_down.weight
create_tensor: loading tensor blk.8.ffn_up.weight
create_tensor: loading tensor blk.9.attn_norm.weight
create_tensor: loading tensor blk.9.attn_q.weight
create_tensor: loading tensor blk.9.attn_k.weight
create_tensor: loading tensor blk.9.attn_v.weight
create_tensor: loading tensor blk.9.attn_q.bias
create_tensor: loading tensor blk.9.attn_k.bias
create_tensor: loading tensor blk.9.attn_v.bias
create_tensor: loading tensor blk.9.attn_output.weight
create_tensor: loading tensor blk.9.ffn_norm.weight
create_tensor: loading tensor blk.9.ffn_gate.weight
create_tensor: loading tensor blk.9.ffn_down.weight
create_tensor: loading tensor blk.9.ffn_up.weight
create_tensor: loading tensor blk.10.attn_norm.weight
create_tensor: loading tensor blk.10.attn_q.weight
create_tensor: loading tensor blk.10.attn_k.weight
create_tensor: loading tensor blk.10.attn_v.weight
create_tensor: loading tensor blk.10.attn_q.bias
create_tensor: loading tensor blk.10.attn_k.bias
create_tensor: loading tensor blk.10.attn_v.bias
create_tensor: loading tensor blk.10.attn_output.weight
create_tensor: loading tensor blk.10.ffn_norm.weight
create_tensor: loading tensor blk.10.ffn_gate.weight
create_tensor: loading tensor blk.10.ffn_down.weight
create_tensor: loading tensor blk.10.ffn_up.weight
create_tensor: loading tensor blk.11.attn_norm.weight
create_tensor: loading tensor blk.11.attn_q.weight
create_tensor: loading tensor blk.11.attn_k.weight
create_tensor: loading tensor blk.11.attn_v.weight
create_tensor: loading tensor blk.11.attn_q.bias
create_tensor: loading tensor blk.11.attn_k.bias
create_tensor: loading tensor blk.11.attn_v.bias
create_tensor: loading tensor blk.11.attn_output.weight
create_tensor: loading tensor blk.11.ffn_norm.weight
create_tensor: loading tensor blk.11.ffn_gate.weight
create_tensor: loading tensor blk.11.ffn_down.weight
create_tensor: loading tensor blk.11.ffn_up.weight
create_tensor: loading tensor blk.12.attn_norm.weight
create_tensor: loading tensor blk.12.attn_q.weight
create_tensor: loading tensor blk.12.attn_k.weight
create_tensor: loading tensor blk.12.attn_v.weight
create_tensor: loading tensor blk.12.attn_q.bias
create_tensor: loading tensor blk.12.attn_k.bias
create_tensor: loading tensor blk.12.attn_v.bias
create_tensor: loading tensor blk.12.attn_output.weight
create_tensor: loading tensor blk.12.ffn_norm.weight
create_tensor: loading tensor blk.12.ffn_gate.weight
create_tensor: loading tensor blk.12.ffn_down.weight
create_tensor: loading tensor blk.12.ffn_up.weight
create_tensor: loading tensor blk.13.attn_norm.weight
create_tensor: loading tensor blk.13.attn_q.weight
create_tensor: loading tensor blk.13.attn_k.weight
create_tensor: loading tensor blk.13.attn_v.weight
create_tensor: loading tensor blk.13.attn_q.bias
create_tensor: loading tensor blk.13.attn_k.bias
create_tensor: loading tensor blk.13.attn_v.bias
create_tensor: loading tensor blk.13.attn_output.weight
create_tensor: loading tensor blk.13.ffn_norm.weight
create_tensor: loading tensor blk.13.ffn_gate.weight
create_tensor: loading tensor blk.13.ffn_down.weight
create_tensor: loading tensor blk.13.ffn_up.weight
create_tensor: loading tensor blk.14.attn_norm.weight
create_tensor: loading tensor blk.14.attn_q.weight
create_tensor: loading tensor blk.14.attn_k.weight
create_tensor: loading tensor blk.14.attn_v.weight
create_tensor: loading tensor blk.14.attn_q.bias
create_tensor: loading tensor blk.14.attn_k.bias
create_tensor: loading tensor blk.14.attn_v.bias
create_tensor: loading tensor blk.14.attn_output.weight
create_tensor: loading tensor blk.14.ffn_norm.weight
create_tensor: loading tensor blk.14.ffn_gate.weight
create_tensor: loading tensor blk.14.ffn_down.weight
create_tensor: loading tensor blk.14.ffn_up.weight
create_tensor: loading tensor blk.15.attn_norm.weight
create_tensor: loading tensor blk.15.attn_q.weight
create_tensor: loading tensor blk.15.attn_k.weight
create_tensor: loading tensor blk.15.attn_v.weight
create_tensor: loading tensor blk.15.attn_q.bias
create_tensor: loading tensor blk.15.attn_k.bias
create_tensor: loading tensor blk.15.attn_v.bias
create_tensor: loading tensor blk.15.attn_output.weight
create_tensor: loading tensor blk.15.ffn_norm.weight
create_tensor: loading tensor blk.15.ffn_gate.weight
create_tensor: loading tensor blk.15.ffn_down.weight
create_tensor: loading tensor blk.15.ffn_up.weight
create_tensor: loading tensor blk.16.attn_norm.weight
create_tensor: loading tensor blk.16.attn_q.weight
create_tensor: loading tensor blk.16.attn_k.weight
create_tensor: loading tensor blk.16.attn_v.weight
create_tensor: loading tensor blk.16.attn_q.bias
create_tensor: loading tensor blk.16.attn_k.bias
create_tensor: loading tensor blk.16.attn_v.bias
create_tensor: loading tensor blk.16.attn_output.weight
create_tensor: loading tensor blk.16.ffn_norm.weight
create_tensor: loading tensor blk.16.ffn_gate.weight
create_tensor: loading tensor blk.16.ffn_down.weight
create_tensor: loading tensor blk.16.ffn_up.weight
create_tensor: loading tensor blk.17.attn_norm.weight
create_tensor: loading tensor blk.17.attn_q.weight
create_tensor: loading tensor blk.17.attn_k.weight
create_tensor: loading tensor blk.17.attn_v.weight
create_tensor: loading tensor blk.17.attn_q.bias
create_tensor: loading tensor blk.17.attn_k.bias
create_tensor: loading tensor blk.17.attn_v.bias
create_tensor: loading tensor blk.17.attn_output.weight
create_tensor: loading tensor blk.17.ffn_norm.weight
create_tensor: loading tensor blk.17.ffn_gate.weight
create_tensor: loading tensor blk.17.ffn_down.weight
create_tensor: loading tensor blk.17.ffn_up.weight
create_tensor: loading tensor blk.18.attn_norm.weight
create_tensor: loading tensor blk.18.attn_q.weight
create_tensor: loading tensor blk.18.attn_k.weight
create_tensor: loading tensor blk.18.attn_v.weight
create_tensor: loading tensor blk.18.attn_q.bias
create_tensor: loading tensor blk.18.attn_k.bias
create_tensor: loading tensor blk.18.attn_v.bias
create_tensor: loading tensor blk.18.attn_output.weight
create_tensor: loading tensor blk.18.ffn_norm.weight
create_tensor: loading tensor blk.18.ffn_gate.weight
create_tensor: loading tensor blk.18.ffn_down.weight
create_tensor: loading tensor blk.18.ffn_up.weight
create_tensor: loading tensor blk.19.attn_norm.weight
create_tensor: loading tensor blk.19.attn_q.weight
create_tensor: loading tensor blk.19.attn_k.weight
create_tensor: loading tensor blk.19.attn_v.weight
create_tensor: loading tensor blk.19.attn_q.bias
create_tensor: loading tensor blk.19.attn_k.bias
create_tensor: loading tensor blk.19.attn_v.bias
create_tensor: loading tensor blk.19.attn_output.weight
create_tensor: loading tensor blk.19.ffn_norm.weight
create_tensor: loading tensor blk.19.ffn_gate.weight
create_tensor: loading tensor blk.19.ffn_down.weight
create_tensor: loading tensor blk.19.ffn_up.weight
create_tensor: loading tensor blk.20.attn_norm.weight
create_tensor: loading tensor blk.20.attn_q.weight
create_tensor: loading tensor blk.20.attn_k.weight
create_tensor: loading tensor blk.20.attn_v.weight
create_tensor: loading tensor blk.20.attn_q.bias
create_tensor: loading tensor blk.20.attn_k.bias
create_tensor: loading tensor blk.20.attn_v.bias
create_tensor: loading tensor blk.20.attn_output.weight
create_tensor: loading tensor blk.20.ffn_norm.weight
create_tensor: loading tensor blk.20.ffn_gate.weight
create_tensor: loading tensor blk.20.ffn_down.weight
create_tensor: loading tensor blk.20.ffn_up.weight
create_tensor: loading tensor blk.21.attn_norm.weight
create_tensor: loading tensor blk.21.attn_q.weight
create_tensor: loading tensor blk.21.attn_k.weight
create_tensor: loading tensor blk.21.attn_v.weight
create_tensor: loading tensor blk.21.attn_q.bias
create_tensor: loading tensor blk.21.attn_k.bias
create_tensor: loading tensor blk.21.attn_v.bias
create_tensor: loading tensor blk.21.attn_output.weight
create_tensor: loading tensor blk.21.ffn_norm.weight
create_tensor: loading tensor blk.21.ffn_gate.weight
create_tensor: loading tensor blk.21.ffn_down.weight
create_tensor: loading tensor blk.21.ffn_up.weight
create_tensor: loading tensor blk.22.attn_norm.weight
create_tensor: loading tensor blk.22.attn_q.weight
create_tensor: loading tensor blk.22.attn_k.weight
create_tensor: loading tensor blk.22.attn_v.weight
create_tensor: loading tensor blk.22.attn_q.bias
create_tensor: loading tensor blk.22.attn_k.bias
create_tensor: loading tensor blk.22.attn_v.bias
create_tensor: loading tensor blk.22.attn_output.weight
create_tensor: loading tensor blk.22.ffn_norm.weight
create_tensor: loading tensor blk.22.ffn_gate.weight
create_tensor: loading tensor blk.22.ffn_down.weight
create_tensor: loading tensor blk.22.ffn_up.weight
create_tensor: loading tensor blk.23.attn_norm.weight
create_tensor: loading tensor blk.23.attn_q.weight
create_tensor: loading tensor blk.23.attn_k.weight
create_tensor: loading tensor blk.23.attn_v.weight
create_tensor: loading tensor blk.23.attn_q.bias
create_tensor: loading tensor blk.23.attn_k.bias
create_tensor: loading tensor blk.23.attn_v.bias
create_tensor: loading tensor blk.23.attn_output.weight
create_tensor: loading tensor blk.23.ffn_norm.weight
create_tensor: loading tensor blk.23.ffn_gate.weight
create_tensor: loading tensor blk.23.ffn_down.weight
create_tensor: loading tensor blk.23.ffn_up.weight
create_tensor: loading tensor blk.24.attn_norm.weight
create_tensor: loading tensor blk.24.attn_q.weight
create_tensor: loading tensor blk.24.attn_k.weight
create_tensor: loading tensor blk.24.attn_v.weight
create_tensor: loading tensor blk.24.attn_q.bias
create_tensor: loading tensor blk.24.attn_k.bias
create_tensor: loading tensor blk.24.attn_v.bias
create_tensor: loading tensor blk.24.attn_output.weight
create_tensor: loading tensor blk.24.ffn_norm.weight
create_tensor: loading tensor blk.24.ffn_gate.weight
create_tensor: loading tensor blk.24.ffn_down.weight
create_tensor: loading tensor blk.24.ffn_up.weight
create_tensor: loading tensor blk.25.attn_norm.weight
create_tensor: loading tensor blk.25.attn_q.weight
create_tensor: loading tensor blk.25.attn_k.weight
create_tensor: loading tensor blk.25.attn_v.weight
create_tensor: loading tensor blk.25.attn_q.bias
create_tensor: loading tensor blk.25.attn_k.bias
create_tensor: loading tensor blk.25.attn_v.bias
create_tensor: loading tensor blk.25.attn_output.weight
create_tensor: loading tensor blk.25.ffn_norm.weight
create_tensor: loading tensor blk.25.ffn_gate.weight
create_tensor: loading tensor blk.25.ffn_down.weight
create_tensor: loading tensor blk.25.ffn_up.weight
create_tensor: loading tensor blk.26.attn_norm.weight
create_tensor: loading tensor blk.26.attn_q.weight
create_tensor: loading tensor blk.26.attn_k.weight
create_tensor: loading tensor blk.26.attn_v.weight
create_tensor: loading tensor blk.26.attn_q.bias
create_tensor: loading tensor blk.26.attn_k.bias
create_tensor: loading tensor blk.26.attn_v.bias
create_tensor: loading tensor blk.26.attn_output.weight
create_tensor: loading tensor blk.26.ffn_norm.weight
create_tensor: loading tensor blk.26.ffn_gate.weight
create_tensor: loading tensor blk.26.ffn_down.weight
create_tensor: loading tensor blk.26.ffn_up.weight
create_tensor: loading tensor blk.27.attn_norm.weight
create_tensor: loading tensor blk.27.attn_q.weight
create_tensor: loading tensor blk.27.attn_k.weight
create_tensor: loading tensor blk.27.attn_v.weight
create_tensor: loading tensor blk.27.attn_q.bias
create_tensor: loading tensor blk.27.attn_k.bias
create_tensor: loading tensor blk.27.attn_v.bias
create_tensor: loading tensor blk.27.attn_output.weight
create_tensor: loading tensor blk.27.ffn_norm.weight
create_tensor: loading tensor blk.27.ffn_gate.weight
create_tensor: loading tensor blk.27.ffn_down.weight
create_tensor: loading tensor blk.27.ffn_up.weight
done_getting_tensors: tensor 'token_embd.weight' (bf16) (and 36 others) cannot be used with preferred buffer type CUDA_Host, using CPU instead
load_tensors: offloading output layer to GPU
load_tensors: offloading 25 repeating layers to GPU
load_tensors: offloaded 26/29 layers to GPU
load_tensors:   CPU_Mapped model buffer size =  2373.13 MiB
load_tensors:        CUDA0 model buffer size = 12153.14 MiB
........................................................................................
llama_context: constructing llama_context
llama_context: n_seq_max     = 1
llama_context: n_ctx         = 768
llama_context: n_ctx_seq     = 768
llama_context: n_batch       = 758
llama_context: n_ubatch      = 512
llama_context: causal_attn   = 1
llama_context: flash_attn    = auto
llama_context: kv_unified    = false
llama_context: freq_base     = 1000000.0
llama_context: freq_scale    = 1
llama_context: n_rs_seq      = 0
llama_context: n_outputs_max = 758
llama_context: n_ctx_seq (768) < n_ctx_train (32768) -- the full capacity of the model will not be utilized
set_abort_callback: call
llama_context:  CUDA_Host  output buffer size =     0.58 MiB
llama_kv_cache: layer   0: dev = CPU
llama_kv_cache: layer   1: dev = CPU
llama_kv_cache: layer   2: dev = CPU
llama_kv_cache: layer   3: dev = CUDA0
llama_kv_cache: layer   4: dev = CUDA0
llama_kv_cache: layer   5: dev = CUDA0
llama_kv_cache: layer   6: dev = CUDA0
llama_kv_cache: layer   7: dev = CUDA0
llama_kv_cache: layer   8: dev = CUDA0
llama_kv_cache: layer   9: dev = CUDA0
llama_kv_cache: layer  10: dev = CUDA0
llama_kv_cache: layer  11: dev = CUDA0
llama_kv_cache: layer  12: dev = CUDA0
llama_kv_cache: layer  13: dev = CUDA0
llama_kv_cache: layer  14: dev = CUDA0
llama_kv_cache: layer  15: dev = CUDA0
llama_kv_cache: layer  16: dev = CUDA0
llama_kv_cache: layer  17: dev = CUDA0
llama_kv_cache: layer  18: dev = CUDA0
llama_kv_cache: layer  19: dev = CUDA0
llama_kv_cache: layer  20: dev = CUDA0
llama_kv_cache: layer  21: dev = CUDA0
llama_kv_cache: layer  22: dev = CUDA0
llama_kv_cache: layer  23: dev = CUDA0
llama_kv_cache: layer  24: dev = CUDA0
llama_kv_cache: layer  25: dev = CUDA0
llama_kv_cache: layer  26: dev = CUDA0
llama_kv_cache: layer  27: dev = CUDA0
llama_kv_cache:        CPU KV buffer size =     4.50 MiB
llama_kv_cache:      CUDA0 KV buffer size =    37.50 MiB
llama_kv_cache: size =   42.00 MiB (   768 cells,  28 layers,  1/1 seqs), K (f16):   21.00 MiB, V (f16):   21.00 MiB
llama_kv_cache: attn_rot_k = 0, n_embd_head_k_all = 128
llama_kv_cache: attn_rot_v = 0, n_embd_head_k_all = 128
llama_context: enumerating backends
llama_context: backend_ptrs.size() = 2
sched_reserve: reserving ...
sched_reserve: max_nodes = 2712
sched_reserve: reserving full memory module
sched_reserve: worst-case: n_tokens = 512, n_seqs = 1, n_outputs = 1
graph_reserve: reserving a graph for ubatch with n_tokens =    1, n_seqs =  1, n_outputs =    1
sched_reserve: Flash Attention was auto, set to enabled
sched_reserve: resolving fused Gated Delta Net support:
graph_reserve: reserving a graph for ubatch with n_tokens =    1, n_seqs =  1, n_outputs =    1
sched_reserve: fused Gated Delta Net (autoregressive) enabled
graph_reserve: reserving a graph for ubatch with n_tokens =   16, n_seqs =  1, n_outputs =   16
sched_reserve: fused Gated Delta Net (chunked) enabled
graph_reserve: reserving a graph for ubatch with n_tokens =  512, n_seqs =  1, n_outputs =  512
graph_reserve: reserving a graph for ubatch with n_tokens =    1, n_seqs =  1, n_outputs =    1
graph_reserve: reserving a graph for ubatch with n_tokens =  512, n_seqs =  1, n_outputs =  512
sched_reserve:      CUDA0 compute buffer size =   304.00 MiB
sched_reserve:  CUDA_Host compute buffer size =    14.76 MiB
sched_reserve: graph nodes  = 958
sched_reserve: graph splits = 44 (with bs=512), 2 (with bs=1)
sched_reserve: reserve took 19.30 ms, sched copies = 1
CUDA Graph id 150 reused
ggml_backend_cuda_graph_compute: CUDA graph warmup complete
CUDA Graph id 150 reused
CUDA Graph id 150 reused
CUDA Graph id 150 reused
CUDA Graph id 150 reused
CUDA Graph id 150 reused
CUDA Graph id 150 reused
CUDA Graph id 150 reused
CUDA Graph id 150 reused
CUDA Graph id 150 reused
CUDA Graph id 150 reused
CUDA Graph id 150 reused
CUDA Graph id 150 reused
CUDA Graph id 150 reused
CUDA Graph id 150 reused
CUDA Graph id 150 reused
CUDA Graph id 150 reused
ggml_backend_cuda_graph_compute: CUDA graph warmup reset
CUDA Graph id 153 reused
ggml_backend_cuda_graph_compute: CUDA graph warmup complete
CUDA Graph id 153 reused
CUDA Graph id 153 reused
CUDA Graph id 153 reused
CUDA Graph id 153 reused
CUDA Graph id 153 reused
CUDA Graph id 153 reused
CUDA Graph id 153 reused
CUDA Graph id 153 reused
CUDA Graph id 153 reused
CUDA Graph id 153 reused
CUDA Graph id 153 reused
CUDA Graph id 153 reused
CUDA Graph id 153 reused
CUDA Graph id 153 reused
CUDA Graph id 153 reused
CUDA Graph id 153 reused
CUDA Graph id 153 reused
CUDA Graph id 153 reused
CUDA Graph id 153 reused
CUDA Graph id 153 reused
CUDA Graph id 153 reused
CUDA Graph id 153 reused
CUDA Graph id 153 reused
CUDA Graph id 153 reused
CUDA Graph id 153 reused
CUDA Graph id 153 reused
CUDA Graph id 153 reused
CUDA Graph id 153 reused
CUDA Graph id 153 reused
CUDA Graph id 153 reused
CUDA Graph id 153 reused
CUDA Graph id 153 reused
CUDA Graph id 153 reused
CUDA Graph id 153 reused
CUDA Graph id 153 reused
CUDA Graph id 153 reused
CUDA Graph id 153 reused
CUDA Graph id 153 reused
CUDA Graph id 153 reused
CUDA Graph id 153 reused
CUDA Graph id 153 reused
CUDA Graph id 153 reused
CUDA Graph id 153 reused
CUDA Graph id 153 reused
CUDA Graph id 153 reused
CUDA Graph id 153 reused
CUDA Graph id 153 reused
CUDA Graph id 153 reused
CUDA Graph id 153 reused
CUDA Graph id 153 reused
CUDA Graph id 153 reused
CUDA Graph id 153 reused
CUDA Graph id 153 reused
CUDA Graph id 153 reused
CUDA Graph id 153 reused
CUDA Graph id 153 reused
CUDA Graph id 153 reused
CUDA Graph id 153 reused
CUDA Graph id 153 reused
CUDA Graph id 153 reused
CUDA Graph id 153 reused
CUDA Graph id 153 reused
CUDA Graph id 153 reused
CUDA Graph id 153 reused
CUDA Graph id 153 reused
CUDA Graph id 153 reused
CUDA Graph id 153 reused
CUDA Graph id 153 reused
CUDA Graph id 153 reused
CUDA Graph id 153 reused
CUDA Graph id 153 reused
CUDA Graph id 153 reused
CUDA Graph id 153 reused
CUDA Graph id 153 reused
CUDA Graph id 153 reused
CUDA Graph id 153 reused
CUDA Graph id 153 reused
CUDA Graph id 153 reused
CUDA Graph id 153 reused
CUDA Graph id 153 reused
CUDA Graph id 153 reused
CUDA Graph id 153 reused
CUDA Graph id 153 reused
CUDA Graph id 153 reused
CUDA Graph id 153 reused
CUDA Graph id 153 reused
CUDA Graph id 153 reused
~llama_context:      CUDA0 compute buffer size is 304.0000 MiB, matches expectation of 304.0000 MiB
~llama_context:  CUDA_Host compute buffer size is  14.7637 MiB, matches expectation of  14.7637 MiB
llama_context: constructing llama_context
llama_context: n_seq_max     = 1
llama_context: n_ctx         = 768
llama_context: n_ctx_seq     = 768
llama_context: n_batch       = 758
llama_context: n_ubatch      = 512
llama_context: causal_attn   = 1
llama_context: flash_attn    = auto
llama_context: kv_unified    = false
llama_context: freq_base     = 1000000.0
llama_context: freq_scale    = 1
llama_context: n_rs_seq      = 0
llama_context: n_outputs_max = 758
llama_context: n_ctx_seq (768) < n_ctx_train (32768) -- the full capacity of the model will not be utilized
set_abort_callback: call
llama_context:  CUDA_Host  output buffer size =     0.58 MiB
llama_kv_cache: layer   0: dev = CPU
llama_kv_cache: layer   1: dev = CPU
llama_kv_cache: layer   2: dev = CPU
llama_kv_cache: layer   3: dev = CUDA0
llama_kv_cache: layer   4: dev = CUDA0
llama_kv_cache: layer   5: dev = CUDA0
llama_kv_cache: layer   6: dev = CUDA0
llama_kv_cache: layer   7: dev = CUDA0
llama_kv_cache: layer   8: dev = CUDA0
llama_kv_cache: layer   9: dev = CUDA0
llama_kv_cache: layer  10: dev = CUDA0
llama_kv_cache: layer  11: dev = CUDA0
llama_kv_cache: layer  12: dev = CUDA0
llama_kv_cache: layer  13: dev = CUDA0
llama_kv_cache: layer  14: dev = CUDA0
llama_kv_cache: layer  15: dev = CUDA0
llama_kv_cache: layer  16: dev = CUDA0
llama_kv_cache: layer  17: dev = CUDA0
llama_kv_cache: layer  18: dev = CUDA0
llama_kv_cache: layer  19: dev = CUDA0
llama_kv_cache: layer  20: dev = CUDA0
llama_kv_cache: layer  21: dev = CUDA0
llama_kv_cache: layer  22: dev = CUDA0
llama_kv_cache: layer  23: dev = CUDA0
llama_kv_cache: layer  24: dev = CUDA0
llama_kv_cache: layer  25: dev = CUDA0
llama_kv_cache: layer  26: dev = CUDA0
llama_kv_cache: layer  27: dev = CUDA0
llama_kv_cache:        CPU KV buffer size =     4.50 MiB
llama_kv_cache:      CUDA0 KV buffer size =    37.50 MiB
llama_kv_cache: size =   42.00 MiB (   768 cells,  28 layers,  1/1 seqs), K (f16):   21.00 MiB, V (f16):   21.00 MiB
llama_kv_cache: attn_rot_k = 0, n_embd_head_k_all = 128
llama_kv_cache: attn_rot_v = 0, n_embd_head_k_all = 128
llama_context: enumerating backends
llama_context: backend_ptrs.size() = 2
sched_reserve: reserving ...
sched_reserve: max_nodes = 2712
sched_reserve: reserving full memory module
sched_reserve: worst-case: n_tokens = 512, n_seqs = 1, n_outputs = 1
graph_reserve: reserving a graph for ubatch with n_tokens =    1, n_seqs =  1, n_outputs =    1
sched_reserve: Flash Attention was auto, set to enabled
sched_reserve: resolving fused Gated Delta Net support:
graph_reserve: reserving a graph for ubatch with n_tokens =    1, n_seqs =  1, n_outputs =    1
sched_reserve: fused Gated Delta Net (autoregressive) enabled
graph_reserve: reserving a graph for ubatch with n_tokens =   16, n_seqs =  1, n_outputs =   16
sched_reserve: fused Gated Delta Net (chunked) enabled
graph_reserve: reserving a graph for ubatch with n_tokens =  512, n_seqs =  1, n_outputs =  512
graph_reserve: reserving a graph for ubatch with n_tokens =    1, n_seqs =  1, n_outputs =    1
graph_reserve: reserving a graph for ubatch with n_tokens =  512, n_seqs =  1, n_outputs =  512
sched_reserve:      CUDA0 compute buffer size =   304.00 MiB
sched_reserve:  CUDA_Host compute buffer size =    14.76 MiB
sched_reserve: graph nodes  = 958
sched_reserve: graph splits = 44 (with bs=512), 2 (with bs=1)
sched_reserve: reserve took 20.78 ms, sched copies = 1
CUDA Graph id 303 reused
ggml_backend_cuda_graph_compute: CUDA graph warmup complete
CUDA Graph id 303 reused
CUDA Graph id 303 reused
CUDA Graph id 303 reused
CUDA Graph id 303 reused
CUDA Graph id 303 reused
CUDA Graph id 303 reused
CUDA Graph id 303 reused
CUDA Graph id 303 reused
CUDA Graph id 303 reused
CUDA Graph id 303 reused
CUDA Graph id 303 reused
CUDA Graph id 303 reused
CUDA Graph id 303 reused
CUDA Graph id 303 reused
CUDA Graph id 303 reused
CUDA Graph id 303 reused
ggml_backend_cuda_graph_compute: CUDA graph warmup reset
CUDA Graph id 306 reused
ggml_backend_cuda_graph_compute: CUDA graph warmup complete
CUDA Graph id 306 reused
CUDA Graph id 306 reused
CUDA Graph id 306 reused
CUDA Graph id 306 reused
CUDA Graph id 306 reused
CUDA Graph id 306 reused
CUDA Graph id 306 reused
CUDA Graph id 306 reused
CUDA Graph id 306 reused
CUDA Graph id 306 reused
CUDA Graph id 306 reused
CUDA Graph id 306 reused
CUDA Graph id 306 reused
CUDA Graph id 306 reused
CUDA Graph id 306 reused
CUDA Graph id 306 reused
CUDA Graph id 306 reused
CUDA Graph id 306 reused
CUDA Graph id 306 reused
CUDA Graph id 306 reused
CUDA Graph id 306 reused
CUDA Graph id 306 reused
CUDA Graph id 306 reused
CUDA Graph id 306 reused
CUDA Graph id 306 reused
CUDA Graph id 306 reused
CUDA Graph id 306 reused
CUDA Graph id 306 reused
CUDA Graph id 306 reused
CUDA Graph id 306 reused
CUDA Graph id 306 reused
CUDA Graph id 306 reused
CUDA Graph id 306 reused
CUDA Graph id 306 reused
CUDA Graph id 306 reused
CUDA Graph id 306 reused
CUDA Graph id 306 reused
CUDA Graph id 306 reused
CUDA Graph id 306 reused
CUDA Graph id 306 reused
CUDA Graph id 306 reused
CUDA Graph id 306 reused
CUDA Graph id 306 reused
CUDA Graph id 306 reused
CUDA Graph id 306 reused
CUDA Graph id 306 reused
CUDA Graph id 306 reused
CUDA Graph id 306 reused
CUDA Graph id 306 reused
CUDA Graph id 306 reused
CUDA Graph id 306 reused
CUDA Graph id 306 reused
CUDA Graph id 306 reused
CUDA Graph id 306 reused
CUDA Graph id 306 reused
CUDA Graph id 306 reused
CUDA Graph id 306 reused
CUDA Graph id 306 reused
CUDA Graph id 306 reused
CUDA Graph id 306 reused
CUDA Graph id 306 reused
CUDA Graph id 306 reused
CUDA Graph id 306 reused
CUDA Graph id 306 reused
CUDA Graph id 306 reused
CUDA Graph id 306 reused
CUDA Graph id 306 reused
CUDA Graph id 306 reused
CUDA Graph id 306 reused
CUDA Graph id 306 reused
CUDA Graph id 306 reused
CUDA Graph id 306 reused
CUDA Graph id 306 reused
CUDA Graph id 306 reused
CUDA Graph id 306 reused
CUDA Graph id 306 reused
CUDA Graph id 306 reused
CUDA Graph id 306 reused
CUDA Graph id 306 reused
CUDA Graph id 306 reused
CUDA Graph id 306 reused
CUDA Graph id 306 reused
CUDA Graph id 306 reused
CUDA Graph id 306 reused
CUDA Graph id 306 reused
CUDA Graph id 306 reused
CUDA Graph id 306 reused
~llama_context:      CUDA0 compute buffer size is 304.0000 MiB, matches expectation of 304.0000 MiB
~llama_context:  CUDA_Host compute buffer size is  14.7637 MiB, matches expectation of  14.7637 MiB
llama_context: constructing llama_context
llama_context: n_seq_max     = 1
llama_context: n_ctx         = 768
llama_context: n_ctx_seq     = 768
llama_context: n_batch       = 758
llama_context: n_ubatch      = 512
llama_context: causal_attn   = 1
llama_context: flash_attn    = auto
llama_context: kv_unified    = false
llama_context: freq_base     = 1000000.0
llama_context: freq_scale    = 1
llama_context: n_rs_seq      = 0
llama_context: n_outputs_max = 758
llama_context: n_ctx_seq (768) < n_ctx_train (32768) -- the full capacity of the model will not be utilized
set_abort_callback: call
llama_context:  CUDA_Host  output buffer size =     0.58 MiB
llama_kv_cache: layer   0: dev = CPU
llama_kv_cache: layer   1: dev = CPU
llama_kv_cache: layer   2: dev = CPU
llama_kv_cache: layer   3: dev = CUDA0
llama_kv_cache: layer   4: dev = CUDA0
llama_kv_cache: layer   5: dev = CUDA0
llama_kv_cache: layer   6: dev = CUDA0
llama_kv_cache: layer   7: dev = CUDA0
llama_kv_cache: layer   8: dev = CUDA0
llama_kv_cache: layer   9: dev = CUDA0
llama_kv_cache: layer  10: dev = CUDA0
llama_kv_cache: layer  11: dev = CUDA0
llama_kv_cache: layer  12: dev = CUDA0
llama_kv_cache: layer  13: dev = CUDA0
llama_kv_cache: layer  14: dev = CUDA0
llama_kv_cache: layer  15: dev = CUDA0
llama_kv_cache: layer  16: dev = CUDA0
llama_kv_cache: layer  17: dev = CUDA0
llama_kv_cache: layer  18: dev = CUDA0
llama_kv_cache: layer  19: dev = CUDA0
llama_kv_cache: layer  20: dev = CUDA0
llama_kv_cache: layer  21: dev = CUDA0
llama_kv_cache: layer  22: dev = CUDA0
llama_kv_cache: layer  23: dev = CUDA0
llama_kv_cache: layer  24: dev = CUDA0
llama_kv_cache: layer  25: dev = CUDA0
llama_kv_cache: layer  26: dev = CUDA0
llama_kv_cache: layer  27: dev = CUDA0
llama_kv_cache:        CPU KV buffer size =     4.50 MiB
llama_kv_cache:      CUDA0 KV buffer size =    37.50 MiB
llama_kv_cache: size =   42.00 MiB (   768 cells,  28 layers,  1/1 seqs), K (f16):   21.00 MiB, V (f16):   21.00 MiB
llama_kv_cache: attn_rot_k = 0, n_embd_head_k_all = 128
llama_kv_cache: attn_rot_v = 0, n_embd_head_k_all = 128
llama_context: enumerating backends
llama_context: backend_ptrs.size() = 2
sched_reserve: reserving ...
sched_reserve: max_nodes = 2712
sched_reserve: reserving full memory module
sched_reserve: worst-case: n_tokens = 512, n_seqs = 1, n_outputs = 1
graph_reserve: reserving a graph for ubatch with n_tokens =    1, n_seqs =  1, n_outputs =    1
sched_reserve: Flash Attention was auto, set to enabled
sched_reserve: resolving fused Gated Delta Net support:
graph_reserve: reserving a graph for ubatch with n_tokens =    1, n_seqs =  1, n_outputs =    1
sched_reserve: fused Gated Delta Net (autoregressive) enabled
graph_reserve: reserving a graph for ubatch with n_tokens =   16, n_seqs =  1, n_outputs =   16
sched_reserve: fused Gated Delta Net (chunked) enabled
graph_reserve: reserving a graph for ubatch with n_tokens =  512, n_seqs =  1, n_outputs =  512
graph_reserve: reserving a graph for ubatch with n_tokens =    1, n_seqs =  1, n_outputs =    1
graph_reserve: reserving a graph for ubatch with n_tokens =  512, n_seqs =  1, n_outputs =  512
sched_reserve:      CUDA0 compute buffer size =   304.00 MiB
sched_reserve:  CUDA_Host compute buffer size =    14.76 MiB
sched_reserve: graph nodes  = 958
sched_reserve: graph splits = 44 (with bs=512), 2 (with bs=1)
sched_reserve: reserve took 15.62 ms, sched copies = 1
CUDA Graph id 456 reused
ggml_backend_cuda_graph_compute: CUDA graph warmup complete
CUDA Graph id 456 reused
CUDA Graph id 456 reused
CUDA Graph id 456 reused
CUDA Graph id 456 reused
CUDA Graph id 456 reused
CUDA Graph id 456 reused
CUDA Graph id 456 reused
CUDA Graph id 456 reused
CUDA Graph id 456 reused
CUDA Graph id 456 reused
CUDA Graph id 456 reused
CUDA Graph id 456 reused
CUDA Graph id 456 reused
CUDA Graph id 456 reused
CUDA Graph id 456 reused
CUDA Graph id 456 reused
ggml_backend_cuda_graph_compute: CUDA graph warmup reset
CUDA Graph id 459 reused
ggml_backend_cuda_graph_compute: CUDA graph warmup complete
CUDA Graph id 459 reused
CUDA Graph id 459 reused
CUDA Graph id 459 reused
CUDA Graph id 459 reused
CUDA Graph id 459 reused
CUDA Graph id 459 reused
CUDA Graph id 459 reused
CUDA Graph id 459 reused
CUDA Graph id 459 reused
CUDA Graph id 459 reused
CUDA Graph id 459 reused
CUDA Graph id 459 reused
CUDA Graph id 459 reused
CUDA Graph id 459 reused
CUDA Graph id 459 reused
CUDA Graph id 459 reused
CUDA Graph id 459 reused
CUDA Graph id 459 reused
CUDA Graph id 459 reused
CUDA Graph id 459 reused
CUDA Graph id 459 reused
CUDA Graph id 459 reused
CUDA Graph id 459 reused
CUDA Graph id 459 reused
CUDA Graph id 459 reused
CUDA Graph id 459 reused
CUDA Graph id 459 reused
CUDA Graph id 459 reused
CUDA Graph id 459 reused
CUDA Graph id 459 reused
CUDA Graph id 459 reused
CUDA Graph id 459 reused
CUDA Graph id 459 reused
CUDA Graph id 459 reused
CUDA Graph id 459 reused
CUDA Graph id 459 reused
CUDA Graph id 459 reused
CUDA Graph id 459 reused
CUDA Graph id 459 reused
CUDA Graph id 459 reused
CUDA Graph id 459 reused
CUDA Graph id 459 reused
CUDA Graph id 459 reused
CUDA Graph id 459 reused
CUDA Graph id 459 reused
CUDA Graph id 459 reused
CUDA Graph id 459 reused
CUDA Graph id 459 reused
CUDA Graph id 459 reused
CUDA Graph id 459 reused
~llama_context:      CUDA0 compute buffer size is 304.0000 MiB, matches expectation of 304.0000 MiB
~llama_context:  CUDA_Host compute buffer size is  14.7637 MiB, matches expectation of  14.7637 MiB
llama_context: constructing llama_context
llama_context: n_seq_max     = 1
llama_context: n_ctx         = 768
llama_context: n_ctx_seq     = 768
llama_context: n_batch       = 758
llama_context: n_ubatch      = 512
llama_context: causal_attn   = 1
llama_context: flash_attn    = auto
llama_context: kv_unified    = false
llama_context: freq_base     = 1000000.0
llama_context: freq_scale    = 1
llama_context: n_rs_seq      = 0
llama_context: n_outputs_max = 758
llama_context: n_ctx_seq (768) < n_ctx_train (32768) -- the full capacity of the model will not be utilized
set_abort_callback: call
llama_context:  CUDA_Host  output buffer size =     0.58 MiB
llama_kv_cache: layer   0: dev = CPU
llama_kv_cache: layer   1: dev = CPU
llama_kv_cache: layer   2: dev = CPU
llama_kv_cache: layer   3: dev = CUDA0
llama_kv_cache: layer   4: dev = CUDA0
llama_kv_cache: layer   5: dev = CUDA0
llama_kv_cache: layer   6: dev = CUDA0
llama_kv_cache: layer   7: dev = CUDA0
llama_kv_cache: layer   8: dev = CUDA0
llama_kv_cache: layer   9: dev = CUDA0
llama_kv_cache: layer  10: dev = CUDA0
llama_kv_cache: layer  11: dev = CUDA0
llama_kv_cache: layer  12: dev = CUDA0
llama_kv_cache: layer  13: dev = CUDA0
llama_kv_cache: layer  14: dev = CUDA0
llama_kv_cache: layer  15: dev = CUDA0
llama_kv_cache: layer  16: dev = CUDA0
llama_kv_cache: layer  17: dev = CUDA0
llama_kv_cache: layer  18: dev = CUDA0
llama_kv_cache: layer  19: dev = CUDA0
llama_kv_cache: layer  20: dev = CUDA0
llama_kv_cache: layer  21: dev = CUDA0
llama_kv_cache: layer  22: dev = CUDA0
llama_kv_cache: layer  23: dev = CUDA0
llama_kv_cache: layer  24: dev = CUDA0
llama_kv_cache: layer  25: dev = CUDA0
llama_kv_cache: layer  26: dev = CUDA0
llama_kv_cache: layer  27: dev = CUDA0
llama_kv_cache:        CPU KV buffer size =     4.50 MiB
llama_kv_cache:      CUDA0 KV buffer size =    37.50 MiB
llama_kv_cache: size =   42.00 MiB (   768 cells,  28 layers,  1/1 seqs), K (f16):   21.00 MiB, V (f16):   21.00 MiB
llama_kv_cache: attn_rot_k = 0, n_embd_head_k_all = 128
llama_kv_cache: attn_rot_v = 0, n_embd_head_k_all = 128
llama_context: enumerating backends
llama_context: backend_ptrs.size() = 2
sched_reserve: reserving ...
sched_reserve: max_nodes = 2712
sched_reserve: reserving full memory module
sched_reserve: worst-case: n_tokens = 512, n_seqs = 1, n_outputs = 1
graph_reserve: reserving a graph for ubatch with n_tokens =    1, n_seqs =  1, n_outputs =    1
sched_reserve: Flash Attention was auto, set to enabled
sched_reserve: resolving fused Gated Delta Net support:
graph_reserve: reserving a graph for ubatch with n_tokens =    1, n_seqs =  1, n_outputs =    1
sched_reserve: fused Gated Delta Net (autoregressive) enabled
graph_reserve: reserving a graph for ubatch with n_tokens =   16, n_seqs =  1, n_outputs =   16
sched_reserve: fused Gated Delta Net (chunked) enabled
graph_reserve: reserving a graph for ubatch with n_tokens =  512, n_seqs =  1, n_outputs =  512
graph_reserve: reserving a graph for ubatch with n_tokens =    1, n_seqs =  1, n_outputs =    1
graph_reserve: reserving a graph for ubatch with n_tokens =  512, n_seqs =  1, n_outputs =  512
sched_reserve:      CUDA0 compute buffer size =   304.00 MiB
sched_reserve:  CUDA_Host compute buffer size =    14.76 MiB
sched_reserve: graph nodes  = 958
sched_reserve: graph splits = 44 (with bs=512), 2 (with bs=1)
sched_reserve: reserve took 17.92 ms, sched copies = 1
CUDA Graph id 609 reused
ggml_backend_cuda_graph_compute: CUDA graph warmup complete
CUDA Graph id 609 reused
CUDA Graph id 609 reused
CUDA Graph id 609 reused
CUDA Graph id 609 reused
CUDA Graph id 609 reused
CUDA Graph id 609 reused
CUDA Graph id 609 reused
CUDA Graph id 609 reused
CUDA Graph id 609 reused
CUDA Graph id 609 reused
CUDA Graph id 609 reused
CUDA Graph id 609 reused
CUDA Graph id 609 reused
CUDA Graph id 609 reused
CUDA Graph id 609 reused
CUDA Graph id 609 reused
ggml_backend_cuda_graph_compute: CUDA graph warmup reset
CUDA Graph id 612 reused
ggml_backend_cuda_graph_compute: CUDA graph warmup complete
CUDA Graph id 612 reused
CUDA Graph id 612 reused
CUDA Graph id 612 reused
CUDA Graph id 612 reused
CUDA Graph id 612 reused
CUDA Graph id 612 reused
CUDA Graph id 612 reused
CUDA Graph id 612 reused
CUDA Graph id 612 reused
CUDA Graph id 612 reused
CUDA Graph id 612 reused
CUDA Graph id 612 reused
CUDA Graph id 612 reused
CUDA Graph id 612 reused
CUDA Graph id 612 reused
CUDA Graph id 612 reused
CUDA Graph id 612 reused
CUDA Graph id 612 reused
CUDA Graph id 612 reused
CUDA Graph id 612 reused
CUDA Graph id 612 reused
CUDA Graph id 612 reused
CUDA Graph id 612 reused
CUDA Graph id 612 reused
CUDA Graph id 612 reused
CUDA Graph id 612 reused
CUDA Graph id 612 reused
CUDA Graph id 612 reused
CUDA Graph id 612 reused
CUDA Graph id 612 reused
CUDA Graph id 612 reused
CUDA Graph id 612 reused
CUDA Graph id 612 reused
CUDA Graph id 612 reused
CUDA Graph id 612 reused
CUDA Graph id 612 reused
CUDA Graph id 612 reused
CUDA Graph id 612 reused
CUDA Graph id 612 reused
CUDA Graph id 612 reused
CUDA Graph id 612 reused
CUDA Graph id 612 reused
CUDA Graph id 612 reused
CUDA Graph id 612 reused
CUDA Graph id 612 reused
CUDA Graph id 612 reused
CUDA Graph id 612 reused
CUDA Graph id 612 reused
CUDA Graph id 612 reused
CUDA Graph id 612 reused
~llama_context:      CUDA0 compute buffer size is 304.0000 MiB, matches expectation of 304.0000 MiB
~llama_context:  CUDA_Host compute buffer size is  14.7637 MiB, matches expectation of  14.7637 MiB
llama_context: constructing llama_context
llama_context: n_seq_max     = 1
llama_context: n_ctx         = 768
llama_context: n_ctx_seq     = 768
llama_context: n_batch       = 758
llama_context: n_ubatch      = 512
llama_context: causal_attn   = 1
llama_context: flash_attn    = auto
llama_context: kv_unified    = false
llama_context: freq_base     = 1000000.0
llama_context: freq_scale    = 1
llama_context: n_rs_seq      = 0
llama_context: n_outputs_max = 758
llama_context: n_ctx_seq (768) < n_ctx_train (32768) -- the full capacity of the model will not be utilized
set_abort_callback: call
llama_context:  CUDA_Host  output buffer size =     0.58 MiB
llama_kv_cache: layer   0: dev = CPU
llama_kv_cache: layer   1: dev = CPU
llama_kv_cache: layer   2: dev = CPU
llama_kv_cache: layer   3: dev = CUDA0
llama_kv_cache: layer   4: dev = CUDA0
llama_kv_cache: layer   5: dev = CUDA0
llama_kv_cache: layer   6: dev = CUDA0
llama_kv_cache: layer   7: dev = CUDA0
llama_kv_cache: layer   8: dev = CUDA0
llama_kv_cache: layer   9: dev = CUDA0
llama_kv_cache: layer  10: dev = CUDA0
llama_kv_cache: layer  11: dev = CUDA0
llama_kv_cache: layer  12: dev = CUDA0
llama_kv_cache: layer  13: dev = CUDA0
llama_kv_cache: layer  14: dev = CUDA0
llama_kv_cache: layer  15: dev = CUDA0
llama_kv_cache: layer  16: dev = CUDA0
llama_kv_cache: layer  17: dev = CUDA0
llama_kv_cache: layer  18: dev = CUDA0
llama_kv_cache: layer  19: dev = CUDA0
llama_kv_cache: layer  20: dev = CUDA0
llama_kv_cache: layer  21: dev = CUDA0
llama_kv_cache: layer  22: dev = CUDA0
llama_kv_cache: layer  23: dev = CUDA0
llama_kv_cache: layer  24: dev = CUDA0
llama_kv_cache: layer  25: dev = CUDA0
llama_kv_cache: layer  26: dev = CUDA0
llama_kv_cache: layer  27: dev = CUDA0
llama_kv_cache:        CPU KV buffer size =     4.50 MiB
llama_kv_cache:      CUDA0 KV buffer size =    37.50 MiB
llama_kv_cache: size =   42.00 MiB (   768 cells,  28 layers,  1/1 seqs), K (f16):   21.00 MiB, V (f16):   21.00 MiB
llama_kv_cache: attn_rot_k = 0, n_embd_head_k_all = 128
llama_kv_cache: attn_rot_v = 0, n_embd_head_k_all = 128
llama_context: enumerating backends
llama_context: backend_ptrs.size() = 2
sched_reserve: reserving ...
sched_reserve: max_nodes = 2712
sched_reserve: reserving full memory module
sched_reserve: worst-case: n_tokens = 512, n_seqs = 1, n_outputs = 1
graph_reserve: reserving a graph for ubatch with n_tokens =    1, n_seqs =  1, n_outputs =    1
sched_reserve: Flash Attention was auto, set to enabled
sched_reserve: resolving fused Gated Delta Net support:
graph_reserve: reserving a graph for ubatch with n_tokens =    1, n_seqs =  1, n_outputs =    1
sched_reserve: fused Gated Delta Net (autoregressive) enabled
graph_reserve: reserving a graph for ubatch with n_tokens =   16, n_seqs =  1, n_outputs =   16
sched_reserve: fused Gated Delta Net (chunked) enabled
graph_reserve: reserving a graph for ubatch with n_tokens =  512, n_seqs =  1, n_outputs =  512
graph_reserve: reserving a graph for ubatch with n_tokens =    1, n_seqs =  1, n_outputs =    1
graph_reserve: reserving a graph for ubatch with n_tokens =  512, n_seqs =  1, n_outputs =  512
sched_reserve:      CUDA0 compute buffer size =   304.00 MiB
sched_reserve:  CUDA_Host compute buffer size =    14.76 MiB
sched_reserve: graph nodes  = 958
sched_reserve: graph splits = 44 (with bs=512), 2 (with bs=1)
sched_reserve: reserve took 18.56 ms, sched copies = 1
CUDA Graph id 762 reused
ggml_backend_cuda_graph_compute: CUDA graph warmup complete
CUDA Graph id 762 reused
CUDA Graph id 762 reused
CUDA Graph id 762 reused
CUDA Graph id 762 reused
CUDA Graph id 762 reused
CUDA Graph id 762 reused
CUDA Graph id 762 reused
CUDA Graph id 762 reused
CUDA Graph id 762 reused
CUDA Graph id 762 reused
CUDA Graph id 762 reused
CUDA Graph id 762 reused
CUDA Graph id 762 reused
CUDA Graph id 762 reused
CUDA Graph id 762 reused
CUDA Graph id 762 reused
ggml_backend_cuda_graph_compute: CUDA graph warmup reset
CUDA Graph id 765 reused
ggml_backend_cuda_graph_compute: CUDA graph warmup complete
CUDA Graph id 765 reused
CUDA Graph id 765 reused
CUDA Graph id 765 reused
CUDA Graph id 765 reused
CUDA Graph id 765 reused
CUDA Graph id 765 reused
CUDA Graph id 765 reused
CUDA Graph id 765 reused
CUDA Graph id 765 reused
CUDA Graph id 765 reused
CUDA Graph id 765 reused
CUDA Graph id 765 reused
CUDA Graph id 765 reused
CUDA Graph id 765 reused
CUDA Graph id 765 reused
CUDA Graph id 765 reused
CUDA Graph id 765 reused
CUDA Graph id 765 reused
CUDA Graph id 765 reused
CUDA Graph id 765 reused
CUDA Graph id 765 reused
CUDA Graph id 765 reused
CUDA Graph id 765 reused
CUDA Graph id 765 reused
CUDA Graph id 765 reused
CUDA Graph id 765 reused
CUDA Graph id 765 reused
CUDA Graph id 765 reused
CUDA Graph id 765 reused
CUDA Graph id 765 reused
CUDA Graph id 765 reused
CUDA Graph id 765 reused
CUDA Graph id 765 reused
CUDA Graph id 765 reused
CUDA Graph id 765 reused
CUDA Graph id 765 reused
CUDA Graph id 765 reused
CUDA Graph id 765 reused
CUDA Graph id 765 reused
CUDA Graph id 765 reused
CUDA Graph id 765 reused
CUDA Graph id 765 reused
CUDA Graph id 765 reused
CUDA Graph id 765 reused
CUDA Graph id 765 reused
CUDA Graph id 765 reused
CUDA Graph id 765 reused
CUDA Graph id 765 reused
CUDA Graph id 765 reused
CUDA Graph id 765 reused
CUDA Graph id 765 reused
CUDA Graph id 765 reused
CUDA Graph id 765 reused
CUDA Graph id 765 reused
CUDA Graph id 765 reused
CUDA Graph id 765 reused
CUDA Graph id 765 reused
CUDA Graph id 765 reused
CUDA Graph id 765 reused
CUDA Graph id 765 reused
CUDA Graph id 765 reused
CUDA Graph id 765 reused
CUDA Graph id 765 reused
CUDA Graph id 765 reused
CUDA Graph id 765 reused
CUDA Graph id 765 reused
CUDA Graph id 765 reused
CUDA Graph id 765 reused
CUDA Graph id 765 reused
CUDA Graph id 765 reused
CUDA Graph id 765 reused
CUDA Graph id 765 reused
CUDA Graph id 765 reused
CUDA Graph id 765 reused
CUDA Graph id 765 reused
CUDA Graph id 765 reused
CUDA Graph id 765 reused
CUDA Graph id 765 reused
CUDA Graph id 765 reused
CUDA Graph id 765 reused
CUDA Graph id 765 reused
CUDA Graph id 765 reused
CUDA Graph id 765 reused
CUDA Graph id 765 reused
CUDA Graph id 765 reused
CUDA Graph id 765 reused
CUDA Graph id 765 reused
CUDA Graph id 765 reused
CUDA Graph id 765 reused
CUDA Graph id 765 reused
CUDA Graph id 765 reused
CUDA Graph id 765 reused
CUDA Graph id 765 reused
CUDA Graph id 765 reused
CUDA Graph id 765 reused
CUDA Graph id 765 reused
CUDA Graph id 765 reused
CUDA Graph id 765 reused
CUDA Graph id 765 reused
CUDA Graph id 765 reused
CUDA Graph id 765 reused
CUDA Graph id 765 reused
CUDA Graph id 765 reused
CUDA Graph id 765 reused
CUDA Graph id 765 reused
CUDA Graph id 765 reused
~llama_context:      CUDA0 compute buffer size is 304.0000 MiB, matches expectation of 304.0000 MiB
~llama_context:  CUDA_Host compute buffer size is  14.7637 MiB, matches expectation of  14.7637 MiB
llama_context: constructing llama_context
llama_context: n_seq_max     = 1
llama_context: n_ctx         = 768
llama_context: n_ctx_seq     = 768
llama_context: n_batch       = 758
llama_context: n_ubatch      = 512
llama_context: causal_attn   = 1
llama_context: flash_attn    = auto
llama_context: kv_unified    = false
llama_context: freq_base     = 1000000.0
llama_context: freq_scale    = 1
llama_context: n_rs_seq      = 0
llama_context: n_outputs_max = 758
llama_context: n_ctx_seq (768) < n_ctx_train (32768) -- the full capacity of the model will not be utilized
set_abort_callback: call
llama_context:  CUDA_Host  output buffer size =     0.58 MiB
llama_kv_cache: layer   0: dev = CPU
llama_kv_cache: layer   1: dev = CPU
llama_kv_cache: layer   2: dev = CPU
llama_kv_cache: layer   3: dev = CUDA0
llama_kv_cache: layer   4: dev = CUDA0
llama_kv_cache: layer   5: dev = CUDA0
llama_kv_cache: layer   6: dev = CUDA0
llama_kv_cache: layer   7: dev = CUDA0
llama_kv_cache: layer   8: dev = CUDA0
llama_kv_cache: layer   9: dev = CUDA0
llama_kv_cache: layer  10: dev = CUDA0
llama_kv_cache: layer  11: dev = CUDA0
llama_kv_cache: layer  12: dev = CUDA0
llama_kv_cache: layer  13: dev = CUDA0
llama_kv_cache: layer  14: dev = CUDA0
llama_kv_cache: layer  15: dev = CUDA0
llama_kv_cache: layer  16: dev = CUDA0
llama_kv_cache: layer  17: dev = CUDA0
llama_kv_cache: layer  18: dev = CUDA0
llama_kv_cache: layer  19: dev = CUDA0
llama_kv_cache: layer  20: dev = CUDA0
llama_kv_cache: layer  21: dev = CUDA0
llama_kv_cache: layer  22: dev = CUDA0
llama_kv_cache: layer  23: dev = CUDA0
llama_kv_cache: layer  24: dev = CUDA0
llama_kv_cache: layer  25: dev = CUDA0
llama_kv_cache: layer  26: dev = CUDA0
llama_kv_cache: layer  27: dev = CUDA0
llama_kv_cache:        CPU KV buffer size =     4.50 MiB
llama_kv_cache:      CUDA0 KV buffer size =    37.50 MiB
llama_kv_cache: size =   42.00 MiB (   768 cells,  28 layers,  1/1 seqs), K (f16):   21.00 MiB, V (f16):   21.00 MiB
llama_kv_cache: attn_rot_k = 0, n_embd_head_k_all = 128
llama_kv_cache: attn_rot_v = 0, n_embd_head_k_all = 128
llama_context: enumerating backends
llama_context: backend_ptrs.size() = 2
sched_reserve: reserving ...
sched_reserve: max_nodes = 2712
sched_reserve: reserving full memory module
sched_reserve: worst-case: n_tokens = 512, n_seqs = 1, n_outputs = 1
graph_reserve: reserving a graph for ubatch with n_tokens =    1, n_seqs =  1, n_outputs =    1
sched_reserve: Flash Attention was auto, set to enabled
sched_reserve: resolving fused Gated Delta Net support:
graph_reserve: reserving a graph for ubatch with n_tokens =    1, n_seqs =  1, n_outputs =    1
sched_reserve: fused Gated Delta Net (autoregressive) enabled
graph_reserve: reserving a graph for ubatch with n_tokens =   16, n_seqs =  1, n_outputs =   16
sched_reserve: fused Gated Delta Net (chunked) enabled
graph_reserve: reserving a graph for ubatch with n_tokens =  512, n_seqs =  1, n_outputs =  512
graph_reserve: reserving a graph for ubatch with n_tokens =    1, n_seqs =  1, n_outputs =    1
graph_reserve: reserving a graph for ubatch with n_tokens =  512, n_seqs =  1, n_outputs =  512
sched_reserve:      CUDA0 compute buffer size =   304.00 MiB
sched_reserve:  CUDA_Host compute buffer size =    14.76 MiB
sched_reserve: graph nodes  = 958
sched_reserve: graph splits = 44 (with bs=512), 2 (with bs=1)
sched_reserve: reserve took 28.22 ms, sched copies = 1
CUDA Graph id 915 reused
ggml_backend_cuda_graph_compute: CUDA graph warmup complete
CUDA Graph id 915 reused
CUDA Graph id 915 reused
CUDA Graph id 915 reused
CUDA Graph id 915 reused
CUDA Graph id 915 reused
CUDA Graph id 915 reused
CUDA Graph id 915 reused
CUDA Graph id 915 reused
CUDA Graph id 915 reused
CUDA Graph id 915 reused
CUDA Graph id 915 reused
CUDA Graph id 915 reused
CUDA Graph id 915 reused
CUDA Graph id 915 reused
CUDA Graph id 915 reused
CUDA Graph id 915 reused
ggml_backend_cuda_graph_compute: CUDA graph warmup reset
CUDA Graph id 918 reused
ggml_backend_cuda_graph_compute: CUDA graph warmup complete
CUDA Graph id 918 reused
CUDA Graph id 918 reused
CUDA Graph id 918 reused
CUDA Graph id 918 reused
CUDA Graph id 918 reused
CUDA Graph id 918 reused
CUDA Graph id 918 reused
CUDA Graph id 918 reused
CUDA Graph id 918 reused
CUDA Graph id 918 reused
CUDA Graph id 918 reused
CUDA Graph id 918 reused
CUDA Graph id 918 reused
CUDA Graph id 918 reused
CUDA Graph id 918 reused
CUDA Graph id 918 reused
CUDA Graph id 918 reused
CUDA Graph id 918 reused
CUDA Graph id 918 reused
CUDA Graph id 918 reused
CUDA Graph id 918 reused
CUDA Graph id 918 reused
CUDA Graph id 918 reused
CUDA Graph id 918 reused
CUDA Graph id 918 reused
CUDA Graph id 918 reused
CUDA Graph id 918 reused
CUDA Graph id 918 reused
~llama_context:      CUDA0 compute buffer size is 304.0000 MiB, matches expectation of 304.0000 MiB
~llama_context:  CUDA_Host compute buffer size is  14.7637 MiB, matches expectation of  14.7637 MiB
schema 51/75 done
llama_context: constructing llama_context
llama_context: n_seq_max     = 1
llama_context: n_ctx         = 768
llama_context: n_ctx_seq     = 768
llama_context: n_batch       = 684
llama_context: n_ubatch      = 512
llama_context: causal_attn   = 1
llama_context: flash_attn    = auto
llama_context: kv_unified    = false
llama_context: freq_base     = 1000000.0
llama_context: freq_scale    = 1
llama_context: n_rs_seq      = 0
llama_context: n_outputs_max = 684
llama_context: n_ctx_seq (768) < n_ctx_train (32768) -- the full capacity of the model will not be utilized
set_abort_callback: call
llama_context:  CUDA_Host  output buffer size =     0.58 MiB
llama_kv_cache: layer   0: dev = CPU
llama_kv_cache: layer   1: dev = CPU
llama_kv_cache: layer   2: dev = CPU
llama_kv_cache: layer   3: dev = CUDA0
llama_kv_cache: layer   4: dev = CUDA0
llama_kv_cache: layer   5: dev = CUDA0
llama_kv_cache: layer   6: dev = CUDA0
llama_kv_cache: layer   7: dev = CUDA0
llama_kv_cache: layer   8: dev = CUDA0
llama_kv_cache: layer   9: dev = CUDA0
llama_kv_cache: layer  10: dev = CUDA0
llama_kv_cache: layer  11: dev = CUDA0
llama_kv_cache: layer  12: dev = CUDA0
llama_kv_cache: layer  13: dev = CUDA0
llama_kv_cache: layer  14: dev = CUDA0
llama_kv_cache: layer  15: dev = CUDA0
llama_kv_cache: layer  16: dev = CUDA0
llama_kv_cache: layer  17: dev = CUDA0
llama_kv_cache: layer  18: dev = CUDA0
llama_kv_cache: layer  19: dev = CUDA0
llama_kv_cache: layer  20: dev = CUDA0
llama_kv_cache: layer  21: dev = CUDA0
llama_kv_cache: layer  22: dev = CUDA0
llama_kv_cache: layer  23: dev = CUDA0
llama_kv_cache: layer  24: dev = CUDA0
llama_kv_cache: layer  25: dev = CUDA0
llama_kv_cache: layer  26: dev = CUDA0
llama_kv_cache: layer  27: dev = CUDA0
llama_kv_cache:        CPU KV buffer size =     4.50 MiB
llama_kv_cache:      CUDA0 KV buffer size =    37.50 MiB
llama_kv_cache: size =   42.00 MiB (   768 cells,  28 layers,  1/1 seqs), K (f16):   21.00 MiB, V (f16):   21.00 MiB
llama_kv_cache: attn_rot_k = 0, n_embd_head_k_all = 128
llama_kv_cache: attn_rot_v = 0, n_embd_head_k_all = 128
llama_context: enumerating backends
llama_context: backend_ptrs.size() = 2
sched_reserve: reserving ...
sched_reserve: max_nodes = 2712
sched_reserve: reserving full memory module
sched_reserve: worst-case: n_tokens = 512, n_seqs = 1, n_outputs = 1
graph_reserve: reserving a graph for ubatch with n_tokens =    1, n_seqs =  1, n_outputs =    1
sched_reserve: Flash Attention was auto, set to enabled
sched_reserve: resolving fused Gated Delta Net support:
graph_reserve: reserving a graph for ubatch with n_tokens =    1, n_seqs =  1, n_outputs =    1
sched_reserve: fused Gated Delta Net (autoregressive) enabled
graph_reserve: reserving a graph for ubatch with n_tokens =   16, n_seqs =  1, n_outputs =   16
sched_reserve: fused Gated Delta Net (chunked) enabled
graph_reserve: reserving a graph for ubatch with n_tokens =  512, n_seqs =  1, n_outputs =  512
graph_reserve: reserving a graph for ubatch with n_tokens =    1, n_seqs =  1, n_outputs =    1
graph_reserve: reserving a graph for ubatch with n_tokens =  512, n_seqs =  1, n_outputs =  512
sched_reserve:      CUDA0 compute buffer size =   304.00 MiB
sched_reserve:  CUDA_Host compute buffer size =    14.76 MiB
sched_reserve: graph nodes  = 958
sched_reserve: graph splits = 44 (with bs=512), 2 (with bs=1)
sched_reserve: reserve took 15.31 ms, sched copies = 1
CUDA Graph id 1068 reused
ggml_backend_cuda_graph_compute: CUDA graph warmup complete
CUDA Graph id 1068 reused
CUDA Graph id 1068 reused
CUDA Graph id 1068 reused
CUDA Graph id 1068 reused
CUDA Graph id 1068 reused
CUDA Graph id 1068 reused
CUDA Graph id 1068 reused
CUDA Graph id 1068 reused
CUDA Graph id 1068 reused
CUDA Graph id 1068 reused
CUDA Graph id 1068 reused
CUDA Graph id 1068 reused
CUDA Graph id 1068 reused
CUDA Graph id 1068 reused
CUDA Graph id 1068 reused
CUDA Graph id 1068 reused
CUDA Graph id 1068 reused
CUDA Graph id 1068 reused
CUDA Graph id 1068 reused
CUDA Graph id 1068 reused
CUDA Graph id 1068 reused
CUDA Graph id 1068 reused
CUDA Graph id 1068 reused
CUDA Graph id 1068 reused
CUDA Graph id 1068 reused
CUDA Graph id 1068 reused
CUDA Graph id 1068 reused
CUDA Graph id 1068 reused
CUDA Graph id 1068 reused
CUDA Graph id 1068 reused
CUDA Graph id 1068 reused
CUDA Graph id 1068 reused
CUDA Graph id 1068 reused
CUDA Graph id 1068 reused
CUDA Graph id 1068 reused
CUDA Graph id 1068 reused
~llama_context:      CUDA0 compute buffer size is 304.0000 MiB, matches expectation of 304.0000 MiB
~llama_context:  CUDA_Host compute buffer size is  14.7637 MiB, matches expectation of  14.7637 MiB
llama_context: constructing llama_context
llama_context: n_seq_max     = 1
llama_context: n_ctx         = 768
llama_context: n_ctx_seq     = 768
llama_context: n_batch       = 684
llama_context: n_ubatch      = 512
llama_context: causal_attn   = 1
llama_context: flash_attn    = auto
llama_context: kv_unified    = false
llama_context: freq_base     = 1000000.0
llama_context: freq_scale    = 1
llama_context: n_rs_seq      = 0
llama_context: n_outputs_max = 684
llama_context: n_ctx_seq (768) < n_ctx_train (32768) -- the full capacity of the model will not be utilized
set_abort_callback: call
llama_context:  CUDA_Host  output buffer size =     0.58 MiB
llama_kv_cache: layer   0: dev = CPU
llama_kv_cache: layer   1: dev = CPU
llama_kv_cache: layer   2: dev = CPU
llama_kv_cache: layer   3: dev = CUDA0
llama_kv_cache: layer   4: dev = CUDA0
llama_kv_cache: layer   5: dev = CUDA0
llama_kv_cache: layer   6: dev = CUDA0
llama_kv_cache: layer   7: dev = CUDA0
llama_kv_cache: layer   8: dev = CUDA0
llama_kv_cache: layer   9: dev = CUDA0
llama_kv_cache: layer  10: dev = CUDA0
llama_kv_cache: layer  11: dev = CUDA0
llama_kv_cache: layer  12: dev = CUDA0
llama_kv_cache: layer  13: dev = CUDA0
llama_kv_cache: layer  14: dev = CUDA0
llama_kv_cache: layer  15: dev = CUDA0
llama_kv_cache: layer  16: dev = CUDA0
llama_kv_cache: layer  17: dev = CUDA0
llama_kv_cache: layer  18: dev = CUDA0
llama_kv_cache: layer  19: dev = CUDA0
llama_kv_cache: layer  20: dev = CUDA0
llama_kv_cache: layer  21: dev = CUDA0
llama_kv_cache: layer  22: dev = CUDA0
llama_kv_cache: layer  23: dev = CUDA0
llama_kv_cache: layer  24: dev = CUDA0
llama_kv_cache: layer  25: dev = CUDA0
llama_kv_cache: layer  26: dev = CUDA0
llama_kv_cache: layer  27: dev = CUDA0
llama_kv_cache:        CPU KV buffer size =     4.50 MiB
llama_kv_cache:      CUDA0 KV buffer size =    37.50 MiB
llama_kv_cache: size =   42.00 MiB (   768 cells,  28 layers,  1/1 seqs), K (f16):   21.00 MiB, V (f16):   21.00 MiB
llama_kv_cache: attn_rot_k = 0, n_embd_head_k_all = 128
llama_kv_cache: attn_rot_v = 0, n_embd_head_k_all = 128
llama_context: enumerating backends
llama_context: backend_ptrs.size() = 2
sched_reserve: reserving ...
sched_reserve: max_nodes = 2712
sched_reserve: reserving full memory module
sched_reserve: worst-case: n_tokens = 512, n_seqs = 1, n_outputs = 1
graph_reserve: reserving a graph for ubatch with n_tokens =    1, n_seqs =  1, n_outputs =    1
sched_reserve: Flash Attention was auto, set to enabled
sched_reserve: resolving fused Gated Delta Net support:
graph_reserve: reserving a graph for ubatch with n_tokens =    1, n_seqs =  1, n_outputs =    1
sched_reserve: fused Gated Delta Net (autoregressive) enabled
graph_reserve: reserving a graph for ubatch with n_tokens =   16, n_seqs =  1, n_outputs =   16
sched_reserve: fused Gated Delta Net (chunked) enabled
graph_reserve: reserving a graph for ubatch with n_tokens =  512, n_seqs =  1, n_outputs =  512
graph_reserve: reserving a graph for ubatch with n_tokens =    1, n_seqs =  1, n_outputs =    1
graph_reserve: reserving a graph for ubatch with n_tokens =  512, n_seqs =  1, n_outputs =  512
sched_reserve:      CUDA0 compute buffer size =   304.00 MiB
sched_reserve:  CUDA_Host compute buffer size =    14.76 MiB
sched_reserve: graph nodes  = 958
sched_reserve: graph splits = 44 (with bs=512), 2 (with bs=1)
sched_reserve: reserve took 23.58 ms, sched copies = 1
CUDA Graph id 1218 reused
ggml_backend_cuda_graph_compute: CUDA graph warmup complete
CUDA Graph id 1218 reused
CUDA Graph id 1218 reused
CUDA Graph id 1218 reused
CUDA Graph id 1218 reused
CUDA Graph id 1218 reused
CUDA Graph id 1218 reused
CUDA Graph id 1218 reused
CUDA Graph id 1218 reused
CUDA Graph id 1218 reused
CUDA Graph id 1218 reused
CUDA Graph id 1218 reused
CUDA Graph id 1218 reused
CUDA Graph id 1218 reused
CUDA Graph id 1218 reused
CUDA Graph id 1218 reused
CUDA Graph id 1218 reused
CUDA Graph id 1218 reused
CUDA Graph id 1218 reused
CUDA Graph id 1218 reused
CUDA Graph id 1218 reused
CUDA Graph id 1218 reused
CUDA Graph id 1218 reused
CUDA Graph id 1218 reused
CUDA Graph id 1218 reused
CUDA Graph id 1218 reused
CUDA Graph id 1218 reused
CUDA Graph id 1218 reused
CUDA Graph id 1218 reused
CUDA Graph id 1218 reused
CUDA Graph id 1218 reused
CUDA Graph id 1218 reused
CUDA Graph id 1218 reused
CUDA Graph id 1218 reused
CUDA Graph id 1218 reused
CUDA Graph id 1218 reused
CUDA Graph id 1218 reused
~llama_context:      CUDA0 compute buffer size is 304.0000 MiB, matches expectation of 304.0000 MiB
~llama_context:  CUDA_Host compute buffer size is  14.7637 MiB, matches expectation of  14.7637 MiB
llama_context: constructing llama_context
llama_context: n_seq_max     = 1
llama_context: n_ctx         = 768
llama_context: n_ctx_seq     = 768
llama_context: n_batch       = 684
llama_context: n_ubatch      = 512
llama_context: causal_attn   = 1
llama_context: flash_attn    = auto
llama_context: kv_unified    = false
llama_context: freq_base     = 1000000.0
llama_context: freq_scale    = 1
llama_context: n_rs_seq      = 0
llama_context: n_outputs_max = 684
llama_context: n_ctx_seq (768) < n_ctx_train (32768) -- the full capacity of the model will not be utilized
set_abort_callback: call
llama_context:  CUDA_Host  output buffer size =     0.58 MiB
llama_kv_cache: layer   0: dev = CPU
llama_kv_cache: layer   1: dev = CPU
llama_kv_cache: layer   2: dev = CPU
llama_kv_cache: layer   3: dev = CUDA0
llama_kv_cache: layer   4: dev = CUDA0
llama_kv_cache: layer   5: dev = CUDA0
llama_kv_cache: layer   6: dev = CUDA0
llama_kv_cache: layer   7: dev = CUDA0
llama_kv_cache: layer   8: dev = CUDA0
llama_kv_cache: layer   9: dev = CUDA0
llama_kv_cache: layer  10: dev = CUDA0
llama_kv_cache: layer  11: dev = CUDA0
llama_kv_cache: layer  12: dev = CUDA0
llama_kv_cache: layer  13: dev = CUDA0
llama_kv_cache: layer  14: dev = CUDA0
llama_kv_cache: layer  15: dev = CUDA0
llama_kv_cache: layer  16: dev = CUDA0
llama_kv_cache: layer  17: dev = CUDA0
llama_kv_cache: layer  18: dev = CUDA0
llama_kv_cache: layer  19: dev = CUDA0
llama_kv_cache: layer  20: dev = CUDA0
llama_kv_cache: layer  21: dev = CUDA0
llama_kv_cache: layer  22: dev = CUDA0
llama_kv_cache: layer  23: dev = CUDA0
llama_kv_cache: layer  24: dev = CUDA0
llama_kv_cache: layer  25: dev = CUDA0
llama_kv_cache: layer  26: dev = CUDA0
llama_kv_cache: layer  27: dev = CUDA0
llama_kv_cache:        CPU KV buffer size =     4.50 MiB
llama_kv_cache:      CUDA0 KV buffer size =    37.50 MiB
llama_kv_cache: size =   42.00 MiB (   768 cells,  28 layers,  1/1 seqs), K (f16):   21.00 MiB, V (f16):   21.00 MiB
llama_kv_cache: attn_rot_k = 0, n_embd_head_k_all = 128
llama_kv_cache: attn_rot_v = 0, n_embd_head_k_all = 128
llama_context: enumerating backends
llama_context: backend_ptrs.size() = 2
sched_reserve: reserving ...
sched_reserve: max_nodes = 2712
sched_reserve: reserving full memory module
sched_reserve: worst-case: n_tokens = 512, n_seqs = 1, n_outputs = 1
graph_reserve: reserving a graph for ubatch with n_tokens =    1, n_seqs =  1, n_outputs =    1
sched_reserve: Flash Attention was auto, set to enabled
sched_reserve: resolving fused Gated Delta Net support:
graph_reserve: reserving a graph for ubatch with n_tokens =    1, n_seqs =  1, n_outputs =    1
sched_reserve: fused Gated Delta Net (autoregressive) enabled
graph_reserve: reserving a graph for ubatch with n_tokens =   16, n_seqs =  1, n_outputs =   16
sched_reserve: fused Gated Delta Net (chunked) enabled
graph_reserve: reserving a graph for ubatch with n_tokens =  512, n_seqs =  1, n_outputs =  512
graph_reserve: reserving a graph for ubatch with n_tokens =    1, n_seqs =  1, n_outputs =    1
graph_reserve: reserving a graph for ubatch with n_tokens =  512, n_seqs =  1, n_outputs =  512
sched_reserve:      CUDA0 compute buffer size =   304.00 MiB
sched_reserve:  CUDA_Host compute buffer size =    14.76 MiB
sched_reserve: graph nodes  = 958
sched_reserve: graph splits = 44 (with bs=512), 2 (with bs=1)
sched_reserve: reserve took 17.85 ms, sched copies = 1
CUDA Graph id 1368 reused
ggml_backend_cuda_graph_compute: CUDA graph warmup complete
CUDA Graph id 1368 reused
CUDA Graph id 1368 reused
CUDA Graph id 1368 reused
CUDA Graph id 1368 reused
CUDA Graph id 1368 reused
CUDA Graph id 1368 reused
CUDA Graph id 1368 reused
CUDA Graph id 1368 reused
CUDA Graph id 1368 reused
CUDA Graph id 1368 reused
CUDA Graph id 1368 reused
CUDA Graph id 1368 reused
CUDA Graph id 1368 reused
CUDA Graph id 1368 reused
CUDA Graph id 1368 reused
CUDA Graph id 1368 reused
CUDA Graph id 1368 reused
CUDA Graph id 1368 reused
CUDA Graph id 1368 reused
CUDA Graph id 1368 reused
CUDA Graph id 1368 reused
CUDA Graph id 1368 reused
CUDA Graph id 1368 reused
CUDA Graph id 1368 reused
CUDA Graph id 1368 reused
CUDA Graph id 1368 reused
CUDA Graph id 1368 reused
CUDA Graph id 1368 reused
CUDA Graph id 1368 reused
~llama_context:      CUDA0 compute buffer size is 304.0000 MiB, matches expectation of 304.0000 MiB
~llama_context:  CUDA_Host compute buffer size is  14.7637 MiB, matches expectation of  14.7637 MiB
llama_context: constructing llama_context
llama_context: n_seq_max     = 1
llama_context: n_ctx         = 768
llama_context: n_ctx_seq     = 768
llama_context: n_batch       = 684
llama_context: n_ubatch      = 512
llama_context: causal_attn   = 1
llama_context: flash_attn    = auto
llama_context: kv_unified    = false
llama_context: freq_base     = 1000000.0
llama_context: freq_scale    = 1
llama_context: n_rs_seq      = 0
llama_context: n_outputs_max = 684
llama_context: n_ctx_seq (768) < n_ctx_train (32768) -- the full capacity of the model will not be utilized
set_abort_callback: call
llama_context:  CUDA_Host  output buffer size =     0.58 MiB
llama_kv_cache: layer   0: dev = CPU
llama_kv_cache: layer   1: dev = CPU
llama_kv_cache: layer   2: dev = CPU
llama_kv_cache: layer   3: dev = CUDA0
llama_kv_cache: layer   4: dev = CUDA0
llama_kv_cache: layer   5: dev = CUDA0
llama_kv_cache: layer   6: dev = CUDA0
llama_kv_cache: layer   7: dev = CUDA0
llama_kv_cache: layer   8: dev = CUDA0
llama_kv_cache: layer   9: dev = CUDA0
llama_kv_cache: layer  10: dev = CUDA0
llama_kv_cache: layer  11: dev = CUDA0
llama_kv_cache: layer  12: dev = CUDA0
llama_kv_cache: layer  13: dev = CUDA0
llama_kv_cache: layer  14: dev = CUDA0
llama_kv_cache: layer  15: dev = CUDA0
llama_kv_cache: layer  16: dev = CUDA0
llama_kv_cache: layer  17: dev = CUDA0
llama_kv_cache: layer  18: dev = CUDA0
llama_kv_cache: layer  19: dev = CUDA0
llama_kv_cache: layer  20: dev = CUDA0
llama_kv_cache: layer  21: dev = CUDA0
llama_kv_cache: layer  22: dev = CUDA0
llama_kv_cache: layer  23: dev = CUDA0
llama_kv_cache: layer  24: dev = CUDA0
llama_kv_cache: layer  25: dev = CUDA0
llama_kv_cache: layer  26: dev = CUDA0
llama_kv_cache: layer  27: dev = CUDA0
llama_kv_cache:        CPU KV buffer size =     4.50 MiB
llama_kv_cache:      CUDA0 KV buffer size =    37.50 MiB
llama_kv_cache: size =   42.00 MiB (   768 cells,  28 layers,  1/1 seqs), K (f16):   21.00 MiB, V (f16):   21.00 MiB
llama_kv_cache: attn_rot_k = 0, n_embd_head_k_all = 128
llama_kv_cache: attn_rot_v = 0, n_embd_head_k_all = 128
llama_context: enumerating backends
llama_context: backend_ptrs.size() = 2
sched_reserve: reserving ...
sched_reserve: max_nodes = 2712
sched_reserve: reserving full memory module
sched_reserve: worst-case: n_tokens = 512, n_seqs = 1, n_outputs = 1
graph_reserve: reserving a graph for ubatch with n_tokens =    1, n_seqs =  1, n_outputs =    1
sched_reserve: Flash Attention was auto, set to enabled
sched_reserve: resolving fused Gated Delta Net support:
graph_reserve: reserving a graph for ubatch with n_tokens =    1, n_seqs =  1, n_outputs =    1
sched_reserve: fused Gated Delta Net (autoregressive) enabled
graph_reserve: reserving a graph for ubatch with n_tokens =   16, n_seqs =  1, n_outputs =   16
sched_reserve: fused Gated Delta Net (chunked) enabled
graph_reserve: reserving a graph for ubatch with n_tokens =  512, n_seqs =  1, n_outputs =  512
graph_reserve: reserving a graph for ubatch with n_tokens =    1, n_seqs =  1, n_outputs =    1
graph_reserve: reserving a graph for ubatch with n_tokens =  512, n_seqs =  1, n_outputs =  512
sched_reserve:      CUDA0 compute buffer size =   304.00 MiB
sched_reserve:  CUDA_Host compute buffer size =    14.76 MiB
sched_reserve: graph nodes  = 958
sched_reserve: graph splits = 44 (with bs=512), 2 (with bs=1)
sched_reserve: reserve took 22.51 ms, sched copies = 1
CUDA Graph id 1518 reused
ggml_backend_cuda_graph_compute: CUDA graph warmup complete
CUDA Graph id 1518 reused
CUDA Graph id 1518 reused
CUDA Graph id 1518 reused
CUDA Graph id 1518 reused
CUDA Graph id 1518 reused
CUDA Graph id 1518 reused
CUDA Graph id 1518 reused
CUDA Graph id 1518 reused
CUDA Graph id 1518 reused
CUDA Graph id 1518 reused
CUDA Graph id 1518 reused
CUDA Graph id 1518 reused
CUDA Graph id 1518 reused
CUDA Graph id 1518 reused
CUDA Graph id 1518 reused
CUDA Graph id 1518 reused
CUDA Graph id 1518 reused
CUDA Graph id 1518 reused
CUDA Graph id 1518 reused
CUDA Graph id 1518 reused
CUDA Graph id 1518 reused
CUDA Graph id 1518 reused
CUDA Graph id 1518 reused
CUDA Graph id 1518 reused
CUDA Graph id 1518 reused
CUDA Graph id 1518 reused
CUDA Graph id 1518 reused
CUDA Graph id 1518 reused
CUDA Graph id 1518 reused
CUDA Graph id 1518 reused
CUDA Graph id 1518 reused
CUDA Graph id 1518 reused
~llama_context:      CUDA0 compute buffer size is 304.0000 MiB, matches expectation of 304.0000 MiB
~llama_context:  CUDA_Host compute buffer size is  14.7637 MiB, matches expectation of  14.7637 MiB
llama_context: constructing llama_context
llama_context: n_seq_max     = 1
llama_context: n_ctx         = 768
llama_context: n_ctx_seq     = 768
llama_context: n_batch       = 684
llama_context: n_ubatch      = 512
llama_context: causal_attn   = 1
llama_context: flash_attn    = auto
llama_context: kv_unified    = false
llama_context: freq_base     = 1000000.0
llama_context: freq_scale    = 1
llama_context: n_rs_seq      = 0
llama_context: n_outputs_max = 684
llama_context: n_ctx_seq (768) < n_ctx_train (32768) -- the full capacity of the model will not be utilized
set_abort_callback: call
llama_context:  CUDA_Host  output buffer size =     0.58 MiB
llama_kv_cache: layer   0: dev = CPU
llama_kv_cache: layer   1: dev = CPU
llama_kv_cache: layer   2: dev = CPU
llama_kv_cache: layer   3: dev = CUDA0
llama_kv_cache: layer   4: dev = CUDA0
llama_kv_cache: layer   5: dev = CUDA0
llama_kv_cache: layer   6: dev = CUDA0
llama_kv_cache: layer   7: dev = CUDA0
llama_kv_cache: layer   8: dev = CUDA0
llama_kv_cache: layer   9: dev = CUDA0
llama_kv_cache: layer  10: dev = CUDA0
llama_kv_cache: layer  11: dev = CUDA0
llama_kv_cache: layer  12: dev = CUDA0
llama_kv_cache: layer  13: dev = CUDA0
llama_kv_cache: layer  14: dev = CUDA0
llama_kv_cache: layer  15: dev = CUDA0
llama_kv_cache: layer  16: dev = CUDA0
llama_kv_cache: layer  17: dev = CUDA0
llama_kv_cache: layer  18: dev = CUDA0
llama_kv_cache: layer  19: dev = CUDA0
llama_kv_cache: layer  20: dev = CUDA0
llama_kv_cache: layer  21: dev = CUDA0
llama_kv_cache: layer  22: dev = CUDA0
llama_kv_cache: layer  23: dev = CUDA0
llama_kv_cache: layer  24: dev = CUDA0
llama_kv_cache: layer  25: dev = CUDA0
llama_kv_cache: layer  26: dev = CUDA0
llama_kv_cache: layer  27: dev = CUDA0
llama_kv_cache:        CPU KV buffer size =     4.50 MiB
llama_kv_cache:      CUDA0 KV buffer size =    37.50 MiB
llama_kv_cache: size =   42.00 MiB (   768 cells,  28 layers,  1/1 seqs), K (f16):   21.00 MiB, V (f16):   21.00 MiB
llama_kv_cache: attn_rot_k = 0, n_embd_head_k_all = 128
llama_kv_cache: attn_rot_v = 0, n_embd_head_k_all = 128
llama_context: enumerating backends
llama_context: backend_ptrs.size() = 2
sched_reserve: reserving ...
sched_reserve: max_nodes = 2712
sched_reserve: reserving full memory module
sched_reserve: worst-case: n_tokens = 512, n_seqs = 1, n_outputs = 1
graph_reserve: reserving a graph for ubatch with n_tokens =    1, n_seqs =  1, n_outputs =    1
sched_reserve: Flash Attention was auto, set to enabled
sched_reserve: resolving fused Gated Delta Net support:
graph_reserve: reserving a graph for ubatch with n_tokens =    1, n_seqs =  1, n_outputs =    1
sched_reserve: fused Gated Delta Net (autoregressive) enabled
graph_reserve: reserving a graph for ubatch with n_tokens =   16, n_seqs =  1, n_outputs =   16
sched_reserve: fused Gated Delta Net (chunked) enabled
graph_reserve: reserving a graph for ubatch with n_tokens =  512, n_seqs =  1, n_outputs =  512
graph_reserve: reserving a graph for ubatch with n_tokens =    1, n_seqs =  1, n_outputs =    1
graph_reserve: reserving a graph for ubatch with n_tokens =  512, n_seqs =  1, n_outputs =  512
sched_reserve:      CUDA0 compute buffer size =   304.00 MiB
sched_reserve:  CUDA_Host compute buffer size =    14.76 MiB
sched_reserve: graph nodes  = 958
sched_reserve: graph splits = 44 (with bs=512), 2 (with bs=1)
sched_reserve: reserve took 21.43 ms, sched copies = 1
CUDA Graph id 1668 reused
ggml_backend_cuda_graph_compute: CUDA graph warmup complete
CUDA Graph id 1668 reused
CUDA Graph id 1668 reused
CUDA Graph id 1668 reused
CUDA Graph id 1668 reused
CUDA Graph id 1668 reused
CUDA Graph id 1668 reused
CUDA Graph id 1668 reused
CUDA Graph id 1668 reused
CUDA Graph id 1668 reused
CUDA Graph id 1668 reused
CUDA Graph id 1668 reused
CUDA Graph id 1668 reused
CUDA Graph id 1668 reused
CUDA Graph id 1668 reused
CUDA Graph id 1668 reused
CUDA Graph id 1668 reused
CUDA Graph id 1668 reused
CUDA Graph id 1668 reused
CUDA Graph id 1668 reused
CUDA Graph id 1668 reused
CUDA Graph id 1668 reused
CUDA Graph id 1668 reused
~llama_context:      CUDA0 compute buffer size is 304.0000 MiB, matches expectation of 304.0000 MiB
~llama_context:  CUDA_Host compute buffer size is  14.7637 MiB, matches expectation of  14.7637 MiB
llama_context: constructing llama_context
llama_context: n_seq_max     = 1
llama_context: n_ctx         = 768
llama_context: n_ctx_seq     = 768
llama_context: n_batch       = 684
llama_context: n_ubatch      = 512
llama_context: causal_attn   = 1
llama_context: flash_attn    = auto
llama_context: kv_unified    = false
llama_context: freq_base     = 1000000.0
llama_context: freq_scale    = 1
llama_context: n_rs_seq      = 0
llama_context: n_outputs_max = 684
llama_context: n_ctx_seq (768) < n_ctx_train (32768) -- the full capacity of the model will not be utilized
set_abort_callback: call
llama_context:  CUDA_Host  output buffer size =     0.58 MiB
llama_kv_cache: layer   0: dev = CPU
llama_kv_cache: layer   1: dev = CPU
llama_kv_cache: layer   2: dev = CPU
llama_kv_cache: layer   3: dev = CUDA0
llama_kv_cache: layer   4: dev = CUDA0
llama_kv_cache: layer   5: dev = CUDA0
llama_kv_cache: layer   6: dev = CUDA0
llama_kv_cache: layer   7: dev = CUDA0
llama_kv_cache: layer   8: dev = CUDA0
llama_kv_cache: layer   9: dev = CUDA0
llama_kv_cache: layer  10: dev = CUDA0
llama_kv_cache: layer  11: dev = CUDA0
llama_kv_cache: layer  12: dev = CUDA0
llama_kv_cache: layer  13: dev = CUDA0
llama_kv_cache: layer  14: dev = CUDA0
llama_kv_cache: layer  15: dev = CUDA0
llama_kv_cache: layer  16: dev = CUDA0
llama_kv_cache: layer  17: dev = CUDA0
llama_kv_cache: layer  18: dev = CUDA0
llama_kv_cache: layer  19: dev = CUDA0
llama_kv_cache: layer  20: dev = CUDA0
llama_kv_cache: layer  21: dev = CUDA0
llama_kv_cache: layer  22: dev = CUDA0
llama_kv_cache: layer  23: dev = CUDA0
llama_kv_cache: layer  24: dev = CUDA0
llama_kv_cache: layer  25: dev = CUDA0
llama_kv_cache: layer  26: dev = CUDA0
llama_kv_cache: layer  27: dev = CUDA0
llama_kv_cache:        CPU KV buffer size =     4.50 MiB
llama_kv_cache:      CUDA0 KV buffer size =    37.50 MiB
llama_kv_cache: size =   42.00 MiB (   768 cells,  28 layers,  1/1 seqs), K (f16):   21.00 MiB, V (f16):   21.00 MiB
llama_kv_cache: attn_rot_k = 0, n_embd_head_k_all = 128
llama_kv_cache: attn_rot_v = 0, n_embd_head_k_all = 128
llama_context: enumerating backends
llama_context: backend_ptrs.size() = 2
sched_reserve: reserving ...
sched_reserve: max_nodes = 2712
sched_reserve: reserving full memory module
sched_reserve: worst-case: n_tokens = 512, n_seqs = 1, n_outputs = 1
graph_reserve: reserving a graph for ubatch with n_tokens =    1, n_seqs =  1, n_outputs =    1
sched_reserve: Flash Attention was auto, set to enabled
sched_reserve: resolving fused Gated Delta Net support:
graph_reserve: reserving a graph for ubatch with n_tokens =    1, n_seqs =  1, n_outputs =    1
sched_reserve: fused Gated Delta Net (autoregressive) enabled
graph_reserve: reserving a graph for ubatch with n_tokens =   16, n_seqs =  1, n_outputs =   16
sched_reserve: fused Gated Delta Net (chunked) enabled
graph_reserve: reserving a graph for ubatch with n_tokens =  512, n_seqs =  1, n_outputs =  512
graph_reserve: reserving a graph for ubatch with n_tokens =    1, n_seqs =  1, n_outputs =    1
graph_reserve: reserving a graph for ubatch with n_tokens =  512, n_seqs =  1, n_outputs =  512
sched_reserve:      CUDA0 compute buffer size =   304.00 MiB
sched_reserve:  CUDA_Host compute buffer size =    14.76 MiB
sched_reserve: graph nodes  = 958
sched_reserve: graph splits = 44 (with bs=512), 2 (with bs=1)
sched_reserve: reserve took 22.00 ms, sched copies = 1
CUDA Graph id 1818 reused
ggml_backend_cuda_graph_compute: CUDA graph warmup complete
CUDA Graph id 1818 reused
CUDA Graph id 1818 reused
CUDA Graph id 1818 reused
CUDA Graph id 1818 reused
CUDA Graph id 1818 reused
CUDA Graph id 1818 reused
CUDA Graph id 1818 reused
CUDA Graph id 1818 reused
CUDA Graph id 1818 reused
CUDA Graph id 1818 reused
CUDA Graph id 1818 reused
CUDA Graph id 1818 reused
CUDA Graph id 1818 reused
~llama_context:      CUDA0 compute buffer size is 304.0000 MiB, matches expectation of 304.0000 MiB
~llama_context:  CUDA_Host compute buffer size is  14.7637 MiB, matches expectation of  14.7637 MiB
schema 52/75 done
llama_context: constructing llama_context
llama_context: n_seq_max     = 1
llama_context: n_ctx         = 768
llama_context: n_ctx_seq     = 768
llama_context: n_batch       = 740
llama_context: n_ubatch      = 512
llama_context: causal_attn   = 1
llama_context: flash_attn    = auto
llama_context: kv_unified    = false
llama_context: freq_base     = 1000000.0
llama_context: freq_scale    = 1
llama_context: n_rs_seq      = 0
llama_context: n_outputs_max = 740
llama_context: n_ctx_seq (768) < n_ctx_train (32768) -- the full capacity of the model will not be utilized
set_abort_callback: call
llama_context:  CUDA_Host  output buffer size =     0.58 MiB
llama_kv_cache: layer   0: dev = CPU
llama_kv_cache: layer   1: dev = CPU
llama_kv_cache: layer   2: dev = CPU
llama_kv_cache: layer   3: dev = CUDA0
llama_kv_cache: layer   4: dev = CUDA0
llama_kv_cache: layer   5: dev = CUDA0
llama_kv_cache: layer   6: dev = CUDA0
llama_kv_cache: layer   7: dev = CUDA0
llama_kv_cache: layer   8: dev = CUDA0
llama_kv_cache: layer   9: dev = CUDA0
llama_kv_cache: layer  10: dev = CUDA0
llama_kv_cache: layer  11: dev = CUDA0
llama_kv_cache: layer  12: dev = CUDA0
llama_kv_cache: layer  13: dev = CUDA0
llama_kv_cache: layer  14: dev = CUDA0
llama_kv_cache: layer  15: dev = CUDA0
llama_kv_cache: layer  16: dev = CUDA0
llama_kv_cache: layer  17: dev = CUDA0
llama_kv_cache: layer  18: dev = CUDA0
llama_kv_cache: layer  19: dev = CUDA0
llama_kv_cache: layer  20: dev = CUDA0
llama_kv_cache: layer  21: dev = CUDA0
llama_kv_cache: layer  22: dev = CUDA0
llama_kv_cache: layer  23: dev = CUDA0
llama_kv_cache: layer  24: dev = CUDA0
llama_kv_cache: layer  25: dev = CUDA0
llama_kv_cache: layer  26: dev = CUDA0
llama_kv_cache: layer  27: dev = CUDA0
llama_kv_cache:        CPU KV buffer size =     4.50 MiB
llama_kv_cache:      CUDA0 KV buffer size =    37.50 MiB
llama_kv_cache: size =   42.00 MiB (   768 cells,  28 layers,  1/1 seqs), K (f16):   21.00 MiB, V (f16):   21.00 MiB
llama_kv_cache: attn_rot_k = 0, n_embd_head_k_all = 128
llama_kv_cache: attn_rot_v = 0, n_embd_head_k_all = 128
llama_context: enumerating backends
llama_context: backend_ptrs.size() = 2
sched_reserve: reserving ...
sched_reserve: max_nodes = 2712
sched_reserve: reserving full memory module
sched_reserve: worst-case: n_tokens = 512, n_seqs = 1, n_outputs = 1
graph_reserve: reserving a graph for ubatch with n_tokens =    1, n_seqs =  1, n_outputs =    1
sched_reserve: Flash Attention was auto, set to enabled
sched_reserve: resolving fused Gated Delta Net support:
graph_reserve: reserving a graph for ubatch with n_tokens =    1, n_seqs =  1, n_outputs =    1
sched_reserve: fused Gated Delta Net (autoregressive) enabled
graph_reserve: reserving a graph for ubatch with n_tokens =   16, n_seqs =  1, n_outputs =   16
sched_reserve: fused Gated Delta Net (chunked) enabled
graph_reserve: reserving a graph for ubatch with n_tokens =  512, n_seqs =  1, n_outputs =  512
graph_reserve: reserving a graph for ubatch with n_tokens =    1, n_seqs =  1, n_outputs =    1
graph_reserve: reserving a graph for ubatch with n_tokens =  512, n_seqs =  1, n_outputs =  512
sched_reserve:      CUDA0 compute buffer size =   304.00 MiB
sched_reserve:  CUDA_Host compute buffer size =    14.76 MiB
sched_reserve: graph nodes  = 958
sched_reserve: graph splits = 44 (with bs=512), 2 (with bs=1)
sched_reserve: reserve took 25.35 ms, sched copies = 1
CUDA Graph id 1968 reused
ggml_backend_cuda_graph_compute: CUDA graph warmup complete
CUDA Graph id 1968 reused
CUDA Graph id 1968 reused
CUDA Graph id 1968 reused
CUDA Graph id 1968 reused
CUDA Graph id 1968 reused
CUDA Graph id 1968 reused
CUDA Graph id 1968 reused
CUDA Graph id 1968 reused
CUDA Graph id 1968 reused
CUDA Graph id 1968 reused
CUDA Graph id 1968 reused
CUDA Graph id 1968 reused
CUDA Graph id 1968 reused
CUDA Graph id 1968 reused
CUDA Graph id 1968 reused
CUDA Graph id 1968 reused
CUDA Graph id 1968 reused
CUDA Graph id 1968 reused
CUDA Graph id 1968 reused
CUDA Graph id 1968 reused
CUDA Graph id 1968 reused
CUDA Graph id 1968 reused
CUDA Graph id 1968 reused
~llama_context:      CUDA0 compute buffer size is 304.0000 MiB, matches expectation of 304.0000 MiB
~llama_context:  CUDA_Host compute buffer size is  14.7637 MiB, matches expectation of  14.7637 MiB
llama_context: constructing llama_context
llama_context: n_seq_max     = 1
llama_context: n_ctx         = 768
llama_context: n_ctx_seq     = 768
llama_context: n_batch       = 740
llama_context: n_ubatch      = 512
llama_context: causal_attn   = 1
llama_context: flash_attn    = auto
llama_context: kv_unified    = false
llama_context: freq_base     = 1000000.0
llama_context: freq_scale    = 1
llama_context: n_rs_seq      = 0
llama_context: n_outputs_max = 740
llama_context: n_ctx_seq (768) < n_ctx_train (32768) -- the full capacity of the model will not be utilized
set_abort_callback: call
llama_context:  CUDA_Host  output buffer size =     0.58 MiB
llama_kv_cache: layer   0: dev = CPU
llama_kv_cache: layer   1: dev = CPU
llama_kv_cache: layer   2: dev = CPU
llama_kv_cache: layer   3: dev = CUDA0
llama_kv_cache: layer   4: dev = CUDA0
llama_kv_cache: layer   5: dev = CUDA0
llama_kv_cache: layer   6: dev = CUDA0
llama_kv_cache: layer   7: dev = CUDA0
llama_kv_cache: layer   8: dev = CUDA0
llama_kv_cache: layer   9: dev = CUDA0
llama_kv_cache: layer  10: dev = CUDA0
llama_kv_cache: layer  11: dev = CUDA0
llama_kv_cache: layer  12: dev = CUDA0
llama_kv_cache: layer  13: dev = CUDA0
llama_kv_cache: layer  14: dev = CUDA0
llama_kv_cache: layer  15: dev = CUDA0
llama_kv_cache: layer  16: dev = CUDA0
llama_kv_cache: layer  17: dev = CUDA0
llama_kv_cache: layer  18: dev = CUDA0
llama_kv_cache: layer  19: dev = CUDA0
llama_kv_cache: layer  20: dev = CUDA0
llama_kv_cache: layer  21: dev = CUDA0
llama_kv_cache: layer  22: dev = CUDA0
llama_kv_cache: layer  23: dev = CUDA0
llama_kv_cache: layer  24: dev = CUDA0
llama_kv_cache: layer  25: dev = CUDA0
llama_kv_cache: layer  26: dev = CUDA0
llama_kv_cache: layer  27: dev = CUDA0
llama_kv_cache:        CPU KV buffer size =     4.50 MiB
llama_kv_cache:      CUDA0 KV buffer size =    37.50 MiB
llama_kv_cache: size =   42.00 MiB (   768 cells,  28 layers,  1/1 seqs), K (f16):   21.00 MiB, V (f16):   21.00 MiB
llama_kv_cache: attn_rot_k = 0, n_embd_head_k_all = 128
llama_kv_cache: attn_rot_v = 0, n_embd_head_k_all = 128
llama_context: enumerating backends
llama_context: backend_ptrs.size() = 2
sched_reserve: reserving ...
sched_reserve: max_nodes = 2712
sched_reserve: reserving full memory module
sched_reserve: worst-case: n_tokens = 512, n_seqs = 1, n_outputs = 1
graph_reserve: reserving a graph for ubatch with n_tokens =    1, n_seqs =  1, n_outputs =    1
sched_reserve: Flash Attention was auto, set to enabled
sched_reserve: resolving fused Gated Delta Net support:
graph_reserve: reserving a graph for ubatch with n_tokens =    1, n_seqs =  1, n_outputs =    1
sched_reserve: fused Gated Delta Net (autoregressive) enabled
graph_reserve: reserving a graph for ubatch with n_tokens =   16, n_seqs =  1, n_outputs =   16
sched_reserve: fused Gated Delta Net (chunked) enabled
graph_reserve: reserving a graph for ubatch with n_tokens =  512, n_seqs =  1, n_outputs =  512
graph_reserve: reserving a graph for ubatch with n_tokens =    1, n_seqs =  1, n_outputs =    1
graph_reserve: reserving a graph for ubatch with n_tokens =  512, n_seqs =  1, n_outputs =  512
sched_reserve:      CUDA0 compute buffer size =   304.00 MiB
sched_reserve:  CUDA_Host compute buffer size =    14.76 MiB
sched_reserve: graph nodes  = 958
sched_reserve: graph splits = 44 (with bs=512), 2 (with bs=1)
sched_reserve: reserve took 21.47 ms, sched copies = 1
CUDA Graph id 2118 reused
ggml_backend_cuda_graph_compute: CUDA graph warmup complete
CUDA Graph id 2118 reused
CUDA Graph id 2118 reused
CUDA Graph id 2118 reused
CUDA Graph id 2118 reused
CUDA Graph id 2118 reused
CUDA Graph id 2118 reused
CUDA Graph id 2118 reused
CUDA Graph id 2118 reused
CUDA Graph id 2118 reused
CUDA Graph id 2118 reused
CUDA Graph id 2118 reused
CUDA Graph id 2118 reused
CUDA Graph id 2118 reused
CUDA Graph id 2118 reused
CUDA Graph id 2118 reused
CUDA Graph id 2118 reused
CUDA Graph id 2118 reused
CUDA Graph id 2118 reused
CUDA Graph id 2118 reused
CUDA Graph id 2118 reused
CUDA Graph id 2118 reused
CUDA Graph id 2118 reused
CUDA Graph id 2118 reused
~llama_context:      CUDA0 compute buffer size is 304.0000 MiB, matches expectation of 304.0000 MiB
~llama_context:  CUDA_Host compute buffer size is  14.7637 MiB, matches expectation of  14.7637 MiB
llama_context: constructing llama_context
llama_context: n_seq_max     = 1
llama_context: n_ctx         = 768
llama_context: n_ctx_seq     = 768
llama_context: n_batch       = 740
llama_context: n_ubatch      = 512
llama_context: causal_attn   = 1
llama_context: flash_attn    = auto
llama_context: kv_unified    = false
llama_context: freq_base     = 1000000.0
llama_context: freq_scale    = 1
llama_context: n_rs_seq      = 0
llama_context: n_outputs_max = 740
llama_context: n_ctx_seq (768) < n_ctx_train (32768) -- the full capacity of the model will not be utilized
set_abort_callback: call
llama_context:  CUDA_Host  output buffer size =     0.58 MiB
llama_kv_cache: layer   0: dev = CPU
llama_kv_cache: layer   1: dev = CPU
llama_kv_cache: layer   2: dev = CPU
llama_kv_cache: layer   3: dev = CUDA0
llama_kv_cache: layer   4: dev = CUDA0
llama_kv_cache: layer   5: dev = CUDA0
llama_kv_cache: layer   6: dev = CUDA0
llama_kv_cache: layer   7: dev = CUDA0
llama_kv_cache: layer   8: dev = CUDA0
llama_kv_cache: layer   9: dev = CUDA0
llama_kv_cache: layer  10: dev = CUDA0
llama_kv_cache: layer  11: dev = CUDA0
llama_kv_cache: layer  12: dev = CUDA0
llama_kv_cache: layer  13: dev = CUDA0
llama_kv_cache: layer  14: dev = CUDA0
llama_kv_cache: layer  15: dev = CUDA0
llama_kv_cache: layer  16: dev = CUDA0
llama_kv_cache: layer  17: dev = CUDA0
llama_kv_cache: layer  18: dev = CUDA0
llama_kv_cache: layer  19: dev = CUDA0
llama_kv_cache: layer  20: dev = CUDA0
llama_kv_cache: layer  21: dev = CUDA0
llama_kv_cache: layer  22: dev = CUDA0
llama_kv_cache: layer  23: dev = CUDA0
llama_kv_cache: layer  24: dev = CUDA0
llama_kv_cache: layer  25: dev = CUDA0
llama_kv_cache: layer  26: dev = CUDA0
llama_kv_cache: layer  27: dev = CUDA0
llama_kv_cache:        CPU KV buffer size =     4.50 MiB
llama_kv_cache:      CUDA0 KV buffer size =    37.50 MiB
llama_kv_cache: size =   42.00 MiB (   768 cells,  28 layers,  1/1 seqs), K (f16):   21.00 MiB, V (f16):   21.00 MiB
llama_kv_cache: attn_rot_k = 0, n_embd_head_k_all = 128
llama_kv_cache: attn_rot_v = 0, n_embd_head_k_all = 128
llama_context: enumerating backends
llama_context: backend_ptrs.size() = 2
sched_reserve: reserving ...
sched_reserve: max_nodes = 2712
sched_reserve: reserving full memory module
sched_reserve: worst-case: n_tokens = 512, n_seqs = 1, n_outputs = 1
graph_reserve: reserving a graph for ubatch with n_tokens =    1, n_seqs =  1, n_outputs =    1
sched_reserve: Flash Attention was auto, set to enabled
sched_reserve: resolving fused Gated Delta Net support:
graph_reserve: reserving a graph for ubatch with n_tokens =    1, n_seqs =  1, n_outputs =    1
sched_reserve: fused Gated Delta Net (autoregressive) enabled
graph_reserve: reserving a graph for ubatch with n_tokens =   16, n_seqs =  1, n_outputs =   16
sched_reserve: fused Gated Delta Net (chunked) enabled
graph_reserve: reserving a graph for ubatch with n_tokens =  512, n_seqs =  1, n_outputs =  512
graph_reserve: reserving a graph for ubatch with n_tokens =    1, n_seqs =  1, n_outputs =    1
graph_reserve: reserving a graph for ubatch with n_tokens =  512, n_seqs =  1, n_outputs =  512
sched_reserve:      CUDA0 compute buffer size =   304.00 MiB
sched_reserve:  CUDA_Host compute buffer size =    14.76 MiB
sched_reserve: graph nodes  = 958
sched_reserve: graph splits = 44 (with bs=512), 2 (with bs=1)
sched_reserve: reserve took 23.77 ms, sched copies = 1
CUDA Graph id 2268 reused
ggml_backend_cuda_graph_compute: CUDA graph warmup complete
CUDA Graph id 2268 reused
CUDA Graph id 2268 reused
CUDA Graph id 2268 reused
CUDA Graph id 2268 reused
CUDA Graph id 2268 reused
CUDA Graph id 2268 reused
CUDA Graph id 2268 reused
CUDA Graph id 2268 reused
CUDA Graph id 2268 reused
CUDA Graph id 2268 reused
CUDA Graph id 2268 reused
CUDA Graph id 2268 reused
CUDA Graph id 2268 reused
CUDA Graph id 2268 reused
CUDA Graph id 2268 reused
CUDA Graph id 2268 reused
~llama_context:      CUDA0 compute buffer size is 304.0000 MiB, matches expectation of 304.0000 MiB
~llama_context:  CUDA_Host compute buffer size is  14.7637 MiB, matches expectation of  14.7637 MiB
llama_context: constructing llama_context
llama_context: n_seq_max     = 1
llama_context: n_ctx         = 768
llama_context: n_ctx_seq     = 768
llama_context: n_batch       = 740
llama_context: n_ubatch      = 512
llama_context: causal_attn   = 1
llama_context: flash_attn    = auto
llama_context: kv_unified    = false
llama_context: freq_base     = 1000000.0
llama_context: freq_scale    = 1
llama_context: n_rs_seq      = 0
llama_context: n_outputs_max = 740
llama_context: n_ctx_seq (768) < n_ctx_train (32768) -- the full capacity of the model will not be utilized
set_abort_callback: call
llama_context:  CUDA_Host  output buffer size =     0.58 MiB
llama_kv_cache: layer   0: dev = CPU
llama_kv_cache: layer   1: dev = CPU
llama_kv_cache: layer   2: dev = CPU
llama_kv_cache: layer   3: dev = CUDA0
llama_kv_cache: layer   4: dev = CUDA0
llama_kv_cache: layer   5: dev = CUDA0
llama_kv_cache: layer   6: dev = CUDA0
llama_kv_cache: layer   7: dev = CUDA0
llama_kv_cache: layer   8: dev = CUDA0
llama_kv_cache: layer   9: dev = CUDA0
llama_kv_cache: layer  10: dev = CUDA0
llama_kv_cache: layer  11: dev = CUDA0
llama_kv_cache: layer  12: dev = CUDA0
llama_kv_cache: layer  13: dev = CUDA0
llama_kv_cache: layer  14: dev = CUDA0
llama_kv_cache: layer  15: dev = CUDA0
llama_kv_cache: layer  16: dev = CUDA0
llama_kv_cache: layer  17: dev = CUDA0
llama_kv_cache: layer  18: dev = CUDA0
llama_kv_cache: layer  19: dev = CUDA0
llama_kv_cache: layer  20: dev = CUDA0
llama_kv_cache: layer  21: dev = CUDA0
llama_kv_cache: layer  22: dev = CUDA0
llama_kv_cache: layer  23: dev = CUDA0
llama_kv_cache: layer  24: dev = CUDA0
llama_kv_cache: layer  25: dev = CUDA0
llama_kv_cache: layer  26: dev = CUDA0
llama_kv_cache: layer  27: dev = CUDA0
llama_kv_cache:        CPU KV buffer size =     4.50 MiB
llama_kv_cache:      CUDA0 KV buffer size =    37.50 MiB
llama_kv_cache: size =   42.00 MiB (   768 cells,  28 layers,  1/1 seqs), K (f16):   21.00 MiB, V (f16):   21.00 MiB
llama_kv_cache: attn_rot_k = 0, n_embd_head_k_all = 128
llama_kv_cache: attn_rot_v = 0, n_embd_head_k_all = 128
llama_context: enumerating backends
llama_context: backend_ptrs.size() = 2
sched_reserve: reserving ...
sched_reserve: max_nodes = 2712
sched_reserve: reserving full memory module
sched_reserve: worst-case: n_tokens = 512, n_seqs = 1, n_outputs = 1
graph_reserve: reserving a graph for ubatch with n_tokens =    1, n_seqs =  1, n_outputs =    1
sched_reserve: Flash Attention was auto, set to enabled
sched_reserve: resolving fused Gated Delta Net support:
graph_reserve: reserving a graph for ubatch with n_tokens =    1, n_seqs =  1, n_outputs =    1
sched_reserve: fused Gated Delta Net (autoregressive) enabled
graph_reserve: reserving a graph for ubatch with n_tokens =   16, n_seqs =  1, n_outputs =   16
sched_reserve: fused Gated Delta Net (chunked) enabled
graph_reserve: reserving a graph for ubatch with n_tokens =  512, n_seqs =  1, n_outputs =  512
graph_reserve: reserving a graph for ubatch with n_tokens =    1, n_seqs =  1, n_outputs =    1
graph_reserve: reserving a graph for ubatch with n_tokens =  512, n_seqs =  1, n_outputs =  512
sched_reserve:      CUDA0 compute buffer size =   304.00 MiB
sched_reserve:  CUDA_Host compute buffer size =    14.76 MiB
sched_reserve: graph nodes  = 958
sched_reserve: graph splits = 44 (with bs=512), 2 (with bs=1)
sched_reserve: reserve took 16.35 ms, sched copies = 1
CUDA Graph id 2418 reused
ggml_backend_cuda_graph_compute: CUDA graph warmup complete
CUDA Graph id 2418 reused
CUDA Graph id 2418 reused
CUDA Graph id 2418 reused
CUDA Graph id 2418 reused
CUDA Graph id 2418 reused
CUDA Graph id 2418 reused
CUDA Graph id 2418 reused
CUDA Graph id 2418 reused
CUDA Graph id 2418 reused
CUDA Graph id 2418 reused
CUDA Graph id 2418 reused
CUDA Graph id 2418 reused
CUDA Graph id 2418 reused
CUDA Graph id 2418 reused
CUDA Graph id 2418 reused
CUDA Graph id 2418 reused
CUDA Graph id 2418 reused
CUDA Graph id 2418 reused
CUDA Graph id 2418 reused
CUDA Graph id 2418 reused
CUDA Graph id 2418 reused
CUDA Graph id 2418 reused
CUDA Graph id 2418 reused
~llama_context:      CUDA0 compute buffer size is 304.0000 MiB, matches expectation of 304.0000 MiB
~llama_context:  CUDA_Host compute buffer size is  14.7637 MiB, matches expectation of  14.7637 MiB
llama_context: constructing llama_context
llama_context: n_seq_max     = 1
llama_context: n_ctx         = 768
llama_context: n_ctx_seq     = 768
llama_context: n_batch       = 740
llama_context: n_ubatch      = 512
llama_context: causal_attn   = 1
llama_context: flash_attn    = auto
llama_context: kv_unified    = false
llama_context: freq_base     = 1000000.0
llama_context: freq_scale    = 1
llama_context: n_rs_seq      = 0
llama_context: n_outputs_max = 740
llama_context: n_ctx_seq (768) < n_ctx_train (32768) -- the full capacity of the model will not be utilized
set_abort_callback: call
llama_context:  CUDA_Host  output buffer size =     0.58 MiB
llama_kv_cache: layer   0: dev = CPU
llama_kv_cache: layer   1: dev = CPU
llama_kv_cache: layer   2: dev = CPU
llama_kv_cache: layer   3: dev = CUDA0
llama_kv_cache: layer   4: dev = CUDA0
llama_kv_cache: layer   5: dev = CUDA0
llama_kv_cache: layer   6: dev = CUDA0
llama_kv_cache: layer   7: dev = CUDA0
llama_kv_cache: layer   8: dev = CUDA0
llama_kv_cache: layer   9: dev = CUDA0
llama_kv_cache: layer  10: dev = CUDA0
llama_kv_cache: layer  11: dev = CUDA0
llama_kv_cache: layer  12: dev = CUDA0
llama_kv_cache: layer  13: dev = CUDA0
llama_kv_cache: layer  14: dev = CUDA0
llama_kv_cache: layer  15: dev = CUDA0
llama_kv_cache: layer  16: dev = CUDA0
llama_kv_cache: layer  17: dev = CUDA0
llama_kv_cache: layer  18: dev = CUDA0
llama_kv_cache: layer  19: dev = CUDA0
llama_kv_cache: layer  20: dev = CUDA0
llama_kv_cache: layer  21: dev = CUDA0
llama_kv_cache: layer  22: dev = CUDA0
llama_kv_cache: layer  23: dev = CUDA0
llama_kv_cache: layer  24: dev = CUDA0
llama_kv_cache: layer  25: dev = CUDA0
llama_kv_cache: layer  26: dev = CUDA0
llama_kv_cache: layer  27: dev = CUDA0
llama_kv_cache:        CPU KV buffer size =     4.50 MiB
llama_kv_cache:      CUDA0 KV buffer size =    37.50 MiB
llama_kv_cache: size =   42.00 MiB (   768 cells,  28 layers,  1/1 seqs), K (f16):   21.00 MiB, V (f16):   21.00 MiB
llama_kv_cache: attn_rot_k = 0, n_embd_head_k_all = 128
llama_kv_cache: attn_rot_v = 0, n_embd_head_k_all = 128
llama_context: enumerating backends
llama_context: backend_ptrs.size() = 2
sched_reserve: reserving ...
sched_reserve: max_nodes = 2712
sched_reserve: reserving full memory module
sched_reserve: worst-case: n_tokens = 512, n_seqs = 1, n_outputs = 1
graph_reserve: reserving a graph for ubatch with n_tokens =    1, n_seqs =  1, n_outputs =    1
sched_reserve: Flash Attention was auto, set to enabled
sched_reserve: resolving fused Gated Delta Net support:
graph_reserve: reserving a graph for ubatch with n_tokens =    1, n_seqs =  1, n_outputs =    1
sched_reserve: fused Gated Delta Net (autoregressive) enabled
graph_reserve: reserving a graph for ubatch with n_tokens =   16, n_seqs =  1, n_outputs =   16
sched_reserve: fused Gated Delta Net (chunked) enabled
graph_reserve: reserving a graph for ubatch with n_tokens =  512, n_seqs =  1, n_outputs =  512
graph_reserve: reserving a graph for ubatch with n_tokens =    1, n_seqs =  1, n_outputs =    1
graph_reserve: reserving a graph for ubatch with n_tokens =  512, n_seqs =  1, n_outputs =  512
sched_reserve:      CUDA0 compute buffer size =   304.00 MiB
sched_reserve:  CUDA_Host compute buffer size =    14.76 MiB
sched_reserve: graph nodes  = 958
sched_reserve: graph splits = 44 (with bs=512), 2 (with bs=1)
sched_reserve: reserve took 22.23 ms, sched copies = 1
CUDA Graph id 2568 reused
ggml_backend_cuda_graph_compute: CUDA graph warmup complete
CUDA Graph id 2568 reused
CUDA Graph id 2568 reused
CUDA Graph id 2568 reused
CUDA Graph id 2568 reused
CUDA Graph id 2568 reused
CUDA Graph id 2568 reused
CUDA Graph id 2568 reused
CUDA Graph id 2568 reused
CUDA Graph id 2568 reused
CUDA Graph id 2568 reused
CUDA Graph id 2568 reused
CUDA Graph id 2568 reused
CUDA Graph id 2568 reused
CUDA Graph id 2568 reused
CUDA Graph id 2568 reused
CUDA Graph id 2568 reused
CUDA Graph id 2568 reused
~llama_context:      CUDA0 compute buffer size is 304.0000 MiB, matches expectation of 304.0000 MiB
~llama_context:  CUDA_Host compute buffer size is  14.7637 MiB, matches expectation of  14.7637 MiB
llama_context: constructing llama_context
llama_context: n_seq_max     = 1
llama_context: n_ctx         = 768
llama_context: n_ctx_seq     = 768
llama_context: n_batch       = 740
llama_context: n_ubatch      = 512
llama_context: causal_attn   = 1
llama_context: flash_attn    = auto
llama_context: kv_unified    = false
llama_context: freq_base     = 1000000.0
llama_context: freq_scale    = 1
llama_context: n_rs_seq      = 0
llama_context: n_outputs_max = 740
llama_context: n_ctx_seq (768) < n_ctx_train (32768) -- the full capacity of the model will not be utilized
set_abort_callback: call
llama_context:  CUDA_Host  output buffer size =     0.58 MiB
llama_kv_cache: layer   0: dev = CPU
llama_kv_cache: layer   1: dev = CPU
llama_kv_cache: layer   2: dev = CPU
llama_kv_cache: layer   3: dev = CUDA0
llama_kv_cache: layer   4: dev = CUDA0
llama_kv_cache: layer   5: dev = CUDA0
llama_kv_cache: layer   6: dev = CUDA0
llama_kv_cache: layer   7: dev = CUDA0
llama_kv_cache: layer   8: dev = CUDA0
llama_kv_cache: layer   9: dev = CUDA0
llama_kv_cache: layer  10: dev = CUDA0
llama_kv_cache: layer  11: dev = CUDA0
llama_kv_cache: layer  12: dev = CUDA0
llama_kv_cache: layer  13: dev = CUDA0
llama_kv_cache: layer  14: dev = CUDA0
llama_kv_cache: layer  15: dev = CUDA0
llama_kv_cache: layer  16: dev = CUDA0
llama_kv_cache: layer  17: dev = CUDA0
llama_kv_cache: layer  18: dev = CUDA0
llama_kv_cache: layer  19: dev = CUDA0
llama_kv_cache: layer  20: dev = CUDA0
llama_kv_cache: layer  21: dev = CUDA0
llama_kv_cache: layer  22: dev = CUDA0
llama_kv_cache: layer  23: dev = CUDA0
llama_kv_cache: layer  24: dev = CUDA0
llama_kv_cache: layer  25: dev = CUDA0
llama_kv_cache: layer  26: dev = CUDA0
llama_kv_cache: layer  27: dev = CUDA0
llama_kv_cache:        CPU KV buffer size =     4.50 MiB
llama_kv_cache:      CUDA0 KV buffer size =    37.50 MiB
llama_kv_cache: size =   42.00 MiB (   768 cells,  28 layers,  1/1 seqs), K (f16):   21.00 MiB, V (f16):   21.00 MiB
llama_kv_cache: attn_rot_k = 0, n_embd_head_k_all = 128
llama_kv_cache: attn_rot_v = 0, n_embd_head_k_all = 128
llama_context: enumerating backends
llama_context: backend_ptrs.size() = 2
sched_reserve: reserving ...
sched_reserve: max_nodes = 2712
sched_reserve: reserving full memory module
sched_reserve: worst-case: n_tokens = 512, n_seqs = 1, n_outputs = 1
graph_reserve: reserving a graph for ubatch with n_tokens =    1, n_seqs =  1, n_outputs =    1
sched_reserve: Flash Attention was auto, set to enabled
sched_reserve: resolving fused Gated Delta Net support:
graph_reserve: reserving a graph for ubatch with n_tokens =    1, n_seqs =  1, n_outputs =    1
sched_reserve: fused Gated Delta Net (autoregressive) enabled
graph_reserve: reserving a graph for ubatch with n_tokens =   16, n_seqs =  1, n_outputs =   16
sched_reserve: fused Gated Delta Net (chunked) enabled
graph_reserve: reserving a graph for ubatch with n_tokens =  512, n_seqs =  1, n_outputs =  512
graph_reserve: reserving a graph for ubatch with n_tokens =    1, n_seqs =  1, n_outputs =    1
graph_reserve: reserving a graph for ubatch with n_tokens =  512, n_seqs =  1, n_outputs =  512
sched_reserve:      CUDA0 compute buffer size =   304.00 MiB
sched_reserve:  CUDA_Host compute buffer size =    14.76 MiB
sched_reserve: graph nodes  = 958
sched_reserve: graph splits = 44 (with bs=512), 2 (with bs=1)
sched_reserve: reserve took 18.90 ms, sched copies = 1
CUDA Graph id 2718 reused
ggml_backend_cuda_graph_compute: CUDA graph warmup complete
CUDA Graph id 2718 reused
CUDA Graph id 2718 reused
CUDA Graph id 2718 reused
CUDA Graph id 2718 reused
CUDA Graph id 2718 reused
CUDA Graph id 2718 reused
CUDA Graph id 2718 reused
CUDA Graph id 2718 reused
CUDA Graph id 2718 reused
CUDA Graph id 2718 reused
CUDA Graph id 2718 reused
CUDA Graph id 2718 reused
CUDA Graph id 2718 reused
CUDA Graph id 2718 reused
CUDA Graph id 2718 reused
CUDA Graph id 2718 reused
CUDA Graph id 2718 reused
CUDA Graph id 2718 reused
CUDA Graph id 2718 reused
CUDA Graph id 2718 reused
CUDA Graph id 2718 reused
CUDA Graph id 2718 reused
CUDA Graph id 2718 reused
CUDA Graph id 2718 reused
CUDA Graph id 2718 reused
CUDA Graph id 2718 reused
CUDA Graph id 2718 reused
CUDA Graph id 2718 reused
CUDA Graph id 2718 reused
CUDA Graph id 2718 reused
CUDA Graph id 2718 reused
CUDA Graph id 2718 reused
CUDA Graph id 2718 reused
CUDA Graph id 2718 reused
ggml_backend_cuda_graph_compute: CUDA graph warmup reset
CUDA Graph id 2721 reused
ggml_backend_cuda_graph_compute: CUDA graph warmup complete
CUDA Graph id 2721 reused
CUDA Graph id 2721 reused
CUDA Graph id 2721 reused
CUDA Graph id 2721 reused
CUDA Graph id 2721 reused
CUDA Graph id 2721 reused
CUDA Graph id 2721 reused
CUDA Graph id 2721 reused
CUDA Graph id 2721 reused
CUDA Graph id 2721 reused
CUDA Graph id 2721 reused
CUDA Graph id 2721 reused
CUDA Graph id 2721 reused
CUDA Graph id 2721 reused
CUDA Graph id 2721 reused
CUDA Graph id 2721 reused
CUDA Graph id 2721 reused
CUDA Graph id 2721 reused
CUDA Graph id 2721 reused
CUDA Graph id 2721 reused
CUDA Graph id 2721 reused
CUDA Graph id 2721 reused
CUDA Graph id 2721 reused
CUDA Graph id 2721 reused
CUDA Graph id 2721 reused
CUDA Graph id 2721 reused
CUDA Graph id 2721 reused
CUDA Graph id 2721 reused
CUDA Graph id 2721 reused
CUDA Graph id 2721 reused
CUDA Graph id 2721 reused
CUDA Graph id 2721 reused
CUDA Graph id 2721 reused
CUDA Graph id 2721 reused
CUDA Graph id 2721 reused
CUDA Graph id 2721 reused
CUDA Graph id 2721 reused
CUDA Graph id 2721 reused
CUDA Graph id 2721 reused
CUDA Graph id 2721 reused
CUDA Graph id 2721 reused
CUDA Graph id 2721 reused
CUDA Graph id 2721 reused
CUDA Graph id 2721 reused
CUDA Graph id 2721 reused
CUDA Graph id 2721 reused
CUDA Graph id 2721 reused
CUDA Graph id 2721 reused
CUDA Graph id 2721 reused
CUDA Graph id 2721 reused
CUDA Graph id 2721 reused
CUDA Graph id 2721 reused
CUDA Graph id 2721 reused
CUDA Graph id 2721 reused
CUDA Graph id 2721 reused
CUDA Graph id 2721 reused
CUDA Graph id 2721 reused
CUDA Graph id 2721 reused
CUDA Graph id 2721 reused
CUDA Graph id 2721 reused
CUDA Graph id 2721 reused
CUDA Graph id 2721 reused
CUDA Graph id 2721 reused
CUDA Graph id 2721 reused
CUDA Graph id 2721 reused
~llama_context:      CUDA0 compute buffer size is 304.0000 MiB, matches expectation of 304.0000 MiB
~llama_context:  CUDA_Host compute buffer size is  14.7637 MiB, matches expectation of  14.7637 MiB
schema 53/75 done
llama_context: constructing llama_context
llama_context: n_seq_max     = 1
llama_context: n_ctx         = 768
llama_context: n_ctx_seq     = 768
llama_context: n_batch       = 637
llama_context: n_ubatch      = 512
llama_context: causal_attn   = 1
llama_context: flash_attn    = auto
llama_context: kv_unified    = false
llama_context: freq_base     = 1000000.0
llama_context: freq_scale    = 1
llama_context: n_rs_seq      = 0
llama_context: n_outputs_max = 637
llama_context: n_ctx_seq (768) < n_ctx_train (32768) -- the full capacity of the model will not be utilized
set_abort_callback: call
llama_context:  CUDA_Host  output buffer size =     0.58 MiB
llama_kv_cache: layer   0: dev = CPU
llama_kv_cache: layer   1: dev = CPU
llama_kv_cache: layer   2: dev = CPU
llama_kv_cache: layer   3: dev = CUDA0
llama_kv_cache: layer   4: dev = CUDA0
llama_kv_cache: layer   5: dev = CUDA0
llama_kv_cache: layer   6: dev = CUDA0
llama_kv_cache: layer   7: dev = CUDA0
llama_kv_cache: layer   8: dev = CUDA0
llama_kv_cache: layer   9: dev = CUDA0
llama_kv_cache: layer  10: dev = CUDA0
llama_kv_cache: layer  11: dev = CUDA0
llama_kv_cache: layer  12: dev = CUDA0
llama_kv_cache: layer  13: dev = CUDA0
llama_kv_cache: layer  14: dev = CUDA0
llama_kv_cache: layer  15: dev = CUDA0
llama_kv_cache: layer  16: dev = CUDA0
llama_kv_cache: layer  17: dev = CUDA0
llama_kv_cache: layer  18: dev = CUDA0
llama_kv_cache: layer  19: dev = CUDA0
llama_kv_cache: layer  20: dev = CUDA0
llama_kv_cache: layer  21: dev = CUDA0
llama_kv_cache: layer  22: dev = CUDA0
llama_kv_cache: layer  23: dev = CUDA0
llama_kv_cache: layer  24: dev = CUDA0
llama_kv_cache: layer  25: dev = CUDA0
llama_kv_cache: layer  26: dev = CUDA0
llama_kv_cache: layer  27: dev = CUDA0
llama_kv_cache:        CPU KV buffer size =     4.50 MiB
llama_kv_cache:      CUDA0 KV buffer size =    37.50 MiB
llama_kv_cache: size =   42.00 MiB (   768 cells,  28 layers,  1/1 seqs), K (f16):   21.00 MiB, V (f16):   21.00 MiB
llama_kv_cache: attn_rot_k = 0, n_embd_head_k_all = 128
llama_kv_cache: attn_rot_v = 0, n_embd_head_k_all = 128
llama_context: enumerating backends
llama_context: backend_ptrs.size() = 2
sched_reserve: reserving ...
sched_reserve: max_nodes = 2712
sched_reserve: reserving full memory module
sched_reserve: worst-case: n_tokens = 512, n_seqs = 1, n_outputs = 1
graph_reserve: reserving a graph for ubatch with n_tokens =    1, n_seqs =  1, n_outputs =    1
sched_reserve: Flash Attention was auto, set to enabled
sched_reserve: resolving fused Gated Delta Net support:
graph_reserve: reserving a graph for ubatch with n_tokens =    1, n_seqs =  1, n_outputs =    1
sched_reserve: fused Gated Delta Net (autoregressive) enabled
graph_reserve: reserving a graph for ubatch with n_tokens =   16, n_seqs =  1, n_outputs =   16
sched_reserve: fused Gated Delta Net (chunked) enabled
graph_reserve: reserving a graph for ubatch with n_tokens =  512, n_seqs =  1, n_outputs =  512
graph_reserve: reserving a graph for ubatch with n_tokens =    1, n_seqs =  1, n_outputs =    1
graph_reserve: reserving a graph for ubatch with n_tokens =  512, n_seqs =  1, n_outputs =  512
sched_reserve:      CUDA0 compute buffer size =   304.00 MiB
sched_reserve:  CUDA_Host compute buffer size =    14.76 MiB
sched_reserve: graph nodes  = 958
sched_reserve: graph splits = 44 (with bs=512), 2 (with bs=1)
sched_reserve: reserve took 19.12 ms, sched copies = 1
CUDA Graph id 2871 reused
ggml_backend_cuda_graph_compute: CUDA graph warmup complete
CUDA Graph id 2871 reused
CUDA Graph id 2871 reused
CUDA Graph id 2871 reused
CUDA Graph id 2871 reused
CUDA Graph id 2871 reused
CUDA Graph id 2871 reused
CUDA Graph id 2871 reused
CUDA Graph id 2871 reused
~llama_context:      CUDA0 compute buffer size is 304.0000 MiB, matches expectation of 304.0000 MiB
~llama_context:  CUDA_Host compute buffer size is  14.7637 MiB, matches expectation of  14.7637 MiB
llama_context: constructing llama_context
llama_context: n_seq_max     = 1
llama_context: n_ctx         = 768
llama_context: n_ctx_seq     = 768
llama_context: n_batch       = 637
llama_context: n_ubatch      = 512
llama_context: causal_attn   = 1
llama_context: flash_attn    = auto
llama_context: kv_unified    = false
llama_context: freq_base     = 1000000.0
llama_context: freq_scale    = 1
llama_context: n_rs_seq      = 0
llama_context: n_outputs_max = 637
llama_context: n_ctx_seq (768) < n_ctx_train (32768) -- the full capacity of the model will not be utilized
set_abort_callback: call
llama_context:  CUDA_Host  output buffer size =     0.58 MiB
llama_kv_cache: layer   0: dev = CPU
llama_kv_cache: layer   1: dev = CPU
llama_kv_cache: layer   2: dev = CPU
llama_kv_cache: layer   3: dev = CUDA0
llama_kv_cache: layer   4: dev = CUDA0
llama_kv_cache: layer   5: dev = CUDA0
llama_kv_cache: layer   6: dev = CUDA0
llama_kv_cache: layer   7: dev = CUDA0
llama_kv_cache: layer   8: dev = CUDA0
llama_kv_cache: layer   9: dev = CUDA0
llama_kv_cache: layer  10: dev = CUDA0
llama_kv_cache: layer  11: dev = CUDA0
llama_kv_cache: layer  12: dev = CUDA0
llama_kv_cache: layer  13: dev = CUDA0
llama_kv_cache: layer  14: dev = CUDA0
llama_kv_cache: layer  15: dev = CUDA0
llama_kv_cache: layer  16: dev = CUDA0
llama_kv_cache: layer  17: dev = CUDA0
llama_kv_cache: layer  18: dev = CUDA0
llama_kv_cache: layer  19: dev = CUDA0
llama_kv_cache: layer  20: dev = CUDA0
llama_kv_cache: layer  21: dev = CUDA0
llama_kv_cache: layer  22: dev = CUDA0
llama_kv_cache: layer  23: dev = CUDA0
llama_kv_cache: layer  24: dev = CUDA0
llama_kv_cache: layer  25: dev = CUDA0
llama_kv_cache: layer  26: dev = CUDA0
llama_kv_cache: layer  27: dev = CUDA0
llama_kv_cache:        CPU KV buffer size =     4.50 MiB
llama_kv_cache:      CUDA0 KV buffer size =    37.50 MiB
llama_kv_cache: size =   42.00 MiB (   768 cells,  28 layers,  1/1 seqs), K (f16):   21.00 MiB, V (f16):   21.00 MiB
llama_kv_cache: attn_rot_k = 0, n_embd_head_k_all = 128
llama_kv_cache: attn_rot_v = 0, n_embd_head_k_all = 128
llama_context: enumerating backends
llama_context: backend_ptrs.size() = 2
sched_reserve: reserving ...
sched_reserve: max_nodes = 2712
sched_reserve: reserving full memory module
sched_reserve: worst-case: n_tokens = 512, n_seqs = 1, n_outputs = 1
graph_reserve: reserving a graph for ubatch with n_tokens =    1, n_seqs =  1, n_outputs =    1
sched_reserve: Flash Attention was auto, set to enabled
sched_reserve: resolving fused Gated Delta Net support:
graph_reserve: reserving a graph for ubatch with n_tokens =    1, n_seqs =  1, n_outputs =    1
sched_reserve: fused Gated Delta Net (autoregressive) enabled
graph_reserve: reserving a graph for ubatch with n_tokens =   16, n_seqs =  1, n_outputs =   16
sched_reserve: fused Gated Delta Net (chunked) enabled
graph_reserve: reserving a graph for ubatch with n_tokens =  512, n_seqs =  1, n_outputs =  512
graph_reserve: reserving a graph for ubatch with n_tokens =    1, n_seqs =  1, n_outputs =    1
graph_reserve: reserving a graph for ubatch with n_tokens =  512, n_seqs =  1, n_outputs =  512
sched_reserve:      CUDA0 compute buffer size =   304.00 MiB
sched_reserve:  CUDA_Host compute buffer size =    14.76 MiB
sched_reserve: graph nodes  = 958
sched_reserve: graph splits = 44 (with bs=512), 2 (with bs=1)
sched_reserve: reserve took 13.92 ms, sched copies = 1
CUDA Graph id 3021 reused
ggml_backend_cuda_graph_compute: CUDA graph warmup complete
CUDA Graph id 3021 reused
CUDA Graph id 3021 reused
CUDA Graph id 3021 reused
CUDA Graph id 3021 reused
CUDA Graph id 3021 reused
CUDA Graph id 3021 reused
CUDA Graph id 3021 reused
CUDA Graph id 3021 reused
~llama_context:      CUDA0 compute buffer size is 304.0000 MiB, matches expectation of 304.0000 MiB
~llama_context:  CUDA_Host compute buffer size is  14.7637 MiB, matches expectation of  14.7637 MiB
llama_context: constructing llama_context
llama_context: n_seq_max     = 1
llama_context: n_ctx         = 768
llama_context: n_ctx_seq     = 768
llama_context: n_batch       = 637
llama_context: n_ubatch      = 512
llama_context: causal_attn   = 1
llama_context: flash_attn    = auto
llama_context: kv_unified    = false
llama_context: freq_base     = 1000000.0
llama_context: freq_scale    = 1
llama_context: n_rs_seq      = 0
llama_context: n_outputs_max = 637
llama_context: n_ctx_seq (768) < n_ctx_train (32768) -- the full capacity of the model will not be utilized
set_abort_callback: call
llama_context:  CUDA_Host  output buffer size =     0.58 MiB
llama_kv_cache: layer   0: dev = CPU
llama_kv_cache: layer   1: dev = CPU
llama_kv_cache: layer   2: dev = CPU
llama_kv_cache: layer   3: dev = CUDA0
llama_kv_cache: layer   4: dev = CUDA0
llama_kv_cache: layer   5: dev = CUDA0
llama_kv_cache: layer   6: dev = CUDA0
llama_kv_cache: layer   7: dev = CUDA0
llama_kv_cache: layer   8: dev = CUDA0
llama_kv_cache: layer   9: dev = CUDA0
llama_kv_cache: layer  10: dev = CUDA0
llama_kv_cache: layer  11: dev = CUDA0
llama_kv_cache: layer  12: dev = CUDA0
llama_kv_cache: layer  13: dev = CUDA0
llama_kv_cache: layer  14: dev = CUDA0
llama_kv_cache: layer  15: dev = CUDA0
llama_kv_cache: layer  16: dev = CUDA0
llama_kv_cache: layer  17: dev = CUDA0
llama_kv_cache: layer  18: dev = CUDA0
llama_kv_cache: layer  19: dev = CUDA0
llama_kv_cache: layer  20: dev = CUDA0
llama_kv_cache: layer  21: dev = CUDA0
llama_kv_cache: layer  22: dev = CUDA0
llama_kv_cache: layer  23: dev = CUDA0
llama_kv_cache: layer  24: dev = CUDA0
llama_kv_cache: layer  25: dev = CUDA0
llama_kv_cache: layer  26: dev = CUDA0
llama_kv_cache: layer  27: dev = CUDA0
llama_kv_cache:        CPU KV buffer size =     4.50 MiB
llama_kv_cache:      CUDA0 KV buffer size =    37.50 MiB
llama_kv_cache: size =   42.00 MiB (   768 cells,  28 layers,  1/1 seqs), K (f16):   21.00 MiB, V (f16):   21.00 MiB
llama_kv_cache: attn_rot_k = 0, n_embd_head_k_all = 128
llama_kv_cache: attn_rot_v = 0, n_embd_head_k_all = 128
llama_context: enumerating backends
llama_context: backend_ptrs.size() = 2
sched_reserve: reserving ...
sched_reserve: max_nodes = 2712
sched_reserve: reserving full memory module
sched_reserve: worst-case: n_tokens = 512, n_seqs = 1, n_outputs = 1
graph_reserve: reserving a graph for ubatch with n_tokens =    1, n_seqs =  1, n_outputs =    1
sched_reserve: Flash Attention was auto, set to enabled
sched_reserve: resolving fused Gated Delta Net support:
graph_reserve: reserving a graph for ubatch with n_tokens =    1, n_seqs =  1, n_outputs =    1
sched_reserve: fused Gated Delta Net (autoregressive) enabled
graph_reserve: reserving a graph for ubatch with n_tokens =   16, n_seqs =  1, n_outputs =   16
sched_reserve: fused Gated Delta Net (chunked) enabled
graph_reserve: reserving a graph for ubatch with n_tokens =  512, n_seqs =  1, n_outputs =  512
graph_reserve: reserving a graph for ubatch with n_tokens =    1, n_seqs =  1, n_outputs =    1
graph_reserve: reserving a graph for ubatch with n_tokens =  512, n_seqs =  1, n_outputs =  512
sched_reserve:      CUDA0 compute buffer size =   304.00 MiB
sched_reserve:  CUDA_Host compute buffer size =    14.76 MiB
sched_reserve: graph nodes  = 958
sched_reserve: graph splits = 44 (with bs=512), 2 (with bs=1)
sched_reserve: reserve took 18.90 ms, sched copies = 1
CUDA Graph id 3171 reused
ggml_backend_cuda_graph_compute: CUDA graph warmup complete
CUDA Graph id 3171 reused
CUDA Graph id 3171 reused
CUDA Graph id 3171 reused
CUDA Graph id 3171 reused
~llama_context:      CUDA0 compute buffer size is 304.0000 MiB, matches expectation of 304.0000 MiB
~llama_context:  CUDA_Host compute buffer size is  14.7637 MiB, matches expectation of  14.7637 MiB
llama_context: constructing llama_context
llama_context: n_seq_max     = 1
llama_context: n_ctx         = 768
llama_context: n_ctx_seq     = 768
llama_context: n_batch       = 637
llama_context: n_ubatch      = 512
llama_context: causal_attn   = 1
llama_context: flash_attn    = auto
llama_context: kv_unified    = false
llama_context: freq_base     = 1000000.0
llama_context: freq_scale    = 1
llama_context: n_rs_seq      = 0
llama_context: n_outputs_max = 637
llama_context: n_ctx_seq (768) < n_ctx_train (32768) -- the full capacity of the model will not be utilized
set_abort_callback: call
llama_context:  CUDA_Host  output buffer size =     0.58 MiB
llama_kv_cache: layer   0: dev = CPU
llama_kv_cache: layer   1: dev = CPU
llama_kv_cache: layer   2: dev = CPU
llama_kv_cache: layer   3: dev = CUDA0
llama_kv_cache: layer   4: dev = CUDA0
llama_kv_cache: layer   5: dev = CUDA0
llama_kv_cache: layer   6: dev = CUDA0
llama_kv_cache: layer   7: dev = CUDA0
llama_kv_cache: layer   8: dev = CUDA0
llama_kv_cache: layer   9: dev = CUDA0
llama_kv_cache: layer  10: dev = CUDA0
llama_kv_cache: layer  11: dev = CUDA0
llama_kv_cache: layer  12: dev = CUDA0
llama_kv_cache: layer  13: dev = CUDA0
llama_kv_cache: layer  14: dev = CUDA0
llama_kv_cache: layer  15: dev = CUDA0
llama_kv_cache: layer  16: dev = CUDA0
llama_kv_cache: layer  17: dev = CUDA0
llama_kv_cache: layer  18: dev = CUDA0
llama_kv_cache: layer  19: dev = CUDA0
llama_kv_cache: layer  20: dev = CUDA0
llama_kv_cache: layer  21: dev = CUDA0
llama_kv_cache: layer  22: dev = CUDA0
llama_kv_cache: layer  23: dev = CUDA0
llama_kv_cache: layer  24: dev = CUDA0
llama_kv_cache: layer  25: dev = CUDA0
llama_kv_cache: layer  26: dev = CUDA0
llama_kv_cache: layer  27: dev = CUDA0
llama_kv_cache:        CPU KV buffer size =     4.50 MiB
llama_kv_cache:      CUDA0 KV buffer size =    37.50 MiB
llama_kv_cache: size =   42.00 MiB (   768 cells,  28 layers,  1/1 seqs), K (f16):   21.00 MiB, V (f16):   21.00 MiB
llama_kv_cache: attn_rot_k = 0, n_embd_head_k_all = 128
llama_kv_cache: attn_rot_v = 0, n_embd_head_k_all = 128
llama_context: enumerating backends
llama_context: backend_ptrs.size() = 2
sched_reserve: reserving ...
sched_reserve: max_nodes = 2712
sched_reserve: reserving full memory module
sched_reserve: worst-case: n_tokens = 512, n_seqs = 1, n_outputs = 1
graph_reserve: reserving a graph for ubatch with n_tokens =    1, n_seqs =  1, n_outputs =    1
sched_reserve: Flash Attention was auto, set to enabled
sched_reserve: resolving fused Gated Delta Net support:
graph_reserve: reserving a graph for ubatch with n_tokens =    1, n_seqs =  1, n_outputs =    1
sched_reserve: fused Gated Delta Net (autoregressive) enabled
graph_reserve: reserving a graph for ubatch with n_tokens =   16, n_seqs =  1, n_outputs =   16
sched_reserve: fused Gated Delta Net (chunked) enabled
graph_reserve: reserving a graph for ubatch with n_tokens =  512, n_seqs =  1, n_outputs =  512
graph_reserve: reserving a graph for ubatch with n_tokens =    1, n_seqs =  1, n_outputs =    1
graph_reserve: reserving a graph for ubatch with n_tokens =  512, n_seqs =  1, n_outputs =  512
sched_reserve:      CUDA0 compute buffer size =   304.00 MiB
sched_reserve:  CUDA_Host compute buffer size =    14.76 MiB
sched_reserve: graph nodes  = 958
sched_reserve: graph splits = 44 (with bs=512), 2 (with bs=1)
sched_reserve: reserve took 18.19 ms, sched copies = 1
CUDA Graph id 3321 reused
ggml_backend_cuda_graph_compute: CUDA graph warmup complete
CUDA Graph id 3321 reused
CUDA Graph id 3321 reused
CUDA Graph id 3321 reused
CUDA Graph id 3321 reused
CUDA Graph id 3321 reused
CUDA Graph id 3321 reused
CUDA Graph id 3321 reused
CUDA Graph id 3321 reused
~llama_context:      CUDA0 compute buffer size is 304.0000 MiB, matches expectation of 304.0000 MiB
~llama_context:  CUDA_Host compute buffer size is  14.7637 MiB, matches expectation of  14.7637 MiB
llama_context: constructing llama_context
llama_context: n_seq_max     = 1
llama_context: n_ctx         = 768
llama_context: n_ctx_seq     = 768
llama_context: n_batch       = 637
llama_context: n_ubatch      = 512
llama_context: causal_attn   = 1
llama_context: flash_attn    = auto
llama_context: kv_unified    = false
llama_context: freq_base     = 1000000.0
llama_context: freq_scale    = 1
llama_context: n_rs_seq      = 0
llama_context: n_outputs_max = 637
llama_context: n_ctx_seq (768) < n_ctx_train (32768) -- the full capacity of the model will not be utilized
set_abort_callback: call
llama_context:  CUDA_Host  output buffer size =     0.58 MiB
llama_kv_cache: layer   0: dev = CPU
llama_kv_cache: layer   1: dev = CPU
llama_kv_cache: layer   2: dev = CPU
llama_kv_cache: layer   3: dev = CUDA0
llama_kv_cache: layer   4: dev = CUDA0
llama_kv_cache: layer   5: dev = CUDA0
llama_kv_cache: layer   6: dev = CUDA0
llama_kv_cache: layer   7: dev = CUDA0
llama_kv_cache: layer   8: dev = CUDA0
llama_kv_cache: layer   9: dev = CUDA0
llama_kv_cache: layer  10: dev = CUDA0
llama_kv_cache: layer  11: dev = CUDA0
llama_kv_cache: layer  12: dev = CUDA0
llama_kv_cache: layer  13: dev = CUDA0
llama_kv_cache: layer  14: dev = CUDA0
llama_kv_cache: layer  15: dev = CUDA0
llama_kv_cache: layer  16: dev = CUDA0
llama_kv_cache: layer  17: dev = CUDA0
llama_kv_cache: layer  18: dev = CUDA0
llama_kv_cache: layer  19: dev = CUDA0
llama_kv_cache: layer  20: dev = CUDA0
llama_kv_cache: layer  21: dev = CUDA0
llama_kv_cache: layer  22: dev = CUDA0
llama_kv_cache: layer  23: dev = CUDA0
llama_kv_cache: layer  24: dev = CUDA0
llama_kv_cache: layer  25: dev = CUDA0
llama_kv_cache: layer  26: dev = CUDA0
llama_kv_cache: layer  27: dev = CUDA0
llama_kv_cache:        CPU KV buffer size =     4.50 MiB
llama_kv_cache:      CUDA0 KV buffer size =    37.50 MiB
llama_kv_cache: size =   42.00 MiB (   768 cells,  28 layers,  1/1 seqs), K (f16):   21.00 MiB, V (f16):   21.00 MiB
llama_kv_cache: attn_rot_k = 0, n_embd_head_k_all = 128
llama_kv_cache: attn_rot_v = 0, n_embd_head_k_all = 128
llama_context: enumerating backends
llama_context: backend_ptrs.size() = 2
sched_reserve: reserving ...
sched_reserve: max_nodes = 2712
sched_reserve: reserving full memory module
sched_reserve: worst-case: n_tokens = 512, n_seqs = 1, n_outputs = 1
graph_reserve: reserving a graph for ubatch with n_tokens =    1, n_seqs =  1, n_outputs =    1
sched_reserve: Flash Attention was auto, set to enabled
sched_reserve: resolving fused Gated Delta Net support:
graph_reserve: reserving a graph for ubatch with n_tokens =    1, n_seqs =  1, n_outputs =    1
sched_reserve: fused Gated Delta Net (autoregressive) enabled
graph_reserve: reserving a graph for ubatch with n_tokens =   16, n_seqs =  1, n_outputs =   16
sched_reserve: fused Gated Delta Net (chunked) enabled
graph_reserve: reserving a graph for ubatch with n_tokens =  512, n_seqs =  1, n_outputs =  512
graph_reserve: reserving a graph for ubatch with n_tokens =    1, n_seqs =  1, n_outputs =    1
graph_reserve: reserving a graph for ubatch with n_tokens =  512, n_seqs =  1, n_outputs =  512
sched_reserve:      CUDA0 compute buffer size =   304.00 MiB
sched_reserve:  CUDA_Host compute buffer size =    14.76 MiB
sched_reserve: graph nodes  = 958
sched_reserve: graph splits = 44 (with bs=512), 2 (with bs=1)
sched_reserve: reserve took 14.63 ms, sched copies = 1
CUDA Graph id 3471 reused
ggml_backend_cuda_graph_compute: CUDA graph warmup complete
CUDA Graph id 3471 reused
CUDA Graph id 3471 reused
CUDA Graph id 3471 reused
CUDA Graph id 3471 reused
CUDA Graph id 3471 reused
~llama_context:      CUDA0 compute buffer size is 304.0000 MiB, matches expectation of 304.0000 MiB
~llama_context:  CUDA_Host compute buffer size is  14.7637 MiB, matches expectation of  14.7637 MiB
llama_context: constructing llama_context
llama_context: n_seq_max     = 1
llama_context: n_ctx         = 768
llama_context: n_ctx_seq     = 768
llama_context: n_batch       = 637
llama_context: n_ubatch      = 512
llama_context: causal_attn   = 1
llama_context: flash_attn    = auto
llama_context: kv_unified    = false
llama_context: freq_base     = 1000000.0
llama_context: freq_scale    = 1
llama_context: n_rs_seq      = 0
llama_context: n_outputs_max = 637
llama_context: n_ctx_seq (768) < n_ctx_train (32768) -- the full capacity of the model will not be utilized
set_abort_callback: call
llama_context:  CUDA_Host  output buffer size =     0.58 MiB
llama_kv_cache: layer   0: dev = CPU
llama_kv_cache: layer   1: dev = CPU
llama_kv_cache: layer   2: dev = CPU
llama_kv_cache: layer   3: dev = CUDA0
llama_kv_cache: layer   4: dev = CUDA0
llama_kv_cache: layer   5: dev = CUDA0
llama_kv_cache: layer   6: dev = CUDA0
llama_kv_cache: layer   7: dev = CUDA0
llama_kv_cache: layer   8: dev = CUDA0
llama_kv_cache: layer   9: dev = CUDA0
llama_kv_cache: layer  10: dev = CUDA0
llama_kv_cache: layer  11: dev = CUDA0
llama_kv_cache: layer  12: dev = CUDA0
llama_kv_cache: layer  13: dev = CUDA0
llama_kv_cache: layer  14: dev = CUDA0
llama_kv_cache: layer  15: dev = CUDA0
llama_kv_cache: layer  16: dev = CUDA0
llama_kv_cache: layer  17: dev = CUDA0
llama_kv_cache: layer  18: dev = CUDA0
llama_kv_cache: layer  19: dev = CUDA0
llama_kv_cache: layer  20: dev = CUDA0
llama_kv_cache: layer  21: dev = CUDA0
llama_kv_cache: layer  22: dev = CUDA0
llama_kv_cache: layer  23: dev = CUDA0
llama_kv_cache: layer  24: dev = CUDA0
llama_kv_cache: layer  25: dev = CUDA0
llama_kv_cache: layer  26: dev = CUDA0
llama_kv_cache: layer  27: dev = CUDA0
llama_kv_cache:        CPU KV buffer size =     4.50 MiB
llama_kv_cache:      CUDA0 KV buffer size =    37.50 MiB
llama_kv_cache: size =   42.00 MiB (   768 cells,  28 layers,  1/1 seqs), K (f16):   21.00 MiB, V (f16):   21.00 MiB
llama_kv_cache: attn_rot_k = 0, n_embd_head_k_all = 128
llama_kv_cache: attn_rot_v = 0, n_embd_head_k_all = 128
llama_context: enumerating backends
llama_context: backend_ptrs.size() = 2
sched_reserve: reserving ...
sched_reserve: max_nodes = 2712
sched_reserve: reserving full memory module
sched_reserve: worst-case: n_tokens = 512, n_seqs = 1, n_outputs = 1
graph_reserve: reserving a graph for ubatch with n_tokens =    1, n_seqs =  1, n_outputs =    1
sched_reserve: Flash Attention was auto, set to enabled
sched_reserve: resolving fused Gated Delta Net support:
graph_reserve: reserving a graph for ubatch with n_tokens =    1, n_seqs =  1, n_outputs =    1
sched_reserve: fused Gated Delta Net (autoregressive) enabled
graph_reserve: reserving a graph for ubatch with n_tokens =   16, n_seqs =  1, n_outputs =   16
sched_reserve: fused Gated Delta Net (chunked) enabled
graph_reserve: reserving a graph for ubatch with n_tokens =  512, n_seqs =  1, n_outputs =  512
graph_reserve: reserving a graph for ubatch with n_tokens =    1, n_seqs =  1, n_outputs =    1
graph_reserve: reserving a graph for ubatch with n_tokens =  512, n_seqs =  1, n_outputs =  512
sched_reserve:      CUDA0 compute buffer size =   304.00 MiB
sched_reserve:  CUDA_Host compute buffer size =    14.76 MiB
sched_reserve: graph nodes  = 958
sched_reserve: graph splits = 44 (with bs=512), 2 (with bs=1)
sched_reserve: reserve took 21.61 ms, sched copies = 1
CUDA Graph id 3621 reused
ggml_backend_cuda_graph_compute: CUDA graph warmup complete
CUDA Graph id 3621 reused
CUDA Graph id 3621 reused
CUDA Graph id 3621 reused
CUDA Graph id 3621 reused
CUDA Graph id 3621 reused
~llama_context:      CUDA0 compute buffer size is 304.0000 MiB, matches expectation of 304.0000 MiB
~llama_context:  CUDA_Host compute buffer size is  14.7637 MiB, matches expectation of  14.7637 MiB
schema 54/75 done
llama_context: constructing llama_context
llama_context: n_seq_max     = 1
llama_context: n_ctx         = 768
llama_context: n_ctx_seq     = 768
llama_context: n_batch       = 652
llama_context: n_ubatch      = 512
llama_context: causal_attn   = 1
llama_context: flash_attn    = auto
llama_context: kv_unified    = false
llama_context: freq_base     = 1000000.0
llama_context: freq_scale    = 1
llama_context: n_rs_seq      = 0
llama_context: n_outputs_max = 652
llama_context: n_ctx_seq (768) < n_ctx_train (32768) -- the full capacity of the model will not be utilized
set_abort_callback: call
llama_context:  CUDA_Host  output buffer size =     0.58 MiB
llama_kv_cache: layer   0: dev = CPU
llama_kv_cache: layer   1: dev = CPU
llama_kv_cache: layer   2: dev = CPU
llama_kv_cache: layer   3: dev = CUDA0
llama_kv_cache: layer   4: dev = CUDA0
llama_kv_cache: layer   5: dev = CUDA0
llama_kv_cache: layer   6: dev = CUDA0
llama_kv_cache: layer   7: dev = CUDA0
llama_kv_cache: layer   8: dev = CUDA0
llama_kv_cache: layer   9: dev = CUDA0
llama_kv_cache: layer  10: dev = CUDA0
llama_kv_cache: layer  11: dev = CUDA0
llama_kv_cache: layer  12: dev = CUDA0
llama_kv_cache: layer  13: dev = CUDA0
llama_kv_cache: layer  14: dev = CUDA0
llama_kv_cache: layer  15: dev = CUDA0
llama_kv_cache: layer  16: dev = CUDA0
llama_kv_cache: layer  17: dev = CUDA0
llama_kv_cache: layer  18: dev = CUDA0
llama_kv_cache: layer  19: dev = CUDA0
llama_kv_cache: layer  20: dev = CUDA0
llama_kv_cache: layer  21: dev = CUDA0
llama_kv_cache: layer  22: dev = CUDA0
llama_kv_cache: layer  23: dev = CUDA0
llama_kv_cache: layer  24: dev = CUDA0
llama_kv_cache: layer  25: dev = CUDA0
llama_kv_cache: layer  26: dev = CUDA0
llama_kv_cache: layer  27: dev = CUDA0
llama_kv_cache:        CPU KV buffer size =     4.50 MiB
llama_kv_cache:      CUDA0 KV buffer size =    37.50 MiB
llama_kv_cache: size =   42.00 MiB (   768 cells,  28 layers,  1/1 seqs), K (f16):   21.00 MiB, V (f16):   21.00 MiB
llama_kv_cache: attn_rot_k = 0, n_embd_head_k_all = 128
llama_kv_cache: attn_rot_v = 0, n_embd_head_k_all = 128
llama_context: enumerating backends
llama_context: backend_ptrs.size() = 2
sched_reserve: reserving ...
sched_reserve: max_nodes = 2712
sched_reserve: reserving full memory module
sched_reserve: worst-case: n_tokens = 512, n_seqs = 1, n_outputs = 1
graph_reserve: reserving a graph for ubatch with n_tokens =    1, n_seqs =  1, n_outputs =    1
sched_reserve: Flash Attention was auto, set to enabled
sched_reserve: resolving fused Gated Delta Net support:
graph_reserve: reserving a graph for ubatch with n_tokens =    1, n_seqs =  1, n_outputs =    1
sched_reserve: fused Gated Delta Net (autoregressive) enabled
graph_reserve: reserving a graph for ubatch with n_tokens =   16, n_seqs =  1, n_outputs =   16
sched_reserve: fused Gated Delta Net (chunked) enabled
graph_reserve: reserving a graph for ubatch with n_tokens =  512, n_seqs =  1, n_outputs =  512
graph_reserve: reserving a graph for ubatch with n_tokens =    1, n_seqs =  1, n_outputs =    1
graph_reserve: reserving a graph for ubatch with n_tokens =  512, n_seqs =  1, n_outputs =  512
sched_reserve:      CUDA0 compute buffer size =   304.00 MiB
sched_reserve:  CUDA_Host compute buffer size =    14.76 MiB
sched_reserve: graph nodes  = 958
sched_reserve: graph splits = 44 (with bs=512), 2 (with bs=1)
sched_reserve: reserve took 15.64 ms, sched copies = 1
CUDA Graph id 3771 reused
ggml_backend_cuda_graph_compute: CUDA graph warmup complete
CUDA Graph id 3771 reused
CUDA Graph id 3771 reused
CUDA Graph id 3771 reused
CUDA Graph id 3771 reused
CUDA Graph id 3771 reused
CUDA Graph id 3771 reused
CUDA Graph id 3771 reused
CUDA Graph id 3771 reused
CUDA Graph id 3771 reused
CUDA Graph id 3771 reused
CUDA Graph id 3771 reused
CUDA Graph id 3771 reused
CUDA Graph id 3771 reused
CUDA Graph id 3771 reused
CUDA Graph id 3771 reused
CUDA Graph id 3771 reused
CUDA Graph id 3771 reused
CUDA Graph id 3771 reused
CUDA Graph id 3771 reused
~llama_context:      CUDA0 compute buffer size is 304.0000 MiB, matches expectation of 304.0000 MiB
~llama_context:  CUDA_Host compute buffer size is  14.7637 MiB, matches expectation of  14.7637 MiB
llama_context: constructing llama_context
llama_context: n_seq_max     = 1
llama_context: n_ctx         = 768
llama_context: n_ctx_seq     = 768
llama_context: n_batch       = 652
llama_context: n_ubatch      = 512
llama_context: causal_attn   = 1
llama_context: flash_attn    = auto
llama_context: kv_unified    = false
llama_context: freq_base     = 1000000.0
llama_context: freq_scale    = 1
llama_context: n_rs_seq      = 0
llama_context: n_outputs_max = 652
llama_context: n_ctx_seq (768) < n_ctx_train (32768) -- the full capacity of the model will not be utilized
set_abort_callback: call
llama_context:  CUDA_Host  output buffer size =     0.58 MiB
llama_kv_cache: layer   0: dev = CPU
llama_kv_cache: layer   1: dev = CPU
llama_kv_cache: layer   2: dev = CPU
llama_kv_cache: layer   3: dev = CUDA0
llama_kv_cache: layer   4: dev = CUDA0
llama_kv_cache: layer   5: dev = CUDA0
llama_kv_cache: layer   6: dev = CUDA0
llama_kv_cache: layer   7: dev = CUDA0
llama_kv_cache: layer   8: dev = CUDA0
llama_kv_cache: layer   9: dev = CUDA0
llama_kv_cache: layer  10: dev = CUDA0
llama_kv_cache: layer  11: dev = CUDA0
llama_kv_cache: layer  12: dev = CUDA0
llama_kv_cache: layer  13: dev = CUDA0
llama_kv_cache: layer  14: dev = CUDA0
llama_kv_cache: layer  15: dev = CUDA0
llama_kv_cache: layer  16: dev = CUDA0
llama_kv_cache: layer  17: dev = CUDA0
llama_kv_cache: layer  18: dev = CUDA0
llama_kv_cache: layer  19: dev = CUDA0
llama_kv_cache: layer  20: dev = CUDA0
llama_kv_cache: layer  21: dev = CUDA0
llama_kv_cache: layer  22: dev = CUDA0
llama_kv_cache: layer  23: dev = CUDA0
llama_kv_cache: layer  24: dev = CUDA0
llama_kv_cache: layer  25: dev = CUDA0
llama_kv_cache: layer  26: dev = CUDA0
llama_kv_cache: layer  27: dev = CUDA0
llama_kv_cache:        CPU KV buffer size =     4.50 MiB
llama_kv_cache:      CUDA0 KV buffer size =    37.50 MiB
llama_kv_cache: size =   42.00 MiB (   768 cells,  28 layers,  1/1 seqs), K (f16):   21.00 MiB, V (f16):   21.00 MiB
llama_kv_cache: attn_rot_k = 0, n_embd_head_k_all = 128
llama_kv_cache: attn_rot_v = 0, n_embd_head_k_all = 128
llama_context: enumerating backends
llama_context: backend_ptrs.size() = 2
sched_reserve: reserving ...
sched_reserve: max_nodes = 2712
sched_reserve: reserving full memory module
sched_reserve: worst-case: n_tokens = 512, n_seqs = 1, n_outputs = 1
graph_reserve: reserving a graph for ubatch with n_tokens =    1, n_seqs =  1, n_outputs =    1
sched_reserve: Flash Attention was auto, set to enabled
sched_reserve: resolving fused Gated Delta Net support:
graph_reserve: reserving a graph for ubatch with n_tokens =    1, n_seqs =  1, n_outputs =    1
sched_reserve: fused Gated Delta Net (autoregressive) enabled
graph_reserve: reserving a graph for ubatch with n_tokens =   16, n_seqs =  1, n_outputs =   16
sched_reserve: fused Gated Delta Net (chunked) enabled
graph_reserve: reserving a graph for ubatch with n_tokens =  512, n_seqs =  1, n_outputs =  512
graph_reserve: reserving a graph for ubatch with n_tokens =    1, n_seqs =  1, n_outputs =    1
graph_reserve: reserving a graph for ubatch with n_tokens =  512, n_seqs =  1, n_outputs =  512
sched_reserve:      CUDA0 compute buffer size =   304.00 MiB
sched_reserve:  CUDA_Host compute buffer size =    14.76 MiB
sched_reserve: graph nodes  = 958
sched_reserve: graph splits = 44 (with bs=512), 2 (with bs=1)
sched_reserve: reserve took 20.02 ms, sched copies = 1
CUDA Graph id 3921 reused
ggml_backend_cuda_graph_compute: CUDA graph warmup complete
CUDA Graph id 3921 reused
CUDA Graph id 3921 reused
CUDA Graph id 3921 reused
CUDA Graph id 3921 reused
CUDA Graph id 3921 reused
CUDA Graph id 3921 reused
CUDA Graph id 3921 reused
CUDA Graph id 3921 reused
CUDA Graph id 3921 reused
CUDA Graph id 3921 reused
CUDA Graph id 3921 reused
CUDA Graph id 3921 reused
CUDA Graph id 3921 reused
CUDA Graph id 3921 reused
CUDA Graph id 3921 reused
CUDA Graph id 3921 reused
CUDA Graph id 3921 reused
CUDA Graph id 3921 reused
CUDA Graph id 3921 reused
~llama_context:      CUDA0 compute buffer size is 304.0000 MiB, matches expectation of 304.0000 MiB
~llama_context:  CUDA_Host compute buffer size is  14.7637 MiB, matches expectation of  14.7637 MiB
llama_context: constructing llama_context
llama_context: n_seq_max     = 1
llama_context: n_ctx         = 768
llama_context: n_ctx_seq     = 768
llama_context: n_batch       = 652
llama_context: n_ubatch      = 512
llama_context: causal_attn   = 1
llama_context: flash_attn    = auto
llama_context: kv_unified    = false
llama_context: freq_base     = 1000000.0
llama_context: freq_scale    = 1
llama_context: n_rs_seq      = 0
llama_context: n_outputs_max = 652
llama_context: n_ctx_seq (768) < n_ctx_train (32768) -- the full capacity of the model will not be utilized
set_abort_callback: call
llama_context:  CUDA_Host  output buffer size =     0.58 MiB
llama_kv_cache: layer   0: dev = CPU
llama_kv_cache: layer   1: dev = CPU
llama_kv_cache: layer   2: dev = CPU
llama_kv_cache: layer   3: dev = CUDA0
llama_kv_cache: layer   4: dev = CUDA0
llama_kv_cache: layer   5: dev = CUDA0
llama_kv_cache: layer   6: dev = CUDA0
llama_kv_cache: layer   7: dev = CUDA0
llama_kv_cache: layer   8: dev = CUDA0
llama_kv_cache: layer   9: dev = CUDA0
llama_kv_cache: layer  10: dev = CUDA0
llama_kv_cache: layer  11: dev = CUDA0
llama_kv_cache: layer  12: dev = CUDA0
llama_kv_cache: layer  13: dev = CUDA0
llama_kv_cache: layer  14: dev = CUDA0
llama_kv_cache: layer  15: dev = CUDA0
llama_kv_cache: layer  16: dev = CUDA0
llama_kv_cache: layer  17: dev = CUDA0
llama_kv_cache: layer  18: dev = CUDA0
llama_kv_cache: layer  19: dev = CUDA0
llama_kv_cache: layer  20: dev = CUDA0
llama_kv_cache: layer  21: dev = CUDA0
llama_kv_cache: layer  22: dev = CUDA0
llama_kv_cache: layer  23: dev = CUDA0
llama_kv_cache: layer  24: dev = CUDA0
llama_kv_cache: layer  25: dev = CUDA0
llama_kv_cache: layer  26: dev = CUDA0
llama_kv_cache: layer  27: dev = CUDA0
llama_kv_cache:        CPU KV buffer size =     4.50 MiB
llama_kv_cache:      CUDA0 KV buffer size =    37.50 MiB
llama_kv_cache: size =   42.00 MiB (   768 cells,  28 layers,  1/1 seqs), K (f16):   21.00 MiB, V (f16):   21.00 MiB
llama_kv_cache: attn_rot_k = 0, n_embd_head_k_all = 128
llama_kv_cache: attn_rot_v = 0, n_embd_head_k_all = 128
llama_context: enumerating backends
llama_context: backend_ptrs.size() = 2
sched_reserve: reserving ...
sched_reserve: max_nodes = 2712
sched_reserve: reserving full memory module
sched_reserve: worst-case: n_tokens = 512, n_seqs = 1, n_outputs = 1
graph_reserve: reserving a graph for ubatch with n_tokens =    1, n_seqs =  1, n_outputs =    1
sched_reserve: Flash Attention was auto, set to enabled
sched_reserve: resolving fused Gated Delta Net support:
graph_reserve: reserving a graph for ubatch with n_tokens =    1, n_seqs =  1, n_outputs =    1
sched_reserve: fused Gated Delta Net (autoregressive) enabled
graph_reserve: reserving a graph for ubatch with n_tokens =   16, n_seqs =  1, n_outputs =   16
sched_reserve: fused Gated Delta Net (chunked) enabled
graph_reserve: reserving a graph for ubatch with n_tokens =  512, n_seqs =  1, n_outputs =  512
graph_reserve: reserving a graph for ubatch with n_tokens =    1, n_seqs =  1, n_outputs =    1
graph_reserve: reserving a graph for ubatch with n_tokens =  512, n_seqs =  1, n_outputs =  512
sched_reserve:      CUDA0 compute buffer size =   304.00 MiB
sched_reserve:  CUDA_Host compute buffer size =    14.76 MiB
sched_reserve: graph nodes  = 958
sched_reserve: graph splits = 44 (with bs=512), 2 (with bs=1)
sched_reserve: reserve took 27.70 ms, sched copies = 1
CUDA Graph id 4071 reused
ggml_backend_cuda_graph_compute: CUDA graph warmup complete
CUDA Graph id 4071 reused
CUDA Graph id 4071 reused
CUDA Graph id 4071 reused
CUDA Graph id 4071 reused
CUDA Graph id 4071 reused
CUDA Graph id 4071 reused
CUDA Graph id 4071 reused
~llama_context:      CUDA0 compute buffer size is 304.0000 MiB, matches expectation of 304.0000 MiB
~llama_context:  CUDA_Host compute buffer size is  14.7637 MiB, matches expectation of  14.7637 MiB
llama_context: constructing llama_context
llama_context: n_seq_max     = 1
llama_context: n_ctx         = 768
llama_context: n_ctx_seq     = 768
llama_context: n_batch       = 652
llama_context: n_ubatch      = 512
llama_context: causal_attn   = 1
llama_context: flash_attn    = auto
llama_context: kv_unified    = false
llama_context: freq_base     = 1000000.0
llama_context: freq_scale    = 1
llama_context: n_rs_seq      = 0
llama_context: n_outputs_max = 652
llama_context: n_ctx_seq (768) < n_ctx_train (32768) -- the full capacity of the model will not be utilized
set_abort_callback: call
llama_context:  CUDA_Host  output buffer size =     0.58 MiB
llama_kv_cache: layer   0: dev = CPU
llama_kv_cache: layer   1: dev = CPU
llama_kv_cache: layer   2: dev = CPU
llama_kv_cache: layer   3: dev = CUDA0
llama_kv_cache: layer   4: dev = CUDA0
llama_kv_cache: layer   5: dev = CUDA0
llama_kv_cache: layer   6: dev = CUDA0
llama_kv_cache: layer   7: dev = CUDA0
llama_kv_cache: layer   8: dev = CUDA0
llama_kv_cache: layer   9: dev = CUDA0
llama_kv_cache: layer  10: dev = CUDA0
llama_kv_cache: layer  11: dev = CUDA0
llama_kv_cache: layer  12: dev = CUDA0
llama_kv_cache: layer  13: dev = CUDA0
llama_kv_cache: layer  14: dev = CUDA0
llama_kv_cache: layer  15: dev = CUDA0
llama_kv_cache: layer  16: dev = CUDA0
llama_kv_cache: layer  17: dev = CUDA0
llama_kv_cache: layer  18: dev = CUDA0
llama_kv_cache: layer  19: dev = CUDA0
llama_kv_cache: layer  20: dev = CUDA0
llama_kv_cache: layer  21: dev = CUDA0
llama_kv_cache: layer  22: dev = CUDA0
llama_kv_cache: layer  23: dev = CUDA0
llama_kv_cache: layer  24: dev = CUDA0
llama_kv_cache: layer  25: dev = CUDA0
llama_kv_cache: layer  26: dev = CUDA0
llama_kv_cache: layer  27: dev = CUDA0
llama_kv_cache:        CPU KV buffer size =     4.50 MiB
llama_kv_cache:      CUDA0 KV buffer size =    37.50 MiB
llama_kv_cache: size =   42.00 MiB (   768 cells,  28 layers,  1/1 seqs), K (f16):   21.00 MiB, V (f16):   21.00 MiB
llama_kv_cache: attn_rot_k = 0, n_embd_head_k_all = 128
llama_kv_cache: attn_rot_v = 0, n_embd_head_k_all = 128
llama_context: enumerating backends
llama_context: backend_ptrs.size() = 2
sched_reserve: reserving ...
sched_reserve: max_nodes = 2712
sched_reserve: reserving full memory module
sched_reserve: worst-case: n_tokens = 512, n_seqs = 1, n_outputs = 1
graph_reserve: reserving a graph for ubatch with n_tokens =    1, n_seqs =  1, n_outputs =    1
sched_reserve: Flash Attention was auto, set to enabled
sched_reserve: resolving fused Gated Delta Net support:
graph_reserve: reserving a graph for ubatch with n_tokens =    1, n_seqs =  1, n_outputs =    1
sched_reserve: fused Gated Delta Net (autoregressive) enabled
graph_reserve: reserving a graph for ubatch with n_tokens =   16, n_seqs =  1, n_outputs =   16
sched_reserve: fused Gated Delta Net (chunked) enabled
graph_reserve: reserving a graph for ubatch with n_tokens =  512, n_seqs =  1, n_outputs =  512
graph_reserve: reserving a graph for ubatch with n_tokens =    1, n_seqs =  1, n_outputs =    1
graph_reserve: reserving a graph for ubatch with n_tokens =  512, n_seqs =  1, n_outputs =  512
sched_reserve:      CUDA0 compute buffer size =   304.00 MiB
sched_reserve:  CUDA_Host compute buffer size =    14.76 MiB
sched_reserve: graph nodes  = 958
sched_reserve: graph splits = 44 (with bs=512), 2 (with bs=1)
sched_reserve: reserve took 27.15 ms, sched copies = 1
CUDA Graph id 4221 reused
ggml_backend_cuda_graph_compute: CUDA graph warmup complete
CUDA Graph id 4221 reused
CUDA Graph id 4221 reused
CUDA Graph id 4221 reused
CUDA Graph id 4221 reused
CUDA Graph id 4221 reused
CUDA Graph id 4221 reused
CUDA Graph id 4221 reused
CUDA Graph id 4221 reused
CUDA Graph id 4221 reused
CUDA Graph id 4221 reused
CUDA Graph id 4221 reused
CUDA Graph id 4221 reused
CUDA Graph id 4221 reused
~llama_context:      CUDA0 compute buffer size is 304.0000 MiB, matches expectation of 304.0000 MiB
~llama_context:  CUDA_Host compute buffer size is  14.7637 MiB, matches expectation of  14.7637 MiB
llama_context: constructing llama_context
llama_context: n_seq_max     = 1
llama_context: n_ctx         = 768
llama_context: n_ctx_seq     = 768
llama_context: n_batch       = 652
llama_context: n_ubatch      = 512
llama_context: causal_attn   = 1
llama_context: flash_attn    = auto
llama_context: kv_unified    = false
llama_context: freq_base     = 1000000.0
llama_context: freq_scale    = 1
llama_context: n_rs_seq      = 0
llama_context: n_outputs_max = 652
llama_context: n_ctx_seq (768) < n_ctx_train (32768) -- the full capacity of the model will not be utilized
set_abort_callback: call
llama_context:  CUDA_Host  output buffer size =     0.58 MiB
llama_kv_cache: layer   0: dev = CPU
llama_kv_cache: layer   1: dev = CPU
llama_kv_cache: layer   2: dev = CPU
llama_kv_cache: layer   3: dev = CUDA0
llama_kv_cache: layer   4: dev = CUDA0
llama_kv_cache: layer   5: dev = CUDA0
llama_kv_cache: layer   6: dev = CUDA0
llama_kv_cache: layer   7: dev = CUDA0
llama_kv_cache: layer   8: dev = CUDA0
llama_kv_cache: layer   9: dev = CUDA0
llama_kv_cache: layer  10: dev = CUDA0
llama_kv_cache: layer  11: dev = CUDA0
llama_kv_cache: layer  12: dev = CUDA0
llama_kv_cache: layer  13: dev = CUDA0
llama_kv_cache: layer  14: dev = CUDA0
llama_kv_cache: layer  15: dev = CUDA0
llama_kv_cache: layer  16: dev = CUDA0
llama_kv_cache: layer  17: dev = CUDA0
llama_kv_cache: layer  18: dev = CUDA0
llama_kv_cache: layer  19: dev = CUDA0
llama_kv_cache: layer  20: dev = CUDA0
llama_kv_cache: layer  21: dev = CUDA0
llama_kv_cache: layer  22: dev = CUDA0
llama_kv_cache: layer  23: dev = CUDA0
llama_kv_cache: layer  24: dev = CUDA0
llama_kv_cache: layer  25: dev = CUDA0
llama_kv_cache: layer  26: dev = CUDA0
llama_kv_cache: layer  27: dev = CUDA0
llama_kv_cache:        CPU KV buffer size =     4.50 MiB
llama_kv_cache:      CUDA0 KV buffer size =    37.50 MiB
llama_kv_cache: size =   42.00 MiB (   768 cells,  28 layers,  1/1 seqs), K (f16):   21.00 MiB, V (f16):   21.00 MiB
llama_kv_cache: attn_rot_k = 0, n_embd_head_k_all = 128
llama_kv_cache: attn_rot_v = 0, n_embd_head_k_all = 128
llama_context: enumerating backends
llama_context: backend_ptrs.size() = 2
sched_reserve: reserving ...
sched_reserve: max_nodes = 2712
sched_reserve: reserving full memory module
sched_reserve: worst-case: n_tokens = 512, n_seqs = 1, n_outputs = 1
graph_reserve: reserving a graph for ubatch with n_tokens =    1, n_seqs =  1, n_outputs =    1
sched_reserve: Flash Attention was auto, set to enabled
sched_reserve: resolving fused Gated Delta Net support:
graph_reserve: reserving a graph for ubatch with n_tokens =    1, n_seqs =  1, n_outputs =    1
sched_reserve: fused Gated Delta Net (autoregressive) enabled
graph_reserve: reserving a graph for ubatch with n_tokens =   16, n_seqs =  1, n_outputs =   16
sched_reserve: fused Gated Delta Net (chunked) enabled
graph_reserve: reserving a graph for ubatch with n_tokens =  512, n_seqs =  1, n_outputs =  512
graph_reserve: reserving a graph for ubatch with n_tokens =    1, n_seqs =  1, n_outputs =    1
graph_reserve: reserving a graph for ubatch with n_tokens =  512, n_seqs =  1, n_outputs =  512
sched_reserve:      CUDA0 compute buffer size =   304.00 MiB
sched_reserve:  CUDA_Host compute buffer size =    14.76 MiB
sched_reserve: graph nodes  = 958
sched_reserve: graph splits = 44 (with bs=512), 2 (with bs=1)
sched_reserve: reserve took 19.98 ms, sched copies = 1
CUDA Graph id 4371 reused
ggml_backend_cuda_graph_compute: CUDA graph warmup complete
CUDA Graph id 4371 reused
CUDA Graph id 4371 reused
CUDA Graph id 4371 reused
CUDA Graph id 4371 reused
CUDA Graph id 4371 reused
~llama_context:      CUDA0 compute buffer size is 304.0000 MiB, matches expectation of 304.0000 MiB
~llama_context:  CUDA_Host compute buffer size is  14.7637 MiB, matches expectation of  14.7637 MiB
llama_context: constructing llama_context
llama_context: n_seq_max     = 1
llama_context: n_ctx         = 768
llama_context: n_ctx_seq     = 768
llama_context: n_batch       = 652
llama_context: n_ubatch      = 512
llama_context: causal_attn   = 1
llama_context: flash_attn    = auto
llama_context: kv_unified    = false
llama_context: freq_base     = 1000000.0
llama_context: freq_scale    = 1
llama_context: n_rs_seq      = 0
llama_context: n_outputs_max = 652
llama_context: n_ctx_seq (768) < n_ctx_train (32768) -- the full capacity of the model will not be utilized
set_abort_callback: call
llama_context:  CUDA_Host  output buffer size =     0.58 MiB
llama_kv_cache: layer   0: dev = CPU
llama_kv_cache: layer   1: dev = CPU
llama_kv_cache: layer   2: dev = CPU
llama_kv_cache: layer   3: dev = CUDA0
llama_kv_cache: layer   4: dev = CUDA0
llama_kv_cache: layer   5: dev = CUDA0
llama_kv_cache: layer   6: dev = CUDA0
llama_kv_cache: layer   7: dev = CUDA0
llama_kv_cache: layer   8: dev = CUDA0
llama_kv_cache: layer   9: dev = CUDA0
llama_kv_cache: layer  10: dev = CUDA0
llama_kv_cache: layer  11: dev = CUDA0
llama_kv_cache: layer  12: dev = CUDA0
llama_kv_cache: layer  13: dev = CUDA0
llama_kv_cache: layer  14: dev = CUDA0
llama_kv_cache: layer  15: dev = CUDA0
llama_kv_cache: layer  16: dev = CUDA0
llama_kv_cache: layer  17: dev = CUDA0
llama_kv_cache: layer  18: dev = CUDA0
llama_kv_cache: layer  19: dev = CUDA0
llama_kv_cache: layer  20: dev = CUDA0
llama_kv_cache: layer  21: dev = CUDA0
llama_kv_cache: layer  22: dev = CUDA0
llama_kv_cache: layer  23: dev = CUDA0
llama_kv_cache: layer  24: dev = CUDA0
llama_kv_cache: layer  25: dev = CUDA0
llama_kv_cache: layer  26: dev = CUDA0
llama_kv_cache: layer  27: dev = CUDA0
llama_kv_cache:        CPU KV buffer size =     4.50 MiB
llama_kv_cache:      CUDA0 KV buffer size =    37.50 MiB
llama_kv_cache: size =   42.00 MiB (   768 cells,  28 layers,  1/1 seqs), K (f16):   21.00 MiB, V (f16):   21.00 MiB
llama_kv_cache: attn_rot_k = 0, n_embd_head_k_all = 128
llama_kv_cache: attn_rot_v = 0, n_embd_head_k_all = 128
llama_context: enumerating backends
llama_context: backend_ptrs.size() = 2
sched_reserve: reserving ...
sched_reserve: max_nodes = 2712
sched_reserve: reserving full memory module
sched_reserve: worst-case: n_tokens = 512, n_seqs = 1, n_outputs = 1
graph_reserve: reserving a graph for ubatch with n_tokens =    1, n_seqs =  1, n_outputs =    1
sched_reserve: Flash Attention was auto, set to enabled
sched_reserve: resolving fused Gated Delta Net support:
graph_reserve: reserving a graph for ubatch with n_tokens =    1, n_seqs =  1, n_outputs =    1
sched_reserve: fused Gated Delta Net (autoregressive) enabled
graph_reserve: reserving a graph for ubatch with n_tokens =   16, n_seqs =  1, n_outputs =   16
sched_reserve: fused Gated Delta Net (chunked) enabled
graph_reserve: reserving a graph for ubatch with n_tokens =  512, n_seqs =  1, n_outputs =  512
graph_reserve: reserving a graph for ubatch with n_tokens =    1, n_seqs =  1, n_outputs =    1
graph_reserve: reserving a graph for ubatch with n_tokens =  512, n_seqs =  1, n_outputs =  512
sched_reserve:      CUDA0 compute buffer size =   304.00 MiB
sched_reserve:  CUDA_Host compute buffer size =    14.76 MiB
sched_reserve: graph nodes  = 958
sched_reserve: graph splits = 44 (with bs=512), 2 (with bs=1)
sched_reserve: reserve took 23.18 ms, sched copies = 1
CUDA Graph id 4521 reused
ggml_backend_cuda_graph_compute: CUDA graph warmup complete
CUDA Graph id 4521 reused
CUDA Graph id 4521 reused
CUDA Graph id 4521 reused
CUDA Graph id 4521 reused
CUDA Graph id 4521 reused
CUDA Graph id 4521 reused
CUDA Graph id 4521 reused
CUDA Graph id 4521 reused
~llama_context:      CUDA0 compute buffer size is 304.0000 MiB, matches expectation of 304.0000 MiB
~llama_context:  CUDA_Host compute buffer size is  14.7637 MiB, matches expectation of  14.7637 MiB
schema 55/75 done
llama_context: constructing llama_context
llama_context: n_seq_max     = 1
llama_context: n_ctx         = 768
llama_context: n_ctx_seq     = 768
llama_context: n_batch       = 661
llama_context: n_ubatch      = 512
llama_context: causal_attn   = 1
llama_context: flash_attn    = auto
llama_context: kv_unified    = false
llama_context: freq_base     = 1000000.0
llama_context: freq_scale    = 1
llama_context: n_rs_seq      = 0
llama_context: n_outputs_max = 661
llama_context: n_ctx_seq (768) < n_ctx_train (32768) -- the full capacity of the model will not be utilized
set_abort_callback: call
llama_context:  CUDA_Host  output buffer size =     0.58 MiB
llama_kv_cache: layer   0: dev = CPU
llama_kv_cache: layer   1: dev = CPU
llama_kv_cache: layer   2: dev = CPU
llama_kv_cache: layer   3: dev = CUDA0
llama_kv_cache: layer   4: dev = CUDA0
llama_kv_cache: layer   5: dev = CUDA0
llama_kv_cache: layer   6: dev = CUDA0
llama_kv_cache: layer   7: dev = CUDA0
llama_kv_cache: layer   8: dev = CUDA0
llama_kv_cache: layer   9: dev = CUDA0
llama_kv_cache: layer  10: dev = CUDA0
llama_kv_cache: layer  11: dev = CUDA0
llama_kv_cache: layer  12: dev = CUDA0
llama_kv_cache: layer  13: dev = CUDA0
llama_kv_cache: layer  14: dev = CUDA0
llama_kv_cache: layer  15: dev = CUDA0
llama_kv_cache: layer  16: dev = CUDA0
llama_kv_cache: layer  17: dev = CUDA0
llama_kv_cache: layer  18: dev = CUDA0
llama_kv_cache: layer  19: dev = CUDA0
llama_kv_cache: layer  20: dev = CUDA0
llama_kv_cache: layer  21: dev = CUDA0
llama_kv_cache: layer  22: dev = CUDA0
llama_kv_cache: layer  23: dev = CUDA0
llama_kv_cache: layer  24: dev = CUDA0
llama_kv_cache: layer  25: dev = CUDA0
llama_kv_cache: layer  26: dev = CUDA0
llama_kv_cache: layer  27: dev = CUDA0
llama_kv_cache:        CPU KV buffer size =     4.50 MiB
llama_kv_cache:      CUDA0 KV buffer size =    37.50 MiB
llama_kv_cache: size =   42.00 MiB (   768 cells,  28 layers,  1/1 seqs), K (f16):   21.00 MiB, V (f16):   21.00 MiB
llama_kv_cache: attn_rot_k = 0, n_embd_head_k_all = 128
llama_kv_cache: attn_rot_v = 0, n_embd_head_k_all = 128
llama_context: enumerating backends
llama_context: backend_ptrs.size() = 2
sched_reserve: reserving ...
sched_reserve: max_nodes = 2712
sched_reserve: reserving full memory module
sched_reserve: worst-case: n_tokens = 512, n_seqs = 1, n_outputs = 1
graph_reserve: reserving a graph for ubatch with n_tokens =    1, n_seqs =  1, n_outputs =    1
sched_reserve: Flash Attention was auto, set to enabled
sched_reserve: resolving fused Gated Delta Net support:
graph_reserve: reserving a graph for ubatch with n_tokens =    1, n_seqs =  1, n_outputs =    1
sched_reserve: fused Gated Delta Net (autoregressive) enabled
graph_reserve: reserving a graph for ubatch with n_tokens =   16, n_seqs =  1, n_outputs =   16
sched_reserve: fused Gated Delta Net (chunked) enabled
graph_reserve: reserving a graph for ubatch with n_tokens =  512, n_seqs =  1, n_outputs =  512
graph_reserve: reserving a graph for ubatch with n_tokens =    1, n_seqs =  1, n_outputs =    1
graph_reserve: reserving a graph for ubatch with n_tokens =  512, n_seqs =  1, n_outputs =  512
sched_reserve:      CUDA0 compute buffer size =   304.00 MiB
sched_reserve:  CUDA_Host compute buffer size =    14.76 MiB
sched_reserve: graph nodes  = 958
sched_reserve: graph splits = 44 (with bs=512), 2 (with bs=1)
sched_reserve: reserve took 21.29 ms, sched copies = 1
CUDA Graph id 4671 reused
ggml_backend_cuda_graph_compute: CUDA graph warmup complete
CUDA Graph id 4671 reused
CUDA Graph id 4671 reused
CUDA Graph id 4671 reused
CUDA Graph id 4671 reused
CUDA Graph id 4671 reused
CUDA Graph id 4671 reused
CUDA Graph id 4671 reused
CUDA Graph id 4671 reused
CUDA Graph id 4671 reused
CUDA Graph id 4671 reused
CUDA Graph id 4671 reused
CUDA Graph id 4671 reused
CUDA Graph id 4671 reused
CUDA Graph id 4671 reused
CUDA Graph id 4671 reused
CUDA Graph id 4671 reused
CUDA Graph id 4671 reused
CUDA Graph id 4671 reused
CUDA Graph id 4671 reused
CUDA Graph id 4671 reused
CUDA Graph id 4671 reused
CUDA Graph id 4671 reused
CUDA Graph id 4671 reused
CUDA Graph id 4671 reused
CUDA Graph id 4671 reused
CUDA Graph id 4671 reused
~llama_context:      CUDA0 compute buffer size is 304.0000 MiB, matches expectation of 304.0000 MiB
~llama_context:  CUDA_Host compute buffer size is  14.7637 MiB, matches expectation of  14.7637 MiB
llama_context: constructing llama_context
llama_context: n_seq_max     = 1
llama_context: n_ctx         = 768
llama_context: n_ctx_seq     = 768
llama_context: n_batch       = 661
llama_context: n_ubatch      = 512
llama_context: causal_attn   = 1
llama_context: flash_attn    = auto
llama_context: kv_unified    = false
llama_context: freq_base     = 1000000.0
llama_context: freq_scale    = 1
llama_context: n_rs_seq      = 0
llama_context: n_outputs_max = 661
llama_context: n_ctx_seq (768) < n_ctx_train (32768) -- the full capacity of the model will not be utilized
set_abort_callback: call
llama_context:  CUDA_Host  output buffer size =     0.58 MiB
llama_kv_cache: layer   0: dev = CPU
llama_kv_cache: layer   1: dev = CPU
llama_kv_cache: layer   2: dev = CPU
llama_kv_cache: layer   3: dev = CUDA0
llama_kv_cache: layer   4: dev = CUDA0
llama_kv_cache: layer   5: dev = CUDA0
llama_kv_cache: layer   6: dev = CUDA0
llama_kv_cache: layer   7: dev = CUDA0
llama_kv_cache: layer   8: dev = CUDA0
llama_kv_cache: layer   9: dev = CUDA0
llama_kv_cache: layer  10: dev = CUDA0
llama_kv_cache: layer  11: dev = CUDA0
llama_kv_cache: layer  12: dev = CUDA0
llama_kv_cache: layer  13: dev = CUDA0
llama_kv_cache: layer  14: dev = CUDA0
llama_kv_cache: layer  15: dev = CUDA0
llama_kv_cache: layer  16: dev = CUDA0
llama_kv_cache: layer  17: dev = CUDA0
llama_kv_cache: layer  18: dev = CUDA0
llama_kv_cache: layer  19: dev = CUDA0
llama_kv_cache: layer  20: dev = CUDA0
llama_kv_cache: layer  21: dev = CUDA0
llama_kv_cache: layer  22: dev = CUDA0
llama_kv_cache: layer  23: dev = CUDA0
llama_kv_cache: layer  24: dev = CUDA0
llama_kv_cache: layer  25: dev = CUDA0
llama_kv_cache: layer  26: dev = CUDA0
llama_kv_cache: layer  27: dev = CUDA0
llama_kv_cache:        CPU KV buffer size =     4.50 MiB
llama_kv_cache:      CUDA0 KV buffer size =    37.50 MiB
llama_kv_cache: size =   42.00 MiB (   768 cells,  28 layers,  1/1 seqs), K (f16):   21.00 MiB, V (f16):   21.00 MiB
llama_kv_cache: attn_rot_k = 0, n_embd_head_k_all = 128
llama_kv_cache: attn_rot_v = 0, n_embd_head_k_all = 128
llama_context: enumerating backends
llama_context: backend_ptrs.size() = 2
sched_reserve: reserving ...
sched_reserve: max_nodes = 2712
sched_reserve: reserving full memory module
sched_reserve: worst-case: n_tokens = 512, n_seqs = 1, n_outputs = 1
graph_reserve: reserving a graph for ubatch with n_tokens =    1, n_seqs =  1, n_outputs =    1
sched_reserve: Flash Attention was auto, set to enabled
sched_reserve: resolving fused Gated Delta Net support:
graph_reserve: reserving a graph for ubatch with n_tokens =    1, n_seqs =  1, n_outputs =    1
sched_reserve: fused Gated Delta Net (autoregressive) enabled
graph_reserve: reserving a graph for ubatch with n_tokens =   16, n_seqs =  1, n_outputs =   16
sched_reserve: fused Gated Delta Net (chunked) enabled
graph_reserve: reserving a graph for ubatch with n_tokens =  512, n_seqs =  1, n_outputs =  512
graph_reserve: reserving a graph for ubatch with n_tokens =    1, n_seqs =  1, n_outputs =    1
graph_reserve: reserving a graph for ubatch with n_tokens =  512, n_seqs =  1, n_outputs =  512
sched_reserve:      CUDA0 compute buffer size =   304.00 MiB
sched_reserve:  CUDA_Host compute buffer size =    14.76 MiB
sched_reserve: graph nodes  = 958
sched_reserve: graph splits = 44 (with bs=512), 2 (with bs=1)
sched_reserve: reserve took 23.25 ms, sched copies = 1
CUDA Graph id 4821 reused
ggml_backend_cuda_graph_compute: CUDA graph warmup complete
CUDA Graph id 4821 reused
CUDA Graph id 4821 reused
CUDA Graph id 4821 reused
CUDA Graph id 4821 reused
CUDA Graph id 4821 reused
CUDA Graph id 4821 reused
CUDA Graph id 4821 reused
CUDA Graph id 4821 reused
CUDA Graph id 4821 reused
CUDA Graph id 4821 reused
CUDA Graph id 4821 reused
CUDA Graph id 4821 reused
CUDA Graph id 4821 reused
CUDA Graph id 4821 reused
CUDA Graph id 4821 reused
CUDA Graph id 4821 reused
CUDA Graph id 4821 reused
CUDA Graph id 4821 reused
CUDA Graph id 4821 reused
CUDA Graph id 4821 reused
CUDA Graph id 4821 reused
CUDA Graph id 4821 reused
CUDA Graph id 4821 reused
CUDA Graph id 4821 reused
CUDA Graph id 4821 reused
CUDA Graph id 4821 reused
~llama_context:      CUDA0 compute buffer size is 304.0000 MiB, matches expectation of 304.0000 MiB
~llama_context:  CUDA_Host compute buffer size is  14.7637 MiB, matches expectation of  14.7637 MiB
llama_context: constructing llama_context
llama_context: n_seq_max     = 1
llama_context: n_ctx         = 768
llama_context: n_ctx_seq     = 768
llama_context: n_batch       = 661
llama_context: n_ubatch      = 512
llama_context: causal_attn   = 1
llama_context: flash_attn    = auto
llama_context: kv_unified    = false
llama_context: freq_base     = 1000000.0
llama_context: freq_scale    = 1
llama_context: n_rs_seq      = 0
llama_context: n_outputs_max = 661
llama_context: n_ctx_seq (768) < n_ctx_train (32768) -- the full capacity of the model will not be utilized
set_abort_callback: call
llama_context:  CUDA_Host  output buffer size =     0.58 MiB
llama_kv_cache: layer   0: dev = CPU
llama_kv_cache: layer   1: dev = CPU
llama_kv_cache: layer   2: dev = CPU
llama_kv_cache: layer   3: dev = CUDA0
llama_kv_cache: layer   4: dev = CUDA0
llama_kv_cache: layer   5: dev = CUDA0
llama_kv_cache: layer   6: dev = CUDA0
llama_kv_cache: layer   7: dev = CUDA0
llama_kv_cache: layer   8: dev = CUDA0
llama_kv_cache: layer   9: dev = CUDA0
llama_kv_cache: layer  10: dev = CUDA0
llama_kv_cache: layer  11: dev = CUDA0
llama_kv_cache: layer  12: dev = CUDA0
llama_kv_cache: layer  13: dev = CUDA0
llama_kv_cache: layer  14: dev = CUDA0
llama_kv_cache: layer  15: dev = CUDA0
llama_kv_cache: layer  16: dev = CUDA0
llama_kv_cache: layer  17: dev = CUDA0
llama_kv_cache: layer  18: dev = CUDA0
llama_kv_cache: layer  19: dev = CUDA0
llama_kv_cache: layer  20: dev = CUDA0
llama_kv_cache: layer  21: dev = CUDA0
llama_kv_cache: layer  22: dev = CUDA0
llama_kv_cache: layer  23: dev = CUDA0
llama_kv_cache: layer  24: dev = CUDA0
llama_kv_cache: layer  25: dev = CUDA0
llama_kv_cache: layer  26: dev = CUDA0
llama_kv_cache: layer  27: dev = CUDA0
llama_kv_cache:        CPU KV buffer size =     4.50 MiB
llama_kv_cache:      CUDA0 KV buffer size =    37.50 MiB
llama_kv_cache: size =   42.00 MiB (   768 cells,  28 layers,  1/1 seqs), K (f16):   21.00 MiB, V (f16):   21.00 MiB
llama_kv_cache: attn_rot_k = 0, n_embd_head_k_all = 128
llama_kv_cache: attn_rot_v = 0, n_embd_head_k_all = 128
llama_context: enumerating backends
llama_context: backend_ptrs.size() = 2
sched_reserve: reserving ...
sched_reserve: max_nodes = 2712
sched_reserve: reserving full memory module
sched_reserve: worst-case: n_tokens = 512, n_seqs = 1, n_outputs = 1
graph_reserve: reserving a graph for ubatch with n_tokens =    1, n_seqs =  1, n_outputs =    1
sched_reserve: Flash Attention was auto, set to enabled
sched_reserve: resolving fused Gated Delta Net support:
graph_reserve: reserving a graph for ubatch with n_tokens =    1, n_seqs =  1, n_outputs =    1
sched_reserve: fused Gated Delta Net (autoregressive) enabled
graph_reserve: reserving a graph for ubatch with n_tokens =   16, n_seqs =  1, n_outputs =   16
sched_reserve: fused Gated Delta Net (chunked) enabled
graph_reserve: reserving a graph for ubatch with n_tokens =  512, n_seqs =  1, n_outputs =  512
graph_reserve: reserving a graph for ubatch with n_tokens =    1, n_seqs =  1, n_outputs =    1
graph_reserve: reserving a graph for ubatch with n_tokens =  512, n_seqs =  1, n_outputs =  512
sched_reserve:      CUDA0 compute buffer size =   304.00 MiB
sched_reserve:  CUDA_Host compute buffer size =    14.76 MiB
sched_reserve: graph nodes  = 958
sched_reserve: graph splits = 44 (with bs=512), 2 (with bs=1)
sched_reserve: reserve took 20.24 ms, sched copies = 1
CUDA Graph id 4971 reused
ggml_backend_cuda_graph_compute: CUDA graph warmup complete
CUDA Graph id 4971 reused
CUDA Graph id 4971 reused
CUDA Graph id 4971 reused
CUDA Graph id 4971 reused
CUDA Graph id 4971 reused
CUDA Graph id 4971 reused
CUDA Graph id 4971 reused
CUDA Graph id 4971 reused
CUDA Graph id 4971 reused
CUDA Graph id 4971 reused
CUDA Graph id 4971 reused
CUDA Graph id 4971 reused
CUDA Graph id 4971 reused
CUDA Graph id 4971 reused
CUDA Graph id 4971 reused
CUDA Graph id 4971 reused
CUDA Graph id 4971 reused
CUDA Graph id 4971 reused
CUDA Graph id 4971 reused
CUDA Graph id 4971 reused
CUDA Graph id 4971 reused
CUDA Graph id 4971 reused
CUDA Graph id 4971 reused
~llama_context:      CUDA0 compute buffer size is 304.0000 MiB, matches expectation of 304.0000 MiB
~llama_context:  CUDA_Host compute buffer size is  14.7637 MiB, matches expectation of  14.7637 MiB
llama_context: constructing llama_context
llama_context: n_seq_max     = 1
llama_context: n_ctx         = 768
llama_context: n_ctx_seq     = 768
llama_context: n_batch       = 661
llama_context: n_ubatch      = 512
llama_context: causal_attn   = 1
llama_context: flash_attn    = auto
llama_context: kv_unified    = false
llama_context: freq_base     = 1000000.0
llama_context: freq_scale    = 1
llama_context: n_rs_seq      = 0
llama_context: n_outputs_max = 661
llama_context: n_ctx_seq (768) < n_ctx_train (32768) -- the full capacity of the model will not be utilized
set_abort_callback: call
llama_context:  CUDA_Host  output buffer size =     0.58 MiB
llama_kv_cache: layer   0: dev = CPU
llama_kv_cache: layer   1: dev = CPU
llama_kv_cache: layer   2: dev = CPU
llama_kv_cache: layer   3: dev = CUDA0
llama_kv_cache: layer   4: dev = CUDA0
llama_kv_cache: layer   5: dev = CUDA0
llama_kv_cache: layer   6: dev = CUDA0
llama_kv_cache: layer   7: dev = CUDA0
llama_kv_cache: layer   8: dev = CUDA0
llama_kv_cache: layer   9: dev = CUDA0
llama_kv_cache: layer  10: dev = CUDA0
llama_kv_cache: layer  11: dev = CUDA0
llama_kv_cache: layer  12: dev = CUDA0
llama_kv_cache: layer  13: dev = CUDA0
llama_kv_cache: layer  14: dev = CUDA0
llama_kv_cache: layer  15: dev = CUDA0
llama_kv_cache: layer  16: dev = CUDA0
llama_kv_cache: layer  17: dev = CUDA0
llama_kv_cache: layer  18: dev = CUDA0
llama_kv_cache: layer  19: dev = CUDA0
llama_kv_cache: layer  20: dev = CUDA0
llama_kv_cache: layer  21: dev = CUDA0
llama_kv_cache: layer  22: dev = CUDA0
llama_kv_cache: layer  23: dev = CUDA0
llama_kv_cache: layer  24: dev = CUDA0
llama_kv_cache: layer  25: dev = CUDA0
llama_kv_cache: layer  26: dev = CUDA0
llama_kv_cache: layer  27: dev = CUDA0
llama_kv_cache:        CPU KV buffer size =     4.50 MiB
llama_kv_cache:      CUDA0 KV buffer size =    37.50 MiB
llama_kv_cache: size =   42.00 MiB (   768 cells,  28 layers,  1/1 seqs), K (f16):   21.00 MiB, V (f16):   21.00 MiB
llama_kv_cache: attn_rot_k = 0, n_embd_head_k_all = 128
llama_kv_cache: attn_rot_v = 0, n_embd_head_k_all = 128
llama_context: enumerating backends
llama_context: backend_ptrs.size() = 2
sched_reserve: reserving ...
sched_reserve: max_nodes = 2712
sched_reserve: reserving full memory module
sched_reserve: worst-case: n_tokens = 512, n_seqs = 1, n_outputs = 1
graph_reserve: reserving a graph for ubatch with n_tokens =    1, n_seqs =  1, n_outputs =    1
sched_reserve: Flash Attention was auto, set to enabled
sched_reserve: resolving fused Gated Delta Net support:
graph_reserve: reserving a graph for ubatch with n_tokens =    1, n_seqs =  1, n_outputs =    1
sched_reserve: fused Gated Delta Net (autoregressive) enabled
graph_reserve: reserving a graph for ubatch with n_tokens =   16, n_seqs =  1, n_outputs =   16
sched_reserve: fused Gated Delta Net (chunked) enabled
graph_reserve: reserving a graph for ubatch with n_tokens =  512, n_seqs =  1, n_outputs =  512
graph_reserve: reserving a graph for ubatch with n_tokens =    1, n_seqs =  1, n_outputs =    1
graph_reserve: reserving a graph for ubatch with n_tokens =  512, n_seqs =  1, n_outputs =  512
sched_reserve:      CUDA0 compute buffer size =   304.00 MiB
sched_reserve:  CUDA_Host compute buffer size =    14.76 MiB
sched_reserve: graph nodes  = 958
sched_reserve: graph splits = 44 (with bs=512), 2 (with bs=1)
sched_reserve: reserve took 17.38 ms, sched copies = 1
CUDA Graph id 5121 reused
ggml_backend_cuda_graph_compute: CUDA graph warmup complete
CUDA Graph id 5121 reused
CUDA Graph id 5121 reused
CUDA Graph id 5121 reused
CUDA Graph id 5121 reused
CUDA Graph id 5121 reused
CUDA Graph id 5121 reused
CUDA Graph id 5121 reused
CUDA Graph id 5121 reused
CUDA Graph id 5121 reused
CUDA Graph id 5121 reused
CUDA Graph id 5121 reused
CUDA Graph id 5121 reused
CUDA Graph id 5121 reused
CUDA Graph id 5121 reused
CUDA Graph id 5121 reused
CUDA Graph id 5121 reused
CUDA Graph id 5121 reused
CUDA Graph id 5121 reused
CUDA Graph id 5121 reused
CUDA Graph id 5121 reused
CUDA Graph id 5121 reused
CUDA Graph id 5121 reused
CUDA Graph id 5121 reused
~llama_context:      CUDA0 compute buffer size is 304.0000 MiB, matches expectation of 304.0000 MiB
~llama_context:  CUDA_Host compute buffer size is  14.7637 MiB, matches expectation of  14.7637 MiB
llama_context: constructing llama_context
llama_context: n_seq_max     = 1
llama_context: n_ctx         = 768
llama_context: n_ctx_seq     = 768
llama_context: n_batch       = 661
llama_context: n_ubatch      = 512
llama_context: causal_attn   = 1
llama_context: flash_attn    = auto
llama_context: kv_unified    = false
llama_context: freq_base     = 1000000.0
llama_context: freq_scale    = 1
llama_context: n_rs_seq      = 0
llama_context: n_outputs_max = 661
llama_context: n_ctx_seq (768) < n_ctx_train (32768) -- the full capacity of the model will not be utilized
set_abort_callback: call
llama_context:  CUDA_Host  output buffer size =     0.58 MiB
llama_kv_cache: layer   0: dev = CPU
llama_kv_cache: layer   1: dev = CPU
llama_kv_cache: layer   2: dev = CPU
llama_kv_cache: layer   3: dev = CUDA0
llama_kv_cache: layer   4: dev = CUDA0
llama_kv_cache: layer   5: dev = CUDA0
llama_kv_cache: layer   6: dev = CUDA0
llama_kv_cache: layer   7: dev = CUDA0
llama_kv_cache: layer   8: dev = CUDA0
llama_kv_cache: layer   9: dev = CUDA0
llama_kv_cache: layer  10: dev = CUDA0
llama_kv_cache: layer  11: dev = CUDA0
llama_kv_cache: layer  12: dev = CUDA0
llama_kv_cache: layer  13: dev = CUDA0
llama_kv_cache: layer  14: dev = CUDA0
llama_kv_cache: layer  15: dev = CUDA0
llama_kv_cache: layer  16: dev = CUDA0
llama_kv_cache: layer  17: dev = CUDA0
llama_kv_cache: layer  18: dev = CUDA0
llama_kv_cache: layer  19: dev = CUDA0
llama_kv_cache: layer  20: dev = CUDA0
llama_kv_cache: layer  21: dev = CUDA0
llama_kv_cache: layer  22: dev = CUDA0
llama_kv_cache: layer  23: dev = CUDA0
llama_kv_cache: layer  24: dev = CUDA0
llama_kv_cache: layer  25: dev = CUDA0
llama_kv_cache: layer  26: dev = CUDA0
llama_kv_cache: layer  27: dev = CUDA0
llama_kv_cache:        CPU KV buffer size =     4.50 MiB
llama_kv_cache:      CUDA0 KV buffer size =    37.50 MiB
llama_kv_cache: size =   42.00 MiB (   768 cells,  28 layers,  1/1 seqs), K (f16):   21.00 MiB, V (f16):   21.00 MiB
llama_kv_cache: attn_rot_k = 0, n_embd_head_k_all = 128
llama_kv_cache: attn_rot_v = 0, n_embd_head_k_all = 128
llama_context: enumerating backends
llama_context: backend_ptrs.size() = 2
sched_reserve: reserving ...
sched_reserve: max_nodes = 2712
sched_reserve: reserving full memory module
sched_reserve: worst-case: n_tokens = 512, n_seqs = 1, n_outputs = 1
graph_reserve: reserving a graph for ubatch with n_tokens =    1, n_seqs =  1, n_outputs =    1
sched_reserve: Flash Attention was auto, set to enabled
sched_reserve: resolving fused Gated Delta Net support:
graph_reserve: reserving a graph for ubatch with n_tokens =    1, n_seqs =  1, n_outputs =    1
sched_reserve: fused Gated Delta Net (autoregressive) enabled
graph_reserve: reserving a graph for ubatch with n_tokens =   16, n_seqs =  1, n_outputs =   16
sched_reserve: fused Gated Delta Net (chunked) enabled
graph_reserve: reserving a graph for ubatch with n_tokens =  512, n_seqs =  1, n_outputs =  512
graph_reserve: reserving a graph for ubatch with n_tokens =    1, n_seqs =  1, n_outputs =    1
graph_reserve: reserving a graph for ubatch with n_tokens =  512, n_seqs =  1, n_outputs =  512
sched_reserve:      CUDA0 compute buffer size =   304.00 MiB
sched_reserve:  CUDA_Host compute buffer size =    14.76 MiB
sched_reserve: graph nodes  = 958
sched_reserve: graph splits = 44 (with bs=512), 2 (with bs=1)
sched_reserve: reserve took 13.19 ms, sched copies = 1
CUDA Graph id 5271 reused
ggml_backend_cuda_graph_compute: CUDA graph warmup complete
CUDA Graph id 5271 reused
CUDA Graph id 5271 reused
CUDA Graph id 5271 reused
CUDA Graph id 5271 reused
CUDA Graph id 5271 reused
CUDA Graph id 5271 reused
CUDA Graph id 5271 reused
CUDA Graph id 5271 reused
CUDA Graph id 5271 reused
CUDA Graph id 5271 reused
CUDA Graph id 5271 reused
CUDA Graph id 5271 reused
CUDA Graph id 5271 reused
CUDA Graph id 5271 reused
CUDA Graph id 5271 reused
CUDA Graph id 5271 reused
CUDA Graph id 5271 reused
CUDA Graph id 5271 reused
CUDA Graph id 5271 reused
CUDA Graph id 5271 reused
CUDA Graph id 5271 reused
CUDA Graph id 5271 reused
~llama_context:      CUDA0 compute buffer size is 304.0000 MiB, matches expectation of 304.0000 MiB
~llama_context:  CUDA_Host compute buffer size is  14.7637 MiB, matches expectation of  14.7637 MiB
llama_context: constructing llama_context
llama_context: n_seq_max     = 1
llama_context: n_ctx         = 768
llama_context: n_ctx_seq     = 768
llama_context: n_batch       = 661
llama_context: n_ubatch      = 512
llama_context: causal_attn   = 1
llama_context: flash_attn    = auto
llama_context: kv_unified    = false
llama_context: freq_base     = 1000000.0
llama_context: freq_scale    = 1
llama_context: n_rs_seq      = 0
llama_context: n_outputs_max = 661
llama_context: n_ctx_seq (768) < n_ctx_train (32768) -- the full capacity of the model will not be utilized
set_abort_callback: call
llama_context:  CUDA_Host  output buffer size =     0.58 MiB
llama_kv_cache: layer   0: dev = CPU
llama_kv_cache: layer   1: dev = CPU
llama_kv_cache: layer   2: dev = CPU
llama_kv_cache: layer   3: dev = CUDA0
llama_kv_cache: layer   4: dev = CUDA0
llama_kv_cache: layer   5: dev = CUDA0
llama_kv_cache: layer   6: dev = CUDA0
llama_kv_cache: layer   7: dev = CUDA0
llama_kv_cache: layer   8: dev = CUDA0
llama_kv_cache: layer   9: dev = CUDA0
llama_kv_cache: layer  10: dev = CUDA0
llama_kv_cache: layer  11: dev = CUDA0
llama_kv_cache: layer  12: dev = CUDA0
llama_kv_cache: layer  13: dev = CUDA0
llama_kv_cache: layer  14: dev = CUDA0
llama_kv_cache: layer  15: dev = CUDA0
llama_kv_cache: layer  16: dev = CUDA0
llama_kv_cache: layer  17: dev = CUDA0
llama_kv_cache: layer  18: dev = CUDA0
llama_kv_cache: layer  19: dev = CUDA0
llama_kv_cache: layer  20: dev = CUDA0
llama_kv_cache: layer  21: dev = CUDA0
llama_kv_cache: layer  22: dev = CUDA0
llama_kv_cache: layer  23: dev = CUDA0
llama_kv_cache: layer  24: dev = CUDA0
llama_kv_cache: layer  25: dev = CUDA0
llama_kv_cache: layer  26: dev = CUDA0
llama_kv_cache: layer  27: dev = CUDA0
llama_kv_cache:        CPU KV buffer size =     4.50 MiB
llama_kv_cache:      CUDA0 KV buffer size =    37.50 MiB
llama_kv_cache: size =   42.00 MiB (   768 cells,  28 layers,  1/1 seqs), K (f16):   21.00 MiB, V (f16):   21.00 MiB
llama_kv_cache: attn_rot_k = 0, n_embd_head_k_all = 128
llama_kv_cache: attn_rot_v = 0, n_embd_head_k_all = 128
llama_context: enumerating backends
llama_context: backend_ptrs.size() = 2
sched_reserve: reserving ...
sched_reserve: max_nodes = 2712
sched_reserve: reserving full memory module
sched_reserve: worst-case: n_tokens = 512, n_seqs = 1, n_outputs = 1
graph_reserve: reserving a graph for ubatch with n_tokens =    1, n_seqs =  1, n_outputs =    1
sched_reserve: Flash Attention was auto, set to enabled
sched_reserve: resolving fused Gated Delta Net support:
graph_reserve: reserving a graph for ubatch with n_tokens =    1, n_seqs =  1, n_outputs =    1
sched_reserve: fused Gated Delta Net (autoregressive) enabled
graph_reserve: reserving a graph for ubatch with n_tokens =   16, n_seqs =  1, n_outputs =   16
sched_reserve: fused Gated Delta Net (chunked) enabled
graph_reserve: reserving a graph for ubatch with n_tokens =  512, n_seqs =  1, n_outputs =  512
graph_reserve: reserving a graph for ubatch with n_tokens =    1, n_seqs =  1, n_outputs =    1
graph_reserve: reserving a graph for ubatch with n_tokens =  512, n_seqs =  1, n_outputs =  512
sched_reserve:      CUDA0 compute buffer size =   304.00 MiB
sched_reserve:  CUDA_Host compute buffer size =    14.76 MiB
sched_reserve: graph nodes  = 958
sched_reserve: graph splits = 44 (with bs=512), 2 (with bs=1)
sched_reserve: reserve took 21.96 ms, sched copies = 1
CUDA Graph id 5421 reused
ggml_backend_cuda_graph_compute: CUDA graph warmup complete
CUDA Graph id 5421 reused
CUDA Graph id 5421 reused
CUDA Graph id 5421 reused
CUDA Graph id 5421 reused
CUDA Graph id 5421 reused
CUDA Graph id 5421 reused
CUDA Graph id 5421 reused
CUDA Graph id 5421 reused
CUDA Graph id 5421 reused
CUDA Graph id 5421 reused
CUDA Graph id 5421 reused
CUDA Graph id 5421 reused
CUDA Graph id 5421 reused
CUDA Graph id 5421 reused
CUDA Graph id 5421 reused
~llama_context:      CUDA0 compute buffer size is 304.0000 MiB, matches expectation of 304.0000 MiB
~llama_context:  CUDA_Host compute buffer size is  14.7637 MiB, matches expectation of  14.7637 MiB
schema 56/75 done
llama_context: constructing llama_context
llama_context: n_seq_max     = 1
llama_context: n_ctx         = 768
llama_context: n_ctx_seq     = 768
llama_context: n_batch       = 768
llama_context: n_ubatch      = 512
llama_context: causal_attn   = 1
llama_context: flash_attn    = auto
llama_context: kv_unified    = false
llama_context: freq_base     = 1000000.0
llama_context: freq_scale    = 1
llama_context: n_rs_seq      = 0
llama_context: n_outputs_max = 768
llama_context: n_ctx_seq (768) < n_ctx_train (32768) -- the full capacity of the model will not be utilized
set_abort_callback: call
llama_context:  CUDA_Host  output buffer size =     0.58 MiB
llama_kv_cache: layer   0: dev = CPU
llama_kv_cache: layer   1: dev = CPU
llama_kv_cache: layer   2: dev = CPU
llama_kv_cache: layer   3: dev = CUDA0
llama_kv_cache: layer   4: dev = CUDA0
llama_kv_cache: layer   5: dev = CUDA0
llama_kv_cache: layer   6: dev = CUDA0
llama_kv_cache: layer   7: dev = CUDA0
llama_kv_cache: layer   8: dev = CUDA0
llama_kv_cache: layer   9: dev = CUDA0
llama_kv_cache: layer  10: dev = CUDA0
llama_kv_cache: layer  11: dev = CUDA0
llama_kv_cache: layer  12: dev = CUDA0
llama_kv_cache: layer  13: dev = CUDA0
llama_kv_cache: layer  14: dev = CUDA0
llama_kv_cache: layer  15: dev = CUDA0
llama_kv_cache: layer  16: dev = CUDA0
llama_kv_cache: layer  17: dev = CUDA0
llama_kv_cache: layer  18: dev = CUDA0
llama_kv_cache: layer  19: dev = CUDA0
llama_kv_cache: layer  20: dev = CUDA0
llama_kv_cache: layer  21: dev = CUDA0
llama_kv_cache: layer  22: dev = CUDA0
llama_kv_cache: layer  23: dev = CUDA0
llama_kv_cache: layer  24: dev = CUDA0
llama_kv_cache: layer  25: dev = CUDA0
llama_kv_cache: layer  26: dev = CUDA0
llama_kv_cache: layer  27: dev = CUDA0
llama_kv_cache:        CPU KV buffer size =     4.50 MiB
llama_kv_cache:      CUDA0 KV buffer size =    37.50 MiB
llama_kv_cache: size =   42.00 MiB (   768 cells,  28 layers,  1/1 seqs), K (f16):   21.00 MiB, V (f16):   21.00 MiB
llama_kv_cache: attn_rot_k = 0, n_embd_head_k_all = 128
llama_kv_cache: attn_rot_v = 0, n_embd_head_k_all = 128
llama_context: enumerating backends
llama_context: backend_ptrs.size() = 2
sched_reserve: reserving ...
sched_reserve: max_nodes = 2712
sched_reserve: reserving full memory module
sched_reserve: worst-case: n_tokens = 512, n_seqs = 1, n_outputs = 1
graph_reserve: reserving a graph for ubatch with n_tokens =    1, n_seqs =  1, n_outputs =    1
sched_reserve: Flash Attention was auto, set to enabled
sched_reserve: resolving fused Gated Delta Net support:
graph_reserve: reserving a graph for ubatch with n_tokens =    1, n_seqs =  1, n_outputs =    1
sched_reserve: fused Gated Delta Net (autoregressive) enabled
graph_reserve: reserving a graph for ubatch with n_tokens =   16, n_seqs =  1, n_outputs =   16
sched_reserve: fused Gated Delta Net (chunked) enabled
graph_reserve: reserving a graph for ubatch with n_tokens =  512, n_seqs =  1, n_outputs =  512
graph_reserve: reserving a graph for ubatch with n_tokens =    1, n_seqs =  1, n_outputs =    1
graph_reserve: reserving a graph for ubatch with n_tokens =  512, n_seqs =  1, n_outputs =  512
sched_reserve:      CUDA0 compute buffer size =   304.00 MiB
sched_reserve:  CUDA_Host compute buffer size =    14.76 MiB
sched_reserve: graph nodes  = 958
sched_reserve: graph splits = 44 (with bs=512), 2 (with bs=1)
sched_reserve: reserve took 23.43 ms, sched copies = 1
CUDA Graph id 5571 reused
ggml_backend_cuda_graph_compute: CUDA graph warmup complete
CUDA Graph id 5571 reused
CUDA Graph id 5571 reused
CUDA Graph id 5571 reused
CUDA Graph id 5571 reused
CUDA Graph id 5571 reused
CUDA Graph id 5571 reused
ggml_backend_cuda_graph_compute: CUDA graph warmup reset
CUDA Graph id 5574 reused
ggml_backend_cuda_graph_compute: CUDA graph warmup complete
CUDA Graph id 5574 reused
CUDA Graph id 5574 reused
CUDA Graph id 5574 reused
CUDA Graph id 5574 reused
CUDA Graph id 5574 reused
CUDA Graph id 5574 reused
CUDA Graph id 5574 reused
CUDA Graph id 5574 reused
CUDA Graph id 5574 reused
CUDA Graph id 5574 reused
CUDA Graph id 5574 reused
CUDA Graph id 5574 reused
CUDA Graph id 5574 reused
CUDA Graph id 5574 reused
CUDA Graph id 5574 reused
CUDA Graph id 5574 reused
CUDA Graph id 5574 reused
CUDA Graph id 5574 reused
CUDA Graph id 5574 reused
CUDA Graph id 5574 reused
CUDA Graph id 5574 reused
CUDA Graph id 5574 reused
CUDA Graph id 5574 reused
CUDA Graph id 5574 reused
CUDA Graph id 5574 reused
CUDA Graph id 5574 reused
CUDA Graph id 5574 reused
CUDA Graph id 5574 reused
CUDA Graph id 5574 reused
CUDA Graph id 5574 reused
CUDA Graph id 5574 reused
CUDA Graph id 5574 reused
CUDA Graph id 5574 reused
CUDA Graph id 5574 reused
CUDA Graph id 5574 reused
CUDA Graph id 5574 reused
CUDA Graph id 5574 reused
CUDA Graph id 5574 reused
CUDA Graph id 5574 reused
CUDA Graph id 5574 reused
CUDA Graph id 5574 reused
CUDA Graph id 5574 reused
CUDA Graph id 5574 reused
CUDA Graph id 5574 reused
CUDA Graph id 5574 reused
CUDA Graph id 5574 reused
CUDA Graph id 5574 reused
CUDA Graph id 5574 reused
CUDA Graph id 5574 reused
CUDA Graph id 5574 reused
CUDA Graph id 5574 reused
CUDA Graph id 5574 reused
CUDA Graph id 5574 reused
CUDA Graph id 5574 reused
CUDA Graph id 5574 reused
CUDA Graph id 5574 reused
CUDA Graph id 5574 reused
CUDA Graph id 5574 reused
CUDA Graph id 5574 reused
~llama_context:      CUDA0 compute buffer size is 304.0000 MiB, matches expectation of 304.0000 MiB
~llama_context:  CUDA_Host compute buffer size is  14.7637 MiB, matches expectation of  14.7637 MiB
llama_context: constructing llama_context
llama_context: n_seq_max     = 1
llama_context: n_ctx         = 768
llama_context: n_ctx_seq     = 768
llama_context: n_batch       = 768
llama_context: n_ubatch      = 512
llama_context: causal_attn   = 1
llama_context: flash_attn    = auto
llama_context: kv_unified    = false
llama_context: freq_base     = 1000000.0
llama_context: freq_scale    = 1
llama_context: n_rs_seq      = 0
llama_context: n_outputs_max = 768
llama_context: n_ctx_seq (768) < n_ctx_train (32768) -- the full capacity of the model will not be utilized
set_abort_callback: call
llama_context:  CUDA_Host  output buffer size =     0.58 MiB
llama_kv_cache: layer   0: dev = CPU
llama_kv_cache: layer   1: dev = CPU
llama_kv_cache: layer   2: dev = CPU
llama_kv_cache: layer   3: dev = CUDA0
llama_kv_cache: layer   4: dev = CUDA0
llama_kv_cache: layer   5: dev = CUDA0
llama_kv_cache: layer   6: dev = CUDA0
llama_kv_cache: layer   7: dev = CUDA0
llama_kv_cache: layer   8: dev = CUDA0
llama_kv_cache: layer   9: dev = CUDA0
llama_kv_cache: layer  10: dev = CUDA0
llama_kv_cache: layer  11: dev = CUDA0
llama_kv_cache: layer  12: dev = CUDA0
llama_kv_cache: layer  13: dev = CUDA0
llama_kv_cache: layer  14: dev = CUDA0
llama_kv_cache: layer  15: dev = CUDA0
llama_kv_cache: layer  16: dev = CUDA0
llama_kv_cache: layer  17: dev = CUDA0
llama_kv_cache: layer  18: dev = CUDA0
llama_kv_cache: layer  19: dev = CUDA0
llama_kv_cache: layer  20: dev = CUDA0
llama_kv_cache: layer  21: dev = CUDA0
llama_kv_cache: layer  22: dev = CUDA0
llama_kv_cache: layer  23: dev = CUDA0
llama_kv_cache: layer  24: dev = CUDA0
llama_kv_cache: layer  25: dev = CUDA0
llama_kv_cache: layer  26: dev = CUDA0
llama_kv_cache: layer  27: dev = CUDA0
llama_kv_cache:        CPU KV buffer size =     4.50 MiB
llama_kv_cache:      CUDA0 KV buffer size =    37.50 MiB
llama_kv_cache: size =   42.00 MiB (   768 cells,  28 layers,  1/1 seqs), K (f16):   21.00 MiB, V (f16):   21.00 MiB
llama_kv_cache: attn_rot_k = 0, n_embd_head_k_all = 128
llama_kv_cache: attn_rot_v = 0, n_embd_head_k_all = 128
llama_context: enumerating backends
llama_context: backend_ptrs.size() = 2
sched_reserve: reserving ...
sched_reserve: max_nodes = 2712
sched_reserve: reserving full memory module
sched_reserve: worst-case: n_tokens = 512, n_seqs = 1, n_outputs = 1
graph_reserve: reserving a graph for ubatch with n_tokens =    1, n_seqs =  1, n_outputs =    1
sched_reserve: Flash Attention was auto, set to enabled
sched_reserve: resolving fused Gated Delta Net support:
graph_reserve: reserving a graph for ubatch with n_tokens =    1, n_seqs =  1, n_outputs =    1
sched_reserve: fused Gated Delta Net (autoregressive) enabled
graph_reserve: reserving a graph for ubatch with n_tokens =   16, n_seqs =  1, n_outputs =   16
sched_reserve: fused Gated Delta Net (chunked) enabled
graph_reserve: reserving a graph for ubatch with n_tokens =  512, n_seqs =  1, n_outputs =  512
graph_reserve: reserving a graph for ubatch with n_tokens =    1, n_seqs =  1, n_outputs =    1
graph_reserve: reserving a graph for ubatch with n_tokens =  512, n_seqs =  1, n_outputs =  512
sched_reserve:      CUDA0 compute buffer size =   304.00 MiB
sched_reserve:  CUDA_Host compute buffer size =    14.76 MiB
sched_reserve: graph nodes  = 958
sched_reserve: graph splits = 44 (with bs=512), 2 (with bs=1)
sched_reserve: reserve took 13.01 ms, sched copies = 1
CUDA Graph id 5724 reused
ggml_backend_cuda_graph_compute: CUDA graph warmup complete
CUDA Graph id 5724 reused
CUDA Graph id 5724 reused
CUDA Graph id 5724 reused
CUDA Graph id 5724 reused
CUDA Graph id 5724 reused
CUDA Graph id 5724 reused
ggml_backend_cuda_graph_compute: CUDA graph warmup reset
CUDA Graph id 5727 reused
ggml_backend_cuda_graph_compute: CUDA graph warmup complete
CUDA Graph id 5727 reused
CUDA Graph id 5727 reused
CUDA Graph id 5727 reused
CUDA Graph id 5727 reused
CUDA Graph id 5727 reused
CUDA Graph id 5727 reused
CUDA Graph id 5727 reused
CUDA Graph id 5727 reused
CUDA Graph id 5727 reused
CUDA Graph id 5727 reused
CUDA Graph id 5727 reused
CUDA Graph id 5727 reused
CUDA Graph id 5727 reused
CUDA Graph id 5727 reused
CUDA Graph id 5727 reused
CUDA Graph id 5727 reused
CUDA Graph id 5727 reused
CUDA Graph id 5727 reused
CUDA Graph id 5727 reused
CUDA Graph id 5727 reused
CUDA Graph id 5727 reused
CUDA Graph id 5727 reused
CUDA Graph id 5727 reused
CUDA Graph id 5727 reused
CUDA Graph id 5727 reused
CUDA Graph id 5727 reused
CUDA Graph id 5727 reused
CUDA Graph id 5727 reused
CUDA Graph id 5727 reused
CUDA Graph id 5727 reused
CUDA Graph id 5727 reused
CUDA Graph id 5727 reused
CUDA Graph id 5727 reused
CUDA Graph id 5727 reused
CUDA Graph id 5727 reused
CUDA Graph id 5727 reused
CUDA Graph id 5727 reused
CUDA Graph id 5727 reused
CUDA Graph id 5727 reused
CUDA Graph id 5727 reused
CUDA Graph id 5727 reused
CUDA Graph id 5727 reused
CUDA Graph id 5727 reused
CUDA Graph id 5727 reused
CUDA Graph id 5727 reused
CUDA Graph id 5727 reused
CUDA Graph id 5727 reused
CUDA Graph id 5727 reused
CUDA Graph id 5727 reused
CUDA Graph id 5727 reused
CUDA Graph id 5727 reused
CUDA Graph id 5727 reused
CUDA Graph id 5727 reused
CUDA Graph id 5727 reused
CUDA Graph id 5727 reused
CUDA Graph id 5727 reused
CUDA Graph id 5727 reused
CUDA Graph id 5727 reused
CUDA Graph id 5727 reused
~llama_context:      CUDA0 compute buffer size is 304.0000 MiB, matches expectation of 304.0000 MiB
~llama_context:  CUDA_Host compute buffer size is  14.7637 MiB, matches expectation of  14.7637 MiB
llama_context: constructing llama_context
llama_context: n_seq_max     = 1
llama_context: n_ctx         = 768
llama_context: n_ctx_seq     = 768
llama_context: n_batch       = 768
llama_context: n_ubatch      = 512
llama_context: causal_attn   = 1
llama_context: flash_attn    = auto
llama_context: kv_unified    = false
llama_context: freq_base     = 1000000.0
llama_context: freq_scale    = 1
llama_context: n_rs_seq      = 0
llama_context: n_outputs_max = 768
llama_context: n_ctx_seq (768) < n_ctx_train (32768) -- the full capacity of the model will not be utilized
set_abort_callback: call
llama_context:  CUDA_Host  output buffer size =     0.58 MiB
llama_kv_cache: layer   0: dev = CPU
llama_kv_cache: layer   1: dev = CPU
llama_kv_cache: layer   2: dev = CPU
llama_kv_cache: layer   3: dev = CUDA0
llama_kv_cache: layer   4: dev = CUDA0
llama_kv_cache: layer   5: dev = CUDA0
llama_kv_cache: layer   6: dev = CUDA0
llama_kv_cache: layer   7: dev = CUDA0
llama_kv_cache: layer   8: dev = CUDA0
llama_kv_cache: layer   9: dev = CUDA0
llama_kv_cache: layer  10: dev = CUDA0
llama_kv_cache: layer  11: dev = CUDA0
llama_kv_cache: layer  12: dev = CUDA0
llama_kv_cache: layer  13: dev = CUDA0
llama_kv_cache: layer  14: dev = CUDA0
llama_kv_cache: layer  15: dev = CUDA0
llama_kv_cache: layer  16: dev = CUDA0
llama_kv_cache: layer  17: dev = CUDA0
llama_kv_cache: layer  18: dev = CUDA0
llama_kv_cache: layer  19: dev = CUDA0
llama_kv_cache: layer  20: dev = CUDA0
llama_kv_cache: layer  21: dev = CUDA0
llama_kv_cache: layer  22: dev = CUDA0
llama_kv_cache: layer  23: dev = CUDA0
llama_kv_cache: layer  24: dev = CUDA0
llama_kv_cache: layer  25: dev = CUDA0
llama_kv_cache: layer  26: dev = CUDA0
llama_kv_cache: layer  27: dev = CUDA0
llama_kv_cache:        CPU KV buffer size =     4.50 MiB
llama_kv_cache:      CUDA0 KV buffer size =    37.50 MiB
llama_kv_cache: size =   42.00 MiB (   768 cells,  28 layers,  1/1 seqs), K (f16):   21.00 MiB, V (f16):   21.00 MiB
llama_kv_cache: attn_rot_k = 0, n_embd_head_k_all = 128
llama_kv_cache: attn_rot_v = 0, n_embd_head_k_all = 128
llama_context: enumerating backends
llama_context: backend_ptrs.size() = 2
sched_reserve: reserving ...
sched_reserve: max_nodes = 2712
sched_reserve: reserving full memory module
sched_reserve: worst-case: n_tokens = 512, n_seqs = 1, n_outputs = 1
graph_reserve: reserving a graph for ubatch with n_tokens =    1, n_seqs =  1, n_outputs =    1
sched_reserve: Flash Attention was auto, set to enabled
sched_reserve: resolving fused Gated Delta Net support:
graph_reserve: reserving a graph for ubatch with n_tokens =    1, n_seqs =  1, n_outputs =    1
sched_reserve: fused Gated Delta Net (autoregressive) enabled
graph_reserve: reserving a graph for ubatch with n_tokens =   16, n_seqs =  1, n_outputs =   16
sched_reserve: fused Gated Delta Net (chunked) enabled
graph_reserve: reserving a graph for ubatch with n_tokens =  512, n_seqs =  1, n_outputs =  512
graph_reserve: reserving a graph for ubatch with n_tokens =    1, n_seqs =  1, n_outputs =    1
graph_reserve: reserving a graph for ubatch with n_tokens =  512, n_seqs =  1, n_outputs =  512
sched_reserve:      CUDA0 compute buffer size =   304.00 MiB
sched_reserve:  CUDA_Host compute buffer size =    14.76 MiB
sched_reserve: graph nodes  = 958
sched_reserve: graph splits = 44 (with bs=512), 2 (with bs=1)
sched_reserve: reserve took 14.03 ms, sched copies = 1
CUDA Graph id 5877 reused
ggml_backend_cuda_graph_compute: CUDA graph warmup complete
CUDA Graph id 5877 reused
CUDA Graph id 5877 reused
CUDA Graph id 5877 reused
CUDA Graph id 5877 reused
CUDA Graph id 5877 reused
CUDA Graph id 5877 reused
ggml_backend_cuda_graph_compute: CUDA graph warmup reset
CUDA Graph id 5880 reused
ggml_backend_cuda_graph_compute: CUDA graph warmup complete
CUDA Graph id 5880 reused
CUDA Graph id 5880 reused
CUDA Graph id 5880 reused
CUDA Graph id 5880 reused
CUDA Graph id 5880 reused
CUDA Graph id 5880 reused
CUDA Graph id 5880 reused
CUDA Graph id 5880 reused
CUDA Graph id 5880 reused
CUDA Graph id 5880 reused
CUDA Graph id 5880 reused
CUDA Graph id 5880 reused
CUDA Graph id 5880 reused
CUDA Graph id 5880 reused
CUDA Graph id 5880 reused
CUDA Graph id 5880 reused
CUDA Graph id 5880 reused
CUDA Graph id 5880 reused
CUDA Graph id 5880 reused
CUDA Graph id 5880 reused
CUDA Graph id 5880 reused
CUDA Graph id 5880 reused
CUDA Graph id 5880 reused
CUDA Graph id 5880 reused
CUDA Graph id 5880 reused
CUDA Graph id 5880 reused
CUDA Graph id 5880 reused
CUDA Graph id 5880 reused
CUDA Graph id 5880 reused
CUDA Graph id 5880 reused
CUDA Graph id 5880 reused
CUDA Graph id 5880 reused
CUDA Graph id 5880 reused
CUDA Graph id 5880 reused
~llama_context:      CUDA0 compute buffer size is 304.0000 MiB, matches expectation of 304.0000 MiB
~llama_context:  CUDA_Host compute buffer size is  14.7637 MiB, matches expectation of  14.7637 MiB
llama_context: constructing llama_context
llama_context: n_seq_max     = 1
llama_context: n_ctx         = 768
llama_context: n_ctx_seq     = 768
llama_context: n_batch       = 768
llama_context: n_ubatch      = 512
llama_context: causal_attn   = 1
llama_context: flash_attn    = auto
llama_context: kv_unified    = false
llama_context: freq_base     = 1000000.0
llama_context: freq_scale    = 1
llama_context: n_rs_seq      = 0
llama_context: n_outputs_max = 768
llama_context: n_ctx_seq (768) < n_ctx_train (32768) -- the full capacity of the model will not be utilized
set_abort_callback: call
llama_context:  CUDA_Host  output buffer size =     0.58 MiB
llama_kv_cache: layer   0: dev = CPU
llama_kv_cache: layer   1: dev = CPU
llama_kv_cache: layer   2: dev = CPU
llama_kv_cache: layer   3: dev = CUDA0
llama_kv_cache: layer   4: dev = CUDA0
llama_kv_cache: layer   5: dev = CUDA0
llama_kv_cache: layer   6: dev = CUDA0
llama_kv_cache: layer   7: dev = CUDA0
llama_kv_cache: layer   8: dev = CUDA0
llama_kv_cache: layer   9: dev = CUDA0
llama_kv_cache: layer  10: dev = CUDA0
llama_kv_cache: layer  11: dev = CUDA0
llama_kv_cache: layer  12: dev = CUDA0
llama_kv_cache: layer  13: dev = CUDA0
llama_kv_cache: layer  14: dev = CUDA0
llama_kv_cache: layer  15: dev = CUDA0
llama_kv_cache: layer  16: dev = CUDA0
llama_kv_cache: layer  17: dev = CUDA0
llama_kv_cache: layer  18: dev = CUDA0
llama_kv_cache: layer  19: dev = CUDA0
llama_kv_cache: layer  20: dev = CUDA0
llama_kv_cache: layer  21: dev = CUDA0
llama_kv_cache: layer  22: dev = CUDA0
llama_kv_cache: layer  23: dev = CUDA0
llama_kv_cache: layer  24: dev = CUDA0
llama_kv_cache: layer  25: dev = CUDA0
llama_kv_cache: layer  26: dev = CUDA0
llama_kv_cache: layer  27: dev = CUDA0
llama_kv_cache:        CPU KV buffer size =     4.50 MiB
llama_kv_cache:      CUDA0 KV buffer size =    37.50 MiB
llama_kv_cache: size =   42.00 MiB (   768 cells,  28 layers,  1/1 seqs), K (f16):   21.00 MiB, V (f16):   21.00 MiB
llama_kv_cache: attn_rot_k = 0, n_embd_head_k_all = 128
llama_kv_cache: attn_rot_v = 0, n_embd_head_k_all = 128
llama_context: enumerating backends
llama_context: backend_ptrs.size() = 2
sched_reserve: reserving ...
sched_reserve: max_nodes = 2712
sched_reserve: reserving full memory module
sched_reserve: worst-case: n_tokens = 512, n_seqs = 1, n_outputs = 1
graph_reserve: reserving a graph for ubatch with n_tokens =    1, n_seqs =  1, n_outputs =    1
sched_reserve: Flash Attention was auto, set to enabled
sched_reserve: resolving fused Gated Delta Net support:
graph_reserve: reserving a graph for ubatch with n_tokens =    1, n_seqs =  1, n_outputs =    1
sched_reserve: fused Gated Delta Net (autoregressive) enabled
graph_reserve: reserving a graph for ubatch with n_tokens =   16, n_seqs =  1, n_outputs =   16
sched_reserve: fused Gated Delta Net (chunked) enabled
graph_reserve: reserving a graph for ubatch with n_tokens =  512, n_seqs =  1, n_outputs =  512
graph_reserve: reserving a graph for ubatch with n_tokens =    1, n_seqs =  1, n_outputs =    1
graph_reserve: reserving a graph for ubatch with n_tokens =  512, n_seqs =  1, n_outputs =  512
sched_reserve:      CUDA0 compute buffer size =   304.00 MiB
sched_reserve:  CUDA_Host compute buffer size =    14.76 MiB
sched_reserve: graph nodes  = 958
sched_reserve: graph splits = 44 (with bs=512), 2 (with bs=1)
sched_reserve: reserve took 13.99 ms, sched copies = 1
CUDA Graph id 6030 reused
ggml_backend_cuda_graph_compute: CUDA graph warmup complete
CUDA Graph id 6030 reused
CUDA Graph id 6030 reused
CUDA Graph id 6030 reused
CUDA Graph id 6030 reused
CUDA Graph id 6030 reused
CUDA Graph id 6030 reused
ggml_backend_cuda_graph_compute: CUDA graph warmup reset
CUDA Graph id 6033 reused
ggml_backend_cuda_graph_compute: CUDA graph warmup complete
CUDA Graph id 6033 reused
CUDA Graph id 6033 reused
CUDA Graph id 6033 reused
CUDA Graph id 6033 reused
CUDA Graph id 6033 reused
CUDA Graph id 6033 reused
CUDA Graph id 6033 reused
CUDA Graph id 6033 reused
CUDA Graph id 6033 reused
CUDA Graph id 6033 reused
CUDA Graph id 6033 reused
CUDA Graph id 6033 reused
CUDA Graph id 6033 reused
CUDA Graph id 6033 reused
CUDA Graph id 6033 reused
CUDA Graph id 6033 reused
CUDA Graph id 6033 reused
CUDA Graph id 6033 reused
CUDA Graph id 6033 reused
CUDA Graph id 6033 reused
CUDA Graph id 6033 reused
CUDA Graph id 6033 reused
CUDA Graph id 6033 reused
CUDA Graph id 6033 reused
CUDA Graph id 6033 reused
CUDA Graph id 6033 reused
CUDA Graph id 6033 reused
CUDA Graph id 6033 reused
CUDA Graph id 6033 reused
CUDA Graph id 6033 reused
CUDA Graph id 6033 reused
CUDA Graph id 6033 reused
CUDA Graph id 6033 reused
CUDA Graph id 6033 reused
~llama_context:      CUDA0 compute buffer size is 304.0000 MiB, matches expectation of 304.0000 MiB
~llama_context:  CUDA_Host compute buffer size is  14.7637 MiB, matches expectation of  14.7637 MiB
llama_context: constructing llama_context
llama_context: n_seq_max     = 1
llama_context: n_ctx         = 768
llama_context: n_ctx_seq     = 768
llama_context: n_batch       = 768
llama_context: n_ubatch      = 512
llama_context: causal_attn   = 1
llama_context: flash_attn    = auto
llama_context: kv_unified    = false
llama_context: freq_base     = 1000000.0
llama_context: freq_scale    = 1
llama_context: n_rs_seq      = 0
llama_context: n_outputs_max = 768
llama_context: n_ctx_seq (768) < n_ctx_train (32768) -- the full capacity of the model will not be utilized
set_abort_callback: call
llama_context:  CUDA_Host  output buffer size =     0.58 MiB
llama_kv_cache: layer   0: dev = CPU
llama_kv_cache: layer   1: dev = CPU
llama_kv_cache: layer   2: dev = CPU
llama_kv_cache: layer   3: dev = CUDA0
llama_kv_cache: layer   4: dev = CUDA0
llama_kv_cache: layer   5: dev = CUDA0
llama_kv_cache: layer   6: dev = CUDA0
llama_kv_cache: layer   7: dev = CUDA0
llama_kv_cache: layer   8: dev = CUDA0
llama_kv_cache: layer   9: dev = CUDA0
llama_kv_cache: layer  10: dev = CUDA0
llama_kv_cache: layer  11: dev = CUDA0
llama_kv_cache: layer  12: dev = CUDA0
llama_kv_cache: layer  13: dev = CUDA0
llama_kv_cache: layer  14: dev = CUDA0
llama_kv_cache: layer  15: dev = CUDA0
llama_kv_cache: layer  16: dev = CUDA0
llama_kv_cache: layer  17: dev = CUDA0
llama_kv_cache: layer  18: dev = CUDA0
llama_kv_cache: layer  19: dev = CUDA0
llama_kv_cache: layer  20: dev = CUDA0
llama_kv_cache: layer  21: dev = CUDA0
llama_kv_cache: layer  22: dev = CUDA0
llama_kv_cache: layer  23: dev = CUDA0
llama_kv_cache: layer  24: dev = CUDA0
llama_kv_cache: layer  25: dev = CUDA0
llama_kv_cache: layer  26: dev = CUDA0
llama_kv_cache: layer  27: dev = CUDA0
llama_kv_cache:        CPU KV buffer size =     4.50 MiB
llama_kv_cache:      CUDA0 KV buffer size =    37.50 MiB
llama_kv_cache: size =   42.00 MiB (   768 cells,  28 layers,  1/1 seqs), K (f16):   21.00 MiB, V (f16):   21.00 MiB
llama_kv_cache: attn_rot_k = 0, n_embd_head_k_all = 128
llama_kv_cache: attn_rot_v = 0, n_embd_head_k_all = 128
llama_context: enumerating backends
llama_context: backend_ptrs.size() = 2
sched_reserve: reserving ...
sched_reserve: max_nodes = 2712
sched_reserve: reserving full memory module
sched_reserve: worst-case: n_tokens = 512, n_seqs = 1, n_outputs = 1
graph_reserve: reserving a graph for ubatch with n_tokens =    1, n_seqs =  1, n_outputs =    1
sched_reserve: Flash Attention was auto, set to enabled
sched_reserve: resolving fused Gated Delta Net support:
graph_reserve: reserving a graph for ubatch with n_tokens =    1, n_seqs =  1, n_outputs =    1
sched_reserve: fused Gated Delta Net (autoregressive) enabled
graph_reserve: reserving a graph for ubatch with n_tokens =   16, n_seqs =  1, n_outputs =   16
sched_reserve: fused Gated Delta Net (chunked) enabled
graph_reserve: reserving a graph for ubatch with n_tokens =  512, n_seqs =  1, n_outputs =  512
graph_reserve: reserving a graph for ubatch with n_tokens =    1, n_seqs =  1, n_outputs =    1
graph_reserve: reserving a graph for ubatch with n_tokens =  512, n_seqs =  1, n_outputs =  512
sched_reserve:      CUDA0 compute buffer size =   304.00 MiB
sched_reserve:  CUDA_Host compute buffer size =    14.76 MiB
sched_reserve: graph nodes  = 958
sched_reserve: graph splits = 44 (with bs=512), 2 (with bs=1)
sched_reserve: reserve took 15.07 ms, sched copies = 1
CUDA Graph id 6183 reused
ggml_backend_cuda_graph_compute: CUDA graph warmup complete
CUDA Graph id 6183 reused
CUDA Graph id 6183 reused
CUDA Graph id 6183 reused
CUDA Graph id 6183 reused
CUDA Graph id 6183 reused
CUDA Graph id 6183 reused
ggml_backend_cuda_graph_compute: CUDA graph warmup reset
CUDA Graph id 6186 reused
ggml_backend_cuda_graph_compute: CUDA graph warmup complete
CUDA Graph id 6186 reused
CUDA Graph id 6186 reused
CUDA Graph id 6186 reused
CUDA Graph id 6186 reused
CUDA Graph id 6186 reused
CUDA Graph id 6186 reused
CUDA Graph id 6186 reused
CUDA Graph id 6186 reused
CUDA Graph id 6186 reused
CUDA Graph id 6186 reused
CUDA Graph id 6186 reused
CUDA Graph id 6186 reused
CUDA Graph id 6186 reused
CUDA Graph id 6186 reused
CUDA Graph id 6186 reused
CUDA Graph id 6186 reused
CUDA Graph id 6186 reused
CUDA Graph id 6186 reused
CUDA Graph id 6186 reused
CUDA Graph id 6186 reused
CUDA Graph id 6186 reused
CUDA Graph id 6186 reused
CUDA Graph id 6186 reused
CUDA Graph id 6186 reused
CUDA Graph id 6186 reused
CUDA Graph id 6186 reused
CUDA Graph id 6186 reused
CUDA Graph id 6186 reused
CUDA Graph id 6186 reused
CUDA Graph id 6186 reused
CUDA Graph id 6186 reused
CUDA Graph id 6186 reused
CUDA Graph id 6186 reused
CUDA Graph id 6186 reused
CUDA Graph id 6186 reused
CUDA Graph id 6186 reused
CUDA Graph id 6186 reused
CUDA Graph id 6186 reused
CUDA Graph id 6186 reused
CUDA Graph id 6186 reused
CUDA Graph id 6186 reused
CUDA Graph id 6186 reused
CUDA Graph id 6186 reused
~llama_context:      CUDA0 compute buffer size is 304.0000 MiB, matches expectation of 304.0000 MiB
~llama_context:  CUDA_Host compute buffer size is  14.7637 MiB, matches expectation of  14.7637 MiB
llama_context: constructing llama_context
llama_context: n_seq_max     = 1
llama_context: n_ctx         = 768
llama_context: n_ctx_seq     = 768
llama_context: n_batch       = 768
llama_context: n_ubatch      = 512
llama_context: causal_attn   = 1
llama_context: flash_attn    = auto
llama_context: kv_unified    = false
llama_context: freq_base     = 1000000.0
llama_context: freq_scale    = 1
llama_context: n_rs_seq      = 0
llama_context: n_outputs_max = 768
llama_context: n_ctx_seq (768) < n_ctx_train (32768) -- the full capacity of the model will not be utilized
set_abort_callback: call
llama_context:  CUDA_Host  output buffer size =     0.58 MiB
llama_kv_cache: layer   0: dev = CPU
llama_kv_cache: layer   1: dev = CPU
llama_kv_cache: layer   2: dev = CPU
llama_kv_cache: layer   3: dev = CUDA0
llama_kv_cache: layer   4: dev = CUDA0
llama_kv_cache: layer   5: dev = CUDA0
llama_kv_cache: layer   6: dev = CUDA0
llama_kv_cache: layer   7: dev = CUDA0
llama_kv_cache: layer   8: dev = CUDA0
llama_kv_cache: layer   9: dev = CUDA0
llama_kv_cache: layer  10: dev = CUDA0
llama_kv_cache: layer  11: dev = CUDA0
llama_kv_cache: layer  12: dev = CUDA0
llama_kv_cache: layer  13: dev = CUDA0
llama_kv_cache: layer  14: dev = CUDA0
llama_kv_cache: layer  15: dev = CUDA0
llama_kv_cache: layer  16: dev = CUDA0
llama_kv_cache: layer  17: dev = CUDA0
llama_kv_cache: layer  18: dev = CUDA0
llama_kv_cache: layer  19: dev = CUDA0
llama_kv_cache: layer  20: dev = CUDA0
llama_kv_cache: layer  21: dev = CUDA0
llama_kv_cache: layer  22: dev = CUDA0
llama_kv_cache: layer  23: dev = CUDA0
llama_kv_cache: layer  24: dev = CUDA0
llama_kv_cache: layer  25: dev = CUDA0
llama_kv_cache: layer  26: dev = CUDA0
llama_kv_cache: layer  27: dev = CUDA0
llama_kv_cache:        CPU KV buffer size =     4.50 MiB
llama_kv_cache:      CUDA0 KV buffer size =    37.50 MiB
llama_kv_cache: size =   42.00 MiB (   768 cells,  28 layers,  1/1 seqs), K (f16):   21.00 MiB, V (f16):   21.00 MiB
llama_kv_cache: attn_rot_k = 0, n_embd_head_k_all = 128
llama_kv_cache: attn_rot_v = 0, n_embd_head_k_all = 128
llama_context: enumerating backends
llama_context: backend_ptrs.size() = 2
sched_reserve: reserving ...
sched_reserve: max_nodes = 2712
sched_reserve: reserving full memory module
sched_reserve: worst-case: n_tokens = 512, n_seqs = 1, n_outputs = 1
graph_reserve: reserving a graph for ubatch with n_tokens =    1, n_seqs =  1, n_outputs =    1
sched_reserve: Flash Attention was auto, set to enabled
sched_reserve: resolving fused Gated Delta Net support:
graph_reserve: reserving a graph for ubatch with n_tokens =    1, n_seqs =  1, n_outputs =    1
sched_reserve: fused Gated Delta Net (autoregressive) enabled
graph_reserve: reserving a graph for ubatch with n_tokens =   16, n_seqs =  1, n_outputs =   16
sched_reserve: fused Gated Delta Net (chunked) enabled
graph_reserve: reserving a graph for ubatch with n_tokens =  512, n_seqs =  1, n_outputs =  512
graph_reserve: reserving a graph for ubatch with n_tokens =    1, n_seqs =  1, n_outputs =    1
graph_reserve: reserving a graph for ubatch with n_tokens =  512, n_seqs =  1, n_outputs =  512
sched_reserve:      CUDA0 compute buffer size =   304.00 MiB
sched_reserve:  CUDA_Host compute buffer size =    14.76 MiB
sched_reserve: graph nodes  = 958
sched_reserve: graph splits = 44 (with bs=512), 2 (with bs=1)
sched_reserve: reserve took 14.41 ms, sched copies = 1
CUDA Graph id 6336 reused
ggml_backend_cuda_graph_compute: CUDA graph warmup complete
CUDA Graph id 6336 reused
CUDA Graph id 6336 reused
CUDA Graph id 6336 reused
CUDA Graph id 6336 reused
CUDA Graph id 6336 reused
CUDA Graph id 6336 reused
ggml_backend_cuda_graph_compute: CUDA graph warmup reset
CUDA Graph id 6339 reused
ggml_backend_cuda_graph_compute: CUDA graph warmup complete
CUDA Graph id 6339 reused
CUDA Graph id 6339 reused
CUDA Graph id 6339 reused
CUDA Graph id 6339 reused
CUDA Graph id 6339 reused
CUDA Graph id 6339 reused
CUDA Graph id 6339 reused
CUDA Graph id 6339 reused
CUDA Graph id 6339 reused
CUDA Graph id 6339 reused
CUDA Graph id 6339 reused
CUDA Graph id 6339 reused
CUDA Graph id 6339 reused
CUDA Graph id 6339 reused
CUDA Graph id 6339 reused
CUDA Graph id 6339 reused
CUDA Graph id 6339 reused
CUDA Graph id 6339 reused
CUDA Graph id 6339 reused
CUDA Graph id 6339 reused
CUDA Graph id 6339 reused
CUDA Graph id 6339 reused
CUDA Graph id 6339 reused
CUDA Graph id 6339 reused
CUDA Graph id 6339 reused
CUDA Graph id 6339 reused
~llama_context:      CUDA0 compute buffer size is 304.0000 MiB, matches expectation of 304.0000 MiB
~llama_context:  CUDA_Host compute buffer size is  14.7637 MiB, matches expectation of  14.7637 MiB
schema 57/75 done
llama_context: constructing llama_context
llama_context: n_seq_max     = 1
llama_context: n_ctx         = 768
llama_context: n_ctx_seq     = 768
llama_context: n_batch       = 626
llama_context: n_ubatch      = 512
llama_context: causal_attn   = 1
llama_context: flash_attn    = auto
llama_context: kv_unified    = false
llama_context: freq_base     = 1000000.0
llama_context: freq_scale    = 1
llama_context: n_rs_seq      = 0
llama_context: n_outputs_max = 626
llama_context: n_ctx_seq (768) < n_ctx_train (32768) -- the full capacity of the model will not be utilized
set_abort_callback: call
llama_context:  CUDA_Host  output buffer size =     0.58 MiB
llama_kv_cache: layer   0: dev = CPU
llama_kv_cache: layer   1: dev = CPU
llama_kv_cache: layer   2: dev = CPU
llama_kv_cache: layer   3: dev = CUDA0
llama_kv_cache: layer   4: dev = CUDA0
llama_kv_cache: layer   5: dev = CUDA0
llama_kv_cache: layer   6: dev = CUDA0
llama_kv_cache: layer   7: dev = CUDA0
llama_kv_cache: layer   8: dev = CUDA0
llama_kv_cache: layer   9: dev = CUDA0
llama_kv_cache: layer  10: dev = CUDA0
llama_kv_cache: layer  11: dev = CUDA0
llama_kv_cache: layer  12: dev = CUDA0
llama_kv_cache: layer  13: dev = CUDA0
llama_kv_cache: layer  14: dev = CUDA0
llama_kv_cache: layer  15: dev = CUDA0
llama_kv_cache: layer  16: dev = CUDA0
llama_kv_cache: layer  17: dev = CUDA0
llama_kv_cache: layer  18: dev = CUDA0
llama_kv_cache: layer  19: dev = CUDA0
llama_kv_cache: layer  20: dev = CUDA0
llama_kv_cache: layer  21: dev = CUDA0
llama_kv_cache: layer  22: dev = CUDA0
llama_kv_cache: layer  23: dev = CUDA0
llama_kv_cache: layer  24: dev = CUDA0
llama_kv_cache: layer  25: dev = CUDA0
llama_kv_cache: layer  26: dev = CUDA0
llama_kv_cache: layer  27: dev = CUDA0
llama_kv_cache:        CPU KV buffer size =     4.50 MiB
llama_kv_cache:      CUDA0 KV buffer size =    37.50 MiB
llama_kv_cache: size =   42.00 MiB (   768 cells,  28 layers,  1/1 seqs), K (f16):   21.00 MiB, V (f16):   21.00 MiB
llama_kv_cache: attn_rot_k = 0, n_embd_head_k_all = 128
llama_kv_cache: attn_rot_v = 0, n_embd_head_k_all = 128
llama_context: enumerating backends
llama_context: backend_ptrs.size() = 2
sched_reserve: reserving ...
sched_reserve: max_nodes = 2712
sched_reserve: reserving full memory module
sched_reserve: worst-case: n_tokens = 512, n_seqs = 1, n_outputs = 1
graph_reserve: reserving a graph for ubatch with n_tokens =    1, n_seqs =  1, n_outputs =    1
sched_reserve: Flash Attention was auto, set to enabled
sched_reserve: resolving fused Gated Delta Net support:
graph_reserve: reserving a graph for ubatch with n_tokens =    1, n_seqs =  1, n_outputs =    1
sched_reserve: fused Gated Delta Net (autoregressive) enabled
graph_reserve: reserving a graph for ubatch with n_tokens =   16, n_seqs =  1, n_outputs =   16
sched_reserve: fused Gated Delta Net (chunked) enabled
graph_reserve: reserving a graph for ubatch with n_tokens =  512, n_seqs =  1, n_outputs =  512
graph_reserve: reserving a graph for ubatch with n_tokens =    1, n_seqs =  1, n_outputs =    1
graph_reserve: reserving a graph for ubatch with n_tokens =  512, n_seqs =  1, n_outputs =  512
sched_reserve:      CUDA0 compute buffer size =   304.00 MiB
sched_reserve:  CUDA_Host compute buffer size =    14.76 MiB
sched_reserve: graph nodes  = 958
sched_reserve: graph splits = 44 (with bs=512), 2 (with bs=1)
sched_reserve: reserve took 14.28 ms, sched copies = 1
CUDA Graph id 6489 reused
ggml_backend_cuda_graph_compute: CUDA graph warmup complete
CUDA Graph id 6489 reused
CUDA Graph id 6489 reused
CUDA Graph id 6489 reused
CUDA Graph id 6489 reused
CUDA Graph id 6489 reused
CUDA Graph id 6489 reused
CUDA Graph id 6489 reused
CUDA Graph id 6489 reused
CUDA Graph id 6489 reused
CUDA Graph id 6489 reused
CUDA Graph id 6489 reused
CUDA Graph id 6489 reused
CUDA Graph id 6489 reused
CUDA Graph id 6489 reused
CUDA Graph id 6489 reused
CUDA Graph id 6489 reused
CUDA Graph id 6489 reused
CUDA Graph id 6489 reused
CUDA Graph id 6489 reused
CUDA Graph id 6489 reused
CUDA Graph id 6489 reused
CUDA Graph id 6489 reused
CUDA Graph id 6489 reused
~llama_context:      CUDA0 compute buffer size is 304.0000 MiB, matches expectation of 304.0000 MiB
~llama_context:  CUDA_Host compute buffer size is  14.7637 MiB, matches expectation of  14.7637 MiB
llama_context: constructing llama_context
llama_context: n_seq_max     = 1
llama_context: n_ctx         = 768
llama_context: n_ctx_seq     = 768
llama_context: n_batch       = 626
llama_context: n_ubatch      = 512
llama_context: causal_attn   = 1
llama_context: flash_attn    = auto
llama_context: kv_unified    = false
llama_context: freq_base     = 1000000.0
llama_context: freq_scale    = 1
llama_context: n_rs_seq      = 0
llama_context: n_outputs_max = 626
llama_context: n_ctx_seq (768) < n_ctx_train (32768) -- the full capacity of the model will not be utilized
set_abort_callback: call
llama_context:  CUDA_Host  output buffer size =     0.58 MiB
llama_kv_cache: layer   0: dev = CPU
llama_kv_cache: layer   1: dev = CPU
llama_kv_cache: layer   2: dev = CPU
llama_kv_cache: layer   3: dev = CUDA0
llama_kv_cache: layer   4: dev = CUDA0
llama_kv_cache: layer   5: dev = CUDA0
llama_kv_cache: layer   6: dev = CUDA0
llama_kv_cache: layer   7: dev = CUDA0
llama_kv_cache: layer   8: dev = CUDA0
llama_kv_cache: layer   9: dev = CUDA0
llama_kv_cache: layer  10: dev = CUDA0
llama_kv_cache: layer  11: dev = CUDA0
llama_kv_cache: layer  12: dev = CUDA0
llama_kv_cache: layer  13: dev = CUDA0
llama_kv_cache: layer  14: dev = CUDA0
llama_kv_cache: layer  15: dev = CUDA0
llama_kv_cache: layer  16: dev = CUDA0
llama_kv_cache: layer  17: dev = CUDA0
llama_kv_cache: layer  18: dev = CUDA0
llama_kv_cache: layer  19: dev = CUDA0
llama_kv_cache: layer  20: dev = CUDA0
llama_kv_cache: layer  21: dev = CUDA0
llama_kv_cache: layer  22: dev = CUDA0
llama_kv_cache: layer  23: dev = CUDA0
llama_kv_cache: layer  24: dev = CUDA0
llama_kv_cache: layer  25: dev = CUDA0
llama_kv_cache: layer  26: dev = CUDA0
llama_kv_cache: layer  27: dev = CUDA0
llama_kv_cache:        CPU KV buffer size =     4.50 MiB
llama_kv_cache:      CUDA0 KV buffer size =    37.50 MiB
llama_kv_cache: size =   42.00 MiB (   768 cells,  28 layers,  1/1 seqs), K (f16):   21.00 MiB, V (f16):   21.00 MiB
llama_kv_cache: attn_rot_k = 0, n_embd_head_k_all = 128
llama_kv_cache: attn_rot_v = 0, n_embd_head_k_all = 128
llama_context: enumerating backends
llama_context: backend_ptrs.size() = 2
sched_reserve: reserving ...
sched_reserve: max_nodes = 2712
sched_reserve: reserving full memory module
sched_reserve: worst-case: n_tokens = 512, n_seqs = 1, n_outputs = 1
graph_reserve: reserving a graph for ubatch with n_tokens =    1, n_seqs =  1, n_outputs =    1
sched_reserve: Flash Attention was auto, set to enabled
sched_reserve: resolving fused Gated Delta Net support:
graph_reserve: reserving a graph for ubatch with n_tokens =    1, n_seqs =  1, n_outputs =    1
sched_reserve: fused Gated Delta Net (autoregressive) enabled
graph_reserve: reserving a graph for ubatch with n_tokens =   16, n_seqs =  1, n_outputs =   16
sched_reserve: fused Gated Delta Net (chunked) enabled
graph_reserve: reserving a graph for ubatch with n_tokens =  512, n_seqs =  1, n_outputs =  512
graph_reserve: reserving a graph for ubatch with n_tokens =    1, n_seqs =  1, n_outputs =    1
graph_reserve: reserving a graph for ubatch with n_tokens =  512, n_seqs =  1, n_outputs =  512
sched_reserve:      CUDA0 compute buffer size =   304.00 MiB
sched_reserve:  CUDA_Host compute buffer size =    14.76 MiB
sched_reserve: graph nodes  = 958
sched_reserve: graph splits = 44 (with bs=512), 2 (with bs=1)
sched_reserve: reserve took 13.99 ms, sched copies = 1
CUDA Graph id 6639 reused
ggml_backend_cuda_graph_compute: CUDA graph warmup complete
CUDA Graph id 6639 reused
CUDA Graph id 6639 reused
CUDA Graph id 6639 reused
CUDA Graph id 6639 reused
CUDA Graph id 6639 reused
CUDA Graph id 6639 reused
CUDA Graph id 6639 reused
CUDA Graph id 6639 reused
CUDA Graph id 6639 reused
CUDA Graph id 6639 reused
CUDA Graph id 6639 reused
CUDA Graph id 6639 reused
CUDA Graph id 6639 reused
CUDA Graph id 6639 reused
CUDA Graph id 6639 reused
CUDA Graph id 6639 reused
CUDA Graph id 6639 reused
CUDA Graph id 6639 reused
CUDA Graph id 6639 reused
CUDA Graph id 6639 reused
CUDA Graph id 6639 reused
CUDA Graph id 6639 reused
CUDA Graph id 6639 reused
~llama_context:      CUDA0 compute buffer size is 304.0000 MiB, matches expectation of 304.0000 MiB
~llama_context:  CUDA_Host compute buffer size is  14.7637 MiB, matches expectation of  14.7637 MiB
llama_context: constructing llama_context
llama_context: n_seq_max     = 1
llama_context: n_ctx         = 768
llama_context: n_ctx_seq     = 768
llama_context: n_batch       = 626
llama_context: n_ubatch      = 512
llama_context: causal_attn   = 1
llama_context: flash_attn    = auto
llama_context: kv_unified    = false
llama_context: freq_base     = 1000000.0
llama_context: freq_scale    = 1
llama_context: n_rs_seq      = 0
llama_context: n_outputs_max = 626
llama_context: n_ctx_seq (768) < n_ctx_train (32768) -- the full capacity of the model will not be utilized
set_abort_callback: call
llama_context:  CUDA_Host  output buffer size =     0.58 MiB
llama_kv_cache: layer   0: dev = CPU
llama_kv_cache: layer   1: dev = CPU
llama_kv_cache: layer   2: dev = CPU
llama_kv_cache: layer   3: dev = CUDA0
llama_kv_cache: layer   4: dev = CUDA0
llama_kv_cache: layer   5: dev = CUDA0
llama_kv_cache: layer   6: dev = CUDA0
llama_kv_cache: layer   7: dev = CUDA0
llama_kv_cache: layer   8: dev = CUDA0
llama_kv_cache: layer   9: dev = CUDA0
llama_kv_cache: layer  10: dev = CUDA0
llama_kv_cache: layer  11: dev = CUDA0
llama_kv_cache: layer  12: dev = CUDA0
llama_kv_cache: layer  13: dev = CUDA0
llama_kv_cache: layer  14: dev = CUDA0
llama_kv_cache: layer  15: dev = CUDA0
llama_kv_cache: layer  16: dev = CUDA0
llama_kv_cache: layer  17: dev = CUDA0
llama_kv_cache: layer  18: dev = CUDA0
llama_kv_cache: layer  19: dev = CUDA0
llama_kv_cache: layer  20: dev = CUDA0
llama_kv_cache: layer  21: dev = CUDA0
llama_kv_cache: layer  22: dev = CUDA0
llama_kv_cache: layer  23: dev = CUDA0
llama_kv_cache: layer  24: dev = CUDA0
llama_kv_cache: layer  25: dev = CUDA0
llama_kv_cache: layer  26: dev = CUDA0
llama_kv_cache: layer  27: dev = CUDA0
llama_kv_cache:        CPU KV buffer size =     4.50 MiB
llama_kv_cache:      CUDA0 KV buffer size =    37.50 MiB
llama_kv_cache: size =   42.00 MiB (   768 cells,  28 layers,  1/1 seqs), K (f16):   21.00 MiB, V (f16):   21.00 MiB
llama_kv_cache: attn_rot_k = 0, n_embd_head_k_all = 128
llama_kv_cache: attn_rot_v = 0, n_embd_head_k_all = 128
llama_context: enumerating backends
llama_context: backend_ptrs.size() = 2
sched_reserve: reserving ...
sched_reserve: max_nodes = 2712
sched_reserve: reserving full memory module
sched_reserve: worst-case: n_tokens = 512, n_seqs = 1, n_outputs = 1
graph_reserve: reserving a graph for ubatch with n_tokens =    1, n_seqs =  1, n_outputs =    1
sched_reserve: Flash Attention was auto, set to enabled
sched_reserve: resolving fused Gated Delta Net support:
graph_reserve: reserving a graph for ubatch with n_tokens =    1, n_seqs =  1, n_outputs =    1
sched_reserve: fused Gated Delta Net (autoregressive) enabled
graph_reserve: reserving a graph for ubatch with n_tokens =   16, n_seqs =  1, n_outputs =   16
sched_reserve: fused Gated Delta Net (chunked) enabled
graph_reserve: reserving a graph for ubatch with n_tokens =  512, n_seqs =  1, n_outputs =  512
graph_reserve: reserving a graph for ubatch with n_tokens =    1, n_seqs =  1, n_outputs =    1
graph_reserve: reserving a graph for ubatch with n_tokens =  512, n_seqs =  1, n_outputs =  512
sched_reserve:      CUDA0 compute buffer size =   304.00 MiB
sched_reserve:  CUDA_Host compute buffer size =    14.76 MiB
sched_reserve: graph nodes  = 958
sched_reserve: graph splits = 44 (with bs=512), 2 (with bs=1)
sched_reserve: reserve took 15.22 ms, sched copies = 1
CUDA Graph id 6789 reused
ggml_backend_cuda_graph_compute: CUDA graph warmup complete
CUDA Graph id 6789 reused
CUDA Graph id 6789 reused
CUDA Graph id 6789 reused
CUDA Graph id 6789 reused
CUDA Graph id 6789 reused
CUDA Graph id 6789 reused
~llama_context:      CUDA0 compute buffer size is 304.0000 MiB, matches expectation of 304.0000 MiB
~llama_context:  CUDA_Host compute buffer size is  14.7637 MiB, matches expectation of  14.7637 MiB
llama_context: constructing llama_context
llama_context: n_seq_max     = 1
llama_context: n_ctx         = 768
llama_context: n_ctx_seq     = 768
llama_context: n_batch       = 626
llama_context: n_ubatch      = 512
llama_context: causal_attn   = 1
llama_context: flash_attn    = auto
llama_context: kv_unified    = false
llama_context: freq_base     = 1000000.0
llama_context: freq_scale    = 1
llama_context: n_rs_seq      = 0
llama_context: n_outputs_max = 626
llama_context: n_ctx_seq (768) < n_ctx_train (32768) -- the full capacity of the model will not be utilized
set_abort_callback: call
llama_context:  CUDA_Host  output buffer size =     0.58 MiB
llama_kv_cache: layer   0: dev = CPU
llama_kv_cache: layer   1: dev = CPU
llama_kv_cache: layer   2: dev = CPU
llama_kv_cache: layer   3: dev = CUDA0
llama_kv_cache: layer   4: dev = CUDA0
llama_kv_cache: layer   5: dev = CUDA0
llama_kv_cache: layer   6: dev = CUDA0
llama_kv_cache: layer   7: dev = CUDA0
llama_kv_cache: layer   8: dev = CUDA0
llama_kv_cache: layer   9: dev = CUDA0
llama_kv_cache: layer  10: dev = CUDA0
llama_kv_cache: layer  11: dev = CUDA0
llama_kv_cache: layer  12: dev = CUDA0
llama_kv_cache: layer  13: dev = CUDA0
llama_kv_cache: layer  14: dev = CUDA0
llama_kv_cache: layer  15: dev = CUDA0
llama_kv_cache: layer  16: dev = CUDA0
llama_kv_cache: layer  17: dev = CUDA0
llama_kv_cache: layer  18: dev = CUDA0
llama_kv_cache: layer  19: dev = CUDA0
llama_kv_cache: layer  20: dev = CUDA0
llama_kv_cache: layer  21: dev = CUDA0
llama_kv_cache: layer  22: dev = CUDA0
llama_kv_cache: layer  23: dev = CUDA0
llama_kv_cache: layer  24: dev = CUDA0
llama_kv_cache: layer  25: dev = CUDA0
llama_kv_cache: layer  26: dev = CUDA0
llama_kv_cache: layer  27: dev = CUDA0
llama_kv_cache:        CPU KV buffer size =     4.50 MiB
llama_kv_cache:      CUDA0 KV buffer size =    37.50 MiB
llama_kv_cache: size =   42.00 MiB (   768 cells,  28 layers,  1/1 seqs), K (f16):   21.00 MiB, V (f16):   21.00 MiB
llama_kv_cache: attn_rot_k = 0, n_embd_head_k_all = 128
llama_kv_cache: attn_rot_v = 0, n_embd_head_k_all = 128
llama_context: enumerating backends
llama_context: backend_ptrs.size() = 2
sched_reserve: reserving ...
sched_reserve: max_nodes = 2712
sched_reserve: reserving full memory module
sched_reserve: worst-case: n_tokens = 512, n_seqs = 1, n_outputs = 1
graph_reserve: reserving a graph for ubatch with n_tokens =    1, n_seqs =  1, n_outputs =    1
sched_reserve: Flash Attention was auto, set to enabled
sched_reserve: resolving fused Gated Delta Net support:
graph_reserve: reserving a graph for ubatch with n_tokens =    1, n_seqs =  1, n_outputs =    1
sched_reserve: fused Gated Delta Net (autoregressive) enabled
graph_reserve: reserving a graph for ubatch with n_tokens =   16, n_seqs =  1, n_outputs =   16
sched_reserve: fused Gated Delta Net (chunked) enabled
graph_reserve: reserving a graph for ubatch with n_tokens =  512, n_seqs =  1, n_outputs =  512
graph_reserve: reserving a graph for ubatch with n_tokens =    1, n_seqs =  1, n_outputs =    1
graph_reserve: reserving a graph for ubatch with n_tokens =  512, n_seqs =  1, n_outputs =  512
sched_reserve:      CUDA0 compute buffer size =   304.00 MiB
sched_reserve:  CUDA_Host compute buffer size =    14.76 MiB
sched_reserve: graph nodes  = 958
sched_reserve: graph splits = 44 (with bs=512), 2 (with bs=1)
sched_reserve: reserve took 14.41 ms, sched copies = 1
CUDA Graph id 6939 reused
ggml_backend_cuda_graph_compute: CUDA graph warmup complete
CUDA Graph id 6939 reused
CUDA Graph id 6939 reused
CUDA Graph id 6939 reused
CUDA Graph id 6939 reused
CUDA Graph id 6939 reused
CUDA Graph id 6939 reused
CUDA Graph id 6939 reused
CUDA Graph id 6939 reused
CUDA Graph id 6939 reused
CUDA Graph id 6939 reused
~llama_context:      CUDA0 compute buffer size is 304.0000 MiB, matches expectation of 304.0000 MiB
~llama_context:  CUDA_Host compute buffer size is  14.7637 MiB, matches expectation of  14.7637 MiB
llama_context: constructing llama_context
llama_context: n_seq_max     = 1
llama_context: n_ctx         = 768
llama_context: n_ctx_seq     = 768
llama_context: n_batch       = 626
llama_context: n_ubatch      = 512
llama_context: causal_attn   = 1
llama_context: flash_attn    = auto
llama_context: kv_unified    = false
llama_context: freq_base     = 1000000.0
llama_context: freq_scale    = 1
llama_context: n_rs_seq      = 0
llama_context: n_outputs_max = 626
llama_context: n_ctx_seq (768) < n_ctx_train (32768) -- the full capacity of the model will not be utilized
set_abort_callback: call
llama_context:  CUDA_Host  output buffer size =     0.58 MiB
llama_kv_cache: layer   0: dev = CPU
llama_kv_cache: layer   1: dev = CPU
llama_kv_cache: layer   2: dev = CPU
llama_kv_cache: layer   3: dev = CUDA0
llama_kv_cache: layer   4: dev = CUDA0
llama_kv_cache: layer   5: dev = CUDA0
llama_kv_cache: layer   6: dev = CUDA0
llama_kv_cache: layer   7: dev = CUDA0
llama_kv_cache: layer   8: dev = CUDA0
llama_kv_cache: layer   9: dev = CUDA0
llama_kv_cache: layer  10: dev = CUDA0
llama_kv_cache: layer  11: dev = CUDA0
llama_kv_cache: layer  12: dev = CUDA0
llama_kv_cache: layer  13: dev = CUDA0
llama_kv_cache: layer  14: dev = CUDA0
llama_kv_cache: layer  15: dev = CUDA0
llama_kv_cache: layer  16: dev = CUDA0
llama_kv_cache: layer  17: dev = CUDA0
llama_kv_cache: layer  18: dev = CUDA0
llama_kv_cache: layer  19: dev = CUDA0
llama_kv_cache: layer  20: dev = CUDA0
llama_kv_cache: layer  21: dev = CUDA0
llama_kv_cache: layer  22: dev = CUDA0
llama_kv_cache: layer  23: dev = CUDA0
llama_kv_cache: layer  24: dev = CUDA0
llama_kv_cache: layer  25: dev = CUDA0
llama_kv_cache: layer  26: dev = CUDA0
llama_kv_cache: layer  27: dev = CUDA0
llama_kv_cache:        CPU KV buffer size =     4.50 MiB
llama_kv_cache:      CUDA0 KV buffer size =    37.50 MiB
llama_kv_cache: size =   42.00 MiB (   768 cells,  28 layers,  1/1 seqs), K (f16):   21.00 MiB, V (f16):   21.00 MiB
llama_kv_cache: attn_rot_k = 0, n_embd_head_k_all = 128
llama_kv_cache: attn_rot_v = 0, n_embd_head_k_all = 128
llama_context: enumerating backends
llama_context: backend_ptrs.size() = 2
sched_reserve: reserving ...
sched_reserve: max_nodes = 2712
sched_reserve: reserving full memory module
sched_reserve: worst-case: n_tokens = 512, n_seqs = 1, n_outputs = 1
graph_reserve: reserving a graph for ubatch with n_tokens =    1, n_seqs =  1, n_outputs =    1
sched_reserve: Flash Attention was auto, set to enabled
sched_reserve: resolving fused Gated Delta Net support:
graph_reserve: reserving a graph for ubatch with n_tokens =    1, n_seqs =  1, n_outputs =    1
sched_reserve: fused Gated Delta Net (autoregressive) enabled
graph_reserve: reserving a graph for ubatch with n_tokens =   16, n_seqs =  1, n_outputs =   16
sched_reserve: fused Gated Delta Net (chunked) enabled
graph_reserve: reserving a graph for ubatch with n_tokens =  512, n_seqs =  1, n_outputs =  512
graph_reserve: reserving a graph for ubatch with n_tokens =    1, n_seqs =  1, n_outputs =    1
graph_reserve: reserving a graph for ubatch with n_tokens =  512, n_seqs =  1, n_outputs =  512
sched_reserve:      CUDA0 compute buffer size =   304.00 MiB
sched_reserve:  CUDA_Host compute buffer size =    14.76 MiB
sched_reserve: graph nodes  = 958
sched_reserve: graph splits = 44 (with bs=512), 2 (with bs=1)
sched_reserve: reserve took 15.02 ms, sched copies = 1
CUDA Graph id 7089 reused
ggml_backend_cuda_graph_compute: CUDA graph warmup complete
CUDA Graph id 7089 reused
CUDA Graph id 7089 reused
CUDA Graph id 7089 reused
CUDA Graph id 7089 reused
CUDA Graph id 7089 reused
CUDA Graph id 7089 reused
~llama_context:      CUDA0 compute buffer size is 304.0000 MiB, matches expectation of 304.0000 MiB
~llama_context:  CUDA_Host compute buffer size is  14.7637 MiB, matches expectation of  14.7637 MiB
llama_context: constructing llama_context
llama_context: n_seq_max     = 1
llama_context: n_ctx         = 768
llama_context: n_ctx_seq     = 768
llama_context: n_batch       = 626
llama_context: n_ubatch      = 512
llama_context: causal_attn   = 1
llama_context: flash_attn    = auto
llama_context: kv_unified    = false
llama_context: freq_base     = 1000000.0
llama_context: freq_scale    = 1
llama_context: n_rs_seq      = 0
llama_context: n_outputs_max = 626
llama_context: n_ctx_seq (768) < n_ctx_train (32768) -- the full capacity of the model will not be utilized
set_abort_callback: call
llama_context:  CUDA_Host  output buffer size =     0.58 MiB
llama_kv_cache: layer   0: dev = CPU
llama_kv_cache: layer   1: dev = CPU
llama_kv_cache: layer   2: dev = CPU
llama_kv_cache: layer   3: dev = CUDA0
llama_kv_cache: layer   4: dev = CUDA0
llama_kv_cache: layer   5: dev = CUDA0
llama_kv_cache: layer   6: dev = CUDA0
llama_kv_cache: layer   7: dev = CUDA0
llama_kv_cache: layer   8: dev = CUDA0
llama_kv_cache: layer   9: dev = CUDA0
llama_kv_cache: layer  10: dev = CUDA0
llama_kv_cache: layer  11: dev = CUDA0
llama_kv_cache: layer  12: dev = CUDA0
llama_kv_cache: layer  13: dev = CUDA0
llama_kv_cache: layer  14: dev = CUDA0
llama_kv_cache: layer  15: dev = CUDA0
llama_kv_cache: layer  16: dev = CUDA0
llama_kv_cache: layer  17: dev = CUDA0
llama_kv_cache: layer  18: dev = CUDA0
llama_kv_cache: layer  19: dev = CUDA0
llama_kv_cache: layer  20: dev = CUDA0
llama_kv_cache: layer  21: dev = CUDA0
llama_kv_cache: layer  22: dev = CUDA0
llama_kv_cache: layer  23: dev = CUDA0
llama_kv_cache: layer  24: dev = CUDA0
llama_kv_cache: layer  25: dev = CUDA0
llama_kv_cache: layer  26: dev = CUDA0
llama_kv_cache: layer  27: dev = CUDA0
llama_kv_cache:        CPU KV buffer size =     4.50 MiB
llama_kv_cache:      CUDA0 KV buffer size =    37.50 MiB
llama_kv_cache: size =   42.00 MiB (   768 cells,  28 layers,  1/1 seqs), K (f16):   21.00 MiB, V (f16):   21.00 MiB
llama_kv_cache: attn_rot_k = 0, n_embd_head_k_all = 128
llama_kv_cache: attn_rot_v = 0, n_embd_head_k_all = 128
llama_context: enumerating backends
llama_context: backend_ptrs.size() = 2
sched_reserve: reserving ...
sched_reserve: max_nodes = 2712
sched_reserve: reserving full memory module
sched_reserve: worst-case: n_tokens = 512, n_seqs = 1, n_outputs = 1
graph_reserve: reserving a graph for ubatch with n_tokens =    1, n_seqs =  1, n_outputs =    1
sched_reserve: Flash Attention was auto, set to enabled
sched_reserve: resolving fused Gated Delta Net support:
graph_reserve: reserving a graph for ubatch with n_tokens =    1, n_seqs =  1, n_outputs =    1
sched_reserve: fused Gated Delta Net (autoregressive) enabled
graph_reserve: reserving a graph for ubatch with n_tokens =   16, n_seqs =  1, n_outputs =   16
sched_reserve: fused Gated Delta Net (chunked) enabled
graph_reserve: reserving a graph for ubatch with n_tokens =  512, n_seqs =  1, n_outputs =  512
graph_reserve: reserving a graph for ubatch with n_tokens =    1, n_seqs =  1, n_outputs =    1
graph_reserve: reserving a graph for ubatch with n_tokens =  512, n_seqs =  1, n_outputs =  512
sched_reserve:      CUDA0 compute buffer size =   304.00 MiB
sched_reserve:  CUDA_Host compute buffer size =    14.76 MiB
sched_reserve: graph nodes  = 958
sched_reserve: graph splits = 44 (with bs=512), 2 (with bs=1)
sched_reserve: reserve took 13.99 ms, sched copies = 1
CUDA Graph id 7239 reused
ggml_backend_cuda_graph_compute: CUDA graph warmup complete
CUDA Graph id 7239 reused
CUDA Graph id 7239 reused
CUDA Graph id 7239 reused
CUDA Graph id 7239 reused
CUDA Graph id 7239 reused
CUDA Graph id 7239 reused
CUDA Graph id 7239 reused
CUDA Graph id 7239 reused
~llama_context:      CUDA0 compute buffer size is 304.0000 MiB, matches expectation of 304.0000 MiB
~llama_context:  CUDA_Host compute buffer size is  14.7637 MiB, matches expectation of  14.7637 MiB
schema 58/75 done
llama_context: constructing llama_context
llama_context: n_seq_max     = 1
llama_context: n_ctx         = 768
llama_context: n_ctx_seq     = 768
llama_context: n_batch       = 665
llama_context: n_ubatch      = 512
llama_context: causal_attn   = 1
llama_context: flash_attn    = auto
llama_context: kv_unified    = false
llama_context: freq_base     = 1000000.0
llama_context: freq_scale    = 1
llama_context: n_rs_seq      = 0
llama_context: n_outputs_max = 665
llama_context: n_ctx_seq (768) < n_ctx_train (32768) -- the full capacity of the model will not be utilized
set_abort_callback: call
llama_context:  CUDA_Host  output buffer size =     0.58 MiB
llama_kv_cache: layer   0: dev = CPU
llama_kv_cache: layer   1: dev = CPU
llama_kv_cache: layer   2: dev = CPU
llama_kv_cache: layer   3: dev = CUDA0
llama_kv_cache: layer   4: dev = CUDA0
llama_kv_cache: layer   5: dev = CUDA0
llama_kv_cache: layer   6: dev = CUDA0
llama_kv_cache: layer   7: dev = CUDA0
llama_kv_cache: layer   8: dev = CUDA0
llama_kv_cache: layer   9: dev = CUDA0
llama_kv_cache: layer  10: dev = CUDA0
llama_kv_cache: layer  11: dev = CUDA0
llama_kv_cache: layer  12: dev = CUDA0
llama_kv_cache: layer  13: dev = CUDA0
llama_kv_cache: layer  14: dev = CUDA0
llama_kv_cache: layer  15: dev = CUDA0
llama_kv_cache: layer  16: dev = CUDA0
llama_kv_cache: layer  17: dev = CUDA0
llama_kv_cache: layer  18: dev = CUDA0
llama_kv_cache: layer  19: dev = CUDA0
llama_kv_cache: layer  20: dev = CUDA0
llama_kv_cache: layer  21: dev = CUDA0
llama_kv_cache: layer  22: dev = CUDA0
llama_kv_cache: layer  23: dev = CUDA0
llama_kv_cache: layer  24: dev = CUDA0
llama_kv_cache: layer  25: dev = CUDA0
llama_kv_cache: layer  26: dev = CUDA0
llama_kv_cache: layer  27: dev = CUDA0
llama_kv_cache:        CPU KV buffer size =     4.50 MiB
llama_kv_cache:      CUDA0 KV buffer size =    37.50 MiB
llama_kv_cache: size =   42.00 MiB (   768 cells,  28 layers,  1/1 seqs), K (f16):   21.00 MiB, V (f16):   21.00 MiB
llama_kv_cache: attn_rot_k = 0, n_embd_head_k_all = 128
llama_kv_cache: attn_rot_v = 0, n_embd_head_k_all = 128
llama_context: enumerating backends
llama_context: backend_ptrs.size() = 2
sched_reserve: reserving ...
sched_reserve: max_nodes = 2712
sched_reserve: reserving full memory module
sched_reserve: worst-case: n_tokens = 512, n_seqs = 1, n_outputs = 1
graph_reserve: reserving a graph for ubatch with n_tokens =    1, n_seqs =  1, n_outputs =    1
sched_reserve: Flash Attention was auto, set to enabled
sched_reserve: resolving fused Gated Delta Net support:
graph_reserve: reserving a graph for ubatch with n_tokens =    1, n_seqs =  1, n_outputs =    1
sched_reserve: fused Gated Delta Net (autoregressive) enabled
graph_reserve: reserving a graph for ubatch with n_tokens =   16, n_seqs =  1, n_outputs =   16
sched_reserve: fused Gated Delta Net (chunked) enabled
graph_reserve: reserving a graph for ubatch with n_tokens =  512, n_seqs =  1, n_outputs =  512
graph_reserve: reserving a graph for ubatch with n_tokens =    1, n_seqs =  1, n_outputs =    1
graph_reserve: reserving a graph for ubatch with n_tokens =  512, n_seqs =  1, n_outputs =  512
sched_reserve:      CUDA0 compute buffer size =   304.00 MiB
sched_reserve:  CUDA_Host compute buffer size =    14.76 MiB
sched_reserve: graph nodes  = 958
sched_reserve: graph splits = 44 (with bs=512), 2 (with bs=1)
sched_reserve: reserve took 13.53 ms, sched copies = 1
CUDA Graph id 7389 reused
ggml_backend_cuda_graph_compute: CUDA graph warmup complete
CUDA Graph id 7389 reused
CUDA Graph id 7389 reused
CUDA Graph id 7389 reused
CUDA Graph id 7389 reused
CUDA Graph id 7389 reused
CUDA Graph id 7389 reused
CUDA Graph id 7389 reused
CUDA Graph id 7389 reused
CUDA Graph id 7389 reused
CUDA Graph id 7389 reused
CUDA Graph id 7389 reused
CUDA Graph id 7389 reused
CUDA Graph id 7389 reused
CUDA Graph id 7389 reused
CUDA Graph id 7389 reused
CUDA Graph id 7389 reused
~llama_context:      CUDA0 compute buffer size is 304.0000 MiB, matches expectation of 304.0000 MiB
~llama_context:  CUDA_Host compute buffer size is  14.7637 MiB, matches expectation of  14.7637 MiB
llama_context: constructing llama_context
llama_context: n_seq_max     = 1
llama_context: n_ctx         = 768
llama_context: n_ctx_seq     = 768
llama_context: n_batch       = 665
llama_context: n_ubatch      = 512
llama_context: causal_attn   = 1
llama_context: flash_attn    = auto
llama_context: kv_unified    = false
llama_context: freq_base     = 1000000.0
llama_context: freq_scale    = 1
llama_context: n_rs_seq      = 0
llama_context: n_outputs_max = 665
llama_context: n_ctx_seq (768) < n_ctx_train (32768) -- the full capacity of the model will not be utilized
set_abort_callback: call
llama_context:  CUDA_Host  output buffer size =     0.58 MiB
llama_kv_cache: layer   0: dev = CPU
llama_kv_cache: layer   1: dev = CPU
llama_kv_cache: layer   2: dev = CPU
llama_kv_cache: layer   3: dev = CUDA0
llama_kv_cache: layer   4: dev = CUDA0
llama_kv_cache: layer   5: dev = CUDA0
llama_kv_cache: layer   6: dev = CUDA0
llama_kv_cache: layer   7: dev = CUDA0
llama_kv_cache: layer   8: dev = CUDA0
llama_kv_cache: layer   9: dev = CUDA0
llama_kv_cache: layer  10: dev = CUDA0
llama_kv_cache: layer  11: dev = CUDA0
llama_kv_cache: layer  12: dev = CUDA0
llama_kv_cache: layer  13: dev = CUDA0
llama_kv_cache: layer  14: dev = CUDA0
llama_kv_cache: layer  15: dev = CUDA0
llama_kv_cache: layer  16: dev = CUDA0
llama_kv_cache: layer  17: dev = CUDA0
llama_kv_cache: layer  18: dev = CUDA0
llama_kv_cache: layer  19: dev = CUDA0
llama_kv_cache: layer  20: dev = CUDA0
llama_kv_cache: layer  21: dev = CUDA0
llama_kv_cache: layer  22: dev = CUDA0
llama_kv_cache: layer  23: dev = CUDA0
llama_kv_cache: layer  24: dev = CUDA0
llama_kv_cache: layer  25: dev = CUDA0
llama_kv_cache: layer  26: dev = CUDA0
llama_kv_cache: layer  27: dev = CUDA0
llama_kv_cache:        CPU KV buffer size =     4.50 MiB
llama_kv_cache:      CUDA0 KV buffer size =    37.50 MiB
llama_kv_cache: size =   42.00 MiB (   768 cells,  28 layers,  1/1 seqs), K (f16):   21.00 MiB, V (f16):   21.00 MiB
llama_kv_cache: attn_rot_k = 0, n_embd_head_k_all = 128
llama_kv_cache: attn_rot_v = 0, n_embd_head_k_all = 128
llama_context: enumerating backends
llama_context: backend_ptrs.size() = 2
sched_reserve: reserving ...
sched_reserve: max_nodes = 2712
sched_reserve: reserving full memory module
sched_reserve: worst-case: n_tokens = 512, n_seqs = 1, n_outputs = 1
graph_reserve: reserving a graph for ubatch with n_tokens =    1, n_seqs =  1, n_outputs =    1
sched_reserve: Flash Attention was auto, set to enabled
sched_reserve: resolving fused Gated Delta Net support:
graph_reserve: reserving a graph for ubatch with n_tokens =    1, n_seqs =  1, n_outputs =    1
sched_reserve: fused Gated Delta Net (autoregressive) enabled
graph_reserve: reserving a graph for ubatch with n_tokens =   16, n_seqs =  1, n_outputs =   16
sched_reserve: fused Gated Delta Net (chunked) enabled
graph_reserve: reserving a graph for ubatch with n_tokens =  512, n_seqs =  1, n_outputs =  512
graph_reserve: reserving a graph for ubatch with n_tokens =    1, n_seqs =  1, n_outputs =    1
graph_reserve: reserving a graph for ubatch with n_tokens =  512, n_seqs =  1, n_outputs =  512
sched_reserve:      CUDA0 compute buffer size =   304.00 MiB
sched_reserve:  CUDA_Host compute buffer size =    14.76 MiB
sched_reserve: graph nodes  = 958
sched_reserve: graph splits = 44 (with bs=512), 2 (with bs=1)
sched_reserve: reserve took 13.87 ms, sched copies = 1
CUDA Graph id 7539 reused
ggml_backend_cuda_graph_compute: CUDA graph warmup complete
CUDA Graph id 7539 reused
CUDA Graph id 7539 reused
CUDA Graph id 7539 reused
CUDA Graph id 7539 reused
CUDA Graph id 7539 reused
CUDA Graph id 7539 reused
CUDA Graph id 7539 reused
CUDA Graph id 7539 reused
CUDA Graph id 7539 reused
CUDA Graph id 7539 reused
CUDA Graph id 7539 reused
CUDA Graph id 7539 reused
CUDA Graph id 7539 reused
CUDA Graph id 7539 reused
CUDA Graph id 7539 reused
CUDA Graph id 7539 reused
~llama_context:      CUDA0 compute buffer size is 304.0000 MiB, matches expectation of 304.0000 MiB
~llama_context:  CUDA_Host compute buffer size is  14.7637 MiB, matches expectation of  14.7637 MiB
llama_context: constructing llama_context
llama_context: n_seq_max     = 1
llama_context: n_ctx         = 768
llama_context: n_ctx_seq     = 768
llama_context: n_batch       = 665
llama_context: n_ubatch      = 512
llama_context: causal_attn   = 1
llama_context: flash_attn    = auto
llama_context: kv_unified    = false
llama_context: freq_base     = 1000000.0
llama_context: freq_scale    = 1
llama_context: n_rs_seq      = 0
llama_context: n_outputs_max = 665
llama_context: n_ctx_seq (768) < n_ctx_train (32768) -- the full capacity of the model will not be utilized
set_abort_callback: call
llama_context:  CUDA_Host  output buffer size =     0.58 MiB
llama_kv_cache: layer   0: dev = CPU
llama_kv_cache: layer   1: dev = CPU
llama_kv_cache: layer   2: dev = CPU
llama_kv_cache: layer   3: dev = CUDA0
llama_kv_cache: layer   4: dev = CUDA0
llama_kv_cache: layer   5: dev = CUDA0
llama_kv_cache: layer   6: dev = CUDA0
llama_kv_cache: layer   7: dev = CUDA0
llama_kv_cache: layer   8: dev = CUDA0
llama_kv_cache: layer   9: dev = CUDA0
llama_kv_cache: layer  10: dev = CUDA0
llama_kv_cache: layer  11: dev = CUDA0
llama_kv_cache: layer  12: dev = CUDA0
llama_kv_cache: layer  13: dev = CUDA0
llama_kv_cache: layer  14: dev = CUDA0
llama_kv_cache: layer  15: dev = CUDA0
llama_kv_cache: layer  16: dev = CUDA0
llama_kv_cache: layer  17: dev = CUDA0
llama_kv_cache: layer  18: dev = CUDA0
llama_kv_cache: layer  19: dev = CUDA0
llama_kv_cache: layer  20: dev = CUDA0
llama_kv_cache: layer  21: dev = CUDA0
llama_kv_cache: layer  22: dev = CUDA0
llama_kv_cache: layer  23: dev = CUDA0
llama_kv_cache: layer  24: dev = CUDA0
llama_kv_cache: layer  25: dev = CUDA0
llama_kv_cache: layer  26: dev = CUDA0
llama_kv_cache: layer  27: dev = CUDA0
llama_kv_cache:        CPU KV buffer size =     4.50 MiB
llama_kv_cache:      CUDA0 KV buffer size =    37.50 MiB
llama_kv_cache: size =   42.00 MiB (   768 cells,  28 layers,  1/1 seqs), K (f16):   21.00 MiB, V (f16):   21.00 MiB
llama_kv_cache: attn_rot_k = 0, n_embd_head_k_all = 128
llama_kv_cache: attn_rot_v = 0, n_embd_head_k_all = 128
llama_context: enumerating backends
llama_context: backend_ptrs.size() = 2
sched_reserve: reserving ...
sched_reserve: max_nodes = 2712
sched_reserve: reserving full memory module
sched_reserve: worst-case: n_tokens = 512, n_seqs = 1, n_outputs = 1
graph_reserve: reserving a graph for ubatch with n_tokens =    1, n_seqs =  1, n_outputs =    1
sched_reserve: Flash Attention was auto, set to enabled
sched_reserve: resolving fused Gated Delta Net support:
graph_reserve: reserving a graph for ubatch with n_tokens =    1, n_seqs =  1, n_outputs =    1
sched_reserve: fused Gated Delta Net (autoregressive) enabled
graph_reserve: reserving a graph for ubatch with n_tokens =   16, n_seqs =  1, n_outputs =   16
sched_reserve: fused Gated Delta Net (chunked) enabled
graph_reserve: reserving a graph for ubatch with n_tokens =  512, n_seqs =  1, n_outputs =  512
graph_reserve: reserving a graph for ubatch with n_tokens =    1, n_seqs =  1, n_outputs =    1
graph_reserve: reserving a graph for ubatch with n_tokens =  512, n_seqs =  1, n_outputs =  512
sched_reserve:      CUDA0 compute buffer size =   304.00 MiB
sched_reserve:  CUDA_Host compute buffer size =    14.76 MiB
sched_reserve: graph nodes  = 958
sched_reserve: graph splits = 44 (with bs=512), 2 (with bs=1)
sched_reserve: reserve took 13.17 ms, sched copies = 1
CUDA Graph id 7689 reused
ggml_backend_cuda_graph_compute: CUDA graph warmup complete
CUDA Graph id 7689 reused
CUDA Graph id 7689 reused
CUDA Graph id 7689 reused
CUDA Graph id 7689 reused
CUDA Graph id 7689 reused
CUDA Graph id 7689 reused
CUDA Graph id 7689 reused
CUDA Graph id 7689 reused
CUDA Graph id 7689 reused
CUDA Graph id 7689 reused
CUDA Graph id 7689 reused
CUDA Graph id 7689 reused
CUDA Graph id 7689 reused
CUDA Graph id 7689 reused
CUDA Graph id 7689 reused
CUDA Graph id 7689 reused
~llama_context:      CUDA0 compute buffer size is 304.0000 MiB, matches expectation of 304.0000 MiB
~llama_context:  CUDA_Host compute buffer size is  14.7637 MiB, matches expectation of  14.7637 MiB
llama_context: constructing llama_context
llama_context: n_seq_max     = 1
llama_context: n_ctx         = 768
llama_context: n_ctx_seq     = 768
llama_context: n_batch       = 665
llama_context: n_ubatch      = 512
llama_context: causal_attn   = 1
llama_context: flash_attn    = auto
llama_context: kv_unified    = false
llama_context: freq_base     = 1000000.0
llama_context: freq_scale    = 1
llama_context: n_rs_seq      = 0
llama_context: n_outputs_max = 665
llama_context: n_ctx_seq (768) < n_ctx_train (32768) -- the full capacity of the model will not be utilized
set_abort_callback: call
llama_context:  CUDA_Host  output buffer size =     0.58 MiB
llama_kv_cache: layer   0: dev = CPU
llama_kv_cache: layer   1: dev = CPU
llama_kv_cache: layer   2: dev = CPU
llama_kv_cache: layer   3: dev = CUDA0
llama_kv_cache: layer   4: dev = CUDA0
llama_kv_cache: layer   5: dev = CUDA0
llama_kv_cache: layer   6: dev = CUDA0
llama_kv_cache: layer   7: dev = CUDA0
llama_kv_cache: layer   8: dev = CUDA0
llama_kv_cache: layer   9: dev = CUDA0
llama_kv_cache: layer  10: dev = CUDA0
llama_kv_cache: layer  11: dev = CUDA0
llama_kv_cache: layer  12: dev = CUDA0
llama_kv_cache: layer  13: dev = CUDA0
llama_kv_cache: layer  14: dev = CUDA0
llama_kv_cache: layer  15: dev = CUDA0
llama_kv_cache: layer  16: dev = CUDA0
llama_kv_cache: layer  17: dev = CUDA0
llama_kv_cache: layer  18: dev = CUDA0
llama_kv_cache: layer  19: dev = CUDA0
llama_kv_cache: layer  20: dev = CUDA0
llama_kv_cache: layer  21: dev = CUDA0
llama_kv_cache: layer  22: dev = CUDA0
llama_kv_cache: layer  23: dev = CUDA0
llama_kv_cache: layer  24: dev = CUDA0
llama_kv_cache: layer  25: dev = CUDA0
llama_kv_cache: layer  26: dev = CUDA0
llama_kv_cache: layer  27: dev = CUDA0
llama_kv_cache:        CPU KV buffer size =     4.50 MiB
llama_kv_cache:      CUDA0 KV buffer size =    37.50 MiB
llama_kv_cache: size =   42.00 MiB (   768 cells,  28 layers,  1/1 seqs), K (f16):   21.00 MiB, V (f16):   21.00 MiB
llama_kv_cache: attn_rot_k = 0, n_embd_head_k_all = 128
llama_kv_cache: attn_rot_v = 0, n_embd_head_k_all = 128
llama_context: enumerating backends
llama_context: backend_ptrs.size() = 2
sched_reserve: reserving ...
sched_reserve: max_nodes = 2712
sched_reserve: reserving full memory module
sched_reserve: worst-case: n_tokens = 512, n_seqs = 1, n_outputs = 1
graph_reserve: reserving a graph for ubatch with n_tokens =    1, n_seqs =  1, n_outputs =    1
sched_reserve: Flash Attention was auto, set to enabled
sched_reserve: resolving fused Gated Delta Net support:
graph_reserve: reserving a graph for ubatch with n_tokens =    1, n_seqs =  1, n_outputs =    1
sched_reserve: fused Gated Delta Net (autoregressive) enabled
graph_reserve: reserving a graph for ubatch with n_tokens =   16, n_seqs =  1, n_outputs =   16
sched_reserve: fused Gated Delta Net (chunked) enabled
graph_reserve: reserving a graph for ubatch with n_tokens =  512, n_seqs =  1, n_outputs =  512
graph_reserve: reserving a graph for ubatch with n_tokens =    1, n_seqs =  1, n_outputs =    1
graph_reserve: reserving a graph for ubatch with n_tokens =  512, n_seqs =  1, n_outputs =  512
sched_reserve:      CUDA0 compute buffer size =   304.00 MiB
sched_reserve:  CUDA_Host compute buffer size =    14.76 MiB
sched_reserve: graph nodes  = 958
sched_reserve: graph splits = 44 (with bs=512), 2 (with bs=1)
sched_reserve: reserve took 14.40 ms, sched copies = 1
CUDA Graph id 7839 reused
ggml_backend_cuda_graph_compute: CUDA graph warmup complete
CUDA Graph id 7839 reused
CUDA Graph id 7839 reused
CUDA Graph id 7839 reused
CUDA Graph id 7839 reused
CUDA Graph id 7839 reused
CUDA Graph id 7839 reused
CUDA Graph id 7839 reused
CUDA Graph id 7839 reused
CUDA Graph id 7839 reused
CUDA Graph id 7839 reused
CUDA Graph id 7839 reused
CUDA Graph id 7839 reused
CUDA Graph id 7839 reused
CUDA Graph id 7839 reused
CUDA Graph id 7839 reused
CUDA Graph id 7839 reused
~llama_context:      CUDA0 compute buffer size is 304.0000 MiB, matches expectation of 304.0000 MiB
~llama_context:  CUDA_Host compute buffer size is  14.7637 MiB, matches expectation of  14.7637 MiB
llama_context: constructing llama_context
llama_context: n_seq_max     = 1
llama_context: n_ctx         = 768
llama_context: n_ctx_seq     = 768
llama_context: n_batch       = 665
llama_context: n_ubatch      = 512
llama_context: causal_attn   = 1
llama_context: flash_attn    = auto
llama_context: kv_unified    = false
llama_context: freq_base     = 1000000.0
llama_context: freq_scale    = 1
llama_context: n_rs_seq      = 0
llama_context: n_outputs_max = 665
llama_context: n_ctx_seq (768) < n_ctx_train (32768) -- the full capacity of the model will not be utilized
set_abort_callback: call
llama_context:  CUDA_Host  output buffer size =     0.58 MiB
llama_kv_cache: layer   0: dev = CPU
llama_kv_cache: layer   1: dev = CPU
llama_kv_cache: layer   2: dev = CPU
llama_kv_cache: layer   3: dev = CUDA0
llama_kv_cache: layer   4: dev = CUDA0
llama_kv_cache: layer   5: dev = CUDA0
llama_kv_cache: layer   6: dev = CUDA0
llama_kv_cache: layer   7: dev = CUDA0
llama_kv_cache: layer   8: dev = CUDA0
llama_kv_cache: layer   9: dev = CUDA0
llama_kv_cache: layer  10: dev = CUDA0
llama_kv_cache: layer  11: dev = CUDA0
llama_kv_cache: layer  12: dev = CUDA0
llama_kv_cache: layer  13: dev = CUDA0
llama_kv_cache: layer  14: dev = CUDA0
llama_kv_cache: layer  15: dev = CUDA0
llama_kv_cache: layer  16: dev = CUDA0
llama_kv_cache: layer  17: dev = CUDA0
llama_kv_cache: layer  18: dev = CUDA0
llama_kv_cache: layer  19: dev = CUDA0
llama_kv_cache: layer  20: dev = CUDA0
llama_kv_cache: layer  21: dev = CUDA0
llama_kv_cache: layer  22: dev = CUDA0
llama_kv_cache: layer  23: dev = CUDA0
llama_kv_cache: layer  24: dev = CUDA0
llama_kv_cache: layer  25: dev = CUDA0
llama_kv_cache: layer  26: dev = CUDA0
llama_kv_cache: layer  27: dev = CUDA0
llama_kv_cache:        CPU KV buffer size =     4.50 MiB
llama_kv_cache:      CUDA0 KV buffer size =    37.50 MiB
llama_kv_cache: size =   42.00 MiB (   768 cells,  28 layers,  1/1 seqs), K (f16):   21.00 MiB, V (f16):   21.00 MiB
llama_kv_cache: attn_rot_k = 0, n_embd_head_k_all = 128
llama_kv_cache: attn_rot_v = 0, n_embd_head_k_all = 128
llama_context: enumerating backends
llama_context: backend_ptrs.size() = 2
sched_reserve: reserving ...
sched_reserve: max_nodes = 2712
sched_reserve: reserving full memory module
sched_reserve: worst-case: n_tokens = 512, n_seqs = 1, n_outputs = 1
graph_reserve: reserving a graph for ubatch with n_tokens =    1, n_seqs =  1, n_outputs =    1
sched_reserve: Flash Attention was auto, set to enabled
sched_reserve: resolving fused Gated Delta Net support:
graph_reserve: reserving a graph for ubatch with n_tokens =    1, n_seqs =  1, n_outputs =    1
sched_reserve: fused Gated Delta Net (autoregressive) enabled
graph_reserve: reserving a graph for ubatch with n_tokens =   16, n_seqs =  1, n_outputs =   16
sched_reserve: fused Gated Delta Net (chunked) enabled
graph_reserve: reserving a graph for ubatch with n_tokens =  512, n_seqs =  1, n_outputs =  512
graph_reserve: reserving a graph for ubatch with n_tokens =    1, n_seqs =  1, n_outputs =    1
graph_reserve: reserving a graph for ubatch with n_tokens =  512, n_seqs =  1, n_outputs =  512
sched_reserve:      CUDA0 compute buffer size =   304.00 MiB
sched_reserve:  CUDA_Host compute buffer size =    14.76 MiB
sched_reserve: graph nodes  = 958
sched_reserve: graph splits = 44 (with bs=512), 2 (with bs=1)
sched_reserve: reserve took 17.25 ms, sched copies = 1
CUDA Graph id 7989 reused
ggml_backend_cuda_graph_compute: CUDA graph warmup complete
CUDA Graph id 7989 reused
CUDA Graph id 7989 reused
CUDA Graph id 7989 reused
CUDA Graph id 7989 reused
CUDA Graph id 7989 reused
CUDA Graph id 7989 reused
CUDA Graph id 7989 reused
CUDA Graph id 7989 reused
CUDA Graph id 7989 reused
CUDA Graph id 7989 reused
CUDA Graph id 7989 reused
CUDA Graph id 7989 reused
CUDA Graph id 7989 reused
CUDA Graph id 7989 reused
CUDA Graph id 7989 reused
CUDA Graph id 7989 reused
CUDA Graph id 7989 reused
CUDA Graph id 7989 reused
CUDA Graph id 7989 reused
CUDA Graph id 7989 reused
CUDA Graph id 7989 reused
CUDA Graph id 7989 reused
CUDA Graph id 7989 reused
~llama_context:      CUDA0 compute buffer size is 304.0000 MiB, matches expectation of 304.0000 MiB
~llama_context:  CUDA_Host compute buffer size is  14.7637 MiB, matches expectation of  14.7637 MiB
llama_context: constructing llama_context
llama_context: n_seq_max     = 1
llama_context: n_ctx         = 768
llama_context: n_ctx_seq     = 768
llama_context: n_batch       = 665
llama_context: n_ubatch      = 512
llama_context: causal_attn   = 1
llama_context: flash_attn    = auto
llama_context: kv_unified    = false
llama_context: freq_base     = 1000000.0
llama_context: freq_scale    = 1
llama_context: n_rs_seq      = 0
llama_context: n_outputs_max = 665
llama_context: n_ctx_seq (768) < n_ctx_train (32768) -- the full capacity of the model will not be utilized
set_abort_callback: call
llama_context:  CUDA_Host  output buffer size =     0.58 MiB
llama_kv_cache: layer   0: dev = CPU
llama_kv_cache: layer   1: dev = CPU
llama_kv_cache: layer   2: dev = CPU
llama_kv_cache: layer   3: dev = CUDA0
llama_kv_cache: layer   4: dev = CUDA0
llama_kv_cache: layer   5: dev = CUDA0
llama_kv_cache: layer   6: dev = CUDA0
llama_kv_cache: layer   7: dev = CUDA0
llama_kv_cache: layer   8: dev = CUDA0
llama_kv_cache: layer   9: dev = CUDA0
llama_kv_cache: layer  10: dev = CUDA0
llama_kv_cache: layer  11: dev = CUDA0
llama_kv_cache: layer  12: dev = CUDA0
llama_kv_cache: layer  13: dev = CUDA0
llama_kv_cache: layer  14: dev = CUDA0
llama_kv_cache: layer  15: dev = CUDA0
llama_kv_cache: layer  16: dev = CUDA0
llama_kv_cache: layer  17: dev = CUDA0
llama_kv_cache: layer  18: dev = CUDA0
llama_kv_cache: layer  19: dev = CUDA0
llama_kv_cache: layer  20: dev = CUDA0
llama_kv_cache: layer  21: dev = CUDA0
llama_kv_cache: layer  22: dev = CUDA0
llama_kv_cache: layer  23: dev = CUDA0
llama_kv_cache: layer  24: dev = CUDA0
llama_kv_cache: layer  25: dev = CUDA0
llama_kv_cache: layer  26: dev = CUDA0
llama_kv_cache: layer  27: dev = CUDA0
llama_kv_cache:        CPU KV buffer size =     4.50 MiB
llama_kv_cache:      CUDA0 KV buffer size =    37.50 MiB
llama_kv_cache: size =   42.00 MiB (   768 cells,  28 layers,  1/1 seqs), K (f16):   21.00 MiB, V (f16):   21.00 MiB
llama_kv_cache: attn_rot_k = 0, n_embd_head_k_all = 128
llama_kv_cache: attn_rot_v = 0, n_embd_head_k_all = 128
llama_context: enumerating backends
llama_context: backend_ptrs.size() = 2
sched_reserve: reserving ...
sched_reserve: max_nodes = 2712
sched_reserve: reserving full memory module
sched_reserve: worst-case: n_tokens = 512, n_seqs = 1, n_outputs = 1
graph_reserve: reserving a graph for ubatch with n_tokens =    1, n_seqs =  1, n_outputs =    1
sched_reserve: Flash Attention was auto, set to enabled
sched_reserve: resolving fused Gated Delta Net support:
graph_reserve: reserving a graph for ubatch with n_tokens =    1, n_seqs =  1, n_outputs =    1
sched_reserve: fused Gated Delta Net (autoregressive) enabled
graph_reserve: reserving a graph for ubatch with n_tokens =   16, n_seqs =  1, n_outputs =   16
sched_reserve: fused Gated Delta Net (chunked) enabled
graph_reserve: reserving a graph for ubatch with n_tokens =  512, n_seqs =  1, n_outputs =  512
graph_reserve: reserving a graph for ubatch with n_tokens =    1, n_seqs =  1, n_outputs =    1
graph_reserve: reserving a graph for ubatch with n_tokens =  512, n_seqs =  1, n_outputs =  512
sched_reserve:      CUDA0 compute buffer size =   304.00 MiB
sched_reserve:  CUDA_Host compute buffer size =    14.76 MiB
sched_reserve: graph nodes  = 958
sched_reserve: graph splits = 44 (with bs=512), 2 (with bs=1)
sched_reserve: reserve took 16.41 ms, sched copies = 1
CUDA Graph id 8139 reused
ggml_backend_cuda_graph_compute: CUDA graph warmup complete
CUDA Graph id 8139 reused
CUDA Graph id 8139 reused
CUDA Graph id 8139 reused
CUDA Graph id 8139 reused
CUDA Graph id 8139 reused
CUDA Graph id 8139 reused
CUDA Graph id 8139 reused
CUDA Graph id 8139 reused
CUDA Graph id 8139 reused
~llama_context:      CUDA0 compute buffer size is 304.0000 MiB, matches expectation of 304.0000 MiB
~llama_context:  CUDA_Host compute buffer size is  14.7637 MiB, matches expectation of  14.7637 MiB
schema 59/75 done
llama_context: constructing llama_context
llama_context: n_seq_max     = 1
llama_context: n_ctx         = 768
llama_context: n_ctx_seq     = 768
llama_context: n_batch       = 631
llama_context: n_ubatch      = 512
llama_context: causal_attn   = 1
llama_context: flash_attn    = auto
llama_context: kv_unified    = false
llama_context: freq_base     = 1000000.0
llama_context: freq_scale    = 1
llama_context: n_rs_seq      = 0
llama_context: n_outputs_max = 631
llama_context: n_ctx_seq (768) < n_ctx_train (32768) -- the full capacity of the model will not be utilized
set_abort_callback: call
llama_context:  CUDA_Host  output buffer size =     0.58 MiB
llama_kv_cache: layer   0: dev = CPU
llama_kv_cache: layer   1: dev = CPU
llama_kv_cache: layer   2: dev = CPU
llama_kv_cache: layer   3: dev = CUDA0
llama_kv_cache: layer   4: dev = CUDA0
llama_kv_cache: layer   5: dev = CUDA0
llama_kv_cache: layer   6: dev = CUDA0
llama_kv_cache: layer   7: dev = CUDA0
llama_kv_cache: layer   8: dev = CUDA0
llama_kv_cache: layer   9: dev = CUDA0
llama_kv_cache: layer  10: dev = CUDA0
llama_kv_cache: layer  11: dev = CUDA0
llama_kv_cache: layer  12: dev = CUDA0
llama_kv_cache: layer  13: dev = CUDA0
llama_kv_cache: layer  14: dev = CUDA0
llama_kv_cache: layer  15: dev = CUDA0
llama_kv_cache: layer  16: dev = CUDA0
llama_kv_cache: layer  17: dev = CUDA0
llama_kv_cache: layer  18: dev = CUDA0
llama_kv_cache: layer  19: dev = CUDA0
llama_kv_cache: layer  20: dev = CUDA0
llama_kv_cache: layer  21: dev = CUDA0
llama_kv_cache: layer  22: dev = CUDA0
llama_kv_cache: layer  23: dev = CUDA0
llama_kv_cache: layer  24: dev = CUDA0
llama_kv_cache: layer  25: dev = CUDA0
llama_kv_cache: layer  26: dev = CUDA0
llama_kv_cache: layer  27: dev = CUDA0
llama_kv_cache:        CPU KV buffer size =     4.50 MiB
llama_kv_cache:      CUDA0 KV buffer size =    37.50 MiB
llama_kv_cache: size =   42.00 MiB (   768 cells,  28 layers,  1/1 seqs), K (f16):   21.00 MiB, V (f16):   21.00 MiB
llama_kv_cache: attn_rot_k = 0, n_embd_head_k_all = 128
llama_kv_cache: attn_rot_v = 0, n_embd_head_k_all = 128
llama_context: enumerating backends
llama_context: backend_ptrs.size() = 2
sched_reserve: reserving ...
sched_reserve: max_nodes = 2712
sched_reserve: reserving full memory module
sched_reserve: worst-case: n_tokens = 512, n_seqs = 1, n_outputs = 1
graph_reserve: reserving a graph for ubatch with n_tokens =    1, n_seqs =  1, n_outputs =    1
sched_reserve: Flash Attention was auto, set to enabled
sched_reserve: resolving fused Gated Delta Net support:
graph_reserve: reserving a graph for ubatch with n_tokens =    1, n_seqs =  1, n_outputs =    1
sched_reserve: fused Gated Delta Net (autoregressive) enabled
graph_reserve: reserving a graph for ubatch with n_tokens =   16, n_seqs =  1, n_outputs =   16
sched_reserve: fused Gated Delta Net (chunked) enabled
graph_reserve: reserving a graph for ubatch with n_tokens =  512, n_seqs =  1, n_outputs =  512
graph_reserve: reserving a graph for ubatch with n_tokens =    1, n_seqs =  1, n_outputs =    1
graph_reserve: reserving a graph for ubatch with n_tokens =  512, n_seqs =  1, n_outputs =  512
sched_reserve:      CUDA0 compute buffer size =   304.00 MiB
sched_reserve:  CUDA_Host compute buffer size =    14.76 MiB
sched_reserve: graph nodes  = 958
sched_reserve: graph splits = 44 (with bs=512), 2 (with bs=1)
sched_reserve: reserve took 14.85 ms, sched copies = 1
CUDA Graph id 8289 reused
ggml_backend_cuda_graph_compute: CUDA graph warmup complete
CUDA Graph id 8289 reused
CUDA Graph id 8289 reused
CUDA Graph id 8289 reused
CUDA Graph id 8289 reused
CUDA Graph id 8289 reused
CUDA Graph id 8289 reused
CUDA Graph id 8289 reused
CUDA Graph id 8289 reused
CUDA Graph id 8289 reused
CUDA Graph id 8289 reused
CUDA Graph id 8289 reused
CUDA Graph id 8289 reused
CUDA Graph id 8289 reused
CUDA Graph id 8289 reused
CUDA Graph id 8289 reused
CUDA Graph id 8289 reused
CUDA Graph id 8289 reused
CUDA Graph id 8289 reused
CUDA Graph id 8289 reused
CUDA Graph id 8289 reused
CUDA Graph id 8289 reused
CUDA Graph id 8289 reused
CUDA Graph id 8289 reused
CUDA Graph id 8289 reused
CUDA Graph id 8289 reused
CUDA Graph id 8289 reused
CUDA Graph id 8289 reused
CUDA Graph id 8289 reused
CUDA Graph id 8289 reused
CUDA Graph id 8289 reused
CUDA Graph id 8289 reused
CUDA Graph id 8289 reused
CUDA Graph id 8289 reused
CUDA Graph id 8289 reused
CUDA Graph id 8289 reused
~llama_context:      CUDA0 compute buffer size is 304.0000 MiB, matches expectation of 304.0000 MiB
~llama_context:  CUDA_Host compute buffer size is  14.7637 MiB, matches expectation of  14.7637 MiB
llama_context: constructing llama_context
llama_context: n_seq_max     = 1
llama_context: n_ctx         = 768
llama_context: n_ctx_seq     = 768
llama_context: n_batch       = 631
llama_context: n_ubatch      = 512
llama_context: causal_attn   = 1
llama_context: flash_attn    = auto
llama_context: kv_unified    = false
llama_context: freq_base     = 1000000.0
llama_context: freq_scale    = 1
llama_context: n_rs_seq      = 0
llama_context: n_outputs_max = 631
llama_context: n_ctx_seq (768) < n_ctx_train (32768) -- the full capacity of the model will not be utilized
set_abort_callback: call
llama_context:  CUDA_Host  output buffer size =     0.58 MiB
llama_kv_cache: layer   0: dev = CPU
llama_kv_cache: layer   1: dev = CPU
llama_kv_cache: layer   2: dev = CPU
llama_kv_cache: layer   3: dev = CUDA0
llama_kv_cache: layer   4: dev = CUDA0
llama_kv_cache: layer   5: dev = CUDA0
llama_kv_cache: layer   6: dev = CUDA0
llama_kv_cache: layer   7: dev = CUDA0
llama_kv_cache: layer   8: dev = CUDA0
llama_kv_cache: layer   9: dev = CUDA0
llama_kv_cache: layer  10: dev = CUDA0
llama_kv_cache: layer  11: dev = CUDA0
llama_kv_cache: layer  12: dev = CUDA0
llama_kv_cache: layer  13: dev = CUDA0
llama_kv_cache: layer  14: dev = CUDA0
llama_kv_cache: layer  15: dev = CUDA0
llama_kv_cache: layer  16: dev = CUDA0
llama_kv_cache: layer  17: dev = CUDA0
llama_kv_cache: layer  18: dev = CUDA0
llama_kv_cache: layer  19: dev = CUDA0
llama_kv_cache: layer  20: dev = CUDA0
llama_kv_cache: layer  21: dev = CUDA0
llama_kv_cache: layer  22: dev = CUDA0
llama_kv_cache: layer  23: dev = CUDA0
llama_kv_cache: layer  24: dev = CUDA0
llama_kv_cache: layer  25: dev = CUDA0
llama_kv_cache: layer  26: dev = CUDA0
llama_kv_cache: layer  27: dev = CUDA0
llama_kv_cache:        CPU KV buffer size =     4.50 MiB
llama_kv_cache:      CUDA0 KV buffer size =    37.50 MiB
llama_kv_cache: size =   42.00 MiB (   768 cells,  28 layers,  1/1 seqs), K (f16):   21.00 MiB, V (f16):   21.00 MiB
llama_kv_cache: attn_rot_k = 0, n_embd_head_k_all = 128
llama_kv_cache: attn_rot_v = 0, n_embd_head_k_all = 128
llama_context: enumerating backends
llama_context: backend_ptrs.size() = 2
sched_reserve: reserving ...
sched_reserve: max_nodes = 2712
sched_reserve: reserving full memory module
sched_reserve: worst-case: n_tokens = 512, n_seqs = 1, n_outputs = 1
graph_reserve: reserving a graph for ubatch with n_tokens =    1, n_seqs =  1, n_outputs =    1
sched_reserve: Flash Attention was auto, set to enabled
sched_reserve: resolving fused Gated Delta Net support:
graph_reserve: reserving a graph for ubatch with n_tokens =    1, n_seqs =  1, n_outputs =    1
sched_reserve: fused Gated Delta Net (autoregressive) enabled
graph_reserve: reserving a graph for ubatch with n_tokens =   16, n_seqs =  1, n_outputs =   16
sched_reserve: fused Gated Delta Net (chunked) enabled
graph_reserve: reserving a graph for ubatch with n_tokens =  512, n_seqs =  1, n_outputs =  512
graph_reserve: reserving a graph for ubatch with n_tokens =    1, n_seqs =  1, n_outputs =    1
graph_reserve: reserving a graph for ubatch with n_tokens =  512, n_seqs =  1, n_outputs =  512
sched_reserve:      CUDA0 compute buffer size =   304.00 MiB
sched_reserve:  CUDA_Host compute buffer size =    14.76 MiB
sched_reserve: graph nodes  = 958
sched_reserve: graph splits = 44 (with bs=512), 2 (with bs=1)
sched_reserve: reserve took 14.29 ms, sched copies = 1
CUDA Graph id 8439 reused
ggml_backend_cuda_graph_compute: CUDA graph warmup complete
CUDA Graph id 8439 reused
CUDA Graph id 8439 reused
CUDA Graph id 8439 reused
CUDA Graph id 8439 reused
CUDA Graph id 8439 reused
CUDA Graph id 8439 reused
CUDA Graph id 8439 reused
CUDA Graph id 8439 reused
CUDA Graph id 8439 reused
CUDA Graph id 8439 reused
CUDA Graph id 8439 reused
CUDA Graph id 8439 reused
CUDA Graph id 8439 reused
CUDA Graph id 8439 reused
CUDA Graph id 8439 reused
CUDA Graph id 8439 reused
CUDA Graph id 8439 reused
CUDA Graph id 8439 reused
CUDA Graph id 8439 reused
CUDA Graph id 8439 reused
CUDA Graph id 8439 reused
CUDA Graph id 8439 reused
CUDA Graph id 8439 reused
CUDA Graph id 8439 reused
CUDA Graph id 8439 reused
CUDA Graph id 8439 reused
CUDA Graph id 8439 reused
CUDA Graph id 8439 reused
CUDA Graph id 8439 reused
CUDA Graph id 8439 reused
CUDA Graph id 8439 reused
CUDA Graph id 8439 reused
CUDA Graph id 8439 reused
CUDA Graph id 8439 reused
CUDA Graph id 8439 reused
~llama_context:      CUDA0 compute buffer size is 304.0000 MiB, matches expectation of 304.0000 MiB
~llama_context:  CUDA_Host compute buffer size is  14.7637 MiB, matches expectation of  14.7637 MiB
llama_context: constructing llama_context
llama_context: n_seq_max     = 1
llama_context: n_ctx         = 768
llama_context: n_ctx_seq     = 768
llama_context: n_batch       = 631
llama_context: n_ubatch      = 512
llama_context: causal_attn   = 1
llama_context: flash_attn    = auto
llama_context: kv_unified    = false
llama_context: freq_base     = 1000000.0
llama_context: freq_scale    = 1
llama_context: n_rs_seq      = 0
llama_context: n_outputs_max = 631
llama_context: n_ctx_seq (768) < n_ctx_train (32768) -- the full capacity of the model will not be utilized
set_abort_callback: call
llama_context:  CUDA_Host  output buffer size =     0.58 MiB
llama_kv_cache: layer   0: dev = CPU
llama_kv_cache: layer   1: dev = CPU
llama_kv_cache: layer   2: dev = CPU
llama_kv_cache: layer   3: dev = CUDA0
llama_kv_cache: layer   4: dev = CUDA0
llama_kv_cache: layer   5: dev = CUDA0
llama_kv_cache: layer   6: dev = CUDA0
llama_kv_cache: layer   7: dev = CUDA0
llama_kv_cache: layer   8: dev = CUDA0
llama_kv_cache: layer   9: dev = CUDA0
llama_kv_cache: layer  10: dev = CUDA0
llama_kv_cache: layer  11: dev = CUDA0
llama_kv_cache: layer  12: dev = CUDA0
llama_kv_cache: layer  13: dev = CUDA0
llama_kv_cache: layer  14: dev = CUDA0
llama_kv_cache: layer  15: dev = CUDA0
llama_kv_cache: layer  16: dev = CUDA0
llama_kv_cache: layer  17: dev = CUDA0
llama_kv_cache: layer  18: dev = CUDA0
llama_kv_cache: layer  19: dev = CUDA0
llama_kv_cache: layer  20: dev = CUDA0
llama_kv_cache: layer  21: dev = CUDA0
llama_kv_cache: layer  22: dev = CUDA0
llama_kv_cache: layer  23: dev = CUDA0
llama_kv_cache: layer  24: dev = CUDA0
llama_kv_cache: layer  25: dev = CUDA0
llama_kv_cache: layer  26: dev = CUDA0
llama_kv_cache: layer  27: dev = CUDA0
llama_kv_cache:        CPU KV buffer size =     4.50 MiB
llama_kv_cache:      CUDA0 KV buffer size =    37.50 MiB
llama_kv_cache: size =   42.00 MiB (   768 cells,  28 layers,  1/1 seqs), K (f16):   21.00 MiB, V (f16):   21.00 MiB
llama_kv_cache: attn_rot_k = 0, n_embd_head_k_all = 128
llama_kv_cache: attn_rot_v = 0, n_embd_head_k_all = 128
llama_context: enumerating backends
llama_context: backend_ptrs.size() = 2
sched_reserve: reserving ...
sched_reserve: max_nodes = 2712
sched_reserve: reserving full memory module
sched_reserve: worst-case: n_tokens = 512, n_seqs = 1, n_outputs = 1
graph_reserve: reserving a graph for ubatch with n_tokens =    1, n_seqs =  1, n_outputs =    1
sched_reserve: Flash Attention was auto, set to enabled
sched_reserve: resolving fused Gated Delta Net support:
graph_reserve: reserving a graph for ubatch with n_tokens =    1, n_seqs =  1, n_outputs =    1
sched_reserve: fused Gated Delta Net (autoregressive) enabled
graph_reserve: reserving a graph for ubatch with n_tokens =   16, n_seqs =  1, n_outputs =   16
sched_reserve: fused Gated Delta Net (chunked) enabled
graph_reserve: reserving a graph for ubatch with n_tokens =  512, n_seqs =  1, n_outputs =  512
graph_reserve: reserving a graph for ubatch with n_tokens =    1, n_seqs =  1, n_outputs =    1
graph_reserve: reserving a graph for ubatch with n_tokens =  512, n_seqs =  1, n_outputs =  512
sched_reserve:      CUDA0 compute buffer size =   304.00 MiB
sched_reserve:  CUDA_Host compute buffer size =    14.76 MiB
sched_reserve: graph nodes  = 958
sched_reserve: graph splits = 44 (with bs=512), 2 (with bs=1)
sched_reserve: reserve took 14.83 ms, sched copies = 1
CUDA Graph id 8589 reused
ggml_backend_cuda_graph_compute: CUDA graph warmup complete
CUDA Graph id 8589 reused
CUDA Graph id 8589 reused
CUDA Graph id 8589 reused
CUDA Graph id 8589 reused
CUDA Graph id 8589 reused
CUDA Graph id 8589 reused
CUDA Graph id 8589 reused
CUDA Graph id 8589 reused
CUDA Graph id 8589 reused
CUDA Graph id 8589 reused
CUDA Graph id 8589 reused
CUDA Graph id 8589 reused
CUDA Graph id 8589 reused
CUDA Graph id 8589 reused
CUDA Graph id 8589 reused
CUDA Graph id 8589 reused
CUDA Graph id 8589 reused
CUDA Graph id 8589 reused
CUDA Graph id 8589 reused
CUDA Graph id 8589 reused
CUDA Graph id 8589 reused
CUDA Graph id 8589 reused
CUDA Graph id 8589 reused
CUDA Graph id 8589 reused
~llama_context:      CUDA0 compute buffer size is 304.0000 MiB, matches expectation of 304.0000 MiB
~llama_context:  CUDA_Host compute buffer size is  14.7637 MiB, matches expectation of  14.7637 MiB
llama_context: constructing llama_context
llama_context: n_seq_max     = 1
llama_context: n_ctx         = 768
llama_context: n_ctx_seq     = 768
llama_context: n_batch       = 631
llama_context: n_ubatch      = 512
llama_context: causal_attn   = 1
llama_context: flash_attn    = auto
llama_context: kv_unified    = false
llama_context: freq_base     = 1000000.0
llama_context: freq_scale    = 1
llama_context: n_rs_seq      = 0
llama_context: n_outputs_max = 631
llama_context: n_ctx_seq (768) < n_ctx_train (32768) -- the full capacity of the model will not be utilized
set_abort_callback: call
llama_context:  CUDA_Host  output buffer size =     0.58 MiB
llama_kv_cache: layer   0: dev = CPU
llama_kv_cache: layer   1: dev = CPU
llama_kv_cache: layer   2: dev = CPU
llama_kv_cache: layer   3: dev = CUDA0
llama_kv_cache: layer   4: dev = CUDA0
llama_kv_cache: layer   5: dev = CUDA0
llama_kv_cache: layer   6: dev = CUDA0
llama_kv_cache: layer   7: dev = CUDA0
llama_kv_cache: layer   8: dev = CUDA0
llama_kv_cache: layer   9: dev = CUDA0
llama_kv_cache: layer  10: dev = CUDA0
llama_kv_cache: layer  11: dev = CUDA0
llama_kv_cache: layer  12: dev = CUDA0
llama_kv_cache: layer  13: dev = CUDA0
llama_kv_cache: layer  14: dev = CUDA0
llama_kv_cache: layer  15: dev = CUDA0
llama_kv_cache: layer  16: dev = CUDA0
llama_kv_cache: layer  17: dev = CUDA0
llama_kv_cache: layer  18: dev = CUDA0
llama_kv_cache: layer  19: dev = CUDA0
llama_kv_cache: layer  20: dev = CUDA0
llama_kv_cache: layer  21: dev = CUDA0
llama_kv_cache: layer  22: dev = CUDA0
llama_kv_cache: layer  23: dev = CUDA0
llama_kv_cache: layer  24: dev = CUDA0
llama_kv_cache: layer  25: dev = CUDA0
llama_kv_cache: layer  26: dev = CUDA0
llama_kv_cache: layer  27: dev = CUDA0
llama_kv_cache:        CPU KV buffer size =     4.50 MiB
llama_kv_cache:      CUDA0 KV buffer size =    37.50 MiB
llama_kv_cache: size =   42.00 MiB (   768 cells,  28 layers,  1/1 seqs), K (f16):   21.00 MiB, V (f16):   21.00 MiB
llama_kv_cache: attn_rot_k = 0, n_embd_head_k_all = 128
llama_kv_cache: attn_rot_v = 0, n_embd_head_k_all = 128
llama_context: enumerating backends
llama_context: backend_ptrs.size() = 2
sched_reserve: reserving ...
sched_reserve: max_nodes = 2712
sched_reserve: reserving full memory module
sched_reserve: worst-case: n_tokens = 512, n_seqs = 1, n_outputs = 1
graph_reserve: reserving a graph for ubatch with n_tokens =    1, n_seqs =  1, n_outputs =    1
sched_reserve: Flash Attention was auto, set to enabled
sched_reserve: resolving fused Gated Delta Net support:
graph_reserve: reserving a graph for ubatch with n_tokens =    1, n_seqs =  1, n_outputs =    1
sched_reserve: fused Gated Delta Net (autoregressive) enabled
graph_reserve: reserving a graph for ubatch with n_tokens =   16, n_seqs =  1, n_outputs =   16
sched_reserve: fused Gated Delta Net (chunked) enabled
graph_reserve: reserving a graph for ubatch with n_tokens =  512, n_seqs =  1, n_outputs =  512
graph_reserve: reserving a graph for ubatch with n_tokens =    1, n_seqs =  1, n_outputs =    1
graph_reserve: reserving a graph for ubatch with n_tokens =  512, n_seqs =  1, n_outputs =  512
sched_reserve:      CUDA0 compute buffer size =   304.00 MiB
sched_reserve:  CUDA_Host compute buffer size =    14.76 MiB
sched_reserve: graph nodes  = 958
sched_reserve: graph splits = 44 (with bs=512), 2 (with bs=1)
sched_reserve: reserve took 14.97 ms, sched copies = 1
CUDA Graph id 8739 reused
ggml_backend_cuda_graph_compute: CUDA graph warmup complete
CUDA Graph id 8739 reused
CUDA Graph id 8739 reused
CUDA Graph id 8739 reused
CUDA Graph id 8739 reused
CUDA Graph id 8739 reused
CUDA Graph id 8739 reused
CUDA Graph id 8739 reused
CUDA Graph id 8739 reused
CUDA Graph id 8739 reused
CUDA Graph id 8739 reused
CUDA Graph id 8739 reused
CUDA Graph id 8739 reused
CUDA Graph id 8739 reused
CUDA Graph id 8739 reused
CUDA Graph id 8739 reused
CUDA Graph id 8739 reused
CUDA Graph id 8739 reused
CUDA Graph id 8739 reused
CUDA Graph id 8739 reused
CUDA Graph id 8739 reused
CUDA Graph id 8739 reused
CUDA Graph id 8739 reused
CUDA Graph id 8739 reused
CUDA Graph id 8739 reused
CUDA Graph id 8739 reused
CUDA Graph id 8739 reused
CUDA Graph id 8739 reused
CUDA Graph id 8739 reused
CUDA Graph id 8739 reused
CUDA Graph id 8739 reused
CUDA Graph id 8739 reused
CUDA Graph id 8739 reused
CUDA Graph id 8739 reused
CUDA Graph id 8739 reused
CUDA Graph id 8739 reused
~llama_context:      CUDA0 compute buffer size is 304.0000 MiB, matches expectation of 304.0000 MiB
~llama_context:  CUDA_Host compute buffer size is  14.7637 MiB, matches expectation of  14.7637 MiB
llama_context: constructing llama_context
llama_context: n_seq_max     = 1
llama_context: n_ctx         = 768
llama_context: n_ctx_seq     = 768
llama_context: n_batch       = 631
llama_context: n_ubatch      = 512
llama_context: causal_attn   = 1
llama_context: flash_attn    = auto
llama_context: kv_unified    = false
llama_context: freq_base     = 1000000.0
llama_context: freq_scale    = 1
llama_context: n_rs_seq      = 0
llama_context: n_outputs_max = 631
llama_context: n_ctx_seq (768) < n_ctx_train (32768) -- the full capacity of the model will not be utilized
set_abort_callback: call
llama_context:  CUDA_Host  output buffer size =     0.58 MiB
llama_kv_cache: layer   0: dev = CPU
llama_kv_cache: layer   1: dev = CPU
llama_kv_cache: layer   2: dev = CPU
llama_kv_cache: layer   3: dev = CUDA0
llama_kv_cache: layer   4: dev = CUDA0
llama_kv_cache: layer   5: dev = CUDA0
llama_kv_cache: layer   6: dev = CUDA0
llama_kv_cache: layer   7: dev = CUDA0
llama_kv_cache: layer   8: dev = CUDA0
llama_kv_cache: layer   9: dev = CUDA0
llama_kv_cache: layer  10: dev = CUDA0
llama_kv_cache: layer  11: dev = CUDA0
llama_kv_cache: layer  12: dev = CUDA0
llama_kv_cache: layer  13: dev = CUDA0
llama_kv_cache: layer  14: dev = CUDA0
llama_kv_cache: layer  15: dev = CUDA0
llama_kv_cache: layer  16: dev = CUDA0
llama_kv_cache: layer  17: dev = CUDA0
llama_kv_cache: layer  18: dev = CUDA0
llama_kv_cache: layer  19: dev = CUDA0
llama_kv_cache: layer  20: dev = CUDA0
llama_kv_cache: layer  21: dev = CUDA0
llama_kv_cache: layer  22: dev = CUDA0
llama_kv_cache: layer  23: dev = CUDA0
llama_kv_cache: layer  24: dev = CUDA0
llama_kv_cache: layer  25: dev = CUDA0
llama_kv_cache: layer  26: dev = CUDA0
llama_kv_cache: layer  27: dev = CUDA0
llama_kv_cache:        CPU KV buffer size =     4.50 MiB
llama_kv_cache:      CUDA0 KV buffer size =    37.50 MiB
llama_kv_cache: size =   42.00 MiB (   768 cells,  28 layers,  1/1 seqs), K (f16):   21.00 MiB, V (f16):   21.00 MiB
llama_kv_cache: attn_rot_k = 0, n_embd_head_k_all = 128
llama_kv_cache: attn_rot_v = 0, n_embd_head_k_all = 128
llama_context: enumerating backends
llama_context: backend_ptrs.size() = 2
sched_reserve: reserving ...
sched_reserve: max_nodes = 2712
sched_reserve: reserving full memory module
sched_reserve: worst-case: n_tokens = 512, n_seqs = 1, n_outputs = 1
graph_reserve: reserving a graph for ubatch with n_tokens =    1, n_seqs =  1, n_outputs =    1
sched_reserve: Flash Attention was auto, set to enabled
sched_reserve: resolving fused Gated Delta Net support:
graph_reserve: reserving a graph for ubatch with n_tokens =    1, n_seqs =  1, n_outputs =    1
sched_reserve: fused Gated Delta Net (autoregressive) enabled
graph_reserve: reserving a graph for ubatch with n_tokens =   16, n_seqs =  1, n_outputs =   16
sched_reserve: fused Gated Delta Net (chunked) enabled
graph_reserve: reserving a graph for ubatch with n_tokens =  512, n_seqs =  1, n_outputs =  512
graph_reserve: reserving a graph for ubatch with n_tokens =    1, n_seqs =  1, n_outputs =    1
graph_reserve: reserving a graph for ubatch with n_tokens =  512, n_seqs =  1, n_outputs =  512
sched_reserve:      CUDA0 compute buffer size =   304.00 MiB
sched_reserve:  CUDA_Host compute buffer size =    14.76 MiB
sched_reserve: graph nodes  = 958
sched_reserve: graph splits = 44 (with bs=512), 2 (with bs=1)
sched_reserve: reserve took 14.37 ms, sched copies = 1
CUDA Graph id 8889 reused
ggml_backend_cuda_graph_compute: CUDA graph warmup complete
CUDA Graph id 8889 reused
CUDA Graph id 8889 reused
CUDA Graph id 8889 reused
CUDA Graph id 8889 reused
CUDA Graph id 8889 reused
CUDA Graph id 8889 reused
CUDA Graph id 8889 reused
CUDA Graph id 8889 reused
CUDA Graph id 8889 reused
CUDA Graph id 8889 reused
CUDA Graph id 8889 reused
CUDA Graph id 8889 reused
CUDA Graph id 8889 reused
CUDA Graph id 8889 reused
CUDA Graph id 8889 reused
CUDA Graph id 8889 reused
CUDA Graph id 8889 reused
CUDA Graph id 8889 reused
CUDA Graph id 8889 reused
CUDA Graph id 8889 reused
CUDA Graph id 8889 reused
CUDA Graph id 8889 reused
CUDA Graph id 8889 reused
CUDA Graph id 8889 reused
CUDA Graph id 8889 reused
CUDA Graph id 8889 reused
CUDA Graph id 8889 reused
CUDA Graph id 8889 reused
~llama_context:      CUDA0 compute buffer size is 304.0000 MiB, matches expectation of 304.0000 MiB
~llama_context:  CUDA_Host compute buffer size is  14.7637 MiB, matches expectation of  14.7637 MiB
llama_context: constructing llama_context
llama_context: n_seq_max     = 1
llama_context: n_ctx         = 768
llama_context: n_ctx_seq     = 768
llama_context: n_batch       = 631
llama_context: n_ubatch      = 512
llama_context: causal_attn   = 1
llama_context: flash_attn    = auto
llama_context: kv_unified    = false
llama_context: freq_base     = 1000000.0
llama_context: freq_scale    = 1
llama_context: n_rs_seq      = 0
llama_context: n_outputs_max = 631
llama_context: n_ctx_seq (768) < n_ctx_train (32768) -- the full capacity of the model will not be utilized
set_abort_callback: call
llama_context:  CUDA_Host  output buffer size =     0.58 MiB
llama_kv_cache: layer   0: dev = CPU
llama_kv_cache: layer   1: dev = CPU
llama_kv_cache: layer   2: dev = CPU
llama_kv_cache: layer   3: dev = CUDA0
llama_kv_cache: layer   4: dev = CUDA0
llama_kv_cache: layer   5: dev = CUDA0
llama_kv_cache: layer   6: dev = CUDA0
llama_kv_cache: layer   7: dev = CUDA0
llama_kv_cache: layer   8: dev = CUDA0
llama_kv_cache: layer   9: dev = CUDA0
llama_kv_cache: layer  10: dev = CUDA0
llama_kv_cache: layer  11: dev = CUDA0
llama_kv_cache: layer  12: dev = CUDA0
llama_kv_cache: layer  13: dev = CUDA0
llama_kv_cache: layer  14: dev = CUDA0
llama_kv_cache: layer  15: dev = CUDA0
llama_kv_cache: layer  16: dev = CUDA0
llama_kv_cache: layer  17: dev = CUDA0
llama_kv_cache: layer  18: dev = CUDA0
llama_kv_cache: layer  19: dev = CUDA0
llama_kv_cache: layer  20: dev = CUDA0
llama_kv_cache: layer  21: dev = CUDA0
llama_kv_cache: layer  22: dev = CUDA0
llama_kv_cache: layer  23: dev = CUDA0
llama_kv_cache: layer  24: dev = CUDA0
llama_kv_cache: layer  25: dev = CUDA0
llama_kv_cache: layer  26: dev = CUDA0
llama_kv_cache: layer  27: dev = CUDA0
llama_kv_cache:        CPU KV buffer size =     4.50 MiB
llama_kv_cache:      CUDA0 KV buffer size =    37.50 MiB
llama_kv_cache: size =   42.00 MiB (   768 cells,  28 layers,  1/1 seqs), K (f16):   21.00 MiB, V (f16):   21.00 MiB
llama_kv_cache: attn_rot_k = 0, n_embd_head_k_all = 128
llama_kv_cache: attn_rot_v = 0, n_embd_head_k_all = 128
llama_context: enumerating backends
llama_context: backend_ptrs.size() = 2
sched_reserve: reserving ...
sched_reserve: max_nodes = 2712
sched_reserve: reserving full memory module
sched_reserve: worst-case: n_tokens = 512, n_seqs = 1, n_outputs = 1
graph_reserve: reserving a graph for ubatch with n_tokens =    1, n_seqs =  1, n_outputs =    1
sched_reserve: Flash Attention was auto, set to enabled
sched_reserve: resolving fused Gated Delta Net support:
graph_reserve: reserving a graph for ubatch with n_tokens =    1, n_seqs =  1, n_outputs =    1
sched_reserve: fused Gated Delta Net (autoregressive) enabled
graph_reserve: reserving a graph for ubatch with n_tokens =   16, n_seqs =  1, n_outputs =   16
sched_reserve: fused Gated Delta Net (chunked) enabled
graph_reserve: reserving a graph for ubatch with n_tokens =  512, n_seqs =  1, n_outputs =  512
graph_reserve: reserving a graph for ubatch with n_tokens =    1, n_seqs =  1, n_outputs =    1
graph_reserve: reserving a graph for ubatch with n_tokens =  512, n_seqs =  1, n_outputs =  512
sched_reserve:      CUDA0 compute buffer size =   304.00 MiB
sched_reserve:  CUDA_Host compute buffer size =    14.76 MiB
sched_reserve: graph nodes  = 958
sched_reserve: graph splits = 44 (with bs=512), 2 (with bs=1)
sched_reserve: reserve took 15.17 ms, sched copies = 1
CUDA Graph id 9039 reused
ggml_backend_cuda_graph_compute: CUDA graph warmup complete
CUDA Graph id 9039 reused
CUDA Graph id 9039 reused
CUDA Graph id 9039 reused
CUDA Graph id 9039 reused
CUDA Graph id 9039 reused
CUDA Graph id 9039 reused
CUDA Graph id 9039 reused
CUDA Graph id 9039 reused
CUDA Graph id 9039 reused
CUDA Graph id 9039 reused
CUDA Graph id 9039 reused
CUDA Graph id 9039 reused
CUDA Graph id 9039 reused
CUDA Graph id 9039 reused
CUDA Graph id 9039 reused
CUDA Graph id 9039 reused
CUDA Graph id 9039 reused
CUDA Graph id 9039 reused
CUDA Graph id 9039 reused
CUDA Graph id 9039 reused
CUDA Graph id 9039 reused
CUDA Graph id 9039 reused
CUDA Graph id 9039 reused
CUDA Graph id 9039 reused
~llama_context:      CUDA0 compute buffer size is 304.0000 MiB, matches expectation of 304.0000 MiB
~llama_context:  CUDA_Host compute buffer size is  14.7637 MiB, matches expectation of  14.7637 MiB
schema 60/75 done
llama_context: constructing llama_context
llama_context: n_seq_max     = 1
llama_context: n_ctx         = 768
llama_context: n_ctx_seq     = 768
llama_context: n_batch       = 710
llama_context: n_ubatch      = 512
llama_context: causal_attn   = 1
llama_context: flash_attn    = auto
llama_context: kv_unified    = false
llama_context: freq_base     = 1000000.0
llama_context: freq_scale    = 1
llama_context: n_rs_seq      = 0
llama_context: n_outputs_max = 710
llama_context: n_ctx_seq (768) < n_ctx_train (32768) -- the full capacity of the model will not be utilized
set_abort_callback: call
llama_context:  CUDA_Host  output buffer size =     0.58 MiB
llama_kv_cache: layer   0: dev = CPU
llama_kv_cache: layer   1: dev = CPU
llama_kv_cache: layer   2: dev = CPU
llama_kv_cache: layer   3: dev = CUDA0
llama_kv_cache: layer   4: dev = CUDA0
llama_kv_cache: layer   5: dev = CUDA0
llama_kv_cache: layer   6: dev = CUDA0
llama_kv_cache: layer   7: dev = CUDA0
llama_kv_cache: layer   8: dev = CUDA0
llama_kv_cache: layer   9: dev = CUDA0
llama_kv_cache: layer  10: dev = CUDA0
llama_kv_cache: layer  11: dev = CUDA0
llama_kv_cache: layer  12: dev = CUDA0
llama_kv_cache: layer  13: dev = CUDA0
llama_kv_cache: layer  14: dev = CUDA0
llama_kv_cache: layer  15: dev = CUDA0
llama_kv_cache: layer  16: dev = CUDA0
llama_kv_cache: layer  17: dev = CUDA0
llama_kv_cache: layer  18: dev = CUDA0
llama_kv_cache: layer  19: dev = CUDA0
llama_kv_cache: layer  20: dev = CUDA0
llama_kv_cache: layer  21: dev = CUDA0
llama_kv_cache: layer  22: dev = CUDA0
llama_kv_cache: layer  23: dev = CUDA0
llama_kv_cache: layer  24: dev = CUDA0
llama_kv_cache: layer  25: dev = CUDA0
llama_kv_cache: layer  26: dev = CUDA0
llama_kv_cache: layer  27: dev = CUDA0
llama_kv_cache:        CPU KV buffer size =     4.50 MiB
llama_kv_cache:      CUDA0 KV buffer size =    37.50 MiB
llama_kv_cache: size =   42.00 MiB (   768 cells,  28 layers,  1/1 seqs), K (f16):   21.00 MiB, V (f16):   21.00 MiB
llama_kv_cache: attn_rot_k = 0, n_embd_head_k_all = 128
llama_kv_cache: attn_rot_v = 0, n_embd_head_k_all = 128
llama_context: enumerating backends
llama_context: backend_ptrs.size() = 2
sched_reserve: reserving ...
sched_reserve: max_nodes = 2712
sched_reserve: reserving full memory module
sched_reserve: worst-case: n_tokens = 512, n_seqs = 1, n_outputs = 1
graph_reserve: reserving a graph for ubatch with n_tokens =    1, n_seqs =  1, n_outputs =    1
sched_reserve: Flash Attention was auto, set to enabled
sched_reserve: resolving fused Gated Delta Net support:
graph_reserve: reserving a graph for ubatch with n_tokens =    1, n_seqs =  1, n_outputs =    1
sched_reserve: fused Gated Delta Net (autoregressive) enabled
graph_reserve: reserving a graph for ubatch with n_tokens =   16, n_seqs =  1, n_outputs =   16
sched_reserve: fused Gated Delta Net (chunked) enabled
graph_reserve: reserving a graph for ubatch with n_tokens =  512, n_seqs =  1, n_outputs =  512
graph_reserve: reserving a graph for ubatch with n_tokens =    1, n_seqs =  1, n_outputs =    1
graph_reserve: reserving a graph for ubatch with n_tokens =  512, n_seqs =  1, n_outputs =  512
sched_reserve:      CUDA0 compute buffer size =   304.00 MiB
sched_reserve:  CUDA_Host compute buffer size =    14.76 MiB
sched_reserve: graph nodes  = 958
sched_reserve: graph splits = 44 (with bs=512), 2 (with bs=1)
sched_reserve: reserve took 17.58 ms, sched copies = 1
CUDA Graph id 9189 reused
ggml_backend_cuda_graph_compute: CUDA graph warmup complete
CUDA Graph id 9189 reused
CUDA Graph id 9189 reused
CUDA Graph id 9189 reused
CUDA Graph id 9189 reused
CUDA Graph id 9189 reused
CUDA Graph id 9189 reused
CUDA Graph id 9189 reused
CUDA Graph id 9189 reused
CUDA Graph id 9189 reused
CUDA Graph id 9189 reused
CUDA Graph id 9189 reused
CUDA Graph id 9189 reused
CUDA Graph id 9189 reused
CUDA Graph id 9189 reused
CUDA Graph id 9189 reused
CUDA Graph id 9189 reused
CUDA Graph id 9189 reused
CUDA Graph id 9189 reused
CUDA Graph id 9189 reused
CUDA Graph id 9189 reused
CUDA Graph id 9189 reused
CUDA Graph id 9189 reused
CUDA Graph id 9189 reused
CUDA Graph id 9189 reused
CUDA Graph id 9189 reused
CUDA Graph id 9189 reused
CUDA Graph id 9189 reused
~llama_context:      CUDA0 compute buffer size is 304.0000 MiB, matches expectation of 304.0000 MiB
~llama_context:  CUDA_Host compute buffer size is  14.7637 MiB, matches expectation of  14.7637 MiB
llama_context: constructing llama_context
llama_context: n_seq_max     = 1
llama_context: n_ctx         = 768
llama_context: n_ctx_seq     = 768
llama_context: n_batch       = 710
llama_context: n_ubatch      = 512
llama_context: causal_attn   = 1
llama_context: flash_attn    = auto
llama_context: kv_unified    = false
llama_context: freq_base     = 1000000.0
llama_context: freq_scale    = 1
llama_context: n_rs_seq      = 0
llama_context: n_outputs_max = 710
llama_context: n_ctx_seq (768) < n_ctx_train (32768) -- the full capacity of the model will not be utilized
set_abort_callback: call
llama_context:  CUDA_Host  output buffer size =     0.58 MiB
llama_kv_cache: layer   0: dev = CPU
llama_kv_cache: layer   1: dev = CPU
llama_kv_cache: layer   2: dev = CPU
llama_kv_cache: layer   3: dev = CUDA0
llama_kv_cache: layer   4: dev = CUDA0
llama_kv_cache: layer   5: dev = CUDA0
llama_kv_cache: layer   6: dev = CUDA0
llama_kv_cache: layer   7: dev = CUDA0
llama_kv_cache: layer   8: dev = CUDA0
llama_kv_cache: layer   9: dev = CUDA0
llama_kv_cache: layer  10: dev = CUDA0
llama_kv_cache: layer  11: dev = CUDA0
llama_kv_cache: layer  12: dev = CUDA0
llama_kv_cache: layer  13: dev = CUDA0
llama_kv_cache: layer  14: dev = CUDA0
llama_kv_cache: layer  15: dev = CUDA0
llama_kv_cache: layer  16: dev = CUDA0
llama_kv_cache: layer  17: dev = CUDA0
llama_kv_cache: layer  18: dev = CUDA0
llama_kv_cache: layer  19: dev = CUDA0
llama_kv_cache: layer  20: dev = CUDA0
llama_kv_cache: layer  21: dev = CUDA0
llama_kv_cache: layer  22: dev = CUDA0
llama_kv_cache: layer  23: dev = CUDA0
llama_kv_cache: layer  24: dev = CUDA0
llama_kv_cache: layer  25: dev = CUDA0
llama_kv_cache: layer  26: dev = CUDA0
llama_kv_cache: layer  27: dev = CUDA0
llama_kv_cache:        CPU KV buffer size =     4.50 MiB
llama_kv_cache:      CUDA0 KV buffer size =    37.50 MiB
llama_kv_cache: size =   42.00 MiB (   768 cells,  28 layers,  1/1 seqs), K (f16):   21.00 MiB, V (f16):   21.00 MiB
llama_kv_cache: attn_rot_k = 0, n_embd_head_k_all = 128
llama_kv_cache: attn_rot_v = 0, n_embd_head_k_all = 128
llama_context: enumerating backends
llama_context: backend_ptrs.size() = 2
sched_reserve: reserving ...
sched_reserve: max_nodes = 2712
sched_reserve: reserving full memory module
sched_reserve: worst-case: n_tokens = 512, n_seqs = 1, n_outputs = 1
graph_reserve: reserving a graph for ubatch with n_tokens =    1, n_seqs =  1, n_outputs =    1
sched_reserve: Flash Attention was auto, set to enabled
sched_reserve: resolving fused Gated Delta Net support:
graph_reserve: reserving a graph for ubatch with n_tokens =    1, n_seqs =  1, n_outputs =    1
sched_reserve: fused Gated Delta Net (autoregressive) enabled
graph_reserve: reserving a graph for ubatch with n_tokens =   16, n_seqs =  1, n_outputs =   16
sched_reserve: fused Gated Delta Net (chunked) enabled
graph_reserve: reserving a graph for ubatch with n_tokens =  512, n_seqs =  1, n_outputs =  512
graph_reserve: reserving a graph for ubatch with n_tokens =    1, n_seqs =  1, n_outputs =    1
graph_reserve: reserving a graph for ubatch with n_tokens =  512, n_seqs =  1, n_outputs =  512
sched_reserve:      CUDA0 compute buffer size =   304.00 MiB
sched_reserve:  CUDA_Host compute buffer size =    14.76 MiB
sched_reserve: graph nodes  = 958
sched_reserve: graph splits = 44 (with bs=512), 2 (with bs=1)
sched_reserve: reserve took 15.09 ms, sched copies = 1
CUDA Graph id 9339 reused
ggml_backend_cuda_graph_compute: CUDA graph warmup complete
CUDA Graph id 9339 reused
CUDA Graph id 9339 reused
CUDA Graph id 9339 reused
CUDA Graph id 9339 reused
CUDA Graph id 9339 reused
CUDA Graph id 9339 reused
CUDA Graph id 9339 reused
CUDA Graph id 9339 reused
CUDA Graph id 9339 reused
CUDA Graph id 9339 reused
CUDA Graph id 9339 reused
CUDA Graph id 9339 reused
CUDA Graph id 9339 reused
CUDA Graph id 9339 reused
CUDA Graph id 9339 reused
CUDA Graph id 9339 reused
CUDA Graph id 9339 reused
CUDA Graph id 9339 reused
CUDA Graph id 9339 reused
CUDA Graph id 9339 reused
CUDA Graph id 9339 reused
CUDA Graph id 9339 reused
CUDA Graph id 9339 reused
CUDA Graph id 9339 reused
CUDA Graph id 9339 reused
CUDA Graph id 9339 reused
CUDA Graph id 9339 reused
~llama_context:      CUDA0 compute buffer size is 304.0000 MiB, matches expectation of 304.0000 MiB
~llama_context:  CUDA_Host compute buffer size is  14.7637 MiB, matches expectation of  14.7637 MiB
llama_context: constructing llama_context
llama_context: n_seq_max     = 1
llama_context: n_ctx         = 768
llama_context: n_ctx_seq     = 768
llama_context: n_batch       = 710
llama_context: n_ubatch      = 512
llama_context: causal_attn   = 1
llama_context: flash_attn    = auto
llama_context: kv_unified    = false
llama_context: freq_base     = 1000000.0
llama_context: freq_scale    = 1
llama_context: n_rs_seq      = 0
llama_context: n_outputs_max = 710
llama_context: n_ctx_seq (768) < n_ctx_train (32768) -- the full capacity of the model will not be utilized
set_abort_callback: call
llama_context:  CUDA_Host  output buffer size =     0.58 MiB
llama_kv_cache: layer   0: dev = CPU
llama_kv_cache: layer   1: dev = CPU
llama_kv_cache: layer   2: dev = CPU
llama_kv_cache: layer   3: dev = CUDA0
llama_kv_cache: layer   4: dev = CUDA0
llama_kv_cache: layer   5: dev = CUDA0
llama_kv_cache: layer   6: dev = CUDA0
llama_kv_cache: layer   7: dev = CUDA0
llama_kv_cache: layer   8: dev = CUDA0
llama_kv_cache: layer   9: dev = CUDA0
llama_kv_cache: layer  10: dev = CUDA0
llama_kv_cache: layer  11: dev = CUDA0
llama_kv_cache: layer  12: dev = CUDA0
llama_kv_cache: layer  13: dev = CUDA0
llama_kv_cache: layer  14: dev = CUDA0
llama_kv_cache: layer  15: dev = CUDA0
llama_kv_cache: layer  16: dev = CUDA0
llama_kv_cache: layer  17: dev = CUDA0
llama_kv_cache: layer  18: dev = CUDA0
llama_kv_cache: layer  19: dev = CUDA0
llama_kv_cache: layer  20: dev = CUDA0
llama_kv_cache: layer  21: dev = CUDA0
llama_kv_cache: layer  22: dev = CUDA0
llama_kv_cache: layer  23: dev = CUDA0
llama_kv_cache: layer  24: dev = CUDA0
llama_kv_cache: layer  25: dev = CUDA0
llama_kv_cache: layer  26: dev = CUDA0
llama_kv_cache: layer  27: dev = CUDA0
llama_kv_cache:        CPU KV buffer size =     4.50 MiB
llama_kv_cache:      CUDA0 KV buffer size =    37.50 MiB
llama_kv_cache: size =   42.00 MiB (   768 cells,  28 layers,  1/1 seqs), K (f16):   21.00 MiB, V (f16):   21.00 MiB
llama_kv_cache: attn_rot_k = 0, n_embd_head_k_all = 128
llama_kv_cache: attn_rot_v = 0, n_embd_head_k_all = 128
llama_context: enumerating backends
llama_context: backend_ptrs.size() = 2
sched_reserve: reserving ...
sched_reserve: max_nodes = 2712
sched_reserve: reserving full memory module
sched_reserve: worst-case: n_tokens = 512, n_seqs = 1, n_outputs = 1
graph_reserve: reserving a graph for ubatch with n_tokens =    1, n_seqs =  1, n_outputs =    1
sched_reserve: Flash Attention was auto, set to enabled
sched_reserve: resolving fused Gated Delta Net support:
graph_reserve: reserving a graph for ubatch with n_tokens =    1, n_seqs =  1, n_outputs =    1
sched_reserve: fused Gated Delta Net (autoregressive) enabled
graph_reserve: reserving a graph for ubatch with n_tokens =   16, n_seqs =  1, n_outputs =   16
sched_reserve: fused Gated Delta Net (chunked) enabled
graph_reserve: reserving a graph for ubatch with n_tokens =  512, n_seqs =  1, n_outputs =  512
graph_reserve: reserving a graph for ubatch with n_tokens =    1, n_seqs =  1, n_outputs =    1
graph_reserve: reserving a graph for ubatch with n_tokens =  512, n_seqs =  1, n_outputs =  512
sched_reserve:      CUDA0 compute buffer size =   304.00 MiB
sched_reserve:  CUDA_Host compute buffer size =    14.76 MiB
sched_reserve: graph nodes  = 958
sched_reserve: graph splits = 44 (with bs=512), 2 (with bs=1)
sched_reserve: reserve took 13.91 ms, sched copies = 1
CUDA Graph id 9489 reused
ggml_backend_cuda_graph_compute: CUDA graph warmup complete
CUDA Graph id 9489 reused
CUDA Graph id 9489 reused
CUDA Graph id 9489 reused
CUDA Graph id 9489 reused
CUDA Graph id 9489 reused
CUDA Graph id 9489 reused
CUDA Graph id 9489 reused
CUDA Graph id 9489 reused
CUDA Graph id 9489 reused
CUDA Graph id 9489 reused
CUDA Graph id 9489 reused
CUDA Graph id 9489 reused
CUDA Graph id 9489 reused
CUDA Graph id 9489 reused
CUDA Graph id 9489 reused
CUDA Graph id 9489 reused
CUDA Graph id 9489 reused
CUDA Graph id 9489 reused
CUDA Graph id 9489 reused
CUDA Graph id 9489 reused
CUDA Graph id 9489 reused
CUDA Graph id 9489 reused
CUDA Graph id 9489 reused
CUDA Graph id 9489 reused
CUDA Graph id 9489 reused
~llama_context:      CUDA0 compute buffer size is 304.0000 MiB, matches expectation of 304.0000 MiB
~llama_context:  CUDA_Host compute buffer size is  14.7637 MiB, matches expectation of  14.7637 MiB
llama_context: constructing llama_context
llama_context: n_seq_max     = 1
llama_context: n_ctx         = 768
llama_context: n_ctx_seq     = 768
llama_context: n_batch       = 710
llama_context: n_ubatch      = 512
llama_context: causal_attn   = 1
llama_context: flash_attn    = auto
llama_context: kv_unified    = false
llama_context: freq_base     = 1000000.0
llama_context: freq_scale    = 1
llama_context: n_rs_seq      = 0
llama_context: n_outputs_max = 710
llama_context: n_ctx_seq (768) < n_ctx_train (32768) -- the full capacity of the model will not be utilized
set_abort_callback: call
llama_context:  CUDA_Host  output buffer size =     0.58 MiB
llama_kv_cache: layer   0: dev = CPU
llama_kv_cache: layer   1: dev = CPU
llama_kv_cache: layer   2: dev = CPU
llama_kv_cache: layer   3: dev = CUDA0
llama_kv_cache: layer   4: dev = CUDA0
llama_kv_cache: layer   5: dev = CUDA0
llama_kv_cache: layer   6: dev = CUDA0
llama_kv_cache: layer   7: dev = CUDA0
llama_kv_cache: layer   8: dev = CUDA0
llama_kv_cache: layer   9: dev = CUDA0
llama_kv_cache: layer  10: dev = CUDA0
llama_kv_cache: layer  11: dev = CUDA0
llama_kv_cache: layer  12: dev = CUDA0
llama_kv_cache: layer  13: dev = CUDA0
llama_kv_cache: layer  14: dev = CUDA0
llama_kv_cache: layer  15: dev = CUDA0
llama_kv_cache: layer  16: dev = CUDA0
llama_kv_cache: layer  17: dev = CUDA0
llama_kv_cache: layer  18: dev = CUDA0
llama_kv_cache: layer  19: dev = CUDA0
llama_kv_cache: layer  20: dev = CUDA0
llama_kv_cache: layer  21: dev = CUDA0
llama_kv_cache: layer  22: dev = CUDA0
llama_kv_cache: layer  23: dev = CUDA0
llama_kv_cache: layer  24: dev = CUDA0
llama_kv_cache: layer  25: dev = CUDA0
llama_kv_cache: layer  26: dev = CUDA0
llama_kv_cache: layer  27: dev = CUDA0
llama_kv_cache:        CPU KV buffer size =     4.50 MiB
llama_kv_cache:      CUDA0 KV buffer size =    37.50 MiB
llama_kv_cache: size =   42.00 MiB (   768 cells,  28 layers,  1/1 seqs), K (f16):   21.00 MiB, V (f16):   21.00 MiB
llama_kv_cache: attn_rot_k = 0, n_embd_head_k_all = 128
llama_kv_cache: attn_rot_v = 0, n_embd_head_k_all = 128
llama_context: enumerating backends
llama_context: backend_ptrs.size() = 2
sched_reserve: reserving ...
sched_reserve: max_nodes = 2712
sched_reserve: reserving full memory module
sched_reserve: worst-case: n_tokens = 512, n_seqs = 1, n_outputs = 1
graph_reserve: reserving a graph for ubatch with n_tokens =    1, n_seqs =  1, n_outputs =    1
sched_reserve: Flash Attention was auto, set to enabled
sched_reserve: resolving fused Gated Delta Net support:
graph_reserve: reserving a graph for ubatch with n_tokens =    1, n_seqs =  1, n_outputs =    1
sched_reserve: fused Gated Delta Net (autoregressive) enabled
graph_reserve: reserving a graph for ubatch with n_tokens =   16, n_seqs =  1, n_outputs =   16
sched_reserve: fused Gated Delta Net (chunked) enabled
graph_reserve: reserving a graph for ubatch with n_tokens =  512, n_seqs =  1, n_outputs =  512
graph_reserve: reserving a graph for ubatch with n_tokens =    1, n_seqs =  1, n_outputs =    1
graph_reserve: reserving a graph for ubatch with n_tokens =  512, n_seqs =  1, n_outputs =  512
sched_reserve:      CUDA0 compute buffer size =   304.00 MiB
sched_reserve:  CUDA_Host compute buffer size =    14.76 MiB
sched_reserve: graph nodes  = 958
sched_reserve: graph splits = 44 (with bs=512), 2 (with bs=1)
sched_reserve: reserve took 14.31 ms, sched copies = 1
CUDA Graph id 9639 reused
ggml_backend_cuda_graph_compute: CUDA graph warmup complete
CUDA Graph id 9639 reused
CUDA Graph id 9639 reused
CUDA Graph id 9639 reused
CUDA Graph id 9639 reused
CUDA Graph id 9639 reused
CUDA Graph id 9639 reused
CUDA Graph id 9639 reused
CUDA Graph id 9639 reused
CUDA Graph id 9639 reused
CUDA Graph id 9639 reused
CUDA Graph id 9639 reused
CUDA Graph id 9639 reused
CUDA Graph id 9639 reused
CUDA Graph id 9639 reused
CUDA Graph id 9639 reused
CUDA Graph id 9639 reused
CUDA Graph id 9639 reused
CUDA Graph id 9639 reused
CUDA Graph id 9639 reused
CUDA Graph id 9639 reused
CUDA Graph id 9639 reused
CUDA Graph id 9639 reused
CUDA Graph id 9639 reused
CUDA Graph id 9639 reused
CUDA Graph id 9639 reused
CUDA Graph id 9639 reused
CUDA Graph id 9639 reused
CUDA Graph id 9639 reused
CUDA Graph id 9639 reused
CUDA Graph id 9639 reused
CUDA Graph id 9639 reused
CUDA Graph id 9639 reused
~llama_context:      CUDA0 compute buffer size is 304.0000 MiB, matches expectation of 304.0000 MiB
~llama_context:  CUDA_Host compute buffer size is  14.7637 MiB, matches expectation of  14.7637 MiB
llama_context: constructing llama_context
llama_context: n_seq_max     = 1
llama_context: n_ctx         = 768
llama_context: n_ctx_seq     = 768
llama_context: n_batch       = 710
llama_context: n_ubatch      = 512
llama_context: causal_attn   = 1
llama_context: flash_attn    = auto
llama_context: kv_unified    = false
llama_context: freq_base     = 1000000.0
llama_context: freq_scale    = 1
llama_context: n_rs_seq      = 0
llama_context: n_outputs_max = 710
llama_context: n_ctx_seq (768) < n_ctx_train (32768) -- the full capacity of the model will not be utilized
set_abort_callback: call
llama_context:  CUDA_Host  output buffer size =     0.58 MiB
llama_kv_cache: layer   0: dev = CPU
llama_kv_cache: layer   1: dev = CPU
llama_kv_cache: layer   2: dev = CPU
llama_kv_cache: layer   3: dev = CUDA0
llama_kv_cache: layer   4: dev = CUDA0
llama_kv_cache: layer   5: dev = CUDA0
llama_kv_cache: layer   6: dev = CUDA0
llama_kv_cache: layer   7: dev = CUDA0
llama_kv_cache: layer   8: dev = CUDA0
llama_kv_cache: layer   9: dev = CUDA0
llama_kv_cache: layer  10: dev = CUDA0
llama_kv_cache: layer  11: dev = CUDA0
llama_kv_cache: layer  12: dev = CUDA0
llama_kv_cache: layer  13: dev = CUDA0
llama_kv_cache: layer  14: dev = CUDA0
llama_kv_cache: layer  15: dev = CUDA0
llama_kv_cache: layer  16: dev = CUDA0
llama_kv_cache: layer  17: dev = CUDA0
llama_kv_cache: layer  18: dev = CUDA0
llama_kv_cache: layer  19: dev = CUDA0
llama_kv_cache: layer  20: dev = CUDA0
llama_kv_cache: layer  21: dev = CUDA0
llama_kv_cache: layer  22: dev = CUDA0
llama_kv_cache: layer  23: dev = CUDA0
llama_kv_cache: layer  24: dev = CUDA0
llama_kv_cache: layer  25: dev = CUDA0
llama_kv_cache: layer  26: dev = CUDA0
llama_kv_cache: layer  27: dev = CUDA0
llama_kv_cache:        CPU KV buffer size =     4.50 MiB
llama_kv_cache:      CUDA0 KV buffer size =    37.50 MiB
llama_kv_cache: size =   42.00 MiB (   768 cells,  28 layers,  1/1 seqs), K (f16):   21.00 MiB, V (f16):   21.00 MiB
llama_kv_cache: attn_rot_k = 0, n_embd_head_k_all = 128
llama_kv_cache: attn_rot_v = 0, n_embd_head_k_all = 128
llama_context: enumerating backends
llama_context: backend_ptrs.size() = 2
sched_reserve: reserving ...
sched_reserve: max_nodes = 2712
sched_reserve: reserving full memory module
sched_reserve: worst-case: n_tokens = 512, n_seqs = 1, n_outputs = 1
graph_reserve: reserving a graph for ubatch with n_tokens =    1, n_seqs =  1, n_outputs =    1
sched_reserve: Flash Attention was auto, set to enabled
sched_reserve: resolving fused Gated Delta Net support:
graph_reserve: reserving a graph for ubatch with n_tokens =    1, n_seqs =  1, n_outputs =    1
sched_reserve: fused Gated Delta Net (autoregressive) enabled
graph_reserve: reserving a graph for ubatch with n_tokens =   16, n_seqs =  1, n_outputs =   16
sched_reserve: fused Gated Delta Net (chunked) enabled
graph_reserve: reserving a graph for ubatch with n_tokens =  512, n_seqs =  1, n_outputs =  512
graph_reserve: reserving a graph for ubatch with n_tokens =    1, n_seqs =  1, n_outputs =    1
graph_reserve: reserving a graph for ubatch with n_tokens =  512, n_seqs =  1, n_outputs =  512
sched_reserve:      CUDA0 compute buffer size =   304.00 MiB
sched_reserve:  CUDA_Host compute buffer size =    14.76 MiB
sched_reserve: graph nodes  = 958
sched_reserve: graph splits = 44 (with bs=512), 2 (with bs=1)
sched_reserve: reserve took 17.94 ms, sched copies = 1
CUDA Graph id 9789 reused
ggml_backend_cuda_graph_compute: CUDA graph warmup complete
CUDA Graph id 9789 reused
CUDA Graph id 9789 reused
CUDA Graph id 9789 reused
CUDA Graph id 9789 reused
CUDA Graph id 9789 reused
CUDA Graph id 9789 reused
CUDA Graph id 9789 reused
CUDA Graph id 9789 reused
CUDA Graph id 9789 reused
CUDA Graph id 9789 reused
~llama_context:      CUDA0 compute buffer size is 304.0000 MiB, matches expectation of 304.0000 MiB
~llama_context:  CUDA_Host compute buffer size is  14.7637 MiB, matches expectation of  14.7637 MiB
llama_context: constructing llama_context
llama_context: n_seq_max     = 1
llama_context: n_ctx         = 768
llama_context: n_ctx_seq     = 768
llama_context: n_batch       = 710
llama_context: n_ubatch      = 512
llama_context: causal_attn   = 1
llama_context: flash_attn    = auto
llama_context: kv_unified    = false
llama_context: freq_base     = 1000000.0
llama_context: freq_scale    = 1
llama_context: n_rs_seq      = 0
llama_context: n_outputs_max = 710
llama_context: n_ctx_seq (768) < n_ctx_train (32768) -- the full capacity of the model will not be utilized
set_abort_callback: call
llama_context:  CUDA_Host  output buffer size =     0.58 MiB
llama_kv_cache: layer   0: dev = CPU
llama_kv_cache: layer   1: dev = CPU
llama_kv_cache: layer   2: dev = CPU
llama_kv_cache: layer   3: dev = CUDA0
llama_kv_cache: layer   4: dev = CUDA0
llama_kv_cache: layer   5: dev = CUDA0
llama_kv_cache: layer   6: dev = CUDA0
llama_kv_cache: layer   7: dev = CUDA0
llama_kv_cache: layer   8: dev = CUDA0
llama_kv_cache: layer   9: dev = CUDA0
llama_kv_cache: layer  10: dev = CUDA0
llama_kv_cache: layer  11: dev = CUDA0
llama_kv_cache: layer  12: dev = CUDA0
llama_kv_cache: layer  13: dev = CUDA0
llama_kv_cache: layer  14: dev = CUDA0
llama_kv_cache: layer  15: dev = CUDA0
llama_kv_cache: layer  16: dev = CUDA0
llama_kv_cache: layer  17: dev = CUDA0
llama_kv_cache: layer  18: dev = CUDA0
llama_kv_cache: layer  19: dev = CUDA0
llama_kv_cache: layer  20: dev = CUDA0
llama_kv_cache: layer  21: dev = CUDA0
llama_kv_cache: layer  22: dev = CUDA0
llama_kv_cache: layer  23: dev = CUDA0
llama_kv_cache: layer  24: dev = CUDA0
llama_kv_cache: layer  25: dev = CUDA0
llama_kv_cache: layer  26: dev = CUDA0
llama_kv_cache: layer  27: dev = CUDA0
llama_kv_cache:        CPU KV buffer size =     4.50 MiB
llama_kv_cache:      CUDA0 KV buffer size =    37.50 MiB
llama_kv_cache: size =   42.00 MiB (   768 cells,  28 layers,  1/1 seqs), K (f16):   21.00 MiB, V (f16):   21.00 MiB
llama_kv_cache: attn_rot_k = 0, n_embd_head_k_all = 128
llama_kv_cache: attn_rot_v = 0, n_embd_head_k_all = 128
llama_context: enumerating backends
llama_context: backend_ptrs.size() = 2
sched_reserve: reserving ...
sched_reserve: max_nodes = 2712
sched_reserve: reserving full memory module
sched_reserve: worst-case: n_tokens = 512, n_seqs = 1, n_outputs = 1
graph_reserve: reserving a graph for ubatch with n_tokens =    1, n_seqs =  1, n_outputs =    1
sched_reserve: Flash Attention was auto, set to enabled
sched_reserve: resolving fused Gated Delta Net support:
graph_reserve: reserving a graph for ubatch with n_tokens =    1, n_seqs =  1, n_outputs =    1
sched_reserve: fused Gated Delta Net (autoregressive) enabled
graph_reserve: reserving a graph for ubatch with n_tokens =   16, n_seqs =  1, n_outputs =   16
sched_reserve: fused Gated Delta Net (chunked) enabled
graph_reserve: reserving a graph for ubatch with n_tokens =  512, n_seqs =  1, n_outputs =  512
graph_reserve: reserving a graph for ubatch with n_tokens =    1, n_seqs =  1, n_outputs =    1
graph_reserve: reserving a graph for ubatch with n_tokens =  512, n_seqs =  1, n_outputs =  512
sched_reserve:      CUDA0 compute buffer size =   304.00 MiB
sched_reserve:  CUDA_Host compute buffer size =    14.76 MiB
sched_reserve: graph nodes  = 958
sched_reserve: graph splits = 44 (with bs=512), 2 (with bs=1)
sched_reserve: reserve took 15.12 ms, sched copies = 1
CUDA Graph id 9939 reused
ggml_backend_cuda_graph_compute: CUDA graph warmup complete
CUDA Graph id 9939 reused
CUDA Graph id 9939 reused
CUDA Graph id 9939 reused
CUDA Graph id 9939 reused
CUDA Graph id 9939 reused
CUDA Graph id 9939 reused
CUDA Graph id 9939 reused
CUDA Graph id 9939 reused
CUDA Graph id 9939 reused
~llama_context:      CUDA0 compute buffer size is 304.0000 MiB, matches expectation of 304.0000 MiB
~llama_context:  CUDA_Host compute buffer size is  14.7637 MiB, matches expectation of  14.7637 MiB
schema 61/75 done
llama_context: constructing llama_context
llama_context: n_seq_max     = 1
llama_context: n_ctx         = 768
llama_context: n_ctx_seq     = 768
llama_context: n_batch       = 649
llama_context: n_ubatch      = 512
llama_context: causal_attn   = 1
llama_context: flash_attn    = auto
llama_context: kv_unified    = false
llama_context: freq_base     = 1000000.0
llama_context: freq_scale    = 1
llama_context: n_rs_seq      = 0
llama_context: n_outputs_max = 649
llama_context: n_ctx_seq (768) < n_ctx_train (32768) -- the full capacity of the model will not be utilized
set_abort_callback: call
llama_context:  CUDA_Host  output buffer size =     0.58 MiB
llama_kv_cache: layer   0: dev = CPU
llama_kv_cache: layer   1: dev = CPU
llama_kv_cache: layer   2: dev = CPU
llama_kv_cache: layer   3: dev = CUDA0
llama_kv_cache: layer   4: dev = CUDA0
llama_kv_cache: layer   5: dev = CUDA0
llama_kv_cache: layer   6: dev = CUDA0
llama_kv_cache: layer   7: dev = CUDA0
llama_kv_cache: layer   8: dev = CUDA0
llama_kv_cache: layer   9: dev = CUDA0
llama_kv_cache: layer  10: dev = CUDA0
llama_kv_cache: layer  11: dev = CUDA0
llama_kv_cache: layer  12: dev = CUDA0
llama_kv_cache: layer  13: dev = CUDA0
llama_kv_cache: layer  14: dev = CUDA0
llama_kv_cache: layer  15: dev = CUDA0
llama_kv_cache: layer  16: dev = CUDA0
llama_kv_cache: layer  17: dev = CUDA0
llama_kv_cache: layer  18: dev = CUDA0
llama_kv_cache: layer  19: dev = CUDA0
llama_kv_cache: layer  20: dev = CUDA0
llama_kv_cache: layer  21: dev = CUDA0
llama_kv_cache: layer  22: dev = CUDA0
llama_kv_cache: layer  23: dev = CUDA0
llama_kv_cache: layer  24: dev = CUDA0
llama_kv_cache: layer  25: dev = CUDA0
llama_kv_cache: layer  26: dev = CUDA0
llama_kv_cache: layer  27: dev = CUDA0
llama_kv_cache:        CPU KV buffer size =     4.50 MiB
llama_kv_cache:      CUDA0 KV buffer size =    37.50 MiB
llama_kv_cache: size =   42.00 MiB (   768 cells,  28 layers,  1/1 seqs), K (f16):   21.00 MiB, V (f16):   21.00 MiB
llama_kv_cache: attn_rot_k = 0, n_embd_head_k_all = 128
llama_kv_cache: attn_rot_v = 0, n_embd_head_k_all = 128
llama_context: enumerating backends
llama_context: backend_ptrs.size() = 2
sched_reserve: reserving ...
sched_reserve: max_nodes = 2712
sched_reserve: reserving full memory module
sched_reserve: worst-case: n_tokens = 512, n_seqs = 1, n_outputs = 1
graph_reserve: reserving a graph for ubatch with n_tokens =    1, n_seqs =  1, n_outputs =    1
sched_reserve: Flash Attention was auto, set to enabled
sched_reserve: resolving fused Gated Delta Net support:
graph_reserve: reserving a graph for ubatch with n_tokens =    1, n_seqs =  1, n_outputs =    1
sched_reserve: fused Gated Delta Net (autoregressive) enabled
graph_reserve: reserving a graph for ubatch with n_tokens =   16, n_seqs =  1, n_outputs =   16
sched_reserve: fused Gated Delta Net (chunked) enabled
graph_reserve: reserving a graph for ubatch with n_tokens =  512, n_seqs =  1, n_outputs =  512
graph_reserve: reserving a graph for ubatch with n_tokens =    1, n_seqs =  1, n_outputs =    1
graph_reserve: reserving a graph for ubatch with n_tokens =  512, n_seqs =  1, n_outputs =  512
sched_reserve:      CUDA0 compute buffer size =   304.00 MiB
sched_reserve:  CUDA_Host compute buffer size =    14.76 MiB
sched_reserve: graph nodes  = 958
sched_reserve: graph splits = 44 (with bs=512), 2 (with bs=1)
sched_reserve: reserve took 14.42 ms, sched copies = 1
CUDA Graph id 10089 reused
ggml_backend_cuda_graph_compute: CUDA graph warmup complete
CUDA Graph id 10089 reused
CUDA Graph id 10089 reused
CUDA Graph id 10089 reused
CUDA Graph id 10089 reused
CUDA Graph id 10089 reused
CUDA Graph id 10089 reused
CUDA Graph id 10089 reused
CUDA Graph id 10089 reused
CUDA Graph id 10089 reused
~llama_context:      CUDA0 compute buffer size is 304.0000 MiB, matches expectation of 304.0000 MiB
~llama_context:  CUDA_Host compute buffer size is  14.7637 MiB, matches expectation of  14.7637 MiB
llama_context: constructing llama_context
llama_context: n_seq_max     = 1
llama_context: n_ctx         = 768
llama_context: n_ctx_seq     = 768
llama_context: n_batch       = 649
llama_context: n_ubatch      = 512
llama_context: causal_attn   = 1
llama_context: flash_attn    = auto
llama_context: kv_unified    = false
llama_context: freq_base     = 1000000.0
llama_context: freq_scale    = 1
llama_context: n_rs_seq      = 0
llama_context: n_outputs_max = 649
llama_context: n_ctx_seq (768) < n_ctx_train (32768) -- the full capacity of the model will not be utilized
set_abort_callback: call
llama_context:  CUDA_Host  output buffer size =     0.58 MiB
llama_kv_cache: layer   0: dev = CPU
llama_kv_cache: layer   1: dev = CPU
llama_kv_cache: layer   2: dev = CPU
llama_kv_cache: layer   3: dev = CUDA0
llama_kv_cache: layer   4: dev = CUDA0
llama_kv_cache: layer   5: dev = CUDA0
llama_kv_cache: layer   6: dev = CUDA0
llama_kv_cache: layer   7: dev = CUDA0
llama_kv_cache: layer   8: dev = CUDA0
llama_kv_cache: layer   9: dev = CUDA0
llama_kv_cache: layer  10: dev = CUDA0
llama_kv_cache: layer  11: dev = CUDA0
llama_kv_cache: layer  12: dev = CUDA0
llama_kv_cache: layer  13: dev = CUDA0
llama_kv_cache: layer  14: dev = CUDA0
llama_kv_cache: layer  15: dev = CUDA0
llama_kv_cache: layer  16: dev = CUDA0
llama_kv_cache: layer  17: dev = CUDA0
llama_kv_cache: layer  18: dev = CUDA0
llama_kv_cache: layer  19: dev = CUDA0
llama_kv_cache: layer  20: dev = CUDA0
llama_kv_cache: layer  21: dev = CUDA0
llama_kv_cache: layer  22: dev = CUDA0
llama_kv_cache: layer  23: dev = CUDA0
llama_kv_cache: layer  24: dev = CUDA0
llama_kv_cache: layer  25: dev = CUDA0
llama_kv_cache: layer  26: dev = CUDA0
llama_kv_cache: layer  27: dev = CUDA0
llama_kv_cache:        CPU KV buffer size =     4.50 MiB
llama_kv_cache:      CUDA0 KV buffer size =    37.50 MiB
llama_kv_cache: size =   42.00 MiB (   768 cells,  28 layers,  1/1 seqs), K (f16):   21.00 MiB, V (f16):   21.00 MiB
llama_kv_cache: attn_rot_k = 0, n_embd_head_k_all = 128
llama_kv_cache: attn_rot_v = 0, n_embd_head_k_all = 128
llama_context: enumerating backends
llama_context: backend_ptrs.size() = 2
sched_reserve: reserving ...
sched_reserve: max_nodes = 2712
sched_reserve: reserving full memory module
sched_reserve: worst-case: n_tokens = 512, n_seqs = 1, n_outputs = 1
graph_reserve: reserving a graph for ubatch with n_tokens =    1, n_seqs =  1, n_outputs =    1
sched_reserve: Flash Attention was auto, set to enabled
sched_reserve: resolving fused Gated Delta Net support:
graph_reserve: reserving a graph for ubatch with n_tokens =    1, n_seqs =  1, n_outputs =    1
sched_reserve: fused Gated Delta Net (autoregressive) enabled
graph_reserve: reserving a graph for ubatch with n_tokens =   16, n_seqs =  1, n_outputs =   16
sched_reserve: fused Gated Delta Net (chunked) enabled
graph_reserve: reserving a graph for ubatch with n_tokens =  512, n_seqs =  1, n_outputs =  512
graph_reserve: reserving a graph for ubatch with n_tokens =    1, n_seqs =  1, n_outputs =    1
graph_reserve: reserving a graph for ubatch with n_tokens =  512, n_seqs =  1, n_outputs =  512
sched_reserve:      CUDA0 compute buffer size =   304.00 MiB
sched_reserve:  CUDA_Host compute buffer size =    14.76 MiB
sched_reserve: graph nodes  = 958
sched_reserve: graph splits = 44 (with bs=512), 2 (with bs=1)
sched_reserve: reserve took 14.73 ms, sched copies = 1
CUDA Graph id 10239 reused
ggml_backend_cuda_graph_compute: CUDA graph warmup complete
CUDA Graph id 10239 reused
CUDA Graph id 10239 reused
CUDA Graph id 10239 reused
CUDA Graph id 10239 reused
CUDA Graph id 10239 reused
CUDA Graph id 10239 reused
CUDA Graph id 10239 reused
CUDA Graph id 10239 reused
CUDA Graph id 10239 reused
~llama_context:      CUDA0 compute buffer size is 304.0000 MiB, matches expectation of 304.0000 MiB
~llama_context:  CUDA_Host compute buffer size is  14.7637 MiB, matches expectation of  14.7637 MiB
llama_context: constructing llama_context
llama_context: n_seq_max     = 1
llama_context: n_ctx         = 768
llama_context: n_ctx_seq     = 768
llama_context: n_batch       = 649
llama_context: n_ubatch      = 512
llama_context: causal_attn   = 1
llama_context: flash_attn    = auto
llama_context: kv_unified    = false
llama_context: freq_base     = 1000000.0
llama_context: freq_scale    = 1
llama_context: n_rs_seq      = 0
llama_context: n_outputs_max = 649
llama_context: n_ctx_seq (768) < n_ctx_train (32768) -- the full capacity of the model will not be utilized
set_abort_callback: call
llama_context:  CUDA_Host  output buffer size =     0.58 MiB
llama_kv_cache: layer   0: dev = CPU
llama_kv_cache: layer   1: dev = CPU
llama_kv_cache: layer   2: dev = CPU
llama_kv_cache: layer   3: dev = CUDA0
llama_kv_cache: layer   4: dev = CUDA0
llama_kv_cache: layer   5: dev = CUDA0
llama_kv_cache: layer   6: dev = CUDA0
llama_kv_cache: layer   7: dev = CUDA0
llama_kv_cache: layer   8: dev = CUDA0
llama_kv_cache: layer   9: dev = CUDA0
llama_kv_cache: layer  10: dev = CUDA0
llama_kv_cache: layer  11: dev = CUDA0
llama_kv_cache: layer  12: dev = CUDA0
llama_kv_cache: layer  13: dev = CUDA0
llama_kv_cache: layer  14: dev = CUDA0
llama_kv_cache: layer  15: dev = CUDA0
llama_kv_cache: layer  16: dev = CUDA0
llama_kv_cache: layer  17: dev = CUDA0
llama_kv_cache: layer  18: dev = CUDA0
llama_kv_cache: layer  19: dev = CUDA0
llama_kv_cache: layer  20: dev = CUDA0
llama_kv_cache: layer  21: dev = CUDA0
llama_kv_cache: layer  22: dev = CUDA0
llama_kv_cache: layer  23: dev = CUDA0
llama_kv_cache: layer  24: dev = CUDA0
llama_kv_cache: layer  25: dev = CUDA0
llama_kv_cache: layer  26: dev = CUDA0
llama_kv_cache: layer  27: dev = CUDA0
llama_kv_cache:        CPU KV buffer size =     4.50 MiB
llama_kv_cache:      CUDA0 KV buffer size =    37.50 MiB
llama_kv_cache: size =   42.00 MiB (   768 cells,  28 layers,  1/1 seqs), K (f16):   21.00 MiB, V (f16):   21.00 MiB
llama_kv_cache: attn_rot_k = 0, n_embd_head_k_all = 128
llama_kv_cache: attn_rot_v = 0, n_embd_head_k_all = 128
llama_context: enumerating backends
llama_context: backend_ptrs.size() = 2
sched_reserve: reserving ...
sched_reserve: max_nodes = 2712
sched_reserve: reserving full memory module
sched_reserve: worst-case: n_tokens = 512, n_seqs = 1, n_outputs = 1
graph_reserve: reserving a graph for ubatch with n_tokens =    1, n_seqs =  1, n_outputs =    1
sched_reserve: Flash Attention was auto, set to enabled
sched_reserve: resolving fused Gated Delta Net support:
graph_reserve: reserving a graph for ubatch with n_tokens =    1, n_seqs =  1, n_outputs =    1
sched_reserve: fused Gated Delta Net (autoregressive) enabled
graph_reserve: reserving a graph for ubatch with n_tokens =   16, n_seqs =  1, n_outputs =   16
sched_reserve: fused Gated Delta Net (chunked) enabled
graph_reserve: reserving a graph for ubatch with n_tokens =  512, n_seqs =  1, n_outputs =  512
graph_reserve: reserving a graph for ubatch with n_tokens =    1, n_seqs =  1, n_outputs =    1
graph_reserve: reserving a graph for ubatch with n_tokens =  512, n_seqs =  1, n_outputs =  512
sched_reserve:      CUDA0 compute buffer size =   304.00 MiB
sched_reserve:  CUDA_Host compute buffer size =    14.76 MiB
sched_reserve: graph nodes  = 958
sched_reserve: graph splits = 44 (with bs=512), 2 (with bs=1)
sched_reserve: reserve took 16.09 ms, sched copies = 1
CUDA Graph id 10389 reused
ggml_backend_cuda_graph_compute: CUDA graph warmup complete
CUDA Graph id 10389 reused
CUDA Graph id 10389 reused
CUDA Graph id 10389 reused
CUDA Graph id 10389 reused
CUDA Graph id 10389 reused
CUDA Graph id 10389 reused
CUDA Graph id 10389 reused
CUDA Graph id 10389 reused
~llama_context:      CUDA0 compute buffer size is 304.0000 MiB, matches expectation of 304.0000 MiB
~llama_context:  CUDA_Host compute buffer size is  14.7637 MiB, matches expectation of  14.7637 MiB
llama_context: constructing llama_context
llama_context: n_seq_max     = 1
llama_context: n_ctx         = 768
llama_context: n_ctx_seq     = 768
llama_context: n_batch       = 649
llama_context: n_ubatch      = 512
llama_context: causal_attn   = 1
llama_context: flash_attn    = auto
llama_context: kv_unified    = false
llama_context: freq_base     = 1000000.0
llama_context: freq_scale    = 1
llama_context: n_rs_seq      = 0
llama_context: n_outputs_max = 649
llama_context: n_ctx_seq (768) < n_ctx_train (32768) -- the full capacity of the model will not be utilized
set_abort_callback: call
llama_context:  CUDA_Host  output buffer size =     0.58 MiB
llama_kv_cache: layer   0: dev = CPU
llama_kv_cache: layer   1: dev = CPU
llama_kv_cache: layer   2: dev = CPU
llama_kv_cache: layer   3: dev = CUDA0
llama_kv_cache: layer   4: dev = CUDA0
llama_kv_cache: layer   5: dev = CUDA0
llama_kv_cache: layer   6: dev = CUDA0
llama_kv_cache: layer   7: dev = CUDA0
llama_kv_cache: layer   8: dev = CUDA0
llama_kv_cache: layer   9: dev = CUDA0
llama_kv_cache: layer  10: dev = CUDA0
llama_kv_cache: layer  11: dev = CUDA0
llama_kv_cache: layer  12: dev = CUDA0
llama_kv_cache: layer  13: dev = CUDA0
llama_kv_cache: layer  14: dev = CUDA0
llama_kv_cache: layer  15: dev = CUDA0
llama_kv_cache: layer  16: dev = CUDA0
llama_kv_cache: layer  17: dev = CUDA0
llama_kv_cache: layer  18: dev = CUDA0
llama_kv_cache: layer  19: dev = CUDA0
llama_kv_cache: layer  20: dev = CUDA0
llama_kv_cache: layer  21: dev = CUDA0
llama_kv_cache: layer  22: dev = CUDA0
llama_kv_cache: layer  23: dev = CUDA0
llama_kv_cache: layer  24: dev = CUDA0
llama_kv_cache: layer  25: dev = CUDA0
llama_kv_cache: layer  26: dev = CUDA0
llama_kv_cache: layer  27: dev = CUDA0
llama_kv_cache:        CPU KV buffer size =     4.50 MiB
llama_kv_cache:      CUDA0 KV buffer size =    37.50 MiB
llama_kv_cache: size =   42.00 MiB (   768 cells,  28 layers,  1/1 seqs), K (f16):   21.00 MiB, V (f16):   21.00 MiB
llama_kv_cache: attn_rot_k = 0, n_embd_head_k_all = 128
llama_kv_cache: attn_rot_v = 0, n_embd_head_k_all = 128
llama_context: enumerating backends
llama_context: backend_ptrs.size() = 2
sched_reserve: reserving ...
sched_reserve: max_nodes = 2712
sched_reserve: reserving full memory module
sched_reserve: worst-case: n_tokens = 512, n_seqs = 1, n_outputs = 1
graph_reserve: reserving a graph for ubatch with n_tokens =    1, n_seqs =  1, n_outputs =    1
sched_reserve: Flash Attention was auto, set to enabled
sched_reserve: resolving fused Gated Delta Net support:
graph_reserve: reserving a graph for ubatch with n_tokens =    1, n_seqs =  1, n_outputs =    1
sched_reserve: fused Gated Delta Net (autoregressive) enabled
graph_reserve: reserving a graph for ubatch with n_tokens =   16, n_seqs =  1, n_outputs =   16
sched_reserve: fused Gated Delta Net (chunked) enabled
graph_reserve: reserving a graph for ubatch with n_tokens =  512, n_seqs =  1, n_outputs =  512
graph_reserve: reserving a graph for ubatch with n_tokens =    1, n_seqs =  1, n_outputs =    1
graph_reserve: reserving a graph for ubatch with n_tokens =  512, n_seqs =  1, n_outputs =  512
sched_reserve:      CUDA0 compute buffer size =   304.00 MiB
sched_reserve:  CUDA_Host compute buffer size =    14.76 MiB
sched_reserve: graph nodes  = 958
sched_reserve: graph splits = 44 (with bs=512), 2 (with bs=1)
sched_reserve: reserve took 10.70 ms, sched copies = 1
CUDA Graph id 10539 reused
ggml_backend_cuda_graph_compute: CUDA graph warmup complete
CUDA Graph id 10539 reused
CUDA Graph id 10539 reused
CUDA Graph id 10539 reused
CUDA Graph id 10539 reused
CUDA Graph id 10539 reused
CUDA Graph id 10539 reused
CUDA Graph id 10539 reused
CUDA Graph id 10539 reused
CUDA Graph id 10539 reused
~llama_context:      CUDA0 compute buffer size is 304.0000 MiB, matches expectation of 304.0000 MiB
~llama_context:  CUDA_Host compute buffer size is  14.7637 MiB, matches expectation of  14.7637 MiB
llama_context: constructing llama_context
llama_context: n_seq_max     = 1
llama_context: n_ctx         = 768
llama_context: n_ctx_seq     = 768
llama_context: n_batch       = 649
llama_context: n_ubatch      = 512
llama_context: causal_attn   = 1
llama_context: flash_attn    = auto
llama_context: kv_unified    = false
llama_context: freq_base     = 1000000.0
llama_context: freq_scale    = 1
llama_context: n_rs_seq      = 0
llama_context: n_outputs_max = 649
llama_context: n_ctx_seq (768) < n_ctx_train (32768) -- the full capacity of the model will not be utilized
set_abort_callback: call
llama_context:  CUDA_Host  output buffer size =     0.58 MiB
llama_kv_cache: layer   0: dev = CPU
llama_kv_cache: layer   1: dev = CPU
llama_kv_cache: layer   2: dev = CPU
llama_kv_cache: layer   3: dev = CUDA0
llama_kv_cache: layer   4: dev = CUDA0
llama_kv_cache: layer   5: dev = CUDA0
llama_kv_cache: layer   6: dev = CUDA0
llama_kv_cache: layer   7: dev = CUDA0
llama_kv_cache: layer   8: dev = CUDA0
llama_kv_cache: layer   9: dev = CUDA0
llama_kv_cache: layer  10: dev = CUDA0
llama_kv_cache: layer  11: dev = CUDA0
llama_kv_cache: layer  12: dev = CUDA0
llama_kv_cache: layer  13: dev = CUDA0
llama_kv_cache: layer  14: dev = CUDA0
llama_kv_cache: layer  15: dev = CUDA0
llama_kv_cache: layer  16: dev = CUDA0
llama_kv_cache: layer  17: dev = CUDA0
llama_kv_cache: layer  18: dev = CUDA0
llama_kv_cache: layer  19: dev = CUDA0
llama_kv_cache: layer  20: dev = CUDA0
llama_kv_cache: layer  21: dev = CUDA0
llama_kv_cache: layer  22: dev = CUDA0
llama_kv_cache: layer  23: dev = CUDA0
llama_kv_cache: layer  24: dev = CUDA0
llama_kv_cache: layer  25: dev = CUDA0
llama_kv_cache: layer  26: dev = CUDA0
llama_kv_cache: layer  27: dev = CUDA0
llama_kv_cache:        CPU KV buffer size =     4.50 MiB
llama_kv_cache:      CUDA0 KV buffer size =    37.50 MiB
llama_kv_cache: size =   42.00 MiB (   768 cells,  28 layers,  1/1 seqs), K (f16):   21.00 MiB, V (f16):   21.00 MiB
llama_kv_cache: attn_rot_k = 0, n_embd_head_k_all = 128
llama_kv_cache: attn_rot_v = 0, n_embd_head_k_all = 128
llama_context: enumerating backends
llama_context: backend_ptrs.size() = 2
sched_reserve: reserving ...
sched_reserve: max_nodes = 2712
sched_reserve: reserving full memory module
sched_reserve: worst-case: n_tokens = 512, n_seqs = 1, n_outputs = 1
graph_reserve: reserving a graph for ubatch with n_tokens =    1, n_seqs =  1, n_outputs =    1
sched_reserve: Flash Attention was auto, set to enabled
sched_reserve: resolving fused Gated Delta Net support:
graph_reserve: reserving a graph for ubatch with n_tokens =    1, n_seqs =  1, n_outputs =    1
sched_reserve: fused Gated Delta Net (autoregressive) enabled
graph_reserve: reserving a graph for ubatch with n_tokens =   16, n_seqs =  1, n_outputs =   16
sched_reserve: fused Gated Delta Net (chunked) enabled
graph_reserve: reserving a graph for ubatch with n_tokens =  512, n_seqs =  1, n_outputs =  512
graph_reserve: reserving a graph for ubatch with n_tokens =    1, n_seqs =  1, n_outputs =    1
graph_reserve: reserving a graph for ubatch with n_tokens =  512, n_seqs =  1, n_outputs =  512
sched_reserve:      CUDA0 compute buffer size =   304.00 MiB
sched_reserve:  CUDA_Host compute buffer size =    14.76 MiB
sched_reserve: graph nodes  = 958
sched_reserve: graph splits = 44 (with bs=512), 2 (with bs=1)
sched_reserve: reserve took 13.80 ms, sched copies = 1
CUDA Graph id 10689 reused
ggml_backend_cuda_graph_compute: CUDA graph warmup complete
CUDA Graph id 10689 reused
CUDA Graph id 10689 reused
CUDA Graph id 10689 reused
CUDA Graph id 10689 reused
CUDA Graph id 10689 reused
CUDA Graph id 10689 reused
CUDA Graph id 10689 reused
CUDA Graph id 10689 reused
CUDA Graph id 10689 reused
~llama_context:      CUDA0 compute buffer size is 304.0000 MiB, matches expectation of 304.0000 MiB
~llama_context:  CUDA_Host compute buffer size is  14.7637 MiB, matches expectation of  14.7637 MiB
llama_context: constructing llama_context
llama_context: n_seq_max     = 1
llama_context: n_ctx         = 768
llama_context: n_ctx_seq     = 768
llama_context: n_batch       = 649
llama_context: n_ubatch      = 512
llama_context: causal_attn   = 1
llama_context: flash_attn    = auto
llama_context: kv_unified    = false
llama_context: freq_base     = 1000000.0
llama_context: freq_scale    = 1
llama_context: n_rs_seq      = 0
llama_context: n_outputs_max = 649
llama_context: n_ctx_seq (768) < n_ctx_train (32768) -- the full capacity of the model will not be utilized
set_abort_callback: call
llama_context:  CUDA_Host  output buffer size =     0.58 MiB
llama_kv_cache: layer   0: dev = CPU
llama_kv_cache: layer   1: dev = CPU
llama_kv_cache: layer   2: dev = CPU
llama_kv_cache: layer   3: dev = CUDA0
llama_kv_cache: layer   4: dev = CUDA0
llama_kv_cache: layer   5: dev = CUDA0
llama_kv_cache: layer   6: dev = CUDA0
llama_kv_cache: layer   7: dev = CUDA0
llama_kv_cache: layer   8: dev = CUDA0
llama_kv_cache: layer   9: dev = CUDA0
llama_kv_cache: layer  10: dev = CUDA0
llama_kv_cache: layer  11: dev = CUDA0
llama_kv_cache: layer  12: dev = CUDA0
llama_kv_cache: layer  13: dev = CUDA0
llama_kv_cache: layer  14: dev = CUDA0
llama_kv_cache: layer  15: dev = CUDA0
llama_kv_cache: layer  16: dev = CUDA0
llama_kv_cache: layer  17: dev = CUDA0
llama_kv_cache: layer  18: dev = CUDA0
llama_kv_cache: layer  19: dev = CUDA0
llama_kv_cache: layer  20: dev = CUDA0
llama_kv_cache: layer  21: dev = CUDA0
llama_kv_cache: layer  22: dev = CUDA0
llama_kv_cache: layer  23: dev = CUDA0
llama_kv_cache: layer  24: dev = CUDA0
llama_kv_cache: layer  25: dev = CUDA0
llama_kv_cache: layer  26: dev = CUDA0
llama_kv_cache: layer  27: dev = CUDA0
llama_kv_cache:        CPU KV buffer size =     4.50 MiB
llama_kv_cache:      CUDA0 KV buffer size =    37.50 MiB
llama_kv_cache: size =   42.00 MiB (   768 cells,  28 layers,  1/1 seqs), K (f16):   21.00 MiB, V (f16):   21.00 MiB
llama_kv_cache: attn_rot_k = 0, n_embd_head_k_all = 128
llama_kv_cache: attn_rot_v = 0, n_embd_head_k_all = 128
llama_context: enumerating backends
llama_context: backend_ptrs.size() = 2
sched_reserve: reserving ...
sched_reserve: max_nodes = 2712
sched_reserve: reserving full memory module
sched_reserve: worst-case: n_tokens = 512, n_seqs = 1, n_outputs = 1
graph_reserve: reserving a graph for ubatch with n_tokens =    1, n_seqs =  1, n_outputs =    1
sched_reserve: Flash Attention was auto, set to enabled
sched_reserve: resolving fused Gated Delta Net support:
graph_reserve: reserving a graph for ubatch with n_tokens =    1, n_seqs =  1, n_outputs =    1
sched_reserve: fused Gated Delta Net (autoregressive) enabled
graph_reserve: reserving a graph for ubatch with n_tokens =   16, n_seqs =  1, n_outputs =   16
sched_reserve: fused Gated Delta Net (chunked) enabled
graph_reserve: reserving a graph for ubatch with n_tokens =  512, n_seqs =  1, n_outputs =  512
graph_reserve: reserving a graph for ubatch with n_tokens =    1, n_seqs =  1, n_outputs =    1
graph_reserve: reserving a graph for ubatch with n_tokens =  512, n_seqs =  1, n_outputs =  512
sched_reserve:      CUDA0 compute buffer size =   304.00 MiB
sched_reserve:  CUDA_Host compute buffer size =    14.76 MiB
sched_reserve: graph nodes  = 958
sched_reserve: graph splits = 44 (with bs=512), 2 (with bs=1)
sched_reserve: reserve took 13.23 ms, sched copies = 1
CUDA Graph id 10839 reused
ggml_backend_cuda_graph_compute: CUDA graph warmup complete
CUDA Graph id 10839 reused
CUDA Graph id 10839 reused
CUDA Graph id 10839 reused
CUDA Graph id 10839 reused
CUDA Graph id 10839 reused
CUDA Graph id 10839 reused
CUDA Graph id 10839 reused
CUDA Graph id 10839 reused
~llama_context:      CUDA0 compute buffer size is 304.0000 MiB, matches expectation of 304.0000 MiB
~llama_context:  CUDA_Host compute buffer size is  14.7637 MiB, matches expectation of  14.7637 MiB
schema 62/75 done
llama_context: constructing llama_context
llama_context: n_seq_max     = 1
llama_context: n_ctx         = 1024
llama_context: n_ctx_seq     = 1024
llama_context: n_batch       = 820
llama_context: n_ubatch      = 512
llama_context: causal_attn   = 1
llama_context: flash_attn    = auto
llama_context: kv_unified    = false
llama_context: freq_base     = 1000000.0
llama_context: freq_scale    = 1
llama_context: n_rs_seq      = 0
llama_context: n_outputs_max = 820
llama_context: n_ctx_seq (1024) < n_ctx_train (32768) -- the full capacity of the model will not be utilized
set_abort_callback: call
llama_context:  CUDA_Host  output buffer size =     0.58 MiB
llama_kv_cache: layer   0: dev = CPU
llama_kv_cache: layer   1: dev = CPU
llama_kv_cache: layer   2: dev = CPU
llama_kv_cache: layer   3: dev = CUDA0
llama_kv_cache: layer   4: dev = CUDA0
llama_kv_cache: layer   5: dev = CUDA0
llama_kv_cache: layer   6: dev = CUDA0
llama_kv_cache: layer   7: dev = CUDA0
llama_kv_cache: layer   8: dev = CUDA0
llama_kv_cache: layer   9: dev = CUDA0
llama_kv_cache: layer  10: dev = CUDA0
llama_kv_cache: layer  11: dev = CUDA0
llama_kv_cache: layer  12: dev = CUDA0
llama_kv_cache: layer  13: dev = CUDA0
llama_kv_cache: layer  14: dev = CUDA0
llama_kv_cache: layer  15: dev = CUDA0
llama_kv_cache: layer  16: dev = CUDA0
llama_kv_cache: layer  17: dev = CUDA0
llama_kv_cache: layer  18: dev = CUDA0
llama_kv_cache: layer  19: dev = CUDA0
llama_kv_cache: layer  20: dev = CUDA0
llama_kv_cache: layer  21: dev = CUDA0
llama_kv_cache: layer  22: dev = CUDA0
llama_kv_cache: layer  23: dev = CUDA0
llama_kv_cache: layer  24: dev = CUDA0
llama_kv_cache: layer  25: dev = CUDA0
llama_kv_cache: layer  26: dev = CUDA0
llama_kv_cache: layer  27: dev = CUDA0
llama_kv_cache:        CPU KV buffer size =     6.00 MiB
llama_kv_cache:      CUDA0 KV buffer size =    50.00 MiB
llama_kv_cache: size =   56.00 MiB (  1024 cells,  28 layers,  1/1 seqs), K (f16):   28.00 MiB, V (f16):   28.00 MiB
llama_kv_cache: attn_rot_k = 0, n_embd_head_k_all = 128
llama_kv_cache: attn_rot_v = 0, n_embd_head_k_all = 128
llama_context: enumerating backends
llama_context: backend_ptrs.size() = 2
sched_reserve: reserving ...
sched_reserve: max_nodes = 2712
sched_reserve: reserving full memory module
sched_reserve: worst-case: n_tokens = 512, n_seqs = 1, n_outputs = 1
graph_reserve: reserving a graph for ubatch with n_tokens =    1, n_seqs =  1, n_outputs =    1
sched_reserve: Flash Attention was auto, set to enabled
sched_reserve: resolving fused Gated Delta Net support:
graph_reserve: reserving a graph for ubatch with n_tokens =    1, n_seqs =  1, n_outputs =    1
sched_reserve: fused Gated Delta Net (autoregressive) enabled
graph_reserve: reserving a graph for ubatch with n_tokens =   16, n_seqs =  1, n_outputs =   16
sched_reserve: fused Gated Delta Net (chunked) enabled
graph_reserve: reserving a graph for ubatch with n_tokens =  512, n_seqs =  1, n_outputs =  512
graph_reserve: reserving a graph for ubatch with n_tokens =    1, n_seqs =  1, n_outputs =    1
graph_reserve: reserving a graph for ubatch with n_tokens =  512, n_seqs =  1, n_outputs =  512
sched_reserve:      CUDA0 compute buffer size =   304.00 MiB
sched_reserve:  CUDA_Host compute buffer size =    15.01 MiB
sched_reserve: graph nodes  = 958
sched_reserve: graph splits = 44 (with bs=512), 2 (with bs=1)
sched_reserve: reserve took 10.85 ms, sched copies = 1
CUDA Graph id 10989 reused
ggml_backend_cuda_graph_compute: CUDA graph warmup complete
CUDA Graph id 10989 reused
CUDA Graph id 10989 reused
CUDA Graph id 10989 reused
CUDA Graph id 10989 reused
CUDA Graph id 10989 reused
CUDA Graph id 10989 reused
CUDA Graph id 10989 reused
CUDA Graph id 10989 reused
CUDA Graph id 10989 reused
CUDA Graph id 10989 reused
CUDA Graph id 10989 reused
CUDA Graph id 10989 reused
CUDA Graph id 10989 reused
CUDA Graph id 10989 reused
CUDA Graph id 10989 reused
CUDA Graph id 10989 reused
CUDA Graph id 10989 reused
CUDA Graph id 10989 reused
CUDA Graph id 10989 reused
CUDA Graph id 10989 reused
CUDA Graph id 10989 reused
CUDA Graph id 10989 reused
CUDA Graph id 10989 reused
CUDA Graph id 10989 reused
CUDA Graph id 10989 reused
CUDA Graph id 10989 reused
CUDA Graph id 10989 reused
CUDA Graph id 10989 reused
CUDA Graph id 10989 reused
CUDA Graph id 10989 reused
CUDA Graph id 10989 reused
CUDA Graph id 10989 reused
CUDA Graph id 10989 reused
CUDA Graph id 10989 reused
CUDA Graph id 10989 reused
CUDA Graph id 10989 reused
CUDA Graph id 10989 reused
CUDA Graph id 10989 reused
CUDA Graph id 10989 reused
~llama_context:      CUDA0 compute buffer size is 304.0000 MiB, matches expectation of 304.0000 MiB
~llama_context:  CUDA_Host compute buffer size is  15.0137 MiB, matches expectation of  15.0137 MiB
llama_context: constructing llama_context
llama_context: n_seq_max     = 1
llama_context: n_ctx         = 1024
llama_context: n_ctx_seq     = 1024
llama_context: n_batch       = 820
llama_context: n_ubatch      = 512
llama_context: causal_attn   = 1
llama_context: flash_attn    = auto
llama_context: kv_unified    = false
llama_context: freq_base     = 1000000.0
llama_context: freq_scale    = 1
llama_context: n_rs_seq      = 0
llama_context: n_outputs_max = 820
llama_context: n_ctx_seq (1024) < n_ctx_train (32768) -- the full capacity of the model will not be utilized
set_abort_callback: call
llama_context:  CUDA_Host  output buffer size =     0.58 MiB
llama_kv_cache: layer   0: dev = CPU
llama_kv_cache: layer   1: dev = CPU
llama_kv_cache: layer   2: dev = CPU
llama_kv_cache: layer   3: dev = CUDA0
llama_kv_cache: layer   4: dev = CUDA0
llama_kv_cache: layer   5: dev = CUDA0
llama_kv_cache: layer   6: dev = CUDA0
llama_kv_cache: layer   7: dev = CUDA0
llama_kv_cache: layer   8: dev = CUDA0
llama_kv_cache: layer   9: dev = CUDA0
llama_kv_cache: layer  10: dev = CUDA0
llama_kv_cache: layer  11: dev = CUDA0
llama_kv_cache: layer  12: dev = CUDA0
llama_kv_cache: layer  13: dev = CUDA0
llama_kv_cache: layer  14: dev = CUDA0
llama_kv_cache: layer  15: dev = CUDA0
llama_kv_cache: layer  16: dev = CUDA0
llama_kv_cache: layer  17: dev = CUDA0
llama_kv_cache: layer  18: dev = CUDA0
llama_kv_cache: layer  19: dev = CUDA0
llama_kv_cache: layer  20: dev = CUDA0
llama_kv_cache: layer  21: dev = CUDA0
llama_kv_cache: layer  22: dev = CUDA0
llama_kv_cache: layer  23: dev = CUDA0
llama_kv_cache: layer  24: dev = CUDA0
llama_kv_cache: layer  25: dev = CUDA0
llama_kv_cache: layer  26: dev = CUDA0
llama_kv_cache: layer  27: dev = CUDA0
llama_kv_cache:        CPU KV buffer size =     6.00 MiB
llama_kv_cache:      CUDA0 KV buffer size =    50.00 MiB
llama_kv_cache: size =   56.00 MiB (  1024 cells,  28 layers,  1/1 seqs), K (f16):   28.00 MiB, V (f16):   28.00 MiB
llama_kv_cache: attn_rot_k = 0, n_embd_head_k_all = 128
llama_kv_cache: attn_rot_v = 0, n_embd_head_k_all = 128
llama_context: enumerating backends
llama_context: backend_ptrs.size() = 2
sched_reserve: reserving ...
sched_reserve: max_nodes = 2712
sched_reserve: reserving full memory module
sched_reserve: worst-case: n_tokens = 512, n_seqs = 1, n_outputs = 1
graph_reserve: reserving a graph for ubatch with n_tokens =    1, n_seqs =  1, n_outputs =    1
sched_reserve: Flash Attention was auto, set to enabled
sched_reserve: resolving fused Gated Delta Net support:
graph_reserve: reserving a graph for ubatch with n_tokens =    1, n_seqs =  1, n_outputs =    1
sched_reserve: fused Gated Delta Net (autoregressive) enabled
graph_reserve: reserving a graph for ubatch with n_tokens =   16, n_seqs =  1, n_outputs =   16
sched_reserve: fused Gated Delta Net (chunked) enabled
graph_reserve: reserving a graph for ubatch with n_tokens =  512, n_seqs =  1, n_outputs =  512
graph_reserve: reserving a graph for ubatch with n_tokens =    1, n_seqs =  1, n_outputs =    1
graph_reserve: reserving a graph for ubatch with n_tokens =  512, n_seqs =  1, n_outputs =  512
sched_reserve:      CUDA0 compute buffer size =   304.00 MiB
sched_reserve:  CUDA_Host compute buffer size =    15.01 MiB
sched_reserve: graph nodes  = 958
sched_reserve: graph splits = 44 (with bs=512), 2 (with bs=1)
sched_reserve: reserve took 10.89 ms, sched copies = 1
CUDA Graph id 11139 reused
ggml_backend_cuda_graph_compute: CUDA graph warmup complete
CUDA Graph id 11139 reused
CUDA Graph id 11139 reused
CUDA Graph id 11139 reused
CUDA Graph id 11139 reused
CUDA Graph id 11139 reused
CUDA Graph id 11139 reused
CUDA Graph id 11139 reused
CUDA Graph id 11139 reused
CUDA Graph id 11139 reused
CUDA Graph id 11139 reused
CUDA Graph id 11139 reused
CUDA Graph id 11139 reused
CUDA Graph id 11139 reused
CUDA Graph id 11139 reused
CUDA Graph id 11139 reused
CUDA Graph id 11139 reused
CUDA Graph id 11139 reused
CUDA Graph id 11139 reused
CUDA Graph id 11139 reused
CUDA Graph id 11139 reused
CUDA Graph id 11139 reused
CUDA Graph id 11139 reused
CUDA Graph id 11139 reused
CUDA Graph id 11139 reused
CUDA Graph id 11139 reused
CUDA Graph id 11139 reused
CUDA Graph id 11139 reused
CUDA Graph id 11139 reused
CUDA Graph id 11139 reused
CUDA Graph id 11139 reused
CUDA Graph id 11139 reused
CUDA Graph id 11139 reused
CUDA Graph id 11139 reused
CUDA Graph id 11139 reused
CUDA Graph id 11139 reused
CUDA Graph id 11139 reused
CUDA Graph id 11139 reused
CUDA Graph id 11139 reused
CUDA Graph id 11139 reused
~llama_context:      CUDA0 compute buffer size is 304.0000 MiB, matches expectation of 304.0000 MiB
~llama_context:  CUDA_Host compute buffer size is  15.0137 MiB, matches expectation of  15.0137 MiB
llama_context: constructing llama_context
llama_context: n_seq_max     = 1
llama_context: n_ctx         = 1024
llama_context: n_ctx_seq     = 1024
llama_context: n_batch       = 820
llama_context: n_ubatch      = 512
llama_context: causal_attn   = 1
llama_context: flash_attn    = auto
llama_context: kv_unified    = false
llama_context: freq_base     = 1000000.0
llama_context: freq_scale    = 1
llama_context: n_rs_seq      = 0
llama_context: n_outputs_max = 820
llama_context: n_ctx_seq (1024) < n_ctx_train (32768) -- the full capacity of the model will not be utilized
set_abort_callback: call
llama_context:  CUDA_Host  output buffer size =     0.58 MiB
llama_kv_cache: layer   0: dev = CPU
llama_kv_cache: layer   1: dev = CPU
llama_kv_cache: layer   2: dev = CPU
llama_kv_cache: layer   3: dev = CUDA0
llama_kv_cache: layer   4: dev = CUDA0
llama_kv_cache: layer   5: dev = CUDA0
llama_kv_cache: layer   6: dev = CUDA0
llama_kv_cache: layer   7: dev = CUDA0
llama_kv_cache: layer   8: dev = CUDA0
llama_kv_cache: layer   9: dev = CUDA0
llama_kv_cache: layer  10: dev = CUDA0
llama_kv_cache: layer  11: dev = CUDA0
llama_kv_cache: layer  12: dev = CUDA0
llama_kv_cache: layer  13: dev = CUDA0
llama_kv_cache: layer  14: dev = CUDA0
llama_kv_cache: layer  15: dev = CUDA0
llama_kv_cache: layer  16: dev = CUDA0
llama_kv_cache: layer  17: dev = CUDA0
llama_kv_cache: layer  18: dev = CUDA0
llama_kv_cache: layer  19: dev = CUDA0
llama_kv_cache: layer  20: dev = CUDA0
llama_kv_cache: layer  21: dev = CUDA0
llama_kv_cache: layer  22: dev = CUDA0
llama_kv_cache: layer  23: dev = CUDA0
llama_kv_cache: layer  24: dev = CUDA0
llama_kv_cache: layer  25: dev = CUDA0
llama_kv_cache: layer  26: dev = CUDA0
llama_kv_cache: layer  27: dev = CUDA0
llama_kv_cache:        CPU KV buffer size =     6.00 MiB
llama_kv_cache:      CUDA0 KV buffer size =    50.00 MiB
llama_kv_cache: size =   56.00 MiB (  1024 cells,  28 layers,  1/1 seqs), K (f16):   28.00 MiB, V (f16):   28.00 MiB
llama_kv_cache: attn_rot_k = 0, n_embd_head_k_all = 128
llama_kv_cache: attn_rot_v = 0, n_embd_head_k_all = 128
llama_context: enumerating backends
llama_context: backend_ptrs.size() = 2
sched_reserve: reserving ...
sched_reserve: max_nodes = 2712
sched_reserve: reserving full memory module
sched_reserve: worst-case: n_tokens = 512, n_seqs = 1, n_outputs = 1
graph_reserve: reserving a graph for ubatch with n_tokens =    1, n_seqs =  1, n_outputs =    1
sched_reserve: Flash Attention was auto, set to enabled
sched_reserve: resolving fused Gated Delta Net support:
graph_reserve: reserving a graph for ubatch with n_tokens =    1, n_seqs =  1, n_outputs =    1
sched_reserve: fused Gated Delta Net (autoregressive) enabled
graph_reserve: reserving a graph for ubatch with n_tokens =   16, n_seqs =  1, n_outputs =   16
sched_reserve: fused Gated Delta Net (chunked) enabled
graph_reserve: reserving a graph for ubatch with n_tokens =  512, n_seqs =  1, n_outputs =  512
graph_reserve: reserving a graph for ubatch with n_tokens =    1, n_seqs =  1, n_outputs =    1
graph_reserve: reserving a graph for ubatch with n_tokens =  512, n_seqs =  1, n_outputs =  512
sched_reserve:      CUDA0 compute buffer size =   304.00 MiB
sched_reserve:  CUDA_Host compute buffer size =    15.01 MiB
sched_reserve: graph nodes  = 958
sched_reserve: graph splits = 44 (with bs=512), 2 (with bs=1)
sched_reserve: reserve took 11.34 ms, sched copies = 1
CUDA Graph id 11289 reused
ggml_backend_cuda_graph_compute: CUDA graph warmup complete
CUDA Graph id 11289 reused
CUDA Graph id 11289 reused
CUDA Graph id 11289 reused
CUDA Graph id 11289 reused
CUDA Graph id 11289 reused
CUDA Graph id 11289 reused
CUDA Graph id 11289 reused
CUDA Graph id 11289 reused
CUDA Graph id 11289 reused
CUDA Graph id 11289 reused
CUDA Graph id 11289 reused
CUDA Graph id 11289 reused
CUDA Graph id 11289 reused
CUDA Graph id 11289 reused
CUDA Graph id 11289 reused
CUDA Graph id 11289 reused
CUDA Graph id 11289 reused
CUDA Graph id 11289 reused
CUDA Graph id 11289 reused
CUDA Graph id 11289 reused
CUDA Graph id 11289 reused
CUDA Graph id 11289 reused
CUDA Graph id 11289 reused
CUDA Graph id 11289 reused
CUDA Graph id 11289 reused
CUDA Graph id 11289 reused
CUDA Graph id 11289 reused
CUDA Graph id 11289 reused
CUDA Graph id 11289 reused
CUDA Graph id 11289 reused
CUDA Graph id 11289 reused
CUDA Graph id 11289 reused
CUDA Graph id 11289 reused
CUDA Graph id 11289 reused
~llama_context:      CUDA0 compute buffer size is 304.0000 MiB, matches expectation of 304.0000 MiB
~llama_context:  CUDA_Host compute buffer size is  15.0137 MiB, matches expectation of  15.0137 MiB
llama_context: constructing llama_context
llama_context: n_seq_max     = 1
llama_context: n_ctx         = 1024
llama_context: n_ctx_seq     = 1024
llama_context: n_batch       = 820
llama_context: n_ubatch      = 512
llama_context: causal_attn   = 1
llama_context: flash_attn    = auto
llama_context: kv_unified    = false
llama_context: freq_base     = 1000000.0
llama_context: freq_scale    = 1
llama_context: n_rs_seq      = 0
llama_context: n_outputs_max = 820
llama_context: n_ctx_seq (1024) < n_ctx_train (32768) -- the full capacity of the model will not be utilized
set_abort_callback: call
llama_context:  CUDA_Host  output buffer size =     0.58 MiB
llama_kv_cache: layer   0: dev = CPU
llama_kv_cache: layer   1: dev = CPU
llama_kv_cache: layer   2: dev = CPU
llama_kv_cache: layer   3: dev = CUDA0
llama_kv_cache: layer   4: dev = CUDA0
llama_kv_cache: layer   5: dev = CUDA0
llama_kv_cache: layer   6: dev = CUDA0
llama_kv_cache: layer   7: dev = CUDA0
llama_kv_cache: layer   8: dev = CUDA0
llama_kv_cache: layer   9: dev = CUDA0
llama_kv_cache: layer  10: dev = CUDA0
llama_kv_cache: layer  11: dev = CUDA0
llama_kv_cache: layer  12: dev = CUDA0
llama_kv_cache: layer  13: dev = CUDA0
llama_kv_cache: layer  14: dev = CUDA0
llama_kv_cache: layer  15: dev = CUDA0
llama_kv_cache: layer  16: dev = CUDA0
llama_kv_cache: layer  17: dev = CUDA0
llama_kv_cache: layer  18: dev = CUDA0
llama_kv_cache: layer  19: dev = CUDA0
llama_kv_cache: layer  20: dev = CUDA0
llama_kv_cache: layer  21: dev = CUDA0
llama_kv_cache: layer  22: dev = CUDA0
llama_kv_cache: layer  23: dev = CUDA0
llama_kv_cache: layer  24: dev = CUDA0
llama_kv_cache: layer  25: dev = CUDA0
llama_kv_cache: layer  26: dev = CUDA0
llama_kv_cache: layer  27: dev = CUDA0
llama_kv_cache:        CPU KV buffer size =     6.00 MiB
llama_kv_cache:      CUDA0 KV buffer size =    50.00 MiB
llama_kv_cache: size =   56.00 MiB (  1024 cells,  28 layers,  1/1 seqs), K (f16):   28.00 MiB, V (f16):   28.00 MiB
llama_kv_cache: attn_rot_k = 0, n_embd_head_k_all = 128
llama_kv_cache: attn_rot_v = 0, n_embd_head_k_all = 128
llama_context: enumerating backends
llama_context: backend_ptrs.size() = 2
sched_reserve: reserving ...
sched_reserve: max_nodes = 2712
sched_reserve: reserving full memory module
sched_reserve: worst-case: n_tokens = 512, n_seqs = 1, n_outputs = 1
graph_reserve: reserving a graph for ubatch with n_tokens =    1, n_seqs =  1, n_outputs =    1
sched_reserve: Flash Attention was auto, set to enabled
sched_reserve: resolving fused Gated Delta Net support:
graph_reserve: reserving a graph for ubatch with n_tokens =    1, n_seqs =  1, n_outputs =    1
sched_reserve: fused Gated Delta Net (autoregressive) enabled
graph_reserve: reserving a graph for ubatch with n_tokens =   16, n_seqs =  1, n_outputs =   16
sched_reserve: fused Gated Delta Net (chunked) enabled
graph_reserve: reserving a graph for ubatch with n_tokens =  512, n_seqs =  1, n_outputs =  512
graph_reserve: reserving a graph for ubatch with n_tokens =    1, n_seqs =  1, n_outputs =    1
graph_reserve: reserving a graph for ubatch with n_tokens =  512, n_seqs =  1, n_outputs =  512
sched_reserve:      CUDA0 compute buffer size =   304.00 MiB
sched_reserve:  CUDA_Host compute buffer size =    15.01 MiB
sched_reserve: graph nodes  = 958
sched_reserve: graph splits = 44 (with bs=512), 2 (with bs=1)
sched_reserve: reserve took 10.89 ms, sched copies = 1
CUDA Graph id 11439 reused
ggml_backend_cuda_graph_compute: CUDA graph warmup complete
CUDA Graph id 11439 reused
CUDA Graph id 11439 reused
CUDA Graph id 11439 reused
CUDA Graph id 11439 reused
CUDA Graph id 11439 reused
CUDA Graph id 11439 reused
CUDA Graph id 11439 reused
CUDA Graph id 11439 reused
CUDA Graph id 11439 reused
CUDA Graph id 11439 reused
CUDA Graph id 11439 reused
CUDA Graph id 11439 reused
CUDA Graph id 11439 reused
CUDA Graph id 11439 reused
CUDA Graph id 11439 reused
CUDA Graph id 11439 reused
CUDA Graph id 11439 reused
CUDA Graph id 11439 reused
CUDA Graph id 11439 reused
CUDA Graph id 11439 reused
CUDA Graph id 11439 reused
CUDA Graph id 11439 reused
CUDA Graph id 11439 reused
CUDA Graph id 11439 reused
CUDA Graph id 11439 reused
CUDA Graph id 11439 reused
CUDA Graph id 11439 reused
CUDA Graph id 11439 reused
CUDA Graph id 11439 reused
CUDA Graph id 11439 reused
CUDA Graph id 11439 reused
CUDA Graph id 11439 reused
CUDA Graph id 11439 reused
CUDA Graph id 11439 reused
~llama_context:      CUDA0 compute buffer size is 304.0000 MiB, matches expectation of 304.0000 MiB
~llama_context:  CUDA_Host compute buffer size is  15.0137 MiB, matches expectation of  15.0137 MiB
llama_context: constructing llama_context
llama_context: n_seq_max     = 1
llama_context: n_ctx         = 1024
llama_context: n_ctx_seq     = 1024
llama_context: n_batch       = 820
llama_context: n_ubatch      = 512
llama_context: causal_attn   = 1
llama_context: flash_attn    = auto
llama_context: kv_unified    = false
llama_context: freq_base     = 1000000.0
llama_context: freq_scale    = 1
llama_context: n_rs_seq      = 0
llama_context: n_outputs_max = 820
llama_context: n_ctx_seq (1024) < n_ctx_train (32768) -- the full capacity of the model will not be utilized
set_abort_callback: call
llama_context:  CUDA_Host  output buffer size =     0.58 MiB
llama_kv_cache: layer   0: dev = CPU
llama_kv_cache: layer   1: dev = CPU
llama_kv_cache: layer   2: dev = CPU
llama_kv_cache: layer   3: dev = CUDA0
llama_kv_cache: layer   4: dev = CUDA0
llama_kv_cache: layer   5: dev = CUDA0
llama_kv_cache: layer   6: dev = CUDA0
llama_kv_cache: layer   7: dev = CUDA0
llama_kv_cache: layer   8: dev = CUDA0
llama_kv_cache: layer   9: dev = CUDA0
llama_kv_cache: layer  10: dev = CUDA0
llama_kv_cache: layer  11: dev = CUDA0
llama_kv_cache: layer  12: dev = CUDA0
llama_kv_cache: layer  13: dev = CUDA0
llama_kv_cache: layer  14: dev = CUDA0
llama_kv_cache: layer  15: dev = CUDA0
llama_kv_cache: layer  16: dev = CUDA0
llama_kv_cache: layer  17: dev = CUDA0
llama_kv_cache: layer  18: dev = CUDA0
llama_kv_cache: layer  19: dev = CUDA0
llama_kv_cache: layer  20: dev = CUDA0
llama_kv_cache: layer  21: dev = CUDA0
llama_kv_cache: layer  22: dev = CUDA0
llama_kv_cache: layer  23: dev = CUDA0
llama_kv_cache: layer  24: dev = CUDA0
llama_kv_cache: layer  25: dev = CUDA0
llama_kv_cache: layer  26: dev = CUDA0
llama_kv_cache: layer  27: dev = CUDA0
llama_kv_cache:        CPU KV buffer size =     6.00 MiB
llama_kv_cache:      CUDA0 KV buffer size =    50.00 MiB
llama_kv_cache: size =   56.00 MiB (  1024 cells,  28 layers,  1/1 seqs), K (f16):   28.00 MiB, V (f16):   28.00 MiB
llama_kv_cache: attn_rot_k = 0, n_embd_head_k_all = 128
llama_kv_cache: attn_rot_v = 0, n_embd_head_k_all = 128
llama_context: enumerating backends
llama_context: backend_ptrs.size() = 2
sched_reserve: reserving ...
sched_reserve: max_nodes = 2712
sched_reserve: reserving full memory module
sched_reserve: worst-case: n_tokens = 512, n_seqs = 1, n_outputs = 1
graph_reserve: reserving a graph for ubatch with n_tokens =    1, n_seqs =  1, n_outputs =    1
sched_reserve: Flash Attention was auto, set to enabled
sched_reserve: resolving fused Gated Delta Net support:
graph_reserve: reserving a graph for ubatch with n_tokens =    1, n_seqs =  1, n_outputs =    1
sched_reserve: fused Gated Delta Net (autoregressive) enabled
graph_reserve: reserving a graph for ubatch with n_tokens =   16, n_seqs =  1, n_outputs =   16
sched_reserve: fused Gated Delta Net (chunked) enabled
graph_reserve: reserving a graph for ubatch with n_tokens =  512, n_seqs =  1, n_outputs =  512
graph_reserve: reserving a graph for ubatch with n_tokens =    1, n_seqs =  1, n_outputs =    1
graph_reserve: reserving a graph for ubatch with n_tokens =  512, n_seqs =  1, n_outputs =  512
sched_reserve:      CUDA0 compute buffer size =   304.00 MiB
sched_reserve:  CUDA_Host compute buffer size =    15.01 MiB
sched_reserve: graph nodes  = 958
sched_reserve: graph splits = 44 (with bs=512), 2 (with bs=1)
sched_reserve: reserve took 10.86 ms, sched copies = 1
CUDA Graph id 11589 reused
ggml_backend_cuda_graph_compute: CUDA graph warmup complete
CUDA Graph id 11589 reused
CUDA Graph id 11589 reused
CUDA Graph id 11589 reused
CUDA Graph id 11589 reused
CUDA Graph id 11589 reused
CUDA Graph id 11589 reused
CUDA Graph id 11589 reused
~llama_context:      CUDA0 compute buffer size is 304.0000 MiB, matches expectation of 304.0000 MiB
~llama_context:  CUDA_Host compute buffer size is  15.0137 MiB, matches expectation of  15.0137 MiB
llama_context: constructing llama_context
llama_context: n_seq_max     = 1
llama_context: n_ctx         = 1024
llama_context: n_ctx_seq     = 1024
llama_context: n_batch       = 820
llama_context: n_ubatch      = 512
llama_context: causal_attn   = 1
llama_context: flash_attn    = auto
llama_context: kv_unified    = false
llama_context: freq_base     = 1000000.0
llama_context: freq_scale    = 1
llama_context: n_rs_seq      = 0
llama_context: n_outputs_max = 820
llama_context: n_ctx_seq (1024) < n_ctx_train (32768) -- the full capacity of the model will not be utilized
set_abort_callback: call
llama_context:  CUDA_Host  output buffer size =     0.58 MiB
llama_kv_cache: layer   0: dev = CPU
llama_kv_cache: layer   1: dev = CPU
llama_kv_cache: layer   2: dev = CPU
llama_kv_cache: layer   3: dev = CUDA0
llama_kv_cache: layer   4: dev = CUDA0
llama_kv_cache: layer   5: dev = CUDA0
llama_kv_cache: layer   6: dev = CUDA0
llama_kv_cache: layer   7: dev = CUDA0
llama_kv_cache: layer   8: dev = CUDA0
llama_kv_cache: layer   9: dev = CUDA0
llama_kv_cache: layer  10: dev = CUDA0
llama_kv_cache: layer  11: dev = CUDA0
llama_kv_cache: layer  12: dev = CUDA0
llama_kv_cache: layer  13: dev = CUDA0
llama_kv_cache: layer  14: dev = CUDA0
llama_kv_cache: layer  15: dev = CUDA0
llama_kv_cache: layer  16: dev = CUDA0
llama_kv_cache: layer  17: dev = CUDA0
llama_kv_cache: layer  18: dev = CUDA0
llama_kv_cache: layer  19: dev = CUDA0
llama_kv_cache: layer  20: dev = CUDA0
llama_kv_cache: layer  21: dev = CUDA0
llama_kv_cache: layer  22: dev = CUDA0
llama_kv_cache: layer  23: dev = CUDA0
llama_kv_cache: layer  24: dev = CUDA0
llama_kv_cache: layer  25: dev = CUDA0
llama_kv_cache: layer  26: dev = CUDA0
llama_kv_cache: layer  27: dev = CUDA0
llama_kv_cache:        CPU KV buffer size =     6.00 MiB
llama_kv_cache:      CUDA0 KV buffer size =    50.00 MiB
llama_kv_cache: size =   56.00 MiB (  1024 cells,  28 layers,  1/1 seqs), K (f16):   28.00 MiB, V (f16):   28.00 MiB
llama_kv_cache: attn_rot_k = 0, n_embd_head_k_all = 128
llama_kv_cache: attn_rot_v = 0, n_embd_head_k_all = 128
llama_context: enumerating backends
llama_context: backend_ptrs.size() = 2
sched_reserve: reserving ...
sched_reserve: max_nodes = 2712
sched_reserve: reserving full memory module
sched_reserve: worst-case: n_tokens = 512, n_seqs = 1, n_outputs = 1
graph_reserve: reserving a graph for ubatch with n_tokens =    1, n_seqs =  1, n_outputs =    1
sched_reserve: Flash Attention was auto, set to enabled
sched_reserve: resolving fused Gated Delta Net support:
graph_reserve: reserving a graph for ubatch with n_tokens =    1, n_seqs =  1, n_outputs =    1
sched_reserve: fused Gated Delta Net (autoregressive) enabled
graph_reserve: reserving a graph for ubatch with n_tokens =   16, n_seqs =  1, n_outputs =   16
sched_reserve: fused Gated Delta Net (chunked) enabled
graph_reserve: reserving a graph for ubatch with n_tokens =  512, n_seqs =  1, n_outputs =  512
graph_reserve: reserving a graph for ubatch with n_tokens =    1, n_seqs =  1, n_outputs =    1
graph_reserve: reserving a graph for ubatch with n_tokens =  512, n_seqs =  1, n_outputs =  512
sched_reserve:      CUDA0 compute buffer size =   304.00 MiB
sched_reserve:  CUDA_Host compute buffer size =    15.01 MiB
sched_reserve: graph nodes  = 958
sched_reserve: graph splits = 44 (with bs=512), 2 (with bs=1)
sched_reserve: reserve took 10.89 ms, sched copies = 1
CUDA Graph id 11739 reused
ggml_backend_cuda_graph_compute: CUDA graph warmup complete
CUDA Graph id 11739 reused
CUDA Graph id 11739 reused
CUDA Graph id 11739 reused
CUDA Graph id 11739 reused
CUDA Graph id 11739 reused
CUDA Graph id 11739 reused
CUDA Graph id 11739 reused
CUDA Graph id 11739 reused
CUDA Graph id 11739 reused
CUDA Graph id 11739 reused
CUDA Graph id 11739 reused
CUDA Graph id 11739 reused
CUDA Graph id 11739 reused
CUDA Graph id 11739 reused
CUDA Graph id 11739 reused
CUDA Graph id 11739 reused
CUDA Graph id 11739 reused
CUDA Graph id 11739 reused
CUDA Graph id 11739 reused
CUDA Graph id 11739 reused
CUDA Graph id 11739 reused
CUDA Graph id 11739 reused
CUDA Graph id 11739 reused
CUDA Graph id 11739 reused
CUDA Graph id 11739 reused
CUDA Graph id 11739 reused
CUDA Graph id 11739 reused
CUDA Graph id 11739 reused
CUDA Graph id 11739 reused
CUDA Graph id 11739 reused
CUDA Graph id 11739 reused
CUDA Graph id 11739 reused
CUDA Graph id 11739 reused
CUDA Graph id 11739 reused
CUDA Graph id 11739 reused
CUDA Graph id 11739 reused
CUDA Graph id 11739 reused
CUDA Graph id 11739 reused
CUDA Graph id 11739 reused
CUDA Graph id 11739 reused
CUDA Graph id 11739 reused
CUDA Graph id 11739 reused
CUDA Graph id 11739 reused
CUDA Graph id 11739 reused
CUDA Graph id 11739 reused
~llama_context:      CUDA0 compute buffer size is 304.0000 MiB, matches expectation of 304.0000 MiB
~llama_context:  CUDA_Host compute buffer size is  15.0137 MiB, matches expectation of  15.0137 MiB
schema 63/75 done
llama_context: constructing llama_context
llama_context: n_seq_max     = 1
llama_context: n_ctx         = 768
llama_context: n_ctx_seq     = 768
llama_context: n_batch       = 748
llama_context: n_ubatch      = 512
llama_context: causal_attn   = 1
llama_context: flash_attn    = auto
llama_context: kv_unified    = false
llama_context: freq_base     = 1000000.0
llama_context: freq_scale    = 1
llama_context: n_rs_seq      = 0
llama_context: n_outputs_max = 748
llama_context: n_ctx_seq (768) < n_ctx_train (32768) -- the full capacity of the model will not be utilized
set_abort_callback: call
llama_context:  CUDA_Host  output buffer size =     0.58 MiB
llama_kv_cache: layer   0: dev = CPU
llama_kv_cache: layer   1: dev = CPU
llama_kv_cache: layer   2: dev = CPU
llama_kv_cache: layer   3: dev = CUDA0
llama_kv_cache: layer   4: dev = CUDA0
llama_kv_cache: layer   5: dev = CUDA0
llama_kv_cache: layer   6: dev = CUDA0
llama_kv_cache: layer   7: dev = CUDA0
llama_kv_cache: layer   8: dev = CUDA0
llama_kv_cache: layer   9: dev = CUDA0
llama_kv_cache: layer  10: dev = CUDA0
llama_kv_cache: layer  11: dev = CUDA0
llama_kv_cache: layer  12: dev = CUDA0
llama_kv_cache: layer  13: dev = CUDA0
llama_kv_cache: layer  14: dev = CUDA0
llama_kv_cache: layer  15: dev = CUDA0
llama_kv_cache: layer  16: dev = CUDA0
llama_kv_cache: layer  17: dev = CUDA0
llama_kv_cache: layer  18: dev = CUDA0
llama_kv_cache: layer  19: dev = CUDA0
llama_kv_cache: layer  20: dev = CUDA0
llama_kv_cache: layer  21: dev = CUDA0
llama_kv_cache: layer  22: dev = CUDA0
llama_kv_cache: layer  23: dev = CUDA0
llama_kv_cache: layer  24: dev = CUDA0
llama_kv_cache: layer  25: dev = CUDA0
llama_kv_cache: layer  26: dev = CUDA0
llama_kv_cache: layer  27: dev = CUDA0
llama_kv_cache:        CPU KV buffer size =     4.50 MiB
llama_kv_cache:      CUDA0 KV buffer size =    37.50 MiB
llama_kv_cache: size =   42.00 MiB (   768 cells,  28 layers,  1/1 seqs), K (f16):   21.00 MiB, V (f16):   21.00 MiB
llama_kv_cache: attn_rot_k = 0, n_embd_head_k_all = 128
llama_kv_cache: attn_rot_v = 0, n_embd_head_k_all = 128
llama_context: enumerating backends
llama_context: backend_ptrs.size() = 2
sched_reserve: reserving ...
sched_reserve: max_nodes = 2712
sched_reserve: reserving full memory module
sched_reserve: worst-case: n_tokens = 512, n_seqs = 1, n_outputs = 1
graph_reserve: reserving a graph for ubatch with n_tokens =    1, n_seqs =  1, n_outputs =    1
sched_reserve: Flash Attention was auto, set to enabled
sched_reserve: resolving fused Gated Delta Net support:
graph_reserve: reserving a graph for ubatch with n_tokens =    1, n_seqs =  1, n_outputs =    1
sched_reserve: fused Gated Delta Net (autoregressive) enabled
graph_reserve: reserving a graph for ubatch with n_tokens =   16, n_seqs =  1, n_outputs =   16
sched_reserve: fused Gated Delta Net (chunked) enabled
graph_reserve: reserving a graph for ubatch with n_tokens =  512, n_seqs =  1, n_outputs =  512
graph_reserve: reserving a graph for ubatch with n_tokens =    1, n_seqs =  1, n_outputs =    1
graph_reserve: reserving a graph for ubatch with n_tokens =  512, n_seqs =  1, n_outputs =  512
sched_reserve:      CUDA0 compute buffer size =   304.00 MiB
sched_reserve:  CUDA_Host compute buffer size =    14.76 MiB
sched_reserve: graph nodes  = 958
sched_reserve: graph splits = 44 (with bs=512), 2 (with bs=1)
sched_reserve: reserve took 10.85 ms, sched copies = 1
CUDA Graph id 11889 reused
ggml_backend_cuda_graph_compute: CUDA graph warmup complete
CUDA Graph id 11889 reused
CUDA Graph id 11889 reused
CUDA Graph id 11889 reused
CUDA Graph id 11889 reused
CUDA Graph id 11889 reused
CUDA Graph id 11889 reused
CUDA Graph id 11889 reused
CUDA Graph id 11889 reused
CUDA Graph id 11889 reused
CUDA Graph id 11889 reused
CUDA Graph id 11889 reused
CUDA Graph id 11889 reused
CUDA Graph id 11889 reused
CUDA Graph id 11889 reused
CUDA Graph id 11889 reused
CUDA Graph id 11889 reused
CUDA Graph id 11889 reused
CUDA Graph id 11889 reused
CUDA Graph id 11889 reused
CUDA Graph id 11889 reused
CUDA Graph id 11889 reused
CUDA Graph id 11889 reused
CUDA Graph id 11889 reused
CUDA Graph id 11889 reused
CUDA Graph id 11889 reused
CUDA Graph id 11889 reused
ggml_backend_cuda_graph_compute: CUDA graph warmup reset
CUDA Graph id 11892 reused
ggml_backend_cuda_graph_compute: CUDA graph warmup complete
CUDA Graph id 11892 reused
CUDA Graph id 11892 reused
CUDA Graph id 11892 reused
CUDA Graph id 11892 reused
CUDA Graph id 11892 reused
CUDA Graph id 11892 reused
CUDA Graph id 11892 reused
CUDA Graph id 11892 reused
CUDA Graph id 11892 reused
CUDA Graph id 11892 reused
CUDA Graph id 11892 reused
CUDA Graph id 11892 reused
CUDA Graph id 11892 reused
CUDA Graph id 11892 reused
CUDA Graph id 11892 reused
CUDA Graph id 11892 reused
CUDA Graph id 11892 reused
CUDA Graph id 11892 reused
CUDA Graph id 11892 reused
CUDA Graph id 11892 reused
CUDA Graph id 11892 reused
CUDA Graph id 11892 reused
CUDA Graph id 11892 reused
CUDA Graph id 11892 reused
CUDA Graph id 11892 reused
CUDA Graph id 11892 reused
CUDA Graph id 11892 reused
CUDA Graph id 11892 reused
CUDA Graph id 11892 reused
CUDA Graph id 11892 reused
CUDA Graph id 11892 reused
CUDA Graph id 11892 reused
CUDA Graph id 11892 reused
CUDA Graph id 11892 reused
CUDA Graph id 11892 reused
CUDA Graph id 11892 reused
CUDA Graph id 11892 reused
CUDA Graph id 11892 reused
CUDA Graph id 11892 reused
CUDA Graph id 11892 reused
CUDA Graph id 11892 reused
CUDA Graph id 11892 reused
CUDA Graph id 11892 reused
CUDA Graph id 11892 reused
CUDA Graph id 11892 reused
CUDA Graph id 11892 reused
CUDA Graph id 11892 reused
CUDA Graph id 11892 reused
CUDA Graph id 11892 reused
CUDA Graph id 11892 reused
CUDA Graph id 11892 reused
CUDA Graph id 11892 reused
CUDA Graph id 11892 reused
CUDA Graph id 11892 reused
CUDA Graph id 11892 reused
CUDA Graph id 11892 reused
CUDA Graph id 11892 reused
~llama_context:      CUDA0 compute buffer size is 304.0000 MiB, matches expectation of 304.0000 MiB
~llama_context:  CUDA_Host compute buffer size is  14.7637 MiB, matches expectation of  14.7637 MiB
llama_context: constructing llama_context
llama_context: n_seq_max     = 1
llama_context: n_ctx         = 768
llama_context: n_ctx_seq     = 768
llama_context: n_batch       = 748
llama_context: n_ubatch      = 512
llama_context: causal_attn   = 1
llama_context: flash_attn    = auto
llama_context: kv_unified    = false
llama_context: freq_base     = 1000000.0
llama_context: freq_scale    = 1
llama_context: n_rs_seq      = 0
llama_context: n_outputs_max = 748
llama_context: n_ctx_seq (768) < n_ctx_train (32768) -- the full capacity of the model will not be utilized
set_abort_callback: call
llama_context:  CUDA_Host  output buffer size =     0.58 MiB
llama_kv_cache: layer   0: dev = CPU
llama_kv_cache: layer   1: dev = CPU
llama_kv_cache: layer   2: dev = CPU
llama_kv_cache: layer   3: dev = CUDA0
llama_kv_cache: layer   4: dev = CUDA0
llama_kv_cache: layer   5: dev = CUDA0
llama_kv_cache: layer   6: dev = CUDA0
llama_kv_cache: layer   7: dev = CUDA0
llama_kv_cache: layer   8: dev = CUDA0
llama_kv_cache: layer   9: dev = CUDA0
llama_kv_cache: layer  10: dev = CUDA0
llama_kv_cache: layer  11: dev = CUDA0
llama_kv_cache: layer  12: dev = CUDA0
llama_kv_cache: layer  13: dev = CUDA0
llama_kv_cache: layer  14: dev = CUDA0
llama_kv_cache: layer  15: dev = CUDA0
llama_kv_cache: layer  16: dev = CUDA0
llama_kv_cache: layer  17: dev = CUDA0
llama_kv_cache: layer  18: dev = CUDA0
llama_kv_cache: layer  19: dev = CUDA0
llama_kv_cache: layer  20: dev = CUDA0
llama_kv_cache: layer  21: dev = CUDA0
llama_kv_cache: layer  22: dev = CUDA0
llama_kv_cache: layer  23: dev = CUDA0
llama_kv_cache: layer  24: dev = CUDA0
llama_kv_cache: layer  25: dev = CUDA0
llama_kv_cache: layer  26: dev = CUDA0
llama_kv_cache: layer  27: dev = CUDA0
llama_kv_cache:        CPU KV buffer size =     4.50 MiB
llama_kv_cache:      CUDA0 KV buffer size =    37.50 MiB
llama_kv_cache: size =   42.00 MiB (   768 cells,  28 layers,  1/1 seqs), K (f16):   21.00 MiB, V (f16):   21.00 MiB
llama_kv_cache: attn_rot_k = 0, n_embd_head_k_all = 128
llama_kv_cache: attn_rot_v = 0, n_embd_head_k_all = 128
llama_context: enumerating backends
llama_context: backend_ptrs.size() = 2
sched_reserve: reserving ...
sched_reserve: max_nodes = 2712
sched_reserve: reserving full memory module
sched_reserve: worst-case: n_tokens = 512, n_seqs = 1, n_outputs = 1
graph_reserve: reserving a graph for ubatch with n_tokens =    1, n_seqs =  1, n_outputs =    1
sched_reserve: Flash Attention was auto, set to enabled
sched_reserve: resolving fused Gated Delta Net support:
graph_reserve: reserving a graph for ubatch with n_tokens =    1, n_seqs =  1, n_outputs =    1
sched_reserve: fused Gated Delta Net (autoregressive) enabled
graph_reserve: reserving a graph for ubatch with n_tokens =   16, n_seqs =  1, n_outputs =   16
sched_reserve: fused Gated Delta Net (chunked) enabled
graph_reserve: reserving a graph for ubatch with n_tokens =  512, n_seqs =  1, n_outputs =  512
graph_reserve: reserving a graph for ubatch with n_tokens =    1, n_seqs =  1, n_outputs =    1
graph_reserve: reserving a graph for ubatch with n_tokens =  512, n_seqs =  1, n_outputs =  512
sched_reserve:      CUDA0 compute buffer size =   304.00 MiB
sched_reserve:  CUDA_Host compute buffer size =    14.76 MiB
sched_reserve: graph nodes  = 958
sched_reserve: graph splits = 44 (with bs=512), 2 (with bs=1)
sched_reserve: reserve took 10.78 ms, sched copies = 1
CUDA Graph id 12042 reused
ggml_backend_cuda_graph_compute: CUDA graph warmup complete
CUDA Graph id 12042 reused
CUDA Graph id 12042 reused
CUDA Graph id 12042 reused
CUDA Graph id 12042 reused
CUDA Graph id 12042 reused
CUDA Graph id 12042 reused
CUDA Graph id 12042 reused
CUDA Graph id 12042 reused
CUDA Graph id 12042 reused
CUDA Graph id 12042 reused
CUDA Graph id 12042 reused
CUDA Graph id 12042 reused
CUDA Graph id 12042 reused
CUDA Graph id 12042 reused
CUDA Graph id 12042 reused
CUDA Graph id 12042 reused
CUDA Graph id 12042 reused
CUDA Graph id 12042 reused
CUDA Graph id 12042 reused
CUDA Graph id 12042 reused
CUDA Graph id 12042 reused
CUDA Graph id 12042 reused
CUDA Graph id 12042 reused
CUDA Graph id 12042 reused
CUDA Graph id 12042 reused
CUDA Graph id 12042 reused
ggml_backend_cuda_graph_compute: CUDA graph warmup reset
CUDA Graph id 12045 reused
ggml_backend_cuda_graph_compute: CUDA graph warmup complete
CUDA Graph id 12045 reused
CUDA Graph id 12045 reused
CUDA Graph id 12045 reused
CUDA Graph id 12045 reused
CUDA Graph id 12045 reused
CUDA Graph id 12045 reused
CUDA Graph id 12045 reused
CUDA Graph id 12045 reused
CUDA Graph id 12045 reused
CUDA Graph id 12045 reused
CUDA Graph id 12045 reused
CUDA Graph id 12045 reused
CUDA Graph id 12045 reused
CUDA Graph id 12045 reused
CUDA Graph id 12045 reused
CUDA Graph id 12045 reused
CUDA Graph id 12045 reused
CUDA Graph id 12045 reused
CUDA Graph id 12045 reused
CUDA Graph id 12045 reused
CUDA Graph id 12045 reused
CUDA Graph id 12045 reused
CUDA Graph id 12045 reused
CUDA Graph id 12045 reused
CUDA Graph id 12045 reused
CUDA Graph id 12045 reused
CUDA Graph id 12045 reused
CUDA Graph id 12045 reused
CUDA Graph id 12045 reused
CUDA Graph id 12045 reused
CUDA Graph id 12045 reused
CUDA Graph id 12045 reused
CUDA Graph id 12045 reused
CUDA Graph id 12045 reused
CUDA Graph id 12045 reused
CUDA Graph id 12045 reused
CUDA Graph id 12045 reused
CUDA Graph id 12045 reused
CUDA Graph id 12045 reused
CUDA Graph id 12045 reused
CUDA Graph id 12045 reused
CUDA Graph id 12045 reused
CUDA Graph id 12045 reused
CUDA Graph id 12045 reused
CUDA Graph id 12045 reused
CUDA Graph id 12045 reused
CUDA Graph id 12045 reused
CUDA Graph id 12045 reused
CUDA Graph id 12045 reused
CUDA Graph id 12045 reused
CUDA Graph id 12045 reused
CUDA Graph id 12045 reused
CUDA Graph id 12045 reused
CUDA Graph id 12045 reused
CUDA Graph id 12045 reused
CUDA Graph id 12045 reused
CUDA Graph id 12045 reused
~llama_context:      CUDA0 compute buffer size is 304.0000 MiB, matches expectation of 304.0000 MiB
~llama_context:  CUDA_Host compute buffer size is  14.7637 MiB, matches expectation of  14.7637 MiB
llama_context: constructing llama_context
llama_context: n_seq_max     = 1
llama_context: n_ctx         = 768
llama_context: n_ctx_seq     = 768
llama_context: n_batch       = 748
llama_context: n_ubatch      = 512
llama_context: causal_attn   = 1
llama_context: flash_attn    = auto
llama_context: kv_unified    = false
llama_context: freq_base     = 1000000.0
llama_context: freq_scale    = 1
llama_context: n_rs_seq      = 0
llama_context: n_outputs_max = 748
llama_context: n_ctx_seq (768) < n_ctx_train (32768) -- the full capacity of the model will not be utilized
set_abort_callback: call
llama_context:  CUDA_Host  output buffer size =     0.58 MiB
llama_kv_cache: layer   0: dev = CPU
llama_kv_cache: layer   1: dev = CPU
llama_kv_cache: layer   2: dev = CPU
llama_kv_cache: layer   3: dev = CUDA0
llama_kv_cache: layer   4: dev = CUDA0
llama_kv_cache: layer   5: dev = CUDA0
llama_kv_cache: layer   6: dev = CUDA0
llama_kv_cache: layer   7: dev = CUDA0
llama_kv_cache: layer   8: dev = CUDA0
llama_kv_cache: layer   9: dev = CUDA0
llama_kv_cache: layer  10: dev = CUDA0
llama_kv_cache: layer  11: dev = CUDA0
llama_kv_cache: layer  12: dev = CUDA0
llama_kv_cache: layer  13: dev = CUDA0
llama_kv_cache: layer  14: dev = CUDA0
llama_kv_cache: layer  15: dev = CUDA0
llama_kv_cache: layer  16: dev = CUDA0
llama_kv_cache: layer  17: dev = CUDA0
llama_kv_cache: layer  18: dev = CUDA0
llama_kv_cache: layer  19: dev = CUDA0
llama_kv_cache: layer  20: dev = CUDA0
llama_kv_cache: layer  21: dev = CUDA0
llama_kv_cache: layer  22: dev = CUDA0
llama_kv_cache: layer  23: dev = CUDA0
llama_kv_cache: layer  24: dev = CUDA0
llama_kv_cache: layer  25: dev = CUDA0
llama_kv_cache: layer  26: dev = CUDA0
llama_kv_cache: layer  27: dev = CUDA0
llama_kv_cache:        CPU KV buffer size =     4.50 MiB
llama_kv_cache:      CUDA0 KV buffer size =    37.50 MiB
llama_kv_cache: size =   42.00 MiB (   768 cells,  28 layers,  1/1 seqs), K (f16):   21.00 MiB, V (f16):   21.00 MiB
llama_kv_cache: attn_rot_k = 0, n_embd_head_k_all = 128
llama_kv_cache: attn_rot_v = 0, n_embd_head_k_all = 128
llama_context: enumerating backends
llama_context: backend_ptrs.size() = 2
sched_reserve: reserving ...
sched_reserve: max_nodes = 2712
sched_reserve: reserving full memory module
sched_reserve: worst-case: n_tokens = 512, n_seqs = 1, n_outputs = 1
graph_reserve: reserving a graph for ubatch with n_tokens =    1, n_seqs =  1, n_outputs =    1
sched_reserve: Flash Attention was auto, set to enabled
sched_reserve: resolving fused Gated Delta Net support:
graph_reserve: reserving a graph for ubatch with n_tokens =    1, n_seqs =  1, n_outputs =    1
sched_reserve: fused Gated Delta Net (autoregressive) enabled
graph_reserve: reserving a graph for ubatch with n_tokens =   16, n_seqs =  1, n_outputs =   16
sched_reserve: fused Gated Delta Net (chunked) enabled
graph_reserve: reserving a graph for ubatch with n_tokens =  512, n_seqs =  1, n_outputs =  512
graph_reserve: reserving a graph for ubatch with n_tokens =    1, n_seqs =  1, n_outputs =    1
graph_reserve: reserving a graph for ubatch with n_tokens =  512, n_seqs =  1, n_outputs =  512
sched_reserve:      CUDA0 compute buffer size =   304.00 MiB
sched_reserve:  CUDA_Host compute buffer size =    14.76 MiB
sched_reserve: graph nodes  = 958
sched_reserve: graph splits = 44 (with bs=512), 2 (with bs=1)
sched_reserve: reserve took 10.75 ms, sched copies = 1
CUDA Graph id 12195 reused
ggml_backend_cuda_graph_compute: CUDA graph warmup complete
CUDA Graph id 12195 reused
CUDA Graph id 12195 reused
CUDA Graph id 12195 reused
CUDA Graph id 12195 reused
CUDA Graph id 12195 reused
CUDA Graph id 12195 reused
CUDA Graph id 12195 reused
CUDA Graph id 12195 reused
CUDA Graph id 12195 reused
CUDA Graph id 12195 reused
CUDA Graph id 12195 reused
CUDA Graph id 12195 reused
CUDA Graph id 12195 reused
CUDA Graph id 12195 reused
CUDA Graph id 12195 reused
CUDA Graph id 12195 reused
CUDA Graph id 12195 reused
CUDA Graph id 12195 reused
CUDA Graph id 12195 reused
CUDA Graph id 12195 reused
CUDA Graph id 12195 reused
CUDA Graph id 12195 reused
CUDA Graph id 12195 reused
CUDA Graph id 12195 reused
CUDA Graph id 12195 reused
CUDA Graph id 12195 reused
ggml_backend_cuda_graph_compute: CUDA graph warmup reset
CUDA Graph id 12198 reused
ggml_backend_cuda_graph_compute: CUDA graph warmup complete
CUDA Graph id 12198 reused
CUDA Graph id 12198 reused
CUDA Graph id 12198 reused
CUDA Graph id 12198 reused
CUDA Graph id 12198 reused
CUDA Graph id 12198 reused
CUDA Graph id 12198 reused
CUDA Graph id 12198 reused
CUDA Graph id 12198 reused
CUDA Graph id 12198 reused
CUDA Graph id 12198 reused
CUDA Graph id 12198 reused
CUDA Graph id 12198 reused
CUDA Graph id 12198 reused
CUDA Graph id 12198 reused
CUDA Graph id 12198 reused
CUDA Graph id 12198 reused
CUDA Graph id 12198 reused
CUDA Graph id 12198 reused
CUDA Graph id 12198 reused
CUDA Graph id 12198 reused
CUDA Graph id 12198 reused
CUDA Graph id 12198 reused
CUDA Graph id 12198 reused
CUDA Graph id 12198 reused
CUDA Graph id 12198 reused
CUDA Graph id 12198 reused
CUDA Graph id 12198 reused
CUDA Graph id 12198 reused
CUDA Graph id 12198 reused
CUDA Graph id 12198 reused
CUDA Graph id 12198 reused
CUDA Graph id 12198 reused
CUDA Graph id 12198 reused
CUDA Graph id 12198 reused
CUDA Graph id 12198 reused
CUDA Graph id 12198 reused
CUDA Graph id 12198 reused
CUDA Graph id 12198 reused
CUDA Graph id 12198 reused
CUDA Graph id 12198 reused
CUDA Graph id 12198 reused
CUDA Graph id 12198 reused
CUDA Graph id 12198 reused
CUDA Graph id 12198 reused
CUDA Graph id 12198 reused
CUDA Graph id 12198 reused
CUDA Graph id 12198 reused
CUDA Graph id 12198 reused
CUDA Graph id 12198 reused
CUDA Graph id 12198 reused
CUDA Graph id 12198 reused
CUDA Graph id 12198 reused
CUDA Graph id 12198 reused
CUDA Graph id 12198 reused
CUDA Graph id 12198 reused
CUDA Graph id 12198 reused
CUDA Graph id 12198 reused
CUDA Graph id 12198 reused
CUDA Graph id 12198 reused
CUDA Graph id 12198 reused
CUDA Graph id 12198 reused
~llama_context:      CUDA0 compute buffer size is 304.0000 MiB, matches expectation of 304.0000 MiB
~llama_context:  CUDA_Host compute buffer size is  14.7637 MiB, matches expectation of  14.7637 MiB
llama_context: constructing llama_context
llama_context: n_seq_max     = 1
llama_context: n_ctx         = 768
llama_context: n_ctx_seq     = 768
llama_context: n_batch       = 748
llama_context: n_ubatch      = 512
llama_context: causal_attn   = 1
llama_context: flash_attn    = auto
llama_context: kv_unified    = false
llama_context: freq_base     = 1000000.0
llama_context: freq_scale    = 1
llama_context: n_rs_seq      = 0
llama_context: n_outputs_max = 748
llama_context: n_ctx_seq (768) < n_ctx_train (32768) -- the full capacity of the model will not be utilized
set_abort_callback: call
llama_context:  CUDA_Host  output buffer size =     0.58 MiB
llama_kv_cache: layer   0: dev = CPU
llama_kv_cache: layer   1: dev = CPU
llama_kv_cache: layer   2: dev = CPU
llama_kv_cache: layer   3: dev = CUDA0
llama_kv_cache: layer   4: dev = CUDA0
llama_kv_cache: layer   5: dev = CUDA0
llama_kv_cache: layer   6: dev = CUDA0
llama_kv_cache: layer   7: dev = CUDA0
llama_kv_cache: layer   8: dev = CUDA0
llama_kv_cache: layer   9: dev = CUDA0
llama_kv_cache: layer  10: dev = CUDA0
llama_kv_cache: layer  11: dev = CUDA0
llama_kv_cache: layer  12: dev = CUDA0
llama_kv_cache: layer  13: dev = CUDA0
llama_kv_cache: layer  14: dev = CUDA0
llama_kv_cache: layer  15: dev = CUDA0
llama_kv_cache: layer  16: dev = CUDA0
llama_kv_cache: layer  17: dev = CUDA0
llama_kv_cache: layer  18: dev = CUDA0
llama_kv_cache: layer  19: dev = CUDA0
llama_kv_cache: layer  20: dev = CUDA0
llama_kv_cache: layer  21: dev = CUDA0
llama_kv_cache: layer  22: dev = CUDA0
llama_kv_cache: layer  23: dev = CUDA0
llama_kv_cache: layer  24: dev = CUDA0
llama_kv_cache: layer  25: dev = CUDA0
llama_kv_cache: layer  26: dev = CUDA0
llama_kv_cache: layer  27: dev = CUDA0
llama_kv_cache:        CPU KV buffer size =     4.50 MiB
llama_kv_cache:      CUDA0 KV buffer size =    37.50 MiB
llama_kv_cache: size =   42.00 MiB (   768 cells,  28 layers,  1/1 seqs), K (f16):   21.00 MiB, V (f16):   21.00 MiB
llama_kv_cache: attn_rot_k = 0, n_embd_head_k_all = 128
llama_kv_cache: attn_rot_v = 0, n_embd_head_k_all = 128
llama_context: enumerating backends
llama_context: backend_ptrs.size() = 2
sched_reserve: reserving ...
sched_reserve: max_nodes = 2712
sched_reserve: reserving full memory module
sched_reserve: worst-case: n_tokens = 512, n_seqs = 1, n_outputs = 1
graph_reserve: reserving a graph for ubatch with n_tokens =    1, n_seqs =  1, n_outputs =    1
sched_reserve: Flash Attention was auto, set to enabled
sched_reserve: resolving fused Gated Delta Net support:
graph_reserve: reserving a graph for ubatch with n_tokens =    1, n_seqs =  1, n_outputs =    1
sched_reserve: fused Gated Delta Net (autoregressive) enabled
graph_reserve: reserving a graph for ubatch with n_tokens =   16, n_seqs =  1, n_outputs =   16
sched_reserve: fused Gated Delta Net (chunked) enabled
graph_reserve: reserving a graph for ubatch with n_tokens =  512, n_seqs =  1, n_outputs =  512
graph_reserve: reserving a graph for ubatch with n_tokens =    1, n_seqs =  1, n_outputs =    1
graph_reserve: reserving a graph for ubatch with n_tokens =  512, n_seqs =  1, n_outputs =  512
sched_reserve:      CUDA0 compute buffer size =   304.00 MiB
sched_reserve:  CUDA_Host compute buffer size =    14.76 MiB
sched_reserve: graph nodes  = 958
sched_reserve: graph splits = 44 (with bs=512), 2 (with bs=1)
sched_reserve: reserve took 16.01 ms, sched copies = 1
CUDA Graph id 12348 reused
ggml_backend_cuda_graph_compute: CUDA graph warmup complete
CUDA Graph id 12348 reused
CUDA Graph id 12348 reused
CUDA Graph id 12348 reused
CUDA Graph id 12348 reused
CUDA Graph id 12348 reused
CUDA Graph id 12348 reused
CUDA Graph id 12348 reused
CUDA Graph id 12348 reused
CUDA Graph id 12348 reused
CUDA Graph id 12348 reused
CUDA Graph id 12348 reused
CUDA Graph id 12348 reused
CUDA Graph id 12348 reused
CUDA Graph id 12348 reused
CUDA Graph id 12348 reused
CUDA Graph id 12348 reused
CUDA Graph id 12348 reused
CUDA Graph id 12348 reused
CUDA Graph id 12348 reused
CUDA Graph id 12348 reused
CUDA Graph id 12348 reused
CUDA Graph id 12348 reused
CUDA Graph id 12348 reused
CUDA Graph id 12348 reused
CUDA Graph id 12348 reused
CUDA Graph id 12348 reused
ggml_backend_cuda_graph_compute: CUDA graph warmup reset
CUDA Graph id 12351 reused
ggml_backend_cuda_graph_compute: CUDA graph warmup complete
CUDA Graph id 12351 reused
CUDA Graph id 12351 reused
CUDA Graph id 12351 reused
CUDA Graph id 12351 reused
CUDA Graph id 12351 reused
CUDA Graph id 12351 reused
CUDA Graph id 12351 reused
CUDA Graph id 12351 reused
CUDA Graph id 12351 reused
CUDA Graph id 12351 reused
CUDA Graph id 12351 reused
CUDA Graph id 12351 reused
CUDA Graph id 12351 reused
CUDA Graph id 12351 reused
CUDA Graph id 12351 reused
CUDA Graph id 12351 reused
CUDA Graph id 12351 reused
CUDA Graph id 12351 reused
CUDA Graph id 12351 reused
CUDA Graph id 12351 reused
CUDA Graph id 12351 reused
CUDA Graph id 12351 reused
CUDA Graph id 12351 reused
CUDA Graph id 12351 reused
CUDA Graph id 12351 reused
CUDA Graph id 12351 reused
CUDA Graph id 12351 reused
CUDA Graph id 12351 reused
CUDA Graph id 12351 reused
CUDA Graph id 12351 reused
CUDA Graph id 12351 reused
CUDA Graph id 12351 reused
CUDA Graph id 12351 reused
CUDA Graph id 12351 reused
CUDA Graph id 12351 reused
CUDA Graph id 12351 reused
CUDA Graph id 12351 reused
CUDA Graph id 12351 reused
CUDA Graph id 12351 reused
CUDA Graph id 12351 reused
CUDA Graph id 12351 reused
CUDA Graph id 12351 reused
CUDA Graph id 12351 reused
CUDA Graph id 12351 reused
CUDA Graph id 12351 reused
CUDA Graph id 12351 reused
CUDA Graph id 12351 reused
CUDA Graph id 12351 reused
CUDA Graph id 12351 reused
CUDA Graph id 12351 reused
CUDA Graph id 12351 reused
CUDA Graph id 12351 reused
CUDA Graph id 12351 reused
CUDA Graph id 12351 reused
~llama_context:      CUDA0 compute buffer size is 304.0000 MiB, matches expectation of 304.0000 MiB
~llama_context:  CUDA_Host compute buffer size is  14.7637 MiB, matches expectation of  14.7637 MiB
llama_context: constructing llama_context
llama_context: n_seq_max     = 1
llama_context: n_ctx         = 768
llama_context: n_ctx_seq     = 768
llama_context: n_batch       = 748
llama_context: n_ubatch      = 512
llama_context: causal_attn   = 1
llama_context: flash_attn    = auto
llama_context: kv_unified    = false
llama_context: freq_base     = 1000000.0
llama_context: freq_scale    = 1
llama_context: n_rs_seq      = 0
llama_context: n_outputs_max = 748
llama_context: n_ctx_seq (768) < n_ctx_train (32768) -- the full capacity of the model will not be utilized
set_abort_callback: call
llama_context:  CUDA_Host  output buffer size =     0.58 MiB
llama_kv_cache: layer   0: dev = CPU
llama_kv_cache: layer   1: dev = CPU
llama_kv_cache: layer   2: dev = CPU
llama_kv_cache: layer   3: dev = CUDA0
llama_kv_cache: layer   4: dev = CUDA0
llama_kv_cache: layer   5: dev = CUDA0
llama_kv_cache: layer   6: dev = CUDA0
llama_kv_cache: layer   7: dev = CUDA0
llama_kv_cache: layer   8: dev = CUDA0
llama_kv_cache: layer   9: dev = CUDA0
llama_kv_cache: layer  10: dev = CUDA0
llama_kv_cache: layer  11: dev = CUDA0
llama_kv_cache: layer  12: dev = CUDA0
llama_kv_cache: layer  13: dev = CUDA0
llama_kv_cache: layer  14: dev = CUDA0
llama_kv_cache: layer  15: dev = CUDA0
llama_kv_cache: layer  16: dev = CUDA0
llama_kv_cache: layer  17: dev = CUDA0
llama_kv_cache: layer  18: dev = CUDA0
llama_kv_cache: layer  19: dev = CUDA0
llama_kv_cache: layer  20: dev = CUDA0
llama_kv_cache: layer  21: dev = CUDA0
llama_kv_cache: layer  22: dev = CUDA0
llama_kv_cache: layer  23: dev = CUDA0
llama_kv_cache: layer  24: dev = CUDA0
llama_kv_cache: layer  25: dev = CUDA0
llama_kv_cache: layer  26: dev = CUDA0
llama_kv_cache: layer  27: dev = CUDA0
llama_kv_cache:        CPU KV buffer size =     4.50 MiB
llama_kv_cache:      CUDA0 KV buffer size =    37.50 MiB
llama_kv_cache: size =   42.00 MiB (   768 cells,  28 layers,  1/1 seqs), K (f16):   21.00 MiB, V (f16):   21.00 MiB
llama_kv_cache: attn_rot_k = 0, n_embd_head_k_all = 128
llama_kv_cache: attn_rot_v = 0, n_embd_head_k_all = 128
llama_context: enumerating backends
llama_context: backend_ptrs.size() = 2
sched_reserve: reserving ...
sched_reserve: max_nodes = 2712
sched_reserve: reserving full memory module
sched_reserve: worst-case: n_tokens = 512, n_seqs = 1, n_outputs = 1
graph_reserve: reserving a graph for ubatch with n_tokens =    1, n_seqs =  1, n_outputs =    1
sched_reserve: Flash Attention was auto, set to enabled
sched_reserve: resolving fused Gated Delta Net support:
graph_reserve: reserving a graph for ubatch with n_tokens =    1, n_seqs =  1, n_outputs =    1
sched_reserve: fused Gated Delta Net (autoregressive) enabled
graph_reserve: reserving a graph for ubatch with n_tokens =   16, n_seqs =  1, n_outputs =   16
sched_reserve: fused Gated Delta Net (chunked) enabled
graph_reserve: reserving a graph for ubatch with n_tokens =  512, n_seqs =  1, n_outputs =  512
graph_reserve: reserving a graph for ubatch with n_tokens =    1, n_seqs =  1, n_outputs =    1
graph_reserve: reserving a graph for ubatch with n_tokens =  512, n_seqs =  1, n_outputs =  512
sched_reserve:      CUDA0 compute buffer size =   304.00 MiB
sched_reserve:  CUDA_Host compute buffer size =    14.76 MiB
sched_reserve: graph nodes  = 958
sched_reserve: graph splits = 44 (with bs=512), 2 (with bs=1)
sched_reserve: reserve took 11.06 ms, sched copies = 1
CUDA Graph id 12501 reused
ggml_backend_cuda_graph_compute: CUDA graph warmup complete
CUDA Graph id 12501 reused
CUDA Graph id 12501 reused
CUDA Graph id 12501 reused
CUDA Graph id 12501 reused
CUDA Graph id 12501 reused
CUDA Graph id 12501 reused
CUDA Graph id 12501 reused
CUDA Graph id 12501 reused
CUDA Graph id 12501 reused
CUDA Graph id 12501 reused
CUDA Graph id 12501 reused
CUDA Graph id 12501 reused
CUDA Graph id 12501 reused
CUDA Graph id 12501 reused
CUDA Graph id 12501 reused
CUDA Graph id 12501 reused
CUDA Graph id 12501 reused
CUDA Graph id 12501 reused
CUDA Graph id 12501 reused
~llama_context:      CUDA0 compute buffer size is 304.0000 MiB, matches expectation of 304.0000 MiB
~llama_context:  CUDA_Host compute buffer size is  14.7637 MiB, matches expectation of  14.7637 MiB
llama_context: constructing llama_context
llama_context: n_seq_max     = 1
llama_context: n_ctx         = 768
llama_context: n_ctx_seq     = 768
llama_context: n_batch       = 748
llama_context: n_ubatch      = 512
llama_context: causal_attn   = 1
llama_context: flash_attn    = auto
llama_context: kv_unified    = false
llama_context: freq_base     = 1000000.0
llama_context: freq_scale    = 1
llama_context: n_rs_seq      = 0
llama_context: n_outputs_max = 748
llama_context: n_ctx_seq (768) < n_ctx_train (32768) -- the full capacity of the model will not be utilized
set_abort_callback: call
llama_context:  CUDA_Host  output buffer size =     0.58 MiB
llama_kv_cache: layer   0: dev = CPU
llama_kv_cache: layer   1: dev = CPU
llama_kv_cache: layer   2: dev = CPU
llama_kv_cache: layer   3: dev = CUDA0
llama_kv_cache: layer   4: dev = CUDA0
llama_kv_cache: layer   5: dev = CUDA0
llama_kv_cache: layer   6: dev = CUDA0
llama_kv_cache: layer   7: dev = CUDA0
llama_kv_cache: layer   8: dev = CUDA0
llama_kv_cache: layer   9: dev = CUDA0
llama_kv_cache: layer  10: dev = CUDA0
llama_kv_cache: layer  11: dev = CUDA0
llama_kv_cache: layer  12: dev = CUDA0
llama_kv_cache: layer  13: dev = CUDA0
llama_kv_cache: layer  14: dev = CUDA0
llama_kv_cache: layer  15: dev = CUDA0
llama_kv_cache: layer  16: dev = CUDA0
llama_kv_cache: layer  17: dev = CUDA0
llama_kv_cache: layer  18: dev = CUDA0
llama_kv_cache: layer  19: dev = CUDA0
llama_kv_cache: layer  20: dev = CUDA0
llama_kv_cache: layer  21: dev = CUDA0
llama_kv_cache: layer  22: dev = CUDA0
llama_kv_cache: layer  23: dev = CUDA0
llama_kv_cache: layer  24: dev = CUDA0
llama_kv_cache: layer  25: dev = CUDA0
llama_kv_cache: layer  26: dev = CUDA0
llama_kv_cache: layer  27: dev = CUDA0
llama_kv_cache:        CPU KV buffer size =     4.50 MiB
llama_kv_cache:      CUDA0 KV buffer size =    37.50 MiB
llama_kv_cache: size =   42.00 MiB (   768 cells,  28 layers,  1/1 seqs), K (f16):   21.00 MiB, V (f16):   21.00 MiB
llama_kv_cache: attn_rot_k = 0, n_embd_head_k_all = 128
llama_kv_cache: attn_rot_v = 0, n_embd_head_k_all = 128
llama_context: enumerating backends
llama_context: backend_ptrs.size() = 2
sched_reserve: reserving ...
sched_reserve: max_nodes = 2712
sched_reserve: reserving full memory module
sched_reserve: worst-case: n_tokens = 512, n_seqs = 1, n_outputs = 1
graph_reserve: reserving a graph for ubatch with n_tokens =    1, n_seqs =  1, n_outputs =    1
sched_reserve: Flash Attention was auto, set to enabled
sched_reserve: resolving fused Gated Delta Net support:
graph_reserve: reserving a graph for ubatch with n_tokens =    1, n_seqs =  1, n_outputs =    1
sched_reserve: fused Gated Delta Net (autoregressive) enabled
graph_reserve: reserving a graph for ubatch with n_tokens =   16, n_seqs =  1, n_outputs =   16
sched_reserve: fused Gated Delta Net (chunked) enabled
graph_reserve: reserving a graph for ubatch with n_tokens =  512, n_seqs =  1, n_outputs =  512
graph_reserve: reserving a graph for ubatch with n_tokens =    1, n_seqs =  1, n_outputs =    1
graph_reserve: reserving a graph for ubatch with n_tokens =  512, n_seqs =  1, n_outputs =  512
sched_reserve:      CUDA0 compute buffer size =   304.00 MiB
sched_reserve:  CUDA_Host compute buffer size =    14.76 MiB
sched_reserve: graph nodes  = 958
sched_reserve: graph splits = 44 (with bs=512), 2 (with bs=1)
sched_reserve: reserve took 12.54 ms, sched copies = 1
CUDA Graph id 12651 reused
ggml_backend_cuda_graph_compute: CUDA graph warmup complete
CUDA Graph id 12651 reused
CUDA Graph id 12651 reused
CUDA Graph id 12651 reused
CUDA Graph id 12651 reused
CUDA Graph id 12651 reused
CUDA Graph id 12651 reused
CUDA Graph id 12651 reused
CUDA Graph id 12651 reused
CUDA Graph id 12651 reused
CUDA Graph id 12651 reused
CUDA Graph id 12651 reused
CUDA Graph id 12651 reused
CUDA Graph id 12651 reused
CUDA Graph id 12651 reused
CUDA Graph id 12651 reused
CUDA Graph id 12651 reused
CUDA Graph id 12651 reused
CUDA Graph id 12651 reused
CUDA Graph id 12651 reused
CUDA Graph id 12651 reused
CUDA Graph id 12651 reused
CUDA Graph id 12651 reused
CUDA Graph id 12651 reused
CUDA Graph id 12651 reused
CUDA Graph id 12651 reused
CUDA Graph id 12651 reused
ggml_backend_cuda_graph_compute: CUDA graph warmup reset
CUDA Graph id 12654 reused
ggml_backend_cuda_graph_compute: CUDA graph warmup complete
CUDA Graph id 12654 reused
CUDA Graph id 12654 reused
CUDA Graph id 12654 reused
CUDA Graph id 12654 reused
CUDA Graph id 12654 reused
CUDA Graph id 12654 reused
~llama_context:      CUDA0 compute buffer size is 304.0000 MiB, matches expectation of 304.0000 MiB
~llama_context:  CUDA_Host compute buffer size is  14.7637 MiB, matches expectation of  14.7637 MiB
schema 64/75 done
llama_context: constructing llama_context
llama_context: n_seq_max     = 1
llama_context: n_ctx         = 768
llama_context: n_ctx_seq     = 768
llama_context: n_batch       = 698
llama_context: n_ubatch      = 512
llama_context: causal_attn   = 1
llama_context: flash_attn    = auto
llama_context: kv_unified    = false
llama_context: freq_base     = 1000000.0
llama_context: freq_scale    = 1
llama_context: n_rs_seq      = 0
llama_context: n_outputs_max = 698
llama_context: n_ctx_seq (768) < n_ctx_train (32768) -- the full capacity of the model will not be utilized
set_abort_callback: call
llama_context:  CUDA_Host  output buffer size =     0.58 MiB
llama_kv_cache: layer   0: dev = CPU
llama_kv_cache: layer   1: dev = CPU
llama_kv_cache: layer   2: dev = CPU
llama_kv_cache: layer   3: dev = CUDA0
llama_kv_cache: layer   4: dev = CUDA0
llama_kv_cache: layer   5: dev = CUDA0
llama_kv_cache: layer   6: dev = CUDA0
llama_kv_cache: layer   7: dev = CUDA0
llama_kv_cache: layer   8: dev = CUDA0
llama_kv_cache: layer   9: dev = CUDA0
llama_kv_cache: layer  10: dev = CUDA0
llama_kv_cache: layer  11: dev = CUDA0
llama_kv_cache: layer  12: dev = CUDA0
llama_kv_cache: layer  13: dev = CUDA0
llama_kv_cache: layer  14: dev = CUDA0
llama_kv_cache: layer  15: dev = CUDA0
llama_kv_cache: layer  16: dev = CUDA0
llama_kv_cache: layer  17: dev = CUDA0
llama_kv_cache: layer  18: dev = CUDA0
llama_kv_cache: layer  19: dev = CUDA0
llama_kv_cache: layer  20: dev = CUDA0
llama_kv_cache: layer  21: dev = CUDA0
llama_kv_cache: layer  22: dev = CUDA0
llama_kv_cache: layer  23: dev = CUDA0
llama_kv_cache: layer  24: dev = CUDA0
llama_kv_cache: layer  25: dev = CUDA0
llama_kv_cache: layer  26: dev = CUDA0
llama_kv_cache: layer  27: dev = CUDA0
llama_kv_cache:        CPU KV buffer size =     4.50 MiB
llama_kv_cache:      CUDA0 KV buffer size =    37.50 MiB
llama_kv_cache: size =   42.00 MiB (   768 cells,  28 layers,  1/1 seqs), K (f16):   21.00 MiB, V (f16):   21.00 MiB
llama_kv_cache: attn_rot_k = 0, n_embd_head_k_all = 128
llama_kv_cache: attn_rot_v = 0, n_embd_head_k_all = 128
llama_context: enumerating backends
llama_context: backend_ptrs.size() = 2
sched_reserve: reserving ...
sched_reserve: max_nodes = 2712
sched_reserve: reserving full memory module
sched_reserve: worst-case: n_tokens = 512, n_seqs = 1, n_outputs = 1
graph_reserve: reserving a graph for ubatch with n_tokens =    1, n_seqs =  1, n_outputs =    1
sched_reserve: Flash Attention was auto, set to enabled
sched_reserve: resolving fused Gated Delta Net support:
graph_reserve: reserving a graph for ubatch with n_tokens =    1, n_seqs =  1, n_outputs =    1
sched_reserve: fused Gated Delta Net (autoregressive) enabled
graph_reserve: reserving a graph for ubatch with n_tokens =   16, n_seqs =  1, n_outputs =   16
sched_reserve: fused Gated Delta Net (chunked) enabled
graph_reserve: reserving a graph for ubatch with n_tokens =  512, n_seqs =  1, n_outputs =  512
graph_reserve: reserving a graph for ubatch with n_tokens =    1, n_seqs =  1, n_outputs =    1
graph_reserve: reserving a graph for ubatch with n_tokens =  512, n_seqs =  1, n_outputs =  512
sched_reserve:      CUDA0 compute buffer size =   304.00 MiB
sched_reserve:  CUDA_Host compute buffer size =    14.76 MiB
sched_reserve: graph nodes  = 958
sched_reserve: graph splits = 44 (with bs=512), 2 (with bs=1)
sched_reserve: reserve took 12.71 ms, sched copies = 1
CUDA Graph id 12804 reused
ggml_backend_cuda_graph_compute: CUDA graph warmup complete
CUDA Graph id 12804 reused
CUDA Graph id 12804 reused
CUDA Graph id 12804 reused
CUDA Graph id 12804 reused
CUDA Graph id 12804 reused
CUDA Graph id 12804 reused
CUDA Graph id 12804 reused
CUDA Graph id 12804 reused
CUDA Graph id 12804 reused
CUDA Graph id 12804 reused
CUDA Graph id 12804 reused
CUDA Graph id 12804 reused
CUDA Graph id 12804 reused
CUDA Graph id 12804 reused
CUDA Graph id 12804 reused
CUDA Graph id 12804 reused
CUDA Graph id 12804 reused
CUDA Graph id 12804 reused
CUDA Graph id 12804 reused
CUDA Graph id 12804 reused
CUDA Graph id 12804 reused
CUDA Graph id 12804 reused
CUDA Graph id 12804 reused
CUDA Graph id 12804 reused
CUDA Graph id 12804 reused
CUDA Graph id 12804 reused
~llama_context:      CUDA0 compute buffer size is 304.0000 MiB, matches expectation of 304.0000 MiB
~llama_context:  CUDA_Host compute buffer size is  14.7637 MiB, matches expectation of  14.7637 MiB
llama_context: constructing llama_context
llama_context: n_seq_max     = 1
llama_context: n_ctx         = 768
llama_context: n_ctx_seq     = 768
llama_context: n_batch       = 698
llama_context: n_ubatch      = 512
llama_context: causal_attn   = 1
llama_context: flash_attn    = auto
llama_context: kv_unified    = false
llama_context: freq_base     = 1000000.0
llama_context: freq_scale    = 1
llama_context: n_rs_seq      = 0
llama_context: n_outputs_max = 698
llama_context: n_ctx_seq (768) < n_ctx_train (32768) -- the full capacity of the model will not be utilized
set_abort_callback: call
llama_context:  CUDA_Host  output buffer size =     0.58 MiB
llama_kv_cache: layer   0: dev = CPU
llama_kv_cache: layer   1: dev = CPU
llama_kv_cache: layer   2: dev = CPU
llama_kv_cache: layer   3: dev = CUDA0
llama_kv_cache: layer   4: dev = CUDA0
llama_kv_cache: layer   5: dev = CUDA0
llama_kv_cache: layer   6: dev = CUDA0
llama_kv_cache: layer   7: dev = CUDA0
llama_kv_cache: layer   8: dev = CUDA0
llama_kv_cache: layer   9: dev = CUDA0
llama_kv_cache: layer  10: dev = CUDA0
llama_kv_cache: layer  11: dev = CUDA0
llama_kv_cache: layer  12: dev = CUDA0
llama_kv_cache: layer  13: dev = CUDA0
llama_kv_cache: layer  14: dev = CUDA0
llama_kv_cache: layer  15: dev = CUDA0
llama_kv_cache: layer  16: dev = CUDA0
llama_kv_cache: layer  17: dev = CUDA0
llama_kv_cache: layer  18: dev = CUDA0
llama_kv_cache: layer  19: dev = CUDA0
llama_kv_cache: layer  20: dev = CUDA0
llama_kv_cache: layer  21: dev = CUDA0
llama_kv_cache: layer  22: dev = CUDA0
llama_kv_cache: layer  23: dev = CUDA0
llama_kv_cache: layer  24: dev = CUDA0
llama_kv_cache: layer  25: dev = CUDA0
llama_kv_cache: layer  26: dev = CUDA0
llama_kv_cache: layer  27: dev = CUDA0
llama_kv_cache:        CPU KV buffer size =     4.50 MiB
llama_kv_cache:      CUDA0 KV buffer size =    37.50 MiB
llama_kv_cache: size =   42.00 MiB (   768 cells,  28 layers,  1/1 seqs), K (f16):   21.00 MiB, V (f16):   21.00 MiB
llama_kv_cache: attn_rot_k = 0, n_embd_head_k_all = 128
llama_kv_cache: attn_rot_v = 0, n_embd_head_k_all = 128
llama_context: enumerating backends
llama_context: backend_ptrs.size() = 2
sched_reserve: reserving ...
sched_reserve: max_nodes = 2712
sched_reserve: reserving full memory module
sched_reserve: worst-case: n_tokens = 512, n_seqs = 1, n_outputs = 1
graph_reserve: reserving a graph for ubatch with n_tokens =    1, n_seqs =  1, n_outputs =    1
sched_reserve: Flash Attention was auto, set to enabled
sched_reserve: resolving fused Gated Delta Net support:
graph_reserve: reserving a graph for ubatch with n_tokens =    1, n_seqs =  1, n_outputs =    1
sched_reserve: fused Gated Delta Net (autoregressive) enabled
graph_reserve: reserving a graph for ubatch with n_tokens =   16, n_seqs =  1, n_outputs =   16
sched_reserve: fused Gated Delta Net (chunked) enabled
graph_reserve: reserving a graph for ubatch with n_tokens =  512, n_seqs =  1, n_outputs =  512
graph_reserve: reserving a graph for ubatch with n_tokens =    1, n_seqs =  1, n_outputs =    1
graph_reserve: reserving a graph for ubatch with n_tokens =  512, n_seqs =  1, n_outputs =  512
sched_reserve:      CUDA0 compute buffer size =   304.00 MiB
sched_reserve:  CUDA_Host compute buffer size =    14.76 MiB
sched_reserve: graph nodes  = 958
sched_reserve: graph splits = 44 (with bs=512), 2 (with bs=1)
sched_reserve: reserve took 17.28 ms, sched copies = 1
CUDA Graph id 12954 reused
ggml_backend_cuda_graph_compute: CUDA graph warmup complete
CUDA Graph id 12954 reused
CUDA Graph id 12954 reused
CUDA Graph id 12954 reused
CUDA Graph id 12954 reused
CUDA Graph id 12954 reused
CUDA Graph id 12954 reused
CUDA Graph id 12954 reused
CUDA Graph id 12954 reused
CUDA Graph id 12954 reused
CUDA Graph id 12954 reused
CUDA Graph id 12954 reused
CUDA Graph id 12954 reused
CUDA Graph id 12954 reused
CUDA Graph id 12954 reused
CUDA Graph id 12954 reused
CUDA Graph id 12954 reused
CUDA Graph id 12954 reused
CUDA Graph id 12954 reused
CUDA Graph id 12954 reused
CUDA Graph id 12954 reused
CUDA Graph id 12954 reused
CUDA Graph id 12954 reused
CUDA Graph id 12954 reused
CUDA Graph id 12954 reused
CUDA Graph id 12954 reused
CUDA Graph id 12954 reused
~llama_context:      CUDA0 compute buffer size is 304.0000 MiB, matches expectation of 304.0000 MiB
~llama_context:  CUDA_Host compute buffer size is  14.7637 MiB, matches expectation of  14.7637 MiB
llama_context: constructing llama_context
llama_context: n_seq_max     = 1
llama_context: n_ctx         = 768
llama_context: n_ctx_seq     = 768
llama_context: n_batch       = 698
llama_context: n_ubatch      = 512
llama_context: causal_attn   = 1
llama_context: flash_attn    = auto
llama_context: kv_unified    = false
llama_context: freq_base     = 1000000.0
llama_context: freq_scale    = 1
llama_context: n_rs_seq      = 0
llama_context: n_outputs_max = 698
llama_context: n_ctx_seq (768) < n_ctx_train (32768) -- the full capacity of the model will not be utilized
set_abort_callback: call
llama_context:  CUDA_Host  output buffer size =     0.58 MiB
llama_kv_cache: layer   0: dev = CPU
llama_kv_cache: layer   1: dev = CPU
llama_kv_cache: layer   2: dev = CPU
llama_kv_cache: layer   3: dev = CUDA0
llama_kv_cache: layer   4: dev = CUDA0
llama_kv_cache: layer   5: dev = CUDA0
llama_kv_cache: layer   6: dev = CUDA0
llama_kv_cache: layer   7: dev = CUDA0
llama_kv_cache: layer   8: dev = CUDA0
llama_kv_cache: layer   9: dev = CUDA0
llama_kv_cache: layer  10: dev = CUDA0
llama_kv_cache: layer  11: dev = CUDA0
llama_kv_cache: layer  12: dev = CUDA0
llama_kv_cache: layer  13: dev = CUDA0
llama_kv_cache: layer  14: dev = CUDA0
llama_kv_cache: layer  15: dev = CUDA0
llama_kv_cache: layer  16: dev = CUDA0
llama_kv_cache: layer  17: dev = CUDA0
llama_kv_cache: layer  18: dev = CUDA0
llama_kv_cache: layer  19: dev = CUDA0
llama_kv_cache: layer  20: dev = CUDA0
llama_kv_cache: layer  21: dev = CUDA0
llama_kv_cache: layer  22: dev = CUDA0
llama_kv_cache: layer  23: dev = CUDA0
llama_kv_cache: layer  24: dev = CUDA0
llama_kv_cache: layer  25: dev = CUDA0
llama_kv_cache: layer  26: dev = CUDA0
llama_kv_cache: layer  27: dev = CUDA0
llama_kv_cache:        CPU KV buffer size =     4.50 MiB
llama_kv_cache:      CUDA0 KV buffer size =    37.50 MiB
llama_kv_cache: size =   42.00 MiB (   768 cells,  28 layers,  1/1 seqs), K (f16):   21.00 MiB, V (f16):   21.00 MiB
llama_kv_cache: attn_rot_k = 0, n_embd_head_k_all = 128
llama_kv_cache: attn_rot_v = 0, n_embd_head_k_all = 128
llama_context: enumerating backends
llama_context: backend_ptrs.size() = 2
sched_reserve: reserving ...
sched_reserve: max_nodes = 2712
sched_reserve: reserving full memory module
sched_reserve: worst-case: n_tokens = 512, n_seqs = 1, n_outputs = 1
graph_reserve: reserving a graph for ubatch with n_tokens =    1, n_seqs =  1, n_outputs =    1
sched_reserve: Flash Attention was auto, set to enabled
sched_reserve: resolving fused Gated Delta Net support:
graph_reserve: reserving a graph for ubatch with n_tokens =    1, n_seqs =  1, n_outputs =    1
sched_reserve: fused Gated Delta Net (autoregressive) enabled
graph_reserve: reserving a graph for ubatch with n_tokens =   16, n_seqs =  1, n_outputs =   16
sched_reserve: fused Gated Delta Net (chunked) enabled
graph_reserve: reserving a graph for ubatch with n_tokens =  512, n_seqs =  1, n_outputs =  512
graph_reserve: reserving a graph for ubatch with n_tokens =    1, n_seqs =  1, n_outputs =    1
graph_reserve: reserving a graph for ubatch with n_tokens =  512, n_seqs =  1, n_outputs =  512
sched_reserve:      CUDA0 compute buffer size =   304.00 MiB
sched_reserve:  CUDA_Host compute buffer size =    14.76 MiB
sched_reserve: graph nodes  = 958
sched_reserve: graph splits = 44 (with bs=512), 2 (with bs=1)
sched_reserve: reserve took 12.34 ms, sched copies = 1
CUDA Graph id 13104 reused
ggml_backend_cuda_graph_compute: CUDA graph warmup complete
CUDA Graph id 13104 reused
CUDA Graph id 13104 reused
CUDA Graph id 13104 reused
CUDA Graph id 13104 reused
CUDA Graph id 13104 reused
CUDA Graph id 13104 reused
CUDA Graph id 13104 reused
CUDA Graph id 13104 reused
CUDA Graph id 13104 reused
CUDA Graph id 13104 reused
CUDA Graph id 13104 reused
CUDA Graph id 13104 reused
CUDA Graph id 13104 reused
CUDA Graph id 13104 reused
CUDA Graph id 13104 reused
CUDA Graph id 13104 reused
CUDA Graph id 13104 reused
CUDA Graph id 13104 reused
CUDA Graph id 13104 reused
CUDA Graph id 13104 reused
CUDA Graph id 13104 reused
CUDA Graph id 13104 reused
CUDA Graph id 13104 reused
CUDA Graph id 13104 reused
CUDA Graph id 13104 reused
CUDA Graph id 13104 reused
~llama_context:      CUDA0 compute buffer size is 304.0000 MiB, matches expectation of 304.0000 MiB
~llama_context:  CUDA_Host compute buffer size is  14.7637 MiB, matches expectation of  14.7637 MiB
llama_context: constructing llama_context
llama_context: n_seq_max     = 1
llama_context: n_ctx         = 768
llama_context: n_ctx_seq     = 768
llama_context: n_batch       = 698
llama_context: n_ubatch      = 512
llama_context: causal_attn   = 1
llama_context: flash_attn    = auto
llama_context: kv_unified    = false
llama_context: freq_base     = 1000000.0
llama_context: freq_scale    = 1
llama_context: n_rs_seq      = 0
llama_context: n_outputs_max = 698
llama_context: n_ctx_seq (768) < n_ctx_train (32768) -- the full capacity of the model will not be utilized
set_abort_callback: call
llama_context:  CUDA_Host  output buffer size =     0.58 MiB
llama_kv_cache: layer   0: dev = CPU
llama_kv_cache: layer   1: dev = CPU
llama_kv_cache: layer   2: dev = CPU
llama_kv_cache: layer   3: dev = CUDA0
llama_kv_cache: layer   4: dev = CUDA0
llama_kv_cache: layer   5: dev = CUDA0
llama_kv_cache: layer   6: dev = CUDA0
llama_kv_cache: layer   7: dev = CUDA0
llama_kv_cache: layer   8: dev = CUDA0
llama_kv_cache: layer   9: dev = CUDA0
llama_kv_cache: layer  10: dev = CUDA0
llama_kv_cache: layer  11: dev = CUDA0
llama_kv_cache: layer  12: dev = CUDA0
llama_kv_cache: layer  13: dev = CUDA0
llama_kv_cache: layer  14: dev = CUDA0
llama_kv_cache: layer  15: dev = CUDA0
llama_kv_cache: layer  16: dev = CUDA0
llama_kv_cache: layer  17: dev = CUDA0
llama_kv_cache: layer  18: dev = CUDA0
llama_kv_cache: layer  19: dev = CUDA0
llama_kv_cache: layer  20: dev = CUDA0
llama_kv_cache: layer  21: dev = CUDA0
llama_kv_cache: layer  22: dev = CUDA0
llama_kv_cache: layer  23: dev = CUDA0
llama_kv_cache: layer  24: dev = CUDA0
llama_kv_cache: layer  25: dev = CUDA0
llama_kv_cache: layer  26: dev = CUDA0
llama_kv_cache: layer  27: dev = CUDA0
llama_kv_cache:        CPU KV buffer size =     4.50 MiB
llama_kv_cache:      CUDA0 KV buffer size =    37.50 MiB
llama_kv_cache: size =   42.00 MiB (   768 cells,  28 layers,  1/1 seqs), K (f16):   21.00 MiB, V (f16):   21.00 MiB
llama_kv_cache: attn_rot_k = 0, n_embd_head_k_all = 128
llama_kv_cache: attn_rot_v = 0, n_embd_head_k_all = 128
llama_context: enumerating backends
llama_context: backend_ptrs.size() = 2
sched_reserve: reserving ...
sched_reserve: max_nodes = 2712
sched_reserve: reserving full memory module
sched_reserve: worst-case: n_tokens = 512, n_seqs = 1, n_outputs = 1
graph_reserve: reserving a graph for ubatch with n_tokens =    1, n_seqs =  1, n_outputs =    1
sched_reserve: Flash Attention was auto, set to enabled
sched_reserve: resolving fused Gated Delta Net support:
graph_reserve: reserving a graph for ubatch with n_tokens =    1, n_seqs =  1, n_outputs =    1
sched_reserve: fused Gated Delta Net (autoregressive) enabled
graph_reserve: reserving a graph for ubatch with n_tokens =   16, n_seqs =  1, n_outputs =   16
sched_reserve: fused Gated Delta Net (chunked) enabled
graph_reserve: reserving a graph for ubatch with n_tokens =  512, n_seqs =  1, n_outputs =  512
graph_reserve: reserving a graph for ubatch with n_tokens =    1, n_seqs =  1, n_outputs =    1
graph_reserve: reserving a graph for ubatch with n_tokens =  512, n_seqs =  1, n_outputs =  512
sched_reserve:      CUDA0 compute buffer size =   304.00 MiB
sched_reserve:  CUDA_Host compute buffer size =    14.76 MiB
sched_reserve: graph nodes  = 958
sched_reserve: graph splits = 44 (with bs=512), 2 (with bs=1)
sched_reserve: reserve took 17.88 ms, sched copies = 1
CUDA Graph id 13254 reused
ggml_backend_cuda_graph_compute: CUDA graph warmup complete
CUDA Graph id 13254 reused
CUDA Graph id 13254 reused
CUDA Graph id 13254 reused
CUDA Graph id 13254 reused
CUDA Graph id 13254 reused
CUDA Graph id 13254 reused
CUDA Graph id 13254 reused
CUDA Graph id 13254 reused
CUDA Graph id 13254 reused
CUDA Graph id 13254 reused
CUDA Graph id 13254 reused
CUDA Graph id 13254 reused
CUDA Graph id 13254 reused
CUDA Graph id 13254 reused
CUDA Graph id 13254 reused
CUDA Graph id 13254 reused
CUDA Graph id 13254 reused
CUDA Graph id 13254 reused
CUDA Graph id 13254 reused
CUDA Graph id 13254 reused
CUDA Graph id 13254 reused
CUDA Graph id 13254 reused
CUDA Graph id 13254 reused
CUDA Graph id 13254 reused
CUDA Graph id 13254 reused
CUDA Graph id 13254 reused
~llama_context:      CUDA0 compute buffer size is 304.0000 MiB, matches expectation of 304.0000 MiB
~llama_context:  CUDA_Host compute buffer size is  14.7637 MiB, matches expectation of  14.7637 MiB
llama_context: constructing llama_context
llama_context: n_seq_max     = 1
llama_context: n_ctx         = 768
llama_context: n_ctx_seq     = 768
llama_context: n_batch       = 698
llama_context: n_ubatch      = 512
llama_context: causal_attn   = 1
llama_context: flash_attn    = auto
llama_context: kv_unified    = false
llama_context: freq_base     = 1000000.0
llama_context: freq_scale    = 1
llama_context: n_rs_seq      = 0
llama_context: n_outputs_max = 698
llama_context: n_ctx_seq (768) < n_ctx_train (32768) -- the full capacity of the model will not be utilized
set_abort_callback: call
llama_context:  CUDA_Host  output buffer size =     0.58 MiB
llama_kv_cache: layer   0: dev = CPU
llama_kv_cache: layer   1: dev = CPU
llama_kv_cache: layer   2: dev = CPU
llama_kv_cache: layer   3: dev = CUDA0
llama_kv_cache: layer   4: dev = CUDA0
llama_kv_cache: layer   5: dev = CUDA0
llama_kv_cache: layer   6: dev = CUDA0
llama_kv_cache: layer   7: dev = CUDA0
llama_kv_cache: layer   8: dev = CUDA0
llama_kv_cache: layer   9: dev = CUDA0
llama_kv_cache: layer  10: dev = CUDA0
llama_kv_cache: layer  11: dev = CUDA0
llama_kv_cache: layer  12: dev = CUDA0
llama_kv_cache: layer  13: dev = CUDA0
llama_kv_cache: layer  14: dev = CUDA0
llama_kv_cache: layer  15: dev = CUDA0
llama_kv_cache: layer  16: dev = CUDA0
llama_kv_cache: layer  17: dev = CUDA0
llama_kv_cache: layer  18: dev = CUDA0
llama_kv_cache: layer  19: dev = CUDA0
llama_kv_cache: layer  20: dev = CUDA0
llama_kv_cache: layer  21: dev = CUDA0
llama_kv_cache: layer  22: dev = CUDA0
llama_kv_cache: layer  23: dev = CUDA0
llama_kv_cache: layer  24: dev = CUDA0
llama_kv_cache: layer  25: dev = CUDA0
llama_kv_cache: layer  26: dev = CUDA0
llama_kv_cache: layer  27: dev = CUDA0
llama_kv_cache:        CPU KV buffer size =     4.50 MiB
llama_kv_cache:      CUDA0 KV buffer size =    37.50 MiB
llama_kv_cache: size =   42.00 MiB (   768 cells,  28 layers,  1/1 seqs), K (f16):   21.00 MiB, V (f16):   21.00 MiB
llama_kv_cache: attn_rot_k = 0, n_embd_head_k_all = 128
llama_kv_cache: attn_rot_v = 0, n_embd_head_k_all = 128
llama_context: enumerating backends
llama_context: backend_ptrs.size() = 2
sched_reserve: reserving ...
sched_reserve: max_nodes = 2712
sched_reserve: reserving full memory module
sched_reserve: worst-case: n_tokens = 512, n_seqs = 1, n_outputs = 1
graph_reserve: reserving a graph for ubatch with n_tokens =    1, n_seqs =  1, n_outputs =    1
sched_reserve: Flash Attention was auto, set to enabled
sched_reserve: resolving fused Gated Delta Net support:
graph_reserve: reserving a graph for ubatch with n_tokens =    1, n_seqs =  1, n_outputs =    1
sched_reserve: fused Gated Delta Net (autoregressive) enabled
graph_reserve: reserving a graph for ubatch with n_tokens =   16, n_seqs =  1, n_outputs =   16
sched_reserve: fused Gated Delta Net (chunked) enabled
graph_reserve: reserving a graph for ubatch with n_tokens =  512, n_seqs =  1, n_outputs =  512
graph_reserve: reserving a graph for ubatch with n_tokens =    1, n_seqs =  1, n_outputs =    1
graph_reserve: reserving a graph for ubatch with n_tokens =  512, n_seqs =  1, n_outputs =  512
sched_reserve:      CUDA0 compute buffer size =   304.00 MiB
sched_reserve:  CUDA_Host compute buffer size =    14.76 MiB
sched_reserve: graph nodes  = 958
sched_reserve: graph splits = 44 (with bs=512), 2 (with bs=1)
sched_reserve: reserve took 10.60 ms, sched copies = 1
CUDA Graph id 13404 reused
ggml_backend_cuda_graph_compute: CUDA graph warmup complete
CUDA Graph id 13404 reused
CUDA Graph id 13404 reused
CUDA Graph id 13404 reused
CUDA Graph id 13404 reused
CUDA Graph id 13404 reused
CUDA Graph id 13404 reused
CUDA Graph id 13404 reused
CUDA Graph id 13404 reused
CUDA Graph id 13404 reused
CUDA Graph id 13404 reused
CUDA Graph id 13404 reused
CUDA Graph id 13404 reused
CUDA Graph id 13404 reused
CUDA Graph id 13404 reused
CUDA Graph id 13404 reused
CUDA Graph id 13404 reused
CUDA Graph id 13404 reused
CUDA Graph id 13404 reused
CUDA Graph id 13404 reused
CUDA Graph id 13404 reused
CUDA Graph id 13404 reused
CUDA Graph id 13404 reused
CUDA Graph id 13404 reused
CUDA Graph id 13404 reused
~llama_context:      CUDA0 compute buffer size is 304.0000 MiB, matches expectation of 304.0000 MiB
~llama_context:  CUDA_Host compute buffer size is  14.7637 MiB, matches expectation of  14.7637 MiB
llama_context: constructing llama_context
llama_context: n_seq_max     = 1
llama_context: n_ctx         = 768
llama_context: n_ctx_seq     = 768
llama_context: n_batch       = 698
llama_context: n_ubatch      = 512
llama_context: causal_attn   = 1
llama_context: flash_attn    = auto
llama_context: kv_unified    = false
llama_context: freq_base     = 1000000.0
llama_context: freq_scale    = 1
llama_context: n_rs_seq      = 0
llama_context: n_outputs_max = 698
llama_context: n_ctx_seq (768) < n_ctx_train (32768) -- the full capacity of the model will not be utilized
set_abort_callback: call
llama_context:  CUDA_Host  output buffer size =     0.58 MiB
llama_kv_cache: layer   0: dev = CPU
llama_kv_cache: layer   1: dev = CPU
llama_kv_cache: layer   2: dev = CPU
llama_kv_cache: layer   3: dev = CUDA0
llama_kv_cache: layer   4: dev = CUDA0
llama_kv_cache: layer   5: dev = CUDA0
llama_kv_cache: layer   6: dev = CUDA0
llama_kv_cache: layer   7: dev = CUDA0
llama_kv_cache: layer   8: dev = CUDA0
llama_kv_cache: layer   9: dev = CUDA0
llama_kv_cache: layer  10: dev = CUDA0
llama_kv_cache: layer  11: dev = CUDA0
llama_kv_cache: layer  12: dev = CUDA0
llama_kv_cache: layer  13: dev = CUDA0
llama_kv_cache: layer  14: dev = CUDA0
llama_kv_cache: layer  15: dev = CUDA0
llama_kv_cache: layer  16: dev = CUDA0
llama_kv_cache: layer  17: dev = CUDA0
llama_kv_cache: layer  18: dev = CUDA0
llama_kv_cache: layer  19: dev = CUDA0
llama_kv_cache: layer  20: dev = CUDA0
llama_kv_cache: layer  21: dev = CUDA0
llama_kv_cache: layer  22: dev = CUDA0
llama_kv_cache: layer  23: dev = CUDA0
llama_kv_cache: layer  24: dev = CUDA0
llama_kv_cache: layer  25: dev = CUDA0
llama_kv_cache: layer  26: dev = CUDA0
llama_kv_cache: layer  27: dev = CUDA0
llama_kv_cache:        CPU KV buffer size =     4.50 MiB
llama_kv_cache:      CUDA0 KV buffer size =    37.50 MiB
llama_kv_cache: size =   42.00 MiB (   768 cells,  28 layers,  1/1 seqs), K (f16):   21.00 MiB, V (f16):   21.00 MiB
llama_kv_cache: attn_rot_k = 0, n_embd_head_k_all = 128
llama_kv_cache: attn_rot_v = 0, n_embd_head_k_all = 128
llama_context: enumerating backends
llama_context: backend_ptrs.size() = 2
sched_reserve: reserving ...
sched_reserve: max_nodes = 2712
sched_reserve: reserving full memory module
sched_reserve: worst-case: n_tokens = 512, n_seqs = 1, n_outputs = 1
graph_reserve: reserving a graph for ubatch with n_tokens =    1, n_seqs =  1, n_outputs =    1
sched_reserve: Flash Attention was auto, set to enabled
sched_reserve: resolving fused Gated Delta Net support:
graph_reserve: reserving a graph for ubatch with n_tokens =    1, n_seqs =  1, n_outputs =    1
sched_reserve: fused Gated Delta Net (autoregressive) enabled
graph_reserve: reserving a graph for ubatch with n_tokens =   16, n_seqs =  1, n_outputs =   16
sched_reserve: fused Gated Delta Net (chunked) enabled
graph_reserve: reserving a graph for ubatch with n_tokens =  512, n_seqs =  1, n_outputs =  512
graph_reserve: reserving a graph for ubatch with n_tokens =    1, n_seqs =  1, n_outputs =    1
graph_reserve: reserving a graph for ubatch with n_tokens =  512, n_seqs =  1, n_outputs =  512
sched_reserve:      CUDA0 compute buffer size =   304.00 MiB
sched_reserve:  CUDA_Host compute buffer size =    14.76 MiB
sched_reserve: graph nodes  = 958
sched_reserve: graph splits = 44 (with bs=512), 2 (with bs=1)
sched_reserve: reserve took 12.59 ms, sched copies = 1
CUDA Graph id 13554 reused
ggml_backend_cuda_graph_compute: CUDA graph warmup complete
CUDA Graph id 13554 reused
CUDA Graph id 13554 reused
CUDA Graph id 13554 reused
CUDA Graph id 13554 reused
CUDA Graph id 13554 reused
CUDA Graph id 13554 reused
~llama_context:      CUDA0 compute buffer size is 304.0000 MiB, matches expectation of 304.0000 MiB
~llama_context:  CUDA_Host compute buffer size is  14.7637 MiB, matches expectation of  14.7637 MiB
schema 65/75 done
llama_context: constructing llama_context
llama_context: n_seq_max     = 1
llama_context: n_ctx         = 768
llama_context: n_ctx_seq     = 768
llama_context: n_batch       = 733
llama_context: n_ubatch      = 512
llama_context: causal_attn   = 1
llama_context: flash_attn    = auto
llama_context: kv_unified    = false
llama_context: freq_base     = 1000000.0
llama_context: freq_scale    = 1
llama_context: n_rs_seq      = 0
llama_context: n_outputs_max = 733
llama_context: n_ctx_seq (768) < n_ctx_train (32768) -- the full capacity of the model will not be utilized
set_abort_callback: call
llama_context:  CUDA_Host  output buffer size =     0.58 MiB
llama_kv_cache: layer   0: dev = CPU
llama_kv_cache: layer   1: dev = CPU
llama_kv_cache: layer   2: dev = CPU
llama_kv_cache: layer   3: dev = CUDA0
llama_kv_cache: layer   4: dev = CUDA0
llama_kv_cache: layer   5: dev = CUDA0
llama_kv_cache: layer   6: dev = CUDA0
llama_kv_cache: layer   7: dev = CUDA0
llama_kv_cache: layer   8: dev = CUDA0
llama_kv_cache: layer   9: dev = CUDA0
llama_kv_cache: layer  10: dev = CUDA0
llama_kv_cache: layer  11: dev = CUDA0
llama_kv_cache: layer  12: dev = CUDA0
llama_kv_cache: layer  13: dev = CUDA0
llama_kv_cache: layer  14: dev = CUDA0
llama_kv_cache: layer  15: dev = CUDA0
llama_kv_cache: layer  16: dev = CUDA0
llama_kv_cache: layer  17: dev = CUDA0
llama_kv_cache: layer  18: dev = CUDA0
llama_kv_cache: layer  19: dev = CUDA0
llama_kv_cache: layer  20: dev = CUDA0
llama_kv_cache: layer  21: dev = CUDA0
llama_kv_cache: layer  22: dev = CUDA0
llama_kv_cache: layer  23: dev = CUDA0
llama_kv_cache: layer  24: dev = CUDA0
llama_kv_cache: layer  25: dev = CUDA0
llama_kv_cache: layer  26: dev = CUDA0
llama_kv_cache: layer  27: dev = CUDA0
llama_kv_cache:        CPU KV buffer size =     4.50 MiB
llama_kv_cache:      CUDA0 KV buffer size =    37.50 MiB
llama_kv_cache: size =   42.00 MiB (   768 cells,  28 layers,  1/1 seqs), K (f16):   21.00 MiB, V (f16):   21.00 MiB
llama_kv_cache: attn_rot_k = 0, n_embd_head_k_all = 128
llama_kv_cache: attn_rot_v = 0, n_embd_head_k_all = 128
llama_context: enumerating backends
llama_context: backend_ptrs.size() = 2
sched_reserve: reserving ...
sched_reserve: max_nodes = 2712
sched_reserve: reserving full memory module
sched_reserve: worst-case: n_tokens = 512, n_seqs = 1, n_outputs = 1
graph_reserve: reserving a graph for ubatch with n_tokens =    1, n_seqs =  1, n_outputs =    1
sched_reserve: Flash Attention was auto, set to enabled
sched_reserve: resolving fused Gated Delta Net support:
graph_reserve: reserving a graph for ubatch with n_tokens =    1, n_seqs =  1, n_outputs =    1
sched_reserve: fused Gated Delta Net (autoregressive) enabled
graph_reserve: reserving a graph for ubatch with n_tokens =   16, n_seqs =  1, n_outputs =   16
sched_reserve: fused Gated Delta Net (chunked) enabled
graph_reserve: reserving a graph for ubatch with n_tokens =  512, n_seqs =  1, n_outputs =  512
graph_reserve: reserving a graph for ubatch with n_tokens =    1, n_seqs =  1, n_outputs =    1
graph_reserve: reserving a graph for ubatch with n_tokens =  512, n_seqs =  1, n_outputs =  512
sched_reserve:      CUDA0 compute buffer size =   304.00 MiB
sched_reserve:  CUDA_Host compute buffer size =    14.76 MiB
sched_reserve: graph nodes  = 958
sched_reserve: graph splits = 44 (with bs=512), 2 (with bs=1)
sched_reserve: reserve took 10.85 ms, sched copies = 1
CUDA Graph id 13704 reused
ggml_backend_cuda_graph_compute: CUDA graph warmup complete
CUDA Graph id 13704 reused
CUDA Graph id 13704 reused
CUDA Graph id 13704 reused
CUDA Graph id 13704 reused
CUDA Graph id 13704 reused
CUDA Graph id 13704 reused
CUDA Graph id 13704 reused
CUDA Graph id 13704 reused
CUDA Graph id 13704 reused
CUDA Graph id 13704 reused
CUDA Graph id 13704 reused
CUDA Graph id 13704 reused
CUDA Graph id 13704 reused
CUDA Graph id 13704 reused
CUDA Graph id 13704 reused
CUDA Graph id 13704 reused
CUDA Graph id 13704 reused
CUDA Graph id 13704 reused
CUDA Graph id 13704 reused
CUDA Graph id 13704 reused
CUDA Graph id 13704 reused
CUDA Graph id 13704 reused
CUDA Graph id 13704 reused
CUDA Graph id 13704 reused
CUDA Graph id 13704 reused
CUDA Graph id 13704 reused
CUDA Graph id 13704 reused
CUDA Graph id 13704 reused
CUDA Graph id 13704 reused
CUDA Graph id 13704 reused
~llama_context:      CUDA0 compute buffer size is 304.0000 MiB, matches expectation of 304.0000 MiB
~llama_context:  CUDA_Host compute buffer size is  14.7637 MiB, matches expectation of  14.7637 MiB
llama_context: constructing llama_context
llama_context: n_seq_max     = 1
llama_context: n_ctx         = 768
llama_context: n_ctx_seq     = 768
llama_context: n_batch       = 733
llama_context: n_ubatch      = 512
llama_context: causal_attn   = 1
llama_context: flash_attn    = auto
llama_context: kv_unified    = false
llama_context: freq_base     = 1000000.0
llama_context: freq_scale    = 1
llama_context: n_rs_seq      = 0
llama_context: n_outputs_max = 733
llama_context: n_ctx_seq (768) < n_ctx_train (32768) -- the full capacity of the model will not be utilized
set_abort_callback: call
llama_context:  CUDA_Host  output buffer size =     0.58 MiB
llama_kv_cache: layer   0: dev = CPU
llama_kv_cache: layer   1: dev = CPU
llama_kv_cache: layer   2: dev = CPU
llama_kv_cache: layer   3: dev = CUDA0
llama_kv_cache: layer   4: dev = CUDA0
llama_kv_cache: layer   5: dev = CUDA0
llama_kv_cache: layer   6: dev = CUDA0
llama_kv_cache: layer   7: dev = CUDA0
llama_kv_cache: layer   8: dev = CUDA0
llama_kv_cache: layer   9: dev = CUDA0
llama_kv_cache: layer  10: dev = CUDA0
llama_kv_cache: layer  11: dev = CUDA0
llama_kv_cache: layer  12: dev = CUDA0
llama_kv_cache: layer  13: dev = CUDA0
llama_kv_cache: layer  14: dev = CUDA0
llama_kv_cache: layer  15: dev = CUDA0
llama_kv_cache: layer  16: dev = CUDA0
llama_kv_cache: layer  17: dev = CUDA0
llama_kv_cache: layer  18: dev = CUDA0
llama_kv_cache: layer  19: dev = CUDA0
llama_kv_cache: layer  20: dev = CUDA0
llama_kv_cache: layer  21: dev = CUDA0
llama_kv_cache: layer  22: dev = CUDA0
llama_kv_cache: layer  23: dev = CUDA0
llama_kv_cache: layer  24: dev = CUDA0
llama_kv_cache: layer  25: dev = CUDA0
llama_kv_cache: layer  26: dev = CUDA0
llama_kv_cache: layer  27: dev = CUDA0
llama_kv_cache:        CPU KV buffer size =     4.50 MiB
llama_kv_cache:      CUDA0 KV buffer size =    37.50 MiB
llama_kv_cache: size =   42.00 MiB (   768 cells,  28 layers,  1/1 seqs), K (f16):   21.00 MiB, V (f16):   21.00 MiB
llama_kv_cache: attn_rot_k = 0, n_embd_head_k_all = 128
llama_kv_cache: attn_rot_v = 0, n_embd_head_k_all = 128
llama_context: enumerating backends
llama_context: backend_ptrs.size() = 2
sched_reserve: reserving ...
sched_reserve: max_nodes = 2712
sched_reserve: reserving full memory module
sched_reserve: worst-case: n_tokens = 512, n_seqs = 1, n_outputs = 1
graph_reserve: reserving a graph for ubatch with n_tokens =    1, n_seqs =  1, n_outputs =    1
sched_reserve: Flash Attention was auto, set to enabled
sched_reserve: resolving fused Gated Delta Net support:
graph_reserve: reserving a graph for ubatch with n_tokens =    1, n_seqs =  1, n_outputs =    1
sched_reserve: fused Gated Delta Net (autoregressive) enabled
graph_reserve: reserving a graph for ubatch with n_tokens =   16, n_seqs =  1, n_outputs =   16
sched_reserve: fused Gated Delta Net (chunked) enabled
graph_reserve: reserving a graph for ubatch with n_tokens =  512, n_seqs =  1, n_outputs =  512
graph_reserve: reserving a graph for ubatch with n_tokens =    1, n_seqs =  1, n_outputs =    1
graph_reserve: reserving a graph for ubatch with n_tokens =  512, n_seqs =  1, n_outputs =  512
sched_reserve:      CUDA0 compute buffer size =   304.00 MiB
sched_reserve:  CUDA_Host compute buffer size =    14.76 MiB
sched_reserve: graph nodes  = 958
sched_reserve: graph splits = 44 (with bs=512), 2 (with bs=1)
sched_reserve: reserve took 16.86 ms, sched copies = 1
CUDA Graph id 13854 reused
ggml_backend_cuda_graph_compute: CUDA graph warmup complete
CUDA Graph id 13854 reused
CUDA Graph id 13854 reused
CUDA Graph id 13854 reused
CUDA Graph id 13854 reused
CUDA Graph id 13854 reused
CUDA Graph id 13854 reused
CUDA Graph id 13854 reused
CUDA Graph id 13854 reused
CUDA Graph id 13854 reused
CUDA Graph id 13854 reused
CUDA Graph id 13854 reused
CUDA Graph id 13854 reused
CUDA Graph id 13854 reused
CUDA Graph id 13854 reused
CUDA Graph id 13854 reused
CUDA Graph id 13854 reused
CUDA Graph id 13854 reused
CUDA Graph id 13854 reused
CUDA Graph id 13854 reused
CUDA Graph id 13854 reused
CUDA Graph id 13854 reused
CUDA Graph id 13854 reused
CUDA Graph id 13854 reused
CUDA Graph id 13854 reused
CUDA Graph id 13854 reused
CUDA Graph id 13854 reused
CUDA Graph id 13854 reused
CUDA Graph id 13854 reused
CUDA Graph id 13854 reused
CUDA Graph id 13854 reused
~llama_context:      CUDA0 compute buffer size is 304.0000 MiB, matches expectation of 304.0000 MiB
~llama_context:  CUDA_Host compute buffer size is  14.7637 MiB, matches expectation of  14.7637 MiB
llama_context: constructing llama_context
llama_context: n_seq_max     = 1
llama_context: n_ctx         = 768
llama_context: n_ctx_seq     = 768
llama_context: n_batch       = 733
llama_context: n_ubatch      = 512
llama_context: causal_attn   = 1
llama_context: flash_attn    = auto
llama_context: kv_unified    = false
llama_context: freq_base     = 1000000.0
llama_context: freq_scale    = 1
llama_context: n_rs_seq      = 0
llama_context: n_outputs_max = 733
llama_context: n_ctx_seq (768) < n_ctx_train (32768) -- the full capacity of the model will not be utilized
set_abort_callback: call
llama_context:  CUDA_Host  output buffer size =     0.58 MiB
llama_kv_cache: layer   0: dev = CPU
llama_kv_cache: layer   1: dev = CPU
llama_kv_cache: layer   2: dev = CPU
llama_kv_cache: layer   3: dev = CUDA0
llama_kv_cache: layer   4: dev = CUDA0
llama_kv_cache: layer   5: dev = CUDA0
llama_kv_cache: layer   6: dev = CUDA0
llama_kv_cache: layer   7: dev = CUDA0
llama_kv_cache: layer   8: dev = CUDA0
llama_kv_cache: layer   9: dev = CUDA0
llama_kv_cache: layer  10: dev = CUDA0
llama_kv_cache: layer  11: dev = CUDA0
llama_kv_cache: layer  12: dev = CUDA0
llama_kv_cache: layer  13: dev = CUDA0
llama_kv_cache: layer  14: dev = CUDA0
llama_kv_cache: layer  15: dev = CUDA0
llama_kv_cache: layer  16: dev = CUDA0
llama_kv_cache: layer  17: dev = CUDA0
llama_kv_cache: layer  18: dev = CUDA0
llama_kv_cache: layer  19: dev = CUDA0
llama_kv_cache: layer  20: dev = CUDA0
llama_kv_cache: layer  21: dev = CUDA0
llama_kv_cache: layer  22: dev = CUDA0
llama_kv_cache: layer  23: dev = CUDA0
llama_kv_cache: layer  24: dev = CUDA0
llama_kv_cache: layer  25: dev = CUDA0
llama_kv_cache: layer  26: dev = CUDA0
llama_kv_cache: layer  27: dev = CUDA0
llama_kv_cache:        CPU KV buffer size =     4.50 MiB
llama_kv_cache:      CUDA0 KV buffer size =    37.50 MiB
llama_kv_cache: size =   42.00 MiB (   768 cells,  28 layers,  1/1 seqs), K (f16):   21.00 MiB, V (f16):   21.00 MiB
llama_kv_cache: attn_rot_k = 0, n_embd_head_k_all = 128
llama_kv_cache: attn_rot_v = 0, n_embd_head_k_all = 128
llama_context: enumerating backends
llama_context: backend_ptrs.size() = 2
sched_reserve: reserving ...
sched_reserve: max_nodes = 2712
sched_reserve: reserving full memory module
sched_reserve: worst-case: n_tokens = 512, n_seqs = 1, n_outputs = 1
graph_reserve: reserving a graph for ubatch with n_tokens =    1, n_seqs =  1, n_outputs =    1
sched_reserve: Flash Attention was auto, set to enabled
sched_reserve: resolving fused Gated Delta Net support:
graph_reserve: reserving a graph for ubatch with n_tokens =    1, n_seqs =  1, n_outputs =    1
sched_reserve: fused Gated Delta Net (autoregressive) enabled
graph_reserve: reserving a graph for ubatch with n_tokens =   16, n_seqs =  1, n_outputs =   16
sched_reserve: fused Gated Delta Net (chunked) enabled
graph_reserve: reserving a graph for ubatch with n_tokens =  512, n_seqs =  1, n_outputs =  512
graph_reserve: reserving a graph for ubatch with n_tokens =    1, n_seqs =  1, n_outputs =    1
graph_reserve: reserving a graph for ubatch with n_tokens =  512, n_seqs =  1, n_outputs =  512
sched_reserve:      CUDA0 compute buffer size =   304.00 MiB
sched_reserve:  CUDA_Host compute buffer size =    14.76 MiB
sched_reserve: graph nodes  = 958
sched_reserve: graph splits = 44 (with bs=512), 2 (with bs=1)
sched_reserve: reserve took 13.47 ms, sched copies = 1
CUDA Graph id 14004 reused
ggml_backend_cuda_graph_compute: CUDA graph warmup complete
CUDA Graph id 14004 reused
CUDA Graph id 14004 reused
CUDA Graph id 14004 reused
CUDA Graph id 14004 reused
CUDA Graph id 14004 reused
CUDA Graph id 14004 reused
CUDA Graph id 14004 reused
CUDA Graph id 14004 reused
CUDA Graph id 14004 reused
CUDA Graph id 14004 reused
CUDA Graph id 14004 reused
CUDA Graph id 14004 reused
CUDA Graph id 14004 reused
CUDA Graph id 14004 reused
CUDA Graph id 14004 reused
CUDA Graph id 14004 reused
CUDA Graph id 14004 reused
CUDA Graph id 14004 reused
CUDA Graph id 14004 reused
CUDA Graph id 14004 reused
CUDA Graph id 14004 reused
CUDA Graph id 14004 reused
CUDA Graph id 14004 reused
CUDA Graph id 14004 reused
CUDA Graph id 14004 reused
CUDA Graph id 14004 reused
CUDA Graph id 14004 reused
CUDA Graph id 14004 reused
CUDA Graph id 14004 reused
CUDA Graph id 14004 reused
~llama_context:      CUDA0 compute buffer size is 304.0000 MiB, matches expectation of 304.0000 MiB
~llama_context:  CUDA_Host compute buffer size is  14.7637 MiB, matches expectation of  14.7637 MiB
llama_context: constructing llama_context
llama_context: n_seq_max     = 1
llama_context: n_ctx         = 768
llama_context: n_ctx_seq     = 768
llama_context: n_batch       = 733
llama_context: n_ubatch      = 512
llama_context: causal_attn   = 1
llama_context: flash_attn    = auto
llama_context: kv_unified    = false
llama_context: freq_base     = 1000000.0
llama_context: freq_scale    = 1
llama_context: n_rs_seq      = 0
llama_context: n_outputs_max = 733
llama_context: n_ctx_seq (768) < n_ctx_train (32768) -- the full capacity of the model will not be utilized
set_abort_callback: call
llama_context:  CUDA_Host  output buffer size =     0.58 MiB
llama_kv_cache: layer   0: dev = CPU
llama_kv_cache: layer   1: dev = CPU
llama_kv_cache: layer   2: dev = CPU
llama_kv_cache: layer   3: dev = CUDA0
llama_kv_cache: layer   4: dev = CUDA0
llama_kv_cache: layer   5: dev = CUDA0
llama_kv_cache: layer   6: dev = CUDA0
llama_kv_cache: layer   7: dev = CUDA0
llama_kv_cache: layer   8: dev = CUDA0
llama_kv_cache: layer   9: dev = CUDA0
llama_kv_cache: layer  10: dev = CUDA0
llama_kv_cache: layer  11: dev = CUDA0
llama_kv_cache: layer  12: dev = CUDA0
llama_kv_cache: layer  13: dev = CUDA0
llama_kv_cache: layer  14: dev = CUDA0
llama_kv_cache: layer  15: dev = CUDA0
llama_kv_cache: layer  16: dev = CUDA0
llama_kv_cache: layer  17: dev = CUDA0
llama_kv_cache: layer  18: dev = CUDA0
llama_kv_cache: layer  19: dev = CUDA0
llama_kv_cache: layer  20: dev = CUDA0
llama_kv_cache: layer  21: dev = CUDA0
llama_kv_cache: layer  22: dev = CUDA0
llama_kv_cache: layer  23: dev = CUDA0
llama_kv_cache: layer  24: dev = CUDA0
llama_kv_cache: layer  25: dev = CUDA0
llama_kv_cache: layer  26: dev = CUDA0
llama_kv_cache: layer  27: dev = CUDA0
llama_kv_cache:        CPU KV buffer size =     4.50 MiB
llama_kv_cache:      CUDA0 KV buffer size =    37.50 MiB
llama_kv_cache: size =   42.00 MiB (   768 cells,  28 layers,  1/1 seqs), K (f16):   21.00 MiB, V (f16):   21.00 MiB
llama_kv_cache: attn_rot_k = 0, n_embd_head_k_all = 128
llama_kv_cache: attn_rot_v = 0, n_embd_head_k_all = 128
llama_context: enumerating backends
llama_context: backend_ptrs.size() = 2
sched_reserve: reserving ...
sched_reserve: max_nodes = 2712
sched_reserve: reserving full memory module
sched_reserve: worst-case: n_tokens = 512, n_seqs = 1, n_outputs = 1
graph_reserve: reserving a graph for ubatch with n_tokens =    1, n_seqs =  1, n_outputs =    1
sched_reserve: Flash Attention was auto, set to enabled
sched_reserve: resolving fused Gated Delta Net support:
graph_reserve: reserving a graph for ubatch with n_tokens =    1, n_seqs =  1, n_outputs =    1
sched_reserve: fused Gated Delta Net (autoregressive) enabled
graph_reserve: reserving a graph for ubatch with n_tokens =   16, n_seqs =  1, n_outputs =   16
sched_reserve: fused Gated Delta Net (chunked) enabled
graph_reserve: reserving a graph for ubatch with n_tokens =  512, n_seqs =  1, n_outputs =  512
graph_reserve: reserving a graph for ubatch with n_tokens =    1, n_seqs =  1, n_outputs =    1
graph_reserve: reserving a graph for ubatch with n_tokens =  512, n_seqs =  1, n_outputs =  512
sched_reserve:      CUDA0 compute buffer size =   304.00 MiB
sched_reserve:  CUDA_Host compute buffer size =    14.76 MiB
sched_reserve: graph nodes  = 958
sched_reserve: graph splits = 44 (with bs=512), 2 (with bs=1)
sched_reserve: reserve took 16.69 ms, sched copies = 1
CUDA Graph id 14154 reused
ggml_backend_cuda_graph_compute: CUDA graph warmup complete
CUDA Graph id 14154 reused
CUDA Graph id 14154 reused
CUDA Graph id 14154 reused
CUDA Graph id 14154 reused
CUDA Graph id 14154 reused
CUDA Graph id 14154 reused
CUDA Graph id 14154 reused
CUDA Graph id 14154 reused
CUDA Graph id 14154 reused
CUDA Graph id 14154 reused
CUDA Graph id 14154 reused
CUDA Graph id 14154 reused
CUDA Graph id 14154 reused
CUDA Graph id 14154 reused
CUDA Graph id 14154 reused
CUDA Graph id 14154 reused
CUDA Graph id 14154 reused
CUDA Graph id 14154 reused
CUDA Graph id 14154 reused
CUDA Graph id 14154 reused
CUDA Graph id 14154 reused
CUDA Graph id 14154 reused
CUDA Graph id 14154 reused
CUDA Graph id 14154 reused
CUDA Graph id 14154 reused
CUDA Graph id 14154 reused
CUDA Graph id 14154 reused
CUDA Graph id 14154 reused
CUDA Graph id 14154 reused
CUDA Graph id 14154 reused
~llama_context:      CUDA0 compute buffer size is 304.0000 MiB, matches expectation of 304.0000 MiB
~llama_context:  CUDA_Host compute buffer size is  14.7637 MiB, matches expectation of  14.7637 MiB
llama_context: constructing llama_context
llama_context: n_seq_max     = 1
llama_context: n_ctx         = 768
llama_context: n_ctx_seq     = 768
llama_context: n_batch       = 733
llama_context: n_ubatch      = 512
llama_context: causal_attn   = 1
llama_context: flash_attn    = auto
llama_context: kv_unified    = false
llama_context: freq_base     = 1000000.0
llama_context: freq_scale    = 1
llama_context: n_rs_seq      = 0
llama_context: n_outputs_max = 733
llama_context: n_ctx_seq (768) < n_ctx_train (32768) -- the full capacity of the model will not be utilized
set_abort_callback: call
llama_context:  CUDA_Host  output buffer size =     0.58 MiB
llama_kv_cache: layer   0: dev = CPU
llama_kv_cache: layer   1: dev = CPU
llama_kv_cache: layer   2: dev = CPU
llama_kv_cache: layer   3: dev = CUDA0
llama_kv_cache: layer   4: dev = CUDA0
llama_kv_cache: layer   5: dev = CUDA0
llama_kv_cache: layer   6: dev = CUDA0
llama_kv_cache: layer   7: dev = CUDA0
llama_kv_cache: layer   8: dev = CUDA0
llama_kv_cache: layer   9: dev = CUDA0
llama_kv_cache: layer  10: dev = CUDA0
llama_kv_cache: layer  11: dev = CUDA0
llama_kv_cache: layer  12: dev = CUDA0
llama_kv_cache: layer  13: dev = CUDA0
llama_kv_cache: layer  14: dev = CUDA0
llama_kv_cache: layer  15: dev = CUDA0
llama_kv_cache: layer  16: dev = CUDA0
llama_kv_cache: layer  17: dev = CUDA0
llama_kv_cache: layer  18: dev = CUDA0
llama_kv_cache: layer  19: dev = CUDA0
llama_kv_cache: layer  20: dev = CUDA0
llama_kv_cache: layer  21: dev = CUDA0
llama_kv_cache: layer  22: dev = CUDA0
llama_kv_cache: layer  23: dev = CUDA0
llama_kv_cache: layer  24: dev = CUDA0
llama_kv_cache: layer  25: dev = CUDA0
llama_kv_cache: layer  26: dev = CUDA0
llama_kv_cache: layer  27: dev = CUDA0
llama_kv_cache:        CPU KV buffer size =     4.50 MiB
llama_kv_cache:      CUDA0 KV buffer size =    37.50 MiB
llama_kv_cache: size =   42.00 MiB (   768 cells,  28 layers,  1/1 seqs), K (f16):   21.00 MiB, V (f16):   21.00 MiB
llama_kv_cache: attn_rot_k = 0, n_embd_head_k_all = 128
llama_kv_cache: attn_rot_v = 0, n_embd_head_k_all = 128
llama_context: enumerating backends
llama_context: backend_ptrs.size() = 2
sched_reserve: reserving ...
sched_reserve: max_nodes = 2712
sched_reserve: reserving full memory module
sched_reserve: worst-case: n_tokens = 512, n_seqs = 1, n_outputs = 1
graph_reserve: reserving a graph for ubatch with n_tokens =    1, n_seqs =  1, n_outputs =    1
sched_reserve: Flash Attention was auto, set to enabled
sched_reserve: resolving fused Gated Delta Net support:
graph_reserve: reserving a graph for ubatch with n_tokens =    1, n_seqs =  1, n_outputs =    1
sched_reserve: fused Gated Delta Net (autoregressive) enabled
graph_reserve: reserving a graph for ubatch with n_tokens =   16, n_seqs =  1, n_outputs =   16
sched_reserve: fused Gated Delta Net (chunked) enabled
graph_reserve: reserving a graph for ubatch with n_tokens =  512, n_seqs =  1, n_outputs =  512
graph_reserve: reserving a graph for ubatch with n_tokens =    1, n_seqs =  1, n_outputs =    1
graph_reserve: reserving a graph for ubatch with n_tokens =  512, n_seqs =  1, n_outputs =  512
sched_reserve:      CUDA0 compute buffer size =   304.00 MiB
sched_reserve:  CUDA_Host compute buffer size =    14.76 MiB
sched_reserve: graph nodes  = 958
sched_reserve: graph splits = 44 (with bs=512), 2 (with bs=1)
sched_reserve: reserve took 12.60 ms, sched copies = 1
CUDA Graph id 14304 reused
ggml_backend_cuda_graph_compute: CUDA graph warmup complete
CUDA Graph id 14304 reused
CUDA Graph id 14304 reused
CUDA Graph id 14304 reused
CUDA Graph id 14304 reused
CUDA Graph id 14304 reused
CUDA Graph id 14304 reused
CUDA Graph id 14304 reused
CUDA Graph id 14304 reused
CUDA Graph id 14304 reused
CUDA Graph id 14304 reused
CUDA Graph id 14304 reused
CUDA Graph id 14304 reused
CUDA Graph id 14304 reused
~llama_context:      CUDA0 compute buffer size is 304.0000 MiB, matches expectation of 304.0000 MiB
~llama_context:  CUDA_Host compute buffer size is  14.7637 MiB, matches expectation of  14.7637 MiB
llama_context: constructing llama_context
llama_context: n_seq_max     = 1
llama_context: n_ctx         = 768
llama_context: n_ctx_seq     = 768
llama_context: n_batch       = 733
llama_context: n_ubatch      = 512
llama_context: causal_attn   = 1
llama_context: flash_attn    = auto
llama_context: kv_unified    = false
llama_context: freq_base     = 1000000.0
llama_context: freq_scale    = 1
llama_context: n_rs_seq      = 0
llama_context: n_outputs_max = 733
llama_context: n_ctx_seq (768) < n_ctx_train (32768) -- the full capacity of the model will not be utilized
set_abort_callback: call
llama_context:  CUDA_Host  output buffer size =     0.58 MiB
llama_kv_cache: layer   0: dev = CPU
llama_kv_cache: layer   1: dev = CPU
llama_kv_cache: layer   2: dev = CPU
llama_kv_cache: layer   3: dev = CUDA0
llama_kv_cache: layer   4: dev = CUDA0
llama_kv_cache: layer   5: dev = CUDA0
llama_kv_cache: layer   6: dev = CUDA0
llama_kv_cache: layer   7: dev = CUDA0
llama_kv_cache: layer   8: dev = CUDA0
llama_kv_cache: layer   9: dev = CUDA0
llama_kv_cache: layer  10: dev = CUDA0
llama_kv_cache: layer  11: dev = CUDA0
llama_kv_cache: layer  12: dev = CUDA0
llama_kv_cache: layer  13: dev = CUDA0
llama_kv_cache: layer  14: dev = CUDA0
llama_kv_cache: layer  15: dev = CUDA0
llama_kv_cache: layer  16: dev = CUDA0
llama_kv_cache: layer  17: dev = CUDA0
llama_kv_cache: layer  18: dev = CUDA0
llama_kv_cache: layer  19: dev = CUDA0
llama_kv_cache: layer  20: dev = CUDA0
llama_kv_cache: layer  21: dev = CUDA0
llama_kv_cache: layer  22: dev = CUDA0
llama_kv_cache: layer  23: dev = CUDA0
llama_kv_cache: layer  24: dev = CUDA0
llama_kv_cache: layer  25: dev = CUDA0
llama_kv_cache: layer  26: dev = CUDA0
llama_kv_cache: layer  27: dev = CUDA0
llama_kv_cache:        CPU KV buffer size =     4.50 MiB
llama_kv_cache:      CUDA0 KV buffer size =    37.50 MiB
llama_kv_cache: size =   42.00 MiB (   768 cells,  28 layers,  1/1 seqs), K (f16):   21.00 MiB, V (f16):   21.00 MiB
llama_kv_cache: attn_rot_k = 0, n_embd_head_k_all = 128
llama_kv_cache: attn_rot_v = 0, n_embd_head_k_all = 128
llama_context: enumerating backends
llama_context: backend_ptrs.size() = 2
sched_reserve: reserving ...
sched_reserve: max_nodes = 2712
sched_reserve: reserving full memory module
sched_reserve: worst-case: n_tokens = 512, n_seqs = 1, n_outputs = 1
graph_reserve: reserving a graph for ubatch with n_tokens =    1, n_seqs =  1, n_outputs =    1
sched_reserve: Flash Attention was auto, set to enabled
sched_reserve: resolving fused Gated Delta Net support:
graph_reserve: reserving a graph for ubatch with n_tokens =    1, n_seqs =  1, n_outputs =    1
sched_reserve: fused Gated Delta Net (autoregressive) enabled
graph_reserve: reserving a graph for ubatch with n_tokens =   16, n_seqs =  1, n_outputs =   16
sched_reserve: fused Gated Delta Net (chunked) enabled
graph_reserve: reserving a graph for ubatch with n_tokens =  512, n_seqs =  1, n_outputs =  512
graph_reserve: reserving a graph for ubatch with n_tokens =    1, n_seqs =  1, n_outputs =    1
graph_reserve: reserving a graph for ubatch with n_tokens =  512, n_seqs =  1, n_outputs =  512
sched_reserve:      CUDA0 compute buffer size =   304.00 MiB
sched_reserve:  CUDA_Host compute buffer size =    14.76 MiB
sched_reserve: graph nodes  = 958
sched_reserve: graph splits = 44 (with bs=512), 2 (with bs=1)
sched_reserve: reserve took 12.72 ms, sched copies = 1
CUDA Graph id 14454 reused
ggml_backend_cuda_graph_compute: CUDA graph warmup complete
CUDA Graph id 14454 reused
CUDA Graph id 14454 reused
CUDA Graph id 14454 reused
CUDA Graph id 14454 reused
CUDA Graph id 14454 reused
CUDA Graph id 14454 reused
CUDA Graph id 14454 reused
CUDA Graph id 14454 reused
CUDA Graph id 14454 reused
CUDA Graph id 14454 reused
CUDA Graph id 14454 reused
~llama_context:      CUDA0 compute buffer size is 304.0000 MiB, matches expectation of 304.0000 MiB
~llama_context:  CUDA_Host compute buffer size is  14.7637 MiB, matches expectation of  14.7637 MiB
schema 66/75 done
llama_context: constructing llama_context
llama_context: n_seq_max     = 1
llama_context: n_ctx         = 768
llama_context: n_ctx_seq     = 768
llama_context: n_batch       = 685
llama_context: n_ubatch      = 512
llama_context: causal_attn   = 1
llama_context: flash_attn    = auto
llama_context: kv_unified    = false
llama_context: freq_base     = 1000000.0
llama_context: freq_scale    = 1
llama_context: n_rs_seq      = 0
llama_context: n_outputs_max = 685
llama_context: n_ctx_seq (768) < n_ctx_train (32768) -- the full capacity of the model will not be utilized
set_abort_callback: call
llama_context:  CUDA_Host  output buffer size =     0.58 MiB
llama_kv_cache: layer   0: dev = CPU
llama_kv_cache: layer   1: dev = CPU
llama_kv_cache: layer   2: dev = CPU
llama_kv_cache: layer   3: dev = CUDA0
llama_kv_cache: layer   4: dev = CUDA0
llama_kv_cache: layer   5: dev = CUDA0
llama_kv_cache: layer   6: dev = CUDA0
llama_kv_cache: layer   7: dev = CUDA0
llama_kv_cache: layer   8: dev = CUDA0
llama_kv_cache: layer   9: dev = CUDA0
llama_kv_cache: layer  10: dev = CUDA0
llama_kv_cache: layer  11: dev = CUDA0
llama_kv_cache: layer  12: dev = CUDA0
llama_kv_cache: layer  13: dev = CUDA0
llama_kv_cache: layer  14: dev = CUDA0
llama_kv_cache: layer  15: dev = CUDA0
llama_kv_cache: layer  16: dev = CUDA0
llama_kv_cache: layer  17: dev = CUDA0
llama_kv_cache: layer  18: dev = CUDA0
llama_kv_cache: layer  19: dev = CUDA0
llama_kv_cache: layer  20: dev = CUDA0
llama_kv_cache: layer  21: dev = CUDA0
llama_kv_cache: layer  22: dev = CUDA0
llama_kv_cache: layer  23: dev = CUDA0
llama_kv_cache: layer  24: dev = CUDA0
llama_kv_cache: layer  25: dev = CUDA0
llama_kv_cache: layer  26: dev = CUDA0
llama_kv_cache: layer  27: dev = CUDA0
llama_kv_cache:        CPU KV buffer size =     4.50 MiB
llama_kv_cache:      CUDA0 KV buffer size =    37.50 MiB
llama_kv_cache: size =   42.00 MiB (   768 cells,  28 layers,  1/1 seqs), K (f16):   21.00 MiB, V (f16):   21.00 MiB
llama_kv_cache: attn_rot_k = 0, n_embd_head_k_all = 128
llama_kv_cache: attn_rot_v = 0, n_embd_head_k_all = 128
llama_context: enumerating backends
llama_context: backend_ptrs.size() = 2
sched_reserve: reserving ...
sched_reserve: max_nodes = 2712
sched_reserve: reserving full memory module
sched_reserve: worst-case: n_tokens = 512, n_seqs = 1, n_outputs = 1
graph_reserve: reserving a graph for ubatch with n_tokens =    1, n_seqs =  1, n_outputs =    1
sched_reserve: Flash Attention was auto, set to enabled
sched_reserve: resolving fused Gated Delta Net support:
graph_reserve: reserving a graph for ubatch with n_tokens =    1, n_seqs =  1, n_outputs =    1
sched_reserve: fused Gated Delta Net (autoregressive) enabled
graph_reserve: reserving a graph for ubatch with n_tokens =   16, n_seqs =  1, n_outputs =   16
sched_reserve: fused Gated Delta Net (chunked) enabled
graph_reserve: reserving a graph for ubatch with n_tokens =  512, n_seqs =  1, n_outputs =  512
graph_reserve: reserving a graph for ubatch with n_tokens =    1, n_seqs =  1, n_outputs =    1
graph_reserve: reserving a graph for ubatch with n_tokens =  512, n_seqs =  1, n_outputs =  512
sched_reserve:      CUDA0 compute buffer size =   304.00 MiB
sched_reserve:  CUDA_Host compute buffer size =    14.76 MiB
sched_reserve: graph nodes  = 958
sched_reserve: graph splits = 44 (with bs=512), 2 (with bs=1)
sched_reserve: reserve took 12.05 ms, sched copies = 1
CUDA Graph id 14604 reused
ggml_backend_cuda_graph_compute: CUDA graph warmup complete
CUDA Graph id 14604 reused
CUDA Graph id 14604 reused
CUDA Graph id 14604 reused
CUDA Graph id 14604 reused
CUDA Graph id 14604 reused
CUDA Graph id 14604 reused
CUDA Graph id 14604 reused
CUDA Graph id 14604 reused
CUDA Graph id 14604 reused
CUDA Graph id 14604 reused
CUDA Graph id 14604 reused
CUDA Graph id 14604 reused
CUDA Graph id 14604 reused
CUDA Graph id 14604 reused
CUDA Graph id 14604 reused
CUDA Graph id 14604 reused
CUDA Graph id 14604 reused
CUDA Graph id 14604 reused
CUDA Graph id 14604 reused
CUDA Graph id 14604 reused
CUDA Graph id 14604 reused
CUDA Graph id 14604 reused
CUDA Graph id 14604 reused
CUDA Graph id 14604 reused
CUDA Graph id 14604 reused
CUDA Graph id 14604 reused
CUDA Graph id 14604 reused
CUDA Graph id 14604 reused
CUDA Graph id 14604 reused
CUDA Graph id 14604 reused
CUDA Graph id 14604 reused
CUDA Graph id 14604 reused
CUDA Graph id 14604 reused
CUDA Graph id 14604 reused
CUDA Graph id 14604 reused
CUDA Graph id 14604 reused
CUDA Graph id 14604 reused
CUDA Graph id 14604 reused
CUDA Graph id 14604 reused
CUDA Graph id 14604 reused
CUDA Graph id 14604 reused
CUDA Graph id 14604 reused
CUDA Graph id 14604 reused
CUDA Graph id 14604 reused
CUDA Graph id 14604 reused
CUDA Graph id 14604 reused
CUDA Graph id 14604 reused
CUDA Graph id 14604 reused
CUDA Graph id 14604 reused
~llama_context:      CUDA0 compute buffer size is 304.0000 MiB, matches expectation of 304.0000 MiB
~llama_context:  CUDA_Host compute buffer size is  14.7637 MiB, matches expectation of  14.7637 MiB
llama_context: constructing llama_context
llama_context: n_seq_max     = 1
llama_context: n_ctx         = 768
llama_context: n_ctx_seq     = 768
llama_context: n_batch       = 685
llama_context: n_ubatch      = 512
llama_context: causal_attn   = 1
llama_context: flash_attn    = auto
llama_context: kv_unified    = false
llama_context: freq_base     = 1000000.0
llama_context: freq_scale    = 1
llama_context: n_rs_seq      = 0
llama_context: n_outputs_max = 685
llama_context: n_ctx_seq (768) < n_ctx_train (32768) -- the full capacity of the model will not be utilized
set_abort_callback: call
llama_context:  CUDA_Host  output buffer size =     0.58 MiB
llama_kv_cache: layer   0: dev = CPU
llama_kv_cache: layer   1: dev = CPU
llama_kv_cache: layer   2: dev = CPU
llama_kv_cache: layer   3: dev = CUDA0
llama_kv_cache: layer   4: dev = CUDA0
llama_kv_cache: layer   5: dev = CUDA0
llama_kv_cache: layer   6: dev = CUDA0
llama_kv_cache: layer   7: dev = CUDA0
llama_kv_cache: layer   8: dev = CUDA0
llama_kv_cache: layer   9: dev = CUDA0
llama_kv_cache: layer  10: dev = CUDA0
llama_kv_cache: layer  11: dev = CUDA0
llama_kv_cache: layer  12: dev = CUDA0
llama_kv_cache: layer  13: dev = CUDA0
llama_kv_cache: layer  14: dev = CUDA0
llama_kv_cache: layer  15: dev = CUDA0
llama_kv_cache: layer  16: dev = CUDA0
llama_kv_cache: layer  17: dev = CUDA0
llama_kv_cache: layer  18: dev = CUDA0
llama_kv_cache: layer  19: dev = CUDA0
llama_kv_cache: layer  20: dev = CUDA0
llama_kv_cache: layer  21: dev = CUDA0
llama_kv_cache: layer  22: dev = CUDA0
llama_kv_cache: layer  23: dev = CUDA0
llama_kv_cache: layer  24: dev = CUDA0
llama_kv_cache: layer  25: dev = CUDA0
llama_kv_cache: layer  26: dev = CUDA0
llama_kv_cache: layer  27: dev = CUDA0
llama_kv_cache:        CPU KV buffer size =     4.50 MiB
llama_kv_cache:      CUDA0 KV buffer size =    37.50 MiB
llama_kv_cache: size =   42.00 MiB (   768 cells,  28 layers,  1/1 seqs), K (f16):   21.00 MiB, V (f16):   21.00 MiB
llama_kv_cache: attn_rot_k = 0, n_embd_head_k_all = 128
llama_kv_cache: attn_rot_v = 0, n_embd_head_k_all = 128
llama_context: enumerating backends
llama_context: backend_ptrs.size() = 2
sched_reserve: reserving ...
sched_reserve: max_nodes = 2712
sched_reserve: reserving full memory module
sched_reserve: worst-case: n_tokens = 512, n_seqs = 1, n_outputs = 1
graph_reserve: reserving a graph for ubatch with n_tokens =    1, n_seqs =  1, n_outputs =    1
sched_reserve: Flash Attention was auto, set to enabled
sched_reserve: resolving fused Gated Delta Net support:
graph_reserve: reserving a graph for ubatch with n_tokens =    1, n_seqs =  1, n_outputs =    1
sched_reserve: fused Gated Delta Net (autoregressive) enabled
graph_reserve: reserving a graph for ubatch with n_tokens =   16, n_seqs =  1, n_outputs =   16
sched_reserve: fused Gated Delta Net (chunked) enabled
graph_reserve: reserving a graph for ubatch with n_tokens =  512, n_seqs =  1, n_outputs =  512
graph_reserve: reserving a graph for ubatch with n_tokens =    1, n_seqs =  1, n_outputs =    1
graph_reserve: reserving a graph for ubatch with n_tokens =  512, n_seqs =  1, n_outputs =  512
sched_reserve:      CUDA0 compute buffer size =   304.00 MiB
sched_reserve:  CUDA_Host compute buffer size =    14.76 MiB
sched_reserve: graph nodes  = 958
sched_reserve: graph splits = 44 (with bs=512), 2 (with bs=1)
sched_reserve: reserve took 12.24 ms, sched copies = 1
CUDA Graph id 14754 reused
ggml_backend_cuda_graph_compute: CUDA graph warmup complete
CUDA Graph id 14754 reused
CUDA Graph id 14754 reused
CUDA Graph id 14754 reused
CUDA Graph id 14754 reused
CUDA Graph id 14754 reused
CUDA Graph id 14754 reused
CUDA Graph id 14754 reused
CUDA Graph id 14754 reused
CUDA Graph id 14754 reused
CUDA Graph id 14754 reused
CUDA Graph id 14754 reused
CUDA Graph id 14754 reused
CUDA Graph id 14754 reused
CUDA Graph id 14754 reused
CUDA Graph id 14754 reused
CUDA Graph id 14754 reused
CUDA Graph id 14754 reused
CUDA Graph id 14754 reused
CUDA Graph id 14754 reused
CUDA Graph id 14754 reused
CUDA Graph id 14754 reused
CUDA Graph id 14754 reused
CUDA Graph id 14754 reused
CUDA Graph id 14754 reused
CUDA Graph id 14754 reused
CUDA Graph id 14754 reused
CUDA Graph id 14754 reused
CUDA Graph id 14754 reused
CUDA Graph id 14754 reused
CUDA Graph id 14754 reused
CUDA Graph id 14754 reused
CUDA Graph id 14754 reused
CUDA Graph id 14754 reused
CUDA Graph id 14754 reused
CUDA Graph id 14754 reused
CUDA Graph id 14754 reused
CUDA Graph id 14754 reused
CUDA Graph id 14754 reused
CUDA Graph id 14754 reused
CUDA Graph id 14754 reused
CUDA Graph id 14754 reused
CUDA Graph id 14754 reused
CUDA Graph id 14754 reused
CUDA Graph id 14754 reused
CUDA Graph id 14754 reused
CUDA Graph id 14754 reused
CUDA Graph id 14754 reused
CUDA Graph id 14754 reused
CUDA Graph id 14754 reused
~llama_context:      CUDA0 compute buffer size is 304.0000 MiB, matches expectation of 304.0000 MiB
~llama_context:  CUDA_Host compute buffer size is  14.7637 MiB, matches expectation of  14.7637 MiB
llama_context: constructing llama_context
llama_context: n_seq_max     = 1
llama_context: n_ctx         = 768
llama_context: n_ctx_seq     = 768
llama_context: n_batch       = 685
llama_context: n_ubatch      = 512
llama_context: causal_attn   = 1
llama_context: flash_attn    = auto
llama_context: kv_unified    = false
llama_context: freq_base     = 1000000.0
llama_context: freq_scale    = 1
llama_context: n_rs_seq      = 0
llama_context: n_outputs_max = 685
llama_context: n_ctx_seq (768) < n_ctx_train (32768) -- the full capacity of the model will not be utilized
set_abort_callback: call
llama_context:  CUDA_Host  output buffer size =     0.58 MiB
llama_kv_cache: layer   0: dev = CPU
llama_kv_cache: layer   1: dev = CPU
llama_kv_cache: layer   2: dev = CPU
llama_kv_cache: layer   3: dev = CUDA0
llama_kv_cache: layer   4: dev = CUDA0
llama_kv_cache: layer   5: dev = CUDA0
llama_kv_cache: layer   6: dev = CUDA0
llama_kv_cache: layer   7: dev = CUDA0
llama_kv_cache: layer   8: dev = CUDA0
llama_kv_cache: layer   9: dev = CUDA0
llama_kv_cache: layer  10: dev = CUDA0
llama_kv_cache: layer  11: dev = CUDA0
llama_kv_cache: layer  12: dev = CUDA0
llama_kv_cache: layer  13: dev = CUDA0
llama_kv_cache: layer  14: dev = CUDA0
llama_kv_cache: layer  15: dev = CUDA0
llama_kv_cache: layer  16: dev = CUDA0
llama_kv_cache: layer  17: dev = CUDA0
llama_kv_cache: layer  18: dev = CUDA0
llama_kv_cache: layer  19: dev = CUDA0
llama_kv_cache: layer  20: dev = CUDA0
llama_kv_cache: layer  21: dev = CUDA0
llama_kv_cache: layer  22: dev = CUDA0
llama_kv_cache: layer  23: dev = CUDA0
llama_kv_cache: layer  24: dev = CUDA0
llama_kv_cache: layer  25: dev = CUDA0
llama_kv_cache: layer  26: dev = CUDA0
llama_kv_cache: layer  27: dev = CUDA0
llama_kv_cache:        CPU KV buffer size =     4.50 MiB
llama_kv_cache:      CUDA0 KV buffer size =    37.50 MiB
llama_kv_cache: size =   42.00 MiB (   768 cells,  28 layers,  1/1 seqs), K (f16):   21.00 MiB, V (f16):   21.00 MiB
llama_kv_cache: attn_rot_k = 0, n_embd_head_k_all = 128
llama_kv_cache: attn_rot_v = 0, n_embd_head_k_all = 128
llama_context: enumerating backends
llama_context: backend_ptrs.size() = 2
sched_reserve: reserving ...
sched_reserve: max_nodes = 2712
sched_reserve: reserving full memory module
sched_reserve: worst-case: n_tokens = 512, n_seqs = 1, n_outputs = 1
graph_reserve: reserving a graph for ubatch with n_tokens =    1, n_seqs =  1, n_outputs =    1
sched_reserve: Flash Attention was auto, set to enabled
sched_reserve: resolving fused Gated Delta Net support:
graph_reserve: reserving a graph for ubatch with n_tokens =    1, n_seqs =  1, n_outputs =    1
sched_reserve: fused Gated Delta Net (autoregressive) enabled
graph_reserve: reserving a graph for ubatch with n_tokens =   16, n_seqs =  1, n_outputs =   16
sched_reserve: fused Gated Delta Net (chunked) enabled
graph_reserve: reserving a graph for ubatch with n_tokens =  512, n_seqs =  1, n_outputs =  512
graph_reserve: reserving a graph for ubatch with n_tokens =    1, n_seqs =  1, n_outputs =    1
graph_reserve: reserving a graph for ubatch with n_tokens =  512, n_seqs =  1, n_outputs =  512
sched_reserve:      CUDA0 compute buffer size =   304.00 MiB
sched_reserve:  CUDA_Host compute buffer size =    14.76 MiB
sched_reserve: graph nodes  = 958
sched_reserve: graph splits = 44 (with bs=512), 2 (with bs=1)
sched_reserve: reserve took 10.78 ms, sched copies = 1
CUDA Graph id 14904 reused
ggml_backend_cuda_graph_compute: CUDA graph warmup complete
CUDA Graph id 14904 reused
CUDA Graph id 14904 reused
CUDA Graph id 14904 reused
CUDA Graph id 14904 reused
CUDA Graph id 14904 reused
CUDA Graph id 14904 reused
CUDA Graph id 14904 reused
CUDA Graph id 14904 reused
CUDA Graph id 14904 reused
CUDA Graph id 14904 reused
CUDA Graph id 14904 reused
CUDA Graph id 14904 reused
CUDA Graph id 14904 reused
CUDA Graph id 14904 reused
CUDA Graph id 14904 reused
CUDA Graph id 14904 reused
CUDA Graph id 14904 reused
CUDA Graph id 14904 reused
CUDA Graph id 14904 reused
CUDA Graph id 14904 reused
CUDA Graph id 14904 reused
CUDA Graph id 14904 reused
CUDA Graph id 14904 reused
CUDA Graph id 14904 reused
CUDA Graph id 14904 reused
CUDA Graph id 14904 reused
CUDA Graph id 14904 reused
CUDA Graph id 14904 reused
CUDA Graph id 14904 reused
CUDA Graph id 14904 reused
CUDA Graph id 14904 reused
CUDA Graph id 14904 reused
CUDA Graph id 14904 reused
CUDA Graph id 14904 reused
CUDA Graph id 14904 reused
CUDA Graph id 14904 reused
CUDA Graph id 14904 reused
CUDA Graph id 14904 reused
CUDA Graph id 14904 reused
CUDA Graph id 14904 reused
CUDA Graph id 14904 reused
CUDA Graph id 14904 reused
CUDA Graph id 14904 reused
CUDA Graph id 14904 reused
CUDA Graph id 14904 reused
CUDA Graph id 14904 reused
CUDA Graph id 14904 reused
CUDA Graph id 14904 reused
CUDA Graph id 14904 reused
~llama_context:      CUDA0 compute buffer size is 304.0000 MiB, matches expectation of 304.0000 MiB
~llama_context:  CUDA_Host compute buffer size is  14.7637 MiB, matches expectation of  14.7637 MiB
llama_context: constructing llama_context
llama_context: n_seq_max     = 1
llama_context: n_ctx         = 768
llama_context: n_ctx_seq     = 768
llama_context: n_batch       = 685
llama_context: n_ubatch      = 512
llama_context: causal_attn   = 1
llama_context: flash_attn    = auto
llama_context: kv_unified    = false
llama_context: freq_base     = 1000000.0
llama_context: freq_scale    = 1
llama_context: n_rs_seq      = 0
llama_context: n_outputs_max = 685
llama_context: n_ctx_seq (768) < n_ctx_train (32768) -- the full capacity of the model will not be utilized
set_abort_callback: call
llama_context:  CUDA_Host  output buffer size =     0.58 MiB
llama_kv_cache: layer   0: dev = CPU
llama_kv_cache: layer   1: dev = CPU
llama_kv_cache: layer   2: dev = CPU
llama_kv_cache: layer   3: dev = CUDA0
llama_kv_cache: layer   4: dev = CUDA0
llama_kv_cache: layer   5: dev = CUDA0
llama_kv_cache: layer   6: dev = CUDA0
llama_kv_cache: layer   7: dev = CUDA0
llama_kv_cache: layer   8: dev = CUDA0
llama_kv_cache: layer   9: dev = CUDA0
llama_kv_cache: layer  10: dev = CUDA0
llama_kv_cache: layer  11: dev = CUDA0
llama_kv_cache: layer  12: dev = CUDA0
llama_kv_cache: layer  13: dev = CUDA0
llama_kv_cache: layer  14: dev = CUDA0
llama_kv_cache: layer  15: dev = CUDA0
llama_kv_cache: layer  16: dev = CUDA0
llama_kv_cache: layer  17: dev = CUDA0
llama_kv_cache: layer  18: dev = CUDA0
llama_kv_cache: layer  19: dev = CUDA0
llama_kv_cache: layer  20: dev = CUDA0
llama_kv_cache: layer  21: dev = CUDA0
llama_kv_cache: layer  22: dev = CUDA0
llama_kv_cache: layer  23: dev = CUDA0
llama_kv_cache: layer  24: dev = CUDA0
llama_kv_cache: layer  25: dev = CUDA0
llama_kv_cache: layer  26: dev = CUDA0
llama_kv_cache: layer  27: dev = CUDA0
llama_kv_cache:        CPU KV buffer size =     4.50 MiB
llama_kv_cache:      CUDA0 KV buffer size =    37.50 MiB
llama_kv_cache: size =   42.00 MiB (   768 cells,  28 layers,  1/1 seqs), K (f16):   21.00 MiB, V (f16):   21.00 MiB
llama_kv_cache: attn_rot_k = 0, n_embd_head_k_all = 128
llama_kv_cache: attn_rot_v = 0, n_embd_head_k_all = 128
llama_context: enumerating backends
llama_context: backend_ptrs.size() = 2
sched_reserve: reserving ...
sched_reserve: max_nodes = 2712
sched_reserve: reserving full memory module
sched_reserve: worst-case: n_tokens = 512, n_seqs = 1, n_outputs = 1
graph_reserve: reserving a graph for ubatch with n_tokens =    1, n_seqs =  1, n_outputs =    1
sched_reserve: Flash Attention was auto, set to enabled
sched_reserve: resolving fused Gated Delta Net support:
graph_reserve: reserving a graph for ubatch with n_tokens =    1, n_seqs =  1, n_outputs =    1
sched_reserve: fused Gated Delta Net (autoregressive) enabled
graph_reserve: reserving a graph for ubatch with n_tokens =   16, n_seqs =  1, n_outputs =   16
sched_reserve: fused Gated Delta Net (chunked) enabled
graph_reserve: reserving a graph for ubatch with n_tokens =  512, n_seqs =  1, n_outputs =  512
graph_reserve: reserving a graph for ubatch with n_tokens =    1, n_seqs =  1, n_outputs =    1
graph_reserve: reserving a graph for ubatch with n_tokens =  512, n_seqs =  1, n_outputs =  512
sched_reserve:      CUDA0 compute buffer size =   304.00 MiB
sched_reserve:  CUDA_Host compute buffer size =    14.76 MiB
sched_reserve: graph nodes  = 958
sched_reserve: graph splits = 44 (with bs=512), 2 (with bs=1)
sched_reserve: reserve took 18.01 ms, sched copies = 1
CUDA Graph id 15054 reused
ggml_backend_cuda_graph_compute: CUDA graph warmup complete
CUDA Graph id 15054 reused
CUDA Graph id 15054 reused
CUDA Graph id 15054 reused
CUDA Graph id 15054 reused
CUDA Graph id 15054 reused
CUDA Graph id 15054 reused
CUDA Graph id 15054 reused
CUDA Graph id 15054 reused
CUDA Graph id 15054 reused
CUDA Graph id 15054 reused
CUDA Graph id 15054 reused
CUDA Graph id 15054 reused
CUDA Graph id 15054 reused
CUDA Graph id 15054 reused
CUDA Graph id 15054 reused
CUDA Graph id 15054 reused
CUDA Graph id 15054 reused
CUDA Graph id 15054 reused
CUDA Graph id 15054 reused
CUDA Graph id 15054 reused
CUDA Graph id 15054 reused
CUDA Graph id 15054 reused
CUDA Graph id 15054 reused
CUDA Graph id 15054 reused
CUDA Graph id 15054 reused
CUDA Graph id 15054 reused
CUDA Graph id 15054 reused
CUDA Graph id 15054 reused
CUDA Graph id 15054 reused
CUDA Graph id 15054 reused
CUDA Graph id 15054 reused
CUDA Graph id 15054 reused
CUDA Graph id 15054 reused
CUDA Graph id 15054 reused
CUDA Graph id 15054 reused
CUDA Graph id 15054 reused
CUDA Graph id 15054 reused
CUDA Graph id 15054 reused
CUDA Graph id 15054 reused
CUDA Graph id 15054 reused
CUDA Graph id 15054 reused
CUDA Graph id 15054 reused
CUDA Graph id 15054 reused
CUDA Graph id 15054 reused
CUDA Graph id 15054 reused
CUDA Graph id 15054 reused
CUDA Graph id 15054 reused
CUDA Graph id 15054 reused
CUDA Graph id 15054 reused
~llama_context:      CUDA0 compute buffer size is 304.0000 MiB, matches expectation of 304.0000 MiB
~llama_context:  CUDA_Host compute buffer size is  14.7637 MiB, matches expectation of  14.7637 MiB
llama_context: constructing llama_context
llama_context: n_seq_max     = 1
llama_context: n_ctx         = 768
llama_context: n_ctx_seq     = 768
llama_context: n_batch       = 685
llama_context: n_ubatch      = 512
llama_context: causal_attn   = 1
llama_context: flash_attn    = auto
llama_context: kv_unified    = false
llama_context: freq_base     = 1000000.0
llama_context: freq_scale    = 1
llama_context: n_rs_seq      = 0
llama_context: n_outputs_max = 685
llama_context: n_ctx_seq (768) < n_ctx_train (32768) -- the full capacity of the model will not be utilized
set_abort_callback: call
llama_context:  CUDA_Host  output buffer size =     0.58 MiB
llama_kv_cache: layer   0: dev = CPU
llama_kv_cache: layer   1: dev = CPU
llama_kv_cache: layer   2: dev = CPU
llama_kv_cache: layer   3: dev = CUDA0
llama_kv_cache: layer   4: dev = CUDA0
llama_kv_cache: layer   5: dev = CUDA0
llama_kv_cache: layer   6: dev = CUDA0
llama_kv_cache: layer   7: dev = CUDA0
llama_kv_cache: layer   8: dev = CUDA0
llama_kv_cache: layer   9: dev = CUDA0
llama_kv_cache: layer  10: dev = CUDA0
llama_kv_cache: layer  11: dev = CUDA0
llama_kv_cache: layer  12: dev = CUDA0
llama_kv_cache: layer  13: dev = CUDA0
llama_kv_cache: layer  14: dev = CUDA0
llama_kv_cache: layer  15: dev = CUDA0
llama_kv_cache: layer  16: dev = CUDA0
llama_kv_cache: layer  17: dev = CUDA0
llama_kv_cache: layer  18: dev = CUDA0
llama_kv_cache: layer  19: dev = CUDA0
llama_kv_cache: layer  20: dev = CUDA0
llama_kv_cache: layer  21: dev = CUDA0
llama_kv_cache: layer  22: dev = CUDA0
llama_kv_cache: layer  23: dev = CUDA0
llama_kv_cache: layer  24: dev = CUDA0
llama_kv_cache: layer  25: dev = CUDA0
llama_kv_cache: layer  26: dev = CUDA0
llama_kv_cache: layer  27: dev = CUDA0
llama_kv_cache:        CPU KV buffer size =     4.50 MiB
llama_kv_cache:      CUDA0 KV buffer size =    37.50 MiB
llama_kv_cache: size =   42.00 MiB (   768 cells,  28 layers,  1/1 seqs), K (f16):   21.00 MiB, V (f16):   21.00 MiB
llama_kv_cache: attn_rot_k = 0, n_embd_head_k_all = 128
llama_kv_cache: attn_rot_v = 0, n_embd_head_k_all = 128
llama_context: enumerating backends
llama_context: backend_ptrs.size() = 2
sched_reserve: reserving ...
sched_reserve: max_nodes = 2712
sched_reserve: reserving full memory module
sched_reserve: worst-case: n_tokens = 512, n_seqs = 1, n_outputs = 1
graph_reserve: reserving a graph for ubatch with n_tokens =    1, n_seqs =  1, n_outputs =    1
sched_reserve: Flash Attention was auto, set to enabled
sched_reserve: resolving fused Gated Delta Net support:
graph_reserve: reserving a graph for ubatch with n_tokens =    1, n_seqs =  1, n_outputs =    1
sched_reserve: fused Gated Delta Net (autoregressive) enabled
graph_reserve: reserving a graph for ubatch with n_tokens =   16, n_seqs =  1, n_outputs =   16
sched_reserve: fused Gated Delta Net (chunked) enabled
graph_reserve: reserving a graph for ubatch with n_tokens =  512, n_seqs =  1, n_outputs =  512
graph_reserve: reserving a graph for ubatch with n_tokens =    1, n_seqs =  1, n_outputs =    1
graph_reserve: reserving a graph for ubatch with n_tokens =  512, n_seqs =  1, n_outputs =  512
sched_reserve:      CUDA0 compute buffer size =   304.00 MiB
sched_reserve:  CUDA_Host compute buffer size =    14.76 MiB
sched_reserve: graph nodes  = 958
sched_reserve: graph splits = 44 (with bs=512), 2 (with bs=1)
sched_reserve: reserve took 12.15 ms, sched copies = 1
CUDA Graph id 15204 reused
ggml_backend_cuda_graph_compute: CUDA graph warmup complete
CUDA Graph id 15204 reused
CUDA Graph id 15204 reused
CUDA Graph id 15204 reused
CUDA Graph id 15204 reused
CUDA Graph id 15204 reused
CUDA Graph id 15204 reused
CUDA Graph id 15204 reused
CUDA Graph id 15204 reused
CUDA Graph id 15204 reused
CUDA Graph id 15204 reused
CUDA Graph id 15204 reused
CUDA Graph id 15204 reused
~llama_context:      CUDA0 compute buffer size is 304.0000 MiB, matches expectation of 304.0000 MiB
~llama_context:  CUDA_Host compute buffer size is  14.7637 MiB, matches expectation of  14.7637 MiB
llama_context: constructing llama_context
llama_context: n_seq_max     = 1
llama_context: n_ctx         = 768
llama_context: n_ctx_seq     = 768
llama_context: n_batch       = 685
llama_context: n_ubatch      = 512
llama_context: causal_attn   = 1
llama_context: flash_attn    = auto
llama_context: kv_unified    = false
llama_context: freq_base     = 1000000.0
llama_context: freq_scale    = 1
llama_context: n_rs_seq      = 0
llama_context: n_outputs_max = 685
llama_context: n_ctx_seq (768) < n_ctx_train (32768) -- the full capacity of the model will not be utilized
set_abort_callback: call
llama_context:  CUDA_Host  output buffer size =     0.58 MiB
llama_kv_cache: layer   0: dev = CPU
llama_kv_cache: layer   1: dev = CPU
llama_kv_cache: layer   2: dev = CPU
llama_kv_cache: layer   3: dev = CUDA0
llama_kv_cache: layer   4: dev = CUDA0
llama_kv_cache: layer   5: dev = CUDA0
llama_kv_cache: layer   6: dev = CUDA0
llama_kv_cache: layer   7: dev = CUDA0
llama_kv_cache: layer   8: dev = CUDA0
llama_kv_cache: layer   9: dev = CUDA0
llama_kv_cache: layer  10: dev = CUDA0
llama_kv_cache: layer  11: dev = CUDA0
llama_kv_cache: layer  12: dev = CUDA0
llama_kv_cache: layer  13: dev = CUDA0
llama_kv_cache: layer  14: dev = CUDA0
llama_kv_cache: layer  15: dev = CUDA0
llama_kv_cache: layer  16: dev = CUDA0
llama_kv_cache: layer  17: dev = CUDA0
llama_kv_cache: layer  18: dev = CUDA0
llama_kv_cache: layer  19: dev = CUDA0
llama_kv_cache: layer  20: dev = CUDA0
llama_kv_cache: layer  21: dev = CUDA0
llama_kv_cache: layer  22: dev = CUDA0
llama_kv_cache: layer  23: dev = CUDA0
llama_kv_cache: layer  24: dev = CUDA0
llama_kv_cache: layer  25: dev = CUDA0
llama_kv_cache: layer  26: dev = CUDA0
llama_kv_cache: layer  27: dev = CUDA0
llama_kv_cache:        CPU KV buffer size =     4.50 MiB
llama_kv_cache:      CUDA0 KV buffer size =    37.50 MiB
llama_kv_cache: size =   42.00 MiB (   768 cells,  28 layers,  1/1 seqs), K (f16):   21.00 MiB, V (f16):   21.00 MiB
llama_kv_cache: attn_rot_k = 0, n_embd_head_k_all = 128
llama_kv_cache: attn_rot_v = 0, n_embd_head_k_all = 128
llama_context: enumerating backends
llama_context: backend_ptrs.size() = 2
sched_reserve: reserving ...
sched_reserve: max_nodes = 2712
sched_reserve: reserving full memory module
sched_reserve: worst-case: n_tokens = 512, n_seqs = 1, n_outputs = 1
graph_reserve: reserving a graph for ubatch with n_tokens =    1, n_seqs =  1, n_outputs =    1
sched_reserve: Flash Attention was auto, set to enabled
sched_reserve: resolving fused Gated Delta Net support:
graph_reserve: reserving a graph for ubatch with n_tokens =    1, n_seqs =  1, n_outputs =    1
sched_reserve: fused Gated Delta Net (autoregressive) enabled
graph_reserve: reserving a graph for ubatch with n_tokens =   16, n_seqs =  1, n_outputs =   16
sched_reserve: fused Gated Delta Net (chunked) enabled
graph_reserve: reserving a graph for ubatch with n_tokens =  512, n_seqs =  1, n_outputs =  512
graph_reserve: reserving a graph for ubatch with n_tokens =    1, n_seqs =  1, n_outputs =    1
graph_reserve: reserving a graph for ubatch with n_tokens =  512, n_seqs =  1, n_outputs =  512
sched_reserve:      CUDA0 compute buffer size =   304.00 MiB
sched_reserve:  CUDA_Host compute buffer size =    14.76 MiB
sched_reserve: graph nodes  = 958
sched_reserve: graph splits = 44 (with bs=512), 2 (with bs=1)
sched_reserve: reserve took 10.84 ms, sched copies = 1
CUDA Graph id 15354 reused
ggml_backend_cuda_graph_compute: CUDA graph warmup complete
CUDA Graph id 15354 reused
CUDA Graph id 15354 reused
CUDA Graph id 15354 reused
CUDA Graph id 15354 reused
CUDA Graph id 15354 reused
CUDA Graph id 15354 reused
CUDA Graph id 15354 reused
CUDA Graph id 15354 reused
CUDA Graph id 15354 reused
CUDA Graph id 15354 reused
CUDA Graph id 15354 reused
CUDA Graph id 15354 reused
CUDA Graph id 15354 reused
CUDA Graph id 15354 reused
CUDA Graph id 15354 reused
CUDA Graph id 15354 reused
CUDA Graph id 15354 reused
CUDA Graph id 15354 reused
CUDA Graph id 15354 reused
CUDA Graph id 15354 reused
CUDA Graph id 15354 reused
CUDA Graph id 15354 reused
CUDA Graph id 15354 reused
CUDA Graph id 15354 reused
CUDA Graph id 15354 reused
CUDA Graph id 15354 reused
CUDA Graph id 15354 reused
CUDA Graph id 15354 reused
CUDA Graph id 15354 reused
~llama_context:      CUDA0 compute buffer size is 304.0000 MiB, matches expectation of 304.0000 MiB
~llama_context:  CUDA_Host compute buffer size is  14.7637 MiB, matches expectation of  14.7637 MiB
schema 67/75 done
llama_context: constructing llama_context
llama_context: n_seq_max     = 1
llama_context: n_ctx         = 768
llama_context: n_ctx_seq     = 768
llama_context: n_batch       = 725
llama_context: n_ubatch      = 512
llama_context: causal_attn   = 1
llama_context: flash_attn    = auto
llama_context: kv_unified    = false
llama_context: freq_base     = 1000000.0
llama_context: freq_scale    = 1
llama_context: n_rs_seq      = 0
llama_context: n_outputs_max = 725
llama_context: n_ctx_seq (768) < n_ctx_train (32768) -- the full capacity of the model will not be utilized
set_abort_callback: call
llama_context:  CUDA_Host  output buffer size =     0.58 MiB
llama_kv_cache: layer   0: dev = CPU
llama_kv_cache: layer   1: dev = CPU
llama_kv_cache: layer   2: dev = CPU
llama_kv_cache: layer   3: dev = CUDA0
llama_kv_cache: layer   4: dev = CUDA0
llama_kv_cache: layer   5: dev = CUDA0
llama_kv_cache: layer   6: dev = CUDA0
llama_kv_cache: layer   7: dev = CUDA0
llama_kv_cache: layer   8: dev = CUDA0
llama_kv_cache: layer   9: dev = CUDA0
llama_kv_cache: layer  10: dev = CUDA0
llama_kv_cache: layer  11: dev = CUDA0
llama_kv_cache: layer  12: dev = CUDA0
llama_kv_cache: layer  13: dev = CUDA0
llama_kv_cache: layer  14: dev = CUDA0
llama_kv_cache: layer  15: dev = CUDA0
llama_kv_cache: layer  16: dev = CUDA0
llama_kv_cache: layer  17: dev = CUDA0
llama_kv_cache: layer  18: dev = CUDA0
llama_kv_cache: layer  19: dev = CUDA0
llama_kv_cache: layer  20: dev = CUDA0
llama_kv_cache: layer  21: dev = CUDA0
llama_kv_cache: layer  22: dev = CUDA0
llama_kv_cache: layer  23: dev = CUDA0
llama_kv_cache: layer  24: dev = CUDA0
llama_kv_cache: layer  25: dev = CUDA0
llama_kv_cache: layer  26: dev = CUDA0
llama_kv_cache: layer  27: dev = CUDA0
llama_kv_cache:        CPU KV buffer size =     4.50 MiB
llama_kv_cache:      CUDA0 KV buffer size =    37.50 MiB
llama_kv_cache: size =   42.00 MiB (   768 cells,  28 layers,  1/1 seqs), K (f16):   21.00 MiB, V (f16):   21.00 MiB
llama_kv_cache: attn_rot_k = 0, n_embd_head_k_all = 128
llama_kv_cache: attn_rot_v = 0, n_embd_head_k_all = 128
llama_context: enumerating backends
llama_context: backend_ptrs.size() = 2
sched_reserve: reserving ...
sched_reserve: max_nodes = 2712
sched_reserve: reserving full memory module
sched_reserve: worst-case: n_tokens = 512, n_seqs = 1, n_outputs = 1
graph_reserve: reserving a graph for ubatch with n_tokens =    1, n_seqs =  1, n_outputs =    1
sched_reserve: Flash Attention was auto, set to enabled
sched_reserve: resolving fused Gated Delta Net support:
graph_reserve: reserving a graph for ubatch with n_tokens =    1, n_seqs =  1, n_outputs =    1
sched_reserve: fused Gated Delta Net (autoregressive) enabled
graph_reserve: reserving a graph for ubatch with n_tokens =   16, n_seqs =  1, n_outputs =   16
sched_reserve: fused Gated Delta Net (chunked) enabled
graph_reserve: reserving a graph for ubatch with n_tokens =  512, n_seqs =  1, n_outputs =  512
graph_reserve: reserving a graph for ubatch with n_tokens =    1, n_seqs =  1, n_outputs =    1
graph_reserve: reserving a graph for ubatch with n_tokens =  512, n_seqs =  1, n_outputs =  512
sched_reserve:      CUDA0 compute buffer size =   304.00 MiB
sched_reserve:  CUDA_Host compute buffer size =    14.76 MiB
sched_reserve: graph nodes  = 958
sched_reserve: graph splits = 44 (with bs=512), 2 (with bs=1)
sched_reserve: reserve took 13.51 ms, sched copies = 1
CUDA Graph id 15504 reused
ggml_backend_cuda_graph_compute: CUDA graph warmup complete
CUDA Graph id 15504 reused
CUDA Graph id 15504 reused
CUDA Graph id 15504 reused
CUDA Graph id 15504 reused
CUDA Graph id 15504 reused
CUDA Graph id 15504 reused
CUDA Graph id 15504 reused
CUDA Graph id 15504 reused
CUDA Graph id 15504 reused
CUDA Graph id 15504 reused
CUDA Graph id 15504 reused
CUDA Graph id 15504 reused
CUDA Graph id 15504 reused
CUDA Graph id 15504 reused
CUDA Graph id 15504 reused
CUDA Graph id 15504 reused
CUDA Graph id 15504 reused
CUDA Graph id 15504 reused
CUDA Graph id 15504 reused
CUDA Graph id 15504 reused
CUDA Graph id 15504 reused
CUDA Graph id 15504 reused
CUDA Graph id 15504 reused
CUDA Graph id 15504 reused
CUDA Graph id 15504 reused
CUDA Graph id 15504 reused
CUDA Graph id 15504 reused
CUDA Graph id 15504 reused
CUDA Graph id 15504 reused
CUDA Graph id 15504 reused
CUDA Graph id 15504 reused
CUDA Graph id 15504 reused
CUDA Graph id 15504 reused
CUDA Graph id 15504 reused
CUDA Graph id 15504 reused
CUDA Graph id 15504 reused
CUDA Graph id 15504 reused
CUDA Graph id 15504 reused
CUDA Graph id 15504 reused
CUDA Graph id 15504 reused
CUDA Graph id 15504 reused
CUDA Graph id 15504 reused
CUDA Graph id 15504 reused
CUDA Graph id 15504 reused
CUDA Graph id 15504 reused
CUDA Graph id 15504 reused
CUDA Graph id 15504 reused
CUDA Graph id 15504 reused
CUDA Graph id 15504 reused
ggml_backend_cuda_graph_compute: CUDA graph warmup reset
CUDA Graph id 15507 reused
ggml_backend_cuda_graph_compute: CUDA graph warmup complete
CUDA Graph id 15507 reused
CUDA Graph id 15507 reused
CUDA Graph id 15507 reused
CUDA Graph id 15507 reused
CUDA Graph id 15507 reused
CUDA Graph id 15507 reused
CUDA Graph id 15507 reused
CUDA Graph id 15507 reused
CUDA Graph id 15507 reused
CUDA Graph id 15507 reused
CUDA Graph id 15507 reused
CUDA Graph id 15507 reused
CUDA Graph id 15507 reused
CUDA Graph id 15507 reused
CUDA Graph id 15507 reused
CUDA Graph id 15507 reused
CUDA Graph id 15507 reused
CUDA Graph id 15507 reused
CUDA Graph id 15507 reused
CUDA Graph id 15507 reused
CUDA Graph id 15507 reused
CUDA Graph id 15507 reused
CUDA Graph id 15507 reused
CUDA Graph id 15507 reused
CUDA Graph id 15507 reused
CUDA Graph id 15507 reused
CUDA Graph id 15507 reused
CUDA Graph id 15507 reused
CUDA Graph id 15507 reused
CUDA Graph id 15507 reused
CUDA Graph id 15507 reused
CUDA Graph id 15507 reused
CUDA Graph id 15507 reused
CUDA Graph id 15507 reused
CUDA Graph id 15507 reused
CUDA Graph id 15507 reused
CUDA Graph id 15507 reused
CUDA Graph id 15507 reused
CUDA Graph id 15507 reused
CUDA Graph id 15507 reused
CUDA Graph id 15507 reused
CUDA Graph id 15507 reused
CUDA Graph id 15507 reused
CUDA Graph id 15507 reused
CUDA Graph id 15507 reused
CUDA Graph id 15507 reused
CUDA Graph id 15507 reused
CUDA Graph id 15507 reused
CUDA Graph id 15507 reused
CUDA Graph id 15507 reused
CUDA Graph id 15507 reused
CUDA Graph id 15507 reused
CUDA Graph id 15507 reused
CUDA Graph id 15507 reused
~llama_context:      CUDA0 compute buffer size is 304.0000 MiB, matches expectation of 304.0000 MiB
~llama_context:  CUDA_Host compute buffer size is  14.7637 MiB, matches expectation of  14.7637 MiB
llama_context: constructing llama_context
llama_context: n_seq_max     = 1
llama_context: n_ctx         = 768
llama_context: n_ctx_seq     = 768
llama_context: n_batch       = 725
llama_context: n_ubatch      = 512
llama_context: causal_attn   = 1
llama_context: flash_attn    = auto
llama_context: kv_unified    = false
llama_context: freq_base     = 1000000.0
llama_context: freq_scale    = 1
llama_context: n_rs_seq      = 0
llama_context: n_outputs_max = 725
llama_context: n_ctx_seq (768) < n_ctx_train (32768) -- the full capacity of the model will not be utilized
set_abort_callback: call
llama_context:  CUDA_Host  output buffer size =     0.58 MiB
llama_kv_cache: layer   0: dev = CPU
llama_kv_cache: layer   1: dev = CPU
llama_kv_cache: layer   2: dev = CPU
llama_kv_cache: layer   3: dev = CUDA0
llama_kv_cache: layer   4: dev = CUDA0
llama_kv_cache: layer   5: dev = CUDA0
llama_kv_cache: layer   6: dev = CUDA0
llama_kv_cache: layer   7: dev = CUDA0
llama_kv_cache: layer   8: dev = CUDA0
llama_kv_cache: layer   9: dev = CUDA0
llama_kv_cache: layer  10: dev = CUDA0
llama_kv_cache: layer  11: dev = CUDA0
llama_kv_cache: layer  12: dev = CUDA0
llama_kv_cache: layer  13: dev = CUDA0
llama_kv_cache: layer  14: dev = CUDA0
llama_kv_cache: layer  15: dev = CUDA0
llama_kv_cache: layer  16: dev = CUDA0
llama_kv_cache: layer  17: dev = CUDA0
llama_kv_cache: layer  18: dev = CUDA0
llama_kv_cache: layer  19: dev = CUDA0
llama_kv_cache: layer  20: dev = CUDA0
llama_kv_cache: layer  21: dev = CUDA0
llama_kv_cache: layer  22: dev = CUDA0
llama_kv_cache: layer  23: dev = CUDA0
llama_kv_cache: layer  24: dev = CUDA0
llama_kv_cache: layer  25: dev = CUDA0
llama_kv_cache: layer  26: dev = CUDA0
llama_kv_cache: layer  27: dev = CUDA0
llama_kv_cache:        CPU KV buffer size =     4.50 MiB
llama_kv_cache:      CUDA0 KV buffer size =    37.50 MiB
llama_kv_cache: size =   42.00 MiB (   768 cells,  28 layers,  1/1 seqs), K (f16):   21.00 MiB, V (f16):   21.00 MiB
llama_kv_cache: attn_rot_k = 0, n_embd_head_k_all = 128
llama_kv_cache: attn_rot_v = 0, n_embd_head_k_all = 128
llama_context: enumerating backends
llama_context: backend_ptrs.size() = 2
sched_reserve: reserving ...
sched_reserve: max_nodes = 2712
sched_reserve: reserving full memory module
sched_reserve: worst-case: n_tokens = 512, n_seqs = 1, n_outputs = 1
graph_reserve: reserving a graph for ubatch with n_tokens =    1, n_seqs =  1, n_outputs =    1
sched_reserve: Flash Attention was auto, set to enabled
sched_reserve: resolving fused Gated Delta Net support:
graph_reserve: reserving a graph for ubatch with n_tokens =    1, n_seqs =  1, n_outputs =    1
sched_reserve: fused Gated Delta Net (autoregressive) enabled
graph_reserve: reserving a graph for ubatch with n_tokens =   16, n_seqs =  1, n_outputs =   16
sched_reserve: fused Gated Delta Net (chunked) enabled
graph_reserve: reserving a graph for ubatch with n_tokens =  512, n_seqs =  1, n_outputs =  512
graph_reserve: reserving a graph for ubatch with n_tokens =    1, n_seqs =  1, n_outputs =    1
graph_reserve: reserving a graph for ubatch with n_tokens =  512, n_seqs =  1, n_outputs =  512
sched_reserve:      CUDA0 compute buffer size =   304.00 MiB
sched_reserve:  CUDA_Host compute buffer size =    14.76 MiB
sched_reserve: graph nodes  = 958
sched_reserve: graph splits = 44 (with bs=512), 2 (with bs=1)
sched_reserve: reserve took 13.15 ms, sched copies = 1
CUDA Graph id 15657 reused
ggml_backend_cuda_graph_compute: CUDA graph warmup complete
CUDA Graph id 15657 reused
CUDA Graph id 15657 reused
CUDA Graph id 15657 reused
CUDA Graph id 15657 reused
CUDA Graph id 15657 reused
CUDA Graph id 15657 reused
CUDA Graph id 15657 reused
CUDA Graph id 15657 reused
CUDA Graph id 15657 reused
CUDA Graph id 15657 reused
CUDA Graph id 15657 reused
CUDA Graph id 15657 reused
CUDA Graph id 15657 reused
CUDA Graph id 15657 reused
CUDA Graph id 15657 reused
CUDA Graph id 15657 reused
CUDA Graph id 15657 reused
CUDA Graph id 15657 reused
CUDA Graph id 15657 reused
CUDA Graph id 15657 reused
CUDA Graph id 15657 reused
CUDA Graph id 15657 reused
CUDA Graph id 15657 reused
CUDA Graph id 15657 reused
CUDA Graph id 15657 reused
CUDA Graph id 15657 reused
CUDA Graph id 15657 reused
CUDA Graph id 15657 reused
CUDA Graph id 15657 reused
CUDA Graph id 15657 reused
CUDA Graph id 15657 reused
CUDA Graph id 15657 reused
CUDA Graph id 15657 reused
CUDA Graph id 15657 reused
CUDA Graph id 15657 reused
CUDA Graph id 15657 reused
CUDA Graph id 15657 reused
CUDA Graph id 15657 reused
CUDA Graph id 15657 reused
CUDA Graph id 15657 reused
CUDA Graph id 15657 reused
CUDA Graph id 15657 reused
CUDA Graph id 15657 reused
CUDA Graph id 15657 reused
CUDA Graph id 15657 reused
CUDA Graph id 15657 reused
CUDA Graph id 15657 reused
CUDA Graph id 15657 reused
CUDA Graph id 15657 reused
ggml_backend_cuda_graph_compute: CUDA graph warmup reset
CUDA Graph id 15660 reused
ggml_backend_cuda_graph_compute: CUDA graph warmup complete
CUDA Graph id 15660 reused
CUDA Graph id 15660 reused
CUDA Graph id 15660 reused
CUDA Graph id 15660 reused
CUDA Graph id 15660 reused
CUDA Graph id 15660 reused
CUDA Graph id 15660 reused
CUDA Graph id 15660 reused
CUDA Graph id 15660 reused
CUDA Graph id 15660 reused
CUDA Graph id 15660 reused
CUDA Graph id 15660 reused
CUDA Graph id 15660 reused
CUDA Graph id 15660 reused
CUDA Graph id 15660 reused
CUDA Graph id 15660 reused
CUDA Graph id 15660 reused
CUDA Graph id 15660 reused
CUDA Graph id 15660 reused
CUDA Graph id 15660 reused
CUDA Graph id 15660 reused
CUDA Graph id 15660 reused
CUDA Graph id 15660 reused
CUDA Graph id 15660 reused
CUDA Graph id 15660 reused
CUDA Graph id 15660 reused
CUDA Graph id 15660 reused
CUDA Graph id 15660 reused
CUDA Graph id 15660 reused
CUDA Graph id 15660 reused
CUDA Graph id 15660 reused
CUDA Graph id 15660 reused
CUDA Graph id 15660 reused
CUDA Graph id 15660 reused
CUDA Graph id 15660 reused
CUDA Graph id 15660 reused
CUDA Graph id 15660 reused
CUDA Graph id 15660 reused
CUDA Graph id 15660 reused
CUDA Graph id 15660 reused
CUDA Graph id 15660 reused
CUDA Graph id 15660 reused
CUDA Graph id 15660 reused
CUDA Graph id 15660 reused
CUDA Graph id 15660 reused
CUDA Graph id 15660 reused
CUDA Graph id 15660 reused
CUDA Graph id 15660 reused
CUDA Graph id 15660 reused
CUDA Graph id 15660 reused
CUDA Graph id 15660 reused
CUDA Graph id 15660 reused
CUDA Graph id 15660 reused
CUDA Graph id 15660 reused
~llama_context:      CUDA0 compute buffer size is 304.0000 MiB, matches expectation of 304.0000 MiB
~llama_context:  CUDA_Host compute buffer size is  14.7637 MiB, matches expectation of  14.7637 MiB
llama_context: constructing llama_context
llama_context: n_seq_max     = 1
llama_context: n_ctx         = 768
llama_context: n_ctx_seq     = 768
llama_context: n_batch       = 725
llama_context: n_ubatch      = 512
llama_context: causal_attn   = 1
llama_context: flash_attn    = auto
llama_context: kv_unified    = false
llama_context: freq_base     = 1000000.0
llama_context: freq_scale    = 1
llama_context: n_rs_seq      = 0
llama_context: n_outputs_max = 725
llama_context: n_ctx_seq (768) < n_ctx_train (32768) -- the full capacity of the model will not be utilized
set_abort_callback: call
llama_context:  CUDA_Host  output buffer size =     0.58 MiB
llama_kv_cache: layer   0: dev = CPU
llama_kv_cache: layer   1: dev = CPU
llama_kv_cache: layer   2: dev = CPU
llama_kv_cache: layer   3: dev = CUDA0
llama_kv_cache: layer   4: dev = CUDA0
llama_kv_cache: layer   5: dev = CUDA0
llama_kv_cache: layer   6: dev = CUDA0
llama_kv_cache: layer   7: dev = CUDA0
llama_kv_cache: layer   8: dev = CUDA0
llama_kv_cache: layer   9: dev = CUDA0
llama_kv_cache: layer  10: dev = CUDA0
llama_kv_cache: layer  11: dev = CUDA0
llama_kv_cache: layer  12: dev = CUDA0
llama_kv_cache: layer  13: dev = CUDA0
llama_kv_cache: layer  14: dev = CUDA0
llama_kv_cache: layer  15: dev = CUDA0
llama_kv_cache: layer  16: dev = CUDA0
llama_kv_cache: layer  17: dev = CUDA0
llama_kv_cache: layer  18: dev = CUDA0
llama_kv_cache: layer  19: dev = CUDA0
llama_kv_cache: layer  20: dev = CUDA0
llama_kv_cache: layer  21: dev = CUDA0
llama_kv_cache: layer  22: dev = CUDA0
llama_kv_cache: layer  23: dev = CUDA0
llama_kv_cache: layer  24: dev = CUDA0
llama_kv_cache: layer  25: dev = CUDA0
llama_kv_cache: layer  26: dev = CUDA0
llama_kv_cache: layer  27: dev = CUDA0
llama_kv_cache:        CPU KV buffer size =     4.50 MiB
llama_kv_cache:      CUDA0 KV buffer size =    37.50 MiB
llama_kv_cache: size =   42.00 MiB (   768 cells,  28 layers,  1/1 seqs), K (f16):   21.00 MiB, V (f16):   21.00 MiB
llama_kv_cache: attn_rot_k = 0, n_embd_head_k_all = 128
llama_kv_cache: attn_rot_v = 0, n_embd_head_k_all = 128
llama_context: enumerating backends
llama_context: backend_ptrs.size() = 2
sched_reserve: reserving ...
sched_reserve: max_nodes = 2712
sched_reserve: reserving full memory module
sched_reserve: worst-case: n_tokens = 512, n_seqs = 1, n_outputs = 1
graph_reserve: reserving a graph for ubatch with n_tokens =    1, n_seqs =  1, n_outputs =    1
sched_reserve: Flash Attention was auto, set to enabled
sched_reserve: resolving fused Gated Delta Net support:
graph_reserve: reserving a graph for ubatch with n_tokens =    1, n_seqs =  1, n_outputs =    1
sched_reserve: fused Gated Delta Net (autoregressive) enabled
graph_reserve: reserving a graph for ubatch with n_tokens =   16, n_seqs =  1, n_outputs =   16
sched_reserve: fused Gated Delta Net (chunked) enabled
graph_reserve: reserving a graph for ubatch with n_tokens =  512, n_seqs =  1, n_outputs =  512
graph_reserve: reserving a graph for ubatch with n_tokens =    1, n_seqs =  1, n_outputs =    1
graph_reserve: reserving a graph for ubatch with n_tokens =  512, n_seqs =  1, n_outputs =  512
sched_reserve:      CUDA0 compute buffer size =   304.00 MiB
sched_reserve:  CUDA_Host compute buffer size =    14.76 MiB
sched_reserve: graph nodes  = 958
sched_reserve: graph splits = 44 (with bs=512), 2 (with bs=1)
sched_reserve: reserve took 13.47 ms, sched copies = 1
CUDA Graph id 15810 reused
ggml_backend_cuda_graph_compute: CUDA graph warmup complete
CUDA Graph id 15810 reused
CUDA Graph id 15810 reused
CUDA Graph id 15810 reused
CUDA Graph id 15810 reused
CUDA Graph id 15810 reused
CUDA Graph id 15810 reused
CUDA Graph id 15810 reused
CUDA Graph id 15810 reused
CUDA Graph id 15810 reused
CUDA Graph id 15810 reused
CUDA Graph id 15810 reused
CUDA Graph id 15810 reused
CUDA Graph id 15810 reused
CUDA Graph id 15810 reused
CUDA Graph id 15810 reused
CUDA Graph id 15810 reused
CUDA Graph id 15810 reused
CUDA Graph id 15810 reused
CUDA Graph id 15810 reused
CUDA Graph id 15810 reused
CUDA Graph id 15810 reused
CUDA Graph id 15810 reused
CUDA Graph id 15810 reused
CUDA Graph id 15810 reused
CUDA Graph id 15810 reused
CUDA Graph id 15810 reused
CUDA Graph id 15810 reused
CUDA Graph id 15810 reused
CUDA Graph id 15810 reused
CUDA Graph id 15810 reused
CUDA Graph id 15810 reused
CUDA Graph id 15810 reused
CUDA Graph id 15810 reused
CUDA Graph id 15810 reused
CUDA Graph id 15810 reused
CUDA Graph id 15810 reused
CUDA Graph id 15810 reused
CUDA Graph id 15810 reused
CUDA Graph id 15810 reused
CUDA Graph id 15810 reused
CUDA Graph id 15810 reused
CUDA Graph id 15810 reused
CUDA Graph id 15810 reused
CUDA Graph id 15810 reused
CUDA Graph id 15810 reused
CUDA Graph id 15810 reused
CUDA Graph id 15810 reused
CUDA Graph id 15810 reused
CUDA Graph id 15810 reused
ggml_backend_cuda_graph_compute: CUDA graph warmup reset
CUDA Graph id 15813 reused
ggml_backend_cuda_graph_compute: CUDA graph warmup complete
CUDA Graph id 15813 reused
CUDA Graph id 15813 reused
CUDA Graph id 15813 reused
CUDA Graph id 15813 reused
CUDA Graph id 15813 reused
CUDA Graph id 15813 reused
CUDA Graph id 15813 reused
CUDA Graph id 15813 reused
CUDA Graph id 15813 reused
CUDA Graph id 15813 reused
CUDA Graph id 15813 reused
CUDA Graph id 15813 reused
CUDA Graph id 15813 reused
CUDA Graph id 15813 reused
CUDA Graph id 15813 reused
CUDA Graph id 15813 reused
CUDA Graph id 15813 reused
CUDA Graph id 15813 reused
CUDA Graph id 15813 reused
CUDA Graph id 15813 reused
CUDA Graph id 15813 reused
CUDA Graph id 15813 reused
CUDA Graph id 15813 reused
CUDA Graph id 15813 reused
CUDA Graph id 15813 reused
CUDA Graph id 15813 reused
CUDA Graph id 15813 reused
CUDA Graph id 15813 reused
CUDA Graph id 15813 reused
CUDA Graph id 15813 reused
CUDA Graph id 15813 reused
CUDA Graph id 15813 reused
CUDA Graph id 15813 reused
CUDA Graph id 15813 reused
CUDA Graph id 15813 reused
CUDA Graph id 15813 reused
CUDA Graph id 15813 reused
CUDA Graph id 15813 reused
CUDA Graph id 15813 reused
CUDA Graph id 15813 reused
CUDA Graph id 15813 reused
CUDA Graph id 15813 reused
CUDA Graph id 15813 reused
CUDA Graph id 15813 reused
CUDA Graph id 15813 reused
CUDA Graph id 15813 reused
CUDA Graph id 15813 reused
CUDA Graph id 15813 reused
CUDA Graph id 15813 reused
CUDA Graph id 15813 reused
CUDA Graph id 15813 reused
CUDA Graph id 15813 reused
CUDA Graph id 15813 reused
CUDA Graph id 15813 reused
CUDA Graph id 15813 reused
CUDA Graph id 15813 reused
CUDA Graph id 15813 reused
CUDA Graph id 15813 reused
CUDA Graph id 15813 reused
CUDA Graph id 15813 reused
CUDA Graph id 15813 reused
CUDA Graph id 15813 reused
~llama_context:      CUDA0 compute buffer size is 304.0000 MiB, matches expectation of 304.0000 MiB
~llama_context:  CUDA_Host compute buffer size is  14.7637 MiB, matches expectation of  14.7637 MiB
llama_context: constructing llama_context
llama_context: n_seq_max     = 1
llama_context: n_ctx         = 768
llama_context: n_ctx_seq     = 768
llama_context: n_batch       = 725
llama_context: n_ubatch      = 512
llama_context: causal_attn   = 1
llama_context: flash_attn    = auto
llama_context: kv_unified    = false
llama_context: freq_base     = 1000000.0
llama_context: freq_scale    = 1
llama_context: n_rs_seq      = 0
llama_context: n_outputs_max = 725
llama_context: n_ctx_seq (768) < n_ctx_train (32768) -- the full capacity of the model will not be utilized
set_abort_callback: call
llama_context:  CUDA_Host  output buffer size =     0.58 MiB
llama_kv_cache: layer   0: dev = CPU
llama_kv_cache: layer   1: dev = CPU
llama_kv_cache: layer   2: dev = CPU
llama_kv_cache: layer   3: dev = CUDA0
llama_kv_cache: layer   4: dev = CUDA0
llama_kv_cache: layer   5: dev = CUDA0
llama_kv_cache: layer   6: dev = CUDA0
llama_kv_cache: layer   7: dev = CUDA0
llama_kv_cache: layer   8: dev = CUDA0
llama_kv_cache: layer   9: dev = CUDA0
llama_kv_cache: layer  10: dev = CUDA0
llama_kv_cache: layer  11: dev = CUDA0
llama_kv_cache: layer  12: dev = CUDA0
llama_kv_cache: layer  13: dev = CUDA0
llama_kv_cache: layer  14: dev = CUDA0
llama_kv_cache: layer  15: dev = CUDA0
llama_kv_cache: layer  16: dev = CUDA0
llama_kv_cache: layer  17: dev = CUDA0
llama_kv_cache: layer  18: dev = CUDA0
llama_kv_cache: layer  19: dev = CUDA0
llama_kv_cache: layer  20: dev = CUDA0
llama_kv_cache: layer  21: dev = CUDA0
llama_kv_cache: layer  22: dev = CUDA0
llama_kv_cache: layer  23: dev = CUDA0
llama_kv_cache: layer  24: dev = CUDA0
llama_kv_cache: layer  25: dev = CUDA0
llama_kv_cache: layer  26: dev = CUDA0
llama_kv_cache: layer  27: dev = CUDA0
llama_kv_cache:        CPU KV buffer size =     4.50 MiB
llama_kv_cache:      CUDA0 KV buffer size =    37.50 MiB
llama_kv_cache: size =   42.00 MiB (   768 cells,  28 layers,  1/1 seqs), K (f16):   21.00 MiB, V (f16):   21.00 MiB
llama_kv_cache: attn_rot_k = 0, n_embd_head_k_all = 128
llama_kv_cache: attn_rot_v = 0, n_embd_head_k_all = 128
llama_context: enumerating backends
llama_context: backend_ptrs.size() = 2
sched_reserve: reserving ...
sched_reserve: max_nodes = 2712
sched_reserve: reserving full memory module
sched_reserve: worst-case: n_tokens = 512, n_seqs = 1, n_outputs = 1
graph_reserve: reserving a graph for ubatch with n_tokens =    1, n_seqs =  1, n_outputs =    1
sched_reserve: Flash Attention was auto, set to enabled
sched_reserve: resolving fused Gated Delta Net support:
graph_reserve: reserving a graph for ubatch with n_tokens =    1, n_seqs =  1, n_outputs =    1
sched_reserve: fused Gated Delta Net (autoregressive) enabled
graph_reserve: reserving a graph for ubatch with n_tokens =   16, n_seqs =  1, n_outputs =   16
sched_reserve: fused Gated Delta Net (chunked) enabled
graph_reserve: reserving a graph for ubatch with n_tokens =  512, n_seqs =  1, n_outputs =  512
graph_reserve: reserving a graph for ubatch with n_tokens =    1, n_seqs =  1, n_outputs =    1
graph_reserve: reserving a graph for ubatch with n_tokens =  512, n_seqs =  1, n_outputs =  512
sched_reserve:      CUDA0 compute buffer size =   304.00 MiB
sched_reserve:  CUDA_Host compute buffer size =    14.76 MiB
sched_reserve: graph nodes  = 958
sched_reserve: graph splits = 44 (with bs=512), 2 (with bs=1)
sched_reserve: reserve took 10.87 ms, sched copies = 1
CUDA Graph id 15963 reused
ggml_backend_cuda_graph_compute: CUDA graph warmup complete
CUDA Graph id 15963 reused
CUDA Graph id 15963 reused
CUDA Graph id 15963 reused
CUDA Graph id 15963 reused
CUDA Graph id 15963 reused
CUDA Graph id 15963 reused
CUDA Graph id 15963 reused
CUDA Graph id 15963 reused
CUDA Graph id 15963 reused
CUDA Graph id 15963 reused
CUDA Graph id 15963 reused
CUDA Graph id 15963 reused
CUDA Graph id 15963 reused
CUDA Graph id 15963 reused
CUDA Graph id 15963 reused
CUDA Graph id 15963 reused
CUDA Graph id 15963 reused
CUDA Graph id 15963 reused
CUDA Graph id 15963 reused
CUDA Graph id 15963 reused
CUDA Graph id 15963 reused
CUDA Graph id 15963 reused
CUDA Graph id 15963 reused
CUDA Graph id 15963 reused
CUDA Graph id 15963 reused
CUDA Graph id 15963 reused
CUDA Graph id 15963 reused
CUDA Graph id 15963 reused
CUDA Graph id 15963 reused
CUDA Graph id 15963 reused
CUDA Graph id 15963 reused
CUDA Graph id 15963 reused
CUDA Graph id 15963 reused
CUDA Graph id 15963 reused
CUDA Graph id 15963 reused
CUDA Graph id 15963 reused
CUDA Graph id 15963 reused
CUDA Graph id 15963 reused
CUDA Graph id 15963 reused
CUDA Graph id 15963 reused
CUDA Graph id 15963 reused
CUDA Graph id 15963 reused
CUDA Graph id 15963 reused
CUDA Graph id 15963 reused
CUDA Graph id 15963 reused
CUDA Graph id 15963 reused
CUDA Graph id 15963 reused
CUDA Graph id 15963 reused
CUDA Graph id 15963 reused
ggml_backend_cuda_graph_compute: CUDA graph warmup reset
CUDA Graph id 15966 reused
ggml_backend_cuda_graph_compute: CUDA graph warmup complete
CUDA Graph id 15966 reused
CUDA Graph id 15966 reused
CUDA Graph id 15966 reused
CUDA Graph id 15966 reused
CUDA Graph id 15966 reused
CUDA Graph id 15966 reused
CUDA Graph id 15966 reused
CUDA Graph id 15966 reused
CUDA Graph id 15966 reused
CUDA Graph id 15966 reused
CUDA Graph id 15966 reused
CUDA Graph id 15966 reused
CUDA Graph id 15966 reused
CUDA Graph id 15966 reused
CUDA Graph id 15966 reused
CUDA Graph id 15966 reused
CUDA Graph id 15966 reused
CUDA Graph id 15966 reused
CUDA Graph id 15966 reused
CUDA Graph id 15966 reused
CUDA Graph id 15966 reused
CUDA Graph id 15966 reused
CUDA Graph id 15966 reused
CUDA Graph id 15966 reused
CUDA Graph id 15966 reused
CUDA Graph id 15966 reused
CUDA Graph id 15966 reused
CUDA Graph id 15966 reused
CUDA Graph id 15966 reused
CUDA Graph id 15966 reused
CUDA Graph id 15966 reused
CUDA Graph id 15966 reused
CUDA Graph id 15966 reused
CUDA Graph id 15966 reused
CUDA Graph id 15966 reused
CUDA Graph id 15966 reused
CUDA Graph id 15966 reused
CUDA Graph id 15966 reused
CUDA Graph id 15966 reused
CUDA Graph id 15966 reused
CUDA Graph id 15966 reused
CUDA Graph id 15966 reused
CUDA Graph id 15966 reused
CUDA Graph id 15966 reused
CUDA Graph id 15966 reused
CUDA Graph id 15966 reused
CUDA Graph id 15966 reused
CUDA Graph id 15966 reused
CUDA Graph id 15966 reused
CUDA Graph id 15966 reused
CUDA Graph id 15966 reused
CUDA Graph id 15966 reused
CUDA Graph id 15966 reused
CUDA Graph id 15966 reused
CUDA Graph id 15966 reused
CUDA Graph id 15966 reused
CUDA Graph id 15966 reused
CUDA Graph id 15966 reused
CUDA Graph id 15966 reused
CUDA Graph id 15966 reused
CUDA Graph id 15966 reused
CUDA Graph id 15966 reused
CUDA Graph id 15966 reused
~llama_context:      CUDA0 compute buffer size is 304.0000 MiB, matches expectation of 304.0000 MiB
~llama_context:  CUDA_Host compute buffer size is  14.7637 MiB, matches expectation of  14.7637 MiB
llama_context: constructing llama_context
llama_context: n_seq_max     = 1
llama_context: n_ctx         = 768
llama_context: n_ctx_seq     = 768
llama_context: n_batch       = 725
llama_context: n_ubatch      = 512
llama_context: causal_attn   = 1
llama_context: flash_attn    = auto
llama_context: kv_unified    = false
llama_context: freq_base     = 1000000.0
llama_context: freq_scale    = 1
llama_context: n_rs_seq      = 0
llama_context: n_outputs_max = 725
llama_context: n_ctx_seq (768) < n_ctx_train (32768) -- the full capacity of the model will not be utilized
set_abort_callback: call
llama_context:  CUDA_Host  output buffer size =     0.58 MiB
llama_kv_cache: layer   0: dev = CPU
llama_kv_cache: layer   1: dev = CPU
llama_kv_cache: layer   2: dev = CPU
llama_kv_cache: layer   3: dev = CUDA0
llama_kv_cache: layer   4: dev = CUDA0
llama_kv_cache: layer   5: dev = CUDA0
llama_kv_cache: layer   6: dev = CUDA0
llama_kv_cache: layer   7: dev = CUDA0
llama_kv_cache: layer   8: dev = CUDA0
llama_kv_cache: layer   9: dev = CUDA0
llama_kv_cache: layer  10: dev = CUDA0
llama_kv_cache: layer  11: dev = CUDA0
llama_kv_cache: layer  12: dev = CUDA0
llama_kv_cache: layer  13: dev = CUDA0
llama_kv_cache: layer  14: dev = CUDA0
llama_kv_cache: layer  15: dev = CUDA0
llama_kv_cache: layer  16: dev = CUDA0
llama_kv_cache: layer  17: dev = CUDA0
llama_kv_cache: layer  18: dev = CUDA0
llama_kv_cache: layer  19: dev = CUDA0
llama_kv_cache: layer  20: dev = CUDA0
llama_kv_cache: layer  21: dev = CUDA0
llama_kv_cache: layer  22: dev = CUDA0
llama_kv_cache: layer  23: dev = CUDA0
llama_kv_cache: layer  24: dev = CUDA0
llama_kv_cache: layer  25: dev = CUDA0
llama_kv_cache: layer  26: dev = CUDA0
llama_kv_cache: layer  27: dev = CUDA0
llama_kv_cache:        CPU KV buffer size =     4.50 MiB
llama_kv_cache:      CUDA0 KV buffer size =    37.50 MiB
llama_kv_cache: size =   42.00 MiB (   768 cells,  28 layers,  1/1 seqs), K (f16):   21.00 MiB, V (f16):   21.00 MiB
llama_kv_cache: attn_rot_k = 0, n_embd_head_k_all = 128
llama_kv_cache: attn_rot_v = 0, n_embd_head_k_all = 128
llama_context: enumerating backends
llama_context: backend_ptrs.size() = 2
sched_reserve: reserving ...
sched_reserve: max_nodes = 2712
sched_reserve: reserving full memory module
sched_reserve: worst-case: n_tokens = 512, n_seqs = 1, n_outputs = 1
graph_reserve: reserving a graph for ubatch with n_tokens =    1, n_seqs =  1, n_outputs =    1
sched_reserve: Flash Attention was auto, set to enabled
sched_reserve: resolving fused Gated Delta Net support:
graph_reserve: reserving a graph for ubatch with n_tokens =    1, n_seqs =  1, n_outputs =    1
sched_reserve: fused Gated Delta Net (autoregressive) enabled
graph_reserve: reserving a graph for ubatch with n_tokens =   16, n_seqs =  1, n_outputs =   16
sched_reserve: fused Gated Delta Net (chunked) enabled
graph_reserve: reserving a graph for ubatch with n_tokens =  512, n_seqs =  1, n_outputs =  512
graph_reserve: reserving a graph for ubatch with n_tokens =    1, n_seqs =  1, n_outputs =    1
graph_reserve: reserving a graph for ubatch with n_tokens =  512, n_seqs =  1, n_outputs =  512
sched_reserve:      CUDA0 compute buffer size =   304.00 MiB
sched_reserve:  CUDA_Host compute buffer size =    14.76 MiB
sched_reserve: graph nodes  = 958
sched_reserve: graph splits = 44 (with bs=512), 2 (with bs=1)
sched_reserve: reserve took 21.55 ms, sched copies = 1
CUDA Graph id 16116 reused
ggml_backend_cuda_graph_compute: CUDA graph warmup complete
CUDA Graph id 16116 reused
CUDA Graph id 16116 reused
CUDA Graph id 16116 reused
CUDA Graph id 16116 reused
CUDA Graph id 16116 reused
CUDA Graph id 16116 reused
CUDA Graph id 16116 reused
CUDA Graph id 16116 reused
CUDA Graph id 16116 reused
CUDA Graph id 16116 reused
CUDA Graph id 16116 reused
CUDA Graph id 16116 reused
CUDA Graph id 16116 reused
CUDA Graph id 16116 reused
CUDA Graph id 16116 reused
CUDA Graph id 16116 reused
CUDA Graph id 16116 reused
CUDA Graph id 16116 reused
CUDA Graph id 16116 reused
CUDA Graph id 16116 reused
CUDA Graph id 16116 reused
CUDA Graph id 16116 reused
CUDA Graph id 16116 reused
CUDA Graph id 16116 reused
CUDA Graph id 16116 reused
CUDA Graph id 16116 reused
CUDA Graph id 16116 reused
CUDA Graph id 16116 reused
CUDA Graph id 16116 reused
CUDA Graph id 16116 reused
CUDA Graph id 16116 reused
CUDA Graph id 16116 reused
CUDA Graph id 16116 reused
CUDA Graph id 16116 reused
CUDA Graph id 16116 reused
CUDA Graph id 16116 reused
CUDA Graph id 16116 reused
CUDA Graph id 16116 reused
~llama_context:      CUDA0 compute buffer size is 304.0000 MiB, matches expectation of 304.0000 MiB
~llama_context:  CUDA_Host compute buffer size is  14.7637 MiB, matches expectation of  14.7637 MiB
llama_context: constructing llama_context
llama_context: n_seq_max     = 1
llama_context: n_ctx         = 768
llama_context: n_ctx_seq     = 768
llama_context: n_batch       = 725
llama_context: n_ubatch      = 512
llama_context: causal_attn   = 1
llama_context: flash_attn    = auto
llama_context: kv_unified    = false
llama_context: freq_base     = 1000000.0
llama_context: freq_scale    = 1
llama_context: n_rs_seq      = 0
llama_context: n_outputs_max = 725
llama_context: n_ctx_seq (768) < n_ctx_train (32768) -- the full capacity of the model will not be utilized
set_abort_callback: call
llama_context:  CUDA_Host  output buffer size =     0.58 MiB
llama_kv_cache: layer   0: dev = CPU
llama_kv_cache: layer   1: dev = CPU
llama_kv_cache: layer   2: dev = CPU
llama_kv_cache: layer   3: dev = CUDA0
llama_kv_cache: layer   4: dev = CUDA0
llama_kv_cache: layer   5: dev = CUDA0
llama_kv_cache: layer   6: dev = CUDA0
llama_kv_cache: layer   7: dev = CUDA0
llama_kv_cache: layer   8: dev = CUDA0
llama_kv_cache: layer   9: dev = CUDA0
llama_kv_cache: layer  10: dev = CUDA0
llama_kv_cache: layer  11: dev = CUDA0
llama_kv_cache: layer  12: dev = CUDA0
llama_kv_cache: layer  13: dev = CUDA0
llama_kv_cache: layer  14: dev = CUDA0
llama_kv_cache: layer  15: dev = CUDA0
llama_kv_cache: layer  16: dev = CUDA0
llama_kv_cache: layer  17: dev = CUDA0
llama_kv_cache: layer  18: dev = CUDA0
llama_kv_cache: layer  19: dev = CUDA0
llama_kv_cache: layer  20: dev = CUDA0
llama_kv_cache: layer  21: dev = CUDA0
llama_kv_cache: layer  22: dev = CUDA0
llama_kv_cache: layer  23: dev = CUDA0
llama_kv_cache: layer  24: dev = CUDA0
llama_kv_cache: layer  25: dev = CUDA0
llama_kv_cache: layer  26: dev = CUDA0
llama_kv_cache: layer  27: dev = CUDA0
llama_kv_cache:        CPU KV buffer size =     4.50 MiB
llama_kv_cache:      CUDA0 KV buffer size =    37.50 MiB
llama_kv_cache: size =   42.00 MiB (   768 cells,  28 layers,  1/1 seqs), K (f16):   21.00 MiB, V (f16):   21.00 MiB
llama_kv_cache: attn_rot_k = 0, n_embd_head_k_all = 128
llama_kv_cache: attn_rot_v = 0, n_embd_head_k_all = 128
llama_context: enumerating backends
llama_context: backend_ptrs.size() = 2
sched_reserve: reserving ...
sched_reserve: max_nodes = 2712
sched_reserve: reserving full memory module
sched_reserve: worst-case: n_tokens = 512, n_seqs = 1, n_outputs = 1
graph_reserve: reserving a graph for ubatch with n_tokens =    1, n_seqs =  1, n_outputs =    1
sched_reserve: Flash Attention was auto, set to enabled
sched_reserve: resolving fused Gated Delta Net support:
graph_reserve: reserving a graph for ubatch with n_tokens =    1, n_seqs =  1, n_outputs =    1
sched_reserve: fused Gated Delta Net (autoregressive) enabled
graph_reserve: reserving a graph for ubatch with n_tokens =   16, n_seqs =  1, n_outputs =   16
sched_reserve: fused Gated Delta Net (chunked) enabled
graph_reserve: reserving a graph for ubatch with n_tokens =  512, n_seqs =  1, n_outputs =  512
graph_reserve: reserving a graph for ubatch with n_tokens =    1, n_seqs =  1, n_outputs =    1
graph_reserve: reserving a graph for ubatch with n_tokens =  512, n_seqs =  1, n_outputs =  512
sched_reserve:      CUDA0 compute buffer size =   304.00 MiB
sched_reserve:  CUDA_Host compute buffer size =    14.76 MiB
sched_reserve: graph nodes  = 958
sched_reserve: graph splits = 44 (with bs=512), 2 (with bs=1)
sched_reserve: reserve took 11.00 ms, sched copies = 1
CUDA Graph id 16266 reused
ggml_backend_cuda_graph_compute: CUDA graph warmup complete
CUDA Graph id 16266 reused
CUDA Graph id 16266 reused
CUDA Graph id 16266 reused
CUDA Graph id 16266 reused
CUDA Graph id 16266 reused
CUDA Graph id 16266 reused
CUDA Graph id 16266 reused
CUDA Graph id 16266 reused
CUDA Graph id 16266 reused
CUDA Graph id 16266 reused
CUDA Graph id 16266 reused
CUDA Graph id 16266 reused
CUDA Graph id 16266 reused
CUDA Graph id 16266 reused
CUDA Graph id 16266 reused
CUDA Graph id 16266 reused
CUDA Graph id 16266 reused
CUDA Graph id 16266 reused
CUDA Graph id 16266 reused
CUDA Graph id 16266 reused
CUDA Graph id 16266 reused
CUDA Graph id 16266 reused
CUDA Graph id 16266 reused
CUDA Graph id 16266 reused
CUDA Graph id 16266 reused
CUDA Graph id 16266 reused
CUDA Graph id 16266 reused
CUDA Graph id 16266 reused
CUDA Graph id 16266 reused
CUDA Graph id 16266 reused
CUDA Graph id 16266 reused
CUDA Graph id 16266 reused
CUDA Graph id 16266 reused
CUDA Graph id 16266 reused
CUDA Graph id 16266 reused
CUDA Graph id 16266 reused
CUDA Graph id 16266 reused
CUDA Graph id 16266 reused
CUDA Graph id 16266 reused
CUDA Graph id 16266 reused
CUDA Graph id 16266 reused
CUDA Graph id 16266 reused
CUDA Graph id 16266 reused
CUDA Graph id 16266 reused
CUDA Graph id 16266 reused
CUDA Graph id 16266 reused
CUDA Graph id 16266 reused
CUDA Graph id 16266 reused
CUDA Graph id 16266 reused
ggml_backend_cuda_graph_compute: CUDA graph warmup reset
CUDA Graph id 16269 reused
ggml_backend_cuda_graph_compute: CUDA graph warmup complete
CUDA Graph id 16269 reused
CUDA Graph id 16269 reused
CUDA Graph id 16269 reused
CUDA Graph id 16269 reused
CUDA Graph id 16269 reused
CUDA Graph id 16269 reused
CUDA Graph id 16269 reused
CUDA Graph id 16269 reused
CUDA Graph id 16269 reused
CUDA Graph id 16269 reused
CUDA Graph id 16269 reused
CUDA Graph id 16269 reused
CUDA Graph id 16269 reused
CUDA Graph id 16269 reused
~llama_context:      CUDA0 compute buffer size is 304.0000 MiB, matches expectation of 304.0000 MiB
~llama_context:  CUDA_Host compute buffer size is  14.7637 MiB, matches expectation of  14.7637 MiB
schema 68/75 done
llama_context: constructing llama_context
llama_context: n_seq_max     = 1
llama_context: n_ctx         = 768
llama_context: n_ctx_seq     = 768
llama_context: n_batch       = 702
llama_context: n_ubatch      = 512
llama_context: causal_attn   = 1
llama_context: flash_attn    = auto
llama_context: kv_unified    = false
llama_context: freq_base     = 1000000.0
llama_context: freq_scale    = 1
llama_context: n_rs_seq      = 0
llama_context: n_outputs_max = 702
llama_context: n_ctx_seq (768) < n_ctx_train (32768) -- the full capacity of the model will not be utilized
set_abort_callback: call
llama_context:  CUDA_Host  output buffer size =     0.58 MiB
llama_kv_cache: layer   0: dev = CPU
llama_kv_cache: layer   1: dev = CPU
llama_kv_cache: layer   2: dev = CPU
llama_kv_cache: layer   3: dev = CUDA0
llama_kv_cache: layer   4: dev = CUDA0
llama_kv_cache: layer   5: dev = CUDA0
llama_kv_cache: layer   6: dev = CUDA0
llama_kv_cache: layer   7: dev = CUDA0
llama_kv_cache: layer   8: dev = CUDA0
llama_kv_cache: layer   9: dev = CUDA0
llama_kv_cache: layer  10: dev = CUDA0
llama_kv_cache: layer  11: dev = CUDA0
llama_kv_cache: layer  12: dev = CUDA0
llama_kv_cache: layer  13: dev = CUDA0
llama_kv_cache: layer  14: dev = CUDA0
llama_kv_cache: layer  15: dev = CUDA0
llama_kv_cache: layer  16: dev = CUDA0
llama_kv_cache: layer  17: dev = CUDA0
llama_kv_cache: layer  18: dev = CUDA0
llama_kv_cache: layer  19: dev = CUDA0
llama_kv_cache: layer  20: dev = CUDA0
llama_kv_cache: layer  21: dev = CUDA0
llama_kv_cache: layer  22: dev = CUDA0
llama_kv_cache: layer  23: dev = CUDA0
llama_kv_cache: layer  24: dev = CUDA0
llama_kv_cache: layer  25: dev = CUDA0
llama_kv_cache: layer  26: dev = CUDA0
llama_kv_cache: layer  27: dev = CUDA0
llama_kv_cache:        CPU KV buffer size =     4.50 MiB
llama_kv_cache:      CUDA0 KV buffer size =    37.50 MiB
llama_kv_cache: size =   42.00 MiB (   768 cells,  28 layers,  1/1 seqs), K (f16):   21.00 MiB, V (f16):   21.00 MiB
llama_kv_cache: attn_rot_k = 0, n_embd_head_k_all = 128
llama_kv_cache: attn_rot_v = 0, n_embd_head_k_all = 128
llama_context: enumerating backends
llama_context: backend_ptrs.size() = 2
sched_reserve: reserving ...
sched_reserve: max_nodes = 2712
sched_reserve: reserving full memory module
sched_reserve: worst-case: n_tokens = 512, n_seqs = 1, n_outputs = 1
graph_reserve: reserving a graph for ubatch with n_tokens =    1, n_seqs =  1, n_outputs =    1
sched_reserve: Flash Attention was auto, set to enabled
sched_reserve: resolving fused Gated Delta Net support:
graph_reserve: reserving a graph for ubatch with n_tokens =    1, n_seqs =  1, n_outputs =    1
sched_reserve: fused Gated Delta Net (autoregressive) enabled
graph_reserve: reserving a graph for ubatch with n_tokens =   16, n_seqs =  1, n_outputs =   16
sched_reserve: fused Gated Delta Net (chunked) enabled
graph_reserve: reserving a graph for ubatch with n_tokens =  512, n_seqs =  1, n_outputs =  512
graph_reserve: reserving a graph for ubatch with n_tokens =    1, n_seqs =  1, n_outputs =    1
graph_reserve: reserving a graph for ubatch with n_tokens =  512, n_seqs =  1, n_outputs =  512
sched_reserve:      CUDA0 compute buffer size =   304.00 MiB
sched_reserve:  CUDA_Host compute buffer size =    14.76 MiB
sched_reserve: graph nodes  = 958
sched_reserve: graph splits = 44 (with bs=512), 2 (with bs=1)
sched_reserve: reserve took 14.79 ms, sched copies = 1
CUDA Graph id 16419 reused
ggml_backend_cuda_graph_compute: CUDA graph warmup complete
CUDA Graph id 16419 reused
CUDA Graph id 16419 reused
CUDA Graph id 16419 reused
CUDA Graph id 16419 reused
CUDA Graph id 16419 reused
CUDA Graph id 16419 reused
CUDA Graph id 16419 reused
CUDA Graph id 16419 reused
CUDA Graph id 16419 reused
CUDA Graph id 16419 reused
CUDA Graph id 16419 reused
CUDA Graph id 16419 reused
CUDA Graph id 16419 reused
CUDA Graph id 16419 reused
CUDA Graph id 16419 reused
CUDA Graph id 16419 reused
CUDA Graph id 16419 reused
CUDA Graph id 16419 reused
CUDA Graph id 16419 reused
CUDA Graph id 16419 reused
CUDA Graph id 16419 reused
CUDA Graph id 16419 reused
CUDA Graph id 16419 reused
CUDA Graph id 16419 reused
CUDA Graph id 16419 reused
CUDA Graph id 16419 reused
CUDA Graph id 16419 reused
CUDA Graph id 16419 reused
~llama_context:      CUDA0 compute buffer size is 304.0000 MiB, matches expectation of 304.0000 MiB
~llama_context:  CUDA_Host compute buffer size is  14.7637 MiB, matches expectation of  14.7637 MiB
llama_context: constructing llama_context
llama_context: n_seq_max     = 1
llama_context: n_ctx         = 768
llama_context: n_ctx_seq     = 768
llama_context: n_batch       = 702
llama_context: n_ubatch      = 512
llama_context: causal_attn   = 1
llama_context: flash_attn    = auto
llama_context: kv_unified    = false
llama_context: freq_base     = 1000000.0
llama_context: freq_scale    = 1
llama_context: n_rs_seq      = 0
llama_context: n_outputs_max = 702
llama_context: n_ctx_seq (768) < n_ctx_train (32768) -- the full capacity of the model will not be utilized
set_abort_callback: call
llama_context:  CUDA_Host  output buffer size =     0.58 MiB
llama_kv_cache: layer   0: dev = CPU
llama_kv_cache: layer   1: dev = CPU
llama_kv_cache: layer   2: dev = CPU
llama_kv_cache: layer   3: dev = CUDA0
llama_kv_cache: layer   4: dev = CUDA0
llama_kv_cache: layer   5: dev = CUDA0
llama_kv_cache: layer   6: dev = CUDA0
llama_kv_cache: layer   7: dev = CUDA0
llama_kv_cache: layer   8: dev = CUDA0
llama_kv_cache: layer   9: dev = CUDA0
llama_kv_cache: layer  10: dev = CUDA0
llama_kv_cache: layer  11: dev = CUDA0
llama_kv_cache: layer  12: dev = CUDA0
llama_kv_cache: layer  13: dev = CUDA0
llama_kv_cache: layer  14: dev = CUDA0
llama_kv_cache: layer  15: dev = CUDA0
llama_kv_cache: layer  16: dev = CUDA0
llama_kv_cache: layer  17: dev = CUDA0
llama_kv_cache: layer  18: dev = CUDA0
llama_kv_cache: layer  19: dev = CUDA0
llama_kv_cache: layer  20: dev = CUDA0
llama_kv_cache: layer  21: dev = CUDA0
llama_kv_cache: layer  22: dev = CUDA0
llama_kv_cache: layer  23: dev = CUDA0
llama_kv_cache: layer  24: dev = CUDA0
llama_kv_cache: layer  25: dev = CUDA0
llama_kv_cache: layer  26: dev = CUDA0
llama_kv_cache: layer  27: dev = CUDA0
llama_kv_cache:        CPU KV buffer size =     4.50 MiB
llama_kv_cache:      CUDA0 KV buffer size =    37.50 MiB
llama_kv_cache: size =   42.00 MiB (   768 cells,  28 layers,  1/1 seqs), K (f16):   21.00 MiB, V (f16):   21.00 MiB
llama_kv_cache: attn_rot_k = 0, n_embd_head_k_all = 128
llama_kv_cache: attn_rot_v = 0, n_embd_head_k_all = 128
llama_context: enumerating backends
llama_context: backend_ptrs.size() = 2
sched_reserve: reserving ...
sched_reserve: max_nodes = 2712
sched_reserve: reserving full memory module
sched_reserve: worst-case: n_tokens = 512, n_seqs = 1, n_outputs = 1
graph_reserve: reserving a graph for ubatch with n_tokens =    1, n_seqs =  1, n_outputs =    1
sched_reserve: Flash Attention was auto, set to enabled
sched_reserve: resolving fused Gated Delta Net support:
graph_reserve: reserving a graph for ubatch with n_tokens =    1, n_seqs =  1, n_outputs =    1
sched_reserve: fused Gated Delta Net (autoregressive) enabled
graph_reserve: reserving a graph for ubatch with n_tokens =   16, n_seqs =  1, n_outputs =   16
sched_reserve: fused Gated Delta Net (chunked) enabled
graph_reserve: reserving a graph for ubatch with n_tokens =  512, n_seqs =  1, n_outputs =  512
graph_reserve: reserving a graph for ubatch with n_tokens =    1, n_seqs =  1, n_outputs =    1
graph_reserve: reserving a graph for ubatch with n_tokens =  512, n_seqs =  1, n_outputs =  512
sched_reserve:      CUDA0 compute buffer size =   304.00 MiB
sched_reserve:  CUDA_Host compute buffer size =    14.76 MiB
sched_reserve: graph nodes  = 958
sched_reserve: graph splits = 44 (with bs=512), 2 (with bs=1)
sched_reserve: reserve took 17.12 ms, sched copies = 1
CUDA Graph id 16569 reused
ggml_backend_cuda_graph_compute: CUDA graph warmup complete
CUDA Graph id 16569 reused
CUDA Graph id 16569 reused
CUDA Graph id 16569 reused
CUDA Graph id 16569 reused
CUDA Graph id 16569 reused
CUDA Graph id 16569 reused
CUDA Graph id 16569 reused
CUDA Graph id 16569 reused
CUDA Graph id 16569 reused
CUDA Graph id 16569 reused
CUDA Graph id 16569 reused
CUDA Graph id 16569 reused
CUDA Graph id 16569 reused
CUDA Graph id 16569 reused
CUDA Graph id 16569 reused
CUDA Graph id 16569 reused
CUDA Graph id 16569 reused
CUDA Graph id 16569 reused
CUDA Graph id 16569 reused
CUDA Graph id 16569 reused
CUDA Graph id 16569 reused
CUDA Graph id 16569 reused
CUDA Graph id 16569 reused
CUDA Graph id 16569 reused
CUDA Graph id 16569 reused
CUDA Graph id 16569 reused
CUDA Graph id 16569 reused
CUDA Graph id 16569 reused
~llama_context:      CUDA0 compute buffer size is 304.0000 MiB, matches expectation of 304.0000 MiB
~llama_context:  CUDA_Host compute buffer size is  14.7637 MiB, matches expectation of  14.7637 MiB
llama_context: constructing llama_context
llama_context: n_seq_max     = 1
llama_context: n_ctx         = 768
llama_context: n_ctx_seq     = 768
llama_context: n_batch       = 702
llama_context: n_ubatch      = 512
llama_context: causal_attn   = 1
llama_context: flash_attn    = auto
llama_context: kv_unified    = false
llama_context: freq_base     = 1000000.0
llama_context: freq_scale    = 1
llama_context: n_rs_seq      = 0
llama_context: n_outputs_max = 702
llama_context: n_ctx_seq (768) < n_ctx_train (32768) -- the full capacity of the model will not be utilized
set_abort_callback: call
llama_context:  CUDA_Host  output buffer size =     0.58 MiB
llama_kv_cache: layer   0: dev = CPU
llama_kv_cache: layer   1: dev = CPU
llama_kv_cache: layer   2: dev = CPU
llama_kv_cache: layer   3: dev = CUDA0
llama_kv_cache: layer   4: dev = CUDA0
llama_kv_cache: layer   5: dev = CUDA0
llama_kv_cache: layer   6: dev = CUDA0
llama_kv_cache: layer   7: dev = CUDA0
llama_kv_cache: layer   8: dev = CUDA0
llama_kv_cache: layer   9: dev = CUDA0
llama_kv_cache: layer  10: dev = CUDA0
llama_kv_cache: layer  11: dev = CUDA0
llama_kv_cache: layer  12: dev = CUDA0
llama_kv_cache: layer  13: dev = CUDA0
llama_kv_cache: layer  14: dev = CUDA0
llama_kv_cache: layer  15: dev = CUDA0
llama_kv_cache: layer  16: dev = CUDA0
llama_kv_cache: layer  17: dev = CUDA0
llama_kv_cache: layer  18: dev = CUDA0
llama_kv_cache: layer  19: dev = CUDA0
llama_kv_cache: layer  20: dev = CUDA0
llama_kv_cache: layer  21: dev = CUDA0
llama_kv_cache: layer  22: dev = CUDA0
llama_kv_cache: layer  23: dev = CUDA0
llama_kv_cache: layer  24: dev = CUDA0
llama_kv_cache: layer  25: dev = CUDA0
llama_kv_cache: layer  26: dev = CUDA0
llama_kv_cache: layer  27: dev = CUDA0
llama_kv_cache:        CPU KV buffer size =     4.50 MiB
llama_kv_cache:      CUDA0 KV buffer size =    37.50 MiB
llama_kv_cache: size =   42.00 MiB (   768 cells,  28 layers,  1/1 seqs), K (f16):   21.00 MiB, V (f16):   21.00 MiB
llama_kv_cache: attn_rot_k = 0, n_embd_head_k_all = 128
llama_kv_cache: attn_rot_v = 0, n_embd_head_k_all = 128
llama_context: enumerating backends
llama_context: backend_ptrs.size() = 2
sched_reserve: reserving ...
sched_reserve: max_nodes = 2712
sched_reserve: reserving full memory module
sched_reserve: worst-case: n_tokens = 512, n_seqs = 1, n_outputs = 1
graph_reserve: reserving a graph for ubatch with n_tokens =    1, n_seqs =  1, n_outputs =    1
sched_reserve: Flash Attention was auto, set to enabled
sched_reserve: resolving fused Gated Delta Net support:
graph_reserve: reserving a graph for ubatch with n_tokens =    1, n_seqs =  1, n_outputs =    1
sched_reserve: fused Gated Delta Net (autoregressive) enabled
graph_reserve: reserving a graph for ubatch with n_tokens =   16, n_seqs =  1, n_outputs =   16
sched_reserve: fused Gated Delta Net (chunked) enabled
graph_reserve: reserving a graph for ubatch with n_tokens =  512, n_seqs =  1, n_outputs =  512
graph_reserve: reserving a graph for ubatch with n_tokens =    1, n_seqs =  1, n_outputs =    1
graph_reserve: reserving a graph for ubatch with n_tokens =  512, n_seqs =  1, n_outputs =  512
sched_reserve:      CUDA0 compute buffer size =   304.00 MiB
sched_reserve:  CUDA_Host compute buffer size =    14.76 MiB
sched_reserve: graph nodes  = 958
sched_reserve: graph splits = 44 (with bs=512), 2 (with bs=1)
sched_reserve: reserve took 10.97 ms, sched copies = 1
CUDA Graph id 16719 reused
ggml_backend_cuda_graph_compute: CUDA graph warmup complete
CUDA Graph id 16719 reused
CUDA Graph id 16719 reused
CUDA Graph id 16719 reused
CUDA Graph id 16719 reused
CUDA Graph id 16719 reused
CUDA Graph id 16719 reused
CUDA Graph id 16719 reused
CUDA Graph id 16719 reused
CUDA Graph id 16719 reused
CUDA Graph id 16719 reused
CUDA Graph id 16719 reused
CUDA Graph id 16719 reused
~llama_context:      CUDA0 compute buffer size is 304.0000 MiB, matches expectation of 304.0000 MiB
~llama_context:  CUDA_Host compute buffer size is  14.7637 MiB, matches expectation of  14.7637 MiB
llama_context: constructing llama_context
llama_context: n_seq_max     = 1
llama_context: n_ctx         = 768
llama_context: n_ctx_seq     = 768
llama_context: n_batch       = 702
llama_context: n_ubatch      = 512
llama_context: causal_attn   = 1
llama_context: flash_attn    = auto
llama_context: kv_unified    = false
llama_context: freq_base     = 1000000.0
llama_context: freq_scale    = 1
llama_context: n_rs_seq      = 0
llama_context: n_outputs_max = 702
llama_context: n_ctx_seq (768) < n_ctx_train (32768) -- the full capacity of the model will not be utilized
set_abort_callback: call
llama_context:  CUDA_Host  output buffer size =     0.58 MiB
llama_kv_cache: layer   0: dev = CPU
llama_kv_cache: layer   1: dev = CPU
llama_kv_cache: layer   2: dev = CPU
llama_kv_cache: layer   3: dev = CUDA0
llama_kv_cache: layer   4: dev = CUDA0
llama_kv_cache: layer   5: dev = CUDA0
llama_kv_cache: layer   6: dev = CUDA0
llama_kv_cache: layer   7: dev = CUDA0
llama_kv_cache: layer   8: dev = CUDA0
llama_kv_cache: layer   9: dev = CUDA0
llama_kv_cache: layer  10: dev = CUDA0
llama_kv_cache: layer  11: dev = CUDA0
llama_kv_cache: layer  12: dev = CUDA0
llama_kv_cache: layer  13: dev = CUDA0
llama_kv_cache: layer  14: dev = CUDA0
llama_kv_cache: layer  15: dev = CUDA0
llama_kv_cache: layer  16: dev = CUDA0
llama_kv_cache: layer  17: dev = CUDA0
llama_kv_cache: layer  18: dev = CUDA0
llama_kv_cache: layer  19: dev = CUDA0
llama_kv_cache: layer  20: dev = CUDA0
llama_kv_cache: layer  21: dev = CUDA0
llama_kv_cache: layer  22: dev = CUDA0
llama_kv_cache: layer  23: dev = CUDA0
llama_kv_cache: layer  24: dev = CUDA0
llama_kv_cache: layer  25: dev = CUDA0
llama_kv_cache: layer  26: dev = CUDA0
llama_kv_cache: layer  27: dev = CUDA0
llama_kv_cache:        CPU KV buffer size =     4.50 MiB
llama_kv_cache:      CUDA0 KV buffer size =    37.50 MiB
llama_kv_cache: size =   42.00 MiB (   768 cells,  28 layers,  1/1 seqs), K (f16):   21.00 MiB, V (f16):   21.00 MiB
llama_kv_cache: attn_rot_k = 0, n_embd_head_k_all = 128
llama_kv_cache: attn_rot_v = 0, n_embd_head_k_all = 128
llama_context: enumerating backends
llama_context: backend_ptrs.size() = 2
sched_reserve: reserving ...
sched_reserve: max_nodes = 2712
sched_reserve: reserving full memory module
sched_reserve: worst-case: n_tokens = 512, n_seqs = 1, n_outputs = 1
graph_reserve: reserving a graph for ubatch with n_tokens =    1, n_seqs =  1, n_outputs =    1
sched_reserve: Flash Attention was auto, set to enabled
sched_reserve: resolving fused Gated Delta Net support:
graph_reserve: reserving a graph for ubatch with n_tokens =    1, n_seqs =  1, n_outputs =    1
sched_reserve: fused Gated Delta Net (autoregressive) enabled
graph_reserve: reserving a graph for ubatch with n_tokens =   16, n_seqs =  1, n_outputs =   16
sched_reserve: fused Gated Delta Net (chunked) enabled
graph_reserve: reserving a graph for ubatch with n_tokens =  512, n_seqs =  1, n_outputs =  512
graph_reserve: reserving a graph for ubatch with n_tokens =    1, n_seqs =  1, n_outputs =    1
graph_reserve: reserving a graph for ubatch with n_tokens =  512, n_seqs =  1, n_outputs =  512
sched_reserve:      CUDA0 compute buffer size =   304.00 MiB
sched_reserve:  CUDA_Host compute buffer size =    14.76 MiB
sched_reserve: graph nodes  = 958
sched_reserve: graph splits = 44 (with bs=512), 2 (with bs=1)
sched_reserve: reserve took 17.05 ms, sched copies = 1
CUDA Graph id 16869 reused
ggml_backend_cuda_graph_compute: CUDA graph warmup complete
CUDA Graph id 16869 reused
CUDA Graph id 16869 reused
CUDA Graph id 16869 reused
CUDA Graph id 16869 reused
CUDA Graph id 16869 reused
CUDA Graph id 16869 reused
CUDA Graph id 16869 reused
CUDA Graph id 16869 reused
CUDA Graph id 16869 reused
CUDA Graph id 16869 reused
CUDA Graph id 16869 reused
CUDA Graph id 16869 reused
CUDA Graph id 16869 reused
CUDA Graph id 16869 reused
CUDA Graph id 16869 reused
CUDA Graph id 16869 reused
CUDA Graph id 16869 reused
CUDA Graph id 16869 reused
CUDA Graph id 16869 reused
CUDA Graph id 16869 reused
CUDA Graph id 16869 reused
CUDA Graph id 16869 reused
CUDA Graph id 16869 reused
CUDA Graph id 16869 reused
~llama_context:      CUDA0 compute buffer size is 304.0000 MiB, matches expectation of 304.0000 MiB
~llama_context:  CUDA_Host compute buffer size is  14.7637 MiB, matches expectation of  14.7637 MiB
llama_context: constructing llama_context
llama_context: n_seq_max     = 1
llama_context: n_ctx         = 768
llama_context: n_ctx_seq     = 768
llama_context: n_batch       = 702
llama_context: n_ubatch      = 512
llama_context: causal_attn   = 1
llama_context: flash_attn    = auto
llama_context: kv_unified    = false
llama_context: freq_base     = 1000000.0
llama_context: freq_scale    = 1
llama_context: n_rs_seq      = 0
llama_context: n_outputs_max = 702
llama_context: n_ctx_seq (768) < n_ctx_train (32768) -- the full capacity of the model will not be utilized
set_abort_callback: call
llama_context:  CUDA_Host  output buffer size =     0.58 MiB
llama_kv_cache: layer   0: dev = CPU
llama_kv_cache: layer   1: dev = CPU
llama_kv_cache: layer   2: dev = CPU
llama_kv_cache: layer   3: dev = CUDA0
llama_kv_cache: layer   4: dev = CUDA0
llama_kv_cache: layer   5: dev = CUDA0
llama_kv_cache: layer   6: dev = CUDA0
llama_kv_cache: layer   7: dev = CUDA0
llama_kv_cache: layer   8: dev = CUDA0
llama_kv_cache: layer   9: dev = CUDA0
llama_kv_cache: layer  10: dev = CUDA0
llama_kv_cache: layer  11: dev = CUDA0
llama_kv_cache: layer  12: dev = CUDA0
llama_kv_cache: layer  13: dev = CUDA0
llama_kv_cache: layer  14: dev = CUDA0
llama_kv_cache: layer  15: dev = CUDA0
llama_kv_cache: layer  16: dev = CUDA0
llama_kv_cache: layer  17: dev = CUDA0
llama_kv_cache: layer  18: dev = CUDA0
llama_kv_cache: layer  19: dev = CUDA0
llama_kv_cache: layer  20: dev = CUDA0
llama_kv_cache: layer  21: dev = CUDA0
llama_kv_cache: layer  22: dev = CUDA0
llama_kv_cache: layer  23: dev = CUDA0
llama_kv_cache: layer  24: dev = CUDA0
llama_kv_cache: layer  25: dev = CUDA0
llama_kv_cache: layer  26: dev = CUDA0
llama_kv_cache: layer  27: dev = CUDA0
llama_kv_cache:        CPU KV buffer size =     4.50 MiB
llama_kv_cache:      CUDA0 KV buffer size =    37.50 MiB
llama_kv_cache: size =   42.00 MiB (   768 cells,  28 layers,  1/1 seqs), K (f16):   21.00 MiB, V (f16):   21.00 MiB
llama_kv_cache: attn_rot_k = 0, n_embd_head_k_all = 128
llama_kv_cache: attn_rot_v = 0, n_embd_head_k_all = 128
llama_context: enumerating backends
llama_context: backend_ptrs.size() = 2
sched_reserve: reserving ...
sched_reserve: max_nodes = 2712
sched_reserve: reserving full memory module
sched_reserve: worst-case: n_tokens = 512, n_seqs = 1, n_outputs = 1
graph_reserve: reserving a graph for ubatch with n_tokens =    1, n_seqs =  1, n_outputs =    1
sched_reserve: Flash Attention was auto, set to enabled
sched_reserve: resolving fused Gated Delta Net support:
graph_reserve: reserving a graph for ubatch with n_tokens =    1, n_seqs =  1, n_outputs =    1
sched_reserve: fused Gated Delta Net (autoregressive) enabled
graph_reserve: reserving a graph for ubatch with n_tokens =   16, n_seqs =  1, n_outputs =   16
sched_reserve: fused Gated Delta Net (chunked) enabled
graph_reserve: reserving a graph for ubatch with n_tokens =  512, n_seqs =  1, n_outputs =  512
graph_reserve: reserving a graph for ubatch with n_tokens =    1, n_seqs =  1, n_outputs =    1
graph_reserve: reserving a graph for ubatch with n_tokens =  512, n_seqs =  1, n_outputs =  512
sched_reserve:      CUDA0 compute buffer size =   304.00 MiB
sched_reserve:  CUDA_Host compute buffer size =    14.76 MiB
sched_reserve: graph nodes  = 958
sched_reserve: graph splits = 44 (with bs=512), 2 (with bs=1)
sched_reserve: reserve took 13.59 ms, sched copies = 1
CUDA Graph id 17019 reused
ggml_backend_cuda_graph_compute: CUDA graph warmup complete
CUDA Graph id 17019 reused
CUDA Graph id 17019 reused
CUDA Graph id 17019 reused
CUDA Graph id 17019 reused
CUDA Graph id 17019 reused
CUDA Graph id 17019 reused
CUDA Graph id 17019 reused
CUDA Graph id 17019 reused
CUDA Graph id 17019 reused
CUDA Graph id 17019 reused
~llama_context:      CUDA0 compute buffer size is 304.0000 MiB, matches expectation of 304.0000 MiB
~llama_context:  CUDA_Host compute buffer size is  14.7637 MiB, matches expectation of  14.7637 MiB
llama_context: constructing llama_context
llama_context: n_seq_max     = 1
llama_context: n_ctx         = 768
llama_context: n_ctx_seq     = 768
llama_context: n_batch       = 702
llama_context: n_ubatch      = 512
llama_context: causal_attn   = 1
llama_context: flash_attn    = auto
llama_context: kv_unified    = false
llama_context: freq_base     = 1000000.0
llama_context: freq_scale    = 1
llama_context: n_rs_seq      = 0
llama_context: n_outputs_max = 702
llama_context: n_ctx_seq (768) < n_ctx_train (32768) -- the full capacity of the model will not be utilized
set_abort_callback: call
llama_context:  CUDA_Host  output buffer size =     0.58 MiB
llama_kv_cache: layer   0: dev = CPU
llama_kv_cache: layer   1: dev = CPU
llama_kv_cache: layer   2: dev = CPU
llama_kv_cache: layer   3: dev = CUDA0
llama_kv_cache: layer   4: dev = CUDA0
llama_kv_cache: layer   5: dev = CUDA0
llama_kv_cache: layer   6: dev = CUDA0
llama_kv_cache: layer   7: dev = CUDA0
llama_kv_cache: layer   8: dev = CUDA0
llama_kv_cache: layer   9: dev = CUDA0
llama_kv_cache: layer  10: dev = CUDA0
llama_kv_cache: layer  11: dev = CUDA0
llama_kv_cache: layer  12: dev = CUDA0
llama_kv_cache: layer  13: dev = CUDA0
llama_kv_cache: layer  14: dev = CUDA0
llama_kv_cache: layer  15: dev = CUDA0
llama_kv_cache: layer  16: dev = CUDA0
llama_kv_cache: layer  17: dev = CUDA0
llama_kv_cache: layer  18: dev = CUDA0
llama_kv_cache: layer  19: dev = CUDA0
llama_kv_cache: layer  20: dev = CUDA0
llama_kv_cache: layer  21: dev = CUDA0
llama_kv_cache: layer  22: dev = CUDA0
llama_kv_cache: layer  23: dev = CUDA0
llama_kv_cache: layer  24: dev = CUDA0
llama_kv_cache: layer  25: dev = CUDA0
llama_kv_cache: layer  26: dev = CUDA0
llama_kv_cache: layer  27: dev = CUDA0
llama_kv_cache:        CPU KV buffer size =     4.50 MiB
llama_kv_cache:      CUDA0 KV buffer size =    37.50 MiB
llama_kv_cache: size =   42.00 MiB (   768 cells,  28 layers,  1/1 seqs), K (f16):   21.00 MiB, V (f16):   21.00 MiB
llama_kv_cache: attn_rot_k = 0, n_embd_head_k_all = 128
llama_kv_cache: attn_rot_v = 0, n_embd_head_k_all = 128
llama_context: enumerating backends
llama_context: backend_ptrs.size() = 2
sched_reserve: reserving ...
sched_reserve: max_nodes = 2712
sched_reserve: reserving full memory module
sched_reserve: worst-case: n_tokens = 512, n_seqs = 1, n_outputs = 1
graph_reserve: reserving a graph for ubatch with n_tokens =    1, n_seqs =  1, n_outputs =    1
sched_reserve: Flash Attention was auto, set to enabled
sched_reserve: resolving fused Gated Delta Net support:
graph_reserve: reserving a graph for ubatch with n_tokens =    1, n_seqs =  1, n_outputs =    1
sched_reserve: fused Gated Delta Net (autoregressive) enabled
graph_reserve: reserving a graph for ubatch with n_tokens =   16, n_seqs =  1, n_outputs =   16
sched_reserve: fused Gated Delta Net (chunked) enabled
graph_reserve: reserving a graph for ubatch with n_tokens =  512, n_seqs =  1, n_outputs =  512
graph_reserve: reserving a graph for ubatch with n_tokens =    1, n_seqs =  1, n_outputs =    1
graph_reserve: reserving a graph for ubatch with n_tokens =  512, n_seqs =  1, n_outputs =  512
sched_reserve:      CUDA0 compute buffer size =   304.00 MiB
sched_reserve:  CUDA_Host compute buffer size =    14.76 MiB
sched_reserve: graph nodes  = 958
sched_reserve: graph splits = 44 (with bs=512), 2 (with bs=1)
sched_reserve: reserve took 10.93 ms, sched copies = 1
CUDA Graph id 17169 reused
ggml_backend_cuda_graph_compute: CUDA graph warmup complete
CUDA Graph id 17169 reused
CUDA Graph id 17169 reused
CUDA Graph id 17169 reused
CUDA Graph id 17169 reused
CUDA Graph id 17169 reused
CUDA Graph id 17169 reused
CUDA Graph id 17169 reused
CUDA Graph id 17169 reused
CUDA Graph id 17169 reused
CUDA Graph id 17169 reused
CUDA Graph id 17169 reused
CUDA Graph id 17169 reused
CUDA Graph id 17169 reused
CUDA Graph id 17169 reused
CUDA Graph id 17169 reused
CUDA Graph id 17169 reused
~llama_context:      CUDA0 compute buffer size is 304.0000 MiB, matches expectation of 304.0000 MiB
~llama_context:  CUDA_Host compute buffer size is  14.7637 MiB, matches expectation of  14.7637 MiB
schema 69/75 done
llama_context: constructing llama_context
llama_context: n_seq_max     = 1
llama_context: n_ctx         = 768
llama_context: n_ctx_seq     = 768
llama_context: n_batch       = 660
llama_context: n_ubatch      = 512
llama_context: causal_attn   = 1
llama_context: flash_attn    = auto
llama_context: kv_unified    = false
llama_context: freq_base     = 1000000.0
llama_context: freq_scale    = 1
llama_context: n_rs_seq      = 0
llama_context: n_outputs_max = 660
llama_context: n_ctx_seq (768) < n_ctx_train (32768) -- the full capacity of the model will not be utilized
set_abort_callback: call
llama_context:  CUDA_Host  output buffer size =     0.58 MiB
llama_kv_cache: layer   0: dev = CPU
llama_kv_cache: layer   1: dev = CPU
llama_kv_cache: layer   2: dev = CPU
llama_kv_cache: layer   3: dev = CUDA0
llama_kv_cache: layer   4: dev = CUDA0
llama_kv_cache: layer   5: dev = CUDA0
llama_kv_cache: layer   6: dev = CUDA0
llama_kv_cache: layer   7: dev = CUDA0
llama_kv_cache: layer   8: dev = CUDA0
llama_kv_cache: layer   9: dev = CUDA0
llama_kv_cache: layer  10: dev = CUDA0
llama_kv_cache: layer  11: dev = CUDA0
llama_kv_cache: layer  12: dev = CUDA0
llama_kv_cache: layer  13: dev = CUDA0
llama_kv_cache: layer  14: dev = CUDA0
llama_kv_cache: layer  15: dev = CUDA0
llama_kv_cache: layer  16: dev = CUDA0
llama_kv_cache: layer  17: dev = CUDA0
llama_kv_cache: layer  18: dev = CUDA0
llama_kv_cache: layer  19: dev = CUDA0
llama_kv_cache: layer  20: dev = CUDA0
llama_kv_cache: layer  21: dev = CUDA0
llama_kv_cache: layer  22: dev = CUDA0
llama_kv_cache: layer  23: dev = CUDA0
llama_kv_cache: layer  24: dev = CUDA0
llama_kv_cache: layer  25: dev = CUDA0
llama_kv_cache: layer  26: dev = CUDA0
llama_kv_cache: layer  27: dev = CUDA0
llama_kv_cache:        CPU KV buffer size =     4.50 MiB
llama_kv_cache:      CUDA0 KV buffer size =    37.50 MiB
llama_kv_cache: size =   42.00 MiB (   768 cells,  28 layers,  1/1 seqs), K (f16):   21.00 MiB, V (f16):   21.00 MiB
llama_kv_cache: attn_rot_k = 0, n_embd_head_k_all = 128
llama_kv_cache: attn_rot_v = 0, n_embd_head_k_all = 128
llama_context: enumerating backends
llama_context: backend_ptrs.size() = 2
sched_reserve: reserving ...
sched_reserve: max_nodes = 2712
sched_reserve: reserving full memory module
sched_reserve: worst-case: n_tokens = 512, n_seqs = 1, n_outputs = 1
graph_reserve: reserving a graph for ubatch with n_tokens =    1, n_seqs =  1, n_outputs =    1
sched_reserve: Flash Attention was auto, set to enabled
sched_reserve: resolving fused Gated Delta Net support:
graph_reserve: reserving a graph for ubatch with n_tokens =    1, n_seqs =  1, n_outputs =    1
sched_reserve: fused Gated Delta Net (autoregressive) enabled
graph_reserve: reserving a graph for ubatch with n_tokens =   16, n_seqs =  1, n_outputs =   16
sched_reserve: fused Gated Delta Net (chunked) enabled
graph_reserve: reserving a graph for ubatch with n_tokens =  512, n_seqs =  1, n_outputs =  512
graph_reserve: reserving a graph for ubatch with n_tokens =    1, n_seqs =  1, n_outputs =    1
graph_reserve: reserving a graph for ubatch with n_tokens =  512, n_seqs =  1, n_outputs =  512
sched_reserve:      CUDA0 compute buffer size =   304.00 MiB
sched_reserve:  CUDA_Host compute buffer size =    14.76 MiB
sched_reserve: graph nodes  = 958
sched_reserve: graph splits = 44 (with bs=512), 2 (with bs=1)
sched_reserve: reserve took 10.47 ms, sched copies = 1
CUDA Graph id 17319 reused
ggml_backend_cuda_graph_compute: CUDA graph warmup complete
CUDA Graph id 17319 reused
CUDA Graph id 17319 reused
CUDA Graph id 17319 reused
CUDA Graph id 17319 reused
CUDA Graph id 17319 reused
CUDA Graph id 17319 reused
CUDA Graph id 17319 reused
CUDA Graph id 17319 reused
CUDA Graph id 17319 reused
CUDA Graph id 17319 reused
CUDA Graph id 17319 reused
CUDA Graph id 17319 reused
CUDA Graph id 17319 reused
CUDA Graph id 17319 reused
CUDA Graph id 17319 reused
CUDA Graph id 17319 reused
CUDA Graph id 17319 reused
CUDA Graph id 17319 reused
CUDA Graph id 17319 reused
CUDA Graph id 17319 reused
CUDA Graph id 17319 reused
~llama_context:      CUDA0 compute buffer size is 304.0000 MiB, matches expectation of 304.0000 MiB
~llama_context:  CUDA_Host compute buffer size is  14.7637 MiB, matches expectation of  14.7637 MiB
llama_context: constructing llama_context
llama_context: n_seq_max     = 1
llama_context: n_ctx         = 768
llama_context: n_ctx_seq     = 768
llama_context: n_batch       = 660
llama_context: n_ubatch      = 512
llama_context: causal_attn   = 1
llama_context: flash_attn    = auto
llama_context: kv_unified    = false
llama_context: freq_base     = 1000000.0
llama_context: freq_scale    = 1
llama_context: n_rs_seq      = 0
llama_context: n_outputs_max = 660
llama_context: n_ctx_seq (768) < n_ctx_train (32768) -- the full capacity of the model will not be utilized
set_abort_callback: call
llama_context:  CUDA_Host  output buffer size =     0.58 MiB
llama_kv_cache: layer   0: dev = CPU
llama_kv_cache: layer   1: dev = CPU
llama_kv_cache: layer   2: dev = CPU
llama_kv_cache: layer   3: dev = CUDA0
llama_kv_cache: layer   4: dev = CUDA0
llama_kv_cache: layer   5: dev = CUDA0
llama_kv_cache: layer   6: dev = CUDA0
llama_kv_cache: layer   7: dev = CUDA0
llama_kv_cache: layer   8: dev = CUDA0
llama_kv_cache: layer   9: dev = CUDA0
llama_kv_cache: layer  10: dev = CUDA0
llama_kv_cache: layer  11: dev = CUDA0
llama_kv_cache: layer  12: dev = CUDA0
llama_kv_cache: layer  13: dev = CUDA0
llama_kv_cache: layer  14: dev = CUDA0
llama_kv_cache: layer  15: dev = CUDA0
llama_kv_cache: layer  16: dev = CUDA0
llama_kv_cache: layer  17: dev = CUDA0
llama_kv_cache: layer  18: dev = CUDA0
llama_kv_cache: layer  19: dev = CUDA0
llama_kv_cache: layer  20: dev = CUDA0
llama_kv_cache: layer  21: dev = CUDA0
llama_kv_cache: layer  22: dev = CUDA0
llama_kv_cache: layer  23: dev = CUDA0
llama_kv_cache: layer  24: dev = CUDA0
llama_kv_cache: layer  25: dev = CUDA0
llama_kv_cache: layer  26: dev = CUDA0
llama_kv_cache: layer  27: dev = CUDA0
llama_kv_cache:        CPU KV buffer size =     4.50 MiB
llama_kv_cache:      CUDA0 KV buffer size =    37.50 MiB
llama_kv_cache: size =   42.00 MiB (   768 cells,  28 layers,  1/1 seqs), K (f16):   21.00 MiB, V (f16):   21.00 MiB
llama_kv_cache: attn_rot_k = 0, n_embd_head_k_all = 128
llama_kv_cache: attn_rot_v = 0, n_embd_head_k_all = 128
llama_context: enumerating backends
llama_context: backend_ptrs.size() = 2
sched_reserve: reserving ...
sched_reserve: max_nodes = 2712
sched_reserve: reserving full memory module
sched_reserve: worst-case: n_tokens = 512, n_seqs = 1, n_outputs = 1
graph_reserve: reserving a graph for ubatch with n_tokens =    1, n_seqs =  1, n_outputs =    1
sched_reserve: Flash Attention was auto, set to enabled
sched_reserve: resolving fused Gated Delta Net support:
graph_reserve: reserving a graph for ubatch with n_tokens =    1, n_seqs =  1, n_outputs =    1
sched_reserve: fused Gated Delta Net (autoregressive) enabled
graph_reserve: reserving a graph for ubatch with n_tokens =   16, n_seqs =  1, n_outputs =   16
sched_reserve: fused Gated Delta Net (chunked) enabled
graph_reserve: reserving a graph for ubatch with n_tokens =  512, n_seqs =  1, n_outputs =  512
graph_reserve: reserving a graph for ubatch with n_tokens =    1, n_seqs =  1, n_outputs =    1
graph_reserve: reserving a graph for ubatch with n_tokens =  512, n_seqs =  1, n_outputs =  512
sched_reserve:      CUDA0 compute buffer size =   304.00 MiB
sched_reserve:  CUDA_Host compute buffer size =    14.76 MiB
sched_reserve: graph nodes  = 958
sched_reserve: graph splits = 44 (with bs=512), 2 (with bs=1)
sched_reserve: reserve took 13.59 ms, sched copies = 1
CUDA Graph id 17469 reused
ggml_backend_cuda_graph_compute: CUDA graph warmup complete
CUDA Graph id 17469 reused
CUDA Graph id 17469 reused
CUDA Graph id 17469 reused
CUDA Graph id 17469 reused
CUDA Graph id 17469 reused
CUDA Graph id 17469 reused
CUDA Graph id 17469 reused
CUDA Graph id 17469 reused
CUDA Graph id 17469 reused
CUDA Graph id 17469 reused
CUDA Graph id 17469 reused
CUDA Graph id 17469 reused
CUDA Graph id 17469 reused
CUDA Graph id 17469 reused
CUDA Graph id 17469 reused
CUDA Graph id 17469 reused
CUDA Graph id 17469 reused
CUDA Graph id 17469 reused
CUDA Graph id 17469 reused
CUDA Graph id 17469 reused
CUDA Graph id 17469 reused
~llama_context:      CUDA0 compute buffer size is 304.0000 MiB, matches expectation of 304.0000 MiB
~llama_context:  CUDA_Host compute buffer size is  14.7637 MiB, matches expectation of  14.7637 MiB
llama_context: constructing llama_context
llama_context: n_seq_max     = 1
llama_context: n_ctx         = 768
llama_context: n_ctx_seq     = 768
llama_context: n_batch       = 660
llama_context: n_ubatch      = 512
llama_context: causal_attn   = 1
llama_context: flash_attn    = auto
llama_context: kv_unified    = false
llama_context: freq_base     = 1000000.0
llama_context: freq_scale    = 1
llama_context: n_rs_seq      = 0
llama_context: n_outputs_max = 660
llama_context: n_ctx_seq (768) < n_ctx_train (32768) -- the full capacity of the model will not be utilized
set_abort_callback: call
llama_context:  CUDA_Host  output buffer size =     0.58 MiB
llama_kv_cache: layer   0: dev = CPU
llama_kv_cache: layer   1: dev = CPU
llama_kv_cache: layer   2: dev = CPU
llama_kv_cache: layer   3: dev = CUDA0
llama_kv_cache: layer   4: dev = CUDA0
llama_kv_cache: layer   5: dev = CUDA0
llama_kv_cache: layer   6: dev = CUDA0
llama_kv_cache: layer   7: dev = CUDA0
llama_kv_cache: layer   8: dev = CUDA0
llama_kv_cache: layer   9: dev = CUDA0
llama_kv_cache: layer  10: dev = CUDA0
llama_kv_cache: layer  11: dev = CUDA0
llama_kv_cache: layer  12: dev = CUDA0
llama_kv_cache: layer  13: dev = CUDA0
llama_kv_cache: layer  14: dev = CUDA0
llama_kv_cache: layer  15: dev = CUDA0
llama_kv_cache: layer  16: dev = CUDA0
llama_kv_cache: layer  17: dev = CUDA0
llama_kv_cache: layer  18: dev = CUDA0
llama_kv_cache: layer  19: dev = CUDA0
llama_kv_cache: layer  20: dev = CUDA0
llama_kv_cache: layer  21: dev = CUDA0
llama_kv_cache: layer  22: dev = CUDA0
llama_kv_cache: layer  23: dev = CUDA0
llama_kv_cache: layer  24: dev = CUDA0
llama_kv_cache: layer  25: dev = CUDA0
llama_kv_cache: layer  26: dev = CUDA0
llama_kv_cache: layer  27: dev = CUDA0
llama_kv_cache:        CPU KV buffer size =     4.50 MiB
llama_kv_cache:      CUDA0 KV buffer size =    37.50 MiB
llama_kv_cache: size =   42.00 MiB (   768 cells,  28 layers,  1/1 seqs), K (f16):   21.00 MiB, V (f16):   21.00 MiB
llama_kv_cache: attn_rot_k = 0, n_embd_head_k_all = 128
llama_kv_cache: attn_rot_v = 0, n_embd_head_k_all = 128
llama_context: enumerating backends
llama_context: backend_ptrs.size() = 2
sched_reserve: reserving ...
sched_reserve: max_nodes = 2712
sched_reserve: reserving full memory module
sched_reserve: worst-case: n_tokens = 512, n_seqs = 1, n_outputs = 1
graph_reserve: reserving a graph for ubatch with n_tokens =    1, n_seqs =  1, n_outputs =    1
sched_reserve: Flash Attention was auto, set to enabled
sched_reserve: resolving fused Gated Delta Net support:
graph_reserve: reserving a graph for ubatch with n_tokens =    1, n_seqs =  1, n_outputs =    1
sched_reserve: fused Gated Delta Net (autoregressive) enabled
graph_reserve: reserving a graph for ubatch with n_tokens =   16, n_seqs =  1, n_outputs =   16
sched_reserve: fused Gated Delta Net (chunked) enabled
graph_reserve: reserving a graph for ubatch with n_tokens =  512, n_seqs =  1, n_outputs =  512
graph_reserve: reserving a graph for ubatch with n_tokens =    1, n_seqs =  1, n_outputs =    1
graph_reserve: reserving a graph for ubatch with n_tokens =  512, n_seqs =  1, n_outputs =  512
sched_reserve:      CUDA0 compute buffer size =   304.00 MiB
sched_reserve:  CUDA_Host compute buffer size =    14.76 MiB
sched_reserve: graph nodes  = 958
sched_reserve: graph splits = 44 (with bs=512), 2 (with bs=1)
sched_reserve: reserve took 13.17 ms, sched copies = 1
CUDA Graph id 17619 reused
ggml_backend_cuda_graph_compute: CUDA graph warmup complete
CUDA Graph id 17619 reused
CUDA Graph id 17619 reused
CUDA Graph id 17619 reused
CUDA Graph id 17619 reused
CUDA Graph id 17619 reused
CUDA Graph id 17619 reused
CUDA Graph id 17619 reused
CUDA Graph id 17619 reused
CUDA Graph id 17619 reused
CUDA Graph id 17619 reused
CUDA Graph id 17619 reused
CUDA Graph id 17619 reused
CUDA Graph id 17619 reused
CUDA Graph id 17619 reused
CUDA Graph id 17619 reused
CUDA Graph id 17619 reused
CUDA Graph id 17619 reused
CUDA Graph id 17619 reused
CUDA Graph id 17619 reused
CUDA Graph id 17619 reused
CUDA Graph id 17619 reused
CUDA Graph id 17619 reused
~llama_context:      CUDA0 compute buffer size is 304.0000 MiB, matches expectation of 304.0000 MiB
~llama_context:  CUDA_Host compute buffer size is  14.7637 MiB, matches expectation of  14.7637 MiB
llama_context: constructing llama_context
llama_context: n_seq_max     = 1
llama_context: n_ctx         = 768
llama_context: n_ctx_seq     = 768
llama_context: n_batch       = 660
llama_context: n_ubatch      = 512
llama_context: causal_attn   = 1
llama_context: flash_attn    = auto
llama_context: kv_unified    = false
llama_context: freq_base     = 1000000.0
llama_context: freq_scale    = 1
llama_context: n_rs_seq      = 0
llama_context: n_outputs_max = 660
llama_context: n_ctx_seq (768) < n_ctx_train (32768) -- the full capacity of the model will not be utilized
set_abort_callback: call
llama_context:  CUDA_Host  output buffer size =     0.58 MiB
llama_kv_cache: layer   0: dev = CPU
llama_kv_cache: layer   1: dev = CPU
llama_kv_cache: layer   2: dev = CPU
llama_kv_cache: layer   3: dev = CUDA0
llama_kv_cache: layer   4: dev = CUDA0
llama_kv_cache: layer   5: dev = CUDA0
llama_kv_cache: layer   6: dev = CUDA0
llama_kv_cache: layer   7: dev = CUDA0
llama_kv_cache: layer   8: dev = CUDA0
llama_kv_cache: layer   9: dev = CUDA0
llama_kv_cache: layer  10: dev = CUDA0
llama_kv_cache: layer  11: dev = CUDA0
llama_kv_cache: layer  12: dev = CUDA0
llama_kv_cache: layer  13: dev = CUDA0
llama_kv_cache: layer  14: dev = CUDA0
llama_kv_cache: layer  15: dev = CUDA0
llama_kv_cache: layer  16: dev = CUDA0
llama_kv_cache: layer  17: dev = CUDA0
llama_kv_cache: layer  18: dev = CUDA0
llama_kv_cache: layer  19: dev = CUDA0
llama_kv_cache: layer  20: dev = CUDA0
llama_kv_cache: layer  21: dev = CUDA0
llama_kv_cache: layer  22: dev = CUDA0
llama_kv_cache: layer  23: dev = CUDA0
llama_kv_cache: layer  24: dev = CUDA0
llama_kv_cache: layer  25: dev = CUDA0
llama_kv_cache: layer  26: dev = CUDA0
llama_kv_cache: layer  27: dev = CUDA0
llama_kv_cache:        CPU KV buffer size =     4.50 MiB
llama_kv_cache:      CUDA0 KV buffer size =    37.50 MiB
llama_kv_cache: size =   42.00 MiB (   768 cells,  28 layers,  1/1 seqs), K (f16):   21.00 MiB, V (f16):   21.00 MiB
llama_kv_cache: attn_rot_k = 0, n_embd_head_k_all = 128
llama_kv_cache: attn_rot_v = 0, n_embd_head_k_all = 128
llama_context: enumerating backends
llama_context: backend_ptrs.size() = 2
sched_reserve: reserving ...
sched_reserve: max_nodes = 2712
sched_reserve: reserving full memory module
sched_reserve: worst-case: n_tokens = 512, n_seqs = 1, n_outputs = 1
graph_reserve: reserving a graph for ubatch with n_tokens =    1, n_seqs =  1, n_outputs =    1
sched_reserve: Flash Attention was auto, set to enabled
sched_reserve: resolving fused Gated Delta Net support:
graph_reserve: reserving a graph for ubatch with n_tokens =    1, n_seqs =  1, n_outputs =    1
sched_reserve: fused Gated Delta Net (autoregressive) enabled
graph_reserve: reserving a graph for ubatch with n_tokens =   16, n_seqs =  1, n_outputs =   16
sched_reserve: fused Gated Delta Net (chunked) enabled
graph_reserve: reserving a graph for ubatch with n_tokens =  512, n_seqs =  1, n_outputs =  512
graph_reserve: reserving a graph for ubatch with n_tokens =    1, n_seqs =  1, n_outputs =    1
graph_reserve: reserving a graph for ubatch with n_tokens =  512, n_seqs =  1, n_outputs =  512
sched_reserve:      CUDA0 compute buffer size =   304.00 MiB
sched_reserve:  CUDA_Host compute buffer size =    14.76 MiB
sched_reserve: graph nodes  = 958
sched_reserve: graph splits = 44 (with bs=512), 2 (with bs=1)
sched_reserve: reserve took 16.51 ms, sched copies = 1
CUDA Graph id 17769 reused
ggml_backend_cuda_graph_compute: CUDA graph warmup complete
CUDA Graph id 17769 reused
CUDA Graph id 17769 reused
CUDA Graph id 17769 reused
CUDA Graph id 17769 reused
CUDA Graph id 17769 reused
CUDA Graph id 17769 reused
CUDA Graph id 17769 reused
CUDA Graph id 17769 reused
CUDA Graph id 17769 reused
CUDA Graph id 17769 reused
CUDA Graph id 17769 reused
CUDA Graph id 17769 reused
CUDA Graph id 17769 reused
CUDA Graph id 17769 reused
CUDA Graph id 17769 reused
CUDA Graph id 17769 reused
CUDA Graph id 17769 reused
CUDA Graph id 17769 reused
CUDA Graph id 17769 reused
CUDA Graph id 17769 reused
CUDA Graph id 17769 reused
CUDA Graph id 17769 reused
~llama_context:      CUDA0 compute buffer size is 304.0000 MiB, matches expectation of 304.0000 MiB
~llama_context:  CUDA_Host compute buffer size is  14.7637 MiB, matches expectation of  14.7637 MiB
llama_context: constructing llama_context
llama_context: n_seq_max     = 1
llama_context: n_ctx         = 768
llama_context: n_ctx_seq     = 768
llama_context: n_batch       = 660
llama_context: n_ubatch      = 512
llama_context: causal_attn   = 1
llama_context: flash_attn    = auto
llama_context: kv_unified    = false
llama_context: freq_base     = 1000000.0
llama_context: freq_scale    = 1
llama_context: n_rs_seq      = 0
llama_context: n_outputs_max = 660
llama_context: n_ctx_seq (768) < n_ctx_train (32768) -- the full capacity of the model will not be utilized
set_abort_callback: call
llama_context:  CUDA_Host  output buffer size =     0.58 MiB
llama_kv_cache: layer   0: dev = CPU
llama_kv_cache: layer   1: dev = CPU
llama_kv_cache: layer   2: dev = CPU
llama_kv_cache: layer   3: dev = CUDA0
llama_kv_cache: layer   4: dev = CUDA0
llama_kv_cache: layer   5: dev = CUDA0
llama_kv_cache: layer   6: dev = CUDA0
llama_kv_cache: layer   7: dev = CUDA0
llama_kv_cache: layer   8: dev = CUDA0
llama_kv_cache: layer   9: dev = CUDA0
llama_kv_cache: layer  10: dev = CUDA0
llama_kv_cache: layer  11: dev = CUDA0
llama_kv_cache: layer  12: dev = CUDA0
llama_kv_cache: layer  13: dev = CUDA0
llama_kv_cache: layer  14: dev = CUDA0
llama_kv_cache: layer  15: dev = CUDA0
llama_kv_cache: layer  16: dev = CUDA0
llama_kv_cache: layer  17: dev = CUDA0
llama_kv_cache: layer  18: dev = CUDA0
llama_kv_cache: layer  19: dev = CUDA0
llama_kv_cache: layer  20: dev = CUDA0
llama_kv_cache: layer  21: dev = CUDA0
llama_kv_cache: layer  22: dev = CUDA0
llama_kv_cache: layer  23: dev = CUDA0
llama_kv_cache: layer  24: dev = CUDA0
llama_kv_cache: layer  25: dev = CUDA0
llama_kv_cache: layer  26: dev = CUDA0
llama_kv_cache: layer  27: dev = CUDA0
llama_kv_cache:        CPU KV buffer size =     4.50 MiB
llama_kv_cache:      CUDA0 KV buffer size =    37.50 MiB
llama_kv_cache: size =   42.00 MiB (   768 cells,  28 layers,  1/1 seqs), K (f16):   21.00 MiB, V (f16):   21.00 MiB
llama_kv_cache: attn_rot_k = 0, n_embd_head_k_all = 128
llama_kv_cache: attn_rot_v = 0, n_embd_head_k_all = 128
llama_context: enumerating backends
llama_context: backend_ptrs.size() = 2
sched_reserve: reserving ...
sched_reserve: max_nodes = 2712
sched_reserve: reserving full memory module
sched_reserve: worst-case: n_tokens = 512, n_seqs = 1, n_outputs = 1
graph_reserve: reserving a graph for ubatch with n_tokens =    1, n_seqs =  1, n_outputs =    1
sched_reserve: Flash Attention was auto, set to enabled
sched_reserve: resolving fused Gated Delta Net support:
graph_reserve: reserving a graph for ubatch with n_tokens =    1, n_seqs =  1, n_outputs =    1
sched_reserve: fused Gated Delta Net (autoregressive) enabled
graph_reserve: reserving a graph for ubatch with n_tokens =   16, n_seqs =  1, n_outputs =   16
sched_reserve: fused Gated Delta Net (chunked) enabled
graph_reserve: reserving a graph for ubatch with n_tokens =  512, n_seqs =  1, n_outputs =  512
graph_reserve: reserving a graph for ubatch with n_tokens =    1, n_seqs =  1, n_outputs =    1
graph_reserve: reserving a graph for ubatch with n_tokens =  512, n_seqs =  1, n_outputs =  512
sched_reserve:      CUDA0 compute buffer size =   304.00 MiB
sched_reserve:  CUDA_Host compute buffer size =    14.76 MiB
sched_reserve: graph nodes  = 958
sched_reserve: graph splits = 44 (with bs=512), 2 (with bs=1)
sched_reserve: reserve took 16.35 ms, sched copies = 1
CUDA Graph id 17919 reused
ggml_backend_cuda_graph_compute: CUDA graph warmup complete
CUDA Graph id 17919 reused
CUDA Graph id 17919 reused
CUDA Graph id 17919 reused
CUDA Graph id 17919 reused
CUDA Graph id 17919 reused
CUDA Graph id 17919 reused
CUDA Graph id 17919 reused
CUDA Graph id 17919 reused
CUDA Graph id 17919 reused
CUDA Graph id 17919 reused
CUDA Graph id 17919 reused
CUDA Graph id 17919 reused
CUDA Graph id 17919 reused
CUDA Graph id 17919 reused
CUDA Graph id 17919 reused
CUDA Graph id 17919 reused
CUDA Graph id 17919 reused
CUDA Graph id 17919 reused
CUDA Graph id 17919 reused
CUDA Graph id 17919 reused
CUDA Graph id 17919 reused
CUDA Graph id 17919 reused
CUDA Graph id 17919 reused
CUDA Graph id 17919 reused
CUDA Graph id 17919 reused
CUDA Graph id 17919 reused
CUDA Graph id 17919 reused
CUDA Graph id 17919 reused
CUDA Graph id 17919 reused
CUDA Graph id 17919 reused
CUDA Graph id 17919 reused
CUDA Graph id 17919 reused
CUDA Graph id 17919 reused
CUDA Graph id 17919 reused
CUDA Graph id 17919 reused
CUDA Graph id 17919 reused
CUDA Graph id 17919 reused
CUDA Graph id 17919 reused
CUDA Graph id 17919 reused
CUDA Graph id 17919 reused
CUDA Graph id 17919 reused
CUDA Graph id 17919 reused
CUDA Graph id 17919 reused
CUDA Graph id 17919 reused
CUDA Graph id 17919 reused
CUDA Graph id 17919 reused
CUDA Graph id 17919 reused
CUDA Graph id 17919 reused
CUDA Graph id 17919 reused
CUDA Graph id 17919 reused
CUDA Graph id 17919 reused
CUDA Graph id 17919 reused
CUDA Graph id 17919 reused
CUDA Graph id 17919 reused
CUDA Graph id 17919 reused
CUDA Graph id 17919 reused
CUDA Graph id 17919 reused
CUDA Graph id 17919 reused
CUDA Graph id 17919 reused
CUDA Graph id 17919 reused
CUDA Graph id 17919 reused
CUDA Graph id 17919 reused
CUDA Graph id 17919 reused
CUDA Graph id 17919 reused
CUDA Graph id 17919 reused
CUDA Graph id 17919 reused
CUDA Graph id 17919 reused
CUDA Graph id 17919 reused
CUDA Graph id 17919 reused
CUDA Graph id 17919 reused
CUDA Graph id 17919 reused
CUDA Graph id 17919 reused
CUDA Graph id 17919 reused
CUDA Graph id 17919 reused
CUDA Graph id 17919 reused
CUDA Graph id 17919 reused
CUDA Graph id 17919 reused
CUDA Graph id 17919 reused
CUDA Graph id 17919 reused
CUDA Graph id 17919 reused
CUDA Graph id 17919 reused
CUDA Graph id 17919 reused
CUDA Graph id 17919 reused
~llama_context:      CUDA0 compute buffer size is 304.0000 MiB, matches expectation of 304.0000 MiB
~llama_context:  CUDA_Host compute buffer size is  14.7637 MiB, matches expectation of  14.7637 MiB
llama_context: constructing llama_context
llama_context: n_seq_max     = 1
llama_context: n_ctx         = 768
llama_context: n_ctx_seq     = 768
llama_context: n_batch       = 660
llama_context: n_ubatch      = 512
llama_context: causal_attn   = 1
llama_context: flash_attn    = auto
llama_context: kv_unified    = false
llama_context: freq_base     = 1000000.0
llama_context: freq_scale    = 1
llama_context: n_rs_seq      = 0
llama_context: n_outputs_max = 660
llama_context: n_ctx_seq (768) < n_ctx_train (32768) -- the full capacity of the model will not be utilized
set_abort_callback: call
llama_context:  CUDA_Host  output buffer size =     0.58 MiB
llama_kv_cache: layer   0: dev = CPU
llama_kv_cache: layer   1: dev = CPU
llama_kv_cache: layer   2: dev = CPU
llama_kv_cache: layer   3: dev = CUDA0
llama_kv_cache: layer   4: dev = CUDA0
llama_kv_cache: layer   5: dev = CUDA0
llama_kv_cache: layer   6: dev = CUDA0
llama_kv_cache: layer   7: dev = CUDA0
llama_kv_cache: layer   8: dev = CUDA0
llama_kv_cache: layer   9: dev = CUDA0
llama_kv_cache: layer  10: dev = CUDA0
llama_kv_cache: layer  11: dev = CUDA0
llama_kv_cache: layer  12: dev = CUDA0
llama_kv_cache: layer  13: dev = CUDA0
llama_kv_cache: layer  14: dev = CUDA0
llama_kv_cache: layer  15: dev = CUDA0
llama_kv_cache: layer  16: dev = CUDA0
llama_kv_cache: layer  17: dev = CUDA0
llama_kv_cache: layer  18: dev = CUDA0
llama_kv_cache: layer  19: dev = CUDA0
llama_kv_cache: layer  20: dev = CUDA0
llama_kv_cache: layer  21: dev = CUDA0
llama_kv_cache: layer  22: dev = CUDA0
llama_kv_cache: layer  23: dev = CUDA0
llama_kv_cache: layer  24: dev = CUDA0
llama_kv_cache: layer  25: dev = CUDA0
llama_kv_cache: layer  26: dev = CUDA0
llama_kv_cache: layer  27: dev = CUDA0
llama_kv_cache:        CPU KV buffer size =     4.50 MiB
llama_kv_cache:      CUDA0 KV buffer size =    37.50 MiB
llama_kv_cache: size =   42.00 MiB (   768 cells,  28 layers,  1/1 seqs), K (f16):   21.00 MiB, V (f16):   21.00 MiB
llama_kv_cache: attn_rot_k = 0, n_embd_head_k_all = 128
llama_kv_cache: attn_rot_v = 0, n_embd_head_k_all = 128
llama_context: enumerating backends
llama_context: backend_ptrs.size() = 2
sched_reserve: reserving ...
sched_reserve: max_nodes = 2712
sched_reserve: reserving full memory module
sched_reserve: worst-case: n_tokens = 512, n_seqs = 1, n_outputs = 1
graph_reserve: reserving a graph for ubatch with n_tokens =    1, n_seqs =  1, n_outputs =    1
sched_reserve: Flash Attention was auto, set to enabled
sched_reserve: resolving fused Gated Delta Net support:
graph_reserve: reserving a graph for ubatch with n_tokens =    1, n_seqs =  1, n_outputs =    1
sched_reserve: fused Gated Delta Net (autoregressive) enabled
graph_reserve: reserving a graph for ubatch with n_tokens =   16, n_seqs =  1, n_outputs =   16
sched_reserve: fused Gated Delta Net (chunked) enabled
graph_reserve: reserving a graph for ubatch with n_tokens =  512, n_seqs =  1, n_outputs =  512
graph_reserve: reserving a graph for ubatch with n_tokens =    1, n_seqs =  1, n_outputs =    1
graph_reserve: reserving a graph for ubatch with n_tokens =  512, n_seqs =  1, n_outputs =  512
sched_reserve:      CUDA0 compute buffer size =   304.00 MiB
sched_reserve:  CUDA_Host compute buffer size =    14.76 MiB
sched_reserve: graph nodes  = 958
sched_reserve: graph splits = 44 (with bs=512), 2 (with bs=1)
sched_reserve: reserve took 12.80 ms, sched copies = 1
CUDA Graph id 18069 reused
ggml_backend_cuda_graph_compute: CUDA graph warmup complete
CUDA Graph id 18069 reused
CUDA Graph id 18069 reused
CUDA Graph id 18069 reused
CUDA Graph id 18069 reused
CUDA Graph id 18069 reused
CUDA Graph id 18069 reused
CUDA Graph id 18069 reused
CUDA Graph id 18069 reused
CUDA Graph id 18069 reused
CUDA Graph id 18069 reused
CUDA Graph id 18069 reused
CUDA Graph id 18069 reused
CUDA Graph id 18069 reused
CUDA Graph id 18069 reused
CUDA Graph id 18069 reused
CUDA Graph id 18069 reused
CUDA Graph id 18069 reused
CUDA Graph id 18069 reused
CUDA Graph id 18069 reused
CUDA Graph id 18069 reused
CUDA Graph id 18069 reused
CUDA Graph id 18069 reused
CUDA Graph id 18069 reused
CUDA Graph id 18069 reused
CUDA Graph id 18069 reused
CUDA Graph id 18069 reused
CUDA Graph id 18069 reused
CUDA Graph id 18069 reused
CUDA Graph id 18069 reused
CUDA Graph id 18069 reused
CUDA Graph id 18069 reused
CUDA Graph id 18069 reused
CUDA Graph id 18069 reused
CUDA Graph id 18069 reused
CUDA Graph id 18069 reused
CUDA Graph id 18069 reused
CUDA Graph id 18069 reused
CUDA Graph id 18069 reused
CUDA Graph id 18069 reused
CUDA Graph id 18069 reused
CUDA Graph id 18069 reused
CUDA Graph id 18069 reused
CUDA Graph id 18069 reused
CUDA Graph id 18069 reused
CUDA Graph id 18069 reused
CUDA Graph id 18069 reused
CUDA Graph id 18069 reused
CUDA Graph id 18069 reused
CUDA Graph id 18069 reused
CUDA Graph id 18069 reused
CUDA Graph id 18069 reused
CUDA Graph id 18069 reused
CUDA Graph id 18069 reused
CUDA Graph id 18069 reused
CUDA Graph id 18069 reused
CUDA Graph id 18069 reused
CUDA Graph id 18069 reused
CUDA Graph id 18069 reused
CUDA Graph id 18069 reused
CUDA Graph id 18069 reused
CUDA Graph id 18069 reused
CUDA Graph id 18069 reused
CUDA Graph id 18069 reused
CUDA Graph id 18069 reused
CUDA Graph id 18069 reused
CUDA Graph id 18069 reused
CUDA Graph id 18069 reused
CUDA Graph id 18069 reused
CUDA Graph id 18069 reused
CUDA Graph id 18069 reused
CUDA Graph id 18069 reused
CUDA Graph id 18069 reused
CUDA Graph id 18069 reused
CUDA Graph id 18069 reused
CUDA Graph id 18069 reused
CUDA Graph id 18069 reused
CUDA Graph id 18069 reused
CUDA Graph id 18069 reused
CUDA Graph id 18069 reused
CUDA Graph id 18069 reused
CUDA Graph id 18069 reused
CUDA Graph id 18069 reused
CUDA Graph id 18069 reused
CUDA Graph id 18069 reused
CUDA Graph id 18069 reused
CUDA Graph id 18069 reused
CUDA Graph id 18069 reused
CUDA Graph id 18069 reused
CUDA Graph id 18069 reused
CUDA Graph id 18069 reused
CUDA Graph id 18069 reused
~llama_context:      CUDA0 compute buffer size is 304.0000 MiB, matches expectation of 304.0000 MiB
~llama_context:  CUDA_Host compute buffer size is  14.7637 MiB, matches expectation of  14.7637 MiB
schema 70/75 done
llama_context: constructing llama_context
llama_context: n_seq_max     = 1
llama_context: n_ctx         = 768
llama_context: n_ctx_seq     = 768
llama_context: n_batch       = 711
llama_context: n_ubatch      = 512
llama_context: causal_attn   = 1
llama_context: flash_attn    = auto
llama_context: kv_unified    = false
llama_context: freq_base     = 1000000.0
llama_context: freq_scale    = 1
llama_context: n_rs_seq      = 0
llama_context: n_outputs_max = 711
llama_context: n_ctx_seq (768) < n_ctx_train (32768) -- the full capacity of the model will not be utilized
set_abort_callback: call
llama_context:  CUDA_Host  output buffer size =     0.58 MiB
llama_kv_cache: layer   0: dev = CPU
llama_kv_cache: layer   1: dev = CPU
llama_kv_cache: layer   2: dev = CPU
llama_kv_cache: layer   3: dev = CUDA0
llama_kv_cache: layer   4: dev = CUDA0
llama_kv_cache: layer   5: dev = CUDA0
llama_kv_cache: layer   6: dev = CUDA0
llama_kv_cache: layer   7: dev = CUDA0
llama_kv_cache: layer   8: dev = CUDA0
llama_kv_cache: layer   9: dev = CUDA0
llama_kv_cache: layer  10: dev = CUDA0
llama_kv_cache: layer  11: dev = CUDA0
llama_kv_cache: layer  12: dev = CUDA0
llama_kv_cache: layer  13: dev = CUDA0
llama_kv_cache: layer  14: dev = CUDA0
llama_kv_cache: layer  15: dev = CUDA0
llama_kv_cache: layer  16: dev = CUDA0
llama_kv_cache: layer  17: dev = CUDA0
llama_kv_cache: layer  18: dev = CUDA0
llama_kv_cache: layer  19: dev = CUDA0
llama_kv_cache: layer  20: dev = CUDA0
llama_kv_cache: layer  21: dev = CUDA0
llama_kv_cache: layer  22: dev = CUDA0
llama_kv_cache: layer  23: dev = CUDA0
llama_kv_cache: layer  24: dev = CUDA0
llama_kv_cache: layer  25: dev = CUDA0
llama_kv_cache: layer  26: dev = CUDA0
llama_kv_cache: layer  27: dev = CUDA0
llama_kv_cache:        CPU KV buffer size =     4.50 MiB
llama_kv_cache:      CUDA0 KV buffer size =    37.50 MiB
llama_kv_cache: size =   42.00 MiB (   768 cells,  28 layers,  1/1 seqs), K (f16):   21.00 MiB, V (f16):   21.00 MiB
llama_kv_cache: attn_rot_k = 0, n_embd_head_k_all = 128
llama_kv_cache: attn_rot_v = 0, n_embd_head_k_all = 128
llama_context: enumerating backends
llama_context: backend_ptrs.size() = 2
sched_reserve: reserving ...
sched_reserve: max_nodes = 2712
sched_reserve: reserving full memory module
sched_reserve: worst-case: n_tokens = 512, n_seqs = 1, n_outputs = 1
graph_reserve: reserving a graph for ubatch with n_tokens =    1, n_seqs =  1, n_outputs =    1
sched_reserve: Flash Attention was auto, set to enabled
sched_reserve: resolving fused Gated Delta Net support:
graph_reserve: reserving a graph for ubatch with n_tokens =    1, n_seqs =  1, n_outputs =    1
sched_reserve: fused Gated Delta Net (autoregressive) enabled
graph_reserve: reserving a graph for ubatch with n_tokens =   16, n_seqs =  1, n_outputs =   16
sched_reserve: fused Gated Delta Net (chunked) enabled
graph_reserve: reserving a graph for ubatch with n_tokens =  512, n_seqs =  1, n_outputs =  512
graph_reserve: reserving a graph for ubatch with n_tokens =    1, n_seqs =  1, n_outputs =    1
graph_reserve: reserving a graph for ubatch with n_tokens =  512, n_seqs =  1, n_outputs =  512
sched_reserve:      CUDA0 compute buffer size =   304.00 MiB
sched_reserve:  CUDA_Host compute buffer size =    14.76 MiB
sched_reserve: graph nodes  = 958
sched_reserve: graph splits = 44 (with bs=512), 2 (with bs=1)
sched_reserve: reserve took 19.70 ms, sched copies = 1
CUDA Graph id 18219 reused
ggml_backend_cuda_graph_compute: CUDA graph warmup complete
CUDA Graph id 18219 reused
CUDA Graph id 18219 reused
CUDA Graph id 18219 reused
CUDA Graph id 18219 reused
CUDA Graph id 18219 reused
CUDA Graph id 18219 reused
CUDA Graph id 18219 reused
CUDA Graph id 18219 reused
CUDA Graph id 18219 reused
CUDA Graph id 18219 reused
CUDA Graph id 18219 reused
CUDA Graph id 18219 reused
CUDA Graph id 18219 reused
CUDA Graph id 18219 reused
CUDA Graph id 18219 reused
CUDA Graph id 18219 reused
CUDA Graph id 18219 reused
CUDA Graph id 18219 reused
~llama_context:      CUDA0 compute buffer size is 304.0000 MiB, matches expectation of 304.0000 MiB
~llama_context:  CUDA_Host compute buffer size is  14.7637 MiB, matches expectation of  14.7637 MiB
llama_context: constructing llama_context
llama_context: n_seq_max     = 1
llama_context: n_ctx         = 768
llama_context: n_ctx_seq     = 768
llama_context: n_batch       = 711
llama_context: n_ubatch      = 512
llama_context: causal_attn   = 1
llama_context: flash_attn    = auto
llama_context: kv_unified    = false
llama_context: freq_base     = 1000000.0
llama_context: freq_scale    = 1
llama_context: n_rs_seq      = 0
llama_context: n_outputs_max = 711
llama_context: n_ctx_seq (768) < n_ctx_train (32768) -- the full capacity of the model will not be utilized
set_abort_callback: call
llama_context:  CUDA_Host  output buffer size =     0.58 MiB
llama_kv_cache: layer   0: dev = CPU
llama_kv_cache: layer   1: dev = CPU
llama_kv_cache: layer   2: dev = CPU
llama_kv_cache: layer   3: dev = CUDA0
llama_kv_cache: layer   4: dev = CUDA0
llama_kv_cache: layer   5: dev = CUDA0
llama_kv_cache: layer   6: dev = CUDA0
llama_kv_cache: layer   7: dev = CUDA0
llama_kv_cache: layer   8: dev = CUDA0
llama_kv_cache: layer   9: dev = CUDA0
llama_kv_cache: layer  10: dev = CUDA0
llama_kv_cache: layer  11: dev = CUDA0
llama_kv_cache: layer  12: dev = CUDA0
llama_kv_cache: layer  13: dev = CUDA0
llama_kv_cache: layer  14: dev = CUDA0
llama_kv_cache: layer  15: dev = CUDA0
llama_kv_cache: layer  16: dev = CUDA0
llama_kv_cache: layer  17: dev = CUDA0
llama_kv_cache: layer  18: dev = CUDA0
llama_kv_cache: layer  19: dev = CUDA0
llama_kv_cache: layer  20: dev = CUDA0
llama_kv_cache: layer  21: dev = CUDA0
llama_kv_cache: layer  22: dev = CUDA0
llama_kv_cache: layer  23: dev = CUDA0
llama_kv_cache: layer  24: dev = CUDA0
llama_kv_cache: layer  25: dev = CUDA0
llama_kv_cache: layer  26: dev = CUDA0
llama_kv_cache: layer  27: dev = CUDA0
llama_kv_cache:        CPU KV buffer size =     4.50 MiB
llama_kv_cache:      CUDA0 KV buffer size =    37.50 MiB
llama_kv_cache: size =   42.00 MiB (   768 cells,  28 layers,  1/1 seqs), K (f16):   21.00 MiB, V (f16):   21.00 MiB
llama_kv_cache: attn_rot_k = 0, n_embd_head_k_all = 128
llama_kv_cache: attn_rot_v = 0, n_embd_head_k_all = 128
llama_context: enumerating backends
llama_context: backend_ptrs.size() = 2
sched_reserve: reserving ...
sched_reserve: max_nodes = 2712
sched_reserve: reserving full memory module
sched_reserve: worst-case: n_tokens = 512, n_seqs = 1, n_outputs = 1
graph_reserve: reserving a graph for ubatch with n_tokens =    1, n_seqs =  1, n_outputs =    1
sched_reserve: Flash Attention was auto, set to enabled
sched_reserve: resolving fused Gated Delta Net support:
graph_reserve: reserving a graph for ubatch with n_tokens =    1, n_seqs =  1, n_outputs =    1
sched_reserve: fused Gated Delta Net (autoregressive) enabled
graph_reserve: reserving a graph for ubatch with n_tokens =   16, n_seqs =  1, n_outputs =   16
sched_reserve: fused Gated Delta Net (chunked) enabled
graph_reserve: reserving a graph for ubatch with n_tokens =  512, n_seqs =  1, n_outputs =  512
graph_reserve: reserving a graph for ubatch with n_tokens =    1, n_seqs =  1, n_outputs =    1
graph_reserve: reserving a graph for ubatch with n_tokens =  512, n_seqs =  1, n_outputs =  512
sched_reserve:      CUDA0 compute buffer size =   304.00 MiB
sched_reserve:  CUDA_Host compute buffer size =    14.76 MiB
sched_reserve: graph nodes  = 958
sched_reserve: graph splits = 44 (with bs=512), 2 (with bs=1)
sched_reserve: reserve took 17.54 ms, sched copies = 1
CUDA Graph id 18369 reused
ggml_backend_cuda_graph_compute: CUDA graph warmup complete
CUDA Graph id 18369 reused
CUDA Graph id 18369 reused
CUDA Graph id 18369 reused
CUDA Graph id 18369 reused
CUDA Graph id 18369 reused
CUDA Graph id 18369 reused
CUDA Graph id 18369 reused
CUDA Graph id 18369 reused
CUDA Graph id 18369 reused
CUDA Graph id 18369 reused
CUDA Graph id 18369 reused
CUDA Graph id 18369 reused
CUDA Graph id 18369 reused
CUDA Graph id 18369 reused
CUDA Graph id 18369 reused
CUDA Graph id 18369 reused
CUDA Graph id 18369 reused
CUDA Graph id 18369 reused
~llama_context:      CUDA0 compute buffer size is 304.0000 MiB, matches expectation of 304.0000 MiB
~llama_context:  CUDA_Host compute buffer size is  14.7637 MiB, matches expectation of  14.7637 MiB
llama_context: constructing llama_context
llama_context: n_seq_max     = 1
llama_context: n_ctx         = 768
llama_context: n_ctx_seq     = 768
llama_context: n_batch       = 711
llama_context: n_ubatch      = 512
llama_context: causal_attn   = 1
llama_context: flash_attn    = auto
llama_context: kv_unified    = false
llama_context: freq_base     = 1000000.0
llama_context: freq_scale    = 1
llama_context: n_rs_seq      = 0
llama_context: n_outputs_max = 711
llama_context: n_ctx_seq (768) < n_ctx_train (32768) -- the full capacity of the model will not be utilized
set_abort_callback: call
llama_context:  CUDA_Host  output buffer size =     0.58 MiB
llama_kv_cache: layer   0: dev = CPU
llama_kv_cache: layer   1: dev = CPU
llama_kv_cache: layer   2: dev = CPU
llama_kv_cache: layer   3: dev = CUDA0
llama_kv_cache: layer   4: dev = CUDA0
llama_kv_cache: layer   5: dev = CUDA0
llama_kv_cache: layer   6: dev = CUDA0
llama_kv_cache: layer   7: dev = CUDA0
llama_kv_cache: layer   8: dev = CUDA0
llama_kv_cache: layer   9: dev = CUDA0
llama_kv_cache: layer  10: dev = CUDA0
llama_kv_cache: layer  11: dev = CUDA0
llama_kv_cache: layer  12: dev = CUDA0
llama_kv_cache: layer  13: dev = CUDA0
llama_kv_cache: layer  14: dev = CUDA0
llama_kv_cache: layer  15: dev = CUDA0
llama_kv_cache: layer  16: dev = CUDA0
llama_kv_cache: layer  17: dev = CUDA0
llama_kv_cache: layer  18: dev = CUDA0
llama_kv_cache: layer  19: dev = CUDA0
llama_kv_cache: layer  20: dev = CUDA0
llama_kv_cache: layer  21: dev = CUDA0
llama_kv_cache: layer  22: dev = CUDA0
llama_kv_cache: layer  23: dev = CUDA0
llama_kv_cache: layer  24: dev = CUDA0
llama_kv_cache: layer  25: dev = CUDA0
llama_kv_cache: layer  26: dev = CUDA0
llama_kv_cache: layer  27: dev = CUDA0
llama_kv_cache:        CPU KV buffer size =     4.50 MiB
llama_kv_cache:      CUDA0 KV buffer size =    37.50 MiB
llama_kv_cache: size =   42.00 MiB (   768 cells,  28 layers,  1/1 seqs), K (f16):   21.00 MiB, V (f16):   21.00 MiB
llama_kv_cache: attn_rot_k = 0, n_embd_head_k_all = 128
llama_kv_cache: attn_rot_v = 0, n_embd_head_k_all = 128
llama_context: enumerating backends
llama_context: backend_ptrs.size() = 2
sched_reserve: reserving ...
sched_reserve: max_nodes = 2712
sched_reserve: reserving full memory module
sched_reserve: worst-case: n_tokens = 512, n_seqs = 1, n_outputs = 1
graph_reserve: reserving a graph for ubatch with n_tokens =    1, n_seqs =  1, n_outputs =    1
sched_reserve: Flash Attention was auto, set to enabled
sched_reserve: resolving fused Gated Delta Net support:
graph_reserve: reserving a graph for ubatch with n_tokens =    1, n_seqs =  1, n_outputs =    1
sched_reserve: fused Gated Delta Net (autoregressive) enabled
graph_reserve: reserving a graph for ubatch with n_tokens =   16, n_seqs =  1, n_outputs =   16
sched_reserve: fused Gated Delta Net (chunked) enabled
graph_reserve: reserving a graph for ubatch with n_tokens =  512, n_seqs =  1, n_outputs =  512
graph_reserve: reserving a graph for ubatch with n_tokens =    1, n_seqs =  1, n_outputs =    1
graph_reserve: reserving a graph for ubatch with n_tokens =  512, n_seqs =  1, n_outputs =  512
sched_reserve:      CUDA0 compute buffer size =   304.00 MiB
sched_reserve:  CUDA_Host compute buffer size =    14.76 MiB
sched_reserve: graph nodes  = 958
sched_reserve: graph splits = 44 (with bs=512), 2 (with bs=1)
sched_reserve: reserve took 16.30 ms, sched copies = 1
CUDA Graph id 18519 reused
ggml_backend_cuda_graph_compute: CUDA graph warmup complete
CUDA Graph id 18519 reused
CUDA Graph id 18519 reused
CUDA Graph id 18519 reused
CUDA Graph id 18519 reused
CUDA Graph id 18519 reused
CUDA Graph id 18519 reused
CUDA Graph id 18519 reused
CUDA Graph id 18519 reused
CUDA Graph id 18519 reused
CUDA Graph id 18519 reused
CUDA Graph id 18519 reused
CUDA Graph id 18519 reused
CUDA Graph id 18519 reused
CUDA Graph id 18519 reused
CUDA Graph id 18519 reused
CUDA Graph id 18519 reused
CUDA Graph id 18519 reused
CUDA Graph id 18519 reused
CUDA Graph id 18519 reused
CUDA Graph id 18519 reused
~llama_context:      CUDA0 compute buffer size is 304.0000 MiB, matches expectation of 304.0000 MiB
~llama_context:  CUDA_Host compute buffer size is  14.7637 MiB, matches expectation of  14.7637 MiB
llama_context: constructing llama_context
llama_context: n_seq_max     = 1
llama_context: n_ctx         = 768
llama_context: n_ctx_seq     = 768
llama_context: n_batch       = 711
llama_context: n_ubatch      = 512
llama_context: causal_attn   = 1
llama_context: flash_attn    = auto
llama_context: kv_unified    = false
llama_context: freq_base     = 1000000.0
llama_context: freq_scale    = 1
llama_context: n_rs_seq      = 0
llama_context: n_outputs_max = 711
llama_context: n_ctx_seq (768) < n_ctx_train (32768) -- the full capacity of the model will not be utilized
set_abort_callback: call
llama_context:  CUDA_Host  output buffer size =     0.58 MiB
llama_kv_cache: layer   0: dev = CPU
llama_kv_cache: layer   1: dev = CPU
llama_kv_cache: layer   2: dev = CPU
llama_kv_cache: layer   3: dev = CUDA0
llama_kv_cache: layer   4: dev = CUDA0
llama_kv_cache: layer   5: dev = CUDA0
llama_kv_cache: layer   6: dev = CUDA0
llama_kv_cache: layer   7: dev = CUDA0
llama_kv_cache: layer   8: dev = CUDA0
llama_kv_cache: layer   9: dev = CUDA0
llama_kv_cache: layer  10: dev = CUDA0
llama_kv_cache: layer  11: dev = CUDA0
llama_kv_cache: layer  12: dev = CUDA0
llama_kv_cache: layer  13: dev = CUDA0
llama_kv_cache: layer  14: dev = CUDA0
llama_kv_cache: layer  15: dev = CUDA0
llama_kv_cache: layer  16: dev = CUDA0
llama_kv_cache: layer  17: dev = CUDA0
llama_kv_cache: layer  18: dev = CUDA0
llama_kv_cache: layer  19: dev = CUDA0
llama_kv_cache: layer  20: dev = CUDA0
llama_kv_cache: layer  21: dev = CUDA0
llama_kv_cache: layer  22: dev = CUDA0
llama_kv_cache: layer  23: dev = CUDA0
llama_kv_cache: layer  24: dev = CUDA0
llama_kv_cache: layer  25: dev = CUDA0
llama_kv_cache: layer  26: dev = CUDA0
llama_kv_cache: layer  27: dev = CUDA0
llama_kv_cache:        CPU KV buffer size =     4.50 MiB
llama_kv_cache:      CUDA0 KV buffer size =    37.50 MiB
llama_kv_cache: size =   42.00 MiB (   768 cells,  28 layers,  1/1 seqs), K (f16):   21.00 MiB, V (f16):   21.00 MiB
llama_kv_cache: attn_rot_k = 0, n_embd_head_k_all = 128
llama_kv_cache: attn_rot_v = 0, n_embd_head_k_all = 128
llama_context: enumerating backends
llama_context: backend_ptrs.size() = 2
sched_reserve: reserving ...
sched_reserve: max_nodes = 2712
sched_reserve: reserving full memory module
sched_reserve: worst-case: n_tokens = 512, n_seqs = 1, n_outputs = 1
graph_reserve: reserving a graph for ubatch with n_tokens =    1, n_seqs =  1, n_outputs =    1
sched_reserve: Flash Attention was auto, set to enabled
sched_reserve: resolving fused Gated Delta Net support:
graph_reserve: reserving a graph for ubatch with n_tokens =    1, n_seqs =  1, n_outputs =    1
sched_reserve: fused Gated Delta Net (autoregressive) enabled
graph_reserve: reserving a graph for ubatch with n_tokens =   16, n_seqs =  1, n_outputs =   16
sched_reserve: fused Gated Delta Net (chunked) enabled
graph_reserve: reserving a graph for ubatch with n_tokens =  512, n_seqs =  1, n_outputs =  512
graph_reserve: reserving a graph for ubatch with n_tokens =    1, n_seqs =  1, n_outputs =    1
graph_reserve: reserving a graph for ubatch with n_tokens =  512, n_seqs =  1, n_outputs =  512
sched_reserve:      CUDA0 compute buffer size =   304.00 MiB
sched_reserve:  CUDA_Host compute buffer size =    14.76 MiB
sched_reserve: graph nodes  = 958
sched_reserve: graph splits = 44 (with bs=512), 2 (with bs=1)
sched_reserve: reserve took 13.21 ms, sched copies = 1
CUDA Graph id 18669 reused
ggml_backend_cuda_graph_compute: CUDA graph warmup complete
CUDA Graph id 18669 reused
CUDA Graph id 18669 reused
CUDA Graph id 18669 reused
CUDA Graph id 18669 reused
CUDA Graph id 18669 reused
CUDA Graph id 18669 reused
CUDA Graph id 18669 reused
CUDA Graph id 18669 reused
CUDA Graph id 18669 reused
CUDA Graph id 18669 reused
CUDA Graph id 18669 reused
CUDA Graph id 18669 reused
CUDA Graph id 18669 reused
CUDA Graph id 18669 reused
CUDA Graph id 18669 reused
CUDA Graph id 18669 reused
CUDA Graph id 18669 reused
CUDA Graph id 18669 reused
~llama_context:      CUDA0 compute buffer size is 304.0000 MiB, matches expectation of 304.0000 MiB
~llama_context:  CUDA_Host compute buffer size is  14.7637 MiB, matches expectation of  14.7637 MiB
llama_context: constructing llama_context
llama_context: n_seq_max     = 1
llama_context: n_ctx         = 768
llama_context: n_ctx_seq     = 768
llama_context: n_batch       = 711
llama_context: n_ubatch      = 512
llama_context: causal_attn   = 1
llama_context: flash_attn    = auto
llama_context: kv_unified    = false
llama_context: freq_base     = 1000000.0
llama_context: freq_scale    = 1
llama_context: n_rs_seq      = 0
llama_context: n_outputs_max = 711
llama_context: n_ctx_seq (768) < n_ctx_train (32768) -- the full capacity of the model will not be utilized
set_abort_callback: call
llama_context:  CUDA_Host  output buffer size =     0.58 MiB
llama_kv_cache: layer   0: dev = CPU
llama_kv_cache: layer   1: dev = CPU
llama_kv_cache: layer   2: dev = CPU
llama_kv_cache: layer   3: dev = CUDA0
llama_kv_cache: layer   4: dev = CUDA0
llama_kv_cache: layer   5: dev = CUDA0
llama_kv_cache: layer   6: dev = CUDA0
llama_kv_cache: layer   7: dev = CUDA0
llama_kv_cache: layer   8: dev = CUDA0
llama_kv_cache: layer   9: dev = CUDA0
llama_kv_cache: layer  10: dev = CUDA0
llama_kv_cache: layer  11: dev = CUDA0
llama_kv_cache: layer  12: dev = CUDA0
llama_kv_cache: layer  13: dev = CUDA0
llama_kv_cache: layer  14: dev = CUDA0
llama_kv_cache: layer  15: dev = CUDA0
llama_kv_cache: layer  16: dev = CUDA0
llama_kv_cache: layer  17: dev = CUDA0
llama_kv_cache: layer  18: dev = CUDA0
llama_kv_cache: layer  19: dev = CUDA0
llama_kv_cache: layer  20: dev = CUDA0
llama_kv_cache: layer  21: dev = CUDA0
llama_kv_cache: layer  22: dev = CUDA0
llama_kv_cache: layer  23: dev = CUDA0
llama_kv_cache: layer  24: dev = CUDA0
llama_kv_cache: layer  25: dev = CUDA0
llama_kv_cache: layer  26: dev = CUDA0
llama_kv_cache: layer  27: dev = CUDA0
llama_kv_cache:        CPU KV buffer size =     4.50 MiB
llama_kv_cache:      CUDA0 KV buffer size =    37.50 MiB
llama_kv_cache: size =   42.00 MiB (   768 cells,  28 layers,  1/1 seqs), K (f16):   21.00 MiB, V (f16):   21.00 MiB
llama_kv_cache: attn_rot_k = 0, n_embd_head_k_all = 128
llama_kv_cache: attn_rot_v = 0, n_embd_head_k_all = 128
llama_context: enumerating backends
llama_context: backend_ptrs.size() = 2
sched_reserve: reserving ...
sched_reserve: max_nodes = 2712
sched_reserve: reserving full memory module
sched_reserve: worst-case: n_tokens = 512, n_seqs = 1, n_outputs = 1
graph_reserve: reserving a graph for ubatch with n_tokens =    1, n_seqs =  1, n_outputs =    1
sched_reserve: Flash Attention was auto, set to enabled
sched_reserve: resolving fused Gated Delta Net support:
graph_reserve: reserving a graph for ubatch with n_tokens =    1, n_seqs =  1, n_outputs =    1
sched_reserve: fused Gated Delta Net (autoregressive) enabled
graph_reserve: reserving a graph for ubatch with n_tokens =   16, n_seqs =  1, n_outputs =   16
sched_reserve: fused Gated Delta Net (chunked) enabled
graph_reserve: reserving a graph for ubatch with n_tokens =  512, n_seqs =  1, n_outputs =  512
graph_reserve: reserving a graph for ubatch with n_tokens =    1, n_seqs =  1, n_outputs =    1
graph_reserve: reserving a graph for ubatch with n_tokens =  512, n_seqs =  1, n_outputs =  512
sched_reserve:      CUDA0 compute buffer size =   304.00 MiB
sched_reserve:  CUDA_Host compute buffer size =    14.76 MiB
sched_reserve: graph nodes  = 958
sched_reserve: graph splits = 44 (with bs=512), 2 (with bs=1)
sched_reserve: reserve took 12.79 ms, sched copies = 1
CUDA Graph id 18819 reused
ggml_backend_cuda_graph_compute: CUDA graph warmup complete
CUDA Graph id 18819 reused
CUDA Graph id 18819 reused
CUDA Graph id 18819 reused
CUDA Graph id 18819 reused
CUDA Graph id 18819 reused
CUDA Graph id 18819 reused
CUDA Graph id 18819 reused
CUDA Graph id 18819 reused
CUDA Graph id 18819 reused
CUDA Graph id 18819 reused
CUDA Graph id 18819 reused
CUDA Graph id 18819 reused
CUDA Graph id 18819 reused
CUDA Graph id 18819 reused
CUDA Graph id 18819 reused
CUDA Graph id 18819 reused
CUDA Graph id 18819 reused
CUDA Graph id 18819 reused
CUDA Graph id 18819 reused
CUDA Graph id 18819 reused
CUDA Graph id 18819 reused
CUDA Graph id 18819 reused
CUDA Graph id 18819 reused
CUDA Graph id 18819 reused
CUDA Graph id 18819 reused
CUDA Graph id 18819 reused
~llama_context:      CUDA0 compute buffer size is 304.0000 MiB, matches expectation of 304.0000 MiB
~llama_context:  CUDA_Host compute buffer size is  14.7637 MiB, matches expectation of  14.7637 MiB
llama_context: constructing llama_context
llama_context: n_seq_max     = 1
llama_context: n_ctx         = 768
llama_context: n_ctx_seq     = 768
llama_context: n_batch       = 711
llama_context: n_ubatch      = 512
llama_context: causal_attn   = 1
llama_context: flash_attn    = auto
llama_context: kv_unified    = false
llama_context: freq_base     = 1000000.0
llama_context: freq_scale    = 1
llama_context: n_rs_seq      = 0
llama_context: n_outputs_max = 711
llama_context: n_ctx_seq (768) < n_ctx_train (32768) -- the full capacity of the model will not be utilized
set_abort_callback: call
llama_context:  CUDA_Host  output buffer size =     0.58 MiB
llama_kv_cache: layer   0: dev = CPU
llama_kv_cache: layer   1: dev = CPU
llama_kv_cache: layer   2: dev = CPU
llama_kv_cache: layer   3: dev = CUDA0
llama_kv_cache: layer   4: dev = CUDA0
llama_kv_cache: layer   5: dev = CUDA0
llama_kv_cache: layer   6: dev = CUDA0
llama_kv_cache: layer   7: dev = CUDA0
llama_kv_cache: layer   8: dev = CUDA0
llama_kv_cache: layer   9: dev = CUDA0
llama_kv_cache: layer  10: dev = CUDA0
llama_kv_cache: layer  11: dev = CUDA0
llama_kv_cache: layer  12: dev = CUDA0
llama_kv_cache: layer  13: dev = CUDA0
llama_kv_cache: layer  14: dev = CUDA0
llama_kv_cache: layer  15: dev = CUDA0
llama_kv_cache: layer  16: dev = CUDA0
llama_kv_cache: layer  17: dev = CUDA0
llama_kv_cache: layer  18: dev = CUDA0
llama_kv_cache: layer  19: dev = CUDA0
llama_kv_cache: layer  20: dev = CUDA0
llama_kv_cache: layer  21: dev = CUDA0
llama_kv_cache: layer  22: dev = CUDA0
llama_kv_cache: layer  23: dev = CUDA0
llama_kv_cache: layer  24: dev = CUDA0
llama_kv_cache: layer  25: dev = CUDA0
llama_kv_cache: layer  26: dev = CUDA0
llama_kv_cache: layer  27: dev = CUDA0
llama_kv_cache:        CPU KV buffer size =     4.50 MiB
llama_kv_cache:      CUDA0 KV buffer size =    37.50 MiB
llama_kv_cache: size =   42.00 MiB (   768 cells,  28 layers,  1/1 seqs), K (f16):   21.00 MiB, V (f16):   21.00 MiB
llama_kv_cache: attn_rot_k = 0, n_embd_head_k_all = 128
llama_kv_cache: attn_rot_v = 0, n_embd_head_k_all = 128
llama_context: enumerating backends
llama_context: backend_ptrs.size() = 2
sched_reserve: reserving ...
sched_reserve: max_nodes = 2712
sched_reserve: reserving full memory module
sched_reserve: worst-case: n_tokens = 512, n_seqs = 1, n_outputs = 1
graph_reserve: reserving a graph for ubatch with n_tokens =    1, n_seqs =  1, n_outputs =    1
sched_reserve: Flash Attention was auto, set to enabled
sched_reserve: resolving fused Gated Delta Net support:
graph_reserve: reserving a graph for ubatch with n_tokens =    1, n_seqs =  1, n_outputs =    1
sched_reserve: fused Gated Delta Net (autoregressive) enabled
graph_reserve: reserving a graph for ubatch with n_tokens =   16, n_seqs =  1, n_outputs =   16
sched_reserve: fused Gated Delta Net (chunked) enabled
graph_reserve: reserving a graph for ubatch with n_tokens =  512, n_seqs =  1, n_outputs =  512
graph_reserve: reserving a graph for ubatch with n_tokens =    1, n_seqs =  1, n_outputs =    1
graph_reserve: reserving a graph for ubatch with n_tokens =  512, n_seqs =  1, n_outputs =  512
sched_reserve:      CUDA0 compute buffer size =   304.00 MiB
sched_reserve:  CUDA_Host compute buffer size =    14.76 MiB
sched_reserve: graph nodes  = 958
sched_reserve: graph splits = 44 (with bs=512), 2 (with bs=1)
sched_reserve: reserve took 21.63 ms, sched copies = 1
CUDA Graph id 18969 reused
ggml_backend_cuda_graph_compute: CUDA graph warmup complete
CUDA Graph id 18969 reused
CUDA Graph id 18969 reused
CUDA Graph id 18969 reused
CUDA Graph id 18969 reused
CUDA Graph id 18969 reused
CUDA Graph id 18969 reused
CUDA Graph id 18969 reused
CUDA Graph id 18969 reused
CUDA Graph id 18969 reused
CUDA Graph id 18969 reused
CUDA Graph id 18969 reused
CUDA Graph id 18969 reused
CUDA Graph id 18969 reused
CUDA Graph id 18969 reused
CUDA Graph id 18969 reused
CUDA Graph id 18969 reused
CUDA Graph id 18969 reused
CUDA Graph id 18969 reused
CUDA Graph id 18969 reused
CUDA Graph id 18969 reused
CUDA Graph id 18969 reused
CUDA Graph id 18969 reused
CUDA Graph id 18969 reused
CUDA Graph id 18969 reused
CUDA Graph id 18969 reused
CUDA Graph id 18969 reused
CUDA Graph id 18969 reused
CUDA Graph id 18969 reused
CUDA Graph id 18969 reused
CUDA Graph id 18969 reused
CUDA Graph id 18969 reused
CUDA Graph id 18969 reused
CUDA Graph id 18969 reused
CUDA Graph id 18969 reused
CUDA Graph id 18969 reused
CUDA Graph id 18969 reused
CUDA Graph id 18969 reused
CUDA Graph id 18969 reused
CUDA Graph id 18969 reused
CUDA Graph id 18969 reused
CUDA Graph id 18969 reused
CUDA Graph id 18969 reused
CUDA Graph id 18969 reused
CUDA Graph id 18969 reused
CUDA Graph id 18969 reused
CUDA Graph id 18969 reused
CUDA Graph id 18969 reused
CUDA Graph id 18969 reused
CUDA Graph id 18969 reused
CUDA Graph id 18969 reused
CUDA Graph id 18969 reused
CUDA Graph id 18969 reused
CUDA Graph id 18969 reused
CUDA Graph id 18969 reused
CUDA Graph id 18969 reused
CUDA Graph id 18969 reused
CUDA Graph id 18969 reused
CUDA Graph id 18969 reused
CUDA Graph id 18969 reused
CUDA Graph id 18969 reused
CUDA Graph id 18969 reused
CUDA Graph id 18969 reused
~llama_context:      CUDA0 compute buffer size is 304.0000 MiB, matches expectation of 304.0000 MiB
~llama_context:  CUDA_Host compute buffer size is  14.7637 MiB, matches expectation of  14.7637 MiB
schema 71/75 done
llama_context: constructing llama_context
llama_context: n_seq_max     = 1
llama_context: n_ctx         = 768
llama_context: n_ctx_seq     = 768
llama_context: n_batch       = 727
llama_context: n_ubatch      = 512
llama_context: causal_attn   = 1
llama_context: flash_attn    = auto
llama_context: kv_unified    = false
llama_context: freq_base     = 1000000.0
llama_context: freq_scale    = 1
llama_context: n_rs_seq      = 0
llama_context: n_outputs_max = 727
llama_context: n_ctx_seq (768) < n_ctx_train (32768) -- the full capacity of the model will not be utilized
set_abort_callback: call
llama_context:  CUDA_Host  output buffer size =     0.58 MiB
llama_kv_cache: layer   0: dev = CPU
llama_kv_cache: layer   1: dev = CPU
llama_kv_cache: layer   2: dev = CPU
llama_kv_cache: layer   3: dev = CUDA0
llama_kv_cache: layer   4: dev = CUDA0
llama_kv_cache: layer   5: dev = CUDA0
llama_kv_cache: layer   6: dev = CUDA0
llama_kv_cache: layer   7: dev = CUDA0
llama_kv_cache: layer   8: dev = CUDA0
llama_kv_cache: layer   9: dev = CUDA0
llama_kv_cache: layer  10: dev = CUDA0
llama_kv_cache: layer  11: dev = CUDA0
llama_kv_cache: layer  12: dev = CUDA0
llama_kv_cache: layer  13: dev = CUDA0
llama_kv_cache: layer  14: dev = CUDA0
llama_kv_cache: layer  15: dev = CUDA0
llama_kv_cache: layer  16: dev = CUDA0
llama_kv_cache: layer  17: dev = CUDA0
llama_kv_cache: layer  18: dev = CUDA0
llama_kv_cache: layer  19: dev = CUDA0
llama_kv_cache: layer  20: dev = CUDA0
llama_kv_cache: layer  21: dev = CUDA0
llama_kv_cache: layer  22: dev = CUDA0
llama_kv_cache: layer  23: dev = CUDA0
llama_kv_cache: layer  24: dev = CUDA0
llama_kv_cache: layer  25: dev = CUDA0
llama_kv_cache: layer  26: dev = CUDA0
llama_kv_cache: layer  27: dev = CUDA0
llama_kv_cache:        CPU KV buffer size =     4.50 MiB
llama_kv_cache:      CUDA0 KV buffer size =    37.50 MiB
llama_kv_cache: size =   42.00 MiB (   768 cells,  28 layers,  1/1 seqs), K (f16):   21.00 MiB, V (f16):   21.00 MiB
llama_kv_cache: attn_rot_k = 0, n_embd_head_k_all = 128
llama_kv_cache: attn_rot_v = 0, n_embd_head_k_all = 128
llama_context: enumerating backends
llama_context: backend_ptrs.size() = 2
sched_reserve: reserving ...
sched_reserve: max_nodes = 2712
sched_reserve: reserving full memory module
sched_reserve: worst-case: n_tokens = 512, n_seqs = 1, n_outputs = 1
graph_reserve: reserving a graph for ubatch with n_tokens =    1, n_seqs =  1, n_outputs =    1
sched_reserve: Flash Attention was auto, set to enabled
sched_reserve: resolving fused Gated Delta Net support:
graph_reserve: reserving a graph for ubatch with n_tokens =    1, n_seqs =  1, n_outputs =    1
sched_reserve: fused Gated Delta Net (autoregressive) enabled
graph_reserve: reserving a graph for ubatch with n_tokens =   16, n_seqs =  1, n_outputs =   16
sched_reserve: fused Gated Delta Net (chunked) enabled
graph_reserve: reserving a graph for ubatch with n_tokens =  512, n_seqs =  1, n_outputs =  512
graph_reserve: reserving a graph for ubatch with n_tokens =    1, n_seqs =  1, n_outputs =    1
graph_reserve: reserving a graph for ubatch with n_tokens =  512, n_seqs =  1, n_outputs =  512
sched_reserve:      CUDA0 compute buffer size =   304.00 MiB
sched_reserve:  CUDA_Host compute buffer size =    14.76 MiB
sched_reserve: graph nodes  = 958
sched_reserve: graph splits = 44 (with bs=512), 2 (with bs=1)
sched_reserve: reserve took 16.32 ms, sched copies = 1
CUDA Graph id 19119 reused
ggml_backend_cuda_graph_compute: CUDA graph warmup complete
CUDA Graph id 19119 reused
CUDA Graph id 19119 reused
CUDA Graph id 19119 reused
CUDA Graph id 19119 reused
CUDA Graph id 19119 reused
CUDA Graph id 19119 reused
CUDA Graph id 19119 reused
CUDA Graph id 19119 reused
CUDA Graph id 19119 reused
CUDA Graph id 19119 reused
CUDA Graph id 19119 reused
CUDA Graph id 19119 reused
CUDA Graph id 19119 reused
CUDA Graph id 19119 reused
CUDA Graph id 19119 reused
CUDA Graph id 19119 reused
CUDA Graph id 19119 reused
CUDA Graph id 19119 reused
CUDA Graph id 19119 reused
CUDA Graph id 19119 reused
CUDA Graph id 19119 reused
CUDA Graph id 19119 reused
CUDA Graph id 19119 reused
CUDA Graph id 19119 reused
CUDA Graph id 19119 reused
CUDA Graph id 19119 reused
CUDA Graph id 19119 reused
CUDA Graph id 19119 reused
CUDA Graph id 19119 reused
CUDA Graph id 19119 reused
CUDA Graph id 19119 reused
CUDA Graph id 19119 reused
CUDA Graph id 19119 reused
CUDA Graph id 19119 reused
CUDA Graph id 19119 reused
CUDA Graph id 19119 reused
CUDA Graph id 19119 reused
CUDA Graph id 19119 reused
CUDA Graph id 19119 reused
CUDA Graph id 19119 reused
CUDA Graph id 19119 reused
CUDA Graph id 19119 reused
CUDA Graph id 19119 reused
CUDA Graph id 19119 reused
CUDA Graph id 19119 reused
CUDA Graph id 19119 reused
CUDA Graph id 19119 reused
ggml_backend_cuda_graph_compute: CUDA graph warmup reset
CUDA Graph id 19122 reused
ggml_backend_cuda_graph_compute: CUDA graph warmup complete
CUDA Graph id 19122 reused
CUDA Graph id 19122 reused
CUDA Graph id 19122 reused
CUDA Graph id 19122 reused
CUDA Graph id 19122 reused
CUDA Graph id 19122 reused
CUDA Graph id 19122 reused
CUDA Graph id 19122 reused
CUDA Graph id 19122 reused
CUDA Graph id 19122 reused
CUDA Graph id 19122 reused
CUDA Graph id 19122 reused
CUDA Graph id 19122 reused
CUDA Graph id 19122 reused
CUDA Graph id 19122 reused
CUDA Graph id 19122 reused
CUDA Graph id 19122 reused
CUDA Graph id 19122 reused
CUDA Graph id 19122 reused
CUDA Graph id 19122 reused
CUDA Graph id 19122 reused
CUDA Graph id 19122 reused
CUDA Graph id 19122 reused
CUDA Graph id 19122 reused
CUDA Graph id 19122 reused
CUDA Graph id 19122 reused
CUDA Graph id 19122 reused
CUDA Graph id 19122 reused
CUDA Graph id 19122 reused
CUDA Graph id 19122 reused
CUDA Graph id 19122 reused
CUDA Graph id 19122 reused
CUDA Graph id 19122 reused
CUDA Graph id 19122 reused
CUDA Graph id 19122 reused
CUDA Graph id 19122 reused
CUDA Graph id 19122 reused
CUDA Graph id 19122 reused
CUDA Graph id 19122 reused
CUDA Graph id 19122 reused
CUDA Graph id 19122 reused
CUDA Graph id 19122 reused
CUDA Graph id 19122 reused
CUDA Graph id 19122 reused
CUDA Graph id 19122 reused
CUDA Graph id 19122 reused
CUDA Graph id 19122 reused
CUDA Graph id 19122 reused
CUDA Graph id 19122 reused
CUDA Graph id 19122 reused
CUDA Graph id 19122 reused
~llama_context:      CUDA0 compute buffer size is 304.0000 MiB, matches expectation of 304.0000 MiB
~llama_context:  CUDA_Host compute buffer size is  14.7637 MiB, matches expectation of  14.7637 MiB
llama_context: constructing llama_context
llama_context: n_seq_max     = 1
llama_context: n_ctx         = 768
llama_context: n_ctx_seq     = 768
llama_context: n_batch       = 727
llama_context: n_ubatch      = 512
llama_context: causal_attn   = 1
llama_context: flash_attn    = auto
llama_context: kv_unified    = false
llama_context: freq_base     = 1000000.0
llama_context: freq_scale    = 1
llama_context: n_rs_seq      = 0
llama_context: n_outputs_max = 727
llama_context: n_ctx_seq (768) < n_ctx_train (32768) -- the full capacity of the model will not be utilized
set_abort_callback: call
llama_context:  CUDA_Host  output buffer size =     0.58 MiB
llama_kv_cache: layer   0: dev = CPU
llama_kv_cache: layer   1: dev = CPU
llama_kv_cache: layer   2: dev = CPU
llama_kv_cache: layer   3: dev = CUDA0
llama_kv_cache: layer   4: dev = CUDA0
llama_kv_cache: layer   5: dev = CUDA0
llama_kv_cache: layer   6: dev = CUDA0
llama_kv_cache: layer   7: dev = CUDA0
llama_kv_cache: layer   8: dev = CUDA0
llama_kv_cache: layer   9: dev = CUDA0
llama_kv_cache: layer  10: dev = CUDA0
llama_kv_cache: layer  11: dev = CUDA0
llama_kv_cache: layer  12: dev = CUDA0
llama_kv_cache: layer  13: dev = CUDA0
llama_kv_cache: layer  14: dev = CUDA0
llama_kv_cache: layer  15: dev = CUDA0
llama_kv_cache: layer  16: dev = CUDA0
llama_kv_cache: layer  17: dev = CUDA0
llama_kv_cache: layer  18: dev = CUDA0
llama_kv_cache: layer  19: dev = CUDA0
llama_kv_cache: layer  20: dev = CUDA0
llama_kv_cache: layer  21: dev = CUDA0
llama_kv_cache: layer  22: dev = CUDA0
llama_kv_cache: layer  23: dev = CUDA0
llama_kv_cache: layer  24: dev = CUDA0
llama_kv_cache: layer  25: dev = CUDA0
llama_kv_cache: layer  26: dev = CUDA0
llama_kv_cache: layer  27: dev = CUDA0
llama_kv_cache:        CPU KV buffer size =     4.50 MiB
llama_kv_cache:      CUDA0 KV buffer size =    37.50 MiB
llama_kv_cache: size =   42.00 MiB (   768 cells,  28 layers,  1/1 seqs), K (f16):   21.00 MiB, V (f16):   21.00 MiB
llama_kv_cache: attn_rot_k = 0, n_embd_head_k_all = 128
llama_kv_cache: attn_rot_v = 0, n_embd_head_k_all = 128
llama_context: enumerating backends
llama_context: backend_ptrs.size() = 2
sched_reserve: reserving ...
sched_reserve: max_nodes = 2712
sched_reserve: reserving full memory module
sched_reserve: worst-case: n_tokens = 512, n_seqs = 1, n_outputs = 1
graph_reserve: reserving a graph for ubatch with n_tokens =    1, n_seqs =  1, n_outputs =    1
sched_reserve: Flash Attention was auto, set to enabled
sched_reserve: resolving fused Gated Delta Net support:
graph_reserve: reserving a graph for ubatch with n_tokens =    1, n_seqs =  1, n_outputs =    1
sched_reserve: fused Gated Delta Net (autoregressive) enabled
graph_reserve: reserving a graph for ubatch with n_tokens =   16, n_seqs =  1, n_outputs =   16
sched_reserve: fused Gated Delta Net (chunked) enabled
graph_reserve: reserving a graph for ubatch with n_tokens =  512, n_seqs =  1, n_outputs =  512
graph_reserve: reserving a graph for ubatch with n_tokens =    1, n_seqs =  1, n_outputs =    1
graph_reserve: reserving a graph for ubatch with n_tokens =  512, n_seqs =  1, n_outputs =  512
sched_reserve:      CUDA0 compute buffer size =   304.00 MiB
sched_reserve:  CUDA_Host compute buffer size =    14.76 MiB
sched_reserve: graph nodes  = 958
sched_reserve: graph splits = 44 (with bs=512), 2 (with bs=1)
sched_reserve: reserve took 11.05 ms, sched copies = 1
CUDA Graph id 19272 reused
ggml_backend_cuda_graph_compute: CUDA graph warmup complete
CUDA Graph id 19272 reused
CUDA Graph id 19272 reused
CUDA Graph id 19272 reused
CUDA Graph id 19272 reused
CUDA Graph id 19272 reused
CUDA Graph id 19272 reused
CUDA Graph id 19272 reused
CUDA Graph id 19272 reused
CUDA Graph id 19272 reused
CUDA Graph id 19272 reused
CUDA Graph id 19272 reused
CUDA Graph id 19272 reused
CUDA Graph id 19272 reused
CUDA Graph id 19272 reused
CUDA Graph id 19272 reused
CUDA Graph id 19272 reused
CUDA Graph id 19272 reused
CUDA Graph id 19272 reused
CUDA Graph id 19272 reused
CUDA Graph id 19272 reused
CUDA Graph id 19272 reused
CUDA Graph id 19272 reused
CUDA Graph id 19272 reused
CUDA Graph id 19272 reused
CUDA Graph id 19272 reused
CUDA Graph id 19272 reused
CUDA Graph id 19272 reused
CUDA Graph id 19272 reused
CUDA Graph id 19272 reused
CUDA Graph id 19272 reused
CUDA Graph id 19272 reused
CUDA Graph id 19272 reused
CUDA Graph id 19272 reused
CUDA Graph id 19272 reused
CUDA Graph id 19272 reused
CUDA Graph id 19272 reused
CUDA Graph id 19272 reused
CUDA Graph id 19272 reused
CUDA Graph id 19272 reused
CUDA Graph id 19272 reused
CUDA Graph id 19272 reused
CUDA Graph id 19272 reused
CUDA Graph id 19272 reused
CUDA Graph id 19272 reused
CUDA Graph id 19272 reused
CUDA Graph id 19272 reused
CUDA Graph id 19272 reused
ggml_backend_cuda_graph_compute: CUDA graph warmup reset
CUDA Graph id 19275 reused
ggml_backend_cuda_graph_compute: CUDA graph warmup complete
CUDA Graph id 19275 reused
CUDA Graph id 19275 reused
CUDA Graph id 19275 reused
CUDA Graph id 19275 reused
CUDA Graph id 19275 reused
CUDA Graph id 19275 reused
CUDA Graph id 19275 reused
CUDA Graph id 19275 reused
CUDA Graph id 19275 reused
CUDA Graph id 19275 reused
CUDA Graph id 19275 reused
CUDA Graph id 19275 reused
CUDA Graph id 19275 reused
CUDA Graph id 19275 reused
CUDA Graph id 19275 reused
CUDA Graph id 19275 reused
CUDA Graph id 19275 reused
CUDA Graph id 19275 reused
CUDA Graph id 19275 reused
CUDA Graph id 19275 reused
CUDA Graph id 19275 reused
CUDA Graph id 19275 reused
CUDA Graph id 19275 reused
CUDA Graph id 19275 reused
CUDA Graph id 19275 reused
CUDA Graph id 19275 reused
CUDA Graph id 19275 reused
CUDA Graph id 19275 reused
CUDA Graph id 19275 reused
CUDA Graph id 19275 reused
CUDA Graph id 19275 reused
CUDA Graph id 19275 reused
CUDA Graph id 19275 reused
CUDA Graph id 19275 reused
CUDA Graph id 19275 reused
CUDA Graph id 19275 reused
CUDA Graph id 19275 reused
CUDA Graph id 19275 reused
CUDA Graph id 19275 reused
CUDA Graph id 19275 reused
CUDA Graph id 19275 reused
CUDA Graph id 19275 reused
CUDA Graph id 19275 reused
CUDA Graph id 19275 reused
CUDA Graph id 19275 reused
CUDA Graph id 19275 reused
CUDA Graph id 19275 reused
CUDA Graph id 19275 reused
CUDA Graph id 19275 reused
CUDA Graph id 19275 reused
CUDA Graph id 19275 reused
~llama_context:      CUDA0 compute buffer size is 304.0000 MiB, matches expectation of 304.0000 MiB
~llama_context:  CUDA_Host compute buffer size is  14.7637 MiB, matches expectation of  14.7637 MiB
llama_context: constructing llama_context
llama_context: n_seq_max     = 1
llama_context: n_ctx         = 768
llama_context: n_ctx_seq     = 768
llama_context: n_batch       = 727
llama_context: n_ubatch      = 512
llama_context: causal_attn   = 1
llama_context: flash_attn    = auto
llama_context: kv_unified    = false
llama_context: freq_base     = 1000000.0
llama_context: freq_scale    = 1
llama_context: n_rs_seq      = 0
llama_context: n_outputs_max = 727
llama_context: n_ctx_seq (768) < n_ctx_train (32768) -- the full capacity of the model will not be utilized
set_abort_callback: call
llama_context:  CUDA_Host  output buffer size =     0.58 MiB
llama_kv_cache: layer   0: dev = CPU
llama_kv_cache: layer   1: dev = CPU
llama_kv_cache: layer   2: dev = CPU
llama_kv_cache: layer   3: dev = CUDA0
llama_kv_cache: layer   4: dev = CUDA0
llama_kv_cache: layer   5: dev = CUDA0
llama_kv_cache: layer   6: dev = CUDA0
llama_kv_cache: layer   7: dev = CUDA0
llama_kv_cache: layer   8: dev = CUDA0
llama_kv_cache: layer   9: dev = CUDA0
llama_kv_cache: layer  10: dev = CUDA0
llama_kv_cache: layer  11: dev = CUDA0
llama_kv_cache: layer  12: dev = CUDA0
llama_kv_cache: layer  13: dev = CUDA0
llama_kv_cache: layer  14: dev = CUDA0
llama_kv_cache: layer  15: dev = CUDA0
llama_kv_cache: layer  16: dev = CUDA0
llama_kv_cache: layer  17: dev = CUDA0
llama_kv_cache: layer  18: dev = CUDA0
llama_kv_cache: layer  19: dev = CUDA0
llama_kv_cache: layer  20: dev = CUDA0
llama_kv_cache: layer  21: dev = CUDA0
llama_kv_cache: layer  22: dev = CUDA0
llama_kv_cache: layer  23: dev = CUDA0
llama_kv_cache: layer  24: dev = CUDA0
llama_kv_cache: layer  25: dev = CUDA0
llama_kv_cache: layer  26: dev = CUDA0
llama_kv_cache: layer  27: dev = CUDA0
llama_kv_cache:        CPU KV buffer size =     4.50 MiB
llama_kv_cache:      CUDA0 KV buffer size =    37.50 MiB
llama_kv_cache: size =   42.00 MiB (   768 cells,  28 layers,  1/1 seqs), K (f16):   21.00 MiB, V (f16):   21.00 MiB
llama_kv_cache: attn_rot_k = 0, n_embd_head_k_all = 128
llama_kv_cache: attn_rot_v = 0, n_embd_head_k_all = 128
llama_context: enumerating backends
llama_context: backend_ptrs.size() = 2
sched_reserve: reserving ...
sched_reserve: max_nodes = 2712
sched_reserve: reserving full memory module
sched_reserve: worst-case: n_tokens = 512, n_seqs = 1, n_outputs = 1
graph_reserve: reserving a graph for ubatch with n_tokens =    1, n_seqs =  1, n_outputs =    1
sched_reserve: Flash Attention was auto, set to enabled
sched_reserve: resolving fused Gated Delta Net support:
graph_reserve: reserving a graph for ubatch with n_tokens =    1, n_seqs =  1, n_outputs =    1
sched_reserve: fused Gated Delta Net (autoregressive) enabled
graph_reserve: reserving a graph for ubatch with n_tokens =   16, n_seqs =  1, n_outputs =   16
sched_reserve: fused Gated Delta Net (chunked) enabled
graph_reserve: reserving a graph for ubatch with n_tokens =  512, n_seqs =  1, n_outputs =  512
graph_reserve: reserving a graph for ubatch with n_tokens =    1, n_seqs =  1, n_outputs =    1
graph_reserve: reserving a graph for ubatch with n_tokens =  512, n_seqs =  1, n_outputs =  512
sched_reserve:      CUDA0 compute buffer size =   304.00 MiB
sched_reserve:  CUDA_Host compute buffer size =    14.76 MiB
sched_reserve: graph nodes  = 958
sched_reserve: graph splits = 44 (with bs=512), 2 (with bs=1)
sched_reserve: reserve took 13.31 ms, sched copies = 1
CUDA Graph id 19425 reused
ggml_backend_cuda_graph_compute: CUDA graph warmup complete
CUDA Graph id 19425 reused
CUDA Graph id 19425 reused
CUDA Graph id 19425 reused
CUDA Graph id 19425 reused
CUDA Graph id 19425 reused
CUDA Graph id 19425 reused
CUDA Graph id 19425 reused
CUDA Graph id 19425 reused
CUDA Graph id 19425 reused
CUDA Graph id 19425 reused
CUDA Graph id 19425 reused
CUDA Graph id 19425 reused
CUDA Graph id 19425 reused
CUDA Graph id 19425 reused
CUDA Graph id 19425 reused
CUDA Graph id 19425 reused
CUDA Graph id 19425 reused
CUDA Graph id 19425 reused
CUDA Graph id 19425 reused
CUDA Graph id 19425 reused
CUDA Graph id 19425 reused
CUDA Graph id 19425 reused
CUDA Graph id 19425 reused
CUDA Graph id 19425 reused
CUDA Graph id 19425 reused
CUDA Graph id 19425 reused
CUDA Graph id 19425 reused
CUDA Graph id 19425 reused
CUDA Graph id 19425 reused
CUDA Graph id 19425 reused
CUDA Graph id 19425 reused
CUDA Graph id 19425 reused
CUDA Graph id 19425 reused
CUDA Graph id 19425 reused
CUDA Graph id 19425 reused
CUDA Graph id 19425 reused
CUDA Graph id 19425 reused
CUDA Graph id 19425 reused
CUDA Graph id 19425 reused
CUDA Graph id 19425 reused
CUDA Graph id 19425 reused
CUDA Graph id 19425 reused
CUDA Graph id 19425 reused
CUDA Graph id 19425 reused
CUDA Graph id 19425 reused
CUDA Graph id 19425 reused
CUDA Graph id 19425 reused
ggml_backend_cuda_graph_compute: CUDA graph warmup reset
CUDA Graph id 19428 reused
ggml_backend_cuda_graph_compute: CUDA graph warmup complete
CUDA Graph id 19428 reused
CUDA Graph id 19428 reused
CUDA Graph id 19428 reused
CUDA Graph id 19428 reused
CUDA Graph id 19428 reused
CUDA Graph id 19428 reused
CUDA Graph id 19428 reused
CUDA Graph id 19428 reused
CUDA Graph id 19428 reused
CUDA Graph id 19428 reused
CUDA Graph id 19428 reused
CUDA Graph id 19428 reused
CUDA Graph id 19428 reused
CUDA Graph id 19428 reused
CUDA Graph id 19428 reused
CUDA Graph id 19428 reused
CUDA Graph id 19428 reused
CUDA Graph id 19428 reused
CUDA Graph id 19428 reused
CUDA Graph id 19428 reused
CUDA Graph id 19428 reused
CUDA Graph id 19428 reused
CUDA Graph id 19428 reused
CUDA Graph id 19428 reused
CUDA Graph id 19428 reused
CUDA Graph id 19428 reused
CUDA Graph id 19428 reused
CUDA Graph id 19428 reused
CUDA Graph id 19428 reused
CUDA Graph id 19428 reused
CUDA Graph id 19428 reused
CUDA Graph id 19428 reused
CUDA Graph id 19428 reused
CUDA Graph id 19428 reused
CUDA Graph id 19428 reused
CUDA Graph id 19428 reused
CUDA Graph id 19428 reused
CUDA Graph id 19428 reused
CUDA Graph id 19428 reused
CUDA Graph id 19428 reused
CUDA Graph id 19428 reused
CUDA Graph id 19428 reused
CUDA Graph id 19428 reused
CUDA Graph id 19428 reused
CUDA Graph id 19428 reused
CUDA Graph id 19428 reused
CUDA Graph id 19428 reused
CUDA Graph id 19428 reused
CUDA Graph id 19428 reused
CUDA Graph id 19428 reused
CUDA Graph id 19428 reused
CUDA Graph id 19428 reused
CUDA Graph id 19428 reused
CUDA Graph id 19428 reused
CUDA Graph id 19428 reused
CUDA Graph id 19428 reused
CUDA Graph id 19428 reused
CUDA Graph id 19428 reused
CUDA Graph id 19428 reused
CUDA Graph id 19428 reused
CUDA Graph id 19428 reused
CUDA Graph id 19428 reused
CUDA Graph id 19428 reused
CUDA Graph id 19428 reused
CUDA Graph id 19428 reused
CUDA Graph id 19428 reused
CUDA Graph id 19428 reused
CUDA Graph id 19428 reused
CUDA Graph id 19428 reused
CUDA Graph id 19428 reused
CUDA Graph id 19428 reused
CUDA Graph id 19428 reused
CUDA Graph id 19428 reused
CUDA Graph id 19428 reused
CUDA Graph id 19428 reused
CUDA Graph id 19428 reused
CUDA Graph id 19428 reused
CUDA Graph id 19428 reused
CUDA Graph id 19428 reused
CUDA Graph id 19428 reused
CUDA Graph id 19428 reused
CUDA Graph id 19428 reused
CUDA Graph id 19428 reused
CUDA Graph id 19428 reused
CUDA Graph id 19428 reused
CUDA Graph id 19428 reused
CUDA Graph id 19428 reused
CUDA Graph id 19428 reused
CUDA Graph id 19428 reused
CUDA Graph id 19428 reused
CUDA Graph id 19428 reused
CUDA Graph id 19428 reused
CUDA Graph id 19428 reused
CUDA Graph id 19428 reused
CUDA Graph id 19428 reused
CUDA Graph id 19428 reused
CUDA Graph id 19428 reused
CUDA Graph id 19428 reused
CUDA Graph id 19428 reused
CUDA Graph id 19428 reused
CUDA Graph id 19428 reused
CUDA Graph id 19428 reused
CUDA Graph id 19428 reused
CUDA Graph id 19428 reused
CUDA Graph id 19428 reused
CUDA Graph id 19428 reused
CUDA Graph id 19428 reused
CUDA Graph id 19428 reused
CUDA Graph id 19428 reused
CUDA Graph id 19428 reused
CUDA Graph id 19428 reused
CUDA Graph id 19428 reused
CUDA Graph id 19428 reused
CUDA Graph id 19428 reused
CUDA Graph id 19428 reused
CUDA Graph id 19428 reused
CUDA Graph id 19428 reused
CUDA Graph id 19428 reused
CUDA Graph id 19428 reused
CUDA Graph id 19428 reused
CUDA Graph id 19428 reused
CUDA Graph id 19428 reused
CUDA Graph id 19428 reused
CUDA Graph id 19428 reused
CUDA Graph id 19428 reused
CUDA Graph id 19428 reused
CUDA Graph id 19428 reused
CUDA Graph id 19428 reused
CUDA Graph id 19428 reused
CUDA Graph id 19428 reused
CUDA Graph id 19428 reused
CUDA Graph id 19428 reused
CUDA Graph id 19428 reused
CUDA Graph id 19428 reused
CUDA Graph id 19428 reused
CUDA Graph id 19428 reused
CUDA Graph id 19428 reused
CUDA Graph id 19428 reused
CUDA Graph id 19428 reused
CUDA Graph id 19428 reused
CUDA Graph id 19428 reused
CUDA Graph id 19428 reused
CUDA Graph id 19428 reused
CUDA Graph id 19428 reused
CUDA Graph id 19428 reused
CUDA Graph id 19428 reused
CUDA Graph id 19428 reused
CUDA Graph id 19428 reused
CUDA Graph id 19428 reused
CUDA Graph id 19428 reused
CUDA Graph id 19428 reused
CUDA Graph id 19428 reused
CUDA Graph id 19428 reused
CUDA Graph id 19428 reused
CUDA Graph id 19428 reused
CUDA Graph id 19428 reused
CUDA Graph id 19428 reused
CUDA Graph id 19428 reused
CUDA Graph id 19428 reused
CUDA Graph id 19428 reused
CUDA Graph id 19428 reused
CUDA Graph id 19428 reused
CUDA Graph id 19428 reused
CUDA Graph id 19428 reused
CUDA Graph id 19428 reused
CUDA Graph id 19428 reused
CUDA Graph id 19428 reused
CUDA Graph id 19428 reused
CUDA Graph id 19428 reused
CUDA Graph id 19428 reused
CUDA Graph id 19428 reused
CUDA Graph id 19428 reused
CUDA Graph id 19428 reused
CUDA Graph id 19428 reused
CUDA Graph id 19428 reused
CUDA Graph id 19428 reused
CUDA Graph id 19428 reused
CUDA Graph id 19428 reused
CUDA Graph id 19428 reused
CUDA Graph id 19428 reused
CUDA Graph id 19428 reused
CUDA Graph id 19428 reused
CUDA Graph id 19428 reused
CUDA Graph id 19428 reused
CUDA Graph id 19428 reused
CUDA Graph id 19428 reused
CUDA Graph id 19428 reused
CUDA Graph id 19428 reused
CUDA Graph id 19428 reused
CUDA Graph id 19428 reused
CUDA Graph id 19428 reused
CUDA Graph id 19428 reused
CUDA Graph id 19428 reused
CUDA Graph id 19428 reused
CUDA Graph id 19428 reused
CUDA Graph id 19428 reused
CUDA Graph id 19428 reused
CUDA Graph id 19428 reused
CUDA Graph id 19428 reused
CUDA Graph id 19428 reused
CUDA Graph id 19428 reused
CUDA Graph id 19428 reused
CUDA Graph id 19428 reused
CUDA Graph id 19428 reused
CUDA Graph id 19428 reused
CUDA Graph id 19428 reused
CUDA Graph id 19428 reused
CUDA Graph id 19428 reused
CUDA Graph id 19428 reused
CUDA Graph id 19428 reused
CUDA Graph id 19428 reused
CUDA Graph id 19428 reused
CUDA Graph id 19428 reused
CUDA Graph id 19428 reused
CUDA Graph id 19428 reused
CUDA Graph id 19428 reused
CUDA Graph id 19428 reused
CUDA Graph id 19428 reused
CUDA Graph id 19428 reused
CUDA Graph id 19428 reused
CUDA Graph id 19428 reused
CUDA Graph id 19428 reused
CUDA Graph id 19428 reused
CUDA Graph id 19428 reused
CUDA Graph id 19428 reused
CUDA Graph id 19428 reused
CUDA Graph id 19428 reused
CUDA Graph id 19428 reused
CUDA Graph id 19428 reused
CUDA Graph id 19428 reused
CUDA Graph id 19428 reused
CUDA Graph id 19428 reused
CUDA Graph id 19428 reused
CUDA Graph id 19428 reused
CUDA Graph id 19428 reused
CUDA Graph id 19428 reused
CUDA Graph id 19428 reused
CUDA Graph id 19428 reused
CUDA Graph id 19428 reused
CUDA Graph id 19428 reused
CUDA Graph id 19428 reused
CUDA Graph id 19428 reused
CUDA Graph id 19428 reused
CUDA Graph id 19428 reused
CUDA Graph id 19428 reused
CUDA Graph id 19428 reused
CUDA Graph id 19428 reused
CUDA Graph id 19428 reused
CUDA Graph id 19428 reused
CUDA Graph id 19428 reused
CUDA Graph id 19428 reused
CUDA Graph id 19428 reused
CUDA Graph id 19428 reused
CUDA Graph id 19428 reused
ggml_backend_cuda_graph_compute: CUDA graph warmup reset
CUDA Graph id 19431 reused
ggml_backend_cuda_graph_compute: CUDA graph warmup complete
CUDA Graph id 19431 reused
CUDA Graph id 19431 reused
CUDA Graph id 19431 reused
CUDA Graph id 19431 reused
CUDA Graph id 19431 reused
CUDA Graph id 19431 reused
CUDA Graph id 19431 reused
CUDA Graph id 19431 reused
CUDA Graph id 19431 reused
CUDA Graph id 19431 reused
CUDA Graph id 19431 reused
CUDA Graph id 19431 reused
CUDA Graph id 19431 reused
CUDA Graph id 19431 reused
CUDA Graph id 19431 reused
CUDA Graph id 19431 reused
CUDA Graph id 19431 reused
CUDA Graph id 19431 reused
CUDA Graph id 19431 reused
CUDA Graph id 19431 reused
CUDA Graph id 19431 reused
CUDA Graph id 19431 reused
CUDA Graph id 19431 reused
CUDA Graph id 19431 reused
CUDA Graph id 19431 reused
CUDA Graph id 19431 reused
CUDA Graph id 19431 reused
CUDA Graph id 19431 reused
CUDA Graph id 19431 reused
CUDA Graph id 19431 reused
CUDA Graph id 19431 reused
CUDA Graph id 19431 reused
CUDA Graph id 19431 reused
CUDA Graph id 19431 reused
CUDA Graph id 19431 reused
CUDA Graph id 19431 reused
CUDA Graph id 19431 reused
CUDA Graph id 19431 reused
CUDA Graph id 19431 reused
CUDA Graph id 19431 reused
CUDA Graph id 19431 reused
CUDA Graph id 19431 reused
CUDA Graph id 19431 reused
CUDA Graph id 19431 reused
CUDA Graph id 19431 reused
CUDA Graph id 19431 reused
CUDA Graph id 19431 reused
CUDA Graph id 19431 reused
CUDA Graph id 19431 reused
CUDA Graph id 19431 reused
CUDA Graph id 19431 reused
CUDA Graph id 19431 reused
CUDA Graph id 19431 reused
CUDA Graph id 19431 reused
CUDA Graph id 19431 reused
CUDA Graph id 19431 reused
CUDA Graph id 19431 reused
CUDA Graph id 19431 reused
CUDA Graph id 19431 reused
CUDA Graph id 19431 reused
CUDA Graph id 19431 reused
CUDA Graph id 19431 reused
CUDA Graph id 19431 reused
CUDA Graph id 19431 reused
CUDA Graph id 19431 reused
CUDA Graph id 19431 reused
CUDA Graph id 19431 reused
CUDA Graph id 19431 reused
CUDA Graph id 19431 reused
CUDA Graph id 19431 reused
CUDA Graph id 19431 reused
CUDA Graph id 19431 reused
CUDA Graph id 19431 reused
CUDA Graph id 19431 reused
CUDA Graph id 19431 reused
CUDA Graph id 19431 reused
CUDA Graph id 19431 reused
CUDA Graph id 19431 reused
CUDA Graph id 19431 reused
CUDA Graph id 19431 reused
CUDA Graph id 19431 reused
CUDA Graph id 19431 reused
CUDA Graph id 19431 reused
CUDA Graph id 19431 reused
CUDA Graph id 19431 reused
CUDA Graph id 19431 reused
CUDA Graph id 19431 reused
CUDA Graph id 19431 reused
CUDA Graph id 19431 reused
CUDA Graph id 19431 reused
CUDA Graph id 19431 reused
CUDA Graph id 19431 reused
CUDA Graph id 19431 reused
CUDA Graph id 19431 reused
CUDA Graph id 19431 reused
CUDA Graph id 19431 reused
CUDA Graph id 19431 reused
CUDA Graph id 19431 reused
CUDA Graph id 19431 reused
CUDA Graph id 19431 reused
CUDA Graph id 19431 reused
CUDA Graph id 19431 reused
CUDA Graph id 19431 reused
CUDA Graph id 19431 reused
CUDA Graph id 19431 reused
CUDA Graph id 19431 reused
CUDA Graph id 19431 reused
CUDA Graph id 19431 reused
CUDA Graph id 19431 reused
CUDA Graph id 19431 reused
CUDA Graph id 19431 reused
CUDA Graph id 19431 reused
CUDA Graph id 19431 reused
CUDA Graph id 19431 reused
CUDA Graph id 19431 reused
CUDA Graph id 19431 reused
CUDA Graph id 19431 reused
CUDA Graph id 19431 reused
CUDA Graph id 19431 reused
CUDA Graph id 19431 reused
CUDA Graph id 19431 reused
CUDA Graph id 19431 reused
CUDA Graph id 19431 reused
CUDA Graph id 19431 reused
CUDA Graph id 19431 reused
CUDA Graph id 19431 reused
CUDA Graph id 19431 reused
CUDA Graph id 19431 reused
CUDA Graph id 19431 reused
CUDA Graph id 19431 reused
CUDA Graph id 19431 reused
CUDA Graph id 19431 reused
CUDA Graph id 19431 reused
CUDA Graph id 19431 reused
CUDA Graph id 19431 reused
CUDA Graph id 19431 reused
CUDA Graph id 19431 reused
CUDA Graph id 19431 reused
CUDA Graph id 19431 reused
CUDA Graph id 19431 reused
CUDA Graph id 19431 reused
CUDA Graph id 19431 reused
CUDA Graph id 19431 reused
CUDA Graph id 19431 reused
CUDA Graph id 19431 reused
CUDA Graph id 19431 reused
CUDA Graph id 19431 reused
CUDA Graph id 19431 reused
CUDA Graph id 19431 reused
CUDA Graph id 19431 reused
CUDA Graph id 19431 reused
CUDA Graph id 19431 reused
CUDA Graph id 19431 reused
CUDA Graph id 19431 reused
CUDA Graph id 19431 reused
CUDA Graph id 19431 reused
CUDA Graph id 19431 reused
CUDA Graph id 19431 reused
CUDA Graph id 19431 reused
CUDA Graph id 19431 reused
CUDA Graph id 19431 reused
CUDA Graph id 19431 reused
CUDA Graph id 19431 reused
CUDA Graph id 19431 reused
CUDA Graph id 19431 reused
CUDA Graph id 19431 reused
CUDA Graph id 19431 reused
CUDA Graph id 19431 reused
CUDA Graph id 19431 reused
CUDA Graph id 19431 reused
CUDA Graph id 19431 reused
CUDA Graph id 19431 reused
CUDA Graph id 19431 reused
CUDA Graph id 19431 reused
CUDA Graph id 19431 reused
CUDA Graph id 19431 reused
CUDA Graph id 19431 reused
CUDA Graph id 19431 reused
CUDA Graph id 19431 reused
CUDA Graph id 19431 reused
CUDA Graph id 19431 reused
CUDA Graph id 19431 reused
CUDA Graph id 19431 reused
CUDA Graph id 19431 reused
CUDA Graph id 19431 reused
CUDA Graph id 19431 reused
CUDA Graph id 19431 reused
CUDA Graph id 19431 reused
CUDA Graph id 19431 reused
CUDA Graph id 19431 reused
CUDA Graph id 19431 reused
CUDA Graph id 19431 reused
CUDA Graph id 19431 reused
CUDA Graph id 19431 reused
CUDA Graph id 19431 reused
CUDA Graph id 19431 reused
CUDA Graph id 19431 reused
CUDA Graph id 19431 reused
CUDA Graph id 19431 reused
CUDA Graph id 19431 reused
CUDA Graph id 19431 reused
CUDA Graph id 19431 reused
CUDA Graph id 19431 reused
CUDA Graph id 19431 reused
CUDA Graph id 19431 reused
~llama_context:      CUDA0 compute buffer size is 304.0000 MiB, matches expectation of 304.0000 MiB
~llama_context:  CUDA_Host compute buffer size is  14.7637 MiB, matches expectation of  14.7637 MiB
llama_context: constructing llama_context
llama_context: n_seq_max     = 1
llama_context: n_ctx         = 768
llama_context: n_ctx_seq     = 768
llama_context: n_batch       = 727
llama_context: n_ubatch      = 512
llama_context: causal_attn   = 1
llama_context: flash_attn    = auto
llama_context: kv_unified    = false
llama_context: freq_base     = 1000000.0
llama_context: freq_scale    = 1
llama_context: n_rs_seq      = 0
llama_context: n_outputs_max = 727
llama_context: n_ctx_seq (768) < n_ctx_train (32768) -- the full capacity of the model will not be utilized
set_abort_callback: call
llama_context:  CUDA_Host  output buffer size =     0.58 MiB
llama_kv_cache: layer   0: dev = CPU
llama_kv_cache: layer   1: dev = CPU
llama_kv_cache: layer   2: dev = CPU
llama_kv_cache: layer   3: dev = CUDA0
llama_kv_cache: layer   4: dev = CUDA0
llama_kv_cache: layer   5: dev = CUDA0
llama_kv_cache: layer   6: dev = CUDA0
llama_kv_cache: layer   7: dev = CUDA0
llama_kv_cache: layer   8: dev = CUDA0
llama_kv_cache: layer   9: dev = CUDA0
llama_kv_cache: layer  10: dev = CUDA0
llama_kv_cache: layer  11: dev = CUDA0
llama_kv_cache: layer  12: dev = CUDA0
llama_kv_cache: layer  13: dev = CUDA0
llama_kv_cache: layer  14: dev = CUDA0
llama_kv_cache: layer  15: dev = CUDA0
llama_kv_cache: layer  16: dev = CUDA0
llama_kv_cache: layer  17: dev = CUDA0
llama_kv_cache: layer  18: dev = CUDA0
llama_kv_cache: layer  19: dev = CUDA0
llama_kv_cache: layer  20: dev = CUDA0
llama_kv_cache: layer  21: dev = CUDA0
llama_kv_cache: layer  22: dev = CUDA0
llama_kv_cache: layer  23: dev = CUDA0
llama_kv_cache: layer  24: dev = CUDA0
llama_kv_cache: layer  25: dev = CUDA0
llama_kv_cache: layer  26: dev = CUDA0
llama_kv_cache: layer  27: dev = CUDA0
llama_kv_cache:        CPU KV buffer size =     4.50 MiB
llama_kv_cache:      CUDA0 KV buffer size =    37.50 MiB
llama_kv_cache: size =   42.00 MiB (   768 cells,  28 layers,  1/1 seqs), K (f16):   21.00 MiB, V (f16):   21.00 MiB
llama_kv_cache: attn_rot_k = 0, n_embd_head_k_all = 128
llama_kv_cache: attn_rot_v = 0, n_embd_head_k_all = 128
llama_context: enumerating backends
llama_context: backend_ptrs.size() = 2
sched_reserve: reserving ...
sched_reserve: max_nodes = 2712
sched_reserve: reserving full memory module
sched_reserve: worst-case: n_tokens = 512, n_seqs = 1, n_outputs = 1
graph_reserve: reserving a graph for ubatch with n_tokens =    1, n_seqs =  1, n_outputs =    1
sched_reserve: Flash Attention was auto, set to enabled
sched_reserve: resolving fused Gated Delta Net support:
graph_reserve: reserving a graph for ubatch with n_tokens =    1, n_seqs =  1, n_outputs =    1
sched_reserve: fused Gated Delta Net (autoregressive) enabled
graph_reserve: reserving a graph for ubatch with n_tokens =   16, n_seqs =  1, n_outputs =   16
sched_reserve: fused Gated Delta Net (chunked) enabled
graph_reserve: reserving a graph for ubatch with n_tokens =  512, n_seqs =  1, n_outputs =  512
graph_reserve: reserving a graph for ubatch with n_tokens =    1, n_seqs =  1, n_outputs =    1
graph_reserve: reserving a graph for ubatch with n_tokens =  512, n_seqs =  1, n_outputs =  512
sched_reserve:      CUDA0 compute buffer size =   304.00 MiB
sched_reserve:  CUDA_Host compute buffer size =    14.76 MiB
sched_reserve: graph nodes  = 958
sched_reserve: graph splits = 44 (with bs=512), 2 (with bs=1)
sched_reserve: reserve took 12.33 ms, sched copies = 1
CUDA Graph id 19581 reused
ggml_backend_cuda_graph_compute: CUDA graph warmup complete
CUDA Graph id 19581 reused
CUDA Graph id 19581 reused
CUDA Graph id 19581 reused
CUDA Graph id 19581 reused
CUDA Graph id 19581 reused
CUDA Graph id 19581 reused
CUDA Graph id 19581 reused
CUDA Graph id 19581 reused
CUDA Graph id 19581 reused
CUDA Graph id 19581 reused
CUDA Graph id 19581 reused
CUDA Graph id 19581 reused
CUDA Graph id 19581 reused
CUDA Graph id 19581 reused
CUDA Graph id 19581 reused
CUDA Graph id 19581 reused
CUDA Graph id 19581 reused
CUDA Graph id 19581 reused
CUDA Graph id 19581 reused
CUDA Graph id 19581 reused
CUDA Graph id 19581 reused
CUDA Graph id 19581 reused
CUDA Graph id 19581 reused
CUDA Graph id 19581 reused
CUDA Graph id 19581 reused
CUDA Graph id 19581 reused
CUDA Graph id 19581 reused
CUDA Graph id 19581 reused
CUDA Graph id 19581 reused
CUDA Graph id 19581 reused
CUDA Graph id 19581 reused
CUDA Graph id 19581 reused
CUDA Graph id 19581 reused
CUDA Graph id 19581 reused
CUDA Graph id 19581 reused
CUDA Graph id 19581 reused
CUDA Graph id 19581 reused
CUDA Graph id 19581 reused
CUDA Graph id 19581 reused
CUDA Graph id 19581 reused
CUDA Graph id 19581 reused
CUDA Graph id 19581 reused
CUDA Graph id 19581 reused
CUDA Graph id 19581 reused
CUDA Graph id 19581 reused
CUDA Graph id 19581 reused
CUDA Graph id 19581 reused
ggml_backend_cuda_graph_compute: CUDA graph warmup reset
CUDA Graph id 19584 reused
ggml_backend_cuda_graph_compute: CUDA graph warmup complete
CUDA Graph id 19584 reused
CUDA Graph id 19584 reused
CUDA Graph id 19584 reused
CUDA Graph id 19584 reused
CUDA Graph id 19584 reused
CUDA Graph id 19584 reused
CUDA Graph id 19584 reused
CUDA Graph id 19584 reused
CUDA Graph id 19584 reused
CUDA Graph id 19584 reused
CUDA Graph id 19584 reused
CUDA Graph id 19584 reused
CUDA Graph id 19584 reused
CUDA Graph id 19584 reused
CUDA Graph id 19584 reused
CUDA Graph id 19584 reused
CUDA Graph id 19584 reused
CUDA Graph id 19584 reused
CUDA Graph id 19584 reused
CUDA Graph id 19584 reused
CUDA Graph id 19584 reused
CUDA Graph id 19584 reused
CUDA Graph id 19584 reused
CUDA Graph id 19584 reused
CUDA Graph id 19584 reused
CUDA Graph id 19584 reused
CUDA Graph id 19584 reused
CUDA Graph id 19584 reused
CUDA Graph id 19584 reused
CUDA Graph id 19584 reused
CUDA Graph id 19584 reused
CUDA Graph id 19584 reused
CUDA Graph id 19584 reused
CUDA Graph id 19584 reused
CUDA Graph id 19584 reused
CUDA Graph id 19584 reused
CUDA Graph id 19584 reused
CUDA Graph id 19584 reused
CUDA Graph id 19584 reused
CUDA Graph id 19584 reused
CUDA Graph id 19584 reused
CUDA Graph id 19584 reused
CUDA Graph id 19584 reused
CUDA Graph id 19584 reused
CUDA Graph id 19584 reused
CUDA Graph id 19584 reused
CUDA Graph id 19584 reused
CUDA Graph id 19584 reused
CUDA Graph id 19584 reused
CUDA Graph id 19584 reused
CUDA Graph id 19584 reused
CUDA Graph id 19584 reused
CUDA Graph id 19584 reused
CUDA Graph id 19584 reused
CUDA Graph id 19584 reused
CUDA Graph id 19584 reused
CUDA Graph id 19584 reused
CUDA Graph id 19584 reused
CUDA Graph id 19584 reused
CUDA Graph id 19584 reused
CUDA Graph id 19584 reused
CUDA Graph id 19584 reused
CUDA Graph id 19584 reused
CUDA Graph id 19584 reused
CUDA Graph id 19584 reused
CUDA Graph id 19584 reused
CUDA Graph id 19584 reused
CUDA Graph id 19584 reused
CUDA Graph id 19584 reused
CUDA Graph id 19584 reused
CUDA Graph id 19584 reused
CUDA Graph id 19584 reused
CUDA Graph id 19584 reused
CUDA Graph id 19584 reused
CUDA Graph id 19584 reused
CUDA Graph id 19584 reused
CUDA Graph id 19584 reused
CUDA Graph id 19584 reused
CUDA Graph id 19584 reused
CUDA Graph id 19584 reused
CUDA Graph id 19584 reused
CUDA Graph id 19584 reused
CUDA Graph id 19584 reused
CUDA Graph id 19584 reused
CUDA Graph id 19584 reused
CUDA Graph id 19584 reused
CUDA Graph id 19584 reused
CUDA Graph id 19584 reused
CUDA Graph id 19584 reused
CUDA Graph id 19584 reused
CUDA Graph id 19584 reused
CUDA Graph id 19584 reused
CUDA Graph id 19584 reused
CUDA Graph id 19584 reused
CUDA Graph id 19584 reused
CUDA Graph id 19584 reused
CUDA Graph id 19584 reused
CUDA Graph id 19584 reused
CUDA Graph id 19584 reused
CUDA Graph id 19584 reused
CUDA Graph id 19584 reused
CUDA Graph id 19584 reused
CUDA Graph id 19584 reused
CUDA Graph id 19584 reused
CUDA Graph id 19584 reused
CUDA Graph id 19584 reused
CUDA Graph id 19584 reused
CUDA Graph id 19584 reused
CUDA Graph id 19584 reused
CUDA Graph id 19584 reused
CUDA Graph id 19584 reused
CUDA Graph id 19584 reused
CUDA Graph id 19584 reused
CUDA Graph id 19584 reused
CUDA Graph id 19584 reused
CUDA Graph id 19584 reused
CUDA Graph id 19584 reused
CUDA Graph id 19584 reused
CUDA Graph id 19584 reused
CUDA Graph id 19584 reused
CUDA Graph id 19584 reused
CUDA Graph id 19584 reused
CUDA Graph id 19584 reused
CUDA Graph id 19584 reused
CUDA Graph id 19584 reused
CUDA Graph id 19584 reused
CUDA Graph id 19584 reused
CUDA Graph id 19584 reused
CUDA Graph id 19584 reused
CUDA Graph id 19584 reused
CUDA Graph id 19584 reused
CUDA Graph id 19584 reused
CUDA Graph id 19584 reused
CUDA Graph id 19584 reused
CUDA Graph id 19584 reused
CUDA Graph id 19584 reused
CUDA Graph id 19584 reused
CUDA Graph id 19584 reused
CUDA Graph id 19584 reused
CUDA Graph id 19584 reused
CUDA Graph id 19584 reused
CUDA Graph id 19584 reused
CUDA Graph id 19584 reused
CUDA Graph id 19584 reused
CUDA Graph id 19584 reused
CUDA Graph id 19584 reused
CUDA Graph id 19584 reused
CUDA Graph id 19584 reused
CUDA Graph id 19584 reused
CUDA Graph id 19584 reused
CUDA Graph id 19584 reused
CUDA Graph id 19584 reused
CUDA Graph id 19584 reused
CUDA Graph id 19584 reused
CUDA Graph id 19584 reused
CUDA Graph id 19584 reused
CUDA Graph id 19584 reused
CUDA Graph id 19584 reused
CUDA Graph id 19584 reused
CUDA Graph id 19584 reused
CUDA Graph id 19584 reused
CUDA Graph id 19584 reused
CUDA Graph id 19584 reused
CUDA Graph id 19584 reused
CUDA Graph id 19584 reused
CUDA Graph id 19584 reused
CUDA Graph id 19584 reused
CUDA Graph id 19584 reused
CUDA Graph id 19584 reused
CUDA Graph id 19584 reused
CUDA Graph id 19584 reused
CUDA Graph id 19584 reused
CUDA Graph id 19584 reused
CUDA Graph id 19584 reused
CUDA Graph id 19584 reused
CUDA Graph id 19584 reused
CUDA Graph id 19584 reused
CUDA Graph id 19584 reused
CUDA Graph id 19584 reused
CUDA Graph id 19584 reused
CUDA Graph id 19584 reused
CUDA Graph id 19584 reused
CUDA Graph id 19584 reused
CUDA Graph id 19584 reused
CUDA Graph id 19584 reused
CUDA Graph id 19584 reused
CUDA Graph id 19584 reused
CUDA Graph id 19584 reused
CUDA Graph id 19584 reused
CUDA Graph id 19584 reused
CUDA Graph id 19584 reused
CUDA Graph id 19584 reused
CUDA Graph id 19584 reused
CUDA Graph id 19584 reused
CUDA Graph id 19584 reused
CUDA Graph id 19584 reused
CUDA Graph id 19584 reused
CUDA Graph id 19584 reused
CUDA Graph id 19584 reused
CUDA Graph id 19584 reused
CUDA Graph id 19584 reused
CUDA Graph id 19584 reused
CUDA Graph id 19584 reused
CUDA Graph id 19584 reused
CUDA Graph id 19584 reused
CUDA Graph id 19584 reused
CUDA Graph id 19584 reused
CUDA Graph id 19584 reused
CUDA Graph id 19584 reused
CUDA Graph id 19584 reused
CUDA Graph id 19584 reused
CUDA Graph id 19584 reused
CUDA Graph id 19584 reused
CUDA Graph id 19584 reused
CUDA Graph id 19584 reused
CUDA Graph id 19584 reused
CUDA Graph id 19584 reused
CUDA Graph id 19584 reused
CUDA Graph id 19584 reused
CUDA Graph id 19584 reused
CUDA Graph id 19584 reused
CUDA Graph id 19584 reused
CUDA Graph id 19584 reused
CUDA Graph id 19584 reused
CUDA Graph id 19584 reused
CUDA Graph id 19584 reused
CUDA Graph id 19584 reused
CUDA Graph id 19584 reused
CUDA Graph id 19584 reused
CUDA Graph id 19584 reused
CUDA Graph id 19584 reused
CUDA Graph id 19584 reused
CUDA Graph id 19584 reused
CUDA Graph id 19584 reused
CUDA Graph id 19584 reused
CUDA Graph id 19584 reused
CUDA Graph id 19584 reused
CUDA Graph id 19584 reused
CUDA Graph id 19584 reused
CUDA Graph id 19584 reused
CUDA Graph id 19584 reused
CUDA Graph id 19584 reused
CUDA Graph id 19584 reused
CUDA Graph id 19584 reused
CUDA Graph id 19584 reused
CUDA Graph id 19584 reused
CUDA Graph id 19584 reused
CUDA Graph id 19584 reused
CUDA Graph id 19584 reused
CUDA Graph id 19584 reused
CUDA Graph id 19584 reused
CUDA Graph id 19584 reused
CUDA Graph id 19584 reused
CUDA Graph id 19584 reused
ggml_backend_cuda_graph_compute: CUDA graph warmup reset
CUDA Graph id 19587 reused
ggml_backend_cuda_graph_compute: CUDA graph warmup complete
CUDA Graph id 19587 reused
CUDA Graph id 19587 reused
CUDA Graph id 19587 reused
CUDA Graph id 19587 reused
CUDA Graph id 19587 reused
CUDA Graph id 19587 reused
CUDA Graph id 19587 reused
CUDA Graph id 19587 reused
CUDA Graph id 19587 reused
CUDA Graph id 19587 reused
CUDA Graph id 19587 reused
CUDA Graph id 19587 reused
CUDA Graph id 19587 reused
CUDA Graph id 19587 reused
CUDA Graph id 19587 reused
CUDA Graph id 19587 reused
CUDA Graph id 19587 reused
CUDA Graph id 19587 reused
CUDA Graph id 19587 reused
CUDA Graph id 19587 reused
CUDA Graph id 19587 reused
CUDA Graph id 19587 reused
CUDA Graph id 19587 reused
CUDA Graph id 19587 reused
CUDA Graph id 19587 reused
CUDA Graph id 19587 reused
CUDA Graph id 19587 reused
CUDA Graph id 19587 reused
CUDA Graph id 19587 reused
CUDA Graph id 19587 reused
CUDA Graph id 19587 reused
CUDA Graph id 19587 reused
CUDA Graph id 19587 reused
CUDA Graph id 19587 reused
CUDA Graph id 19587 reused
CUDA Graph id 19587 reused
CUDA Graph id 19587 reused
CUDA Graph id 19587 reused
CUDA Graph id 19587 reused
CUDA Graph id 19587 reused
CUDA Graph id 19587 reused
CUDA Graph id 19587 reused
CUDA Graph id 19587 reused
CUDA Graph id 19587 reused
CUDA Graph id 19587 reused
CUDA Graph id 19587 reused
CUDA Graph id 19587 reused
CUDA Graph id 19587 reused
CUDA Graph id 19587 reused
CUDA Graph id 19587 reused
CUDA Graph id 19587 reused
CUDA Graph id 19587 reused
CUDA Graph id 19587 reused
CUDA Graph id 19587 reused
CUDA Graph id 19587 reused
CUDA Graph id 19587 reused
CUDA Graph id 19587 reused
CUDA Graph id 19587 reused
CUDA Graph id 19587 reused
CUDA Graph id 19587 reused
CUDA Graph id 19587 reused
CUDA Graph id 19587 reused
CUDA Graph id 19587 reused
CUDA Graph id 19587 reused
CUDA Graph id 19587 reused
CUDA Graph id 19587 reused
CUDA Graph id 19587 reused
CUDA Graph id 19587 reused
CUDA Graph id 19587 reused
CUDA Graph id 19587 reused
CUDA Graph id 19587 reused
CUDA Graph id 19587 reused
CUDA Graph id 19587 reused
CUDA Graph id 19587 reused
CUDA Graph id 19587 reused
CUDA Graph id 19587 reused
CUDA Graph id 19587 reused
CUDA Graph id 19587 reused
CUDA Graph id 19587 reused
CUDA Graph id 19587 reused
CUDA Graph id 19587 reused
CUDA Graph id 19587 reused
CUDA Graph id 19587 reused
CUDA Graph id 19587 reused
CUDA Graph id 19587 reused
CUDA Graph id 19587 reused
CUDA Graph id 19587 reused
CUDA Graph id 19587 reused
CUDA Graph id 19587 reused
CUDA Graph id 19587 reused
CUDA Graph id 19587 reused
CUDA Graph id 19587 reused
CUDA Graph id 19587 reused
CUDA Graph id 19587 reused
CUDA Graph id 19587 reused
CUDA Graph id 19587 reused
CUDA Graph id 19587 reused
CUDA Graph id 19587 reused
CUDA Graph id 19587 reused
CUDA Graph id 19587 reused
CUDA Graph id 19587 reused
CUDA Graph id 19587 reused
CUDA Graph id 19587 reused
CUDA Graph id 19587 reused
CUDA Graph id 19587 reused
CUDA Graph id 19587 reused
CUDA Graph id 19587 reused
CUDA Graph id 19587 reused
CUDA Graph id 19587 reused
CUDA Graph id 19587 reused
CUDA Graph id 19587 reused
CUDA Graph id 19587 reused
CUDA Graph id 19587 reused
CUDA Graph id 19587 reused
CUDA Graph id 19587 reused
CUDA Graph id 19587 reused
CUDA Graph id 19587 reused
CUDA Graph id 19587 reused
CUDA Graph id 19587 reused
CUDA Graph id 19587 reused
CUDA Graph id 19587 reused
CUDA Graph id 19587 reused
CUDA Graph id 19587 reused
CUDA Graph id 19587 reused
CUDA Graph id 19587 reused
CUDA Graph id 19587 reused
CUDA Graph id 19587 reused
CUDA Graph id 19587 reused
CUDA Graph id 19587 reused
CUDA Graph id 19587 reused
CUDA Graph id 19587 reused
CUDA Graph id 19587 reused
CUDA Graph id 19587 reused
CUDA Graph id 19587 reused
CUDA Graph id 19587 reused
CUDA Graph id 19587 reused
CUDA Graph id 19587 reused
CUDA Graph id 19587 reused
CUDA Graph id 19587 reused
CUDA Graph id 19587 reused
CUDA Graph id 19587 reused
CUDA Graph id 19587 reused
CUDA Graph id 19587 reused
CUDA Graph id 19587 reused
CUDA Graph id 19587 reused
CUDA Graph id 19587 reused
CUDA Graph id 19587 reused
CUDA Graph id 19587 reused
CUDA Graph id 19587 reused
CUDA Graph id 19587 reused
CUDA Graph id 19587 reused
CUDA Graph id 19587 reused
CUDA Graph id 19587 reused
CUDA Graph id 19587 reused
CUDA Graph id 19587 reused
CUDA Graph id 19587 reused
CUDA Graph id 19587 reused
CUDA Graph id 19587 reused
CUDA Graph id 19587 reused
CUDA Graph id 19587 reused
CUDA Graph id 19587 reused
CUDA Graph id 19587 reused
CUDA Graph id 19587 reused
CUDA Graph id 19587 reused
CUDA Graph id 19587 reused
CUDA Graph id 19587 reused
CUDA Graph id 19587 reused
CUDA Graph id 19587 reused
CUDA Graph id 19587 reused
CUDA Graph id 19587 reused
CUDA Graph id 19587 reused
CUDA Graph id 19587 reused
CUDA Graph id 19587 reused
CUDA Graph id 19587 reused
CUDA Graph id 19587 reused
CUDA Graph id 19587 reused
CUDA Graph id 19587 reused
CUDA Graph id 19587 reused
CUDA Graph id 19587 reused
CUDA Graph id 19587 reused
CUDA Graph id 19587 reused
CUDA Graph id 19587 reused
CUDA Graph id 19587 reused
CUDA Graph id 19587 reused
CUDA Graph id 19587 reused
CUDA Graph id 19587 reused
CUDA Graph id 19587 reused
CUDA Graph id 19587 reused
CUDA Graph id 19587 reused
CUDA Graph id 19587 reused
CUDA Graph id 19587 reused
CUDA Graph id 19587 reused
CUDA Graph id 19587 reused
CUDA Graph id 19587 reused
CUDA Graph id 19587 reused
CUDA Graph id 19587 reused
CUDA Graph id 19587 reused
CUDA Graph id 19587 reused
CUDA Graph id 19587 reused
CUDA Graph id 19587 reused
CUDA Graph id 19587 reused
CUDA Graph id 19587 reused
CUDA Graph id 19587 reused
CUDA Graph id 19587 reused
CUDA Graph id 19587 reused
~llama_context:      CUDA0 compute buffer size is 304.0000 MiB, matches expectation of 304.0000 MiB
~llama_context:  CUDA_Host compute buffer size is  14.7637 MiB, matches expectation of  14.7637 MiB
llama_context: constructing llama_context
llama_context: n_seq_max     = 1
llama_context: n_ctx         = 768
llama_context: n_ctx_seq     = 768
llama_context: n_batch       = 727
llama_context: n_ubatch      = 512
llama_context: causal_attn   = 1
llama_context: flash_attn    = auto
llama_context: kv_unified    = false
llama_context: freq_base     = 1000000.0
llama_context: freq_scale    = 1
llama_context: n_rs_seq      = 0
llama_context: n_outputs_max = 727
llama_context: n_ctx_seq (768) < n_ctx_train (32768) -- the full capacity of the model will not be utilized
set_abort_callback: call
llama_context:  CUDA_Host  output buffer size =     0.58 MiB
llama_kv_cache: layer   0: dev = CPU
llama_kv_cache: layer   1: dev = CPU
llama_kv_cache: layer   2: dev = CPU
llama_kv_cache: layer   3: dev = CUDA0
llama_kv_cache: layer   4: dev = CUDA0
llama_kv_cache: layer   5: dev = CUDA0
llama_kv_cache: layer   6: dev = CUDA0
llama_kv_cache: layer   7: dev = CUDA0
llama_kv_cache: layer   8: dev = CUDA0
llama_kv_cache: layer   9: dev = CUDA0
llama_kv_cache: layer  10: dev = CUDA0
llama_kv_cache: layer  11: dev = CUDA0
llama_kv_cache: layer  12: dev = CUDA0
llama_kv_cache: layer  13: dev = CUDA0
llama_kv_cache: layer  14: dev = CUDA0
llama_kv_cache: layer  15: dev = CUDA0
llama_kv_cache: layer  16: dev = CUDA0
llama_kv_cache: layer  17: dev = CUDA0
llama_kv_cache: layer  18: dev = CUDA0
llama_kv_cache: layer  19: dev = CUDA0
llama_kv_cache: layer  20: dev = CUDA0
llama_kv_cache: layer  21: dev = CUDA0
llama_kv_cache: layer  22: dev = CUDA0
llama_kv_cache: layer  23: dev = CUDA0
llama_kv_cache: layer  24: dev = CUDA0
llama_kv_cache: layer  25: dev = CUDA0
llama_kv_cache: layer  26: dev = CUDA0
llama_kv_cache: layer  27: dev = CUDA0
llama_kv_cache:        CPU KV buffer size =     4.50 MiB
llama_kv_cache:      CUDA0 KV buffer size =    37.50 MiB
llama_kv_cache: size =   42.00 MiB (   768 cells,  28 layers,  1/1 seqs), K (f16):   21.00 MiB, V (f16):   21.00 MiB
llama_kv_cache: attn_rot_k = 0, n_embd_head_k_all = 128
llama_kv_cache: attn_rot_v = 0, n_embd_head_k_all = 128
llama_context: enumerating backends
llama_context: backend_ptrs.size() = 2
sched_reserve: reserving ...
sched_reserve: max_nodes = 2712
sched_reserve: reserving full memory module
sched_reserve: worst-case: n_tokens = 512, n_seqs = 1, n_outputs = 1
graph_reserve: reserving a graph for ubatch with n_tokens =    1, n_seqs =  1, n_outputs =    1
sched_reserve: Flash Attention was auto, set to enabled
sched_reserve: resolving fused Gated Delta Net support:
graph_reserve: reserving a graph for ubatch with n_tokens =    1, n_seqs =  1, n_outputs =    1
sched_reserve: fused Gated Delta Net (autoregressive) enabled
graph_reserve: reserving a graph for ubatch with n_tokens =   16, n_seqs =  1, n_outputs =   16
sched_reserve: fused Gated Delta Net (chunked) enabled
graph_reserve: reserving a graph for ubatch with n_tokens =  512, n_seqs =  1, n_outputs =  512
graph_reserve: reserving a graph for ubatch with n_tokens =    1, n_seqs =  1, n_outputs =    1
graph_reserve: reserving a graph for ubatch with n_tokens =  512, n_seqs =  1, n_outputs =  512
sched_reserve:      CUDA0 compute buffer size =   304.00 MiB
sched_reserve:  CUDA_Host compute buffer size =    14.76 MiB
sched_reserve: graph nodes  = 958
sched_reserve: graph splits = 44 (with bs=512), 2 (with bs=1)
sched_reserve: reserve took 11.19 ms, sched copies = 1
CUDA Graph id 19737 reused
ggml_backend_cuda_graph_compute: CUDA graph warmup complete
CUDA Graph id 19737 reused
CUDA Graph id 19737 reused
CUDA Graph id 19737 reused
CUDA Graph id 19737 reused
CUDA Graph id 19737 reused
CUDA Graph id 19737 reused
CUDA Graph id 19737 reused
CUDA Graph id 19737 reused
CUDA Graph id 19737 reused
CUDA Graph id 19737 reused
~llama_context:      CUDA0 compute buffer size is 304.0000 MiB, matches expectation of 304.0000 MiB
~llama_context:  CUDA_Host compute buffer size is  14.7637 MiB, matches expectation of  14.7637 MiB
llama_context: constructing llama_context
llama_context: n_seq_max     = 1
llama_context: n_ctx         = 768
llama_context: n_ctx_seq     = 768
llama_context: n_batch       = 727
llama_context: n_ubatch      = 512
llama_context: causal_attn   = 1
llama_context: flash_attn    = auto
llama_context: kv_unified    = false
llama_context: freq_base     = 1000000.0
llama_context: freq_scale    = 1
llama_context: n_rs_seq      = 0
llama_context: n_outputs_max = 727
llama_context: n_ctx_seq (768) < n_ctx_train (32768) -- the full capacity of the model will not be utilized
set_abort_callback: call
llama_context:  CUDA_Host  output buffer size =     0.58 MiB
llama_kv_cache: layer   0: dev = CPU
llama_kv_cache: layer   1: dev = CPU
llama_kv_cache: layer   2: dev = CPU
llama_kv_cache: layer   3: dev = CUDA0
llama_kv_cache: layer   4: dev = CUDA0
llama_kv_cache: layer   5: dev = CUDA0
llama_kv_cache: layer   6: dev = CUDA0
llama_kv_cache: layer   7: dev = CUDA0
llama_kv_cache: layer   8: dev = CUDA0
llama_kv_cache: layer   9: dev = CUDA0
llama_kv_cache: layer  10: dev = CUDA0
llama_kv_cache: layer  11: dev = CUDA0
llama_kv_cache: layer  12: dev = CUDA0
llama_kv_cache: layer  13: dev = CUDA0
llama_kv_cache: layer  14: dev = CUDA0
llama_kv_cache: layer  15: dev = CUDA0
llama_kv_cache: layer  16: dev = CUDA0
llama_kv_cache: layer  17: dev = CUDA0
llama_kv_cache: layer  18: dev = CUDA0
llama_kv_cache: layer  19: dev = CUDA0
llama_kv_cache: layer  20: dev = CUDA0
llama_kv_cache: layer  21: dev = CUDA0
llama_kv_cache: layer  22: dev = CUDA0
llama_kv_cache: layer  23: dev = CUDA0
llama_kv_cache: layer  24: dev = CUDA0
llama_kv_cache: layer  25: dev = CUDA0
llama_kv_cache: layer  26: dev = CUDA0
llama_kv_cache: layer  27: dev = CUDA0
llama_kv_cache:        CPU KV buffer size =     4.50 MiB
llama_kv_cache:      CUDA0 KV buffer size =    37.50 MiB
llama_kv_cache: size =   42.00 MiB (   768 cells,  28 layers,  1/1 seqs), K (f16):   21.00 MiB, V (f16):   21.00 MiB
llama_kv_cache: attn_rot_k = 0, n_embd_head_k_all = 128
llama_kv_cache: attn_rot_v = 0, n_embd_head_k_all = 128
llama_context: enumerating backends
llama_context: backend_ptrs.size() = 2
sched_reserve: reserving ...
sched_reserve: max_nodes = 2712
sched_reserve: reserving full memory module
sched_reserve: worst-case: n_tokens = 512, n_seqs = 1, n_outputs = 1
graph_reserve: reserving a graph for ubatch with n_tokens =    1, n_seqs =  1, n_outputs =    1
sched_reserve: Flash Attention was auto, set to enabled
sched_reserve: resolving fused Gated Delta Net support:
graph_reserve: reserving a graph for ubatch with n_tokens =    1, n_seqs =  1, n_outputs =    1
sched_reserve: fused Gated Delta Net (autoregressive) enabled
graph_reserve: reserving a graph for ubatch with n_tokens =   16, n_seqs =  1, n_outputs =   16
sched_reserve: fused Gated Delta Net (chunked) enabled
graph_reserve: reserving a graph for ubatch with n_tokens =  512, n_seqs =  1, n_outputs =  512
graph_reserve: reserving a graph for ubatch with n_tokens =    1, n_seqs =  1, n_outputs =    1
graph_reserve: reserving a graph for ubatch with n_tokens =  512, n_seqs =  1, n_outputs =  512
sched_reserve:      CUDA0 compute buffer size =   304.00 MiB
sched_reserve:  CUDA_Host compute buffer size =    14.76 MiB
sched_reserve: graph nodes  = 958
sched_reserve: graph splits = 44 (with bs=512), 2 (with bs=1)
sched_reserve: reserve took 17.43 ms, sched copies = 1
CUDA Graph id 19887 reused
ggml_backend_cuda_graph_compute: CUDA graph warmup complete
CUDA Graph id 19887 reused
CUDA Graph id 19887 reused
CUDA Graph id 19887 reused
CUDA Graph id 19887 reused
CUDA Graph id 19887 reused
CUDA Graph id 19887 reused
CUDA Graph id 19887 reused
CUDA Graph id 19887 reused
CUDA Graph id 19887 reused
CUDA Graph id 19887 reused
CUDA Graph id 19887 reused
CUDA Graph id 19887 reused
CUDA Graph id 19887 reused
CUDA Graph id 19887 reused
CUDA Graph id 19887 reused
CUDA Graph id 19887 reused
CUDA Graph id 19887 reused
CUDA Graph id 19887 reused
CUDA Graph id 19887 reused
CUDA Graph id 19887 reused
CUDA Graph id 19887 reused
CUDA Graph id 19887 reused
CUDA Graph id 19887 reused
CUDA Graph id 19887 reused
CUDA Graph id 19887 reused
CUDA Graph id 19887 reused
CUDA Graph id 19887 reused
CUDA Graph id 19887 reused
CUDA Graph id 19887 reused
CUDA Graph id 19887 reused
CUDA Graph id 19887 reused
CUDA Graph id 19887 reused
CUDA Graph id 19887 reused
CUDA Graph id 19887 reused
CUDA Graph id 19887 reused
CUDA Graph id 19887 reused
CUDA Graph id 19887 reused
CUDA Graph id 19887 reused
CUDA Graph id 19887 reused
CUDA Graph id 19887 reused
CUDA Graph id 19887 reused
CUDA Graph id 19887 reused
CUDA Graph id 19887 reused
CUDA Graph id 19887 reused
CUDA Graph id 19887 reused
CUDA Graph id 19887 reused
CUDA Graph id 19887 reused
ggml_backend_cuda_graph_compute: CUDA graph warmup reset
CUDA Graph id 19890 reused
ggml_backend_cuda_graph_compute: CUDA graph warmup complete
CUDA Graph id 19890 reused
CUDA Graph id 19890 reused
CUDA Graph id 19890 reused
CUDA Graph id 19890 reused
CUDA Graph id 19890 reused
CUDA Graph id 19890 reused
CUDA Graph id 19890 reused
CUDA Graph id 19890 reused
CUDA Graph id 19890 reused
CUDA Graph id 19890 reused
CUDA Graph id 19890 reused
CUDA Graph id 19890 reused
CUDA Graph id 19890 reused
CUDA Graph id 19890 reused
CUDA Graph id 19890 reused
CUDA Graph id 19890 reused
CUDA Graph id 19890 reused
CUDA Graph id 19890 reused
CUDA Graph id 19890 reused
CUDA Graph id 19890 reused
CUDA Graph id 19890 reused
CUDA Graph id 19890 reused
CUDA Graph id 19890 reused
CUDA Graph id 19890 reused
CUDA Graph id 19890 reused
CUDA Graph id 19890 reused
CUDA Graph id 19890 reused
CUDA Graph id 19890 reused
CUDA Graph id 19890 reused
CUDA Graph id 19890 reused
CUDA Graph id 19890 reused
CUDA Graph id 19890 reused
CUDA Graph id 19890 reused
CUDA Graph id 19890 reused
CUDA Graph id 19890 reused
CUDA Graph id 19890 reused
CUDA Graph id 19890 reused
CUDA Graph id 19890 reused
CUDA Graph id 19890 reused
CUDA Graph id 19890 reused
CUDA Graph id 19890 reused
CUDA Graph id 19890 reused
CUDA Graph id 19890 reused
CUDA Graph id 19890 reused
CUDA Graph id 19890 reused
CUDA Graph id 19890 reused
CUDA Graph id 19890 reused
CUDA Graph id 19890 reused
CUDA Graph id 19890 reused
CUDA Graph id 19890 reused
CUDA Graph id 19890 reused
CUDA Graph id 19890 reused
CUDA Graph id 19890 reused
CUDA Graph id 19890 reused
CUDA Graph id 19890 reused
CUDA Graph id 19890 reused
CUDA Graph id 19890 reused
CUDA Graph id 19890 reused
CUDA Graph id 19890 reused
~llama_context:      CUDA0 compute buffer size is 304.0000 MiB, matches expectation of 304.0000 MiB
~llama_context:  CUDA_Host compute buffer size is  14.7637 MiB, matches expectation of  14.7637 MiB
schema 72/75 done
llama_context: constructing llama_context
llama_context: n_seq_max     = 1
llama_context: n_ctx         = 768
llama_context: n_ctx_seq     = 768
llama_context: n_batch       = 673
llama_context: n_ubatch      = 512
llama_context: causal_attn   = 1
llama_context: flash_attn    = auto
llama_context: kv_unified    = false
llama_context: freq_base     = 1000000.0
llama_context: freq_scale    = 1
llama_context: n_rs_seq      = 0
llama_context: n_outputs_max = 673
llama_context: n_ctx_seq (768) < n_ctx_train (32768) -- the full capacity of the model will not be utilized
set_abort_callback: call
llama_context:  CUDA_Host  output buffer size =     0.58 MiB
llama_kv_cache: layer   0: dev = CPU
llama_kv_cache: layer   1: dev = CPU
llama_kv_cache: layer   2: dev = CPU
llama_kv_cache: layer   3: dev = CUDA0
llama_kv_cache: layer   4: dev = CUDA0
llama_kv_cache: layer   5: dev = CUDA0
llama_kv_cache: layer   6: dev = CUDA0
llama_kv_cache: layer   7: dev = CUDA0
llama_kv_cache: layer   8: dev = CUDA0
llama_kv_cache: layer   9: dev = CUDA0
llama_kv_cache: layer  10: dev = CUDA0
llama_kv_cache: layer  11: dev = CUDA0
llama_kv_cache: layer  12: dev = CUDA0
llama_kv_cache: layer  13: dev = CUDA0
llama_kv_cache: layer  14: dev = CUDA0
llama_kv_cache: layer  15: dev = CUDA0
llama_kv_cache: layer  16: dev = CUDA0
llama_kv_cache: layer  17: dev = CUDA0
llama_kv_cache: layer  18: dev = CUDA0
llama_kv_cache: layer  19: dev = CUDA0
llama_kv_cache: layer  20: dev = CUDA0
llama_kv_cache: layer  21: dev = CUDA0
llama_kv_cache: layer  22: dev = CUDA0
llama_kv_cache: layer  23: dev = CUDA0
llama_kv_cache: layer  24: dev = CUDA0
llama_kv_cache: layer  25: dev = CUDA0
llama_kv_cache: layer  26: dev = CUDA0
llama_kv_cache: layer  27: dev = CUDA0
llama_kv_cache:        CPU KV buffer size =     4.50 MiB
llama_kv_cache:      CUDA0 KV buffer size =    37.50 MiB
llama_kv_cache: size =   42.00 MiB (   768 cells,  28 layers,  1/1 seqs), K (f16):   21.00 MiB, V (f16):   21.00 MiB
llama_kv_cache: attn_rot_k = 0, n_embd_head_k_all = 128
llama_kv_cache: attn_rot_v = 0, n_embd_head_k_all = 128
llama_context: enumerating backends
llama_context: backend_ptrs.size() = 2
sched_reserve: reserving ...
sched_reserve: max_nodes = 2712
sched_reserve: reserving full memory module
sched_reserve: worst-case: n_tokens = 512, n_seqs = 1, n_outputs = 1
graph_reserve: reserving a graph for ubatch with n_tokens =    1, n_seqs =  1, n_outputs =    1
sched_reserve: Flash Attention was auto, set to enabled
sched_reserve: resolving fused Gated Delta Net support:
graph_reserve: reserving a graph for ubatch with n_tokens =    1, n_seqs =  1, n_outputs =    1
sched_reserve: fused Gated Delta Net (autoregressive) enabled
graph_reserve: reserving a graph for ubatch with n_tokens =   16, n_seqs =  1, n_outputs =   16
sched_reserve: fused Gated Delta Net (chunked) enabled
graph_reserve: reserving a graph for ubatch with n_tokens =  512, n_seqs =  1, n_outputs =  512
graph_reserve: reserving a graph for ubatch with n_tokens =    1, n_seqs =  1, n_outputs =    1
graph_reserve: reserving a graph for ubatch with n_tokens =  512, n_seqs =  1, n_outputs =  512
sched_reserve:      CUDA0 compute buffer size =   304.00 MiB
sched_reserve:  CUDA_Host compute buffer size =    14.76 MiB
sched_reserve: graph nodes  = 958
sched_reserve: graph splits = 44 (with bs=512), 2 (with bs=1)
sched_reserve: reserve took 13.46 ms, sched copies = 1
CUDA Graph id 20040 reused
ggml_backend_cuda_graph_compute: CUDA graph warmup complete
CUDA Graph id 20040 reused
CUDA Graph id 20040 reused
CUDA Graph id 20040 reused
CUDA Graph id 20040 reused
CUDA Graph id 20040 reused
CUDA Graph id 20040 reused
CUDA Graph id 20040 reused
CUDA Graph id 20040 reused
CUDA Graph id 20040 reused
CUDA Graph id 20040 reused
CUDA Graph id 20040 reused
CUDA Graph id 20040 reused
CUDA Graph id 20040 reused
CUDA Graph id 20040 reused
CUDA Graph id 20040 reused
CUDA Graph id 20040 reused
CUDA Graph id 20040 reused
~llama_context:      CUDA0 compute buffer size is 304.0000 MiB, matches expectation of 304.0000 MiB
~llama_context:  CUDA_Host compute buffer size is  14.7637 MiB, matches expectation of  14.7637 MiB
llama_context: constructing llama_context
llama_context: n_seq_max     = 1
llama_context: n_ctx         = 768
llama_context: n_ctx_seq     = 768
llama_context: n_batch       = 673
llama_context: n_ubatch      = 512
llama_context: causal_attn   = 1
llama_context: flash_attn    = auto
llama_context: kv_unified    = false
llama_context: freq_base     = 1000000.0
llama_context: freq_scale    = 1
llama_context: n_rs_seq      = 0
llama_context: n_outputs_max = 673
llama_context: n_ctx_seq (768) < n_ctx_train (32768) -- the full capacity of the model will not be utilized
set_abort_callback: call
llama_context:  CUDA_Host  output buffer size =     0.58 MiB
llama_kv_cache: layer   0: dev = CPU
llama_kv_cache: layer   1: dev = CPU
llama_kv_cache: layer   2: dev = CPU
llama_kv_cache: layer   3: dev = CUDA0
llama_kv_cache: layer   4: dev = CUDA0
llama_kv_cache: layer   5: dev = CUDA0
llama_kv_cache: layer   6: dev = CUDA0
llama_kv_cache: layer   7: dev = CUDA0
llama_kv_cache: layer   8: dev = CUDA0
llama_kv_cache: layer   9: dev = CUDA0
llama_kv_cache: layer  10: dev = CUDA0
llama_kv_cache: layer  11: dev = CUDA0
llama_kv_cache: layer  12: dev = CUDA0
llama_kv_cache: layer  13: dev = CUDA0
llama_kv_cache: layer  14: dev = CUDA0
llama_kv_cache: layer  15: dev = CUDA0
llama_kv_cache: layer  16: dev = CUDA0
llama_kv_cache: layer  17: dev = CUDA0
llama_kv_cache: layer  18: dev = CUDA0
llama_kv_cache: layer  19: dev = CUDA0
llama_kv_cache: layer  20: dev = CUDA0
llama_kv_cache: layer  21: dev = CUDA0
llama_kv_cache: layer  22: dev = CUDA0
llama_kv_cache: layer  23: dev = CUDA0
llama_kv_cache: layer  24: dev = CUDA0
llama_kv_cache: layer  25: dev = CUDA0
llama_kv_cache: layer  26: dev = CUDA0
llama_kv_cache: layer  27: dev = CUDA0
llama_kv_cache:        CPU KV buffer size =     4.50 MiB
llama_kv_cache:      CUDA0 KV buffer size =    37.50 MiB
llama_kv_cache: size =   42.00 MiB (   768 cells,  28 layers,  1/1 seqs), K (f16):   21.00 MiB, V (f16):   21.00 MiB
llama_kv_cache: attn_rot_k = 0, n_embd_head_k_all = 128
llama_kv_cache: attn_rot_v = 0, n_embd_head_k_all = 128
llama_context: enumerating backends
llama_context: backend_ptrs.size() = 2
sched_reserve: reserving ...
sched_reserve: max_nodes = 2712
sched_reserve: reserving full memory module
sched_reserve: worst-case: n_tokens = 512, n_seqs = 1, n_outputs = 1
graph_reserve: reserving a graph for ubatch with n_tokens =    1, n_seqs =  1, n_outputs =    1
sched_reserve: Flash Attention was auto, set to enabled
sched_reserve: resolving fused Gated Delta Net support:
graph_reserve: reserving a graph for ubatch with n_tokens =    1, n_seqs =  1, n_outputs =    1
sched_reserve: fused Gated Delta Net (autoregressive) enabled
graph_reserve: reserving a graph for ubatch with n_tokens =   16, n_seqs =  1, n_outputs =   16
sched_reserve: fused Gated Delta Net (chunked) enabled
graph_reserve: reserving a graph for ubatch with n_tokens =  512, n_seqs =  1, n_outputs =  512
graph_reserve: reserving a graph for ubatch with n_tokens =    1, n_seqs =  1, n_outputs =    1
graph_reserve: reserving a graph for ubatch with n_tokens =  512, n_seqs =  1, n_outputs =  512
sched_reserve:      CUDA0 compute buffer size =   304.00 MiB
sched_reserve:  CUDA_Host compute buffer size =    14.76 MiB
sched_reserve: graph nodes  = 958
sched_reserve: graph splits = 44 (with bs=512), 2 (with bs=1)
sched_reserve: reserve took 16.55 ms, sched copies = 1
CUDA Graph id 20190 reused
ggml_backend_cuda_graph_compute: CUDA graph warmup complete
CUDA Graph id 20190 reused
CUDA Graph id 20190 reused
CUDA Graph id 20190 reused
CUDA Graph id 20190 reused
CUDA Graph id 20190 reused
CUDA Graph id 20190 reused
CUDA Graph id 20190 reused
CUDA Graph id 20190 reused
CUDA Graph id 20190 reused
CUDA Graph id 20190 reused
CUDA Graph id 20190 reused
CUDA Graph id 20190 reused
CUDA Graph id 20190 reused
CUDA Graph id 20190 reused
CUDA Graph id 20190 reused
CUDA Graph id 20190 reused
CUDA Graph id 20190 reused
~llama_context:      CUDA0 compute buffer size is 304.0000 MiB, matches expectation of 304.0000 MiB
~llama_context:  CUDA_Host compute buffer size is  14.7637 MiB, matches expectation of  14.7637 MiB
llama_context: constructing llama_context
llama_context: n_seq_max     = 1
llama_context: n_ctx         = 768
llama_context: n_ctx_seq     = 768
llama_context: n_batch       = 673
llama_context: n_ubatch      = 512
llama_context: causal_attn   = 1
llama_context: flash_attn    = auto
llama_context: kv_unified    = false
llama_context: freq_base     = 1000000.0
llama_context: freq_scale    = 1
llama_context: n_rs_seq      = 0
llama_context: n_outputs_max = 673
llama_context: n_ctx_seq (768) < n_ctx_train (32768) -- the full capacity of the model will not be utilized
set_abort_callback: call
llama_context:  CUDA_Host  output buffer size =     0.58 MiB
llama_kv_cache: layer   0: dev = CPU
llama_kv_cache: layer   1: dev = CPU
llama_kv_cache: layer   2: dev = CPU
llama_kv_cache: layer   3: dev = CUDA0
llama_kv_cache: layer   4: dev = CUDA0
llama_kv_cache: layer   5: dev = CUDA0
llama_kv_cache: layer   6: dev = CUDA0
llama_kv_cache: layer   7: dev = CUDA0
llama_kv_cache: layer   8: dev = CUDA0
llama_kv_cache: layer   9: dev = CUDA0
llama_kv_cache: layer  10: dev = CUDA0
llama_kv_cache: layer  11: dev = CUDA0
llama_kv_cache: layer  12: dev = CUDA0
llama_kv_cache: layer  13: dev = CUDA0
llama_kv_cache: layer  14: dev = CUDA0
llama_kv_cache: layer  15: dev = CUDA0
llama_kv_cache: layer  16: dev = CUDA0
llama_kv_cache: layer  17: dev = CUDA0
llama_kv_cache: layer  18: dev = CUDA0
llama_kv_cache: layer  19: dev = CUDA0
llama_kv_cache: layer  20: dev = CUDA0
llama_kv_cache: layer  21: dev = CUDA0
llama_kv_cache: layer  22: dev = CUDA0
llama_kv_cache: layer  23: dev = CUDA0
llama_kv_cache: layer  24: dev = CUDA0
llama_kv_cache: layer  25: dev = CUDA0
llama_kv_cache: layer  26: dev = CUDA0
llama_kv_cache: layer  27: dev = CUDA0
llama_kv_cache:        CPU KV buffer size =     4.50 MiB
llama_kv_cache:      CUDA0 KV buffer size =    37.50 MiB
llama_kv_cache: size =   42.00 MiB (   768 cells,  28 layers,  1/1 seqs), K (f16):   21.00 MiB, V (f16):   21.00 MiB
llama_kv_cache: attn_rot_k = 0, n_embd_head_k_all = 128
llama_kv_cache: attn_rot_v = 0, n_embd_head_k_all = 128
llama_context: enumerating backends
llama_context: backend_ptrs.size() = 2
sched_reserve: reserving ...
sched_reserve: max_nodes = 2712
sched_reserve: reserving full memory module
sched_reserve: worst-case: n_tokens = 512, n_seqs = 1, n_outputs = 1
graph_reserve: reserving a graph for ubatch with n_tokens =    1, n_seqs =  1, n_outputs =    1
sched_reserve: Flash Attention was auto, set to enabled
sched_reserve: resolving fused Gated Delta Net support:
graph_reserve: reserving a graph for ubatch with n_tokens =    1, n_seqs =  1, n_outputs =    1
sched_reserve: fused Gated Delta Net (autoregressive) enabled
graph_reserve: reserving a graph for ubatch with n_tokens =   16, n_seqs =  1, n_outputs =   16
sched_reserve: fused Gated Delta Net (chunked) enabled
graph_reserve: reserving a graph for ubatch with n_tokens =  512, n_seqs =  1, n_outputs =  512
graph_reserve: reserving a graph for ubatch with n_tokens =    1, n_seqs =  1, n_outputs =    1
graph_reserve: reserving a graph for ubatch with n_tokens =  512, n_seqs =  1, n_outputs =  512
sched_reserve:      CUDA0 compute buffer size =   304.00 MiB
sched_reserve:  CUDA_Host compute buffer size =    14.76 MiB
sched_reserve: graph nodes  = 958
sched_reserve: graph splits = 44 (with bs=512), 2 (with bs=1)
sched_reserve: reserve took 18.65 ms, sched copies = 1
CUDA Graph id 20340 reused
ggml_backend_cuda_graph_compute: CUDA graph warmup complete
CUDA Graph id 20340 reused
CUDA Graph id 20340 reused
CUDA Graph id 20340 reused
CUDA Graph id 20340 reused
CUDA Graph id 20340 reused
CUDA Graph id 20340 reused
CUDA Graph id 20340 reused
CUDA Graph id 20340 reused
CUDA Graph id 20340 reused
CUDA Graph id 20340 reused
CUDA Graph id 20340 reused
CUDA Graph id 20340 reused
CUDA Graph id 20340 reused
CUDA Graph id 20340 reused
CUDA Graph id 20340 reused
CUDA Graph id 20340 reused
CUDA Graph id 20340 reused
~llama_context:      CUDA0 compute buffer size is 304.0000 MiB, matches expectation of 304.0000 MiB
~llama_context:  CUDA_Host compute buffer size is  14.7637 MiB, matches expectation of  14.7637 MiB
llama_context: constructing llama_context
llama_context: n_seq_max     = 1
llama_context: n_ctx         = 768
llama_context: n_ctx_seq     = 768
llama_context: n_batch       = 673
llama_context: n_ubatch      = 512
llama_context: causal_attn   = 1
llama_context: flash_attn    = auto
llama_context: kv_unified    = false
llama_context: freq_base     = 1000000.0
llama_context: freq_scale    = 1
llama_context: n_rs_seq      = 0
llama_context: n_outputs_max = 673
llama_context: n_ctx_seq (768) < n_ctx_train (32768) -- the full capacity of the model will not be utilized
set_abort_callback: call
llama_context:  CUDA_Host  output buffer size =     0.58 MiB
llama_kv_cache: layer   0: dev = CPU
llama_kv_cache: layer   1: dev = CPU
llama_kv_cache: layer   2: dev = CPU
llama_kv_cache: layer   3: dev = CUDA0
llama_kv_cache: layer   4: dev = CUDA0
llama_kv_cache: layer   5: dev = CUDA0
llama_kv_cache: layer   6: dev = CUDA0
llama_kv_cache: layer   7: dev = CUDA0
llama_kv_cache: layer   8: dev = CUDA0
llama_kv_cache: layer   9: dev = CUDA0
llama_kv_cache: layer  10: dev = CUDA0
llama_kv_cache: layer  11: dev = CUDA0
llama_kv_cache: layer  12: dev = CUDA0
llama_kv_cache: layer  13: dev = CUDA0
llama_kv_cache: layer  14: dev = CUDA0
llama_kv_cache: layer  15: dev = CUDA0
llama_kv_cache: layer  16: dev = CUDA0
llama_kv_cache: layer  17: dev = CUDA0
llama_kv_cache: layer  18: dev = CUDA0
llama_kv_cache: layer  19: dev = CUDA0
llama_kv_cache: layer  20: dev = CUDA0
llama_kv_cache: layer  21: dev = CUDA0
llama_kv_cache: layer  22: dev = CUDA0
llama_kv_cache: layer  23: dev = CUDA0
llama_kv_cache: layer  24: dev = CUDA0
llama_kv_cache: layer  25: dev = CUDA0
llama_kv_cache: layer  26: dev = CUDA0
llama_kv_cache: layer  27: dev = CUDA0
llama_kv_cache:        CPU KV buffer size =     4.50 MiB
llama_kv_cache:      CUDA0 KV buffer size =    37.50 MiB
llama_kv_cache: size =   42.00 MiB (   768 cells,  28 layers,  1/1 seqs), K (f16):   21.00 MiB, V (f16):   21.00 MiB
llama_kv_cache: attn_rot_k = 0, n_embd_head_k_all = 128
llama_kv_cache: attn_rot_v = 0, n_embd_head_k_all = 128
llama_context: enumerating backends
llama_context: backend_ptrs.size() = 2
sched_reserve: reserving ...
sched_reserve: max_nodes = 2712
sched_reserve: reserving full memory module
sched_reserve: worst-case: n_tokens = 512, n_seqs = 1, n_outputs = 1
graph_reserve: reserving a graph for ubatch with n_tokens =    1, n_seqs =  1, n_outputs =    1
sched_reserve: Flash Attention was auto, set to enabled
sched_reserve: resolving fused Gated Delta Net support:
graph_reserve: reserving a graph for ubatch with n_tokens =    1, n_seqs =  1, n_outputs =    1
sched_reserve: fused Gated Delta Net (autoregressive) enabled
graph_reserve: reserving a graph for ubatch with n_tokens =   16, n_seqs =  1, n_outputs =   16
sched_reserve: fused Gated Delta Net (chunked) enabled
graph_reserve: reserving a graph for ubatch with n_tokens =  512, n_seqs =  1, n_outputs =  512
graph_reserve: reserving a graph for ubatch with n_tokens =    1, n_seqs =  1, n_outputs =    1
graph_reserve: reserving a graph for ubatch with n_tokens =  512, n_seqs =  1, n_outputs =  512
sched_reserve:      CUDA0 compute buffer size =   304.00 MiB
sched_reserve:  CUDA_Host compute buffer size =    14.76 MiB
sched_reserve: graph nodes  = 958
sched_reserve: graph splits = 44 (with bs=512), 2 (with bs=1)
sched_reserve: reserve took 14.66 ms, sched copies = 1
CUDA Graph id 20490 reused
ggml_backend_cuda_graph_compute: CUDA graph warmup complete
CUDA Graph id 20490 reused
CUDA Graph id 20490 reused
CUDA Graph id 20490 reused
CUDA Graph id 20490 reused
CUDA Graph id 20490 reused
CUDA Graph id 20490 reused
CUDA Graph id 20490 reused
CUDA Graph id 20490 reused
CUDA Graph id 20490 reused
CUDA Graph id 20490 reused
CUDA Graph id 20490 reused
CUDA Graph id 20490 reused
CUDA Graph id 20490 reused
CUDA Graph id 20490 reused
CUDA Graph id 20490 reused
CUDA Graph id 20490 reused
CUDA Graph id 20490 reused
~llama_context:      CUDA0 compute buffer size is 304.0000 MiB, matches expectation of 304.0000 MiB
~llama_context:  CUDA_Host compute buffer size is  14.7637 MiB, matches expectation of  14.7637 MiB
llama_context: constructing llama_context
llama_context: n_seq_max     = 1
llama_context: n_ctx         = 768
llama_context: n_ctx_seq     = 768
llama_context: n_batch       = 673
llama_context: n_ubatch      = 512
llama_context: causal_attn   = 1
llama_context: flash_attn    = auto
llama_context: kv_unified    = false
llama_context: freq_base     = 1000000.0
llama_context: freq_scale    = 1
llama_context: n_rs_seq      = 0
llama_context: n_outputs_max = 673
llama_context: n_ctx_seq (768) < n_ctx_train (32768) -- the full capacity of the model will not be utilized
set_abort_callback: call
llama_context:  CUDA_Host  output buffer size =     0.58 MiB
llama_kv_cache: layer   0: dev = CPU
llama_kv_cache: layer   1: dev = CPU
llama_kv_cache: layer   2: dev = CPU
llama_kv_cache: layer   3: dev = CUDA0
llama_kv_cache: layer   4: dev = CUDA0
llama_kv_cache: layer   5: dev = CUDA0
llama_kv_cache: layer   6: dev = CUDA0
llama_kv_cache: layer   7: dev = CUDA0
llama_kv_cache: layer   8: dev = CUDA0
llama_kv_cache: layer   9: dev = CUDA0
llama_kv_cache: layer  10: dev = CUDA0
llama_kv_cache: layer  11: dev = CUDA0
llama_kv_cache: layer  12: dev = CUDA0
llama_kv_cache: layer  13: dev = CUDA0
llama_kv_cache: layer  14: dev = CUDA0
llama_kv_cache: layer  15: dev = CUDA0
llama_kv_cache: layer  16: dev = CUDA0
llama_kv_cache: layer  17: dev = CUDA0
llama_kv_cache: layer  18: dev = CUDA0
llama_kv_cache: layer  19: dev = CUDA0
llama_kv_cache: layer  20: dev = CUDA0
llama_kv_cache: layer  21: dev = CUDA0
llama_kv_cache: layer  22: dev = CUDA0
llama_kv_cache: layer  23: dev = CUDA0
llama_kv_cache: layer  24: dev = CUDA0
llama_kv_cache: layer  25: dev = CUDA0
llama_kv_cache: layer  26: dev = CUDA0
llama_kv_cache: layer  27: dev = CUDA0
llama_kv_cache:        CPU KV buffer size =     4.50 MiB
llama_kv_cache:      CUDA0 KV buffer size =    37.50 MiB
llama_kv_cache: size =   42.00 MiB (   768 cells,  28 layers,  1/1 seqs), K (f16):   21.00 MiB, V (f16):   21.00 MiB
llama_kv_cache: attn_rot_k = 0, n_embd_head_k_all = 128
llama_kv_cache: attn_rot_v = 0, n_embd_head_k_all = 128
llama_context: enumerating backends
llama_context: backend_ptrs.size() = 2
sched_reserve: reserving ...
sched_reserve: max_nodes = 2712
sched_reserve: reserving full memory module
sched_reserve: worst-case: n_tokens = 512, n_seqs = 1, n_outputs = 1
graph_reserve: reserving a graph for ubatch with n_tokens =    1, n_seqs =  1, n_outputs =    1
sched_reserve: Flash Attention was auto, set to enabled
sched_reserve: resolving fused Gated Delta Net support:
graph_reserve: reserving a graph for ubatch with n_tokens =    1, n_seqs =  1, n_outputs =    1
sched_reserve: fused Gated Delta Net (autoregressive) enabled
graph_reserve: reserving a graph for ubatch with n_tokens =   16, n_seqs =  1, n_outputs =   16
sched_reserve: fused Gated Delta Net (chunked) enabled
graph_reserve: reserving a graph for ubatch with n_tokens =  512, n_seqs =  1, n_outputs =  512
graph_reserve: reserving a graph for ubatch with n_tokens =    1, n_seqs =  1, n_outputs =    1
graph_reserve: reserving a graph for ubatch with n_tokens =  512, n_seqs =  1, n_outputs =  512
sched_reserve:      CUDA0 compute buffer size =   304.00 MiB
sched_reserve:  CUDA_Host compute buffer size =    14.76 MiB
sched_reserve: graph nodes  = 958
sched_reserve: graph splits = 44 (with bs=512), 2 (with bs=1)
sched_reserve: reserve took 12.77 ms, sched copies = 1
CUDA Graph id 20640 reused
ggml_backend_cuda_graph_compute: CUDA graph warmup complete
CUDA Graph id 20640 reused
CUDA Graph id 20640 reused
CUDA Graph id 20640 reused
CUDA Graph id 20640 reused
CUDA Graph id 20640 reused
CUDA Graph id 20640 reused
CUDA Graph id 20640 reused
CUDA Graph id 20640 reused
CUDA Graph id 20640 reused
CUDA Graph id 20640 reused
CUDA Graph id 20640 reused
CUDA Graph id 20640 reused
CUDA Graph id 20640 reused
~llama_context:      CUDA0 compute buffer size is 304.0000 MiB, matches expectation of 304.0000 MiB
~llama_context:  CUDA_Host compute buffer size is  14.7637 MiB, matches expectation of  14.7637 MiB
llama_context: constructing llama_context
llama_context: n_seq_max     = 1
llama_context: n_ctx         = 768
llama_context: n_ctx_seq     = 768
llama_context: n_batch       = 673
llama_context: n_ubatch      = 512
llama_context: causal_attn   = 1
llama_context: flash_attn    = auto
llama_context: kv_unified    = false
llama_context: freq_base     = 1000000.0
llama_context: freq_scale    = 1
llama_context: n_rs_seq      = 0
llama_context: n_outputs_max = 673
llama_context: n_ctx_seq (768) < n_ctx_train (32768) -- the full capacity of the model will not be utilized
set_abort_callback: call
llama_context:  CUDA_Host  output buffer size =     0.58 MiB
llama_kv_cache: layer   0: dev = CPU
llama_kv_cache: layer   1: dev = CPU
llama_kv_cache: layer   2: dev = CPU
llama_kv_cache: layer   3: dev = CUDA0
llama_kv_cache: layer   4: dev = CUDA0
llama_kv_cache: layer   5: dev = CUDA0
llama_kv_cache: layer   6: dev = CUDA0
llama_kv_cache: layer   7: dev = CUDA0
llama_kv_cache: layer   8: dev = CUDA0
llama_kv_cache: layer   9: dev = CUDA0
llama_kv_cache: layer  10: dev = CUDA0
llama_kv_cache: layer  11: dev = CUDA0
llama_kv_cache: layer  12: dev = CUDA0
llama_kv_cache: layer  13: dev = CUDA0
llama_kv_cache: layer  14: dev = CUDA0
llama_kv_cache: layer  15: dev = CUDA0
llama_kv_cache: layer  16: dev = CUDA0
llama_kv_cache: layer  17: dev = CUDA0
llama_kv_cache: layer  18: dev = CUDA0
llama_kv_cache: layer  19: dev = CUDA0
llama_kv_cache: layer  20: dev = CUDA0
llama_kv_cache: layer  21: dev = CUDA0
llama_kv_cache: layer  22: dev = CUDA0
llama_kv_cache: layer  23: dev = CUDA0
llama_kv_cache: layer  24: dev = CUDA0
llama_kv_cache: layer  25: dev = CUDA0
llama_kv_cache: layer  26: dev = CUDA0
llama_kv_cache: layer  27: dev = CUDA0
llama_kv_cache:        CPU KV buffer size =     4.50 MiB
llama_kv_cache:      CUDA0 KV buffer size =    37.50 MiB
llama_kv_cache: size =   42.00 MiB (   768 cells,  28 layers,  1/1 seqs), K (f16):   21.00 MiB, V (f16):   21.00 MiB
llama_kv_cache: attn_rot_k = 0, n_embd_head_k_all = 128
llama_kv_cache: attn_rot_v = 0, n_embd_head_k_all = 128
llama_context: enumerating backends
llama_context: backend_ptrs.size() = 2
sched_reserve: reserving ...
sched_reserve: max_nodes = 2712
sched_reserve: reserving full memory module
sched_reserve: worst-case: n_tokens = 512, n_seqs = 1, n_outputs = 1
graph_reserve: reserving a graph for ubatch with n_tokens =    1, n_seqs =  1, n_outputs =    1
sched_reserve: Flash Attention was auto, set to enabled
sched_reserve: resolving fused Gated Delta Net support:
graph_reserve: reserving a graph for ubatch with n_tokens =    1, n_seqs =  1, n_outputs =    1
sched_reserve: fused Gated Delta Net (autoregressive) enabled
graph_reserve: reserving a graph for ubatch with n_tokens =   16, n_seqs =  1, n_outputs =   16
sched_reserve: fused Gated Delta Net (chunked) enabled
graph_reserve: reserving a graph for ubatch with n_tokens =  512, n_seqs =  1, n_outputs =  512
graph_reserve: reserving a graph for ubatch with n_tokens =    1, n_seqs =  1, n_outputs =    1
graph_reserve: reserving a graph for ubatch with n_tokens =  512, n_seqs =  1, n_outputs =  512
sched_reserve:      CUDA0 compute buffer size =   304.00 MiB
sched_reserve:  CUDA_Host compute buffer size =    14.76 MiB
sched_reserve: graph nodes  = 958
sched_reserve: graph splits = 44 (with bs=512), 2 (with bs=1)
sched_reserve: reserve took 12.50 ms, sched copies = 1
CUDA Graph id 20790 reused
ggml_backend_cuda_graph_compute: CUDA graph warmup complete
CUDA Graph id 20790 reused
CUDA Graph id 20790 reused
CUDA Graph id 20790 reused
CUDA Graph id 20790 reused
CUDA Graph id 20790 reused
CUDA Graph id 20790 reused
CUDA Graph id 20790 reused
CUDA Graph id 20790 reused
CUDA Graph id 20790 reused
CUDA Graph id 20790 reused
~llama_context:      CUDA0 compute buffer size is 304.0000 MiB, matches expectation of 304.0000 MiB
~llama_context:  CUDA_Host compute buffer size is  14.7637 MiB, matches expectation of  14.7637 MiB
schema 73/75 done
llama_context: constructing llama_context
llama_context: n_seq_max     = 1
llama_context: n_ctx         = 768
llama_context: n_ctx_seq     = 768
llama_context: n_batch       = 685
llama_context: n_ubatch      = 512
llama_context: causal_attn   = 1
llama_context: flash_attn    = auto
llama_context: kv_unified    = false
llama_context: freq_base     = 1000000.0
llama_context: freq_scale    = 1
llama_context: n_rs_seq      = 0
llama_context: n_outputs_max = 685
llama_context: n_ctx_seq (768) < n_ctx_train (32768) -- the full capacity of the model will not be utilized
set_abort_callback: call
llama_context:  CUDA_Host  output buffer size =     0.58 MiB
llama_kv_cache: layer   0: dev = CPU
llama_kv_cache: layer   1: dev = CPU
llama_kv_cache: layer   2: dev = CPU
llama_kv_cache: layer   3: dev = CUDA0
llama_kv_cache: layer   4: dev = CUDA0
llama_kv_cache: layer   5: dev = CUDA0
llama_kv_cache: layer   6: dev = CUDA0
llama_kv_cache: layer   7: dev = CUDA0
llama_kv_cache: layer   8: dev = CUDA0
llama_kv_cache: layer   9: dev = CUDA0
llama_kv_cache: layer  10: dev = CUDA0
llama_kv_cache: layer  11: dev = CUDA0
llama_kv_cache: layer  12: dev = CUDA0
llama_kv_cache: layer  13: dev = CUDA0
llama_kv_cache: layer  14: dev = CUDA0
llama_kv_cache: layer  15: dev = CUDA0
llama_kv_cache: layer  16: dev = CUDA0
llama_kv_cache: layer  17: dev = CUDA0
llama_kv_cache: layer  18: dev = CUDA0
llama_kv_cache: layer  19: dev = CUDA0
llama_kv_cache: layer  20: dev = CUDA0
llama_kv_cache: layer  21: dev = CUDA0
llama_kv_cache: layer  22: dev = CUDA0
llama_kv_cache: layer  23: dev = CUDA0
llama_kv_cache: layer  24: dev = CUDA0
llama_kv_cache: layer  25: dev = CUDA0
llama_kv_cache: layer  26: dev = CUDA0
llama_kv_cache: layer  27: dev = CUDA0
llama_kv_cache:        CPU KV buffer size =     4.50 MiB
llama_kv_cache:      CUDA0 KV buffer size =    37.50 MiB
llama_kv_cache: size =   42.00 MiB (   768 cells,  28 layers,  1/1 seqs), K (f16):   21.00 MiB, V (f16):   21.00 MiB
llama_kv_cache: attn_rot_k = 0, n_embd_head_k_all = 128
llama_kv_cache: attn_rot_v = 0, n_embd_head_k_all = 128
llama_context: enumerating backends
llama_context: backend_ptrs.size() = 2
sched_reserve: reserving ...
sched_reserve: max_nodes = 2712
sched_reserve: reserving full memory module
sched_reserve: worst-case: n_tokens = 512, n_seqs = 1, n_outputs = 1
graph_reserve: reserving a graph for ubatch with n_tokens =    1, n_seqs =  1, n_outputs =    1
sched_reserve: Flash Attention was auto, set to enabled
sched_reserve: resolving fused Gated Delta Net support:
graph_reserve: reserving a graph for ubatch with n_tokens =    1, n_seqs =  1, n_outputs =    1
sched_reserve: fused Gated Delta Net (autoregressive) enabled
graph_reserve: reserving a graph for ubatch with n_tokens =   16, n_seqs =  1, n_outputs =   16
sched_reserve: fused Gated Delta Net (chunked) enabled
graph_reserve: reserving a graph for ubatch with n_tokens =  512, n_seqs =  1, n_outputs =  512
graph_reserve: reserving a graph for ubatch with n_tokens =    1, n_seqs =  1, n_outputs =    1
graph_reserve: reserving a graph for ubatch with n_tokens =  512, n_seqs =  1, n_outputs =  512
sched_reserve:      CUDA0 compute buffer size =   304.00 MiB
sched_reserve:  CUDA_Host compute buffer size =    14.76 MiB
sched_reserve: graph nodes  = 958
sched_reserve: graph splits = 44 (with bs=512), 2 (with bs=1)
sched_reserve: reserve took 12.96 ms, sched copies = 1
CUDA Graph id 20940 reused
ggml_backend_cuda_graph_compute: CUDA graph warmup complete
CUDA Graph id 20940 reused
CUDA Graph id 20940 reused
CUDA Graph id 20940 reused
CUDA Graph id 20940 reused
CUDA Graph id 20940 reused
CUDA Graph id 20940 reused
CUDA Graph id 20940 reused
CUDA Graph id 20940 reused
CUDA Graph id 20940 reused
CUDA Graph id 20940 reused
CUDA Graph id 20940 reused
CUDA Graph id 20940 reused
CUDA Graph id 20940 reused
CUDA Graph id 20940 reused
CUDA Graph id 20940 reused
CUDA Graph id 20940 reused
CUDA Graph id 20940 reused
CUDA Graph id 20940 reused
CUDA Graph id 20940 reused
CUDA Graph id 20940 reused
CUDA Graph id 20940 reused
CUDA Graph id 20940 reused
CUDA Graph id 20940 reused
CUDA Graph id 20940 reused
CUDA Graph id 20940 reused
CUDA Graph id 20940 reused
CUDA Graph id 20940 reused
CUDA Graph id 20940 reused
CUDA Graph id 20940 reused
CUDA Graph id 20940 reused
CUDA Graph id 20940 reused
CUDA Graph id 20940 reused
CUDA Graph id 20940 reused
CUDA Graph id 20940 reused
CUDA Graph id 20940 reused
CUDA Graph id 20940 reused
CUDA Graph id 20940 reused
CUDA Graph id 20940 reused
CUDA Graph id 20940 reused
CUDA Graph id 20940 reused
CUDA Graph id 20940 reused
CUDA Graph id 20940 reused
CUDA Graph id 20940 reused
CUDA Graph id 20940 reused
CUDA Graph id 20940 reused
CUDA Graph id 20940 reused
CUDA Graph id 20940 reused
CUDA Graph id 20940 reused
CUDA Graph id 20940 reused
~llama_context:      CUDA0 compute buffer size is 304.0000 MiB, matches expectation of 304.0000 MiB
~llama_context:  CUDA_Host compute buffer size is  14.7637 MiB, matches expectation of  14.7637 MiB
llama_context: constructing llama_context
llama_context: n_seq_max     = 1
llama_context: n_ctx         = 768
llama_context: n_ctx_seq     = 768
llama_context: n_batch       = 685
llama_context: n_ubatch      = 512
llama_context: causal_attn   = 1
llama_context: flash_attn    = auto
llama_context: kv_unified    = false
llama_context: freq_base     = 1000000.0
llama_context: freq_scale    = 1
llama_context: n_rs_seq      = 0
llama_context: n_outputs_max = 685
llama_context: n_ctx_seq (768) < n_ctx_train (32768) -- the full capacity of the model will not be utilized
set_abort_callback: call
llama_context:  CUDA_Host  output buffer size =     0.58 MiB
llama_kv_cache: layer   0: dev = CPU
llama_kv_cache: layer   1: dev = CPU
llama_kv_cache: layer   2: dev = CPU
llama_kv_cache: layer   3: dev = CUDA0
llama_kv_cache: layer   4: dev = CUDA0
llama_kv_cache: layer   5: dev = CUDA0
llama_kv_cache: layer   6: dev = CUDA0
llama_kv_cache: layer   7: dev = CUDA0
llama_kv_cache: layer   8: dev = CUDA0
llama_kv_cache: layer   9: dev = CUDA0
llama_kv_cache: layer  10: dev = CUDA0
llama_kv_cache: layer  11: dev = CUDA0
llama_kv_cache: layer  12: dev = CUDA0
llama_kv_cache: layer  13: dev = CUDA0
llama_kv_cache: layer  14: dev = CUDA0
llama_kv_cache: layer  15: dev = CUDA0
llama_kv_cache: layer  16: dev = CUDA0
llama_kv_cache: layer  17: dev = CUDA0
llama_kv_cache: layer  18: dev = CUDA0
llama_kv_cache: layer  19: dev = CUDA0
llama_kv_cache: layer  20: dev = CUDA0
llama_kv_cache: layer  21: dev = CUDA0
llama_kv_cache: layer  22: dev = CUDA0
llama_kv_cache: layer  23: dev = CUDA0
llama_kv_cache: layer  24: dev = CUDA0
llama_kv_cache: layer  25: dev = CUDA0
llama_kv_cache: layer  26: dev = CUDA0
llama_kv_cache: layer  27: dev = CUDA0
llama_kv_cache:        CPU KV buffer size =     4.50 MiB
llama_kv_cache:      CUDA0 KV buffer size =    37.50 MiB
llama_kv_cache: size =   42.00 MiB (   768 cells,  28 layers,  1/1 seqs), K (f16):   21.00 MiB, V (f16):   21.00 MiB
llama_kv_cache: attn_rot_k = 0, n_embd_head_k_all = 128
llama_kv_cache: attn_rot_v = 0, n_embd_head_k_all = 128
llama_context: enumerating backends
llama_context: backend_ptrs.size() = 2
sched_reserve: reserving ...
sched_reserve: max_nodes = 2712
sched_reserve: reserving full memory module
sched_reserve: worst-case: n_tokens = 512, n_seqs = 1, n_outputs = 1
graph_reserve: reserving a graph for ubatch with n_tokens =    1, n_seqs =  1, n_outputs =    1
sched_reserve: Flash Attention was auto, set to enabled
sched_reserve: resolving fused Gated Delta Net support:
graph_reserve: reserving a graph for ubatch with n_tokens =    1, n_seqs =  1, n_outputs =    1
sched_reserve: fused Gated Delta Net (autoregressive) enabled
graph_reserve: reserving a graph for ubatch with n_tokens =   16, n_seqs =  1, n_outputs =   16
sched_reserve: fused Gated Delta Net (chunked) enabled
graph_reserve: reserving a graph for ubatch with n_tokens =  512, n_seqs =  1, n_outputs =  512
graph_reserve: reserving a graph for ubatch with n_tokens =    1, n_seqs =  1, n_outputs =    1
graph_reserve: reserving a graph for ubatch with n_tokens =  512, n_seqs =  1, n_outputs =  512
sched_reserve:      CUDA0 compute buffer size =   304.00 MiB
sched_reserve:  CUDA_Host compute buffer size =    14.76 MiB
sched_reserve: graph nodes  = 958
sched_reserve: graph splits = 44 (with bs=512), 2 (with bs=1)
sched_reserve: reserve took 16.10 ms, sched copies = 1
CUDA Graph id 21090 reused
ggml_backend_cuda_graph_compute: CUDA graph warmup complete
CUDA Graph id 21090 reused
CUDA Graph id 21090 reused
CUDA Graph id 21090 reused
CUDA Graph id 21090 reused
CUDA Graph id 21090 reused
CUDA Graph id 21090 reused
CUDA Graph id 21090 reused
CUDA Graph id 21090 reused
CUDA Graph id 21090 reused
CUDA Graph id 21090 reused
CUDA Graph id 21090 reused
CUDA Graph id 21090 reused
CUDA Graph id 21090 reused
CUDA Graph id 21090 reused
CUDA Graph id 21090 reused
CUDA Graph id 21090 reused
CUDA Graph id 21090 reused
CUDA Graph id 21090 reused
CUDA Graph id 21090 reused
CUDA Graph id 21090 reused
CUDA Graph id 21090 reused
CUDA Graph id 21090 reused
CUDA Graph id 21090 reused
CUDA Graph id 21090 reused
CUDA Graph id 21090 reused
CUDA Graph id 21090 reused
CUDA Graph id 21090 reused
CUDA Graph id 21090 reused
CUDA Graph id 21090 reused
CUDA Graph id 21090 reused
CUDA Graph id 21090 reused
CUDA Graph id 21090 reused
CUDA Graph id 21090 reused
CUDA Graph id 21090 reused
CUDA Graph id 21090 reused
CUDA Graph id 21090 reused
CUDA Graph id 21090 reused
CUDA Graph id 21090 reused
CUDA Graph id 21090 reused
CUDA Graph id 21090 reused
CUDA Graph id 21090 reused
CUDA Graph id 21090 reused
CUDA Graph id 21090 reused
CUDA Graph id 21090 reused
CUDA Graph id 21090 reused
CUDA Graph id 21090 reused
CUDA Graph id 21090 reused
CUDA Graph id 21090 reused
CUDA Graph id 21090 reused
~llama_context:      CUDA0 compute buffer size is 304.0000 MiB, matches expectation of 304.0000 MiB
~llama_context:  CUDA_Host compute buffer size is  14.7637 MiB, matches expectation of  14.7637 MiB
llama_context: constructing llama_context
llama_context: n_seq_max     = 1
llama_context: n_ctx         = 768
llama_context: n_ctx_seq     = 768
llama_context: n_batch       = 685
llama_context: n_ubatch      = 512
llama_context: causal_attn   = 1
llama_context: flash_attn    = auto
llama_context: kv_unified    = false
llama_context: freq_base     = 1000000.0
llama_context: freq_scale    = 1
llama_context: n_rs_seq      = 0
llama_context: n_outputs_max = 685
llama_context: n_ctx_seq (768) < n_ctx_train (32768) -- the full capacity of the model will not be utilized
set_abort_callback: call
llama_context:  CUDA_Host  output buffer size =     0.58 MiB
llama_kv_cache: layer   0: dev = CPU
llama_kv_cache: layer   1: dev = CPU
llama_kv_cache: layer   2: dev = CPU
llama_kv_cache: layer   3: dev = CUDA0
llama_kv_cache: layer   4: dev = CUDA0
llama_kv_cache: layer   5: dev = CUDA0
llama_kv_cache: layer   6: dev = CUDA0
llama_kv_cache: layer   7: dev = CUDA0
llama_kv_cache: layer   8: dev = CUDA0
llama_kv_cache: layer   9: dev = CUDA0
llama_kv_cache: layer  10: dev = CUDA0
llama_kv_cache: layer  11: dev = CUDA0
llama_kv_cache: layer  12: dev = CUDA0
llama_kv_cache: layer  13: dev = CUDA0
llama_kv_cache: layer  14: dev = CUDA0
llama_kv_cache: layer  15: dev = CUDA0
llama_kv_cache: layer  16: dev = CUDA0
llama_kv_cache: layer  17: dev = CUDA0
llama_kv_cache: layer  18: dev = CUDA0
llama_kv_cache: layer  19: dev = CUDA0
llama_kv_cache: layer  20: dev = CUDA0
llama_kv_cache: layer  21: dev = CUDA0
llama_kv_cache: layer  22: dev = CUDA0
llama_kv_cache: layer  23: dev = CUDA0
llama_kv_cache: layer  24: dev = CUDA0
llama_kv_cache: layer  25: dev = CUDA0
llama_kv_cache: layer  26: dev = CUDA0
llama_kv_cache: layer  27: dev = CUDA0
llama_kv_cache:        CPU KV buffer size =     4.50 MiB
llama_kv_cache:      CUDA0 KV buffer size =    37.50 MiB
llama_kv_cache: size =   42.00 MiB (   768 cells,  28 layers,  1/1 seqs), K (f16):   21.00 MiB, V (f16):   21.00 MiB
llama_kv_cache: attn_rot_k = 0, n_embd_head_k_all = 128
llama_kv_cache: attn_rot_v = 0, n_embd_head_k_all = 128
llama_context: enumerating backends
llama_context: backend_ptrs.size() = 2
sched_reserve: reserving ...
sched_reserve: max_nodes = 2712
sched_reserve: reserving full memory module
sched_reserve: worst-case: n_tokens = 512, n_seqs = 1, n_outputs = 1
graph_reserve: reserving a graph for ubatch with n_tokens =    1, n_seqs =  1, n_outputs =    1
sched_reserve: Flash Attention was auto, set to enabled
sched_reserve: resolving fused Gated Delta Net support:
graph_reserve: reserving a graph for ubatch with n_tokens =    1, n_seqs =  1, n_outputs =    1
sched_reserve: fused Gated Delta Net (autoregressive) enabled
graph_reserve: reserving a graph for ubatch with n_tokens =   16, n_seqs =  1, n_outputs =   16
sched_reserve: fused Gated Delta Net (chunked) enabled
graph_reserve: reserving a graph for ubatch with n_tokens =  512, n_seqs =  1, n_outputs =  512
graph_reserve: reserving a graph for ubatch with n_tokens =    1, n_seqs =  1, n_outputs =    1
graph_reserve: reserving a graph for ubatch with n_tokens =  512, n_seqs =  1, n_outputs =  512
sched_reserve:      CUDA0 compute buffer size =   304.00 MiB
sched_reserve:  CUDA_Host compute buffer size =    14.76 MiB
sched_reserve: graph nodes  = 958
sched_reserve: graph splits = 44 (with bs=512), 2 (with bs=1)
sched_reserve: reserve took 16.05 ms, sched copies = 1
CUDA Graph id 21240 reused
ggml_backend_cuda_graph_compute: CUDA graph warmup complete
CUDA Graph id 21240 reused
CUDA Graph id 21240 reused
CUDA Graph id 21240 reused
CUDA Graph id 21240 reused
CUDA Graph id 21240 reused
CUDA Graph id 21240 reused
CUDA Graph id 21240 reused
CUDA Graph id 21240 reused
CUDA Graph id 21240 reused
CUDA Graph id 21240 reused
CUDA Graph id 21240 reused
CUDA Graph id 21240 reused
CUDA Graph id 21240 reused
CUDA Graph id 21240 reused
CUDA Graph id 21240 reused
CUDA Graph id 21240 reused
CUDA Graph id 21240 reused
CUDA Graph id 21240 reused
CUDA Graph id 21240 reused
CUDA Graph id 21240 reused
CUDA Graph id 21240 reused
CUDA Graph id 21240 reused
CUDA Graph id 21240 reused
CUDA Graph id 21240 reused
CUDA Graph id 21240 reused
CUDA Graph id 21240 reused
CUDA Graph id 21240 reused
CUDA Graph id 21240 reused
CUDA Graph id 21240 reused
CUDA Graph id 21240 reused
~llama_context:      CUDA0 compute buffer size is 304.0000 MiB, matches expectation of 304.0000 MiB
~llama_context:  CUDA_Host compute buffer size is  14.7637 MiB, matches expectation of  14.7637 MiB
llama_context: constructing llama_context
llama_context: n_seq_max     = 1
llama_context: n_ctx         = 768
llama_context: n_ctx_seq     = 768
llama_context: n_batch       = 685
llama_context: n_ubatch      = 512
llama_context: causal_attn   = 1
llama_context: flash_attn    = auto
llama_context: kv_unified    = false
llama_context: freq_base     = 1000000.0
llama_context: freq_scale    = 1
llama_context: n_rs_seq      = 0
llama_context: n_outputs_max = 685
llama_context: n_ctx_seq (768) < n_ctx_train (32768) -- the full capacity of the model will not be utilized
set_abort_callback: call
llama_context:  CUDA_Host  output buffer size =     0.58 MiB
llama_kv_cache: layer   0: dev = CPU
llama_kv_cache: layer   1: dev = CPU
llama_kv_cache: layer   2: dev = CPU
llama_kv_cache: layer   3: dev = CUDA0
llama_kv_cache: layer   4: dev = CUDA0
llama_kv_cache: layer   5: dev = CUDA0
llama_kv_cache: layer   6: dev = CUDA0
llama_kv_cache: layer   7: dev = CUDA0
llama_kv_cache: layer   8: dev = CUDA0
llama_kv_cache: layer   9: dev = CUDA0
llama_kv_cache: layer  10: dev = CUDA0
llama_kv_cache: layer  11: dev = CUDA0
llama_kv_cache: layer  12: dev = CUDA0
llama_kv_cache: layer  13: dev = CUDA0
llama_kv_cache: layer  14: dev = CUDA0
llama_kv_cache: layer  15: dev = CUDA0
llama_kv_cache: layer  16: dev = CUDA0
llama_kv_cache: layer  17: dev = CUDA0
llama_kv_cache: layer  18: dev = CUDA0
llama_kv_cache: layer  19: dev = CUDA0
llama_kv_cache: layer  20: dev = CUDA0
llama_kv_cache: layer  21: dev = CUDA0
llama_kv_cache: layer  22: dev = CUDA0
llama_kv_cache: layer  23: dev = CUDA0
llama_kv_cache: layer  24: dev = CUDA0
llama_kv_cache: layer  25: dev = CUDA0
llama_kv_cache: layer  26: dev = CUDA0
llama_kv_cache: layer  27: dev = CUDA0
llama_kv_cache:        CPU KV buffer size =     4.50 MiB
llama_kv_cache:      CUDA0 KV buffer size =    37.50 MiB
llama_kv_cache: size =   42.00 MiB (   768 cells,  28 layers,  1/1 seqs), K (f16):   21.00 MiB, V (f16):   21.00 MiB
llama_kv_cache: attn_rot_k = 0, n_embd_head_k_all = 128
llama_kv_cache: attn_rot_v = 0, n_embd_head_k_all = 128
llama_context: enumerating backends
llama_context: backend_ptrs.size() = 2
sched_reserve: reserving ...
sched_reserve: max_nodes = 2712
sched_reserve: reserving full memory module
sched_reserve: worst-case: n_tokens = 512, n_seqs = 1, n_outputs = 1
graph_reserve: reserving a graph for ubatch with n_tokens =    1, n_seqs =  1, n_outputs =    1
sched_reserve: Flash Attention was auto, set to enabled
sched_reserve: resolving fused Gated Delta Net support:
graph_reserve: reserving a graph for ubatch with n_tokens =    1, n_seqs =  1, n_outputs =    1
sched_reserve: fused Gated Delta Net (autoregressive) enabled
graph_reserve: reserving a graph for ubatch with n_tokens =   16, n_seqs =  1, n_outputs =   16
sched_reserve: fused Gated Delta Net (chunked) enabled
graph_reserve: reserving a graph for ubatch with n_tokens =  512, n_seqs =  1, n_outputs =  512
graph_reserve: reserving a graph for ubatch with n_tokens =    1, n_seqs =  1, n_outputs =    1
graph_reserve: reserving a graph for ubatch with n_tokens =  512, n_seqs =  1, n_outputs =  512
sched_reserve:      CUDA0 compute buffer size =   304.00 MiB
sched_reserve:  CUDA_Host compute buffer size =    14.76 MiB
sched_reserve: graph nodes  = 958
sched_reserve: graph splits = 44 (with bs=512), 2 (with bs=1)
sched_reserve: reserve took 16.24 ms, sched copies = 1
CUDA Graph id 21390 reused
ggml_backend_cuda_graph_compute: CUDA graph warmup complete
CUDA Graph id 21390 reused
CUDA Graph id 21390 reused
CUDA Graph id 21390 reused
CUDA Graph id 21390 reused
CUDA Graph id 21390 reused
CUDA Graph id 21390 reused
CUDA Graph id 21390 reused
CUDA Graph id 21390 reused
CUDA Graph id 21390 reused
CUDA Graph id 21390 reused
CUDA Graph id 21390 reused
CUDA Graph id 21390 reused
CUDA Graph id 21390 reused
CUDA Graph id 21390 reused
CUDA Graph id 21390 reused
CUDA Graph id 21390 reused
CUDA Graph id 21390 reused
CUDA Graph id 21390 reused
CUDA Graph id 21390 reused
CUDA Graph id 21390 reused
CUDA Graph id 21390 reused
CUDA Graph id 21390 reused
CUDA Graph id 21390 reused
CUDA Graph id 21390 reused
CUDA Graph id 21390 reused
CUDA Graph id 21390 reused
CUDA Graph id 21390 reused
CUDA Graph id 21390 reused
CUDA Graph id 21390 reused
CUDA Graph id 21390 reused
~llama_context:      CUDA0 compute buffer size is 304.0000 MiB, matches expectation of 304.0000 MiB
~llama_context:  CUDA_Host compute buffer size is  14.7637 MiB, matches expectation of  14.7637 MiB
llama_context: constructing llama_context
llama_context: n_seq_max     = 1
llama_context: n_ctx         = 768
llama_context: n_ctx_seq     = 768
llama_context: n_batch       = 685
llama_context: n_ubatch      = 512
llama_context: causal_attn   = 1
llama_context: flash_attn    = auto
llama_context: kv_unified    = false
llama_context: freq_base     = 1000000.0
llama_context: freq_scale    = 1
llama_context: n_rs_seq      = 0
llama_context: n_outputs_max = 685
llama_context: n_ctx_seq (768) < n_ctx_train (32768) -- the full capacity of the model will not be utilized
set_abort_callback: call
llama_context:  CUDA_Host  output buffer size =     0.58 MiB
llama_kv_cache: layer   0: dev = CPU
llama_kv_cache: layer   1: dev = CPU
llama_kv_cache: layer   2: dev = CPU
llama_kv_cache: layer   3: dev = CUDA0
llama_kv_cache: layer   4: dev = CUDA0
llama_kv_cache: layer   5: dev = CUDA0
llama_kv_cache: layer   6: dev = CUDA0
llama_kv_cache: layer   7: dev = CUDA0
llama_kv_cache: layer   8: dev = CUDA0
llama_kv_cache: layer   9: dev = CUDA0
llama_kv_cache: layer  10: dev = CUDA0
llama_kv_cache: layer  11: dev = CUDA0
llama_kv_cache: layer  12: dev = CUDA0
llama_kv_cache: layer  13: dev = CUDA0
llama_kv_cache: layer  14: dev = CUDA0
llama_kv_cache: layer  15: dev = CUDA0
llama_kv_cache: layer  16: dev = CUDA0
llama_kv_cache: layer  17: dev = CUDA0
llama_kv_cache: layer  18: dev = CUDA0
llama_kv_cache: layer  19: dev = CUDA0
llama_kv_cache: layer  20: dev = CUDA0
llama_kv_cache: layer  21: dev = CUDA0
llama_kv_cache: layer  22: dev = CUDA0
llama_kv_cache: layer  23: dev = CUDA0
llama_kv_cache: layer  24: dev = CUDA0
llama_kv_cache: layer  25: dev = CUDA0
llama_kv_cache: layer  26: dev = CUDA0
llama_kv_cache: layer  27: dev = CUDA0
llama_kv_cache:        CPU KV buffer size =     4.50 MiB
llama_kv_cache:      CUDA0 KV buffer size =    37.50 MiB
llama_kv_cache: size =   42.00 MiB (   768 cells,  28 layers,  1/1 seqs), K (f16):   21.00 MiB, V (f16):   21.00 MiB
llama_kv_cache: attn_rot_k = 0, n_embd_head_k_all = 128
llama_kv_cache: attn_rot_v = 0, n_embd_head_k_all = 128
llama_context: enumerating backends
llama_context: backend_ptrs.size() = 2
sched_reserve: reserving ...
sched_reserve: max_nodes = 2712
sched_reserve: reserving full memory module
sched_reserve: worst-case: n_tokens = 512, n_seqs = 1, n_outputs = 1
graph_reserve: reserving a graph for ubatch with n_tokens =    1, n_seqs =  1, n_outputs =    1
sched_reserve: Flash Attention was auto, set to enabled
sched_reserve: resolving fused Gated Delta Net support:
graph_reserve: reserving a graph for ubatch with n_tokens =    1, n_seqs =  1, n_outputs =    1
sched_reserve: fused Gated Delta Net (autoregressive) enabled
graph_reserve: reserving a graph for ubatch with n_tokens =   16, n_seqs =  1, n_outputs =   16
sched_reserve: fused Gated Delta Net (chunked) enabled
graph_reserve: reserving a graph for ubatch with n_tokens =  512, n_seqs =  1, n_outputs =  512
graph_reserve: reserving a graph for ubatch with n_tokens =    1, n_seqs =  1, n_outputs =    1
graph_reserve: reserving a graph for ubatch with n_tokens =  512, n_seqs =  1, n_outputs =  512
sched_reserve:      CUDA0 compute buffer size =   304.00 MiB
sched_reserve:  CUDA_Host compute buffer size =    14.76 MiB
sched_reserve: graph nodes  = 958
sched_reserve: graph splits = 44 (with bs=512), 2 (with bs=1)
sched_reserve: reserve took 18.51 ms, sched copies = 1
CUDA Graph id 21540 reused
ggml_backend_cuda_graph_compute: CUDA graph warmup complete
CUDA Graph id 21540 reused
CUDA Graph id 21540 reused
CUDA Graph id 21540 reused
CUDA Graph id 21540 reused
CUDA Graph id 21540 reused
CUDA Graph id 21540 reused
CUDA Graph id 21540 reused
CUDA Graph id 21540 reused
CUDA Graph id 21540 reused
CUDA Graph id 21540 reused
CUDA Graph id 21540 reused
CUDA Graph id 21540 reused
CUDA Graph id 21540 reused
CUDA Graph id 21540 reused
CUDA Graph id 21540 reused
CUDA Graph id 21540 reused
CUDA Graph id 21540 reused
CUDA Graph id 21540 reused
CUDA Graph id 21540 reused
CUDA Graph id 21540 reused
CUDA Graph id 21540 reused
CUDA Graph id 21540 reused
CUDA Graph id 21540 reused
CUDA Graph id 21540 reused
CUDA Graph id 21540 reused
CUDA Graph id 21540 reused
CUDA Graph id 21540 reused
CUDA Graph id 21540 reused
CUDA Graph id 21540 reused
CUDA Graph id 21540 reused
CUDA Graph id 21540 reused
CUDA Graph id 21540 reused
CUDA Graph id 21540 reused
CUDA Graph id 21540 reused
~llama_context:      CUDA0 compute buffer size is 304.0000 MiB, matches expectation of 304.0000 MiB
~llama_context:  CUDA_Host compute buffer size is  14.7637 MiB, matches expectation of  14.7637 MiB
llama_context: constructing llama_context
llama_context: n_seq_max     = 1
llama_context: n_ctx         = 768
llama_context: n_ctx_seq     = 768
llama_context: n_batch       = 685
llama_context: n_ubatch      = 512
llama_context: causal_attn   = 1
llama_context: flash_attn    = auto
llama_context: kv_unified    = false
llama_context: freq_base     = 1000000.0
llama_context: freq_scale    = 1
llama_context: n_rs_seq      = 0
llama_context: n_outputs_max = 685
llama_context: n_ctx_seq (768) < n_ctx_train (32768) -- the full capacity of the model will not be utilized
set_abort_callback: call
llama_context:  CUDA_Host  output buffer size =     0.58 MiB
llama_kv_cache: layer   0: dev = CPU
llama_kv_cache: layer   1: dev = CPU
llama_kv_cache: layer   2: dev = CPU
llama_kv_cache: layer   3: dev = CUDA0
llama_kv_cache: layer   4: dev = CUDA0
llama_kv_cache: layer   5: dev = CUDA0
llama_kv_cache: layer   6: dev = CUDA0
llama_kv_cache: layer   7: dev = CUDA0
llama_kv_cache: layer   8: dev = CUDA0
llama_kv_cache: layer   9: dev = CUDA0
llama_kv_cache: layer  10: dev = CUDA0
llama_kv_cache: layer  11: dev = CUDA0
llama_kv_cache: layer  12: dev = CUDA0
llama_kv_cache: layer  13: dev = CUDA0
llama_kv_cache: layer  14: dev = CUDA0
llama_kv_cache: layer  15: dev = CUDA0
llama_kv_cache: layer  16: dev = CUDA0
llama_kv_cache: layer  17: dev = CUDA0
llama_kv_cache: layer  18: dev = CUDA0
llama_kv_cache: layer  19: dev = CUDA0
llama_kv_cache: layer  20: dev = CUDA0
llama_kv_cache: layer  21: dev = CUDA0
llama_kv_cache: layer  22: dev = CUDA0
llama_kv_cache: layer  23: dev = CUDA0
llama_kv_cache: layer  24: dev = CUDA0
llama_kv_cache: layer  25: dev = CUDA0
llama_kv_cache: layer  26: dev = CUDA0
llama_kv_cache: layer  27: dev = CUDA0
llama_kv_cache:        CPU KV buffer size =     4.50 MiB
llama_kv_cache:      CUDA0 KV buffer size =    37.50 MiB
llama_kv_cache: size =   42.00 MiB (   768 cells,  28 layers,  1/1 seqs), K (f16):   21.00 MiB, V (f16):   21.00 MiB
llama_kv_cache: attn_rot_k = 0, n_embd_head_k_all = 128
llama_kv_cache: attn_rot_v = 0, n_embd_head_k_all = 128
llama_context: enumerating backends
llama_context: backend_ptrs.size() = 2
sched_reserve: reserving ...
sched_reserve: max_nodes = 2712
sched_reserve: reserving full memory module
sched_reserve: worst-case: n_tokens = 512, n_seqs = 1, n_outputs = 1
graph_reserve: reserving a graph for ubatch with n_tokens =    1, n_seqs =  1, n_outputs =    1
sched_reserve: Flash Attention was auto, set to enabled
sched_reserve: resolving fused Gated Delta Net support:
graph_reserve: reserving a graph for ubatch with n_tokens =    1, n_seqs =  1, n_outputs =    1
sched_reserve: fused Gated Delta Net (autoregressive) enabled
graph_reserve: reserving a graph for ubatch with n_tokens =   16, n_seqs =  1, n_outputs =   16
sched_reserve: fused Gated Delta Net (chunked) enabled
graph_reserve: reserving a graph for ubatch with n_tokens =  512, n_seqs =  1, n_outputs =  512
graph_reserve: reserving a graph for ubatch with n_tokens =    1, n_seqs =  1, n_outputs =    1
graph_reserve: reserving a graph for ubatch with n_tokens =  512, n_seqs =  1, n_outputs =  512
sched_reserve:      CUDA0 compute buffer size =   304.00 MiB
sched_reserve:  CUDA_Host compute buffer size =    14.76 MiB
sched_reserve: graph nodes  = 958
sched_reserve: graph splits = 44 (with bs=512), 2 (with bs=1)
sched_reserve: reserve took 12.88 ms, sched copies = 1
CUDA Graph id 21690 reused
ggml_backend_cuda_graph_compute: CUDA graph warmup complete
CUDA Graph id 21690 reused
CUDA Graph id 21690 reused
CUDA Graph id 21690 reused
CUDA Graph id 21690 reused
CUDA Graph id 21690 reused
CUDA Graph id 21690 reused
CUDA Graph id 21690 reused
CUDA Graph id 21690 reused
CUDA Graph id 21690 reused
CUDA Graph id 21690 reused
CUDA Graph id 21690 reused
CUDA Graph id 21690 reused
CUDA Graph id 21690 reused
CUDA Graph id 21690 reused
CUDA Graph id 21690 reused
CUDA Graph id 21690 reused
CUDA Graph id 21690 reused
CUDA Graph id 21690 reused
CUDA Graph id 21690 reused
CUDA Graph id 21690 reused
CUDA Graph id 21690 reused
CUDA Graph id 21690 reused
CUDA Graph id 21690 reused
CUDA Graph id 21690 reused
CUDA Graph id 21690 reused
CUDA Graph id 21690 reused
CUDA Graph id 21690 reused
CUDA Graph id 21690 reused
CUDA Graph id 21690 reused
CUDA Graph id 21690 reused
CUDA Graph id 21690 reused
CUDA Graph id 21690 reused
CUDA Graph id 21690 reused
CUDA Graph id 21690 reused
CUDA Graph id 21690 reused
CUDA Graph id 21690 reused
CUDA Graph id 21690 reused
CUDA Graph id 21690 reused
CUDA Graph id 21690 reused
CUDA Graph id 21690 reused
CUDA Graph id 21690 reused
CUDA Graph id 21690 reused
CUDA Graph id 21690 reused
CUDA Graph id 21690 reused
CUDA Graph id 21690 reused
CUDA Graph id 21690 reused
CUDA Graph id 21690 reused
CUDA Graph id 21690 reused
CUDA Graph id 21690 reused
CUDA Graph id 21690 reused
CUDA Graph id 21690 reused
CUDA Graph id 21690 reused
CUDA Graph id 21690 reused
CUDA Graph id 21690 reused
CUDA Graph id 21690 reused
CUDA Graph id 21690 reused
CUDA Graph id 21690 reused
CUDA Graph id 21690 reused
CUDA Graph id 21690 reused
CUDA Graph id 21690 reused
CUDA Graph id 21690 reused
CUDA Graph id 21690 reused
CUDA Graph id 21690 reused
CUDA Graph id 21690 reused
CUDA Graph id 21690 reused
CUDA Graph id 21690 reused
~llama_context:      CUDA0 compute buffer size is 304.0000 MiB, matches expectation of 304.0000 MiB
~llama_context:  CUDA_Host compute buffer size is  14.7637 MiB, matches expectation of  14.7637 MiB
schema 74/75 done
llama_context: constructing llama_context
llama_context: n_seq_max     = 1
llama_context: n_ctx         = 768
llama_context: n_ctx_seq     = 768
llama_context: n_batch       = 764
llama_context: n_ubatch      = 512
llama_context: causal_attn   = 1
llama_context: flash_attn    = auto
llama_context: kv_unified    = false
llama_context: freq_base     = 1000000.0
llama_context: freq_scale    = 1
llama_context: n_rs_seq      = 0
llama_context: n_outputs_max = 764
llama_context: n_ctx_seq (768) < n_ctx_train (32768) -- the full capacity of the model will not be utilized
set_abort_callback: call
llama_context:  CUDA_Host  output buffer size =     0.58 MiB
llama_kv_cache: layer   0: dev = CPU
llama_kv_cache: layer   1: dev = CPU
llama_kv_cache: layer   2: dev = CPU
llama_kv_cache: layer   3: dev = CUDA0
llama_kv_cache: layer   4: dev = CUDA0
llama_kv_cache: layer   5: dev = CUDA0
llama_kv_cache: layer   6: dev = CUDA0
llama_kv_cache: layer   7: dev = CUDA0
llama_kv_cache: layer   8: dev = CUDA0
llama_kv_cache: layer   9: dev = CUDA0
llama_kv_cache: layer  10: dev = CUDA0
llama_kv_cache: layer  11: dev = CUDA0
llama_kv_cache: layer  12: dev = CUDA0
llama_kv_cache: layer  13: dev = CUDA0
llama_kv_cache: layer  14: dev = CUDA0
llama_kv_cache: layer  15: dev = CUDA0
llama_kv_cache: layer  16: dev = CUDA0
llama_kv_cache: layer  17: dev = CUDA0
llama_kv_cache: layer  18: dev = CUDA0
llama_kv_cache: layer  19: dev = CUDA0
llama_kv_cache: layer  20: dev = CUDA0
llama_kv_cache: layer  21: dev = CUDA0
llama_kv_cache: layer  22: dev = CUDA0
llama_kv_cache: layer  23: dev = CUDA0
llama_kv_cache: layer  24: dev = CUDA0
llama_kv_cache: layer  25: dev = CUDA0
llama_kv_cache: layer  26: dev = CUDA0
llama_kv_cache: layer  27: dev = CUDA0
llama_kv_cache:        CPU KV buffer size =     4.50 MiB
llama_kv_cache:      CUDA0 KV buffer size =    37.50 MiB
llama_kv_cache: size =   42.00 MiB (   768 cells,  28 layers,  1/1 seqs), K (f16):   21.00 MiB, V (f16):   21.00 MiB
llama_kv_cache: attn_rot_k = 0, n_embd_head_k_all = 128
llama_kv_cache: attn_rot_v = 0, n_embd_head_k_all = 128
llama_context: enumerating backends
llama_context: backend_ptrs.size() = 2
sched_reserve: reserving ...
sched_reserve: max_nodes = 2712
sched_reserve: reserving full memory module
sched_reserve: worst-case: n_tokens = 512, n_seqs = 1, n_outputs = 1
graph_reserve: reserving a graph for ubatch with n_tokens =    1, n_seqs =  1, n_outputs =    1
sched_reserve: Flash Attention was auto, set to enabled
sched_reserve: resolving fused Gated Delta Net support:
graph_reserve: reserving a graph for ubatch with n_tokens =    1, n_seqs =  1, n_outputs =    1
sched_reserve: fused Gated Delta Net (autoregressive) enabled
graph_reserve: reserving a graph for ubatch with n_tokens =   16, n_seqs =  1, n_outputs =   16
sched_reserve: fused Gated Delta Net (chunked) enabled
graph_reserve: reserving a graph for ubatch with n_tokens =  512, n_seqs =  1, n_outputs =  512
graph_reserve: reserving a graph for ubatch with n_tokens =    1, n_seqs =  1, n_outputs =    1
graph_reserve: reserving a graph for ubatch with n_tokens =  512, n_seqs =  1, n_outputs =  512
sched_reserve:      CUDA0 compute buffer size =   304.00 MiB
sched_reserve:  CUDA_Host compute buffer size =    14.76 MiB
sched_reserve: graph nodes  = 958
sched_reserve: graph splits = 44 (with bs=512), 2 (with bs=1)
sched_reserve: reserve took 14.23 ms, sched copies = 1
CUDA Graph id 21840 reused
ggml_backend_cuda_graph_compute: CUDA graph warmup complete
CUDA Graph id 21840 reused
CUDA Graph id 21840 reused
CUDA Graph id 21840 reused
CUDA Graph id 21840 reused
CUDA Graph id 21840 reused
CUDA Graph id 21840 reused
CUDA Graph id 21840 reused
CUDA Graph id 21840 reused
CUDA Graph id 21840 reused
CUDA Graph id 21840 reused
ggml_backend_cuda_graph_compute: CUDA graph warmup reset
CUDA Graph id 21843 reused
ggml_backend_cuda_graph_compute: CUDA graph warmup complete
CUDA Graph id 21843 reused
CUDA Graph id 21843 reused
CUDA Graph id 21843 reused
CUDA Graph id 21843 reused
CUDA Graph id 21843 reused
CUDA Graph id 21843 reused
CUDA Graph id 21843 reused
CUDA Graph id 21843 reused
CUDA Graph id 21843 reused
CUDA Graph id 21843 reused
CUDA Graph id 21843 reused
CUDA Graph id 21843 reused
CUDA Graph id 21843 reused
CUDA Graph id 21843 reused
CUDA Graph id 21843 reused
CUDA Graph id 21843 reused
CUDA Graph id 21843 reused
CUDA Graph id 21843 reused
CUDA Graph id 21843 reused
CUDA Graph id 21843 reused
CUDA Graph id 21843 reused
CUDA Graph id 21843 reused
CUDA Graph id 21843 reused
CUDA Graph id 21843 reused
CUDA Graph id 21843 reused
CUDA Graph id 21843 reused
CUDA Graph id 21843 reused
CUDA Graph id 21843 reused
CUDA Graph id 21843 reused
CUDA Graph id 21843 reused
CUDA Graph id 21843 reused
CUDA Graph id 21843 reused
CUDA Graph id 21843 reused
CUDA Graph id 21843 reused
CUDA Graph id 21843 reused
CUDA Graph id 21843 reused
CUDA Graph id 21843 reused
CUDA Graph id 21843 reused
CUDA Graph id 21843 reused
CUDA Graph id 21843 reused
CUDA Graph id 21843 reused
CUDA Graph id 21843 reused
CUDA Graph id 21843 reused
CUDA Graph id 21843 reused
CUDA Graph id 21843 reused
CUDA Graph id 21843 reused
CUDA Graph id 21843 reused
CUDA Graph id 21843 reused
CUDA Graph id 21843 reused
CUDA Graph id 21843 reused
CUDA Graph id 21843 reused
CUDA Graph id 21843 reused
CUDA Graph id 21843 reused
CUDA Graph id 21843 reused
CUDA Graph id 21843 reused
CUDA Graph id 21843 reused
CUDA Graph id 21843 reused
CUDA Graph id 21843 reused
CUDA Graph id 21843 reused
CUDA Graph id 21843 reused
CUDA Graph id 21843 reused
CUDA Graph id 21843 reused
CUDA Graph id 21843 reused
CUDA Graph id 21843 reused
CUDA Graph id 21843 reused
CUDA Graph id 21843 reused
CUDA Graph id 21843 reused
CUDA Graph id 21843 reused
CUDA Graph id 21843 reused
CUDA Graph id 21843 reused
CUDA Graph id 21843 reused
CUDA Graph id 21843 reused
CUDA Graph id 21843 reused
CUDA Graph id 21843 reused
CUDA Graph id 21843 reused
CUDA Graph id 21843 reused
CUDA Graph id 21843 reused
~llama_context:      CUDA0 compute buffer size is 304.0000 MiB, matches expectation of 304.0000 MiB
~llama_context:  CUDA_Host compute buffer size is  14.7637 MiB, matches expectation of  14.7637 MiB
llama_context: constructing llama_context
llama_context: n_seq_max     = 1
llama_context: n_ctx         = 768
llama_context: n_ctx_seq     = 768
llama_context: n_batch       = 764
llama_context: n_ubatch      = 512
llama_context: causal_attn   = 1
llama_context: flash_attn    = auto
llama_context: kv_unified    = false
llama_context: freq_base     = 1000000.0
llama_context: freq_scale    = 1
llama_context: n_rs_seq      = 0
llama_context: n_outputs_max = 764
llama_context: n_ctx_seq (768) < n_ctx_train (32768) -- the full capacity of the model will not be utilized
set_abort_callback: call
llama_context:  CUDA_Host  output buffer size =     0.58 MiB
llama_kv_cache: layer   0: dev = CPU
llama_kv_cache: layer   1: dev = CPU
llama_kv_cache: layer   2: dev = CPU
llama_kv_cache: layer   3: dev = CUDA0
llama_kv_cache: layer   4: dev = CUDA0
llama_kv_cache: layer   5: dev = CUDA0
llama_kv_cache: layer   6: dev = CUDA0
llama_kv_cache: layer   7: dev = CUDA0
llama_kv_cache: layer   8: dev = CUDA0
llama_kv_cache: layer   9: dev = CUDA0
llama_kv_cache: layer  10: dev = CUDA0
llama_kv_cache: layer  11: dev = CUDA0
llama_kv_cache: layer  12: dev = CUDA0
llama_kv_cache: layer  13: dev = CUDA0
llama_kv_cache: layer  14: dev = CUDA0
llama_kv_cache: layer  15: dev = CUDA0
llama_kv_cache: layer  16: dev = CUDA0
llama_kv_cache: layer  17: dev = CUDA0
llama_kv_cache: layer  18: dev = CUDA0
llama_kv_cache: layer  19: dev = CUDA0
llama_kv_cache: layer  20: dev = CUDA0
llama_kv_cache: layer  21: dev = CUDA0
llama_kv_cache: layer  22: dev = CUDA0
llama_kv_cache: layer  23: dev = CUDA0
llama_kv_cache: layer  24: dev = CUDA0
llama_kv_cache: layer  25: dev = CUDA0
llama_kv_cache: layer  26: dev = CUDA0
llama_kv_cache: layer  27: dev = CUDA0
llama_kv_cache:        CPU KV buffer size =     4.50 MiB
llama_kv_cache:      CUDA0 KV buffer size =    37.50 MiB
llama_kv_cache: size =   42.00 MiB (   768 cells,  28 layers,  1/1 seqs), K (f16):   21.00 MiB, V (f16):   21.00 MiB
llama_kv_cache: attn_rot_k = 0, n_embd_head_k_all = 128
llama_kv_cache: attn_rot_v = 0, n_embd_head_k_all = 128
llama_context: enumerating backends
llama_context: backend_ptrs.size() = 2
sched_reserve: reserving ...
sched_reserve: max_nodes = 2712
sched_reserve: reserving full memory module
sched_reserve: worst-case: n_tokens = 512, n_seqs = 1, n_outputs = 1
graph_reserve: reserving a graph for ubatch with n_tokens =    1, n_seqs =  1, n_outputs =    1
sched_reserve: Flash Attention was auto, set to enabled
sched_reserve: resolving fused Gated Delta Net support:
graph_reserve: reserving a graph for ubatch with n_tokens =    1, n_seqs =  1, n_outputs =    1
sched_reserve: fused Gated Delta Net (autoregressive) enabled
graph_reserve: reserving a graph for ubatch with n_tokens =   16, n_seqs =  1, n_outputs =   16
sched_reserve: fused Gated Delta Net (chunked) enabled
graph_reserve: reserving a graph for ubatch with n_tokens =  512, n_seqs =  1, n_outputs =  512
graph_reserve: reserving a graph for ubatch with n_tokens =    1, n_seqs =  1, n_outputs =    1
graph_reserve: reserving a graph for ubatch with n_tokens =  512, n_seqs =  1, n_outputs =  512
sched_reserve:      CUDA0 compute buffer size =   304.00 MiB
sched_reserve:  CUDA_Host compute buffer size =    14.76 MiB
sched_reserve: graph nodes  = 958
sched_reserve: graph splits = 44 (with bs=512), 2 (with bs=1)
sched_reserve: reserve took 13.30 ms, sched copies = 1
CUDA Graph id 21993 reused
ggml_backend_cuda_graph_compute: CUDA graph warmup complete
CUDA Graph id 21993 reused
CUDA Graph id 21993 reused
CUDA Graph id 21993 reused
CUDA Graph id 21993 reused
CUDA Graph id 21993 reused
CUDA Graph id 21993 reused
CUDA Graph id 21993 reused
CUDA Graph id 21993 reused
CUDA Graph id 21993 reused
CUDA Graph id 21993 reused
ggml_backend_cuda_graph_compute: CUDA graph warmup reset
CUDA Graph id 21996 reused
ggml_backend_cuda_graph_compute: CUDA graph warmup complete
CUDA Graph id 21996 reused
CUDA Graph id 21996 reused
CUDA Graph id 21996 reused
CUDA Graph id 21996 reused
CUDA Graph id 21996 reused
CUDA Graph id 21996 reused
CUDA Graph id 21996 reused
CUDA Graph id 21996 reused
CUDA Graph id 21996 reused
CUDA Graph id 21996 reused
CUDA Graph id 21996 reused
CUDA Graph id 21996 reused
CUDA Graph id 21996 reused
CUDA Graph id 21996 reused
CUDA Graph id 21996 reused
CUDA Graph id 21996 reused
CUDA Graph id 21996 reused
CUDA Graph id 21996 reused
CUDA Graph id 21996 reused
CUDA Graph id 21996 reused
CUDA Graph id 21996 reused
CUDA Graph id 21996 reused
CUDA Graph id 21996 reused
CUDA Graph id 21996 reused
CUDA Graph id 21996 reused
CUDA Graph id 21996 reused
CUDA Graph id 21996 reused
CUDA Graph id 21996 reused
CUDA Graph id 21996 reused
CUDA Graph id 21996 reused
CUDA Graph id 21996 reused
CUDA Graph id 21996 reused
CUDA Graph id 21996 reused
CUDA Graph id 21996 reused
CUDA Graph id 21996 reused
CUDA Graph id 21996 reused
CUDA Graph id 21996 reused
CUDA Graph id 21996 reused
CUDA Graph id 21996 reused
CUDA Graph id 21996 reused
CUDA Graph id 21996 reused
CUDA Graph id 21996 reused
CUDA Graph id 21996 reused
CUDA Graph id 21996 reused
CUDA Graph id 21996 reused
CUDA Graph id 21996 reused
CUDA Graph id 21996 reused
CUDA Graph id 21996 reused
CUDA Graph id 21996 reused
CUDA Graph id 21996 reused
CUDA Graph id 21996 reused
CUDA Graph id 21996 reused
CUDA Graph id 21996 reused
CUDA Graph id 21996 reused
CUDA Graph id 21996 reused
CUDA Graph id 21996 reused
CUDA Graph id 21996 reused
CUDA Graph id 21996 reused
CUDA Graph id 21996 reused
CUDA Graph id 21996 reused
CUDA Graph id 21996 reused
CUDA Graph id 21996 reused
CUDA Graph id 21996 reused
CUDA Graph id 21996 reused
CUDA Graph id 21996 reused
CUDA Graph id 21996 reused
CUDA Graph id 21996 reused
CUDA Graph id 21996 reused
CUDA Graph id 21996 reused
CUDA Graph id 21996 reused
CUDA Graph id 21996 reused
CUDA Graph id 21996 reused
CUDA Graph id 21996 reused
CUDA Graph id 21996 reused
CUDA Graph id 21996 reused
CUDA Graph id 21996 reused
CUDA Graph id 21996 reused
~llama_context:      CUDA0 compute buffer size is 304.0000 MiB, matches expectation of 304.0000 MiB
~llama_context:  CUDA_Host compute buffer size is  14.7637 MiB, matches expectation of  14.7637 MiB
llama_context: constructing llama_context
llama_context: n_seq_max     = 1
llama_context: n_ctx         = 768
llama_context: n_ctx_seq     = 768
llama_context: n_batch       = 764
llama_context: n_ubatch      = 512
llama_context: causal_attn   = 1
llama_context: flash_attn    = auto
llama_context: kv_unified    = false
llama_context: freq_base     = 1000000.0
llama_context: freq_scale    = 1
llama_context: n_rs_seq      = 0
llama_context: n_outputs_max = 764
llama_context: n_ctx_seq (768) < n_ctx_train (32768) -- the full capacity of the model will not be utilized
set_abort_callback: call
llama_context:  CUDA_Host  output buffer size =     0.58 MiB
llama_kv_cache: layer   0: dev = CPU
llama_kv_cache: layer   1: dev = CPU
llama_kv_cache: layer   2: dev = CPU
llama_kv_cache: layer   3: dev = CUDA0
llama_kv_cache: layer   4: dev = CUDA0
llama_kv_cache: layer   5: dev = CUDA0
llama_kv_cache: layer   6: dev = CUDA0
llama_kv_cache: layer   7: dev = CUDA0
llama_kv_cache: layer   8: dev = CUDA0
llama_kv_cache: layer   9: dev = CUDA0
llama_kv_cache: layer  10: dev = CUDA0
llama_kv_cache: layer  11: dev = CUDA0
llama_kv_cache: layer  12: dev = CUDA0
llama_kv_cache: layer  13: dev = CUDA0
llama_kv_cache: layer  14: dev = CUDA0
llama_kv_cache: layer  15: dev = CUDA0
llama_kv_cache: layer  16: dev = CUDA0
llama_kv_cache: layer  17: dev = CUDA0
llama_kv_cache: layer  18: dev = CUDA0
llama_kv_cache: layer  19: dev = CUDA0
llama_kv_cache: layer  20: dev = CUDA0
llama_kv_cache: layer  21: dev = CUDA0
llama_kv_cache: layer  22: dev = CUDA0
llama_kv_cache: layer  23: dev = CUDA0
llama_kv_cache: layer  24: dev = CUDA0
llama_kv_cache: layer  25: dev = CUDA0
llama_kv_cache: layer  26: dev = CUDA0
llama_kv_cache: layer  27: dev = CUDA0
llama_kv_cache:        CPU KV buffer size =     4.50 MiB
llama_kv_cache:      CUDA0 KV buffer size =    37.50 MiB
llama_kv_cache: size =   42.00 MiB (   768 cells,  28 layers,  1/1 seqs), K (f16):   21.00 MiB, V (f16):   21.00 MiB
llama_kv_cache: attn_rot_k = 0, n_embd_head_k_all = 128
llama_kv_cache: attn_rot_v = 0, n_embd_head_k_all = 128
llama_context: enumerating backends
llama_context: backend_ptrs.size() = 2
sched_reserve: reserving ...
sched_reserve: max_nodes = 2712
sched_reserve: reserving full memory module
sched_reserve: worst-case: n_tokens = 512, n_seqs = 1, n_outputs = 1
graph_reserve: reserving a graph for ubatch with n_tokens =    1, n_seqs =  1, n_outputs =    1
sched_reserve: Flash Attention was auto, set to enabled
sched_reserve: resolving fused Gated Delta Net support:
graph_reserve: reserving a graph for ubatch with n_tokens =    1, n_seqs =  1, n_outputs =    1
sched_reserve: fused Gated Delta Net (autoregressive) enabled
graph_reserve: reserving a graph for ubatch with n_tokens =   16, n_seqs =  1, n_outputs =   16
sched_reserve: fused Gated Delta Net (chunked) enabled
graph_reserve: reserving a graph for ubatch with n_tokens =  512, n_seqs =  1, n_outputs =  512
graph_reserve: reserving a graph for ubatch with n_tokens =    1, n_seqs =  1, n_outputs =    1
graph_reserve: reserving a graph for ubatch with n_tokens =  512, n_seqs =  1, n_outputs =  512
sched_reserve:      CUDA0 compute buffer size =   304.00 MiB
sched_reserve:  CUDA_Host compute buffer size =    14.76 MiB
sched_reserve: graph nodes  = 958
sched_reserve: graph splits = 44 (with bs=512), 2 (with bs=1)
sched_reserve: reserve took 10.82 ms, sched copies = 1
CUDA Graph id 22146 reused
ggml_backend_cuda_graph_compute: CUDA graph warmup complete
CUDA Graph id 22146 reused
CUDA Graph id 22146 reused
CUDA Graph id 22146 reused
CUDA Graph id 22146 reused
CUDA Graph id 22146 reused
CUDA Graph id 22146 reused
CUDA Graph id 22146 reused
CUDA Graph id 22146 reused
CUDA Graph id 22146 reused
CUDA Graph id 22146 reused
ggml_backend_cuda_graph_compute: CUDA graph warmup reset
CUDA Graph id 22149 reused
ggml_backend_cuda_graph_compute: CUDA graph warmup complete
CUDA Graph id 22149 reused
CUDA Graph id 22149 reused
CUDA Graph id 22149 reused
CUDA Graph id 22149 reused
CUDA Graph id 22149 reused
CUDA Graph id 22149 reused
CUDA Graph id 22149 reused
CUDA Graph id 22149 reused
CUDA Graph id 22149 reused
CUDA Graph id 22149 reused
CUDA Graph id 22149 reused
CUDA Graph id 22149 reused
CUDA Graph id 22149 reused
CUDA Graph id 22149 reused
CUDA Graph id 22149 reused
CUDA Graph id 22149 reused
CUDA Graph id 22149 reused
CUDA Graph id 22149 reused
CUDA Graph id 22149 reused
CUDA Graph id 22149 reused
CUDA Graph id 22149 reused
CUDA Graph id 22149 reused
CUDA Graph id 22149 reused
CUDA Graph id 22149 reused
CUDA Graph id 22149 reused
CUDA Graph id 22149 reused
CUDA Graph id 22149 reused
CUDA Graph id 22149 reused
CUDA Graph id 22149 reused
CUDA Graph id 22149 reused
CUDA Graph id 22149 reused
CUDA Graph id 22149 reused
CUDA Graph id 22149 reused
CUDA Graph id 22149 reused
CUDA Graph id 22149 reused
CUDA Graph id 22149 reused
CUDA Graph id 22149 reused
CUDA Graph id 22149 reused
CUDA Graph id 22149 reused
CUDA Graph id 22149 reused
CUDA Graph id 22149 reused
CUDA Graph id 22149 reused
CUDA Graph id 22149 reused
CUDA Graph id 22149 reused
CUDA Graph id 22149 reused
CUDA Graph id 22149 reused
CUDA Graph id 22149 reused
CUDA Graph id 22149 reused
CUDA Graph id 22149 reused
CUDA Graph id 22149 reused
CUDA Graph id 22149 reused
CUDA Graph id 22149 reused
CUDA Graph id 22149 reused
CUDA Graph id 22149 reused
CUDA Graph id 22149 reused
CUDA Graph id 22149 reused
CUDA Graph id 22149 reused
CUDA Graph id 22149 reused
CUDA Graph id 22149 reused
CUDA Graph id 22149 reused
CUDA Graph id 22149 reused
CUDA Graph id 22149 reused
~llama_context:      CUDA0 compute buffer size is 304.0000 MiB, matches expectation of 304.0000 MiB
~llama_context:  CUDA_Host compute buffer size is  14.7637 MiB, matches expectation of  14.7637 MiB
llama_context: constructing llama_context
llama_context: n_seq_max     = 1
llama_context: n_ctx         = 768
llama_context: n_ctx_seq     = 768
llama_context: n_batch       = 764
llama_context: n_ubatch      = 512
llama_context: causal_attn   = 1
llama_context: flash_attn    = auto
llama_context: kv_unified    = false
llama_context: freq_base     = 1000000.0
llama_context: freq_scale    = 1
llama_context: n_rs_seq      = 0
llama_context: n_outputs_max = 764
llama_context: n_ctx_seq (768) < n_ctx_train (32768) -- the full capacity of the model will not be utilized
set_abort_callback: call
llama_context:  CUDA_Host  output buffer size =     0.58 MiB
llama_kv_cache: layer   0: dev = CPU
llama_kv_cache: layer   1: dev = CPU
llama_kv_cache: layer   2: dev = CPU
llama_kv_cache: layer   3: dev = CUDA0
llama_kv_cache: layer   4: dev = CUDA0
llama_kv_cache: layer   5: dev = CUDA0
llama_kv_cache: layer   6: dev = CUDA0
llama_kv_cache: layer   7: dev = CUDA0
llama_kv_cache: layer   8: dev = CUDA0
llama_kv_cache: layer   9: dev = CUDA0
llama_kv_cache: layer  10: dev = CUDA0
llama_kv_cache: layer  11: dev = CUDA0
llama_kv_cache: layer  12: dev = CUDA0
llama_kv_cache: layer  13: dev = CUDA0
llama_kv_cache: layer  14: dev = CUDA0
llama_kv_cache: layer  15: dev = CUDA0
llama_kv_cache: layer  16: dev = CUDA0
llama_kv_cache: layer  17: dev = CUDA0
llama_kv_cache: layer  18: dev = CUDA0
llama_kv_cache: layer  19: dev = CUDA0
llama_kv_cache: layer  20: dev = CUDA0
llama_kv_cache: layer  21: dev = CUDA0
llama_kv_cache: layer  22: dev = CUDA0
llama_kv_cache: layer  23: dev = CUDA0
llama_kv_cache: layer  24: dev = CUDA0
llama_kv_cache: layer  25: dev = CUDA0
llama_kv_cache: layer  26: dev = CUDA0
llama_kv_cache: layer  27: dev = CUDA0
llama_kv_cache:        CPU KV buffer size =     4.50 MiB
llama_kv_cache:      CUDA0 KV buffer size =    37.50 MiB
llama_kv_cache: size =   42.00 MiB (   768 cells,  28 layers,  1/1 seqs), K (f16):   21.00 MiB, V (f16):   21.00 MiB
llama_kv_cache: attn_rot_k = 0, n_embd_head_k_all = 128
llama_kv_cache: attn_rot_v = 0, n_embd_head_k_all = 128
llama_context: enumerating backends
llama_context: backend_ptrs.size() = 2
sched_reserve: reserving ...
sched_reserve: max_nodes = 2712
sched_reserve: reserving full memory module
sched_reserve: worst-case: n_tokens = 512, n_seqs = 1, n_outputs = 1
graph_reserve: reserving a graph for ubatch with n_tokens =    1, n_seqs =  1, n_outputs =    1
sched_reserve: Flash Attention was auto, set to enabled
sched_reserve: resolving fused Gated Delta Net support:
graph_reserve: reserving a graph for ubatch with n_tokens =    1, n_seqs =  1, n_outputs =    1
sched_reserve: fused Gated Delta Net (autoregressive) enabled
graph_reserve: reserving a graph for ubatch with n_tokens =   16, n_seqs =  1, n_outputs =   16
sched_reserve: fused Gated Delta Net (chunked) enabled
graph_reserve: reserving a graph for ubatch with n_tokens =  512, n_seqs =  1, n_outputs =  512
graph_reserve: reserving a graph for ubatch with n_tokens =    1, n_seqs =  1, n_outputs =    1
graph_reserve: reserving a graph for ubatch with n_tokens =  512, n_seqs =  1, n_outputs =  512
sched_reserve:      CUDA0 compute buffer size =   304.00 MiB
sched_reserve:  CUDA_Host compute buffer size =    14.76 MiB
sched_reserve: graph nodes  = 958
sched_reserve: graph splits = 44 (with bs=512), 2 (with bs=1)
sched_reserve: reserve took 10.60 ms, sched copies = 1
CUDA Graph id 22299 reused
ggml_backend_cuda_graph_compute: CUDA graph warmup complete
CUDA Graph id 22299 reused
CUDA Graph id 22299 reused
CUDA Graph id 22299 reused
CUDA Graph id 22299 reused
CUDA Graph id 22299 reused
CUDA Graph id 22299 reused
CUDA Graph id 22299 reused
CUDA Graph id 22299 reused
CUDA Graph id 22299 reused
CUDA Graph id 22299 reused
ggml_backend_cuda_graph_compute: CUDA graph warmup reset
CUDA Graph id 22302 reused
ggml_backend_cuda_graph_compute: CUDA graph warmup complete
CUDA Graph id 22302 reused
CUDA Graph id 22302 reused
CUDA Graph id 22302 reused
CUDA Graph id 22302 reused
CUDA Graph id 22302 reused
CUDA Graph id 22302 reused
CUDA Graph id 22302 reused
CUDA Graph id 22302 reused
CUDA Graph id 22302 reused
CUDA Graph id 22302 reused
CUDA Graph id 22302 reused
CUDA Graph id 22302 reused
CUDA Graph id 22302 reused
CUDA Graph id 22302 reused
CUDA Graph id 22302 reused
CUDA Graph id 22302 reused
CUDA Graph id 22302 reused
CUDA Graph id 22302 reused
CUDA Graph id 22302 reused
CUDA Graph id 22302 reused
CUDA Graph id 22302 reused
CUDA Graph id 22302 reused
CUDA Graph id 22302 reused
CUDA Graph id 22302 reused
CUDA Graph id 22302 reused
CUDA Graph id 22302 reused
CUDA Graph id 22302 reused
CUDA Graph id 22302 reused
CUDA Graph id 22302 reused
CUDA Graph id 22302 reused
CUDA Graph id 22302 reused
CUDA Graph id 22302 reused
CUDA Graph id 22302 reused
CUDA Graph id 22302 reused
CUDA Graph id 22302 reused
CUDA Graph id 22302 reused
CUDA Graph id 22302 reused
CUDA Graph id 22302 reused
CUDA Graph id 22302 reused
CUDA Graph id 22302 reused
CUDA Graph id 22302 reused
CUDA Graph id 22302 reused
CUDA Graph id 22302 reused
CUDA Graph id 22302 reused
CUDA Graph id 22302 reused
CUDA Graph id 22302 reused
CUDA Graph id 22302 reused
CUDA Graph id 22302 reused
CUDA Graph id 22302 reused
CUDA Graph id 22302 reused
CUDA Graph id 22302 reused
CUDA Graph id 22302 reused
CUDA Graph id 22302 reused
CUDA Graph id 22302 reused
CUDA Graph id 22302 reused
CUDA Graph id 22302 reused
CUDA Graph id 22302 reused
CUDA Graph id 22302 reused
CUDA Graph id 22302 reused
CUDA Graph id 22302 reused
CUDA Graph id 22302 reused
~llama_context:      CUDA0 compute buffer size is 304.0000 MiB, matches expectation of 304.0000 MiB
~llama_context:  CUDA_Host compute buffer size is  14.7637 MiB, matches expectation of  14.7637 MiB
llama_context: constructing llama_context
llama_context: n_seq_max     = 1
llama_context: n_ctx         = 768
llama_context: n_ctx_seq     = 768
llama_context: n_batch       = 764
llama_context: n_ubatch      = 512
llama_context: causal_attn   = 1
llama_context: flash_attn    = auto
llama_context: kv_unified    = false
llama_context: freq_base     = 1000000.0
llama_context: freq_scale    = 1
llama_context: n_rs_seq      = 0
llama_context: n_outputs_max = 764
llama_context: n_ctx_seq (768) < n_ctx_train (32768) -- the full capacity of the model will not be utilized
set_abort_callback: call
llama_context:  CUDA_Host  output buffer size =     0.58 MiB
llama_kv_cache: layer   0: dev = CPU
llama_kv_cache: layer   1: dev = CPU
llama_kv_cache: layer   2: dev = CPU
llama_kv_cache: layer   3: dev = CUDA0
llama_kv_cache: layer   4: dev = CUDA0
llama_kv_cache: layer   5: dev = CUDA0
llama_kv_cache: layer   6: dev = CUDA0
llama_kv_cache: layer   7: dev = CUDA0
llama_kv_cache: layer   8: dev = CUDA0
llama_kv_cache: layer   9: dev = CUDA0
llama_kv_cache: layer  10: dev = CUDA0
llama_kv_cache: layer  11: dev = CUDA0
llama_kv_cache: layer  12: dev = CUDA0
llama_kv_cache: layer  13: dev = CUDA0
llama_kv_cache: layer  14: dev = CUDA0
llama_kv_cache: layer  15: dev = CUDA0
llama_kv_cache: layer  16: dev = CUDA0
llama_kv_cache: layer  17: dev = CUDA0
llama_kv_cache: layer  18: dev = CUDA0
llama_kv_cache: layer  19: dev = CUDA0
llama_kv_cache: layer  20: dev = CUDA0
llama_kv_cache: layer  21: dev = CUDA0
llama_kv_cache: layer  22: dev = CUDA0
llama_kv_cache: layer  23: dev = CUDA0
llama_kv_cache: layer  24: dev = CUDA0
llama_kv_cache: layer  25: dev = CUDA0
llama_kv_cache: layer  26: dev = CUDA0
llama_kv_cache: layer  27: dev = CUDA0
llama_kv_cache:        CPU KV buffer size =     4.50 MiB
llama_kv_cache:      CUDA0 KV buffer size =    37.50 MiB
llama_kv_cache: size =   42.00 MiB (   768 cells,  28 layers,  1/1 seqs), K (f16):   21.00 MiB, V (f16):   21.00 MiB
llama_kv_cache: attn_rot_k = 0, n_embd_head_k_all = 128
llama_kv_cache: attn_rot_v = 0, n_embd_head_k_all = 128
llama_context: enumerating backends
llama_context: backend_ptrs.size() = 2
sched_reserve: reserving ...
sched_reserve: max_nodes = 2712
sched_reserve: reserving full memory module
sched_reserve: worst-case: n_tokens = 512, n_seqs = 1, n_outputs = 1
graph_reserve: reserving a graph for ubatch with n_tokens =    1, n_seqs =  1, n_outputs =    1
sched_reserve: Flash Attention was auto, set to enabled
sched_reserve: resolving fused Gated Delta Net support:
graph_reserve: reserving a graph for ubatch with n_tokens =    1, n_seqs =  1, n_outputs =    1
sched_reserve: fused Gated Delta Net (autoregressive) enabled
graph_reserve: reserving a graph for ubatch with n_tokens =   16, n_seqs =  1, n_outputs =   16
sched_reserve: fused Gated Delta Net (chunked) enabled
graph_reserve: reserving a graph for ubatch with n_tokens =  512, n_seqs =  1, n_outputs =  512
graph_reserve: reserving a graph for ubatch with n_tokens =    1, n_seqs =  1, n_outputs =    1
graph_reserve: reserving a graph for ubatch with n_tokens =  512, n_seqs =  1, n_outputs =  512
sched_reserve:      CUDA0 compute buffer size =   304.00 MiB
sched_reserve:  CUDA_Host compute buffer size =    14.76 MiB
sched_reserve: graph nodes  = 958
sched_reserve: graph splits = 44 (with bs=512), 2 (with bs=1)
sched_reserve: reserve took 13.72 ms, sched copies = 1
CUDA Graph id 22452 reused
ggml_backend_cuda_graph_compute: CUDA graph warmup complete
CUDA Graph id 22452 reused
CUDA Graph id 22452 reused
CUDA Graph id 22452 reused
CUDA Graph id 22452 reused
CUDA Graph id 22452 reused
CUDA Graph id 22452 reused
CUDA Graph id 22452 reused
CUDA Graph id 22452 reused
CUDA Graph id 22452 reused
CUDA Graph id 22452 reused
ggml_backend_cuda_graph_compute: CUDA graph warmup reset
CUDA Graph id 22455 reused
ggml_backend_cuda_graph_compute: CUDA graph warmup complete
CUDA Graph id 22455 reused
CUDA Graph id 22455 reused
CUDA Graph id 22455 reused
CUDA Graph id 22455 reused
CUDA Graph id 22455 reused
CUDA Graph id 22455 reused
CUDA Graph id 22455 reused
CUDA Graph id 22455 reused
CUDA Graph id 22455 reused
CUDA Graph id 22455 reused
CUDA Graph id 22455 reused
CUDA Graph id 22455 reused
CUDA Graph id 22455 reused
CUDA Graph id 22455 reused
CUDA Graph id 22455 reused
CUDA Graph id 22455 reused
CUDA Graph id 22455 reused
CUDA Graph id 22455 reused
CUDA Graph id 22455 reused
CUDA Graph id 22455 reused
CUDA Graph id 22455 reused
CUDA Graph id 22455 reused
CUDA Graph id 22455 reused
CUDA Graph id 22455 reused
CUDA Graph id 22455 reused
CUDA Graph id 22455 reused
CUDA Graph id 22455 reused
CUDA Graph id 22455 reused
CUDA Graph id 22455 reused
CUDA Graph id 22455 reused
CUDA Graph id 22455 reused
CUDA Graph id 22455 reused
CUDA Graph id 22455 reused
CUDA Graph id 22455 reused
CUDA Graph id 22455 reused
CUDA Graph id 22455 reused
CUDA Graph id 22455 reused
CUDA Graph id 22455 reused
CUDA Graph id 22455 reused
CUDA Graph id 22455 reused
CUDA Graph id 22455 reused
~llama_context:      CUDA0 compute buffer size is 304.0000 MiB, matches expectation of 304.0000 MiB
~llama_context:  CUDA_Host compute buffer size is  14.7637 MiB, matches expectation of  14.7637 MiB
llama_context: constructing llama_context
llama_context: n_seq_max     = 1
llama_context: n_ctx         = 768
llama_context: n_ctx_seq     = 768
llama_context: n_batch       = 764
llama_context: n_ubatch      = 512
llama_context: causal_attn   = 1
llama_context: flash_attn    = auto
llama_context: kv_unified    = false
llama_context: freq_base     = 1000000.0
llama_context: freq_scale    = 1
llama_context: n_rs_seq      = 0
llama_context: n_outputs_max = 764
llama_context: n_ctx_seq (768) < n_ctx_train (32768) -- the full capacity of the model will not be utilized
set_abort_callback: call
llama_context:  CUDA_Host  output buffer size =     0.58 MiB
llama_kv_cache: layer   0: dev = CPU
llama_kv_cache: layer   1: dev = CPU
llama_kv_cache: layer   2: dev = CPU
llama_kv_cache: layer   3: dev = CUDA0
llama_kv_cache: layer   4: dev = CUDA0
llama_kv_cache: layer   5: dev = CUDA0
llama_kv_cache: layer   6: dev = CUDA0
llama_kv_cache: layer   7: dev = CUDA0
llama_kv_cache: layer   8: dev = CUDA0
llama_kv_cache: layer   9: dev = CUDA0
llama_kv_cache: layer  10: dev = CUDA0
llama_kv_cache: layer  11: dev = CUDA0
llama_kv_cache: layer  12: dev = CUDA0
llama_kv_cache: layer  13: dev = CUDA0
llama_kv_cache: layer  14: dev = CUDA0
llama_kv_cache: layer  15: dev = CUDA0
llama_kv_cache: layer  16: dev = CUDA0
llama_kv_cache: layer  17: dev = CUDA0
llama_kv_cache: layer  18: dev = CUDA0
llama_kv_cache: layer  19: dev = CUDA0
llama_kv_cache: layer  20: dev = CUDA0
llama_kv_cache: layer  21: dev = CUDA0
llama_kv_cache: layer  22: dev = CUDA0
llama_kv_cache: layer  23: dev = CUDA0
llama_kv_cache: layer  24: dev = CUDA0
llama_kv_cache: layer  25: dev = CUDA0
llama_kv_cache: layer  26: dev = CUDA0
llama_kv_cache: layer  27: dev = CUDA0
llama_kv_cache:        CPU KV buffer size =     4.50 MiB
llama_kv_cache:      CUDA0 KV buffer size =    37.50 MiB
llama_kv_cache: size =   42.00 MiB (   768 cells,  28 layers,  1/1 seqs), K (f16):   21.00 MiB, V (f16):   21.00 MiB
llama_kv_cache: attn_rot_k = 0, n_embd_head_k_all = 128
llama_kv_cache: attn_rot_v = 0, n_embd_head_k_all = 128
llama_context: enumerating backends
llama_context: backend_ptrs.size() = 2
sched_reserve: reserving ...
sched_reserve: max_nodes = 2712
sched_reserve: reserving full memory module
sched_reserve: worst-case: n_tokens = 512, n_seqs = 1, n_outputs = 1
graph_reserve: reserving a graph for ubatch with n_tokens =    1, n_seqs =  1, n_outputs =    1
sched_reserve: Flash Attention was auto, set to enabled
sched_reserve: resolving fused Gated Delta Net support:
graph_reserve: reserving a graph for ubatch with n_tokens =    1, n_seqs =  1, n_outputs =    1
sched_reserve: fused Gated Delta Net (autoregressive) enabled
graph_reserve: reserving a graph for ubatch with n_tokens =   16, n_seqs =  1, n_outputs =   16
sched_reserve: fused Gated Delta Net (chunked) enabled
graph_reserve: reserving a graph for ubatch with n_tokens =  512, n_seqs =  1, n_outputs =  512
graph_reserve: reserving a graph for ubatch with n_tokens =    1, n_seqs =  1, n_outputs =    1
graph_reserve: reserving a graph for ubatch with n_tokens =  512, n_seqs =  1, n_outputs =  512
sched_reserve:      CUDA0 compute buffer size =   304.00 MiB
sched_reserve:  CUDA_Host compute buffer size =    14.76 MiB
sched_reserve: graph nodes  = 958
sched_reserve: graph splits = 44 (with bs=512), 2 (with bs=1)
sched_reserve: reserve took 13.46 ms, sched copies = 1
CUDA Graph id 22605 reused
ggml_backend_cuda_graph_compute: CUDA graph warmup complete
CUDA Graph id 22605 reused
CUDA Graph id 22605 reused
CUDA Graph id 22605 reused
CUDA Graph id 22605 reused
CUDA Graph id 22605 reused
CUDA Graph id 22605 reused
CUDA Graph id 22605 reused
CUDA Graph id 22605 reused
CUDA Graph id 22605 reused
CUDA Graph id 22605 reused
ggml_backend_cuda_graph_compute: CUDA graph warmup reset
CUDA Graph id 22608 reused
ggml_backend_cuda_graph_compute: CUDA graph warmup complete
CUDA Graph id 22608 reused
CUDA Graph id 22608 reused
CUDA Graph id 22608 reused
CUDA Graph id 22608 reused
CUDA Graph id 22608 reused
CUDA Graph id 22608 reused
CUDA Graph id 22608 reused
CUDA Graph id 22608 reused
CUDA Graph id 22608 reused
CUDA Graph id 22608 reused
~llama_context:      CUDA0 compute buffer size is 304.0000 MiB, matches expectation of 304.0000 MiB
~llama_context:  CUDA_Host compute buffer size is  14.7637 MiB, matches expectation of  14.7637 MiB
schema 75/75 done
wrote results/smoke_llamacpp_bench/a2_chunks/a2_raw_050.json
