ggml_cuda_init: found 1 CUDA devices (Total VRAM: 24121 MiB):
  Device 0: NVIDIA GeForce RTX 3090, compute capability 8.6, VMM: yes, VRAM: 24121 MiB
llama_model_loader: loaded meta data with 33 key-value pairs and 339 tensors from models/qwen2.5-coder-7b-bf16.gguf (version GGUF V3 (latest))
llama_model_loader: Dumping metadata keys/values. Note: KV overrides do not apply in this output.
llama_model_loader: - kv   0:                       general.architecture str              = qwen2
llama_model_loader: - kv   1:                               general.type str              = model
llama_model_loader: - kv   2:                               general.name str              = 0396a76181e127dfc13e5c5ec48a8cee09938b02
llama_model_loader: - kv   3:                           general.finetune str              = 0396a76181e127dfc13e5c5ec48a8cee09938b02
llama_model_loader: - kv   4:                         general.size_label str              = 7.6B
llama_model_loader: - kv   5:                            general.license str              = apache-2.0
llama_model_loader: - kv   6:                       general.license.link str              = https://huggingface.co/Qwen/Qwen2.5-C...
llama_model_loader: - kv   7:                   general.base_model.count u32              = 1
llama_model_loader: - kv   8:                  general.base_model.0.name str              = Qwen2.5 7B
llama_model_loader: - kv   9:          general.base_model.0.organization str              = Qwen
llama_model_loader: - kv  10:              general.base_model.0.repo_url str              = https://huggingface.co/Qwen/Qwen2.5-7B
llama_model_loader: - kv  11:                               general.tags arr[str,5]       = ["code", "qwen", "qwen-coder", "codeq...
llama_model_loader: - kv  12:                          general.languages arr[str,1]       = ["en"]
llama_model_loader: - kv  13:                          qwen2.block_count u32              = 28
llama_model_loader: - kv  14:                       qwen2.context_length u32              = 32768
llama_model_loader: - kv  15:                     qwen2.embedding_length u32              = 3584
llama_model_loader: - kv  16:                  qwen2.feed_forward_length u32              = 18944
llama_model_loader: - kv  17:                 qwen2.attention.head_count u32              = 28
llama_model_loader: - kv  18:              qwen2.attention.head_count_kv u32              = 4
llama_model_loader: - kv  19:                       qwen2.rope.freq_base f32              = 1000000.000000
llama_model_loader: - kv  20:     qwen2.attention.layer_norm_rms_epsilon f32              = 0.000001
llama_model_loader: - kv  21:                          general.file_type u32              = 32
llama_model_loader: - kv  22:               general.quantization_version u32              = 2
llama_model_loader: - kv  23:                       tokenizer.ggml.model str              = gpt2
llama_model_loader: - kv  24:                         tokenizer.ggml.pre str              = qwen2
llama_model_loader: - kv  25:                      tokenizer.ggml.tokens arr[str,152064]  = ["!", "\"", "#", "$", "%", "&", "'", ...
llama_model_loader: - kv  26:                  tokenizer.ggml.token_type arr[i32,152064]  = [1, 1, 1, 1, 1, 1, 1, 1, 1, 1, 1, 1, ...
llama_model_loader: - kv  27:                      tokenizer.ggml.merges arr[str,151387]  = ["Ġ Ġ", "ĠĠ ĠĠ", "i n", "Ġ t",...
llama_model_loader: - kv  28:                tokenizer.ggml.eos_token_id u32              = 151643
llama_model_loader: - kv  29:            tokenizer.ggml.padding_token_id u32              = 151643
llama_model_loader: - kv  30:                tokenizer.ggml.bos_token_id u32              = 151643
llama_model_loader: - kv  31:               tokenizer.ggml.add_bos_token bool             = false
llama_model_loader: - kv  32:                    tokenizer.chat_template str              = {%- if tools %}\n    {{- '<|im_start|>...
llama_model_loader: - type  f32:  141 tensors
llama_model_loader: - type bf16:  198 tensors
print_info: file format = GGUF V3 (latest)
print_info: file type   = BF16
print_info: file size   = 14.19 GiB (16.00 BPW) 
llama_prepare_model_devices: using device CUDA0 (NVIDIA GeForce RTX 3090) (0000:61:00.0) - 23826 MiB free
init_tokenizer: initializing tokenizer for type 2
load: 0 unused tokens
load: control token: 151660 '<|fim_middle|>' is not marked as EOG
load: control token: 151659 '<|fim_prefix|>' is not marked as EOG
load: control token: 151653 '<|vision_end|>' is not marked as EOG
load: control token: 151648 '<|box_start|>' is not marked as EOG
load: control token: 151646 '<|object_ref_start|>' is not marked as EOG
load: control token: 151649 '<|box_end|>' is not marked as EOG
load: control-looking token: 128247 '</s>' was not control-type; this is probably a bug in the model. its type will be overridden
load: control token: 151655 '<|image_pad|>' is not marked as EOG
load: control token: 151651 '<|quad_end|>' is not marked as EOG
load: control token: 151647 '<|object_ref_end|>' is not marked as EOG
load: control token: 151652 '<|vision_start|>' is not marked as EOG
load: control token: 151654 '<|vision_pad|>' is not marked as EOG
load: control token: 151656 '<|video_pad|>' is not marked as EOG
load: control token: 151644 '<|im_start|>' is not marked as EOG
load: control token: 151661 '<|fim_suffix|>' is not marked as EOG
load: control token: 151650 '<|quad_start|>' is not marked as EOG
load: printing all EOG tokens:
load:   - 128247 ('</s>')
load:   - 151643 ('<|endoftext|>')
load:   - 151645 ('<|im_end|>')
load:   - 151662 ('<|fim_pad|>')
load:   - 151663 ('<|repo_name|>')
load:   - 151664 ('<|file_sep|>')
load: special tokens cache size = 23
load: token to piece cache size = 0.9310 MB
print_info: arch                  = qwen2
print_info: vocab_only            = 0
print_info: no_alloc              = 0
print_info: n_ctx_train           = 32768
print_info: n_embd_inp            = 3584
print_info: n_embd                = 3584
print_info: n_embd_out            = 3584
print_info: n_layer               = 28
print_info: n_layer_all           = 28
print_info: n_head                = 28
print_info: n_head_kv             = 4
print_info: n_rot                 = 128
print_info: n_swa                 = 0
print_info: is_swa_any            = 0
print_info: n_embd_head_k         = 128
print_info: n_embd_head_v         = 128
print_info: n_gqa                 = 7
print_info: n_embd_k_gqa          = 512
print_info: n_embd_v_gqa          = 512
print_info: f_norm_eps            = 0.0e+00
print_info: f_norm_rms_eps        = 1.0e-06
print_info: f_clamp_kqv           = 0.0e+00
print_info: f_max_alibi_bias      = 0.0e+00
print_info: f_logit_scale         = 0.0e+00
print_info: f_attn_scale          = 0.0e+00
print_info: f_attn_value_scale    = 0.0000
print_info: n_ff                  = 18944
print_info: n_expert              = 0
print_info: n_expert_used         = 0
print_info: n_expert_groups       = 0
print_info: n_group_used          = 0
print_info: causal attn           = 1
print_info: pooling type          = -1
print_info: rope type             = 2
print_info: rope scaling          = linear
print_info: freq_base_train       = 1000000.0
print_info: freq_scale_train      = 1
print_info: n_ctx_orig_yarn       = 32768
print_info: rope_yarn_log_mul     = 0.0000
print_info: rope_finetuned        = unknown
print_info: model type            = 7B
print_info: model params          = 7.62 B
print_info: general.name          = 0396a76181e127dfc13e5c5ec48a8cee09938b02
print_info: vocab type            = BPE
print_info: n_vocab               = 152064
print_info: n_merges              = 151387
print_info: BOS token             = 151643 '<|endoftext|>'
print_info: EOS token             = 151643 '<|endoftext|>'
print_info: EOT token             = 151645 '<|im_end|>'
print_info: PAD token             = 151643 '<|endoftext|>'
print_info: LF token              = 198 'Ċ'
print_info: FIM PRE token         = 151659 '<|fim_prefix|>'
print_info: FIM SUF token         = 151661 '<|fim_suffix|>'
print_info: FIM MID token         = 151660 '<|fim_middle|>'
print_info: FIM PAD token         = 151662 '<|fim_pad|>'
print_info: FIM REP token         = 151663 '<|repo_name|>'
print_info: FIM SEP token         = 151664 '<|file_sep|>'
print_info: EOG token             = 128247 '</s>'
print_info: EOG token             = 151643 '<|endoftext|>'
print_info: EOG token             = 151645 '<|im_end|>'
print_info: EOG token             = 151662 '<|fim_pad|>'
print_info: EOG token             = 151663 '<|repo_name|>'
print_info: EOG token             = 151664 '<|file_sep|>'
print_info: max token length      = 256
load_tensors: loading model tensors, this can take a while... (mmap = true, direct_io = false)
load_tensors: layer   0 assigned to device CPU, is_swa = 0
load_tensors: layer   1 assigned to device CPU, is_swa = 0
load_tensors: layer   2 assigned to device CPU, is_swa = 0
load_tensors: layer   3 assigned to device CUDA0, is_swa = 0
load_tensors: layer   4 assigned to device CUDA0, is_swa = 0
load_tensors: layer   5 assigned to device CUDA0, is_swa = 0
load_tensors: layer   6 assigned to device CUDA0, is_swa = 0
load_tensors: layer   7 assigned to device CUDA0, is_swa = 0
load_tensors: layer   8 assigned to device CUDA0, is_swa = 0
load_tensors: layer   9 assigned to device CUDA0, is_swa = 0
load_tensors: layer  10 assigned to device CUDA0, is_swa = 0
load_tensors: layer  11 assigned to device CUDA0, is_swa = 0
load_tensors: layer  12 assigned to device CUDA0, is_swa = 0
load_tensors: layer  13 assigned to device CUDA0, is_swa = 0
load_tensors: layer  14 assigned to device CUDA0, is_swa = 0
load_tensors: layer  15 assigned to device CUDA0, is_swa = 0
load_tensors: layer  16 assigned to device CUDA0, is_swa = 0
load_tensors: layer  17 assigned to device CUDA0, is_swa = 0
load_tensors: layer  18 assigned to device CUDA0, is_swa = 0
load_tensors: layer  19 assigned to device CUDA0, is_swa = 0
load_tensors: layer  20 assigned to device CUDA0, is_swa = 0
load_tensors: layer  21 assigned to device CUDA0, is_swa = 0
load_tensors: layer  22 assigned to device CUDA0, is_swa = 0
load_tensors: layer  23 assigned to device CUDA0, is_swa = 0
load_tensors: layer  24 assigned to device CUDA0, is_swa = 0
load_tensors: layer  25 assigned to device CUDA0, is_swa = 0
load_tensors: layer  26 assigned to device CUDA0, is_swa = 0
load_tensors: layer  27 assigned to device CUDA0, is_swa = 0
load_tensors: layer  28 assigned to device CUDA0, is_swa = 0
create_tensor: loading tensor token_embd.weight
create_tensor: loading tensor output_norm.weight
create_tensor: loading tensor output.weight
create_tensor: loading tensor blk.0.attn_norm.weight
create_tensor: loading tensor blk.0.attn_q.weight
create_tensor: loading tensor blk.0.attn_k.weight
create_tensor: loading tensor blk.0.attn_v.weight
create_tensor: loading tensor blk.0.attn_q.bias
create_tensor: loading tensor blk.0.attn_k.bias
create_tensor: loading tensor blk.0.attn_v.bias
create_tensor: loading tensor blk.0.attn_output.weight
create_tensor: loading tensor blk.0.ffn_norm.weight
create_tensor: loading tensor blk.0.ffn_gate.weight
create_tensor: loading tensor blk.0.ffn_down.weight
create_tensor: loading tensor blk.0.ffn_up.weight
create_tensor: loading tensor blk.1.attn_norm.weight
create_tensor: loading tensor blk.1.attn_q.weight
create_tensor: loading tensor blk.1.attn_k.weight
create_tensor: loading tensor blk.1.attn_v.weight
create_tensor: loading tensor blk.1.attn_q.bias
create_tensor: loading tensor blk.1.attn_k.bias
create_tensor: loading tensor blk.1.attn_v.bias
create_tensor: loading tensor blk.1.attn_output.weight
create_tensor: loading tensor blk.1.ffn_norm.weight
create_tensor: loading tensor blk.1.ffn_gate.weight
create_tensor: loading tensor blk.1.ffn_down.weight
create_tensor: loading tensor blk.1.ffn_up.weight
create_tensor: loading tensor blk.2.attn_norm.weight
create_tensor: loading tensor blk.2.attn_q.weight
create_tensor: loading tensor blk.2.attn_k.weight
create_tensor: loading tensor blk.2.attn_v.weight
create_tensor: loading tensor blk.2.attn_q.bias
create_tensor: loading tensor blk.2.attn_k.bias
create_tensor: loading tensor blk.2.attn_v.bias
create_tensor: loading tensor blk.2.attn_output.weight
create_tensor: loading tensor blk.2.ffn_norm.weight
create_tensor: loading tensor blk.2.ffn_gate.weight
create_tensor: loading tensor blk.2.ffn_down.weight
create_tensor: loading tensor blk.2.ffn_up.weight
create_tensor: loading tensor blk.3.attn_norm.weight
create_tensor: loading tensor blk.3.attn_q.weight
create_tensor: loading tensor blk.3.attn_k.weight
create_tensor: loading tensor blk.3.attn_v.weight
create_tensor: loading tensor blk.3.attn_q.bias
create_tensor: loading tensor blk.3.attn_k.bias
create_tensor: loading tensor blk.3.attn_v.bias
create_tensor: loading tensor blk.3.attn_output.weight
create_tensor: loading tensor blk.3.ffn_norm.weight
create_tensor: loading tensor blk.3.ffn_gate.weight
create_tensor: loading tensor blk.3.ffn_down.weight
create_tensor: loading tensor blk.3.ffn_up.weight
create_tensor: loading tensor blk.4.attn_norm.weight
create_tensor: loading tensor blk.4.attn_q.weight
create_tensor: loading tensor blk.4.attn_k.weight
create_tensor: loading tensor blk.4.attn_v.weight
create_tensor: loading tensor blk.4.attn_q.bias
create_tensor: loading tensor blk.4.attn_k.bias
create_tensor: loading tensor blk.4.attn_v.bias
create_tensor: loading tensor blk.4.attn_output.weight
create_tensor: loading tensor blk.4.ffn_norm.weight
create_tensor: loading tensor blk.4.ffn_gate.weight
create_tensor: loading tensor blk.4.ffn_down.weight
create_tensor: loading tensor blk.4.ffn_up.weight
create_tensor: loading tensor blk.5.attn_norm.weight
create_tensor: loading tensor blk.5.attn_q.weight
create_tensor: loading tensor blk.5.attn_k.weight
create_tensor: loading tensor blk.5.attn_v.weight
create_tensor: loading tensor blk.5.attn_q.bias
create_tensor: loading tensor blk.5.attn_k.bias
create_tensor: loading tensor blk.5.attn_v.bias
create_tensor: loading tensor blk.5.attn_output.weight
create_tensor: loading tensor blk.5.ffn_norm.weight
create_tensor: loading tensor blk.5.ffn_gate.weight
create_tensor: loading tensor blk.5.ffn_down.weight
create_tensor: loading tensor blk.5.ffn_up.weight
create_tensor: loading tensor blk.6.attn_norm.weight
create_tensor: loading tensor blk.6.attn_q.weight
create_tensor: loading tensor blk.6.attn_k.weight
create_tensor: loading tensor blk.6.attn_v.weight
create_tensor: loading tensor blk.6.attn_q.bias
create_tensor: loading tensor blk.6.attn_k.bias
create_tensor: loading tensor blk.6.attn_v.bias
create_tensor: loading tensor blk.6.attn_output.weight
create_tensor: loading tensor blk.6.ffn_norm.weight
create_tensor: loading tensor blk.6.ffn_gate.weight
create_tensor: loading tensor blk.6.ffn_down.weight
create_tensor: loading tensor blk.6.ffn_up.weight
create_tensor: loading tensor blk.7.attn_norm.weight
create_tensor: loading tensor blk.7.attn_q.weight
create_tensor: loading tensor blk.7.attn_k.weight
create_tensor: loading tensor blk.7.attn_v.weight
create_tensor: loading tensor blk.7.attn_q.bias
create_tensor: loading tensor blk.7.attn_k.bias
create_tensor: loading tensor blk.7.attn_v.bias
create_tensor: loading tensor blk.7.attn_output.weight
create_tensor: loading tensor blk.7.ffn_norm.weight
create_tensor: loading tensor blk.7.ffn_gate.weight
create_tensor: loading tensor blk.7.ffn_down.weight
create_tensor: loading tensor blk.7.ffn_up.weight
create_tensor: loading tensor blk.8.attn_norm.weight
create_tensor: loading tensor blk.8.attn_q.weight
create_tensor: loading tensor blk.8.attn_k.weight
create_tensor: loading tensor blk.8.attn_v.weight
create_tensor: loading tensor blk.8.attn_q.bias
create_tensor: loading tensor blk.8.attn_k.bias
create_tensor: loading tensor blk.8.attn_v.bias
create_tensor: loading tensor blk.8.attn_output.weight
create_tensor: loading tensor blk.8.ffn_norm.weight
create_tensor: loading tensor blk.8.ffn_gate.weight
create_tensor: loading tensor blk.8.ffn_down.weight
create_tensor: loading tensor blk.8.ffn_up.weight
create_tensor: loading tensor blk.9.attn_norm.weight
create_tensor: loading tensor blk.9.attn_q.weight
create_tensor: loading tensor blk.9.attn_k.weight
create_tensor: loading tensor blk.9.attn_v.weight
create_tensor: loading tensor blk.9.attn_q.bias
create_tensor: loading tensor blk.9.attn_k.bias
create_tensor: loading tensor blk.9.attn_v.bias
create_tensor: loading tensor blk.9.attn_output.weight
create_tensor: loading tensor blk.9.ffn_norm.weight
create_tensor: loading tensor blk.9.ffn_gate.weight
create_tensor: loading tensor blk.9.ffn_down.weight
create_tensor: loading tensor blk.9.ffn_up.weight
create_tensor: loading tensor blk.10.attn_norm.weight
create_tensor: loading tensor blk.10.attn_q.weight
create_tensor: loading tensor blk.10.attn_k.weight
create_tensor: loading tensor blk.10.attn_v.weight
create_tensor: loading tensor blk.10.attn_q.bias
create_tensor: loading tensor blk.10.attn_k.bias
create_tensor: loading tensor blk.10.attn_v.bias
create_tensor: loading tensor blk.10.attn_output.weight
create_tensor: loading tensor blk.10.ffn_norm.weight
create_tensor: loading tensor blk.10.ffn_gate.weight
create_tensor: loading tensor blk.10.ffn_down.weight
create_tensor: loading tensor blk.10.ffn_up.weight
create_tensor: loading tensor blk.11.attn_norm.weight
create_tensor: loading tensor blk.11.attn_q.weight
create_tensor: loading tensor blk.11.attn_k.weight
create_tensor: loading tensor blk.11.attn_v.weight
create_tensor: loading tensor blk.11.attn_q.bias
create_tensor: loading tensor blk.11.attn_k.bias
create_tensor: loading tensor blk.11.attn_v.bias
create_tensor: loading tensor blk.11.attn_output.weight
create_tensor: loading tensor blk.11.ffn_norm.weight
create_tensor: loading tensor blk.11.ffn_gate.weight
create_tensor: loading tensor blk.11.ffn_down.weight
create_tensor: loading tensor blk.11.ffn_up.weight
create_tensor: loading tensor blk.12.attn_norm.weight
create_tensor: loading tensor blk.12.attn_q.weight
create_tensor: loading tensor blk.12.attn_k.weight
create_tensor: loading tensor blk.12.attn_v.weight
create_tensor: loading tensor blk.12.attn_q.bias
create_tensor: loading tensor blk.12.attn_k.bias
create_tensor: loading tensor blk.12.attn_v.bias
create_tensor: loading tensor blk.12.attn_output.weight
create_tensor: loading tensor blk.12.ffn_norm.weight
create_tensor: loading tensor blk.12.ffn_gate.weight
create_tensor: loading tensor blk.12.ffn_down.weight
create_tensor: loading tensor blk.12.ffn_up.weight
create_tensor: loading tensor blk.13.attn_norm.weight
create_tensor: loading tensor blk.13.attn_q.weight
create_tensor: loading tensor blk.13.attn_k.weight
create_tensor: loading tensor blk.13.attn_v.weight
create_tensor: loading tensor blk.13.attn_q.bias
create_tensor: loading tensor blk.13.attn_k.bias
create_tensor: loading tensor blk.13.attn_v.bias
create_tensor: loading tensor blk.13.attn_output.weight
create_tensor: loading tensor blk.13.ffn_norm.weight
create_tensor: loading tensor blk.13.ffn_gate.weight
create_tensor: loading tensor blk.13.ffn_down.weight
create_tensor: loading tensor blk.13.ffn_up.weight
create_tensor: loading tensor blk.14.attn_norm.weight
create_tensor: loading tensor blk.14.attn_q.weight
create_tensor: loading tensor blk.14.attn_k.weight
create_tensor: loading tensor blk.14.attn_v.weight
create_tensor: loading tensor blk.14.attn_q.bias
create_tensor: loading tensor blk.14.attn_k.bias
create_tensor: loading tensor blk.14.attn_v.bias
create_tensor: loading tensor blk.14.attn_output.weight
create_tensor: loading tensor blk.14.ffn_norm.weight
create_tensor: loading tensor blk.14.ffn_gate.weight
create_tensor: loading tensor blk.14.ffn_down.weight
create_tensor: loading tensor blk.14.ffn_up.weight
create_tensor: loading tensor blk.15.attn_norm.weight
create_tensor: loading tensor blk.15.attn_q.weight
create_tensor: loading tensor blk.15.attn_k.weight
create_tensor: loading tensor blk.15.attn_v.weight
create_tensor: loading tensor blk.15.attn_q.bias
create_tensor: loading tensor blk.15.attn_k.bias
create_tensor: loading tensor blk.15.attn_v.bias
create_tensor: loading tensor blk.15.attn_output.weight
create_tensor: loading tensor blk.15.ffn_norm.weight
create_tensor: loading tensor blk.15.ffn_gate.weight
create_tensor: loading tensor blk.15.ffn_down.weight
create_tensor: loading tensor blk.15.ffn_up.weight
create_tensor: loading tensor blk.16.attn_norm.weight
create_tensor: loading tensor blk.16.attn_q.weight
create_tensor: loading tensor blk.16.attn_k.weight
create_tensor: loading tensor blk.16.attn_v.weight
create_tensor: loading tensor blk.16.attn_q.bias
create_tensor: loading tensor blk.16.attn_k.bias
create_tensor: loading tensor blk.16.attn_v.bias
create_tensor: loading tensor blk.16.attn_output.weight
create_tensor: loading tensor blk.16.ffn_norm.weight
create_tensor: loading tensor blk.16.ffn_gate.weight
create_tensor: loading tensor blk.16.ffn_down.weight
create_tensor: loading tensor blk.16.ffn_up.weight
create_tensor: loading tensor blk.17.attn_norm.weight
create_tensor: loading tensor blk.17.attn_q.weight
create_tensor: loading tensor blk.17.attn_k.weight
create_tensor: loading tensor blk.17.attn_v.weight
create_tensor: loading tensor blk.17.attn_q.bias
create_tensor: loading tensor blk.17.attn_k.bias
create_tensor: loading tensor blk.17.attn_v.bias
create_tensor: loading tensor blk.17.attn_output.weight
create_tensor: loading tensor blk.17.ffn_norm.weight
create_tensor: loading tensor blk.17.ffn_gate.weight
create_tensor: loading tensor blk.17.ffn_down.weight
create_tensor: loading tensor blk.17.ffn_up.weight
create_tensor: loading tensor blk.18.attn_norm.weight
create_tensor: loading tensor blk.18.attn_q.weight
create_tensor: loading tensor blk.18.attn_k.weight
create_tensor: loading tensor blk.18.attn_v.weight
create_tensor: loading tensor blk.18.attn_q.bias
create_tensor: loading tensor blk.18.attn_k.bias
create_tensor: loading tensor blk.18.attn_v.bias
create_tensor: loading tensor blk.18.attn_output.weight
create_tensor: loading tensor blk.18.ffn_norm.weight
create_tensor: loading tensor blk.18.ffn_gate.weight
create_tensor: loading tensor blk.18.ffn_down.weight
create_tensor: loading tensor blk.18.ffn_up.weight
create_tensor: loading tensor blk.19.attn_norm.weight
create_tensor: loading tensor blk.19.attn_q.weight
create_tensor: loading tensor blk.19.attn_k.weight
create_tensor: loading tensor blk.19.attn_v.weight
create_tensor: loading tensor blk.19.attn_q.bias
create_tensor: loading tensor blk.19.attn_k.bias
create_tensor: loading tensor blk.19.attn_v.bias
create_tensor: loading tensor blk.19.attn_output.weight
create_tensor: loading tensor blk.19.ffn_norm.weight
create_tensor: loading tensor blk.19.ffn_gate.weight
create_tensor: loading tensor blk.19.ffn_down.weight
create_tensor: loading tensor blk.19.ffn_up.weight
create_tensor: loading tensor blk.20.attn_norm.weight
create_tensor: loading tensor blk.20.attn_q.weight
create_tensor: loading tensor blk.20.attn_k.weight
create_tensor: loading tensor blk.20.attn_v.weight
create_tensor: loading tensor blk.20.attn_q.bias
create_tensor: loading tensor blk.20.attn_k.bias
create_tensor: loading tensor blk.20.attn_v.bias
create_tensor: loading tensor blk.20.attn_output.weight
create_tensor: loading tensor blk.20.ffn_norm.weight
create_tensor: loading tensor blk.20.ffn_gate.weight
create_tensor: loading tensor blk.20.ffn_down.weight
create_tensor: loading tensor blk.20.ffn_up.weight
create_tensor: loading tensor blk.21.attn_norm.weight
create_tensor: loading tensor blk.21.attn_q.weight
create_tensor: loading tensor blk.21.attn_k.weight
create_tensor: loading tensor blk.21.attn_v.weight
create_tensor: loading tensor blk.21.attn_q.bias
create_tensor: loading tensor blk.21.attn_k.bias
create_tensor: loading tensor blk.21.attn_v.bias
create_tensor: loading tensor blk.21.attn_output.weight
create_tensor: loading tensor blk.21.ffn_norm.weight
create_tensor: loading tensor blk.21.ffn_gate.weight
create_tensor: loading tensor blk.21.ffn_down.weight
create_tensor: loading tensor blk.21.ffn_up.weight
create_tensor: loading tensor blk.22.attn_norm.weight
create_tensor: loading tensor blk.22.attn_q.weight
create_tensor: loading tensor blk.22.attn_k.weight
create_tensor: loading tensor blk.22.attn_v.weight
create_tensor: loading tensor blk.22.attn_q.bias
create_tensor: loading tensor blk.22.attn_k.bias
create_tensor: loading tensor blk.22.attn_v.bias
create_tensor: loading tensor blk.22.attn_output.weight
create_tensor: loading tensor blk.22.ffn_norm.weight
create_tensor: loading tensor blk.22.ffn_gate.weight
create_tensor: loading tensor blk.22.ffn_down.weight
create_tensor: loading tensor blk.22.ffn_up.weight
create_tensor: loading tensor blk.23.attn_norm.weight
create_tensor: loading tensor blk.23.attn_q.weight
create_tensor: loading tensor blk.23.attn_k.weight
create_tensor: loading tensor blk.23.attn_v.weight
create_tensor: loading tensor blk.23.attn_q.bias
create_tensor: loading tensor blk.23.attn_k.bias
create_tensor: loading tensor blk.23.attn_v.bias
create_tensor: loading tensor blk.23.attn_output.weight
create_tensor: loading tensor blk.23.ffn_norm.weight
create_tensor: loading tensor blk.23.ffn_gate.weight
create_tensor: loading tensor blk.23.ffn_down.weight
create_tensor: loading tensor blk.23.ffn_up.weight
create_tensor: loading tensor blk.24.attn_norm.weight
create_tensor: loading tensor blk.24.attn_q.weight
create_tensor: loading tensor blk.24.attn_k.weight
create_tensor: loading tensor blk.24.attn_v.weight
create_tensor: loading tensor blk.24.attn_q.bias
create_tensor: loading tensor blk.24.attn_k.bias
create_tensor: loading tensor blk.24.attn_v.bias
create_tensor: loading tensor blk.24.attn_output.weight
create_tensor: loading tensor blk.24.ffn_norm.weight
create_tensor: loading tensor blk.24.ffn_gate.weight
create_tensor: loading tensor blk.24.ffn_down.weight
create_tensor: loading tensor blk.24.ffn_up.weight
create_tensor: loading tensor blk.25.attn_norm.weight
create_tensor: loading tensor blk.25.attn_q.weight
create_tensor: loading tensor blk.25.attn_k.weight
create_tensor: loading tensor blk.25.attn_v.weight
create_tensor: loading tensor blk.25.attn_q.bias
create_tensor: loading tensor blk.25.attn_k.bias
create_tensor: loading tensor blk.25.attn_v.bias
create_tensor: loading tensor blk.25.attn_output.weight
create_tensor: loading tensor blk.25.ffn_norm.weight
create_tensor: loading tensor blk.25.ffn_gate.weight
create_tensor: loading tensor blk.25.ffn_down.weight
create_tensor: loading tensor blk.25.ffn_up.weight
create_tensor: loading tensor blk.26.attn_norm.weight
create_tensor: loading tensor blk.26.attn_q.weight
create_tensor: loading tensor blk.26.attn_k.weight
create_tensor: loading tensor blk.26.attn_v.weight
create_tensor: loading tensor blk.26.attn_q.bias
create_tensor: loading tensor blk.26.attn_k.bias
create_tensor: loading tensor blk.26.attn_v.bias
create_tensor: loading tensor blk.26.attn_output.weight
create_tensor: loading tensor blk.26.ffn_norm.weight
create_tensor: loading tensor blk.26.ffn_gate.weight
create_tensor: loading tensor blk.26.ffn_down.weight
create_tensor: loading tensor blk.26.ffn_up.weight
create_tensor: loading tensor blk.27.attn_norm.weight
create_tensor: loading tensor blk.27.attn_q.weight
create_tensor: loading tensor blk.27.attn_k.weight
create_tensor: loading tensor blk.27.attn_v.weight
create_tensor: loading tensor blk.27.attn_q.bias
create_tensor: loading tensor blk.27.attn_k.bias
create_tensor: loading tensor blk.27.attn_v.bias
create_tensor: loading tensor blk.27.attn_output.weight
create_tensor: loading tensor blk.27.ffn_norm.weight
create_tensor: loading tensor blk.27.ffn_gate.weight
create_tensor: loading tensor blk.27.ffn_down.weight
create_tensor: loading tensor blk.27.ffn_up.weight
done_getting_tensors: tensor 'token_embd.weight' (bf16) (and 36 others) cannot be used with preferred buffer type CUDA_Host, using CPU instead
load_tensors: offloading output layer to GPU
load_tensors: offloading 25 repeating layers to GPU
load_tensors: offloaded 26/29 layers to GPU
load_tensors:   CPU_Mapped model buffer size =  2373.13 MiB
load_tensors:        CUDA0 model buffer size = 12153.14 MiB
........................................................................................
llama_context: constructing llama_context
llama_context: n_seq_max     = 1
llama_context: n_ctx         = 768
llama_context: n_ctx_seq     = 768
llama_context: n_batch       = 727
llama_context: n_ubatch      = 512
llama_context: causal_attn   = 1
llama_context: flash_attn    = auto
llama_context: kv_unified    = false
llama_context: freq_base     = 1000000.0
llama_context: freq_scale    = 1
llama_context: n_rs_seq      = 0
llama_context: n_outputs_max = 727
llama_context: n_ctx_seq (768) < n_ctx_train (32768) -- the full capacity of the model will not be utilized
set_abort_callback: call
llama_context:  CUDA_Host  output buffer size =     0.58 MiB
llama_kv_cache: layer   0: dev = CPU
llama_kv_cache: layer   1: dev = CPU
llama_kv_cache: layer   2: dev = CPU
llama_kv_cache: layer   3: dev = CUDA0
llama_kv_cache: layer   4: dev = CUDA0
llama_kv_cache: layer   5: dev = CUDA0
llama_kv_cache: layer   6: dev = CUDA0
llama_kv_cache: layer   7: dev = CUDA0
llama_kv_cache: layer   8: dev = CUDA0
llama_kv_cache: layer   9: dev = CUDA0
llama_kv_cache: layer  10: dev = CUDA0
llama_kv_cache: layer  11: dev = CUDA0
llama_kv_cache: layer  12: dev = CUDA0
llama_kv_cache: layer  13: dev = CUDA0
llama_kv_cache: layer  14: dev = CUDA0
llama_kv_cache: layer  15: dev = CUDA0
llama_kv_cache: layer  16: dev = CUDA0
llama_kv_cache: layer  17: dev = CUDA0
llama_kv_cache: layer  18: dev = CUDA0
llama_kv_cache: layer  19: dev = CUDA0
llama_kv_cache: layer  20: dev = CUDA0
llama_kv_cache: layer  21: dev = CUDA0
llama_kv_cache: layer  22: dev = CUDA0
llama_kv_cache: layer  23: dev = CUDA0
llama_kv_cache: layer  24: dev = CUDA0
llama_kv_cache: layer  25: dev = CUDA0
llama_kv_cache: layer  26: dev = CUDA0
llama_kv_cache: layer  27: dev = CUDA0
llama_kv_cache:        CPU KV buffer size =     4.50 MiB
llama_kv_cache:      CUDA0 KV buffer size =    37.50 MiB
llama_kv_cache: size =   42.00 MiB (   768 cells,  28 layers,  1/1 seqs), K (f16):   21.00 MiB, V (f16):   21.00 MiB
llama_kv_cache: attn_rot_k = 0, n_embd_head_k_all = 128
llama_kv_cache: attn_rot_v = 0, n_embd_head_k_all = 128
llama_context: enumerating backends
llama_context: backend_ptrs.size() = 2
sched_reserve: reserving ...
sched_reserve: max_nodes = 2712
sched_reserve: reserving full memory module
sched_reserve: worst-case: n_tokens = 512, n_seqs = 1, n_outputs = 1
graph_reserve: reserving a graph for ubatch with n_tokens =    1, n_seqs =  1, n_outputs =    1
sched_reserve: Flash Attention was auto, set to enabled
sched_reserve: resolving fused Gated Delta Net support:
graph_reserve: reserving a graph for ubatch with n_tokens =    1, n_seqs =  1, n_outputs =    1
sched_reserve: fused Gated Delta Net (autoregressive) enabled
graph_reserve: reserving a graph for ubatch with n_tokens =   16, n_seqs =  1, n_outputs =   16
sched_reserve: fused Gated Delta Net (chunked) enabled
graph_reserve: reserving a graph for ubatch with n_tokens =  512, n_seqs =  1, n_outputs =  512
graph_reserve: reserving a graph for ubatch with n_tokens =    1, n_seqs =  1, n_outputs =    1
graph_reserve: reserving a graph for ubatch with n_tokens =  512, n_seqs =  1, n_outputs =  512
sched_reserve:      CUDA0 compute buffer size =   304.00 MiB
sched_reserve:  CUDA_Host compute buffer size =    14.76 MiB
sched_reserve: graph nodes  = 958
sched_reserve: graph splits = 44 (with bs=512), 2 (with bs=1)
sched_reserve: reserve took 13.71 ms, sched copies = 1
CUDA Graph id 150 reused
ggml_backend_cuda_graph_compute: CUDA graph warmup complete
CUDA Graph id 150 reused
CUDA Graph id 150 reused
CUDA Graph id 150 reused
CUDA Graph id 150 reused
CUDA Graph id 150 reused
CUDA Graph id 150 reused
CUDA Graph id 150 reused
CUDA Graph id 150 reused
CUDA Graph id 150 reused
CUDA Graph id 150 reused
CUDA Graph id 150 reused
CUDA Graph id 150 reused
CUDA Graph id 150 reused
CUDA Graph id 150 reused
CUDA Graph id 150 reused
CUDA Graph id 150 reused
CUDA Graph id 150 reused
CUDA Graph id 150 reused
CUDA Graph id 150 reused
CUDA Graph id 150 reused
CUDA Graph id 150 reused
CUDA Graph id 150 reused
CUDA Graph id 150 reused
CUDA Graph id 150 reused
CUDA Graph id 150 reused
~llama_context:      CUDA0 compute buffer size is 304.0000 MiB, matches expectation of 304.0000 MiB
~llama_context:  CUDA_Host compute buffer size is  14.7637 MiB, matches expectation of  14.7637 MiB
llama_context: constructing llama_context
llama_context: n_seq_max     = 1
llama_context: n_ctx         = 768
llama_context: n_ctx_seq     = 768
llama_context: n_batch       = 727
llama_context: n_ubatch      = 512
llama_context: causal_attn   = 1
llama_context: flash_attn    = auto
llama_context: kv_unified    = false
llama_context: freq_base     = 1000000.0
llama_context: freq_scale    = 1
llama_context: n_rs_seq      = 0
llama_context: n_outputs_max = 727
llama_context: n_ctx_seq (768) < n_ctx_train (32768) -- the full capacity of the model will not be utilized
set_abort_callback: call
llama_context:  CUDA_Host  output buffer size =     0.58 MiB
llama_kv_cache: layer   0: dev = CPU
llama_kv_cache: layer   1: dev = CPU
llama_kv_cache: layer   2: dev = CPU
llama_kv_cache: layer   3: dev = CUDA0
llama_kv_cache: layer   4: dev = CUDA0
llama_kv_cache: layer   5: dev = CUDA0
llama_kv_cache: layer   6: dev = CUDA0
llama_kv_cache: layer   7: dev = CUDA0
llama_kv_cache: layer   8: dev = CUDA0
llama_kv_cache: layer   9: dev = CUDA0
llama_kv_cache: layer  10: dev = CUDA0
llama_kv_cache: layer  11: dev = CUDA0
llama_kv_cache: layer  12: dev = CUDA0
llama_kv_cache: layer  13: dev = CUDA0
llama_kv_cache: layer  14: dev = CUDA0
llama_kv_cache: layer  15: dev = CUDA0
llama_kv_cache: layer  16: dev = CUDA0
llama_kv_cache: layer  17: dev = CUDA0
llama_kv_cache: layer  18: dev = CUDA0
llama_kv_cache: layer  19: dev = CUDA0
llama_kv_cache: layer  20: dev = CUDA0
llama_kv_cache: layer  21: dev = CUDA0
llama_kv_cache: layer  22: dev = CUDA0
llama_kv_cache: layer  23: dev = CUDA0
llama_kv_cache: layer  24: dev = CUDA0
llama_kv_cache: layer  25: dev = CUDA0
llama_kv_cache: layer  26: dev = CUDA0
llama_kv_cache: layer  27: dev = CUDA0
llama_kv_cache:        CPU KV buffer size =     4.50 MiB
llama_kv_cache:      CUDA0 KV buffer size =    37.50 MiB
llama_kv_cache: size =   42.00 MiB (   768 cells,  28 layers,  1/1 seqs), K (f16):   21.00 MiB, V (f16):   21.00 MiB
llama_kv_cache: attn_rot_k = 0, n_embd_head_k_all = 128
llama_kv_cache: attn_rot_v = 0, n_embd_head_k_all = 128
llama_context: enumerating backends
llama_context: backend_ptrs.size() = 2
sched_reserve: reserving ...
sched_reserve: max_nodes = 2712
sched_reserve: reserving full memory module
sched_reserve: worst-case: n_tokens = 512, n_seqs = 1, n_outputs = 1
graph_reserve: reserving a graph for ubatch with n_tokens =    1, n_seqs =  1, n_outputs =    1
sched_reserve: Flash Attention was auto, set to enabled
sched_reserve: resolving fused Gated Delta Net support:
graph_reserve: reserving a graph for ubatch with n_tokens =    1, n_seqs =  1, n_outputs =    1
sched_reserve: fused Gated Delta Net (autoregressive) enabled
graph_reserve: reserving a graph for ubatch with n_tokens =   16, n_seqs =  1, n_outputs =   16
sched_reserve: fused Gated Delta Net (chunked) enabled
graph_reserve: reserving a graph for ubatch with n_tokens =  512, n_seqs =  1, n_outputs =  512
graph_reserve: reserving a graph for ubatch with n_tokens =    1, n_seqs =  1, n_outputs =    1
graph_reserve: reserving a graph for ubatch with n_tokens =  512, n_seqs =  1, n_outputs =  512
sched_reserve:      CUDA0 compute buffer size =   304.00 MiB
sched_reserve:  CUDA_Host compute buffer size =    14.76 MiB
sched_reserve: graph nodes  = 958
sched_reserve: graph splits = 44 (with bs=512), 2 (with bs=1)
sched_reserve: reserve took 13.57 ms, sched copies = 1
CUDA Graph id 300 reused
ggml_backend_cuda_graph_compute: CUDA graph warmup complete
CUDA Graph id 300 reused
CUDA Graph id 300 reused
CUDA Graph id 300 reused
CUDA Graph id 300 reused
CUDA Graph id 300 reused
CUDA Graph id 300 reused
CUDA Graph id 300 reused
CUDA Graph id 300 reused
CUDA Graph id 300 reused
CUDA Graph id 300 reused
CUDA Graph id 300 reused
CUDA Graph id 300 reused
CUDA Graph id 300 reused
CUDA Graph id 300 reused
CUDA Graph id 300 reused
CUDA Graph id 300 reused
CUDA Graph id 300 reused
CUDA Graph id 300 reused
CUDA Graph id 300 reused
CUDA Graph id 300 reused
CUDA Graph id 300 reused
CUDA Graph id 300 reused
CUDA Graph id 300 reused
CUDA Graph id 300 reused
CUDA Graph id 300 reused
~llama_context:      CUDA0 compute buffer size is 304.0000 MiB, matches expectation of 304.0000 MiB
~llama_context:  CUDA_Host compute buffer size is  14.7637 MiB, matches expectation of  14.7637 MiB
llama_context: constructing llama_context
llama_context: n_seq_max     = 1
llama_context: n_ctx         = 768
llama_context: n_ctx_seq     = 768
llama_context: n_batch       = 727
llama_context: n_ubatch      = 512
llama_context: causal_attn   = 1
llama_context: flash_attn    = auto
llama_context: kv_unified    = false
llama_context: freq_base     = 1000000.0
llama_context: freq_scale    = 1
llama_context: n_rs_seq      = 0
llama_context: n_outputs_max = 727
llama_context: n_ctx_seq (768) < n_ctx_train (32768) -- the full capacity of the model will not be utilized
set_abort_callback: call
llama_context:  CUDA_Host  output buffer size =     0.58 MiB
llama_kv_cache: layer   0: dev = CPU
llama_kv_cache: layer   1: dev = CPU
llama_kv_cache: layer   2: dev = CPU
llama_kv_cache: layer   3: dev = CUDA0
llama_kv_cache: layer   4: dev = CUDA0
llama_kv_cache: layer   5: dev = CUDA0
llama_kv_cache: layer   6: dev = CUDA0
llama_kv_cache: layer   7: dev = CUDA0
llama_kv_cache: layer   8: dev = CUDA0
llama_kv_cache: layer   9: dev = CUDA0
llama_kv_cache: layer  10: dev = CUDA0
llama_kv_cache: layer  11: dev = CUDA0
llama_kv_cache: layer  12: dev = CUDA0
llama_kv_cache: layer  13: dev = CUDA0
llama_kv_cache: layer  14: dev = CUDA0
llama_kv_cache: layer  15: dev = CUDA0
llama_kv_cache: layer  16: dev = CUDA0
llama_kv_cache: layer  17: dev = CUDA0
llama_kv_cache: layer  18: dev = CUDA0
llama_kv_cache: layer  19: dev = CUDA0
llama_kv_cache: layer  20: dev = CUDA0
llama_kv_cache: layer  21: dev = CUDA0
llama_kv_cache: layer  22: dev = CUDA0
llama_kv_cache: layer  23: dev = CUDA0
llama_kv_cache: layer  24: dev = CUDA0
llama_kv_cache: layer  25: dev = CUDA0
llama_kv_cache: layer  26: dev = CUDA0
llama_kv_cache: layer  27: dev = CUDA0
llama_kv_cache:        CPU KV buffer size =     4.50 MiB
llama_kv_cache:      CUDA0 KV buffer size =    37.50 MiB
llama_kv_cache: size =   42.00 MiB (   768 cells,  28 layers,  1/1 seqs), K (f16):   21.00 MiB, V (f16):   21.00 MiB
llama_kv_cache: attn_rot_k = 0, n_embd_head_k_all = 128
llama_kv_cache: attn_rot_v = 0, n_embd_head_k_all = 128
llama_context: enumerating backends
llama_context: backend_ptrs.size() = 2
sched_reserve: reserving ...
sched_reserve: max_nodes = 2712
sched_reserve: reserving full memory module
sched_reserve: worst-case: n_tokens = 512, n_seqs = 1, n_outputs = 1
graph_reserve: reserving a graph for ubatch with n_tokens =    1, n_seqs =  1, n_outputs =    1
sched_reserve: Flash Attention was auto, set to enabled
sched_reserve: resolving fused Gated Delta Net support:
graph_reserve: reserving a graph for ubatch with n_tokens =    1, n_seqs =  1, n_outputs =    1
sched_reserve: fused Gated Delta Net (autoregressive) enabled
graph_reserve: reserving a graph for ubatch with n_tokens =   16, n_seqs =  1, n_outputs =   16
sched_reserve: fused Gated Delta Net (chunked) enabled
graph_reserve: reserving a graph for ubatch with n_tokens =  512, n_seqs =  1, n_outputs =  512
graph_reserve: reserving a graph for ubatch with n_tokens =    1, n_seqs =  1, n_outputs =    1
graph_reserve: reserving a graph for ubatch with n_tokens =  512, n_seqs =  1, n_outputs =  512
sched_reserve:      CUDA0 compute buffer size =   304.00 MiB
sched_reserve:  CUDA_Host compute buffer size =    14.76 MiB
sched_reserve: graph nodes  = 958
sched_reserve: graph splits = 44 (with bs=512), 2 (with bs=1)
sched_reserve: reserve took 18.52 ms, sched copies = 1
CUDA Graph id 450 reused
ggml_backend_cuda_graph_compute: CUDA graph warmup complete
CUDA Graph id 450 reused
CUDA Graph id 450 reused
CUDA Graph id 450 reused
CUDA Graph id 450 reused
CUDA Graph id 450 reused
CUDA Graph id 450 reused
CUDA Graph id 450 reused
CUDA Graph id 450 reused
CUDA Graph id 450 reused
CUDA Graph id 450 reused
CUDA Graph id 450 reused
CUDA Graph id 450 reused
CUDA Graph id 450 reused
CUDA Graph id 450 reused
CUDA Graph id 450 reused
~llama_context:      CUDA0 compute buffer size is 304.0000 MiB, matches expectation of 304.0000 MiB
~llama_context:  CUDA_Host compute buffer size is  14.7637 MiB, matches expectation of  14.7637 MiB
llama_context: constructing llama_context
llama_context: n_seq_max     = 1
llama_context: n_ctx         = 768
llama_context: n_ctx_seq     = 768
llama_context: n_batch       = 727
llama_context: n_ubatch      = 512
llama_context: causal_attn   = 1
llama_context: flash_attn    = auto
llama_context: kv_unified    = false
llama_context: freq_base     = 1000000.0
llama_context: freq_scale    = 1
llama_context: n_rs_seq      = 0
llama_context: n_outputs_max = 727
llama_context: n_ctx_seq (768) < n_ctx_train (32768) -- the full capacity of the model will not be utilized
set_abort_callback: call
llama_context:  CUDA_Host  output buffer size =     0.58 MiB
llama_kv_cache: layer   0: dev = CPU
llama_kv_cache: layer   1: dev = CPU
llama_kv_cache: layer   2: dev = CPU
llama_kv_cache: layer   3: dev = CUDA0
llama_kv_cache: layer   4: dev = CUDA0
llama_kv_cache: layer   5: dev = CUDA0
llama_kv_cache: layer   6: dev = CUDA0
llama_kv_cache: layer   7: dev = CUDA0
llama_kv_cache: layer   8: dev = CUDA0
llama_kv_cache: layer   9: dev = CUDA0
llama_kv_cache: layer  10: dev = CUDA0
llama_kv_cache: layer  11: dev = CUDA0
llama_kv_cache: layer  12: dev = CUDA0
llama_kv_cache: layer  13: dev = CUDA0
llama_kv_cache: layer  14: dev = CUDA0
llama_kv_cache: layer  15: dev = CUDA0
llama_kv_cache: layer  16: dev = CUDA0
llama_kv_cache: layer  17: dev = CUDA0
llama_kv_cache: layer  18: dev = CUDA0
llama_kv_cache: layer  19: dev = CUDA0
llama_kv_cache: layer  20: dev = CUDA0
llama_kv_cache: layer  21: dev = CUDA0
llama_kv_cache: layer  22: dev = CUDA0
llama_kv_cache: layer  23: dev = CUDA0
llama_kv_cache: layer  24: dev = CUDA0
llama_kv_cache: layer  25: dev = CUDA0
llama_kv_cache: layer  26: dev = CUDA0
llama_kv_cache: layer  27: dev = CUDA0
llama_kv_cache:        CPU KV buffer size =     4.50 MiB
llama_kv_cache:      CUDA0 KV buffer size =    37.50 MiB
llama_kv_cache: size =   42.00 MiB (   768 cells,  28 layers,  1/1 seqs), K (f16):   21.00 MiB, V (f16):   21.00 MiB
llama_kv_cache: attn_rot_k = 0, n_embd_head_k_all = 128
llama_kv_cache: attn_rot_v = 0, n_embd_head_k_all = 128
llama_context: enumerating backends
llama_context: backend_ptrs.size() = 2
sched_reserve: reserving ...
sched_reserve: max_nodes = 2712
sched_reserve: reserving full memory module
sched_reserve: worst-case: n_tokens = 512, n_seqs = 1, n_outputs = 1
graph_reserve: reserving a graph for ubatch with n_tokens =    1, n_seqs =  1, n_outputs =    1
sched_reserve: Flash Attention was auto, set to enabled
sched_reserve: resolving fused Gated Delta Net support:
graph_reserve: reserving a graph for ubatch with n_tokens =    1, n_seqs =  1, n_outputs =    1
sched_reserve: fused Gated Delta Net (autoregressive) enabled
graph_reserve: reserving a graph for ubatch with n_tokens =   16, n_seqs =  1, n_outputs =   16
sched_reserve: fused Gated Delta Net (chunked) enabled
graph_reserve: reserving a graph for ubatch with n_tokens =  512, n_seqs =  1, n_outputs =  512
graph_reserve: reserving a graph for ubatch with n_tokens =    1, n_seqs =  1, n_outputs =    1
graph_reserve: reserving a graph for ubatch with n_tokens =  512, n_seqs =  1, n_outputs =  512
sched_reserve:      CUDA0 compute buffer size =   304.00 MiB
sched_reserve:  CUDA_Host compute buffer size =    14.76 MiB
sched_reserve: graph nodes  = 958
sched_reserve: graph splits = 44 (with bs=512), 2 (with bs=1)
sched_reserve: reserve took 14.97 ms, sched copies = 1
CUDA Graph id 600 reused
ggml_backend_cuda_graph_compute: CUDA graph warmup complete
CUDA Graph id 600 reused
CUDA Graph id 600 reused
CUDA Graph id 600 reused
CUDA Graph id 600 reused
CUDA Graph id 600 reused
CUDA Graph id 600 reused
CUDA Graph id 600 reused
CUDA Graph id 600 reused
CUDA Graph id 600 reused
CUDA Graph id 600 reused
CUDA Graph id 600 reused
CUDA Graph id 600 reused
CUDA Graph id 600 reused
CUDA Graph id 600 reused
CUDA Graph id 600 reused
CUDA Graph id 600 reused
CUDA Graph id 600 reused
CUDA Graph id 600 reused
CUDA Graph id 600 reused
CUDA Graph id 600 reused
CUDA Graph id 600 reused
CUDA Graph id 600 reused
CUDA Graph id 600 reused
CUDA Graph id 600 reused
CUDA Graph id 600 reused
~llama_context:      CUDA0 compute buffer size is 304.0000 MiB, matches expectation of 304.0000 MiB
~llama_context:  CUDA_Host compute buffer size is  14.7637 MiB, matches expectation of  14.7637 MiB
llama_context: constructing llama_context
llama_context: n_seq_max     = 1
llama_context: n_ctx         = 768
llama_context: n_ctx_seq     = 768
llama_context: n_batch       = 727
llama_context: n_ubatch      = 512
llama_context: causal_attn   = 1
llama_context: flash_attn    = auto
llama_context: kv_unified    = false
llama_context: freq_base     = 1000000.0
llama_context: freq_scale    = 1
llama_context: n_rs_seq      = 0
llama_context: n_outputs_max = 727
llama_context: n_ctx_seq (768) < n_ctx_train (32768) -- the full capacity of the model will not be utilized
set_abort_callback: call
llama_context:  CUDA_Host  output buffer size =     0.58 MiB
llama_kv_cache: layer   0: dev = CPU
llama_kv_cache: layer   1: dev = CPU
llama_kv_cache: layer   2: dev = CPU
llama_kv_cache: layer   3: dev = CUDA0
llama_kv_cache: layer   4: dev = CUDA0
llama_kv_cache: layer   5: dev = CUDA0
llama_kv_cache: layer   6: dev = CUDA0
llama_kv_cache: layer   7: dev = CUDA0
llama_kv_cache: layer   8: dev = CUDA0
llama_kv_cache: layer   9: dev = CUDA0
llama_kv_cache: layer  10: dev = CUDA0
llama_kv_cache: layer  11: dev = CUDA0
llama_kv_cache: layer  12: dev = CUDA0
llama_kv_cache: layer  13: dev = CUDA0
llama_kv_cache: layer  14: dev = CUDA0
llama_kv_cache: layer  15: dev = CUDA0
llama_kv_cache: layer  16: dev = CUDA0
llama_kv_cache: layer  17: dev = CUDA0
llama_kv_cache: layer  18: dev = CUDA0
llama_kv_cache: layer  19: dev = CUDA0
llama_kv_cache: layer  20: dev = CUDA0
llama_kv_cache: layer  21: dev = CUDA0
llama_kv_cache: layer  22: dev = CUDA0
llama_kv_cache: layer  23: dev = CUDA0
llama_kv_cache: layer  24: dev = CUDA0
llama_kv_cache: layer  25: dev = CUDA0
llama_kv_cache: layer  26: dev = CUDA0
llama_kv_cache: layer  27: dev = CUDA0
llama_kv_cache:        CPU KV buffer size =     4.50 MiB
llama_kv_cache:      CUDA0 KV buffer size =    37.50 MiB
llama_kv_cache: size =   42.00 MiB (   768 cells,  28 layers,  1/1 seqs), K (f16):   21.00 MiB, V (f16):   21.00 MiB
llama_kv_cache: attn_rot_k = 0, n_embd_head_k_all = 128
llama_kv_cache: attn_rot_v = 0, n_embd_head_k_all = 128
llama_context: enumerating backends
llama_context: backend_ptrs.size() = 2
sched_reserve: reserving ...
sched_reserve: max_nodes = 2712
sched_reserve: reserving full memory module
sched_reserve: worst-case: n_tokens = 512, n_seqs = 1, n_outputs = 1
graph_reserve: reserving a graph for ubatch with n_tokens =    1, n_seqs =  1, n_outputs =    1
sched_reserve: Flash Attention was auto, set to enabled
sched_reserve: resolving fused Gated Delta Net support:
graph_reserve: reserving a graph for ubatch with n_tokens =    1, n_seqs =  1, n_outputs =    1
sched_reserve: fused Gated Delta Net (autoregressive) enabled
graph_reserve: reserving a graph for ubatch with n_tokens =   16, n_seqs =  1, n_outputs =   16
sched_reserve: fused Gated Delta Net (chunked) enabled
graph_reserve: reserving a graph for ubatch with n_tokens =  512, n_seqs =  1, n_outputs =  512
graph_reserve: reserving a graph for ubatch with n_tokens =    1, n_seqs =  1, n_outputs =    1
graph_reserve: reserving a graph for ubatch with n_tokens =  512, n_seqs =  1, n_outputs =  512
sched_reserve:      CUDA0 compute buffer size =   304.00 MiB
sched_reserve:  CUDA_Host compute buffer size =    14.76 MiB
sched_reserve: graph nodes  = 958
sched_reserve: graph splits = 44 (with bs=512), 2 (with bs=1)
sched_reserve: reserve took 13.81 ms, sched copies = 1
CUDA Graph id 750 reused
ggml_backend_cuda_graph_compute: CUDA graph warmup complete
CUDA Graph id 750 reused
CUDA Graph id 750 reused
CUDA Graph id 750 reused
CUDA Graph id 750 reused
CUDA Graph id 750 reused
CUDA Graph id 750 reused
CUDA Graph id 750 reused
CUDA Graph id 750 reused
CUDA Graph id 750 reused
CUDA Graph id 750 reused
CUDA Graph id 750 reused
CUDA Graph id 750 reused
CUDA Graph id 750 reused
CUDA Graph id 750 reused
CUDA Graph id 750 reused
CUDA Graph id 750 reused
CUDA Graph id 750 reused
CUDA Graph id 750 reused
CUDA Graph id 750 reused
~llama_context:      CUDA0 compute buffer size is 304.0000 MiB, matches expectation of 304.0000 MiB
~llama_context:  CUDA_Host compute buffer size is  14.7637 MiB, matches expectation of  14.7637 MiB
llama_context: constructing llama_context
llama_context: n_seq_max     = 1
llama_context: n_ctx         = 768
llama_context: n_ctx_seq     = 768
llama_context: n_batch       = 727
llama_context: n_ubatch      = 512
llama_context: causal_attn   = 1
llama_context: flash_attn    = auto
llama_context: kv_unified    = false
llama_context: freq_base     = 1000000.0
llama_context: freq_scale    = 1
llama_context: n_rs_seq      = 0
llama_context: n_outputs_max = 727
llama_context: n_ctx_seq (768) < n_ctx_train (32768) -- the full capacity of the model will not be utilized
set_abort_callback: call
llama_context:  CUDA_Host  output buffer size =     0.58 MiB
llama_kv_cache: layer   0: dev = CPU
llama_kv_cache: layer   1: dev = CPU
llama_kv_cache: layer   2: dev = CPU
llama_kv_cache: layer   3: dev = CUDA0
llama_kv_cache: layer   4: dev = CUDA0
llama_kv_cache: layer   5: dev = CUDA0
llama_kv_cache: layer   6: dev = CUDA0
llama_kv_cache: layer   7: dev = CUDA0
llama_kv_cache: layer   8: dev = CUDA0
llama_kv_cache: layer   9: dev = CUDA0
llama_kv_cache: layer  10: dev = CUDA0
llama_kv_cache: layer  11: dev = CUDA0
llama_kv_cache: layer  12: dev = CUDA0
llama_kv_cache: layer  13: dev = CUDA0
llama_kv_cache: layer  14: dev = CUDA0
llama_kv_cache: layer  15: dev = CUDA0
llama_kv_cache: layer  16: dev = CUDA0
llama_kv_cache: layer  17: dev = CUDA0
llama_kv_cache: layer  18: dev = CUDA0
llama_kv_cache: layer  19: dev = CUDA0
llama_kv_cache: layer  20: dev = CUDA0
llama_kv_cache: layer  21: dev = CUDA0
llama_kv_cache: layer  22: dev = CUDA0
llama_kv_cache: layer  23: dev = CUDA0
llama_kv_cache: layer  24: dev = CUDA0
llama_kv_cache: layer  25: dev = CUDA0
llama_kv_cache: layer  26: dev = CUDA0
llama_kv_cache: layer  27: dev = CUDA0
llama_kv_cache:        CPU KV buffer size =     4.50 MiB
llama_kv_cache:      CUDA0 KV buffer size =    37.50 MiB
llama_kv_cache: size =   42.00 MiB (   768 cells,  28 layers,  1/1 seqs), K (f16):   21.00 MiB, V (f16):   21.00 MiB
llama_kv_cache: attn_rot_k = 0, n_embd_head_k_all = 128
llama_kv_cache: attn_rot_v = 0, n_embd_head_k_all = 128
llama_context: enumerating backends
llama_context: backend_ptrs.size() = 2
sched_reserve: reserving ...
sched_reserve: max_nodes = 2712
sched_reserve: reserving full memory module
sched_reserve: worst-case: n_tokens = 512, n_seqs = 1, n_outputs = 1
graph_reserve: reserving a graph for ubatch with n_tokens =    1, n_seqs =  1, n_outputs =    1
sched_reserve: Flash Attention was auto, set to enabled
sched_reserve: resolving fused Gated Delta Net support:
graph_reserve: reserving a graph for ubatch with n_tokens =    1, n_seqs =  1, n_outputs =    1
sched_reserve: fused Gated Delta Net (autoregressive) enabled
graph_reserve: reserving a graph for ubatch with n_tokens =   16, n_seqs =  1, n_outputs =   16
sched_reserve: fused Gated Delta Net (chunked) enabled
graph_reserve: reserving a graph for ubatch with n_tokens =  512, n_seqs =  1, n_outputs =  512
graph_reserve: reserving a graph for ubatch with n_tokens =    1, n_seqs =  1, n_outputs =    1
graph_reserve: reserving a graph for ubatch with n_tokens =  512, n_seqs =  1, n_outputs =  512
sched_reserve:      CUDA0 compute buffer size =   304.00 MiB
sched_reserve:  CUDA_Host compute buffer size =    14.76 MiB
sched_reserve: graph nodes  = 958
sched_reserve: graph splits = 44 (with bs=512), 2 (with bs=1)
sched_reserve: reserve took 13.00 ms, sched copies = 1
CUDA Graph id 900 reused
ggml_backend_cuda_graph_compute: CUDA graph warmup complete
CUDA Graph id 900 reused
CUDA Graph id 900 reused
CUDA Graph id 900 reused
CUDA Graph id 900 reused
CUDA Graph id 900 reused
CUDA Graph id 900 reused
CUDA Graph id 900 reused
CUDA Graph id 900 reused
CUDA Graph id 900 reused
CUDA Graph id 900 reused
CUDA Graph id 900 reused
CUDA Graph id 900 reused
CUDA Graph id 900 reused
CUDA Graph id 900 reused
CUDA Graph id 900 reused
CUDA Graph id 900 reused
CUDA Graph id 900 reused
CUDA Graph id 900 reused
CUDA Graph id 900 reused
CUDA Graph id 900 reused
CUDA Graph id 900 reused
CUDA Graph id 900 reused
CUDA Graph id 900 reused
CUDA Graph id 900 reused
CUDA Graph id 900 reused
CUDA Graph id 900 reused
CUDA Graph id 900 reused
CUDA Graph id 900 reused
CUDA Graph id 900 reused
CUDA Graph id 900 reused
CUDA Graph id 900 reused
CUDA Graph id 900 reused
CUDA Graph id 900 reused
CUDA Graph id 900 reused
CUDA Graph id 900 reused
CUDA Graph id 900 reused
CUDA Graph id 900 reused
CUDA Graph id 900 reused
CUDA Graph id 900 reused
CUDA Graph id 900 reused
CUDA Graph id 900 reused
CUDA Graph id 900 reused
CUDA Graph id 900 reused
CUDA Graph id 900 reused
CUDA Graph id 900 reused
CUDA Graph id 900 reused
CUDA Graph id 900 reused
ggml_backend_cuda_graph_compute: CUDA graph warmup reset
CUDA Graph id 903 reused
ggml_backend_cuda_graph_compute: CUDA graph warmup complete
CUDA Graph id 903 reused
CUDA Graph id 903 reused
CUDA Graph id 903 reused
CUDA Graph id 903 reused
CUDA Graph id 903 reused
CUDA Graph id 903 reused
CUDA Graph id 903 reused
CUDA Graph id 903 reused
CUDA Graph id 903 reused
CUDA Graph id 903 reused
CUDA Graph id 903 reused
CUDA Graph id 903 reused
CUDA Graph id 903 reused
CUDA Graph id 903 reused
CUDA Graph id 903 reused
CUDA Graph id 903 reused
CUDA Graph id 903 reused
~llama_context:      CUDA0 compute buffer size is 304.0000 MiB, matches expectation of 304.0000 MiB
~llama_context:  CUDA_Host compute buffer size is  14.7637 MiB, matches expectation of  14.7637 MiB
schema 151/175 done
llama_context: constructing llama_context
llama_context: n_seq_max     = 1
llama_context: n_ctx         = 768
llama_context: n_ctx_seq     = 768
llama_context: n_batch       = 760
llama_context: n_ubatch      = 512
llama_context: causal_attn   = 1
llama_context: flash_attn    = auto
llama_context: kv_unified    = false
llama_context: freq_base     = 1000000.0
llama_context: freq_scale    = 1
llama_context: n_rs_seq      = 0
llama_context: n_outputs_max = 760
llama_context: n_ctx_seq (768) < n_ctx_train (32768) -- the full capacity of the model will not be utilized
set_abort_callback: call
llama_context:  CUDA_Host  output buffer size =     0.58 MiB
llama_kv_cache: layer   0: dev = CPU
llama_kv_cache: layer   1: dev = CPU
llama_kv_cache: layer   2: dev = CPU
llama_kv_cache: layer   3: dev = CUDA0
llama_kv_cache: layer   4: dev = CUDA0
llama_kv_cache: layer   5: dev = CUDA0
llama_kv_cache: layer   6: dev = CUDA0
llama_kv_cache: layer   7: dev = CUDA0
llama_kv_cache: layer   8: dev = CUDA0
llama_kv_cache: layer   9: dev = CUDA0
llama_kv_cache: layer  10: dev = CUDA0
llama_kv_cache: layer  11: dev = CUDA0
llama_kv_cache: layer  12: dev = CUDA0
llama_kv_cache: layer  13: dev = CUDA0
llama_kv_cache: layer  14: dev = CUDA0
llama_kv_cache: layer  15: dev = CUDA0
llama_kv_cache: layer  16: dev = CUDA0
llama_kv_cache: layer  17: dev = CUDA0
llama_kv_cache: layer  18: dev = CUDA0
llama_kv_cache: layer  19: dev = CUDA0
llama_kv_cache: layer  20: dev = CUDA0
llama_kv_cache: layer  21: dev = CUDA0
llama_kv_cache: layer  22: dev = CUDA0
llama_kv_cache: layer  23: dev = CUDA0
llama_kv_cache: layer  24: dev = CUDA0
llama_kv_cache: layer  25: dev = CUDA0
llama_kv_cache: layer  26: dev = CUDA0
llama_kv_cache: layer  27: dev = CUDA0
llama_kv_cache:        CPU KV buffer size =     4.50 MiB
llama_kv_cache:      CUDA0 KV buffer size =    37.50 MiB
llama_kv_cache: size =   42.00 MiB (   768 cells,  28 layers,  1/1 seqs), K (f16):   21.00 MiB, V (f16):   21.00 MiB
llama_kv_cache: attn_rot_k = 0, n_embd_head_k_all = 128
llama_kv_cache: attn_rot_v = 0, n_embd_head_k_all = 128
llama_context: enumerating backends
llama_context: backend_ptrs.size() = 2
sched_reserve: reserving ...
sched_reserve: max_nodes = 2712
sched_reserve: reserving full memory module
sched_reserve: worst-case: n_tokens = 512, n_seqs = 1, n_outputs = 1
graph_reserve: reserving a graph for ubatch with n_tokens =    1, n_seqs =  1, n_outputs =    1
sched_reserve: Flash Attention was auto, set to enabled
sched_reserve: resolving fused Gated Delta Net support:
graph_reserve: reserving a graph for ubatch with n_tokens =    1, n_seqs =  1, n_outputs =    1
sched_reserve: fused Gated Delta Net (autoregressive) enabled
graph_reserve: reserving a graph for ubatch with n_tokens =   16, n_seqs =  1, n_outputs =   16
sched_reserve: fused Gated Delta Net (chunked) enabled
graph_reserve: reserving a graph for ubatch with n_tokens =  512, n_seqs =  1, n_outputs =  512
graph_reserve: reserving a graph for ubatch with n_tokens =    1, n_seqs =  1, n_outputs =    1
graph_reserve: reserving a graph for ubatch with n_tokens =  512, n_seqs =  1, n_outputs =  512
sched_reserve:      CUDA0 compute buffer size =   304.00 MiB
sched_reserve:  CUDA_Host compute buffer size =    14.76 MiB
sched_reserve: graph nodes  = 958
sched_reserve: graph splits = 44 (with bs=512), 2 (with bs=1)
sched_reserve: reserve took 13.39 ms, sched copies = 1
CUDA Graph id 1053 reused
ggml_backend_cuda_graph_compute: CUDA graph warmup complete
CUDA Graph id 1053 reused
CUDA Graph id 1053 reused
CUDA Graph id 1053 reused
CUDA Graph id 1053 reused
CUDA Graph id 1053 reused
CUDA Graph id 1053 reused
CUDA Graph id 1053 reused
CUDA Graph id 1053 reused
CUDA Graph id 1053 reused
CUDA Graph id 1053 reused
CUDA Graph id 1053 reused
CUDA Graph id 1053 reused
CUDA Graph id 1053 reused
CUDA Graph id 1053 reused
ggml_backend_cuda_graph_compute: CUDA graph warmup reset
CUDA Graph id 1056 reused
ggml_backend_cuda_graph_compute: CUDA graph warmup complete
CUDA Graph id 1056 reused
CUDA Graph id 1056 reused
~llama_context:      CUDA0 compute buffer size is 304.0000 MiB, matches expectation of 304.0000 MiB
~llama_context:  CUDA_Host compute buffer size is  14.7637 MiB, matches expectation of  14.7637 MiB
llama_context: constructing llama_context
llama_context: n_seq_max     = 1
llama_context: n_ctx         = 768
llama_context: n_ctx_seq     = 768
llama_context: n_batch       = 760
llama_context: n_ubatch      = 512
llama_context: causal_attn   = 1
llama_context: flash_attn    = auto
llama_context: kv_unified    = false
llama_context: freq_base     = 1000000.0
llama_context: freq_scale    = 1
llama_context: n_rs_seq      = 0
llama_context: n_outputs_max = 760
llama_context: n_ctx_seq (768) < n_ctx_train (32768) -- the full capacity of the model will not be utilized
set_abort_callback: call
llama_context:  CUDA_Host  output buffer size =     0.58 MiB
llama_kv_cache: layer   0: dev = CPU
llama_kv_cache: layer   1: dev = CPU
llama_kv_cache: layer   2: dev = CPU
llama_kv_cache: layer   3: dev = CUDA0
llama_kv_cache: layer   4: dev = CUDA0
llama_kv_cache: layer   5: dev = CUDA0
llama_kv_cache: layer   6: dev = CUDA0
llama_kv_cache: layer   7: dev = CUDA0
llama_kv_cache: layer   8: dev = CUDA0
llama_kv_cache: layer   9: dev = CUDA0
llama_kv_cache: layer  10: dev = CUDA0
llama_kv_cache: layer  11: dev = CUDA0
llama_kv_cache: layer  12: dev = CUDA0
llama_kv_cache: layer  13: dev = CUDA0
llama_kv_cache: layer  14: dev = CUDA0
llama_kv_cache: layer  15: dev = CUDA0
llama_kv_cache: layer  16: dev = CUDA0
llama_kv_cache: layer  17: dev = CUDA0
llama_kv_cache: layer  18: dev = CUDA0
llama_kv_cache: layer  19: dev = CUDA0
llama_kv_cache: layer  20: dev = CUDA0
llama_kv_cache: layer  21: dev = CUDA0
llama_kv_cache: layer  22: dev = CUDA0
llama_kv_cache: layer  23: dev = CUDA0
llama_kv_cache: layer  24: dev = CUDA0
llama_kv_cache: layer  25: dev = CUDA0
llama_kv_cache: layer  26: dev = CUDA0
llama_kv_cache: layer  27: dev = CUDA0
llama_kv_cache:        CPU KV buffer size =     4.50 MiB
llama_kv_cache:      CUDA0 KV buffer size =    37.50 MiB
llama_kv_cache: size =   42.00 MiB (   768 cells,  28 layers,  1/1 seqs), K (f16):   21.00 MiB, V (f16):   21.00 MiB
llama_kv_cache: attn_rot_k = 0, n_embd_head_k_all = 128
llama_kv_cache: attn_rot_v = 0, n_embd_head_k_all = 128
llama_context: enumerating backends
llama_context: backend_ptrs.size() = 2
sched_reserve: reserving ...
sched_reserve: max_nodes = 2712
sched_reserve: reserving full memory module
sched_reserve: worst-case: n_tokens = 512, n_seqs = 1, n_outputs = 1
graph_reserve: reserving a graph for ubatch with n_tokens =    1, n_seqs =  1, n_outputs =    1
sched_reserve: Flash Attention was auto, set to enabled
sched_reserve: resolving fused Gated Delta Net support:
graph_reserve: reserving a graph for ubatch with n_tokens =    1, n_seqs =  1, n_outputs =    1
sched_reserve: fused Gated Delta Net (autoregressive) enabled
graph_reserve: reserving a graph for ubatch with n_tokens =   16, n_seqs =  1, n_outputs =   16
sched_reserve: fused Gated Delta Net (chunked) enabled
graph_reserve: reserving a graph for ubatch with n_tokens =  512, n_seqs =  1, n_outputs =  512
graph_reserve: reserving a graph for ubatch with n_tokens =    1, n_seqs =  1, n_outputs =    1
graph_reserve: reserving a graph for ubatch with n_tokens =  512, n_seqs =  1, n_outputs =  512
sched_reserve:      CUDA0 compute buffer size =   304.00 MiB
sched_reserve:  CUDA_Host compute buffer size =    14.76 MiB
sched_reserve: graph nodes  = 958
sched_reserve: graph splits = 44 (with bs=512), 2 (with bs=1)
sched_reserve: reserve took 13.12 ms, sched copies = 1
CUDA Graph id 1206 reused
ggml_backend_cuda_graph_compute: CUDA graph warmup complete
CUDA Graph id 1206 reused
CUDA Graph id 1206 reused
CUDA Graph id 1206 reused
CUDA Graph id 1206 reused
CUDA Graph id 1206 reused
CUDA Graph id 1206 reused
CUDA Graph id 1206 reused
CUDA Graph id 1206 reused
CUDA Graph id 1206 reused
CUDA Graph id 1206 reused
CUDA Graph id 1206 reused
CUDA Graph id 1206 reused
CUDA Graph id 1206 reused
CUDA Graph id 1206 reused
ggml_backend_cuda_graph_compute: CUDA graph warmup reset
CUDA Graph id 1209 reused
ggml_backend_cuda_graph_compute: CUDA graph warmup complete
CUDA Graph id 1209 reused
CUDA Graph id 1209 reused
~llama_context:      CUDA0 compute buffer size is 304.0000 MiB, matches expectation of 304.0000 MiB
~llama_context:  CUDA_Host compute buffer size is  14.7637 MiB, matches expectation of  14.7637 MiB
llama_context: constructing llama_context
llama_context: n_seq_max     = 1
llama_context: n_ctx         = 768
llama_context: n_ctx_seq     = 768
llama_context: n_batch       = 760
llama_context: n_ubatch      = 512
llama_context: causal_attn   = 1
llama_context: flash_attn    = auto
llama_context: kv_unified    = false
llama_context: freq_base     = 1000000.0
llama_context: freq_scale    = 1
llama_context: n_rs_seq      = 0
llama_context: n_outputs_max = 760
llama_context: n_ctx_seq (768) < n_ctx_train (32768) -- the full capacity of the model will not be utilized
set_abort_callback: call
llama_context:  CUDA_Host  output buffer size =     0.58 MiB
llama_kv_cache: layer   0: dev = CPU
llama_kv_cache: layer   1: dev = CPU
llama_kv_cache: layer   2: dev = CPU
llama_kv_cache: layer   3: dev = CUDA0
llama_kv_cache: layer   4: dev = CUDA0
llama_kv_cache: layer   5: dev = CUDA0
llama_kv_cache: layer   6: dev = CUDA0
llama_kv_cache: layer   7: dev = CUDA0
llama_kv_cache: layer   8: dev = CUDA0
llama_kv_cache: layer   9: dev = CUDA0
llama_kv_cache: layer  10: dev = CUDA0
llama_kv_cache: layer  11: dev = CUDA0
llama_kv_cache: layer  12: dev = CUDA0
llama_kv_cache: layer  13: dev = CUDA0
llama_kv_cache: layer  14: dev = CUDA0
llama_kv_cache: layer  15: dev = CUDA0
llama_kv_cache: layer  16: dev = CUDA0
llama_kv_cache: layer  17: dev = CUDA0
llama_kv_cache: layer  18: dev = CUDA0
llama_kv_cache: layer  19: dev = CUDA0
llama_kv_cache: layer  20: dev = CUDA0
llama_kv_cache: layer  21: dev = CUDA0
llama_kv_cache: layer  22: dev = CUDA0
llama_kv_cache: layer  23: dev = CUDA0
llama_kv_cache: layer  24: dev = CUDA0
llama_kv_cache: layer  25: dev = CUDA0
llama_kv_cache: layer  26: dev = CUDA0
llama_kv_cache: layer  27: dev = CUDA0
llama_kv_cache:        CPU KV buffer size =     4.50 MiB
llama_kv_cache:      CUDA0 KV buffer size =    37.50 MiB
llama_kv_cache: size =   42.00 MiB (   768 cells,  28 layers,  1/1 seqs), K (f16):   21.00 MiB, V (f16):   21.00 MiB
llama_kv_cache: attn_rot_k = 0, n_embd_head_k_all = 128
llama_kv_cache: attn_rot_v = 0, n_embd_head_k_all = 128
llama_context: enumerating backends
llama_context: backend_ptrs.size() = 2
sched_reserve: reserving ...
sched_reserve: max_nodes = 2712
sched_reserve: reserving full memory module
sched_reserve: worst-case: n_tokens = 512, n_seqs = 1, n_outputs = 1
graph_reserve: reserving a graph for ubatch with n_tokens =    1, n_seqs =  1, n_outputs =    1
sched_reserve: Flash Attention was auto, set to enabled
sched_reserve: resolving fused Gated Delta Net support:
graph_reserve: reserving a graph for ubatch with n_tokens =    1, n_seqs =  1, n_outputs =    1
sched_reserve: fused Gated Delta Net (autoregressive) enabled
graph_reserve: reserving a graph for ubatch with n_tokens =   16, n_seqs =  1, n_outputs =   16
sched_reserve: fused Gated Delta Net (chunked) enabled
graph_reserve: reserving a graph for ubatch with n_tokens =  512, n_seqs =  1, n_outputs =  512
graph_reserve: reserving a graph for ubatch with n_tokens =    1, n_seqs =  1, n_outputs =    1
graph_reserve: reserving a graph for ubatch with n_tokens =  512, n_seqs =  1, n_outputs =  512
sched_reserve:      CUDA0 compute buffer size =   304.00 MiB
sched_reserve:  CUDA_Host compute buffer size =    14.76 MiB
sched_reserve: graph nodes  = 958
sched_reserve: graph splits = 44 (with bs=512), 2 (with bs=1)
sched_reserve: reserve took 13.65 ms, sched copies = 1
CUDA Graph id 1359 reused
ggml_backend_cuda_graph_compute: CUDA graph warmup complete
CUDA Graph id 1359 reused
CUDA Graph id 1359 reused
CUDA Graph id 1359 reused
CUDA Graph id 1359 reused
CUDA Graph id 1359 reused
CUDA Graph id 1359 reused
CUDA Graph id 1359 reused
CUDA Graph id 1359 reused
CUDA Graph id 1359 reused
CUDA Graph id 1359 reused
CUDA Graph id 1359 reused
~llama_context:      CUDA0 compute buffer size is 304.0000 MiB, matches expectation of 304.0000 MiB
~llama_context:  CUDA_Host compute buffer size is  14.7637 MiB, matches expectation of  14.7637 MiB
llama_context: constructing llama_context
llama_context: n_seq_max     = 1
llama_context: n_ctx         = 768
llama_context: n_ctx_seq     = 768
llama_context: n_batch       = 760
llama_context: n_ubatch      = 512
llama_context: causal_attn   = 1
llama_context: flash_attn    = auto
llama_context: kv_unified    = false
llama_context: freq_base     = 1000000.0
llama_context: freq_scale    = 1
llama_context: n_rs_seq      = 0
llama_context: n_outputs_max = 760
llama_context: n_ctx_seq (768) < n_ctx_train (32768) -- the full capacity of the model will not be utilized
set_abort_callback: call
llama_context:  CUDA_Host  output buffer size =     0.58 MiB
llama_kv_cache: layer   0: dev = CPU
llama_kv_cache: layer   1: dev = CPU
llama_kv_cache: layer   2: dev = CPU
llama_kv_cache: layer   3: dev = CUDA0
llama_kv_cache: layer   4: dev = CUDA0
llama_kv_cache: layer   5: dev = CUDA0
llama_kv_cache: layer   6: dev = CUDA0
llama_kv_cache: layer   7: dev = CUDA0
llama_kv_cache: layer   8: dev = CUDA0
llama_kv_cache: layer   9: dev = CUDA0
llama_kv_cache: layer  10: dev = CUDA0
llama_kv_cache: layer  11: dev = CUDA0
llama_kv_cache: layer  12: dev = CUDA0
llama_kv_cache: layer  13: dev = CUDA0
llama_kv_cache: layer  14: dev = CUDA0
llama_kv_cache: layer  15: dev = CUDA0
llama_kv_cache: layer  16: dev = CUDA0
llama_kv_cache: layer  17: dev = CUDA0
llama_kv_cache: layer  18: dev = CUDA0
llama_kv_cache: layer  19: dev = CUDA0
llama_kv_cache: layer  20: dev = CUDA0
llama_kv_cache: layer  21: dev = CUDA0
llama_kv_cache: layer  22: dev = CUDA0
llama_kv_cache: layer  23: dev = CUDA0
llama_kv_cache: layer  24: dev = CUDA0
llama_kv_cache: layer  25: dev = CUDA0
llama_kv_cache: layer  26: dev = CUDA0
llama_kv_cache: layer  27: dev = CUDA0
llama_kv_cache:        CPU KV buffer size =     4.50 MiB
llama_kv_cache:      CUDA0 KV buffer size =    37.50 MiB
llama_kv_cache: size =   42.00 MiB (   768 cells,  28 layers,  1/1 seqs), K (f16):   21.00 MiB, V (f16):   21.00 MiB
llama_kv_cache: attn_rot_k = 0, n_embd_head_k_all = 128
llama_kv_cache: attn_rot_v = 0, n_embd_head_k_all = 128
llama_context: enumerating backends
llama_context: backend_ptrs.size() = 2
sched_reserve: reserving ...
sched_reserve: max_nodes = 2712
sched_reserve: reserving full memory module
sched_reserve: worst-case: n_tokens = 512, n_seqs = 1, n_outputs = 1
graph_reserve: reserving a graph for ubatch with n_tokens =    1, n_seqs =  1, n_outputs =    1
sched_reserve: Flash Attention was auto, set to enabled
sched_reserve: resolving fused Gated Delta Net support:
graph_reserve: reserving a graph for ubatch with n_tokens =    1, n_seqs =  1, n_outputs =    1
sched_reserve: fused Gated Delta Net (autoregressive) enabled
graph_reserve: reserving a graph for ubatch with n_tokens =   16, n_seqs =  1, n_outputs =   16
sched_reserve: fused Gated Delta Net (chunked) enabled
graph_reserve: reserving a graph for ubatch with n_tokens =  512, n_seqs =  1, n_outputs =  512
graph_reserve: reserving a graph for ubatch with n_tokens =    1, n_seqs =  1, n_outputs =    1
graph_reserve: reserving a graph for ubatch with n_tokens =  512, n_seqs =  1, n_outputs =  512
sched_reserve:      CUDA0 compute buffer size =   304.00 MiB
sched_reserve:  CUDA_Host compute buffer size =    14.76 MiB
sched_reserve: graph nodes  = 958
sched_reserve: graph splits = 44 (with bs=512), 2 (with bs=1)
sched_reserve: reserve took 14.23 ms, sched copies = 1
CUDA Graph id 1509 reused
ggml_backend_cuda_graph_compute: CUDA graph warmup complete
CUDA Graph id 1509 reused
CUDA Graph id 1509 reused
CUDA Graph id 1509 reused
CUDA Graph id 1509 reused
CUDA Graph id 1509 reused
CUDA Graph id 1509 reused
CUDA Graph id 1509 reused
CUDA Graph id 1509 reused
CUDA Graph id 1509 reused
CUDA Graph id 1509 reused
CUDA Graph id 1509 reused
CUDA Graph id 1509 reused
CUDA Graph id 1509 reused
CUDA Graph id 1509 reused
ggml_backend_cuda_graph_compute: CUDA graph warmup reset
CUDA Graph id 1512 reused
ggml_backend_cuda_graph_compute: CUDA graph warmup complete
CUDA Graph id 1512 reused
CUDA Graph id 1512 reused
~llama_context:      CUDA0 compute buffer size is 304.0000 MiB, matches expectation of 304.0000 MiB
~llama_context:  CUDA_Host compute buffer size is  14.7637 MiB, matches expectation of  14.7637 MiB
llama_context: constructing llama_context
llama_context: n_seq_max     = 1
llama_context: n_ctx         = 768
llama_context: n_ctx_seq     = 768
llama_context: n_batch       = 760
llama_context: n_ubatch      = 512
llama_context: causal_attn   = 1
llama_context: flash_attn    = auto
llama_context: kv_unified    = false
llama_context: freq_base     = 1000000.0
llama_context: freq_scale    = 1
llama_context: n_rs_seq      = 0
llama_context: n_outputs_max = 760
llama_context: n_ctx_seq (768) < n_ctx_train (32768) -- the full capacity of the model will not be utilized
set_abort_callback: call
llama_context:  CUDA_Host  output buffer size =     0.58 MiB
llama_kv_cache: layer   0: dev = CPU
llama_kv_cache: layer   1: dev = CPU
llama_kv_cache: layer   2: dev = CPU
llama_kv_cache: layer   3: dev = CUDA0
llama_kv_cache: layer   4: dev = CUDA0
llama_kv_cache: layer   5: dev = CUDA0
llama_kv_cache: layer   6: dev = CUDA0
llama_kv_cache: layer   7: dev = CUDA0
llama_kv_cache: layer   8: dev = CUDA0
llama_kv_cache: layer   9: dev = CUDA0
llama_kv_cache: layer  10: dev = CUDA0
llama_kv_cache: layer  11: dev = CUDA0
llama_kv_cache: layer  12: dev = CUDA0
llama_kv_cache: layer  13: dev = CUDA0
llama_kv_cache: layer  14: dev = CUDA0
llama_kv_cache: layer  15: dev = CUDA0
llama_kv_cache: layer  16: dev = CUDA0
llama_kv_cache: layer  17: dev = CUDA0
llama_kv_cache: layer  18: dev = CUDA0
llama_kv_cache: layer  19: dev = CUDA0
llama_kv_cache: layer  20: dev = CUDA0
llama_kv_cache: layer  21: dev = CUDA0
llama_kv_cache: layer  22: dev = CUDA0
llama_kv_cache: layer  23: dev = CUDA0
llama_kv_cache: layer  24: dev = CUDA0
llama_kv_cache: layer  25: dev = CUDA0
llama_kv_cache: layer  26: dev = CUDA0
llama_kv_cache: layer  27: dev = CUDA0
llama_kv_cache:        CPU KV buffer size =     4.50 MiB
llama_kv_cache:      CUDA0 KV buffer size =    37.50 MiB
llama_kv_cache: size =   42.00 MiB (   768 cells,  28 layers,  1/1 seqs), K (f16):   21.00 MiB, V (f16):   21.00 MiB
llama_kv_cache: attn_rot_k = 0, n_embd_head_k_all = 128
llama_kv_cache: attn_rot_v = 0, n_embd_head_k_all = 128
llama_context: enumerating backends
llama_context: backend_ptrs.size() = 2
sched_reserve: reserving ...
sched_reserve: max_nodes = 2712
sched_reserve: reserving full memory module
sched_reserve: worst-case: n_tokens = 512, n_seqs = 1, n_outputs = 1
graph_reserve: reserving a graph for ubatch with n_tokens =    1, n_seqs =  1, n_outputs =    1
sched_reserve: Flash Attention was auto, set to enabled
sched_reserve: resolving fused Gated Delta Net support:
graph_reserve: reserving a graph for ubatch with n_tokens =    1, n_seqs =  1, n_outputs =    1
sched_reserve: fused Gated Delta Net (autoregressive) enabled
graph_reserve: reserving a graph for ubatch with n_tokens =   16, n_seqs =  1, n_outputs =   16
sched_reserve: fused Gated Delta Net (chunked) enabled
graph_reserve: reserving a graph for ubatch with n_tokens =  512, n_seqs =  1, n_outputs =  512
graph_reserve: reserving a graph for ubatch with n_tokens =    1, n_seqs =  1, n_outputs =    1
graph_reserve: reserving a graph for ubatch with n_tokens =  512, n_seqs =  1, n_outputs =  512
sched_reserve:      CUDA0 compute buffer size =   304.00 MiB
sched_reserve:  CUDA_Host compute buffer size =    14.76 MiB
sched_reserve: graph nodes  = 958
sched_reserve: graph splits = 44 (with bs=512), 2 (with bs=1)
sched_reserve: reserve took 13.81 ms, sched copies = 1
CUDA Graph id 1662 reused
ggml_backend_cuda_graph_compute: CUDA graph warmup complete
CUDA Graph id 1662 reused
CUDA Graph id 1662 reused
CUDA Graph id 1662 reused
CUDA Graph id 1662 reused
CUDA Graph id 1662 reused
CUDA Graph id 1662 reused
CUDA Graph id 1662 reused
CUDA Graph id 1662 reused
~llama_context:      CUDA0 compute buffer size is 304.0000 MiB, matches expectation of 304.0000 MiB
~llama_context:  CUDA_Host compute buffer size is  14.7637 MiB, matches expectation of  14.7637 MiB
llama_context: constructing llama_context
llama_context: n_seq_max     = 1
llama_context: n_ctx         = 768
llama_context: n_ctx_seq     = 768
llama_context: n_batch       = 760
llama_context: n_ubatch      = 512
llama_context: causal_attn   = 1
llama_context: flash_attn    = auto
llama_context: kv_unified    = false
llama_context: freq_base     = 1000000.0
llama_context: freq_scale    = 1
llama_context: n_rs_seq      = 0
llama_context: n_outputs_max = 760
llama_context: n_ctx_seq (768) < n_ctx_train (32768) -- the full capacity of the model will not be utilized
set_abort_callback: call
llama_context:  CUDA_Host  output buffer size =     0.58 MiB
llama_kv_cache: layer   0: dev = CPU
llama_kv_cache: layer   1: dev = CPU
llama_kv_cache: layer   2: dev = CPU
llama_kv_cache: layer   3: dev = CUDA0
llama_kv_cache: layer   4: dev = CUDA0
llama_kv_cache: layer   5: dev = CUDA0
llama_kv_cache: layer   6: dev = CUDA0
llama_kv_cache: layer   7: dev = CUDA0
llama_kv_cache: layer   8: dev = CUDA0
llama_kv_cache: layer   9: dev = CUDA0
llama_kv_cache: layer  10: dev = CUDA0
llama_kv_cache: layer  11: dev = CUDA0
llama_kv_cache: layer  12: dev = CUDA0
llama_kv_cache: layer  13: dev = CUDA0
llama_kv_cache: layer  14: dev = CUDA0
llama_kv_cache: layer  15: dev = CUDA0
llama_kv_cache: layer  16: dev = CUDA0
llama_kv_cache: layer  17: dev = CUDA0
llama_kv_cache: layer  18: dev = CUDA0
llama_kv_cache: layer  19: dev = CUDA0
llama_kv_cache: layer  20: dev = CUDA0
llama_kv_cache: layer  21: dev = CUDA0
llama_kv_cache: layer  22: dev = CUDA0
llama_kv_cache: layer  23: dev = CUDA0
llama_kv_cache: layer  24: dev = CUDA0
llama_kv_cache: layer  25: dev = CUDA0
llama_kv_cache: layer  26: dev = CUDA0
llama_kv_cache: layer  27: dev = CUDA0
llama_kv_cache:        CPU KV buffer size =     4.50 MiB
llama_kv_cache:      CUDA0 KV buffer size =    37.50 MiB
llama_kv_cache: size =   42.00 MiB (   768 cells,  28 layers,  1/1 seqs), K (f16):   21.00 MiB, V (f16):   21.00 MiB
llama_kv_cache: attn_rot_k = 0, n_embd_head_k_all = 128
llama_kv_cache: attn_rot_v = 0, n_embd_head_k_all = 128
llama_context: enumerating backends
llama_context: backend_ptrs.size() = 2
sched_reserve: reserving ...
sched_reserve: max_nodes = 2712
sched_reserve: reserving full memory module
sched_reserve: worst-case: n_tokens = 512, n_seqs = 1, n_outputs = 1
graph_reserve: reserving a graph for ubatch with n_tokens =    1, n_seqs =  1, n_outputs =    1
sched_reserve: Flash Attention was auto, set to enabled
sched_reserve: resolving fused Gated Delta Net support:
graph_reserve: reserving a graph for ubatch with n_tokens =    1, n_seqs =  1, n_outputs =    1
sched_reserve: fused Gated Delta Net (autoregressive) enabled
graph_reserve: reserving a graph for ubatch with n_tokens =   16, n_seqs =  1, n_outputs =   16
sched_reserve: fused Gated Delta Net (chunked) enabled
graph_reserve: reserving a graph for ubatch with n_tokens =  512, n_seqs =  1, n_outputs =  512
graph_reserve: reserving a graph for ubatch with n_tokens =    1, n_seqs =  1, n_outputs =    1
graph_reserve: reserving a graph for ubatch with n_tokens =  512, n_seqs =  1, n_outputs =  512
sched_reserve:      CUDA0 compute buffer size =   304.00 MiB
sched_reserve:  CUDA_Host compute buffer size =    14.76 MiB
sched_reserve: graph nodes  = 958
sched_reserve: graph splits = 44 (with bs=512), 2 (with bs=1)
sched_reserve: reserve took 12.69 ms, sched copies = 1
CUDA Graph id 1812 reused
ggml_backend_cuda_graph_compute: CUDA graph warmup complete
CUDA Graph id 1812 reused
CUDA Graph id 1812 reused
CUDA Graph id 1812 reused
CUDA Graph id 1812 reused
CUDA Graph id 1812 reused
CUDA Graph id 1812 reused
CUDA Graph id 1812 reused
CUDA Graph id 1812 reused
CUDA Graph id 1812 reused
CUDA Graph id 1812 reused
CUDA Graph id 1812 reused
CUDA Graph id 1812 reused
CUDA Graph id 1812 reused
CUDA Graph id 1812 reused
ggml_backend_cuda_graph_compute: CUDA graph warmup reset
CUDA Graph id 1815 reused
ggml_backend_cuda_graph_compute: CUDA graph warmup complete
CUDA Graph id 1815 reused
CUDA Graph id 1815 reused
CUDA Graph id 1815 reused
CUDA Graph id 1815 reused
CUDA Graph id 1815 reused
CUDA Graph id 1815 reused
CUDA Graph id 1815 reused
CUDA Graph id 1815 reused
CUDA Graph id 1815 reused
CUDA Graph id 1815 reused
CUDA Graph id 1815 reused
CUDA Graph id 1815 reused
CUDA Graph id 1815 reused
CUDA Graph id 1815 reused
CUDA Graph id 1815 reused
CUDA Graph id 1815 reused
CUDA Graph id 1815 reused
CUDA Graph id 1815 reused
CUDA Graph id 1815 reused
CUDA Graph id 1815 reused
CUDA Graph id 1815 reused
~llama_context:      CUDA0 compute buffer size is 304.0000 MiB, matches expectation of 304.0000 MiB
~llama_context:  CUDA_Host compute buffer size is  14.7637 MiB, matches expectation of  14.7637 MiB
schema 152/175 done
llama_context: constructing llama_context
llama_context: n_seq_max     = 1
llama_context: n_ctx         = 768
llama_context: n_ctx_seq     = 768
llama_context: n_batch       = 736
llama_context: n_ubatch      = 512
llama_context: causal_attn   = 1
llama_context: flash_attn    = auto
llama_context: kv_unified    = false
llama_context: freq_base     = 1000000.0
llama_context: freq_scale    = 1
llama_context: n_rs_seq      = 0
llama_context: n_outputs_max = 736
llama_context: n_ctx_seq (768) < n_ctx_train (32768) -- the full capacity of the model will not be utilized
set_abort_callback: call
llama_context:  CUDA_Host  output buffer size =     0.58 MiB
llama_kv_cache: layer   0: dev = CPU
llama_kv_cache: layer   1: dev = CPU
llama_kv_cache: layer   2: dev = CPU
llama_kv_cache: layer   3: dev = CUDA0
llama_kv_cache: layer   4: dev = CUDA0
llama_kv_cache: layer   5: dev = CUDA0
llama_kv_cache: layer   6: dev = CUDA0
llama_kv_cache: layer   7: dev = CUDA0
llama_kv_cache: layer   8: dev = CUDA0
llama_kv_cache: layer   9: dev = CUDA0
llama_kv_cache: layer  10: dev = CUDA0
llama_kv_cache: layer  11: dev = CUDA0
llama_kv_cache: layer  12: dev = CUDA0
llama_kv_cache: layer  13: dev = CUDA0
llama_kv_cache: layer  14: dev = CUDA0
llama_kv_cache: layer  15: dev = CUDA0
llama_kv_cache: layer  16: dev = CUDA0
llama_kv_cache: layer  17: dev = CUDA0
llama_kv_cache: layer  18: dev = CUDA0
llama_kv_cache: layer  19: dev = CUDA0
llama_kv_cache: layer  20: dev = CUDA0
llama_kv_cache: layer  21: dev = CUDA0
llama_kv_cache: layer  22: dev = CUDA0
llama_kv_cache: layer  23: dev = CUDA0
llama_kv_cache: layer  24: dev = CUDA0
llama_kv_cache: layer  25: dev = CUDA0
llama_kv_cache: layer  26: dev = CUDA0
llama_kv_cache: layer  27: dev = CUDA0
llama_kv_cache:        CPU KV buffer size =     4.50 MiB
llama_kv_cache:      CUDA0 KV buffer size =    37.50 MiB
llama_kv_cache: size =   42.00 MiB (   768 cells,  28 layers,  1/1 seqs), K (f16):   21.00 MiB, V (f16):   21.00 MiB
llama_kv_cache: attn_rot_k = 0, n_embd_head_k_all = 128
llama_kv_cache: attn_rot_v = 0, n_embd_head_k_all = 128
llama_context: enumerating backends
llama_context: backend_ptrs.size() = 2
sched_reserve: reserving ...
sched_reserve: max_nodes = 2712
sched_reserve: reserving full memory module
sched_reserve: worst-case: n_tokens = 512, n_seqs = 1, n_outputs = 1
graph_reserve: reserving a graph for ubatch with n_tokens =    1, n_seqs =  1, n_outputs =    1
sched_reserve: Flash Attention was auto, set to enabled
sched_reserve: resolving fused Gated Delta Net support:
graph_reserve: reserving a graph for ubatch with n_tokens =    1, n_seqs =  1, n_outputs =    1
sched_reserve: fused Gated Delta Net (autoregressive) enabled
graph_reserve: reserving a graph for ubatch with n_tokens =   16, n_seqs =  1, n_outputs =   16
sched_reserve: fused Gated Delta Net (chunked) enabled
graph_reserve: reserving a graph for ubatch with n_tokens =  512, n_seqs =  1, n_outputs =  512
graph_reserve: reserving a graph for ubatch with n_tokens =    1, n_seqs =  1, n_outputs =    1
graph_reserve: reserving a graph for ubatch with n_tokens =  512, n_seqs =  1, n_outputs =  512
sched_reserve:      CUDA0 compute buffer size =   304.00 MiB
sched_reserve:  CUDA_Host compute buffer size =    14.76 MiB
sched_reserve: graph nodes  = 958
sched_reserve: graph splits = 44 (with bs=512), 2 (with bs=1)
sched_reserve: reserve took 12.47 ms, sched copies = 1
CUDA Graph id 1965 reused
ggml_backend_cuda_graph_compute: CUDA graph warmup complete
CUDA Graph id 1965 reused
CUDA Graph id 1965 reused
CUDA Graph id 1965 reused
CUDA Graph id 1965 reused
CUDA Graph id 1965 reused
CUDA Graph id 1965 reused
CUDA Graph id 1965 reused
CUDA Graph id 1965 reused
CUDA Graph id 1965 reused
CUDA Graph id 1965 reused
CUDA Graph id 1965 reused
CUDA Graph id 1965 reused
CUDA Graph id 1965 reused
CUDA Graph id 1965 reused
CUDA Graph id 1965 reused
CUDA Graph id 1965 reused
CUDA Graph id 1965 reused
CUDA Graph id 1965 reused
CUDA Graph id 1965 reused
CUDA Graph id 1965 reused
CUDA Graph id 1965 reused
CUDA Graph id 1965 reused
CUDA Graph id 1965 reused
CUDA Graph id 1965 reused
CUDA Graph id 1965 reused
CUDA Graph id 1965 reused
CUDA Graph id 1965 reused
~llama_context:      CUDA0 compute buffer size is 304.0000 MiB, matches expectation of 304.0000 MiB
~llama_context:  CUDA_Host compute buffer size is  14.7637 MiB, matches expectation of  14.7637 MiB
llama_context: constructing llama_context
llama_context: n_seq_max     = 1
llama_context: n_ctx         = 768
llama_context: n_ctx_seq     = 768
llama_context: n_batch       = 736
llama_context: n_ubatch      = 512
llama_context: causal_attn   = 1
llama_context: flash_attn    = auto
llama_context: kv_unified    = false
llama_context: freq_base     = 1000000.0
llama_context: freq_scale    = 1
llama_context: n_rs_seq      = 0
llama_context: n_outputs_max = 736
llama_context: n_ctx_seq (768) < n_ctx_train (32768) -- the full capacity of the model will not be utilized
set_abort_callback: call
llama_context:  CUDA_Host  output buffer size =     0.58 MiB
llama_kv_cache: layer   0: dev = CPU
llama_kv_cache: layer   1: dev = CPU
llama_kv_cache: layer   2: dev = CPU
llama_kv_cache: layer   3: dev = CUDA0
llama_kv_cache: layer   4: dev = CUDA0
llama_kv_cache: layer   5: dev = CUDA0
llama_kv_cache: layer   6: dev = CUDA0
llama_kv_cache: layer   7: dev = CUDA0
llama_kv_cache: layer   8: dev = CUDA0
llama_kv_cache: layer   9: dev = CUDA0
llama_kv_cache: layer  10: dev = CUDA0
llama_kv_cache: layer  11: dev = CUDA0
llama_kv_cache: layer  12: dev = CUDA0
llama_kv_cache: layer  13: dev = CUDA0
llama_kv_cache: layer  14: dev = CUDA0
llama_kv_cache: layer  15: dev = CUDA0
llama_kv_cache: layer  16: dev = CUDA0
llama_kv_cache: layer  17: dev = CUDA0
llama_kv_cache: layer  18: dev = CUDA0
llama_kv_cache: layer  19: dev = CUDA0
llama_kv_cache: layer  20: dev = CUDA0
llama_kv_cache: layer  21: dev = CUDA0
llama_kv_cache: layer  22: dev = CUDA0
llama_kv_cache: layer  23: dev = CUDA0
llama_kv_cache: layer  24: dev = CUDA0
llama_kv_cache: layer  25: dev = CUDA0
llama_kv_cache: layer  26: dev = CUDA0
llama_kv_cache: layer  27: dev = CUDA0
llama_kv_cache:        CPU KV buffer size =     4.50 MiB
llama_kv_cache:      CUDA0 KV buffer size =    37.50 MiB
llama_kv_cache: size =   42.00 MiB (   768 cells,  28 layers,  1/1 seqs), K (f16):   21.00 MiB, V (f16):   21.00 MiB
llama_kv_cache: attn_rot_k = 0, n_embd_head_k_all = 128
llama_kv_cache: attn_rot_v = 0, n_embd_head_k_all = 128
llama_context: enumerating backends
llama_context: backend_ptrs.size() = 2
sched_reserve: reserving ...
sched_reserve: max_nodes = 2712
sched_reserve: reserving full memory module
sched_reserve: worst-case: n_tokens = 512, n_seqs = 1, n_outputs = 1
graph_reserve: reserving a graph for ubatch with n_tokens =    1, n_seqs =  1, n_outputs =    1
sched_reserve: Flash Attention was auto, set to enabled
sched_reserve: resolving fused Gated Delta Net support:
graph_reserve: reserving a graph for ubatch with n_tokens =    1, n_seqs =  1, n_outputs =    1
sched_reserve: fused Gated Delta Net (autoregressive) enabled
graph_reserve: reserving a graph for ubatch with n_tokens =   16, n_seqs =  1, n_outputs =   16
sched_reserve: fused Gated Delta Net (chunked) enabled
graph_reserve: reserving a graph for ubatch with n_tokens =  512, n_seqs =  1, n_outputs =  512
graph_reserve: reserving a graph for ubatch with n_tokens =    1, n_seqs =  1, n_outputs =    1
graph_reserve: reserving a graph for ubatch with n_tokens =  512, n_seqs =  1, n_outputs =  512
sched_reserve:      CUDA0 compute buffer size =   304.00 MiB
sched_reserve:  CUDA_Host compute buffer size =    14.76 MiB
sched_reserve: graph nodes  = 958
sched_reserve: graph splits = 44 (with bs=512), 2 (with bs=1)
sched_reserve: reserve took 20.00 ms, sched copies = 1
CUDA Graph id 2115 reused
ggml_backend_cuda_graph_compute: CUDA graph warmup complete
CUDA Graph id 2115 reused
CUDA Graph id 2115 reused
CUDA Graph id 2115 reused
CUDA Graph id 2115 reused
CUDA Graph id 2115 reused
CUDA Graph id 2115 reused
CUDA Graph id 2115 reused
CUDA Graph id 2115 reused
CUDA Graph id 2115 reused
CUDA Graph id 2115 reused
CUDA Graph id 2115 reused
CUDA Graph id 2115 reused
CUDA Graph id 2115 reused
CUDA Graph id 2115 reused
CUDA Graph id 2115 reused
CUDA Graph id 2115 reused
CUDA Graph id 2115 reused
CUDA Graph id 2115 reused
CUDA Graph id 2115 reused
CUDA Graph id 2115 reused
CUDA Graph id 2115 reused
CUDA Graph id 2115 reused
CUDA Graph id 2115 reused
CUDA Graph id 2115 reused
CUDA Graph id 2115 reused
CUDA Graph id 2115 reused
CUDA Graph id 2115 reused
~llama_context:      CUDA0 compute buffer size is 304.0000 MiB, matches expectation of 304.0000 MiB
~llama_context:  CUDA_Host compute buffer size is  14.7637 MiB, matches expectation of  14.7637 MiB
llama_context: constructing llama_context
llama_context: n_seq_max     = 1
llama_context: n_ctx         = 768
llama_context: n_ctx_seq     = 768
llama_context: n_batch       = 736
llama_context: n_ubatch      = 512
llama_context: causal_attn   = 1
llama_context: flash_attn    = auto
llama_context: kv_unified    = false
llama_context: freq_base     = 1000000.0
llama_context: freq_scale    = 1
llama_context: n_rs_seq      = 0
llama_context: n_outputs_max = 736
llama_context: n_ctx_seq (768) < n_ctx_train (32768) -- the full capacity of the model will not be utilized
set_abort_callback: call
llama_context:  CUDA_Host  output buffer size =     0.58 MiB
llama_kv_cache: layer   0: dev = CPU
llama_kv_cache: layer   1: dev = CPU
llama_kv_cache: layer   2: dev = CPU
llama_kv_cache: layer   3: dev = CUDA0
llama_kv_cache: layer   4: dev = CUDA0
llama_kv_cache: layer   5: dev = CUDA0
llama_kv_cache: layer   6: dev = CUDA0
llama_kv_cache: layer   7: dev = CUDA0
llama_kv_cache: layer   8: dev = CUDA0
llama_kv_cache: layer   9: dev = CUDA0
llama_kv_cache: layer  10: dev = CUDA0
llama_kv_cache: layer  11: dev = CUDA0
llama_kv_cache: layer  12: dev = CUDA0
llama_kv_cache: layer  13: dev = CUDA0
llama_kv_cache: layer  14: dev = CUDA0
llama_kv_cache: layer  15: dev = CUDA0
llama_kv_cache: layer  16: dev = CUDA0
llama_kv_cache: layer  17: dev = CUDA0
llama_kv_cache: layer  18: dev = CUDA0
llama_kv_cache: layer  19: dev = CUDA0
llama_kv_cache: layer  20: dev = CUDA0
llama_kv_cache: layer  21: dev = CUDA0
llama_kv_cache: layer  22: dev = CUDA0
llama_kv_cache: layer  23: dev = CUDA0
llama_kv_cache: layer  24: dev = CUDA0
llama_kv_cache: layer  25: dev = CUDA0
llama_kv_cache: layer  26: dev = CUDA0
llama_kv_cache: layer  27: dev = CUDA0
llama_kv_cache:        CPU KV buffer size =     4.50 MiB
llama_kv_cache:      CUDA0 KV buffer size =    37.50 MiB
llama_kv_cache: size =   42.00 MiB (   768 cells,  28 layers,  1/1 seqs), K (f16):   21.00 MiB, V (f16):   21.00 MiB
llama_kv_cache: attn_rot_k = 0, n_embd_head_k_all = 128
llama_kv_cache: attn_rot_v = 0, n_embd_head_k_all = 128
llama_context: enumerating backends
llama_context: backend_ptrs.size() = 2
sched_reserve: reserving ...
sched_reserve: max_nodes = 2712
sched_reserve: reserving full memory module
sched_reserve: worst-case: n_tokens = 512, n_seqs = 1, n_outputs = 1
graph_reserve: reserving a graph for ubatch with n_tokens =    1, n_seqs =  1, n_outputs =    1
sched_reserve: Flash Attention was auto, set to enabled
sched_reserve: resolving fused Gated Delta Net support:
graph_reserve: reserving a graph for ubatch with n_tokens =    1, n_seqs =  1, n_outputs =    1
sched_reserve: fused Gated Delta Net (autoregressive) enabled
graph_reserve: reserving a graph for ubatch with n_tokens =   16, n_seqs =  1, n_outputs =   16
sched_reserve: fused Gated Delta Net (chunked) enabled
graph_reserve: reserving a graph for ubatch with n_tokens =  512, n_seqs =  1, n_outputs =  512
graph_reserve: reserving a graph for ubatch with n_tokens =    1, n_seqs =  1, n_outputs =    1
graph_reserve: reserving a graph for ubatch with n_tokens =  512, n_seqs =  1, n_outputs =  512
sched_reserve:      CUDA0 compute buffer size =   304.00 MiB
sched_reserve:  CUDA_Host compute buffer size =    14.76 MiB
sched_reserve: graph nodes  = 958
sched_reserve: graph splits = 44 (with bs=512), 2 (with bs=1)
sched_reserve: reserve took 13.08 ms, sched copies = 1
CUDA Graph id 2265 reused
ggml_backend_cuda_graph_compute: CUDA graph warmup complete
CUDA Graph id 2265 reused
CUDA Graph id 2265 reused
CUDA Graph id 2265 reused
CUDA Graph id 2265 reused
CUDA Graph id 2265 reused
CUDA Graph id 2265 reused
CUDA Graph id 2265 reused
CUDA Graph id 2265 reused
CUDA Graph id 2265 reused
CUDA Graph id 2265 reused
CUDA Graph id 2265 reused
CUDA Graph id 2265 reused
CUDA Graph id 2265 reused
CUDA Graph id 2265 reused
CUDA Graph id 2265 reused
CUDA Graph id 2265 reused
CUDA Graph id 2265 reused
CUDA Graph id 2265 reused
CUDA Graph id 2265 reused
CUDA Graph id 2265 reused
CUDA Graph id 2265 reused
CUDA Graph id 2265 reused
CUDA Graph id 2265 reused
CUDA Graph id 2265 reused
CUDA Graph id 2265 reused
~llama_context:      CUDA0 compute buffer size is 304.0000 MiB, matches expectation of 304.0000 MiB
~llama_context:  CUDA_Host compute buffer size is  14.7637 MiB, matches expectation of  14.7637 MiB
llama_context: constructing llama_context
llama_context: n_seq_max     = 1
llama_context: n_ctx         = 768
llama_context: n_ctx_seq     = 768
llama_context: n_batch       = 736
llama_context: n_ubatch      = 512
llama_context: causal_attn   = 1
llama_context: flash_attn    = auto
llama_context: kv_unified    = false
llama_context: freq_base     = 1000000.0
llama_context: freq_scale    = 1
llama_context: n_rs_seq      = 0
llama_context: n_outputs_max = 736
llama_context: n_ctx_seq (768) < n_ctx_train (32768) -- the full capacity of the model will not be utilized
set_abort_callback: call
llama_context:  CUDA_Host  output buffer size =     0.58 MiB
llama_kv_cache: layer   0: dev = CPU
llama_kv_cache: layer   1: dev = CPU
llama_kv_cache: layer   2: dev = CPU
llama_kv_cache: layer   3: dev = CUDA0
llama_kv_cache: layer   4: dev = CUDA0
llama_kv_cache: layer   5: dev = CUDA0
llama_kv_cache: layer   6: dev = CUDA0
llama_kv_cache: layer   7: dev = CUDA0
llama_kv_cache: layer   8: dev = CUDA0
llama_kv_cache: layer   9: dev = CUDA0
llama_kv_cache: layer  10: dev = CUDA0
llama_kv_cache: layer  11: dev = CUDA0
llama_kv_cache: layer  12: dev = CUDA0
llama_kv_cache: layer  13: dev = CUDA0
llama_kv_cache: layer  14: dev = CUDA0
llama_kv_cache: layer  15: dev = CUDA0
llama_kv_cache: layer  16: dev = CUDA0
llama_kv_cache: layer  17: dev = CUDA0
llama_kv_cache: layer  18: dev = CUDA0
llama_kv_cache: layer  19: dev = CUDA0
llama_kv_cache: layer  20: dev = CUDA0
llama_kv_cache: layer  21: dev = CUDA0
llama_kv_cache: layer  22: dev = CUDA0
llama_kv_cache: layer  23: dev = CUDA0
llama_kv_cache: layer  24: dev = CUDA0
llama_kv_cache: layer  25: dev = CUDA0
llama_kv_cache: layer  26: dev = CUDA0
llama_kv_cache: layer  27: dev = CUDA0
llama_kv_cache:        CPU KV buffer size =     4.50 MiB
llama_kv_cache:      CUDA0 KV buffer size =    37.50 MiB
llama_kv_cache: size =   42.00 MiB (   768 cells,  28 layers,  1/1 seqs), K (f16):   21.00 MiB, V (f16):   21.00 MiB
llama_kv_cache: attn_rot_k = 0, n_embd_head_k_all = 128
llama_kv_cache: attn_rot_v = 0, n_embd_head_k_all = 128
llama_context: enumerating backends
llama_context: backend_ptrs.size() = 2
sched_reserve: reserving ...
sched_reserve: max_nodes = 2712
sched_reserve: reserving full memory module
sched_reserve: worst-case: n_tokens = 512, n_seqs = 1, n_outputs = 1
graph_reserve: reserving a graph for ubatch with n_tokens =    1, n_seqs =  1, n_outputs =    1
sched_reserve: Flash Attention was auto, set to enabled
sched_reserve: resolving fused Gated Delta Net support:
graph_reserve: reserving a graph for ubatch with n_tokens =    1, n_seqs =  1, n_outputs =    1
sched_reserve: fused Gated Delta Net (autoregressive) enabled
graph_reserve: reserving a graph for ubatch with n_tokens =   16, n_seqs =  1, n_outputs =   16
sched_reserve: fused Gated Delta Net (chunked) enabled
graph_reserve: reserving a graph for ubatch with n_tokens =  512, n_seqs =  1, n_outputs =  512
graph_reserve: reserving a graph for ubatch with n_tokens =    1, n_seqs =  1, n_outputs =    1
graph_reserve: reserving a graph for ubatch with n_tokens =  512, n_seqs =  1, n_outputs =  512
sched_reserve:      CUDA0 compute buffer size =   304.00 MiB
sched_reserve:  CUDA_Host compute buffer size =    14.76 MiB
sched_reserve: graph nodes  = 958
sched_reserve: graph splits = 44 (with bs=512), 2 (with bs=1)
sched_reserve: reserve took 10.80 ms, sched copies = 1
CUDA Graph id 2415 reused
ggml_backend_cuda_graph_compute: CUDA graph warmup complete
CUDA Graph id 2415 reused
CUDA Graph id 2415 reused
CUDA Graph id 2415 reused
CUDA Graph id 2415 reused
CUDA Graph id 2415 reused
CUDA Graph id 2415 reused
CUDA Graph id 2415 reused
CUDA Graph id 2415 reused
CUDA Graph id 2415 reused
CUDA Graph id 2415 reused
CUDA Graph id 2415 reused
CUDA Graph id 2415 reused
CUDA Graph id 2415 reused
CUDA Graph id 2415 reused
CUDA Graph id 2415 reused
CUDA Graph id 2415 reused
CUDA Graph id 2415 reused
CUDA Graph id 2415 reused
CUDA Graph id 2415 reused
CUDA Graph id 2415 reused
CUDA Graph id 2415 reused
CUDA Graph id 2415 reused
CUDA Graph id 2415 reused
CUDA Graph id 2415 reused
CUDA Graph id 2415 reused
CUDA Graph id 2415 reused
CUDA Graph id 2415 reused
CUDA Graph id 2415 reused
CUDA Graph id 2415 reused
CUDA Graph id 2415 reused
CUDA Graph id 2415 reused
CUDA Graph id 2415 reused
~llama_context:      CUDA0 compute buffer size is 304.0000 MiB, matches expectation of 304.0000 MiB
~llama_context:  CUDA_Host compute buffer size is  14.7637 MiB, matches expectation of  14.7637 MiB
llama_context: constructing llama_context
llama_context: n_seq_max     = 1
llama_context: n_ctx         = 768
llama_context: n_ctx_seq     = 768
llama_context: n_batch       = 736
llama_context: n_ubatch      = 512
llama_context: causal_attn   = 1
llama_context: flash_attn    = auto
llama_context: kv_unified    = false
llama_context: freq_base     = 1000000.0
llama_context: freq_scale    = 1
llama_context: n_rs_seq      = 0
llama_context: n_outputs_max = 736
llama_context: n_ctx_seq (768) < n_ctx_train (32768) -- the full capacity of the model will not be utilized
set_abort_callback: call
llama_context:  CUDA_Host  output buffer size =     0.58 MiB
llama_kv_cache: layer   0: dev = CPU
llama_kv_cache: layer   1: dev = CPU
llama_kv_cache: layer   2: dev = CPU
llama_kv_cache: layer   3: dev = CUDA0
llama_kv_cache: layer   4: dev = CUDA0
llama_kv_cache: layer   5: dev = CUDA0
llama_kv_cache: layer   6: dev = CUDA0
llama_kv_cache: layer   7: dev = CUDA0
llama_kv_cache: layer   8: dev = CUDA0
llama_kv_cache: layer   9: dev = CUDA0
llama_kv_cache: layer  10: dev = CUDA0
llama_kv_cache: layer  11: dev = CUDA0
llama_kv_cache: layer  12: dev = CUDA0
llama_kv_cache: layer  13: dev = CUDA0
llama_kv_cache: layer  14: dev = CUDA0
llama_kv_cache: layer  15: dev = CUDA0
llama_kv_cache: layer  16: dev = CUDA0
llama_kv_cache: layer  17: dev = CUDA0
llama_kv_cache: layer  18: dev = CUDA0
llama_kv_cache: layer  19: dev = CUDA0
llama_kv_cache: layer  20: dev = CUDA0
llama_kv_cache: layer  21: dev = CUDA0
llama_kv_cache: layer  22: dev = CUDA0
llama_kv_cache: layer  23: dev = CUDA0
llama_kv_cache: layer  24: dev = CUDA0
llama_kv_cache: layer  25: dev = CUDA0
llama_kv_cache: layer  26: dev = CUDA0
llama_kv_cache: layer  27: dev = CUDA0
llama_kv_cache:        CPU KV buffer size =     4.50 MiB
llama_kv_cache:      CUDA0 KV buffer size =    37.50 MiB
llama_kv_cache: size =   42.00 MiB (   768 cells,  28 layers,  1/1 seqs), K (f16):   21.00 MiB, V (f16):   21.00 MiB
llama_kv_cache: attn_rot_k = 0, n_embd_head_k_all = 128
llama_kv_cache: attn_rot_v = 0, n_embd_head_k_all = 128
llama_context: enumerating backends
llama_context: backend_ptrs.size() = 2
sched_reserve: reserving ...
sched_reserve: max_nodes = 2712
sched_reserve: reserving full memory module
sched_reserve: worst-case: n_tokens = 512, n_seqs = 1, n_outputs = 1
graph_reserve: reserving a graph for ubatch with n_tokens =    1, n_seqs =  1, n_outputs =    1
sched_reserve: Flash Attention was auto, set to enabled
sched_reserve: resolving fused Gated Delta Net support:
graph_reserve: reserving a graph for ubatch with n_tokens =    1, n_seqs =  1, n_outputs =    1
sched_reserve: fused Gated Delta Net (autoregressive) enabled
graph_reserve: reserving a graph for ubatch with n_tokens =   16, n_seqs =  1, n_outputs =   16
sched_reserve: fused Gated Delta Net (chunked) enabled
graph_reserve: reserving a graph for ubatch with n_tokens =  512, n_seqs =  1, n_outputs =  512
graph_reserve: reserving a graph for ubatch with n_tokens =    1, n_seqs =  1, n_outputs =    1
graph_reserve: reserving a graph for ubatch with n_tokens =  512, n_seqs =  1, n_outputs =  512
sched_reserve:      CUDA0 compute buffer size =   304.00 MiB
sched_reserve:  CUDA_Host compute buffer size =    14.76 MiB
sched_reserve: graph nodes  = 958
sched_reserve: graph splits = 44 (with bs=512), 2 (with bs=1)
sched_reserve: reserve took 11.39 ms, sched copies = 1
CUDA Graph id 2565 reused
ggml_backend_cuda_graph_compute: CUDA graph warmup complete
CUDA Graph id 2565 reused
CUDA Graph id 2565 reused
CUDA Graph id 2565 reused
CUDA Graph id 2565 reused
CUDA Graph id 2565 reused
CUDA Graph id 2565 reused
CUDA Graph id 2565 reused
CUDA Graph id 2565 reused
CUDA Graph id 2565 reused
CUDA Graph id 2565 reused
CUDA Graph id 2565 reused
CUDA Graph id 2565 reused
CUDA Graph id 2565 reused
CUDA Graph id 2565 reused
CUDA Graph id 2565 reused
CUDA Graph id 2565 reused
CUDA Graph id 2565 reused
~llama_context:      CUDA0 compute buffer size is 304.0000 MiB, matches expectation of 304.0000 MiB
~llama_context:  CUDA_Host compute buffer size is  14.7637 MiB, matches expectation of  14.7637 MiB
llama_context: constructing llama_context
llama_context: n_seq_max     = 1
llama_context: n_ctx         = 768
llama_context: n_ctx_seq     = 768
llama_context: n_batch       = 736
llama_context: n_ubatch      = 512
llama_context: causal_attn   = 1
llama_context: flash_attn    = auto
llama_context: kv_unified    = false
llama_context: freq_base     = 1000000.0
llama_context: freq_scale    = 1
llama_context: n_rs_seq      = 0
llama_context: n_outputs_max = 736
llama_context: n_ctx_seq (768) < n_ctx_train (32768) -- the full capacity of the model will not be utilized
set_abort_callback: call
llama_context:  CUDA_Host  output buffer size =     0.58 MiB
llama_kv_cache: layer   0: dev = CPU
llama_kv_cache: layer   1: dev = CPU
llama_kv_cache: layer   2: dev = CPU
llama_kv_cache: layer   3: dev = CUDA0
llama_kv_cache: layer   4: dev = CUDA0
llama_kv_cache: layer   5: dev = CUDA0
llama_kv_cache: layer   6: dev = CUDA0
llama_kv_cache: layer   7: dev = CUDA0
llama_kv_cache: layer   8: dev = CUDA0
llama_kv_cache: layer   9: dev = CUDA0
llama_kv_cache: layer  10: dev = CUDA0
llama_kv_cache: layer  11: dev = CUDA0
llama_kv_cache: layer  12: dev = CUDA0
llama_kv_cache: layer  13: dev = CUDA0
llama_kv_cache: layer  14: dev = CUDA0
llama_kv_cache: layer  15: dev = CUDA0
llama_kv_cache: layer  16: dev = CUDA0
llama_kv_cache: layer  17: dev = CUDA0
llama_kv_cache: layer  18: dev = CUDA0
llama_kv_cache: layer  19: dev = CUDA0
llama_kv_cache: layer  20: dev = CUDA0
llama_kv_cache: layer  21: dev = CUDA0
llama_kv_cache: layer  22: dev = CUDA0
llama_kv_cache: layer  23: dev = CUDA0
llama_kv_cache: layer  24: dev = CUDA0
llama_kv_cache: layer  25: dev = CUDA0
llama_kv_cache: layer  26: dev = CUDA0
llama_kv_cache: layer  27: dev = CUDA0
llama_kv_cache:        CPU KV buffer size =     4.50 MiB
llama_kv_cache:      CUDA0 KV buffer size =    37.50 MiB
llama_kv_cache: size =   42.00 MiB (   768 cells,  28 layers,  1/1 seqs), K (f16):   21.00 MiB, V (f16):   21.00 MiB
llama_kv_cache: attn_rot_k = 0, n_embd_head_k_all = 128
llama_kv_cache: attn_rot_v = 0, n_embd_head_k_all = 128
llama_context: enumerating backends
llama_context: backend_ptrs.size() = 2
sched_reserve: reserving ...
sched_reserve: max_nodes = 2712
sched_reserve: reserving full memory module
sched_reserve: worst-case: n_tokens = 512, n_seqs = 1, n_outputs = 1
graph_reserve: reserving a graph for ubatch with n_tokens =    1, n_seqs =  1, n_outputs =    1
sched_reserve: Flash Attention was auto, set to enabled
sched_reserve: resolving fused Gated Delta Net support:
graph_reserve: reserving a graph for ubatch with n_tokens =    1, n_seqs =  1, n_outputs =    1
sched_reserve: fused Gated Delta Net (autoregressive) enabled
graph_reserve: reserving a graph for ubatch with n_tokens =   16, n_seqs =  1, n_outputs =   16
sched_reserve: fused Gated Delta Net (chunked) enabled
graph_reserve: reserving a graph for ubatch with n_tokens =  512, n_seqs =  1, n_outputs =  512
graph_reserve: reserving a graph for ubatch with n_tokens =    1, n_seqs =  1, n_outputs =    1
graph_reserve: reserving a graph for ubatch with n_tokens =  512, n_seqs =  1, n_outputs =  512
sched_reserve:      CUDA0 compute buffer size =   304.00 MiB
sched_reserve:  CUDA_Host compute buffer size =    14.76 MiB
sched_reserve: graph nodes  = 958
sched_reserve: graph splits = 44 (with bs=512), 2 (with bs=1)
sched_reserve: reserve took 15.14 ms, sched copies = 1
CUDA Graph id 2715 reused
ggml_backend_cuda_graph_compute: CUDA graph warmup complete
CUDA Graph id 2715 reused
CUDA Graph id 2715 reused
CUDA Graph id 2715 reused
CUDA Graph id 2715 reused
CUDA Graph id 2715 reused
CUDA Graph id 2715 reused
CUDA Graph id 2715 reused
CUDA Graph id 2715 reused
CUDA Graph id 2715 reused
~llama_context:      CUDA0 compute buffer size is 304.0000 MiB, matches expectation of 304.0000 MiB
~llama_context:  CUDA_Host compute buffer size is  14.7637 MiB, matches expectation of  14.7637 MiB
schema 153/175 done
llama_context: constructing llama_context
llama_context: n_seq_max     = 1
llama_context: n_ctx         = 768
llama_context: n_ctx_seq     = 768
llama_context: n_batch       = 670
llama_context: n_ubatch      = 512
llama_context: causal_attn   = 1
llama_context: flash_attn    = auto
llama_context: kv_unified    = false
llama_context: freq_base     = 1000000.0
llama_context: freq_scale    = 1
llama_context: n_rs_seq      = 0
llama_context: n_outputs_max = 670
llama_context: n_ctx_seq (768) < n_ctx_train (32768) -- the full capacity of the model will not be utilized
set_abort_callback: call
llama_context:  CUDA_Host  output buffer size =     0.58 MiB
llama_kv_cache: layer   0: dev = CPU
llama_kv_cache: layer   1: dev = CPU
llama_kv_cache: layer   2: dev = CPU
llama_kv_cache: layer   3: dev = CUDA0
llama_kv_cache: layer   4: dev = CUDA0
llama_kv_cache: layer   5: dev = CUDA0
llama_kv_cache: layer   6: dev = CUDA0
llama_kv_cache: layer   7: dev = CUDA0
llama_kv_cache: layer   8: dev = CUDA0
llama_kv_cache: layer   9: dev = CUDA0
llama_kv_cache: layer  10: dev = CUDA0
llama_kv_cache: layer  11: dev = CUDA0
llama_kv_cache: layer  12: dev = CUDA0
llama_kv_cache: layer  13: dev = CUDA0
llama_kv_cache: layer  14: dev = CUDA0
llama_kv_cache: layer  15: dev = CUDA0
llama_kv_cache: layer  16: dev = CUDA0
llama_kv_cache: layer  17: dev = CUDA0
llama_kv_cache: layer  18: dev = CUDA0
llama_kv_cache: layer  19: dev = CUDA0
llama_kv_cache: layer  20: dev = CUDA0
llama_kv_cache: layer  21: dev = CUDA0
llama_kv_cache: layer  22: dev = CUDA0
llama_kv_cache: layer  23: dev = CUDA0
llama_kv_cache: layer  24: dev = CUDA0
llama_kv_cache: layer  25: dev = CUDA0
llama_kv_cache: layer  26: dev = CUDA0
llama_kv_cache: layer  27: dev = CUDA0
llama_kv_cache:        CPU KV buffer size =     4.50 MiB
llama_kv_cache:      CUDA0 KV buffer size =    37.50 MiB
llama_kv_cache: size =   42.00 MiB (   768 cells,  28 layers,  1/1 seqs), K (f16):   21.00 MiB, V (f16):   21.00 MiB
llama_kv_cache: attn_rot_k = 0, n_embd_head_k_all = 128
llama_kv_cache: attn_rot_v = 0, n_embd_head_k_all = 128
llama_context: enumerating backends
llama_context: backend_ptrs.size() = 2
sched_reserve: reserving ...
sched_reserve: max_nodes = 2712
sched_reserve: reserving full memory module
sched_reserve: worst-case: n_tokens = 512, n_seqs = 1, n_outputs = 1
graph_reserve: reserving a graph for ubatch with n_tokens =    1, n_seqs =  1, n_outputs =    1
sched_reserve: Flash Attention was auto, set to enabled
sched_reserve: resolving fused Gated Delta Net support:
graph_reserve: reserving a graph for ubatch with n_tokens =    1, n_seqs =  1, n_outputs =    1
sched_reserve: fused Gated Delta Net (autoregressive) enabled
graph_reserve: reserving a graph for ubatch with n_tokens =   16, n_seqs =  1, n_outputs =   16
sched_reserve: fused Gated Delta Net (chunked) enabled
graph_reserve: reserving a graph for ubatch with n_tokens =  512, n_seqs =  1, n_outputs =  512
graph_reserve: reserving a graph for ubatch with n_tokens =    1, n_seqs =  1, n_outputs =    1
graph_reserve: reserving a graph for ubatch with n_tokens =  512, n_seqs =  1, n_outputs =  512
sched_reserve:      CUDA0 compute buffer size =   304.00 MiB
sched_reserve:  CUDA_Host compute buffer size =    14.76 MiB
sched_reserve: graph nodes  = 958
sched_reserve: graph splits = 44 (with bs=512), 2 (with bs=1)
sched_reserve: reserve took 22.51 ms, sched copies = 1
CUDA Graph id 2865 reused
ggml_backend_cuda_graph_compute: CUDA graph warmup complete
CUDA Graph id 2865 reused
CUDA Graph id 2865 reused
CUDA Graph id 2865 reused
CUDA Graph id 2865 reused
CUDA Graph id 2865 reused
CUDA Graph id 2865 reused
CUDA Graph id 2865 reused
CUDA Graph id 2865 reused
CUDA Graph id 2865 reused
CUDA Graph id 2865 reused
CUDA Graph id 2865 reused
CUDA Graph id 2865 reused
CUDA Graph id 2865 reused
CUDA Graph id 2865 reused
CUDA Graph id 2865 reused
CUDA Graph id 2865 reused
CUDA Graph id 2865 reused
CUDA Graph id 2865 reused
CUDA Graph id 2865 reused
CUDA Graph id 2865 reused
CUDA Graph id 2865 reused
CUDA Graph id 2865 reused
CUDA Graph id 2865 reused
~llama_context:      CUDA0 compute buffer size is 304.0000 MiB, matches expectation of 304.0000 MiB
~llama_context:  CUDA_Host compute buffer size is  14.7637 MiB, matches expectation of  14.7637 MiB
llama_context: constructing llama_context
llama_context: n_seq_max     = 1
llama_context: n_ctx         = 768
llama_context: n_ctx_seq     = 768
llama_context: n_batch       = 670
llama_context: n_ubatch      = 512
llama_context: causal_attn   = 1
llama_context: flash_attn    = auto
llama_context: kv_unified    = false
llama_context: freq_base     = 1000000.0
llama_context: freq_scale    = 1
llama_context: n_rs_seq      = 0
llama_context: n_outputs_max = 670
llama_context: n_ctx_seq (768) < n_ctx_train (32768) -- the full capacity of the model will not be utilized
set_abort_callback: call
llama_context:  CUDA_Host  output buffer size =     0.58 MiB
llama_kv_cache: layer   0: dev = CPU
llama_kv_cache: layer   1: dev = CPU
llama_kv_cache: layer   2: dev = CPU
llama_kv_cache: layer   3: dev = CUDA0
llama_kv_cache: layer   4: dev = CUDA0
llama_kv_cache: layer   5: dev = CUDA0
llama_kv_cache: layer   6: dev = CUDA0
llama_kv_cache: layer   7: dev = CUDA0
llama_kv_cache: layer   8: dev = CUDA0
llama_kv_cache: layer   9: dev = CUDA0
llama_kv_cache: layer  10: dev = CUDA0
llama_kv_cache: layer  11: dev = CUDA0
llama_kv_cache: layer  12: dev = CUDA0
llama_kv_cache: layer  13: dev = CUDA0
llama_kv_cache: layer  14: dev = CUDA0
llama_kv_cache: layer  15: dev = CUDA0
llama_kv_cache: layer  16: dev = CUDA0
llama_kv_cache: layer  17: dev = CUDA0
llama_kv_cache: layer  18: dev = CUDA0
llama_kv_cache: layer  19: dev = CUDA0
llama_kv_cache: layer  20: dev = CUDA0
llama_kv_cache: layer  21: dev = CUDA0
llama_kv_cache: layer  22: dev = CUDA0
llama_kv_cache: layer  23: dev = CUDA0
llama_kv_cache: layer  24: dev = CUDA0
llama_kv_cache: layer  25: dev = CUDA0
llama_kv_cache: layer  26: dev = CUDA0
llama_kv_cache: layer  27: dev = CUDA0
llama_kv_cache:        CPU KV buffer size =     4.50 MiB
llama_kv_cache:      CUDA0 KV buffer size =    37.50 MiB
llama_kv_cache: size =   42.00 MiB (   768 cells,  28 layers,  1/1 seqs), K (f16):   21.00 MiB, V (f16):   21.00 MiB
llama_kv_cache: attn_rot_k = 0, n_embd_head_k_all = 128
llama_kv_cache: attn_rot_v = 0, n_embd_head_k_all = 128
llama_context: enumerating backends
llama_context: backend_ptrs.size() = 2
sched_reserve: reserving ...
sched_reserve: max_nodes = 2712
sched_reserve: reserving full memory module
sched_reserve: worst-case: n_tokens = 512, n_seqs = 1, n_outputs = 1
graph_reserve: reserving a graph for ubatch with n_tokens =    1, n_seqs =  1, n_outputs =    1
sched_reserve: Flash Attention was auto, set to enabled
sched_reserve: resolving fused Gated Delta Net support:
graph_reserve: reserving a graph for ubatch with n_tokens =    1, n_seqs =  1, n_outputs =    1
sched_reserve: fused Gated Delta Net (autoregressive) enabled
graph_reserve: reserving a graph for ubatch with n_tokens =   16, n_seqs =  1, n_outputs =   16
sched_reserve: fused Gated Delta Net (chunked) enabled
graph_reserve: reserving a graph for ubatch with n_tokens =  512, n_seqs =  1, n_outputs =  512
graph_reserve: reserving a graph for ubatch with n_tokens =    1, n_seqs =  1, n_outputs =    1
graph_reserve: reserving a graph for ubatch with n_tokens =  512, n_seqs =  1, n_outputs =  512
sched_reserve:      CUDA0 compute buffer size =   304.00 MiB
sched_reserve:  CUDA_Host compute buffer size =    14.76 MiB
sched_reserve: graph nodes  = 958
sched_reserve: graph splits = 44 (with bs=512), 2 (with bs=1)
sched_reserve: reserve took 14.11 ms, sched copies = 1
CUDA Graph id 3015 reused
ggml_backend_cuda_graph_compute: CUDA graph warmup complete
CUDA Graph id 3015 reused
CUDA Graph id 3015 reused
CUDA Graph id 3015 reused
CUDA Graph id 3015 reused
CUDA Graph id 3015 reused
CUDA Graph id 3015 reused
CUDA Graph id 3015 reused
CUDA Graph id 3015 reused
CUDA Graph id 3015 reused
CUDA Graph id 3015 reused
CUDA Graph id 3015 reused
CUDA Graph id 3015 reused
CUDA Graph id 3015 reused
CUDA Graph id 3015 reused
CUDA Graph id 3015 reused
CUDA Graph id 3015 reused
CUDA Graph id 3015 reused
CUDA Graph id 3015 reused
CUDA Graph id 3015 reused
CUDA Graph id 3015 reused
CUDA Graph id 3015 reused
CUDA Graph id 3015 reused
CUDA Graph id 3015 reused
~llama_context:      CUDA0 compute buffer size is 304.0000 MiB, matches expectation of 304.0000 MiB
~llama_context:  CUDA_Host compute buffer size is  14.7637 MiB, matches expectation of  14.7637 MiB
llama_context: constructing llama_context
llama_context: n_seq_max     = 1
llama_context: n_ctx         = 768
llama_context: n_ctx_seq     = 768
llama_context: n_batch       = 670
llama_context: n_ubatch      = 512
llama_context: causal_attn   = 1
llama_context: flash_attn    = auto
llama_context: kv_unified    = false
llama_context: freq_base     = 1000000.0
llama_context: freq_scale    = 1
llama_context: n_rs_seq      = 0
llama_context: n_outputs_max = 670
llama_context: n_ctx_seq (768) < n_ctx_train (32768) -- the full capacity of the model will not be utilized
set_abort_callback: call
llama_context:  CUDA_Host  output buffer size =     0.58 MiB
llama_kv_cache: layer   0: dev = CPU
llama_kv_cache: layer   1: dev = CPU
llama_kv_cache: layer   2: dev = CPU
llama_kv_cache: layer   3: dev = CUDA0
llama_kv_cache: layer   4: dev = CUDA0
llama_kv_cache: layer   5: dev = CUDA0
llama_kv_cache: layer   6: dev = CUDA0
llama_kv_cache: layer   7: dev = CUDA0
llama_kv_cache: layer   8: dev = CUDA0
llama_kv_cache: layer   9: dev = CUDA0
llama_kv_cache: layer  10: dev = CUDA0
llama_kv_cache: layer  11: dev = CUDA0
llama_kv_cache: layer  12: dev = CUDA0
llama_kv_cache: layer  13: dev = CUDA0
llama_kv_cache: layer  14: dev = CUDA0
llama_kv_cache: layer  15: dev = CUDA0
llama_kv_cache: layer  16: dev = CUDA0
llama_kv_cache: layer  17: dev = CUDA0
llama_kv_cache: layer  18: dev = CUDA0
llama_kv_cache: layer  19: dev = CUDA0
llama_kv_cache: layer  20: dev = CUDA0
llama_kv_cache: layer  21: dev = CUDA0
llama_kv_cache: layer  22: dev = CUDA0
llama_kv_cache: layer  23: dev = CUDA0
llama_kv_cache: layer  24: dev = CUDA0
llama_kv_cache: layer  25: dev = CUDA0
llama_kv_cache: layer  26: dev = CUDA0
llama_kv_cache: layer  27: dev = CUDA0
llama_kv_cache:        CPU KV buffer size =     4.50 MiB
llama_kv_cache:      CUDA0 KV buffer size =    37.50 MiB
llama_kv_cache: size =   42.00 MiB (   768 cells,  28 layers,  1/1 seqs), K (f16):   21.00 MiB, V (f16):   21.00 MiB
llama_kv_cache: attn_rot_k = 0, n_embd_head_k_all = 128
llama_kv_cache: attn_rot_v = 0, n_embd_head_k_all = 128
llama_context: enumerating backends
llama_context: backend_ptrs.size() = 2
sched_reserve: reserving ...
sched_reserve: max_nodes = 2712
sched_reserve: reserving full memory module
sched_reserve: worst-case: n_tokens = 512, n_seqs = 1, n_outputs = 1
graph_reserve: reserving a graph for ubatch with n_tokens =    1, n_seqs =  1, n_outputs =    1
sched_reserve: Flash Attention was auto, set to enabled
sched_reserve: resolving fused Gated Delta Net support:
graph_reserve: reserving a graph for ubatch with n_tokens =    1, n_seqs =  1, n_outputs =    1
sched_reserve: fused Gated Delta Net (autoregressive) enabled
graph_reserve: reserving a graph for ubatch with n_tokens =   16, n_seqs =  1, n_outputs =   16
sched_reserve: fused Gated Delta Net (chunked) enabled
graph_reserve: reserving a graph for ubatch with n_tokens =  512, n_seqs =  1, n_outputs =  512
graph_reserve: reserving a graph for ubatch with n_tokens =    1, n_seqs =  1, n_outputs =    1
graph_reserve: reserving a graph for ubatch with n_tokens =  512, n_seqs =  1, n_outputs =  512
sched_reserve:      CUDA0 compute buffer size =   304.00 MiB
sched_reserve:  CUDA_Host compute buffer size =    14.76 MiB
sched_reserve: graph nodes  = 958
sched_reserve: graph splits = 44 (with bs=512), 2 (with bs=1)
sched_reserve: reserve took 17.41 ms, sched copies = 1
CUDA Graph id 3165 reused
ggml_backend_cuda_graph_compute: CUDA graph warmup complete
CUDA Graph id 3165 reused
CUDA Graph id 3165 reused
CUDA Graph id 3165 reused
CUDA Graph id 3165 reused
CUDA Graph id 3165 reused
CUDA Graph id 3165 reused
CUDA Graph id 3165 reused
CUDA Graph id 3165 reused
CUDA Graph id 3165 reused
CUDA Graph id 3165 reused
CUDA Graph id 3165 reused
CUDA Graph id 3165 reused
CUDA Graph id 3165 reused
CUDA Graph id 3165 reused
CUDA Graph id 3165 reused
CUDA Graph id 3165 reused
CUDA Graph id 3165 reused
CUDA Graph id 3165 reused
CUDA Graph id 3165 reused
CUDA Graph id 3165 reused
CUDA Graph id 3165 reused
CUDA Graph id 3165 reused
CUDA Graph id 3165 reused
~llama_context:      CUDA0 compute buffer size is 304.0000 MiB, matches expectation of 304.0000 MiB
~llama_context:  CUDA_Host compute buffer size is  14.7637 MiB, matches expectation of  14.7637 MiB
llama_context: constructing llama_context
llama_context: n_seq_max     = 1
llama_context: n_ctx         = 768
llama_context: n_ctx_seq     = 768
llama_context: n_batch       = 670
llama_context: n_ubatch      = 512
llama_context: causal_attn   = 1
llama_context: flash_attn    = auto
llama_context: kv_unified    = false
llama_context: freq_base     = 1000000.0
llama_context: freq_scale    = 1
llama_context: n_rs_seq      = 0
llama_context: n_outputs_max = 670
llama_context: n_ctx_seq (768) < n_ctx_train (32768) -- the full capacity of the model will not be utilized
set_abort_callback: call
llama_context:  CUDA_Host  output buffer size =     0.58 MiB
llama_kv_cache: layer   0: dev = CPU
llama_kv_cache: layer   1: dev = CPU
llama_kv_cache: layer   2: dev = CPU
llama_kv_cache: layer   3: dev = CUDA0
llama_kv_cache: layer   4: dev = CUDA0
llama_kv_cache: layer   5: dev = CUDA0
llama_kv_cache: layer   6: dev = CUDA0
llama_kv_cache: layer   7: dev = CUDA0
llama_kv_cache: layer   8: dev = CUDA0
llama_kv_cache: layer   9: dev = CUDA0
llama_kv_cache: layer  10: dev = CUDA0
llama_kv_cache: layer  11: dev = CUDA0
llama_kv_cache: layer  12: dev = CUDA0
llama_kv_cache: layer  13: dev = CUDA0
llama_kv_cache: layer  14: dev = CUDA0
llama_kv_cache: layer  15: dev = CUDA0
llama_kv_cache: layer  16: dev = CUDA0
llama_kv_cache: layer  17: dev = CUDA0
llama_kv_cache: layer  18: dev = CUDA0
llama_kv_cache: layer  19: dev = CUDA0
llama_kv_cache: layer  20: dev = CUDA0
llama_kv_cache: layer  21: dev = CUDA0
llama_kv_cache: layer  22: dev = CUDA0
llama_kv_cache: layer  23: dev = CUDA0
llama_kv_cache: layer  24: dev = CUDA0
llama_kv_cache: layer  25: dev = CUDA0
llama_kv_cache: layer  26: dev = CUDA0
llama_kv_cache: layer  27: dev = CUDA0
llama_kv_cache:        CPU KV buffer size =     4.50 MiB
llama_kv_cache:      CUDA0 KV buffer size =    37.50 MiB
llama_kv_cache: size =   42.00 MiB (   768 cells,  28 layers,  1/1 seqs), K (f16):   21.00 MiB, V (f16):   21.00 MiB
llama_kv_cache: attn_rot_k = 0, n_embd_head_k_all = 128
llama_kv_cache: attn_rot_v = 0, n_embd_head_k_all = 128
llama_context: enumerating backends
llama_context: backend_ptrs.size() = 2
sched_reserve: reserving ...
sched_reserve: max_nodes = 2712
sched_reserve: reserving full memory module
sched_reserve: worst-case: n_tokens = 512, n_seqs = 1, n_outputs = 1
graph_reserve: reserving a graph for ubatch with n_tokens =    1, n_seqs =  1, n_outputs =    1
sched_reserve: Flash Attention was auto, set to enabled
sched_reserve: resolving fused Gated Delta Net support:
graph_reserve: reserving a graph for ubatch with n_tokens =    1, n_seqs =  1, n_outputs =    1
sched_reserve: fused Gated Delta Net (autoregressive) enabled
graph_reserve: reserving a graph for ubatch with n_tokens =   16, n_seqs =  1, n_outputs =   16
sched_reserve: fused Gated Delta Net (chunked) enabled
graph_reserve: reserving a graph for ubatch with n_tokens =  512, n_seqs =  1, n_outputs =  512
graph_reserve: reserving a graph for ubatch with n_tokens =    1, n_seqs =  1, n_outputs =    1
graph_reserve: reserving a graph for ubatch with n_tokens =  512, n_seqs =  1, n_outputs =  512
sched_reserve:      CUDA0 compute buffer size =   304.00 MiB
sched_reserve:  CUDA_Host compute buffer size =    14.76 MiB
sched_reserve: graph nodes  = 958
sched_reserve: graph splits = 44 (with bs=512), 2 (with bs=1)
sched_reserve: reserve took 12.31 ms, sched copies = 1
CUDA Graph id 3315 reused
ggml_backend_cuda_graph_compute: CUDA graph warmup complete
CUDA Graph id 3315 reused
CUDA Graph id 3315 reused
CUDA Graph id 3315 reused
CUDA Graph id 3315 reused
CUDA Graph id 3315 reused
CUDA Graph id 3315 reused
CUDA Graph id 3315 reused
CUDA Graph id 3315 reused
CUDA Graph id 3315 reused
CUDA Graph id 3315 reused
CUDA Graph id 3315 reused
CUDA Graph id 3315 reused
CUDA Graph id 3315 reused
CUDA Graph id 3315 reused
CUDA Graph id 3315 reused
CUDA Graph id 3315 reused
CUDA Graph id 3315 reused
CUDA Graph id 3315 reused
CUDA Graph id 3315 reused
CUDA Graph id 3315 reused
CUDA Graph id 3315 reused
CUDA Graph id 3315 reused
CUDA Graph id 3315 reused
~llama_context:      CUDA0 compute buffer size is 304.0000 MiB, matches expectation of 304.0000 MiB
~llama_context:  CUDA_Host compute buffer size is  14.7637 MiB, matches expectation of  14.7637 MiB
llama_context: constructing llama_context
llama_context: n_seq_max     = 1
llama_context: n_ctx         = 768
llama_context: n_ctx_seq     = 768
llama_context: n_batch       = 670
llama_context: n_ubatch      = 512
llama_context: causal_attn   = 1
llama_context: flash_attn    = auto
llama_context: kv_unified    = false
llama_context: freq_base     = 1000000.0
llama_context: freq_scale    = 1
llama_context: n_rs_seq      = 0
llama_context: n_outputs_max = 670
llama_context: n_ctx_seq (768) < n_ctx_train (32768) -- the full capacity of the model will not be utilized
set_abort_callback: call
llama_context:  CUDA_Host  output buffer size =     0.58 MiB
llama_kv_cache: layer   0: dev = CPU
llama_kv_cache: layer   1: dev = CPU
llama_kv_cache: layer   2: dev = CPU
llama_kv_cache: layer   3: dev = CUDA0
llama_kv_cache: layer   4: dev = CUDA0
llama_kv_cache: layer   5: dev = CUDA0
llama_kv_cache: layer   6: dev = CUDA0
llama_kv_cache: layer   7: dev = CUDA0
llama_kv_cache: layer   8: dev = CUDA0
llama_kv_cache: layer   9: dev = CUDA0
llama_kv_cache: layer  10: dev = CUDA0
llama_kv_cache: layer  11: dev = CUDA0
llama_kv_cache: layer  12: dev = CUDA0
llama_kv_cache: layer  13: dev = CUDA0
llama_kv_cache: layer  14: dev = CUDA0
llama_kv_cache: layer  15: dev = CUDA0
llama_kv_cache: layer  16: dev = CUDA0
llama_kv_cache: layer  17: dev = CUDA0
llama_kv_cache: layer  18: dev = CUDA0
llama_kv_cache: layer  19: dev = CUDA0
llama_kv_cache: layer  20: dev = CUDA0
llama_kv_cache: layer  21: dev = CUDA0
llama_kv_cache: layer  22: dev = CUDA0
llama_kv_cache: layer  23: dev = CUDA0
llama_kv_cache: layer  24: dev = CUDA0
llama_kv_cache: layer  25: dev = CUDA0
llama_kv_cache: layer  26: dev = CUDA0
llama_kv_cache: layer  27: dev = CUDA0
llama_kv_cache:        CPU KV buffer size =     4.50 MiB
llama_kv_cache:      CUDA0 KV buffer size =    37.50 MiB
llama_kv_cache: size =   42.00 MiB (   768 cells,  28 layers,  1/1 seqs), K (f16):   21.00 MiB, V (f16):   21.00 MiB
llama_kv_cache: attn_rot_k = 0, n_embd_head_k_all = 128
llama_kv_cache: attn_rot_v = 0, n_embd_head_k_all = 128
llama_context: enumerating backends
llama_context: backend_ptrs.size() = 2
sched_reserve: reserving ...
sched_reserve: max_nodes = 2712
sched_reserve: reserving full memory module
sched_reserve: worst-case: n_tokens = 512, n_seqs = 1, n_outputs = 1
graph_reserve: reserving a graph for ubatch with n_tokens =    1, n_seqs =  1, n_outputs =    1
sched_reserve: Flash Attention was auto, set to enabled
sched_reserve: resolving fused Gated Delta Net support:
graph_reserve: reserving a graph for ubatch with n_tokens =    1, n_seqs =  1, n_outputs =    1
sched_reserve: fused Gated Delta Net (autoregressive) enabled
graph_reserve: reserving a graph for ubatch with n_tokens =   16, n_seqs =  1, n_outputs =   16
sched_reserve: fused Gated Delta Net (chunked) enabled
graph_reserve: reserving a graph for ubatch with n_tokens =  512, n_seqs =  1, n_outputs =  512
graph_reserve: reserving a graph for ubatch with n_tokens =    1, n_seqs =  1, n_outputs =    1
graph_reserve: reserving a graph for ubatch with n_tokens =  512, n_seqs =  1, n_outputs =  512
sched_reserve:      CUDA0 compute buffer size =   304.00 MiB
sched_reserve:  CUDA_Host compute buffer size =    14.76 MiB
sched_reserve: graph nodes  = 958
sched_reserve: graph splits = 44 (with bs=512), 2 (with bs=1)
sched_reserve: reserve took 12.90 ms, sched copies = 1
CUDA Graph id 3465 reused
ggml_backend_cuda_graph_compute: CUDA graph warmup complete
CUDA Graph id 3465 reused
CUDA Graph id 3465 reused
CUDA Graph id 3465 reused
CUDA Graph id 3465 reused
CUDA Graph id 3465 reused
CUDA Graph id 3465 reused
CUDA Graph id 3465 reused
CUDA Graph id 3465 reused
CUDA Graph id 3465 reused
CUDA Graph id 3465 reused
CUDA Graph id 3465 reused
CUDA Graph id 3465 reused
CUDA Graph id 3465 reused
CUDA Graph id 3465 reused
CUDA Graph id 3465 reused
CUDA Graph id 3465 reused
~llama_context:      CUDA0 compute buffer size is 304.0000 MiB, matches expectation of 304.0000 MiB
~llama_context:  CUDA_Host compute buffer size is  14.7637 MiB, matches expectation of  14.7637 MiB
llama_context: constructing llama_context
llama_context: n_seq_max     = 1
llama_context: n_ctx         = 768
llama_context: n_ctx_seq     = 768
llama_context: n_batch       = 670
llama_context: n_ubatch      = 512
llama_context: causal_attn   = 1
llama_context: flash_attn    = auto
llama_context: kv_unified    = false
llama_context: freq_base     = 1000000.0
llama_context: freq_scale    = 1
llama_context: n_rs_seq      = 0
llama_context: n_outputs_max = 670
llama_context: n_ctx_seq (768) < n_ctx_train (32768) -- the full capacity of the model will not be utilized
set_abort_callback: call
llama_context:  CUDA_Host  output buffer size =     0.58 MiB
llama_kv_cache: layer   0: dev = CPU
llama_kv_cache: layer   1: dev = CPU
llama_kv_cache: layer   2: dev = CPU
llama_kv_cache: layer   3: dev = CUDA0
llama_kv_cache: layer   4: dev = CUDA0
llama_kv_cache: layer   5: dev = CUDA0
llama_kv_cache: layer   6: dev = CUDA0
llama_kv_cache: layer   7: dev = CUDA0
llama_kv_cache: layer   8: dev = CUDA0
llama_kv_cache: layer   9: dev = CUDA0
llama_kv_cache: layer  10: dev = CUDA0
llama_kv_cache: layer  11: dev = CUDA0
llama_kv_cache: layer  12: dev = CUDA0
llama_kv_cache: layer  13: dev = CUDA0
llama_kv_cache: layer  14: dev = CUDA0
llama_kv_cache: layer  15: dev = CUDA0
llama_kv_cache: layer  16: dev = CUDA0
llama_kv_cache: layer  17: dev = CUDA0
llama_kv_cache: layer  18: dev = CUDA0
llama_kv_cache: layer  19: dev = CUDA0
llama_kv_cache: layer  20: dev = CUDA0
llama_kv_cache: layer  21: dev = CUDA0
llama_kv_cache: layer  22: dev = CUDA0
llama_kv_cache: layer  23: dev = CUDA0
llama_kv_cache: layer  24: dev = CUDA0
llama_kv_cache: layer  25: dev = CUDA0
llama_kv_cache: layer  26: dev = CUDA0
llama_kv_cache: layer  27: dev = CUDA0
llama_kv_cache:        CPU KV buffer size =     4.50 MiB
llama_kv_cache:      CUDA0 KV buffer size =    37.50 MiB
llama_kv_cache: size =   42.00 MiB (   768 cells,  28 layers,  1/1 seqs), K (f16):   21.00 MiB, V (f16):   21.00 MiB
llama_kv_cache: attn_rot_k = 0, n_embd_head_k_all = 128
llama_kv_cache: attn_rot_v = 0, n_embd_head_k_all = 128
llama_context: enumerating backends
llama_context: backend_ptrs.size() = 2
sched_reserve: reserving ...
sched_reserve: max_nodes = 2712
sched_reserve: reserving full memory module
sched_reserve: worst-case: n_tokens = 512, n_seqs = 1, n_outputs = 1
graph_reserve: reserving a graph for ubatch with n_tokens =    1, n_seqs =  1, n_outputs =    1
sched_reserve: Flash Attention was auto, set to enabled
sched_reserve: resolving fused Gated Delta Net support:
graph_reserve: reserving a graph for ubatch with n_tokens =    1, n_seqs =  1, n_outputs =    1
sched_reserve: fused Gated Delta Net (autoregressive) enabled
graph_reserve: reserving a graph for ubatch with n_tokens =   16, n_seqs =  1, n_outputs =   16
sched_reserve: fused Gated Delta Net (chunked) enabled
graph_reserve: reserving a graph for ubatch with n_tokens =  512, n_seqs =  1, n_outputs =  512
graph_reserve: reserving a graph for ubatch with n_tokens =    1, n_seqs =  1, n_outputs =    1
graph_reserve: reserving a graph for ubatch with n_tokens =  512, n_seqs =  1, n_outputs =  512
sched_reserve:      CUDA0 compute buffer size =   304.00 MiB
sched_reserve:  CUDA_Host compute buffer size =    14.76 MiB
sched_reserve: graph nodes  = 958
sched_reserve: graph splits = 44 (with bs=512), 2 (with bs=1)
sched_reserve: reserve took 16.15 ms, sched copies = 1
CUDA Graph id 3615 reused
ggml_backend_cuda_graph_compute: CUDA graph warmup complete
CUDA Graph id 3615 reused
CUDA Graph id 3615 reused
CUDA Graph id 3615 reused
CUDA Graph id 3615 reused
CUDA Graph id 3615 reused
CUDA Graph id 3615 reused
CUDA Graph id 3615 reused
CUDA Graph id 3615 reused
CUDA Graph id 3615 reused
CUDA Graph id 3615 reused
CUDA Graph id 3615 reused
CUDA Graph id 3615 reused
CUDA Graph id 3615 reused
CUDA Graph id 3615 reused
CUDA Graph id 3615 reused
CUDA Graph id 3615 reused
CUDA Graph id 3615 reused
CUDA Graph id 3615 reused
~llama_context:      CUDA0 compute buffer size is 304.0000 MiB, matches expectation of 304.0000 MiB
~llama_context:  CUDA_Host compute buffer size is  14.7637 MiB, matches expectation of  14.7637 MiB
schema 154/175 done
llama_context: constructing llama_context
llama_context: n_seq_max     = 1
llama_context: n_ctx         = 768
llama_context: n_ctx_seq     = 768
llama_context: n_batch       = 690
llama_context: n_ubatch      = 512
llama_context: causal_attn   = 1
llama_context: flash_attn    = auto
llama_context: kv_unified    = false
llama_context: freq_base     = 1000000.0
llama_context: freq_scale    = 1
llama_context: n_rs_seq      = 0
llama_context: n_outputs_max = 690
llama_context: n_ctx_seq (768) < n_ctx_train (32768) -- the full capacity of the model will not be utilized
set_abort_callback: call
llama_context:  CUDA_Host  output buffer size =     0.58 MiB
llama_kv_cache: layer   0: dev = CPU
llama_kv_cache: layer   1: dev = CPU
llama_kv_cache: layer   2: dev = CPU
llama_kv_cache: layer   3: dev = CUDA0
llama_kv_cache: layer   4: dev = CUDA0
llama_kv_cache: layer   5: dev = CUDA0
llama_kv_cache: layer   6: dev = CUDA0
llama_kv_cache: layer   7: dev = CUDA0
llama_kv_cache: layer   8: dev = CUDA0
llama_kv_cache: layer   9: dev = CUDA0
llama_kv_cache: layer  10: dev = CUDA0
llama_kv_cache: layer  11: dev = CUDA0
llama_kv_cache: layer  12: dev = CUDA0
llama_kv_cache: layer  13: dev = CUDA0
llama_kv_cache: layer  14: dev = CUDA0
llama_kv_cache: layer  15: dev = CUDA0
llama_kv_cache: layer  16: dev = CUDA0
llama_kv_cache: layer  17: dev = CUDA0
llama_kv_cache: layer  18: dev = CUDA0
llama_kv_cache: layer  19: dev = CUDA0
llama_kv_cache: layer  20: dev = CUDA0
llama_kv_cache: layer  21: dev = CUDA0
llama_kv_cache: layer  22: dev = CUDA0
llama_kv_cache: layer  23: dev = CUDA0
llama_kv_cache: layer  24: dev = CUDA0
llama_kv_cache: layer  25: dev = CUDA0
llama_kv_cache: layer  26: dev = CUDA0
llama_kv_cache: layer  27: dev = CUDA0
llama_kv_cache:        CPU KV buffer size =     4.50 MiB
llama_kv_cache:      CUDA0 KV buffer size =    37.50 MiB
llama_kv_cache: size =   42.00 MiB (   768 cells,  28 layers,  1/1 seqs), K (f16):   21.00 MiB, V (f16):   21.00 MiB
llama_kv_cache: attn_rot_k = 0, n_embd_head_k_all = 128
llama_kv_cache: attn_rot_v = 0, n_embd_head_k_all = 128
llama_context: enumerating backends
llama_context: backend_ptrs.size() = 2
sched_reserve: reserving ...
sched_reserve: max_nodes = 2712
sched_reserve: reserving full memory module
sched_reserve: worst-case: n_tokens = 512, n_seqs = 1, n_outputs = 1
graph_reserve: reserving a graph for ubatch with n_tokens =    1, n_seqs =  1, n_outputs =    1
sched_reserve: Flash Attention was auto, set to enabled
sched_reserve: resolving fused Gated Delta Net support:
graph_reserve: reserving a graph for ubatch with n_tokens =    1, n_seqs =  1, n_outputs =    1
sched_reserve: fused Gated Delta Net (autoregressive) enabled
graph_reserve: reserving a graph for ubatch with n_tokens =   16, n_seqs =  1, n_outputs =   16
sched_reserve: fused Gated Delta Net (chunked) enabled
graph_reserve: reserving a graph for ubatch with n_tokens =  512, n_seqs =  1, n_outputs =  512
graph_reserve: reserving a graph for ubatch with n_tokens =    1, n_seqs =  1, n_outputs =    1
graph_reserve: reserving a graph for ubatch with n_tokens =  512, n_seqs =  1, n_outputs =  512
sched_reserve:      CUDA0 compute buffer size =   304.00 MiB
sched_reserve:  CUDA_Host compute buffer size =    14.76 MiB
sched_reserve: graph nodes  = 958
sched_reserve: graph splits = 44 (with bs=512), 2 (with bs=1)
sched_reserve: reserve took 15.49 ms, sched copies = 1
CUDA Graph id 3765 reused
ggml_backend_cuda_graph_compute: CUDA graph warmup complete
CUDA Graph id 3765 reused
CUDA Graph id 3765 reused
CUDA Graph id 3765 reused
CUDA Graph id 3765 reused
CUDA Graph id 3765 reused
CUDA Graph id 3765 reused
CUDA Graph id 3765 reused
CUDA Graph id 3765 reused
CUDA Graph id 3765 reused
CUDA Graph id 3765 reused
CUDA Graph id 3765 reused
CUDA Graph id 3765 reused
CUDA Graph id 3765 reused
CUDA Graph id 3765 reused
CUDA Graph id 3765 reused
CUDA Graph id 3765 reused
CUDA Graph id 3765 reused
CUDA Graph id 3765 reused
CUDA Graph id 3765 reused
~llama_context:      CUDA0 compute buffer size is 304.0000 MiB, matches expectation of 304.0000 MiB
~llama_context:  CUDA_Host compute buffer size is  14.7637 MiB, matches expectation of  14.7637 MiB
llama_context: constructing llama_context
llama_context: n_seq_max     = 1
llama_context: n_ctx         = 768
llama_context: n_ctx_seq     = 768
llama_context: n_batch       = 690
llama_context: n_ubatch      = 512
llama_context: causal_attn   = 1
llama_context: flash_attn    = auto
llama_context: kv_unified    = false
llama_context: freq_base     = 1000000.0
llama_context: freq_scale    = 1
llama_context: n_rs_seq      = 0
llama_context: n_outputs_max = 690
llama_context: n_ctx_seq (768) < n_ctx_train (32768) -- the full capacity of the model will not be utilized
set_abort_callback: call
llama_context:  CUDA_Host  output buffer size =     0.58 MiB
llama_kv_cache: layer   0: dev = CPU
llama_kv_cache: layer   1: dev = CPU
llama_kv_cache: layer   2: dev = CPU
llama_kv_cache: layer   3: dev = CUDA0
llama_kv_cache: layer   4: dev = CUDA0
llama_kv_cache: layer   5: dev = CUDA0
llama_kv_cache: layer   6: dev = CUDA0
llama_kv_cache: layer   7: dev = CUDA0
llama_kv_cache: layer   8: dev = CUDA0
llama_kv_cache: layer   9: dev = CUDA0
llama_kv_cache: layer  10: dev = CUDA0
llama_kv_cache: layer  11: dev = CUDA0
llama_kv_cache: layer  12: dev = CUDA0
llama_kv_cache: layer  13: dev = CUDA0
llama_kv_cache: layer  14: dev = CUDA0
llama_kv_cache: layer  15: dev = CUDA0
llama_kv_cache: layer  16: dev = CUDA0
llama_kv_cache: layer  17: dev = CUDA0
llama_kv_cache: layer  18: dev = CUDA0
llama_kv_cache: layer  19: dev = CUDA0
llama_kv_cache: layer  20: dev = CUDA0
llama_kv_cache: layer  21: dev = CUDA0
llama_kv_cache: layer  22: dev = CUDA0
llama_kv_cache: layer  23: dev = CUDA0
llama_kv_cache: layer  24: dev = CUDA0
llama_kv_cache: layer  25: dev = CUDA0
llama_kv_cache: layer  26: dev = CUDA0
llama_kv_cache: layer  27: dev = CUDA0
llama_kv_cache:        CPU KV buffer size =     4.50 MiB
llama_kv_cache:      CUDA0 KV buffer size =    37.50 MiB
llama_kv_cache: size =   42.00 MiB (   768 cells,  28 layers,  1/1 seqs), K (f16):   21.00 MiB, V (f16):   21.00 MiB
llama_kv_cache: attn_rot_k = 0, n_embd_head_k_all = 128
llama_kv_cache: attn_rot_v = 0, n_embd_head_k_all = 128
llama_context: enumerating backends
llama_context: backend_ptrs.size() = 2
sched_reserve: reserving ...
sched_reserve: max_nodes = 2712
sched_reserve: reserving full memory module
sched_reserve: worst-case: n_tokens = 512, n_seqs = 1, n_outputs = 1
graph_reserve: reserving a graph for ubatch with n_tokens =    1, n_seqs =  1, n_outputs =    1
sched_reserve: Flash Attention was auto, set to enabled
sched_reserve: resolving fused Gated Delta Net support:
graph_reserve: reserving a graph for ubatch with n_tokens =    1, n_seqs =  1, n_outputs =    1
sched_reserve: fused Gated Delta Net (autoregressive) enabled
graph_reserve: reserving a graph for ubatch with n_tokens =   16, n_seqs =  1, n_outputs =   16
sched_reserve: fused Gated Delta Net (chunked) enabled
graph_reserve: reserving a graph for ubatch with n_tokens =  512, n_seqs =  1, n_outputs =  512
graph_reserve: reserving a graph for ubatch with n_tokens =    1, n_seqs =  1, n_outputs =    1
graph_reserve: reserving a graph for ubatch with n_tokens =  512, n_seqs =  1, n_outputs =  512
sched_reserve:      CUDA0 compute buffer size =   304.00 MiB
sched_reserve:  CUDA_Host compute buffer size =    14.76 MiB
sched_reserve: graph nodes  = 958
sched_reserve: graph splits = 44 (with bs=512), 2 (with bs=1)
sched_reserve: reserve took 12.29 ms, sched copies = 1
CUDA Graph id 3915 reused
ggml_backend_cuda_graph_compute: CUDA graph warmup complete
CUDA Graph id 3915 reused
CUDA Graph id 3915 reused
CUDA Graph id 3915 reused
CUDA Graph id 3915 reused
CUDA Graph id 3915 reused
CUDA Graph id 3915 reused
CUDA Graph id 3915 reused
CUDA Graph id 3915 reused
CUDA Graph id 3915 reused
CUDA Graph id 3915 reused
CUDA Graph id 3915 reused
CUDA Graph id 3915 reused
CUDA Graph id 3915 reused
CUDA Graph id 3915 reused
CUDA Graph id 3915 reused
CUDA Graph id 3915 reused
CUDA Graph id 3915 reused
CUDA Graph id 3915 reused
CUDA Graph id 3915 reused
~llama_context:      CUDA0 compute buffer size is 304.0000 MiB, matches expectation of 304.0000 MiB
~llama_context:  CUDA_Host compute buffer size is  14.7637 MiB, matches expectation of  14.7637 MiB
llama_context: constructing llama_context
llama_context: n_seq_max     = 1
llama_context: n_ctx         = 768
llama_context: n_ctx_seq     = 768
llama_context: n_batch       = 690
llama_context: n_ubatch      = 512
llama_context: causal_attn   = 1
llama_context: flash_attn    = auto
llama_context: kv_unified    = false
llama_context: freq_base     = 1000000.0
llama_context: freq_scale    = 1
llama_context: n_rs_seq      = 0
llama_context: n_outputs_max = 690
llama_context: n_ctx_seq (768) < n_ctx_train (32768) -- the full capacity of the model will not be utilized
set_abort_callback: call
llama_context:  CUDA_Host  output buffer size =     0.58 MiB
llama_kv_cache: layer   0: dev = CPU
llama_kv_cache: layer   1: dev = CPU
llama_kv_cache: layer   2: dev = CPU
llama_kv_cache: layer   3: dev = CUDA0
llama_kv_cache: layer   4: dev = CUDA0
llama_kv_cache: layer   5: dev = CUDA0
llama_kv_cache: layer   6: dev = CUDA0
llama_kv_cache: layer   7: dev = CUDA0
llama_kv_cache: layer   8: dev = CUDA0
llama_kv_cache: layer   9: dev = CUDA0
llama_kv_cache: layer  10: dev = CUDA0
llama_kv_cache: layer  11: dev = CUDA0
llama_kv_cache: layer  12: dev = CUDA0
llama_kv_cache: layer  13: dev = CUDA0
llama_kv_cache: layer  14: dev = CUDA0
llama_kv_cache: layer  15: dev = CUDA0
llama_kv_cache: layer  16: dev = CUDA0
llama_kv_cache: layer  17: dev = CUDA0
llama_kv_cache: layer  18: dev = CUDA0
llama_kv_cache: layer  19: dev = CUDA0
llama_kv_cache: layer  20: dev = CUDA0
llama_kv_cache: layer  21: dev = CUDA0
llama_kv_cache: layer  22: dev = CUDA0
llama_kv_cache: layer  23: dev = CUDA0
llama_kv_cache: layer  24: dev = CUDA0
llama_kv_cache: layer  25: dev = CUDA0
llama_kv_cache: layer  26: dev = CUDA0
llama_kv_cache: layer  27: dev = CUDA0
llama_kv_cache:        CPU KV buffer size =     4.50 MiB
llama_kv_cache:      CUDA0 KV buffer size =    37.50 MiB
llama_kv_cache: size =   42.00 MiB (   768 cells,  28 layers,  1/1 seqs), K (f16):   21.00 MiB, V (f16):   21.00 MiB
llama_kv_cache: attn_rot_k = 0, n_embd_head_k_all = 128
llama_kv_cache: attn_rot_v = 0, n_embd_head_k_all = 128
llama_context: enumerating backends
llama_context: backend_ptrs.size() = 2
sched_reserve: reserving ...
sched_reserve: max_nodes = 2712
sched_reserve: reserving full memory module
sched_reserve: worst-case: n_tokens = 512, n_seqs = 1, n_outputs = 1
graph_reserve: reserving a graph for ubatch with n_tokens =    1, n_seqs =  1, n_outputs =    1
sched_reserve: Flash Attention was auto, set to enabled
sched_reserve: resolving fused Gated Delta Net support:
graph_reserve: reserving a graph for ubatch with n_tokens =    1, n_seqs =  1, n_outputs =    1
sched_reserve: fused Gated Delta Net (autoregressive) enabled
graph_reserve: reserving a graph for ubatch with n_tokens =   16, n_seqs =  1, n_outputs =   16
sched_reserve: fused Gated Delta Net (chunked) enabled
graph_reserve: reserving a graph for ubatch with n_tokens =  512, n_seqs =  1, n_outputs =  512
graph_reserve: reserving a graph for ubatch with n_tokens =    1, n_seqs =  1, n_outputs =    1
graph_reserve: reserving a graph for ubatch with n_tokens =  512, n_seqs =  1, n_outputs =  512
sched_reserve:      CUDA0 compute buffer size =   304.00 MiB
sched_reserve:  CUDA_Host compute buffer size =    14.76 MiB
sched_reserve: graph nodes  = 958
sched_reserve: graph splits = 44 (with bs=512), 2 (with bs=1)
sched_reserve: reserve took 13.25 ms, sched copies = 1
CUDA Graph id 4065 reused
ggml_backend_cuda_graph_compute: CUDA graph warmup complete
CUDA Graph id 4065 reused
CUDA Graph id 4065 reused
CUDA Graph id 4065 reused
CUDA Graph id 4065 reused
CUDA Graph id 4065 reused
CUDA Graph id 4065 reused
CUDA Graph id 4065 reused
CUDA Graph id 4065 reused
CUDA Graph id 4065 reused
CUDA Graph id 4065 reused
CUDA Graph id 4065 reused
CUDA Graph id 4065 reused
CUDA Graph id 4065 reused
CUDA Graph id 4065 reused
CUDA Graph id 4065 reused
~llama_context:      CUDA0 compute buffer size is 304.0000 MiB, matches expectation of 304.0000 MiB
~llama_context:  CUDA_Host compute buffer size is  14.7637 MiB, matches expectation of  14.7637 MiB
llama_context: constructing llama_context
llama_context: n_seq_max     = 1
llama_context: n_ctx         = 768
llama_context: n_ctx_seq     = 768
llama_context: n_batch       = 690
llama_context: n_ubatch      = 512
llama_context: causal_attn   = 1
llama_context: flash_attn    = auto
llama_context: kv_unified    = false
llama_context: freq_base     = 1000000.0
llama_context: freq_scale    = 1
llama_context: n_rs_seq      = 0
llama_context: n_outputs_max = 690
llama_context: n_ctx_seq (768) < n_ctx_train (32768) -- the full capacity of the model will not be utilized
set_abort_callback: call
llama_context:  CUDA_Host  output buffer size =     0.58 MiB
llama_kv_cache: layer   0: dev = CPU
llama_kv_cache: layer   1: dev = CPU
llama_kv_cache: layer   2: dev = CPU
llama_kv_cache: layer   3: dev = CUDA0
llama_kv_cache: layer   4: dev = CUDA0
llama_kv_cache: layer   5: dev = CUDA0
llama_kv_cache: layer   6: dev = CUDA0
llama_kv_cache: layer   7: dev = CUDA0
llama_kv_cache: layer   8: dev = CUDA0
llama_kv_cache: layer   9: dev = CUDA0
llama_kv_cache: layer  10: dev = CUDA0
llama_kv_cache: layer  11: dev = CUDA0
llama_kv_cache: layer  12: dev = CUDA0
llama_kv_cache: layer  13: dev = CUDA0
llama_kv_cache: layer  14: dev = CUDA0
llama_kv_cache: layer  15: dev = CUDA0
llama_kv_cache: layer  16: dev = CUDA0
llama_kv_cache: layer  17: dev = CUDA0
llama_kv_cache: layer  18: dev = CUDA0
llama_kv_cache: layer  19: dev = CUDA0
llama_kv_cache: layer  20: dev = CUDA0
llama_kv_cache: layer  21: dev = CUDA0
llama_kv_cache: layer  22: dev = CUDA0
llama_kv_cache: layer  23: dev = CUDA0
llama_kv_cache: layer  24: dev = CUDA0
llama_kv_cache: layer  25: dev = CUDA0
llama_kv_cache: layer  26: dev = CUDA0
llama_kv_cache: layer  27: dev = CUDA0
llama_kv_cache:        CPU KV buffer size =     4.50 MiB
llama_kv_cache:      CUDA0 KV buffer size =    37.50 MiB
llama_kv_cache: size =   42.00 MiB (   768 cells,  28 layers,  1/1 seqs), K (f16):   21.00 MiB, V (f16):   21.00 MiB
llama_kv_cache: attn_rot_k = 0, n_embd_head_k_all = 128
llama_kv_cache: attn_rot_v = 0, n_embd_head_k_all = 128
llama_context: enumerating backends
llama_context: backend_ptrs.size() = 2
sched_reserve: reserving ...
sched_reserve: max_nodes = 2712
sched_reserve: reserving full memory module
sched_reserve: worst-case: n_tokens = 512, n_seqs = 1, n_outputs = 1
graph_reserve: reserving a graph for ubatch with n_tokens =    1, n_seqs =  1, n_outputs =    1
sched_reserve: Flash Attention was auto, set to enabled
sched_reserve: resolving fused Gated Delta Net support:
graph_reserve: reserving a graph for ubatch with n_tokens =    1, n_seqs =  1, n_outputs =    1
sched_reserve: fused Gated Delta Net (autoregressive) enabled
graph_reserve: reserving a graph for ubatch with n_tokens =   16, n_seqs =  1, n_outputs =   16
sched_reserve: fused Gated Delta Net (chunked) enabled
graph_reserve: reserving a graph for ubatch with n_tokens =  512, n_seqs =  1, n_outputs =  512
graph_reserve: reserving a graph for ubatch with n_tokens =    1, n_seqs =  1, n_outputs =    1
graph_reserve: reserving a graph for ubatch with n_tokens =  512, n_seqs =  1, n_outputs =  512
sched_reserve:      CUDA0 compute buffer size =   304.00 MiB
sched_reserve:  CUDA_Host compute buffer size =    14.76 MiB
sched_reserve: graph nodes  = 958
sched_reserve: graph splits = 44 (with bs=512), 2 (with bs=1)
sched_reserve: reserve took 13.74 ms, sched copies = 1
CUDA Graph id 4215 reused
ggml_backend_cuda_graph_compute: CUDA graph warmup complete
CUDA Graph id 4215 reused
CUDA Graph id 4215 reused
CUDA Graph id 4215 reused
CUDA Graph id 4215 reused
CUDA Graph id 4215 reused
CUDA Graph id 4215 reused
CUDA Graph id 4215 reused
CUDA Graph id 4215 reused
CUDA Graph id 4215 reused
CUDA Graph id 4215 reused
CUDA Graph id 4215 reused
CUDA Graph id 4215 reused
CUDA Graph id 4215 reused
CUDA Graph id 4215 reused
CUDA Graph id 4215 reused
CUDA Graph id 4215 reused
CUDA Graph id 4215 reused
CUDA Graph id 4215 reused
~llama_context:      CUDA0 compute buffer size is 304.0000 MiB, matches expectation of 304.0000 MiB
~llama_context:  CUDA_Host compute buffer size is  14.7637 MiB, matches expectation of  14.7637 MiB
llama_context: constructing llama_context
llama_context: n_seq_max     = 1
llama_context: n_ctx         = 768
llama_context: n_ctx_seq     = 768
llama_context: n_batch       = 690
llama_context: n_ubatch      = 512
llama_context: causal_attn   = 1
llama_context: flash_attn    = auto
llama_context: kv_unified    = false
llama_context: freq_base     = 1000000.0
llama_context: freq_scale    = 1
llama_context: n_rs_seq      = 0
llama_context: n_outputs_max = 690
llama_context: n_ctx_seq (768) < n_ctx_train (32768) -- the full capacity of the model will not be utilized
set_abort_callback: call
llama_context:  CUDA_Host  output buffer size =     0.58 MiB
llama_kv_cache: layer   0: dev = CPU
llama_kv_cache: layer   1: dev = CPU
llama_kv_cache: layer   2: dev = CPU
llama_kv_cache: layer   3: dev = CUDA0
llama_kv_cache: layer   4: dev = CUDA0
llama_kv_cache: layer   5: dev = CUDA0
llama_kv_cache: layer   6: dev = CUDA0
llama_kv_cache: layer   7: dev = CUDA0
llama_kv_cache: layer   8: dev = CUDA0
llama_kv_cache: layer   9: dev = CUDA0
llama_kv_cache: layer  10: dev = CUDA0
llama_kv_cache: layer  11: dev = CUDA0
llama_kv_cache: layer  12: dev = CUDA0
llama_kv_cache: layer  13: dev = CUDA0
llama_kv_cache: layer  14: dev = CUDA0
llama_kv_cache: layer  15: dev = CUDA0
llama_kv_cache: layer  16: dev = CUDA0
llama_kv_cache: layer  17: dev = CUDA0
llama_kv_cache: layer  18: dev = CUDA0
llama_kv_cache: layer  19: dev = CUDA0
llama_kv_cache: layer  20: dev = CUDA0
llama_kv_cache: layer  21: dev = CUDA0
llama_kv_cache: layer  22: dev = CUDA0
llama_kv_cache: layer  23: dev = CUDA0
llama_kv_cache: layer  24: dev = CUDA0
llama_kv_cache: layer  25: dev = CUDA0
llama_kv_cache: layer  26: dev = CUDA0
llama_kv_cache: layer  27: dev = CUDA0
llama_kv_cache:        CPU KV buffer size =     4.50 MiB
llama_kv_cache:      CUDA0 KV buffer size =    37.50 MiB
llama_kv_cache: size =   42.00 MiB (   768 cells,  28 layers,  1/1 seqs), K (f16):   21.00 MiB, V (f16):   21.00 MiB
llama_kv_cache: attn_rot_k = 0, n_embd_head_k_all = 128
llama_kv_cache: attn_rot_v = 0, n_embd_head_k_all = 128
llama_context: enumerating backends
llama_context: backend_ptrs.size() = 2
sched_reserve: reserving ...
sched_reserve: max_nodes = 2712
sched_reserve: reserving full memory module
sched_reserve: worst-case: n_tokens = 512, n_seqs = 1, n_outputs = 1
graph_reserve: reserving a graph for ubatch with n_tokens =    1, n_seqs =  1, n_outputs =    1
sched_reserve: Flash Attention was auto, set to enabled
sched_reserve: resolving fused Gated Delta Net support:
graph_reserve: reserving a graph for ubatch with n_tokens =    1, n_seqs =  1, n_outputs =    1
sched_reserve: fused Gated Delta Net (autoregressive) enabled
graph_reserve: reserving a graph for ubatch with n_tokens =   16, n_seqs =  1, n_outputs =   16
sched_reserve: fused Gated Delta Net (chunked) enabled
graph_reserve: reserving a graph for ubatch with n_tokens =  512, n_seqs =  1, n_outputs =  512
graph_reserve: reserving a graph for ubatch with n_tokens =    1, n_seqs =  1, n_outputs =    1
graph_reserve: reserving a graph for ubatch with n_tokens =  512, n_seqs =  1, n_outputs =  512
sched_reserve:      CUDA0 compute buffer size =   304.00 MiB
sched_reserve:  CUDA_Host compute buffer size =    14.76 MiB
sched_reserve: graph nodes  = 958
sched_reserve: graph splits = 44 (with bs=512), 2 (with bs=1)
sched_reserve: reserve took 12.42 ms, sched copies = 1
CUDA Graph id 4365 reused
ggml_backend_cuda_graph_compute: CUDA graph warmup complete
CUDA Graph id 4365 reused
CUDA Graph id 4365 reused
CUDA Graph id 4365 reused
CUDA Graph id 4365 reused
CUDA Graph id 4365 reused
CUDA Graph id 4365 reused
CUDA Graph id 4365 reused
CUDA Graph id 4365 reused
CUDA Graph id 4365 reused
CUDA Graph id 4365 reused
CUDA Graph id 4365 reused
CUDA Graph id 4365 reused
CUDA Graph id 4365 reused
CUDA Graph id 4365 reused
CUDA Graph id 4365 reused
CUDA Graph id 4365 reused
CUDA Graph id 4365 reused
CUDA Graph id 4365 reused
CUDA Graph id 4365 reused
CUDA Graph id 4365 reused
CUDA Graph id 4365 reused
CUDA Graph id 4365 reused
CUDA Graph id 4365 reused
~llama_context:      CUDA0 compute buffer size is 304.0000 MiB, matches expectation of 304.0000 MiB
~llama_context:  CUDA_Host compute buffer size is  14.7637 MiB, matches expectation of  14.7637 MiB
llama_context: constructing llama_context
llama_context: n_seq_max     = 1
llama_context: n_ctx         = 768
llama_context: n_ctx_seq     = 768
llama_context: n_batch       = 690
llama_context: n_ubatch      = 512
llama_context: causal_attn   = 1
llama_context: flash_attn    = auto
llama_context: kv_unified    = false
llama_context: freq_base     = 1000000.0
llama_context: freq_scale    = 1
llama_context: n_rs_seq      = 0
llama_context: n_outputs_max = 690
llama_context: n_ctx_seq (768) < n_ctx_train (32768) -- the full capacity of the model will not be utilized
set_abort_callback: call
llama_context:  CUDA_Host  output buffer size =     0.58 MiB
llama_kv_cache: layer   0: dev = CPU
llama_kv_cache: layer   1: dev = CPU
llama_kv_cache: layer   2: dev = CPU
llama_kv_cache: layer   3: dev = CUDA0
llama_kv_cache: layer   4: dev = CUDA0
llama_kv_cache: layer   5: dev = CUDA0
llama_kv_cache: layer   6: dev = CUDA0
llama_kv_cache: layer   7: dev = CUDA0
llama_kv_cache: layer   8: dev = CUDA0
llama_kv_cache: layer   9: dev = CUDA0
llama_kv_cache: layer  10: dev = CUDA0
llama_kv_cache: layer  11: dev = CUDA0
llama_kv_cache: layer  12: dev = CUDA0
llama_kv_cache: layer  13: dev = CUDA0
llama_kv_cache: layer  14: dev = CUDA0
llama_kv_cache: layer  15: dev = CUDA0
llama_kv_cache: layer  16: dev = CUDA0
llama_kv_cache: layer  17: dev = CUDA0
llama_kv_cache: layer  18: dev = CUDA0
llama_kv_cache: layer  19: dev = CUDA0
llama_kv_cache: layer  20: dev = CUDA0
llama_kv_cache: layer  21: dev = CUDA0
llama_kv_cache: layer  22: dev = CUDA0
llama_kv_cache: layer  23: dev = CUDA0
llama_kv_cache: layer  24: dev = CUDA0
llama_kv_cache: layer  25: dev = CUDA0
llama_kv_cache: layer  26: dev = CUDA0
llama_kv_cache: layer  27: dev = CUDA0
llama_kv_cache:        CPU KV buffer size =     4.50 MiB
llama_kv_cache:      CUDA0 KV buffer size =    37.50 MiB
llama_kv_cache: size =   42.00 MiB (   768 cells,  28 layers,  1/1 seqs), K (f16):   21.00 MiB, V (f16):   21.00 MiB
llama_kv_cache: attn_rot_k = 0, n_embd_head_k_all = 128
llama_kv_cache: attn_rot_v = 0, n_embd_head_k_all = 128
llama_context: enumerating backends
llama_context: backend_ptrs.size() = 2
sched_reserve: reserving ...
sched_reserve: max_nodes = 2712
sched_reserve: reserving full memory module
sched_reserve: worst-case: n_tokens = 512, n_seqs = 1, n_outputs = 1
graph_reserve: reserving a graph for ubatch with n_tokens =    1, n_seqs =  1, n_outputs =    1
sched_reserve: Flash Attention was auto, set to enabled
sched_reserve: resolving fused Gated Delta Net support:
graph_reserve: reserving a graph for ubatch with n_tokens =    1, n_seqs =  1, n_outputs =    1
sched_reserve: fused Gated Delta Net (autoregressive) enabled
graph_reserve: reserving a graph for ubatch with n_tokens =   16, n_seqs =  1, n_outputs =   16
sched_reserve: fused Gated Delta Net (chunked) enabled
graph_reserve: reserving a graph for ubatch with n_tokens =  512, n_seqs =  1, n_outputs =  512
graph_reserve: reserving a graph for ubatch with n_tokens =    1, n_seqs =  1, n_outputs =    1
graph_reserve: reserving a graph for ubatch with n_tokens =  512, n_seqs =  1, n_outputs =  512
sched_reserve:      CUDA0 compute buffer size =   304.00 MiB
sched_reserve:  CUDA_Host compute buffer size =    14.76 MiB
sched_reserve: graph nodes  = 958
sched_reserve: graph splits = 44 (with bs=512), 2 (with bs=1)
sched_reserve: reserve took 10.85 ms, sched copies = 1
CUDA Graph id 4515 reused
ggml_backend_cuda_graph_compute: CUDA graph warmup complete
CUDA Graph id 4515 reused
CUDA Graph id 4515 reused
CUDA Graph id 4515 reused
CUDA Graph id 4515 reused
CUDA Graph id 4515 reused
CUDA Graph id 4515 reused
CUDA Graph id 4515 reused
CUDA Graph id 4515 reused
CUDA Graph id 4515 reused
CUDA Graph id 4515 reused
CUDA Graph id 4515 reused
CUDA Graph id 4515 reused
CUDA Graph id 4515 reused
CUDA Graph id 4515 reused
CUDA Graph id 4515 reused
CUDA Graph id 4515 reused
CUDA Graph id 4515 reused
CUDA Graph id 4515 reused
CUDA Graph id 4515 reused
CUDA Graph id 4515 reused
CUDA Graph id 4515 reused
CUDA Graph id 4515 reused
CUDA Graph id 4515 reused
CUDA Graph id 4515 reused
CUDA Graph id 4515 reused
CUDA Graph id 4515 reused
CUDA Graph id 4515 reused
CUDA Graph id 4515 reused
CUDA Graph id 4515 reused
CUDA Graph id 4515 reused
CUDA Graph id 4515 reused
CUDA Graph id 4515 reused
CUDA Graph id 4515 reused
CUDA Graph id 4515 reused
CUDA Graph id 4515 reused
CUDA Graph id 4515 reused
CUDA Graph id 4515 reused
CUDA Graph id 4515 reused
CUDA Graph id 4515 reused
CUDA Graph id 4515 reused
CUDA Graph id 4515 reused
CUDA Graph id 4515 reused
CUDA Graph id 4515 reused
CUDA Graph id 4515 reused
CUDA Graph id 4515 reused
CUDA Graph id 4515 reused
CUDA Graph id 4515 reused
CUDA Graph id 4515 reused
CUDA Graph id 4515 reused
CUDA Graph id 4515 reused
CUDA Graph id 4515 reused
CUDA Graph id 4515 reused
CUDA Graph id 4515 reused
CUDA Graph id 4515 reused
CUDA Graph id 4515 reused
CUDA Graph id 4515 reused
CUDA Graph id 4515 reused
~llama_context:      CUDA0 compute buffer size is 304.0000 MiB, matches expectation of 304.0000 MiB
~llama_context:  CUDA_Host compute buffer size is  14.7637 MiB, matches expectation of  14.7637 MiB
schema 155/175 done
llama_context: constructing llama_context
llama_context: n_seq_max     = 1
llama_context: n_ctx         = 768
llama_context: n_ctx_seq     = 768
llama_context: n_batch       = 708
llama_context: n_ubatch      = 512
llama_context: causal_attn   = 1
llama_context: flash_attn    = auto
llama_context: kv_unified    = false
llama_context: freq_base     = 1000000.0
llama_context: freq_scale    = 1
llama_context: n_rs_seq      = 0
llama_context: n_outputs_max = 708
llama_context: n_ctx_seq (768) < n_ctx_train (32768) -- the full capacity of the model will not be utilized
set_abort_callback: call
llama_context:  CUDA_Host  output buffer size =     0.58 MiB
llama_kv_cache: layer   0: dev = CPU
llama_kv_cache: layer   1: dev = CPU
llama_kv_cache: layer   2: dev = CPU
llama_kv_cache: layer   3: dev = CUDA0
llama_kv_cache: layer   4: dev = CUDA0
llama_kv_cache: layer   5: dev = CUDA0
llama_kv_cache: layer   6: dev = CUDA0
llama_kv_cache: layer   7: dev = CUDA0
llama_kv_cache: layer   8: dev = CUDA0
llama_kv_cache: layer   9: dev = CUDA0
llama_kv_cache: layer  10: dev = CUDA0
llama_kv_cache: layer  11: dev = CUDA0
llama_kv_cache: layer  12: dev = CUDA0
llama_kv_cache: layer  13: dev = CUDA0
llama_kv_cache: layer  14: dev = CUDA0
llama_kv_cache: layer  15: dev = CUDA0
llama_kv_cache: layer  16: dev = CUDA0
llama_kv_cache: layer  17: dev = CUDA0
llama_kv_cache: layer  18: dev = CUDA0
llama_kv_cache: layer  19: dev = CUDA0
llama_kv_cache: layer  20: dev = CUDA0
llama_kv_cache: layer  21: dev = CUDA0
llama_kv_cache: layer  22: dev = CUDA0
llama_kv_cache: layer  23: dev = CUDA0
llama_kv_cache: layer  24: dev = CUDA0
llama_kv_cache: layer  25: dev = CUDA0
llama_kv_cache: layer  26: dev = CUDA0
llama_kv_cache: layer  27: dev = CUDA0
llama_kv_cache:        CPU KV buffer size =     4.50 MiB
llama_kv_cache:      CUDA0 KV buffer size =    37.50 MiB
llama_kv_cache: size =   42.00 MiB (   768 cells,  28 layers,  1/1 seqs), K (f16):   21.00 MiB, V (f16):   21.00 MiB
llama_kv_cache: attn_rot_k = 0, n_embd_head_k_all = 128
llama_kv_cache: attn_rot_v = 0, n_embd_head_k_all = 128
llama_context: enumerating backends
llama_context: backend_ptrs.size() = 2
sched_reserve: reserving ...
sched_reserve: max_nodes = 2712
sched_reserve: reserving full memory module
sched_reserve: worst-case: n_tokens = 512, n_seqs = 1, n_outputs = 1
graph_reserve: reserving a graph for ubatch with n_tokens =    1, n_seqs =  1, n_outputs =    1
sched_reserve: Flash Attention was auto, set to enabled
sched_reserve: resolving fused Gated Delta Net support:
graph_reserve: reserving a graph for ubatch with n_tokens =    1, n_seqs =  1, n_outputs =    1
sched_reserve: fused Gated Delta Net (autoregressive) enabled
graph_reserve: reserving a graph for ubatch with n_tokens =   16, n_seqs =  1, n_outputs =   16
sched_reserve: fused Gated Delta Net (chunked) enabled
graph_reserve: reserving a graph for ubatch with n_tokens =  512, n_seqs =  1, n_outputs =  512
graph_reserve: reserving a graph for ubatch with n_tokens =    1, n_seqs =  1, n_outputs =    1
graph_reserve: reserving a graph for ubatch with n_tokens =  512, n_seqs =  1, n_outputs =  512
sched_reserve:      CUDA0 compute buffer size =   304.00 MiB
sched_reserve:  CUDA_Host compute buffer size =    14.76 MiB
sched_reserve: graph nodes  = 958
sched_reserve: graph splits = 44 (with bs=512), 2 (with bs=1)
sched_reserve: reserve took 12.12 ms, sched copies = 1
CUDA Graph id 4665 reused
ggml_backend_cuda_graph_compute: CUDA graph warmup complete
CUDA Graph id 4665 reused
CUDA Graph id 4665 reused
CUDA Graph id 4665 reused
CUDA Graph id 4665 reused
CUDA Graph id 4665 reused
CUDA Graph id 4665 reused
CUDA Graph id 4665 reused
CUDA Graph id 4665 reused
CUDA Graph id 4665 reused
CUDA Graph id 4665 reused
CUDA Graph id 4665 reused
CUDA Graph id 4665 reused
CUDA Graph id 4665 reused
CUDA Graph id 4665 reused
CUDA Graph id 4665 reused
CUDA Graph id 4665 reused
CUDA Graph id 4665 reused
CUDA Graph id 4665 reused
CUDA Graph id 4665 reused
CUDA Graph id 4665 reused
CUDA Graph id 4665 reused
CUDA Graph id 4665 reused
CUDA Graph id 4665 reused
CUDA Graph id 4665 reused
CUDA Graph id 4665 reused
CUDA Graph id 4665 reused
CUDA Graph id 4665 reused
CUDA Graph id 4665 reused
CUDA Graph id 4665 reused
CUDA Graph id 4665 reused
CUDA Graph id 4665 reused
CUDA Graph id 4665 reused
CUDA Graph id 4665 reused
CUDA Graph id 4665 reused
CUDA Graph id 4665 reused
CUDA Graph id 4665 reused
CUDA Graph id 4665 reused
CUDA Graph id 4665 reused
CUDA Graph id 4665 reused
CUDA Graph id 4665 reused
CUDA Graph id 4665 reused
CUDA Graph id 4665 reused
CUDA Graph id 4665 reused
CUDA Graph id 4665 reused
CUDA Graph id 4665 reused
CUDA Graph id 4665 reused
CUDA Graph id 4665 reused
CUDA Graph id 4665 reused
CUDA Graph id 4665 reused
CUDA Graph id 4665 reused
CUDA Graph id 4665 reused
CUDA Graph id 4665 reused
CUDA Graph id 4665 reused
CUDA Graph id 4665 reused
CUDA Graph id 4665 reused
CUDA Graph id 4665 reused
~llama_context:      CUDA0 compute buffer size is 304.0000 MiB, matches expectation of 304.0000 MiB
~llama_context:  CUDA_Host compute buffer size is  14.7637 MiB, matches expectation of  14.7637 MiB
llama_context: constructing llama_context
llama_context: n_seq_max     = 1
llama_context: n_ctx         = 768
llama_context: n_ctx_seq     = 768
llama_context: n_batch       = 708
llama_context: n_ubatch      = 512
llama_context: causal_attn   = 1
llama_context: flash_attn    = auto
llama_context: kv_unified    = false
llama_context: freq_base     = 1000000.0
llama_context: freq_scale    = 1
llama_context: n_rs_seq      = 0
llama_context: n_outputs_max = 708
llama_context: n_ctx_seq (768) < n_ctx_train (32768) -- the full capacity of the model will not be utilized
set_abort_callback: call
llama_context:  CUDA_Host  output buffer size =     0.58 MiB
llama_kv_cache: layer   0: dev = CPU
llama_kv_cache: layer   1: dev = CPU
llama_kv_cache: layer   2: dev = CPU
llama_kv_cache: layer   3: dev = CUDA0
llama_kv_cache: layer   4: dev = CUDA0
llama_kv_cache: layer   5: dev = CUDA0
llama_kv_cache: layer   6: dev = CUDA0
llama_kv_cache: layer   7: dev = CUDA0
llama_kv_cache: layer   8: dev = CUDA0
llama_kv_cache: layer   9: dev = CUDA0
llama_kv_cache: layer  10: dev = CUDA0
llama_kv_cache: layer  11: dev = CUDA0
llama_kv_cache: layer  12: dev = CUDA0
llama_kv_cache: layer  13: dev = CUDA0
llama_kv_cache: layer  14: dev = CUDA0
llama_kv_cache: layer  15: dev = CUDA0
llama_kv_cache: layer  16: dev = CUDA0
llama_kv_cache: layer  17: dev = CUDA0
llama_kv_cache: layer  18: dev = CUDA0
llama_kv_cache: layer  19: dev = CUDA0
llama_kv_cache: layer  20: dev = CUDA0
llama_kv_cache: layer  21: dev = CUDA0
llama_kv_cache: layer  22: dev = CUDA0
llama_kv_cache: layer  23: dev = CUDA0
llama_kv_cache: layer  24: dev = CUDA0
llama_kv_cache: layer  25: dev = CUDA0
llama_kv_cache: layer  26: dev = CUDA0
llama_kv_cache: layer  27: dev = CUDA0
llama_kv_cache:        CPU KV buffer size =     4.50 MiB
llama_kv_cache:      CUDA0 KV buffer size =    37.50 MiB
llama_kv_cache: size =   42.00 MiB (   768 cells,  28 layers,  1/1 seqs), K (f16):   21.00 MiB, V (f16):   21.00 MiB
llama_kv_cache: attn_rot_k = 0, n_embd_head_k_all = 128
llama_kv_cache: attn_rot_v = 0, n_embd_head_k_all = 128
llama_context: enumerating backends
llama_context: backend_ptrs.size() = 2
sched_reserve: reserving ...
sched_reserve: max_nodes = 2712
sched_reserve: reserving full memory module
sched_reserve: worst-case: n_tokens = 512, n_seqs = 1, n_outputs = 1
graph_reserve: reserving a graph for ubatch with n_tokens =    1, n_seqs =  1, n_outputs =    1
sched_reserve: Flash Attention was auto, set to enabled
sched_reserve: resolving fused Gated Delta Net support:
graph_reserve: reserving a graph for ubatch with n_tokens =    1, n_seqs =  1, n_outputs =    1
sched_reserve: fused Gated Delta Net (autoregressive) enabled
graph_reserve: reserving a graph for ubatch with n_tokens =   16, n_seqs =  1, n_outputs =   16
sched_reserve: fused Gated Delta Net (chunked) enabled
graph_reserve: reserving a graph for ubatch with n_tokens =  512, n_seqs =  1, n_outputs =  512
graph_reserve: reserving a graph for ubatch with n_tokens =    1, n_seqs =  1, n_outputs =    1
graph_reserve: reserving a graph for ubatch with n_tokens =  512, n_seqs =  1, n_outputs =  512
sched_reserve:      CUDA0 compute buffer size =   304.00 MiB
sched_reserve:  CUDA_Host compute buffer size =    14.76 MiB
sched_reserve: graph nodes  = 958
sched_reserve: graph splits = 44 (with bs=512), 2 (with bs=1)
sched_reserve: reserve took 12.78 ms, sched copies = 1
CUDA Graph id 4815 reused
ggml_backend_cuda_graph_compute: CUDA graph warmup complete
CUDA Graph id 4815 reused
CUDA Graph id 4815 reused
CUDA Graph id 4815 reused
CUDA Graph id 4815 reused
CUDA Graph id 4815 reused
CUDA Graph id 4815 reused
CUDA Graph id 4815 reused
CUDA Graph id 4815 reused
CUDA Graph id 4815 reused
CUDA Graph id 4815 reused
CUDA Graph id 4815 reused
CUDA Graph id 4815 reused
CUDA Graph id 4815 reused
CUDA Graph id 4815 reused
CUDA Graph id 4815 reused
CUDA Graph id 4815 reused
CUDA Graph id 4815 reused
CUDA Graph id 4815 reused
CUDA Graph id 4815 reused
CUDA Graph id 4815 reused
CUDA Graph id 4815 reused
CUDA Graph id 4815 reused
CUDA Graph id 4815 reused
CUDA Graph id 4815 reused
CUDA Graph id 4815 reused
CUDA Graph id 4815 reused
CUDA Graph id 4815 reused
CUDA Graph id 4815 reused
CUDA Graph id 4815 reused
CUDA Graph id 4815 reused
CUDA Graph id 4815 reused
CUDA Graph id 4815 reused
CUDA Graph id 4815 reused
CUDA Graph id 4815 reused
CUDA Graph id 4815 reused
CUDA Graph id 4815 reused
CUDA Graph id 4815 reused
CUDA Graph id 4815 reused
CUDA Graph id 4815 reused
CUDA Graph id 4815 reused
CUDA Graph id 4815 reused
CUDA Graph id 4815 reused
CUDA Graph id 4815 reused
CUDA Graph id 4815 reused
CUDA Graph id 4815 reused
CUDA Graph id 4815 reused
CUDA Graph id 4815 reused
CUDA Graph id 4815 reused
CUDA Graph id 4815 reused
CUDA Graph id 4815 reused
CUDA Graph id 4815 reused
CUDA Graph id 4815 reused
CUDA Graph id 4815 reused
CUDA Graph id 4815 reused
CUDA Graph id 4815 reused
CUDA Graph id 4815 reused
~llama_context:      CUDA0 compute buffer size is 304.0000 MiB, matches expectation of 304.0000 MiB
~llama_context:  CUDA_Host compute buffer size is  14.7637 MiB, matches expectation of  14.7637 MiB
llama_context: constructing llama_context
llama_context: n_seq_max     = 1
llama_context: n_ctx         = 768
llama_context: n_ctx_seq     = 768
llama_context: n_batch       = 708
llama_context: n_ubatch      = 512
llama_context: causal_attn   = 1
llama_context: flash_attn    = auto
llama_context: kv_unified    = false
llama_context: freq_base     = 1000000.0
llama_context: freq_scale    = 1
llama_context: n_rs_seq      = 0
llama_context: n_outputs_max = 708
llama_context: n_ctx_seq (768) < n_ctx_train (32768) -- the full capacity of the model will not be utilized
set_abort_callback: call
llama_context:  CUDA_Host  output buffer size =     0.58 MiB
llama_kv_cache: layer   0: dev = CPU
llama_kv_cache: layer   1: dev = CPU
llama_kv_cache: layer   2: dev = CPU
llama_kv_cache: layer   3: dev = CUDA0
llama_kv_cache: layer   4: dev = CUDA0
llama_kv_cache: layer   5: dev = CUDA0
llama_kv_cache: layer   6: dev = CUDA0
llama_kv_cache: layer   7: dev = CUDA0
llama_kv_cache: layer   8: dev = CUDA0
llama_kv_cache: layer   9: dev = CUDA0
llama_kv_cache: layer  10: dev = CUDA0
llama_kv_cache: layer  11: dev = CUDA0
llama_kv_cache: layer  12: dev = CUDA0
llama_kv_cache: layer  13: dev = CUDA0
llama_kv_cache: layer  14: dev = CUDA0
llama_kv_cache: layer  15: dev = CUDA0
llama_kv_cache: layer  16: dev = CUDA0
llama_kv_cache: layer  17: dev = CUDA0
llama_kv_cache: layer  18: dev = CUDA0
llama_kv_cache: layer  19: dev = CUDA0
llama_kv_cache: layer  20: dev = CUDA0
llama_kv_cache: layer  21: dev = CUDA0
llama_kv_cache: layer  22: dev = CUDA0
llama_kv_cache: layer  23: dev = CUDA0
llama_kv_cache: layer  24: dev = CUDA0
llama_kv_cache: layer  25: dev = CUDA0
llama_kv_cache: layer  26: dev = CUDA0
llama_kv_cache: layer  27: dev = CUDA0
llama_kv_cache:        CPU KV buffer size =     4.50 MiB
llama_kv_cache:      CUDA0 KV buffer size =    37.50 MiB
llama_kv_cache: size =   42.00 MiB (   768 cells,  28 layers,  1/1 seqs), K (f16):   21.00 MiB, V (f16):   21.00 MiB
llama_kv_cache: attn_rot_k = 0, n_embd_head_k_all = 128
llama_kv_cache: attn_rot_v = 0, n_embd_head_k_all = 128
llama_context: enumerating backends
llama_context: backend_ptrs.size() = 2
sched_reserve: reserving ...
sched_reserve: max_nodes = 2712
sched_reserve: reserving full memory module
sched_reserve: worst-case: n_tokens = 512, n_seqs = 1, n_outputs = 1
graph_reserve: reserving a graph for ubatch with n_tokens =    1, n_seqs =  1, n_outputs =    1
sched_reserve: Flash Attention was auto, set to enabled
sched_reserve: resolving fused Gated Delta Net support:
graph_reserve: reserving a graph for ubatch with n_tokens =    1, n_seqs =  1, n_outputs =    1
sched_reserve: fused Gated Delta Net (autoregressive) enabled
graph_reserve: reserving a graph for ubatch with n_tokens =   16, n_seqs =  1, n_outputs =   16
sched_reserve: fused Gated Delta Net (chunked) enabled
graph_reserve: reserving a graph for ubatch with n_tokens =  512, n_seqs =  1, n_outputs =  512
graph_reserve: reserving a graph for ubatch with n_tokens =    1, n_seqs =  1, n_outputs =    1
graph_reserve: reserving a graph for ubatch with n_tokens =  512, n_seqs =  1, n_outputs =  512
sched_reserve:      CUDA0 compute buffer size =   304.00 MiB
sched_reserve:  CUDA_Host compute buffer size =    14.76 MiB
sched_reserve: graph nodes  = 958
sched_reserve: graph splits = 44 (with bs=512), 2 (with bs=1)
sched_reserve: reserve took 12.66 ms, sched copies = 1
CUDA Graph id 4965 reused
ggml_backend_cuda_graph_compute: CUDA graph warmup complete
CUDA Graph id 4965 reused
CUDA Graph id 4965 reused
CUDA Graph id 4965 reused
CUDA Graph id 4965 reused
CUDA Graph id 4965 reused
CUDA Graph id 4965 reused
CUDA Graph id 4965 reused
CUDA Graph id 4965 reused
CUDA Graph id 4965 reused
CUDA Graph id 4965 reused
CUDA Graph id 4965 reused
CUDA Graph id 4965 reused
CUDA Graph id 4965 reused
CUDA Graph id 4965 reused
CUDA Graph id 4965 reused
CUDA Graph id 4965 reused
CUDA Graph id 4965 reused
CUDA Graph id 4965 reused
CUDA Graph id 4965 reused
CUDA Graph id 4965 reused
CUDA Graph id 4965 reused
CUDA Graph id 4965 reused
CUDA Graph id 4965 reused
CUDA Graph id 4965 reused
CUDA Graph id 4965 reused
CUDA Graph id 4965 reused
CUDA Graph id 4965 reused
CUDA Graph id 4965 reused
~llama_context:      CUDA0 compute buffer size is 304.0000 MiB, matches expectation of 304.0000 MiB
~llama_context:  CUDA_Host compute buffer size is  14.7637 MiB, matches expectation of  14.7637 MiB
llama_context: constructing llama_context
llama_context: n_seq_max     = 1
llama_context: n_ctx         = 768
llama_context: n_ctx_seq     = 768
llama_context: n_batch       = 708
llama_context: n_ubatch      = 512
llama_context: causal_attn   = 1
llama_context: flash_attn    = auto
llama_context: kv_unified    = false
llama_context: freq_base     = 1000000.0
llama_context: freq_scale    = 1
llama_context: n_rs_seq      = 0
llama_context: n_outputs_max = 708
llama_context: n_ctx_seq (768) < n_ctx_train (32768) -- the full capacity of the model will not be utilized
set_abort_callback: call
llama_context:  CUDA_Host  output buffer size =     0.58 MiB
llama_kv_cache: layer   0: dev = CPU
llama_kv_cache: layer   1: dev = CPU
llama_kv_cache: layer   2: dev = CPU
llama_kv_cache: layer   3: dev = CUDA0
llama_kv_cache: layer   4: dev = CUDA0
llama_kv_cache: layer   5: dev = CUDA0
llama_kv_cache: layer   6: dev = CUDA0
llama_kv_cache: layer   7: dev = CUDA0
llama_kv_cache: layer   8: dev = CUDA0
llama_kv_cache: layer   9: dev = CUDA0
llama_kv_cache: layer  10: dev = CUDA0
llama_kv_cache: layer  11: dev = CUDA0
llama_kv_cache: layer  12: dev = CUDA0
llama_kv_cache: layer  13: dev = CUDA0
llama_kv_cache: layer  14: dev = CUDA0
llama_kv_cache: layer  15: dev = CUDA0
llama_kv_cache: layer  16: dev = CUDA0
llama_kv_cache: layer  17: dev = CUDA0
llama_kv_cache: layer  18: dev = CUDA0
llama_kv_cache: layer  19: dev = CUDA0
llama_kv_cache: layer  20: dev = CUDA0
llama_kv_cache: layer  21: dev = CUDA0
llama_kv_cache: layer  22: dev = CUDA0
llama_kv_cache: layer  23: dev = CUDA0
llama_kv_cache: layer  24: dev = CUDA0
llama_kv_cache: layer  25: dev = CUDA0
llama_kv_cache: layer  26: dev = CUDA0
llama_kv_cache: layer  27: dev = CUDA0
llama_kv_cache:        CPU KV buffer size =     4.50 MiB
llama_kv_cache:      CUDA0 KV buffer size =    37.50 MiB
llama_kv_cache: size =   42.00 MiB (   768 cells,  28 layers,  1/1 seqs), K (f16):   21.00 MiB, V (f16):   21.00 MiB
llama_kv_cache: attn_rot_k = 0, n_embd_head_k_all = 128
llama_kv_cache: attn_rot_v = 0, n_embd_head_k_all = 128
llama_context: enumerating backends
llama_context: backend_ptrs.size() = 2
sched_reserve: reserving ...
sched_reserve: max_nodes = 2712
sched_reserve: reserving full memory module
sched_reserve: worst-case: n_tokens = 512, n_seqs = 1, n_outputs = 1
graph_reserve: reserving a graph for ubatch with n_tokens =    1, n_seqs =  1, n_outputs =    1
sched_reserve: Flash Attention was auto, set to enabled
sched_reserve: resolving fused Gated Delta Net support:
graph_reserve: reserving a graph for ubatch with n_tokens =    1, n_seqs =  1, n_outputs =    1
sched_reserve: fused Gated Delta Net (autoregressive) enabled
graph_reserve: reserving a graph for ubatch with n_tokens =   16, n_seqs =  1, n_outputs =   16
sched_reserve: fused Gated Delta Net (chunked) enabled
graph_reserve: reserving a graph for ubatch with n_tokens =  512, n_seqs =  1, n_outputs =  512
graph_reserve: reserving a graph for ubatch with n_tokens =    1, n_seqs =  1, n_outputs =    1
graph_reserve: reserving a graph for ubatch with n_tokens =  512, n_seqs =  1, n_outputs =  512
sched_reserve:      CUDA0 compute buffer size =   304.00 MiB
sched_reserve:  CUDA_Host compute buffer size =    14.76 MiB
sched_reserve: graph nodes  = 958
sched_reserve: graph splits = 44 (with bs=512), 2 (with bs=1)
sched_reserve: reserve took 12.35 ms, sched copies = 1
CUDA Graph id 5115 reused
ggml_backend_cuda_graph_compute: CUDA graph warmup complete
CUDA Graph id 5115 reused
CUDA Graph id 5115 reused
CUDA Graph id 5115 reused
CUDA Graph id 5115 reused
CUDA Graph id 5115 reused
CUDA Graph id 5115 reused
CUDA Graph id 5115 reused
CUDA Graph id 5115 reused
CUDA Graph id 5115 reused
CUDA Graph id 5115 reused
CUDA Graph id 5115 reused
CUDA Graph id 5115 reused
CUDA Graph id 5115 reused
CUDA Graph id 5115 reused
CUDA Graph id 5115 reused
CUDA Graph id 5115 reused
CUDA Graph id 5115 reused
CUDA Graph id 5115 reused
CUDA Graph id 5115 reused
CUDA Graph id 5115 reused
CUDA Graph id 5115 reused
CUDA Graph id 5115 reused
CUDA Graph id 5115 reused
CUDA Graph id 5115 reused
CUDA Graph id 5115 reused
CUDA Graph id 5115 reused
CUDA Graph id 5115 reused
CUDA Graph id 5115 reused
CUDA Graph id 5115 reused
CUDA Graph id 5115 reused
CUDA Graph id 5115 reused
CUDA Graph id 5115 reused
CUDA Graph id 5115 reused
CUDA Graph id 5115 reused
CUDA Graph id 5115 reused
CUDA Graph id 5115 reused
CUDA Graph id 5115 reused
CUDA Graph id 5115 reused
CUDA Graph id 5115 reused
CUDA Graph id 5115 reused
CUDA Graph id 5115 reused
CUDA Graph id 5115 reused
CUDA Graph id 5115 reused
CUDA Graph id 5115 reused
CUDA Graph id 5115 reused
CUDA Graph id 5115 reused
CUDA Graph id 5115 reused
CUDA Graph id 5115 reused
CUDA Graph id 5115 reused
CUDA Graph id 5115 reused
CUDA Graph id 5115 reused
CUDA Graph id 5115 reused
CUDA Graph id 5115 reused
CUDA Graph id 5115 reused
CUDA Graph id 5115 reused
CUDA Graph id 5115 reused
CUDA Graph id 5115 reused
~llama_context:      CUDA0 compute buffer size is 304.0000 MiB, matches expectation of 304.0000 MiB
~llama_context:  CUDA_Host compute buffer size is  14.7637 MiB, matches expectation of  14.7637 MiB
llama_context: constructing llama_context
llama_context: n_seq_max     = 1
llama_context: n_ctx         = 768
llama_context: n_ctx_seq     = 768
llama_context: n_batch       = 708
llama_context: n_ubatch      = 512
llama_context: causal_attn   = 1
llama_context: flash_attn    = auto
llama_context: kv_unified    = false
llama_context: freq_base     = 1000000.0
llama_context: freq_scale    = 1
llama_context: n_rs_seq      = 0
llama_context: n_outputs_max = 708
llama_context: n_ctx_seq (768) < n_ctx_train (32768) -- the full capacity of the model will not be utilized
set_abort_callback: call
llama_context:  CUDA_Host  output buffer size =     0.58 MiB
llama_kv_cache: layer   0: dev = CPU
llama_kv_cache: layer   1: dev = CPU
llama_kv_cache: layer   2: dev = CPU
llama_kv_cache: layer   3: dev = CUDA0
llama_kv_cache: layer   4: dev = CUDA0
llama_kv_cache: layer   5: dev = CUDA0
llama_kv_cache: layer   6: dev = CUDA0
llama_kv_cache: layer   7: dev = CUDA0
llama_kv_cache: layer   8: dev = CUDA0
llama_kv_cache: layer   9: dev = CUDA0
llama_kv_cache: layer  10: dev = CUDA0
llama_kv_cache: layer  11: dev = CUDA0
llama_kv_cache: layer  12: dev = CUDA0
llama_kv_cache: layer  13: dev = CUDA0
llama_kv_cache: layer  14: dev = CUDA0
llama_kv_cache: layer  15: dev = CUDA0
llama_kv_cache: layer  16: dev = CUDA0
llama_kv_cache: layer  17: dev = CUDA0
llama_kv_cache: layer  18: dev = CUDA0
llama_kv_cache: layer  19: dev = CUDA0
llama_kv_cache: layer  20: dev = CUDA0
llama_kv_cache: layer  21: dev = CUDA0
llama_kv_cache: layer  22: dev = CUDA0
llama_kv_cache: layer  23: dev = CUDA0
llama_kv_cache: layer  24: dev = CUDA0
llama_kv_cache: layer  25: dev = CUDA0
llama_kv_cache: layer  26: dev = CUDA0
llama_kv_cache: layer  27: dev = CUDA0
llama_kv_cache:        CPU KV buffer size =     4.50 MiB
llama_kv_cache:      CUDA0 KV buffer size =    37.50 MiB
llama_kv_cache: size =   42.00 MiB (   768 cells,  28 layers,  1/1 seqs), K (f16):   21.00 MiB, V (f16):   21.00 MiB
llama_kv_cache: attn_rot_k = 0, n_embd_head_k_all = 128
llama_kv_cache: attn_rot_v = 0, n_embd_head_k_all = 128
llama_context: enumerating backends
llama_context: backend_ptrs.size() = 2
sched_reserve: reserving ...
sched_reserve: max_nodes = 2712
sched_reserve: reserving full memory module
sched_reserve: worst-case: n_tokens = 512, n_seqs = 1, n_outputs = 1
graph_reserve: reserving a graph for ubatch with n_tokens =    1, n_seqs =  1, n_outputs =    1
sched_reserve: Flash Attention was auto, set to enabled
sched_reserve: resolving fused Gated Delta Net support:
graph_reserve: reserving a graph for ubatch with n_tokens =    1, n_seqs =  1, n_outputs =    1
sched_reserve: fused Gated Delta Net (autoregressive) enabled
graph_reserve: reserving a graph for ubatch with n_tokens =   16, n_seqs =  1, n_outputs =   16
sched_reserve: fused Gated Delta Net (chunked) enabled
graph_reserve: reserving a graph for ubatch with n_tokens =  512, n_seqs =  1, n_outputs =  512
graph_reserve: reserving a graph for ubatch with n_tokens =    1, n_seqs =  1, n_outputs =    1
graph_reserve: reserving a graph for ubatch with n_tokens =  512, n_seqs =  1, n_outputs =  512
sched_reserve:      CUDA0 compute buffer size =   304.00 MiB
sched_reserve:  CUDA_Host compute buffer size =    14.76 MiB
sched_reserve: graph nodes  = 958
sched_reserve: graph splits = 44 (with bs=512), 2 (with bs=1)
sched_reserve: reserve took 10.53 ms, sched copies = 1
CUDA Graph id 5265 reused
ggml_backend_cuda_graph_compute: CUDA graph warmup complete
CUDA Graph id 5265 reused
CUDA Graph id 5265 reused
CUDA Graph id 5265 reused
CUDA Graph id 5265 reused
CUDA Graph id 5265 reused
CUDA Graph id 5265 reused
CUDA Graph id 5265 reused
CUDA Graph id 5265 reused
CUDA Graph id 5265 reused
CUDA Graph id 5265 reused
CUDA Graph id 5265 reused
CUDA Graph id 5265 reused
CUDA Graph id 5265 reused
CUDA Graph id 5265 reused
CUDA Graph id 5265 reused
CUDA Graph id 5265 reused
CUDA Graph id 5265 reused
CUDA Graph id 5265 reused
CUDA Graph id 5265 reused
CUDA Graph id 5265 reused
CUDA Graph id 5265 reused
CUDA Graph id 5265 reused
CUDA Graph id 5265 reused
CUDA Graph id 5265 reused
CUDA Graph id 5265 reused
CUDA Graph id 5265 reused
CUDA Graph id 5265 reused
CUDA Graph id 5265 reused
CUDA Graph id 5265 reused
~llama_context:      CUDA0 compute buffer size is 304.0000 MiB, matches expectation of 304.0000 MiB
~llama_context:  CUDA_Host compute buffer size is  14.7637 MiB, matches expectation of  14.7637 MiB
llama_context: constructing llama_context
llama_context: n_seq_max     = 1
llama_context: n_ctx         = 768
llama_context: n_ctx_seq     = 768
llama_context: n_batch       = 708
llama_context: n_ubatch      = 512
llama_context: causal_attn   = 1
llama_context: flash_attn    = auto
llama_context: kv_unified    = false
llama_context: freq_base     = 1000000.0
llama_context: freq_scale    = 1
llama_context: n_rs_seq      = 0
llama_context: n_outputs_max = 708
llama_context: n_ctx_seq (768) < n_ctx_train (32768) -- the full capacity of the model will not be utilized
set_abort_callback: call
llama_context:  CUDA_Host  output buffer size =     0.58 MiB
llama_kv_cache: layer   0: dev = CPU
llama_kv_cache: layer   1: dev = CPU
llama_kv_cache: layer   2: dev = CPU
llama_kv_cache: layer   3: dev = CUDA0
llama_kv_cache: layer   4: dev = CUDA0
llama_kv_cache: layer   5: dev = CUDA0
llama_kv_cache: layer   6: dev = CUDA0
llama_kv_cache: layer   7: dev = CUDA0
llama_kv_cache: layer   8: dev = CUDA0
llama_kv_cache: layer   9: dev = CUDA0
llama_kv_cache: layer  10: dev = CUDA0
llama_kv_cache: layer  11: dev = CUDA0
llama_kv_cache: layer  12: dev = CUDA0
llama_kv_cache: layer  13: dev = CUDA0
llama_kv_cache: layer  14: dev = CUDA0
llama_kv_cache: layer  15: dev = CUDA0
llama_kv_cache: layer  16: dev = CUDA0
llama_kv_cache: layer  17: dev = CUDA0
llama_kv_cache: layer  18: dev = CUDA0
llama_kv_cache: layer  19: dev = CUDA0
llama_kv_cache: layer  20: dev = CUDA0
llama_kv_cache: layer  21: dev = CUDA0
llama_kv_cache: layer  22: dev = CUDA0
llama_kv_cache: layer  23: dev = CUDA0
llama_kv_cache: layer  24: dev = CUDA0
llama_kv_cache: layer  25: dev = CUDA0
llama_kv_cache: layer  26: dev = CUDA0
llama_kv_cache: layer  27: dev = CUDA0
llama_kv_cache:        CPU KV buffer size =     4.50 MiB
llama_kv_cache:      CUDA0 KV buffer size =    37.50 MiB
llama_kv_cache: size =   42.00 MiB (   768 cells,  28 layers,  1/1 seqs), K (f16):   21.00 MiB, V (f16):   21.00 MiB
llama_kv_cache: attn_rot_k = 0, n_embd_head_k_all = 128
llama_kv_cache: attn_rot_v = 0, n_embd_head_k_all = 128
llama_context: enumerating backends
llama_context: backend_ptrs.size() = 2
sched_reserve: reserving ...
sched_reserve: max_nodes = 2712
sched_reserve: reserving full memory module
sched_reserve: worst-case: n_tokens = 512, n_seqs = 1, n_outputs = 1
graph_reserve: reserving a graph for ubatch with n_tokens =    1, n_seqs =  1, n_outputs =    1
sched_reserve: Flash Attention was auto, set to enabled
sched_reserve: resolving fused Gated Delta Net support:
graph_reserve: reserving a graph for ubatch with n_tokens =    1, n_seqs =  1, n_outputs =    1
sched_reserve: fused Gated Delta Net (autoregressive) enabled
graph_reserve: reserving a graph for ubatch with n_tokens =   16, n_seqs =  1, n_outputs =   16
sched_reserve: fused Gated Delta Net (chunked) enabled
graph_reserve: reserving a graph for ubatch with n_tokens =  512, n_seqs =  1, n_outputs =  512
graph_reserve: reserving a graph for ubatch with n_tokens =    1, n_seqs =  1, n_outputs =    1
graph_reserve: reserving a graph for ubatch with n_tokens =  512, n_seqs =  1, n_outputs =  512
sched_reserve:      CUDA0 compute buffer size =   304.00 MiB
sched_reserve:  CUDA_Host compute buffer size =    14.76 MiB
sched_reserve: graph nodes  = 958
sched_reserve: graph splits = 44 (with bs=512), 2 (with bs=1)
sched_reserve: reserve took 13.85 ms, sched copies = 1
CUDA Graph id 5415 reused
ggml_backend_cuda_graph_compute: CUDA graph warmup complete
CUDA Graph id 5415 reused
CUDA Graph id 5415 reused
CUDA Graph id 5415 reused
CUDA Graph id 5415 reused
CUDA Graph id 5415 reused
CUDA Graph id 5415 reused
CUDA Graph id 5415 reused
CUDA Graph id 5415 reused
CUDA Graph id 5415 reused
CUDA Graph id 5415 reused
CUDA Graph id 5415 reused
CUDA Graph id 5415 reused
CUDA Graph id 5415 reused
CUDA Graph id 5415 reused
CUDA Graph id 5415 reused
CUDA Graph id 5415 reused
CUDA Graph id 5415 reused
CUDA Graph id 5415 reused
CUDA Graph id 5415 reused
CUDA Graph id 5415 reused
CUDA Graph id 5415 reused
CUDA Graph id 5415 reused
CUDA Graph id 5415 reused
CUDA Graph id 5415 reused
CUDA Graph id 5415 reused
CUDA Graph id 5415 reused
CUDA Graph id 5415 reused
CUDA Graph id 5415 reused
CUDA Graph id 5415 reused
CUDA Graph id 5415 reused
CUDA Graph id 5415 reused
CUDA Graph id 5415 reused
CUDA Graph id 5415 reused
CUDA Graph id 5415 reused
CUDA Graph id 5415 reused
CUDA Graph id 5415 reused
CUDA Graph id 5415 reused
CUDA Graph id 5415 reused
CUDA Graph id 5415 reused
CUDA Graph id 5415 reused
CUDA Graph id 5415 reused
CUDA Graph id 5415 reused
CUDA Graph id 5415 reused
CUDA Graph id 5415 reused
CUDA Graph id 5415 reused
CUDA Graph id 5415 reused
CUDA Graph id 5415 reused
CUDA Graph id 5415 reused
CUDA Graph id 5415 reused
CUDA Graph id 5415 reused
CUDA Graph id 5415 reused
CUDA Graph id 5415 reused
CUDA Graph id 5415 reused
CUDA Graph id 5415 reused
CUDA Graph id 5415 reused
CUDA Graph id 5415 reused
CUDA Graph id 5415 reused
CUDA Graph id 5415 reused
~llama_context:      CUDA0 compute buffer size is 304.0000 MiB, matches expectation of 304.0000 MiB
~llama_context:  CUDA_Host compute buffer size is  14.7637 MiB, matches expectation of  14.7637 MiB
schema 156/175 done
llama_context: constructing llama_context
llama_context: n_seq_max     = 1
llama_context: n_ctx         = 768
llama_context: n_ctx_seq     = 768
llama_context: n_batch       = 695
llama_context: n_ubatch      = 512
llama_context: causal_attn   = 1
llama_context: flash_attn    = auto
llama_context: kv_unified    = false
llama_context: freq_base     = 1000000.0
llama_context: freq_scale    = 1
llama_context: n_rs_seq      = 0
llama_context: n_outputs_max = 695
llama_context: n_ctx_seq (768) < n_ctx_train (32768) -- the full capacity of the model will not be utilized
set_abort_callback: call
llama_context:  CUDA_Host  output buffer size =     0.58 MiB
llama_kv_cache: layer   0: dev = CPU
llama_kv_cache: layer   1: dev = CPU
llama_kv_cache: layer   2: dev = CPU
llama_kv_cache: layer   3: dev = CUDA0
llama_kv_cache: layer   4: dev = CUDA0
llama_kv_cache: layer   5: dev = CUDA0
llama_kv_cache: layer   6: dev = CUDA0
llama_kv_cache: layer   7: dev = CUDA0
llama_kv_cache: layer   8: dev = CUDA0
llama_kv_cache: layer   9: dev = CUDA0
llama_kv_cache: layer  10: dev = CUDA0
llama_kv_cache: layer  11: dev = CUDA0
llama_kv_cache: layer  12: dev = CUDA0
llama_kv_cache: layer  13: dev = CUDA0
llama_kv_cache: layer  14: dev = CUDA0
llama_kv_cache: layer  15: dev = CUDA0
llama_kv_cache: layer  16: dev = CUDA0
llama_kv_cache: layer  17: dev = CUDA0
llama_kv_cache: layer  18: dev = CUDA0
llama_kv_cache: layer  19: dev = CUDA0
llama_kv_cache: layer  20: dev = CUDA0
llama_kv_cache: layer  21: dev = CUDA0
llama_kv_cache: layer  22: dev = CUDA0
llama_kv_cache: layer  23: dev = CUDA0
llama_kv_cache: layer  24: dev = CUDA0
llama_kv_cache: layer  25: dev = CUDA0
llama_kv_cache: layer  26: dev = CUDA0
llama_kv_cache: layer  27: dev = CUDA0
llama_kv_cache:        CPU KV buffer size =     4.50 MiB
llama_kv_cache:      CUDA0 KV buffer size =    37.50 MiB
llama_kv_cache: size =   42.00 MiB (   768 cells,  28 layers,  1/1 seqs), K (f16):   21.00 MiB, V (f16):   21.00 MiB
llama_kv_cache: attn_rot_k = 0, n_embd_head_k_all = 128
llama_kv_cache: attn_rot_v = 0, n_embd_head_k_all = 128
llama_context: enumerating backends
llama_context: backend_ptrs.size() = 2
sched_reserve: reserving ...
sched_reserve: max_nodes = 2712
sched_reserve: reserving full memory module
sched_reserve: worst-case: n_tokens = 512, n_seqs = 1, n_outputs = 1
graph_reserve: reserving a graph for ubatch with n_tokens =    1, n_seqs =  1, n_outputs =    1
sched_reserve: Flash Attention was auto, set to enabled
sched_reserve: resolving fused Gated Delta Net support:
graph_reserve: reserving a graph for ubatch with n_tokens =    1, n_seqs =  1, n_outputs =    1
sched_reserve: fused Gated Delta Net (autoregressive) enabled
graph_reserve: reserving a graph for ubatch with n_tokens =   16, n_seqs =  1, n_outputs =   16
sched_reserve: fused Gated Delta Net (chunked) enabled
graph_reserve: reserving a graph for ubatch with n_tokens =  512, n_seqs =  1, n_outputs =  512
graph_reserve: reserving a graph for ubatch with n_tokens =    1, n_seqs =  1, n_outputs =    1
graph_reserve: reserving a graph for ubatch with n_tokens =  512, n_seqs =  1, n_outputs =  512
sched_reserve:      CUDA0 compute buffer size =   304.00 MiB
sched_reserve:  CUDA_Host compute buffer size =    14.76 MiB
sched_reserve: graph nodes  = 958
sched_reserve: graph splits = 44 (with bs=512), 2 (with bs=1)
sched_reserve: reserve took 10.72 ms, sched copies = 1
CUDA Graph id 5565 reused
ggml_backend_cuda_graph_compute: CUDA graph warmup complete
CUDA Graph id 5565 reused
CUDA Graph id 5565 reused
CUDA Graph id 5565 reused
CUDA Graph id 5565 reused
CUDA Graph id 5565 reused
CUDA Graph id 5565 reused
CUDA Graph id 5565 reused
CUDA Graph id 5565 reused
CUDA Graph id 5565 reused
CUDA Graph id 5565 reused
CUDA Graph id 5565 reused
CUDA Graph id 5565 reused
CUDA Graph id 5565 reused
CUDA Graph id 5565 reused
CUDA Graph id 5565 reused
CUDA Graph id 5565 reused
CUDA Graph id 5565 reused
CUDA Graph id 5565 reused
CUDA Graph id 5565 reused
CUDA Graph id 5565 reused
CUDA Graph id 5565 reused
CUDA Graph id 5565 reused
CUDA Graph id 5565 reused
CUDA Graph id 5565 reused
CUDA Graph id 5565 reused
CUDA Graph id 5565 reused
CUDA Graph id 5565 reused
CUDA Graph id 5565 reused
CUDA Graph id 5565 reused
CUDA Graph id 5565 reused
CUDA Graph id 5565 reused
CUDA Graph id 5565 reused
CUDA Graph id 5565 reused
CUDA Graph id 5565 reused
CUDA Graph id 5565 reused
CUDA Graph id 5565 reused
CUDA Graph id 5565 reused
CUDA Graph id 5565 reused
CUDA Graph id 5565 reused
CUDA Graph id 5565 reused
CUDA Graph id 5565 reused
CUDA Graph id 5565 reused
CUDA Graph id 5565 reused
CUDA Graph id 5565 reused
CUDA Graph id 5565 reused
CUDA Graph id 5565 reused
CUDA Graph id 5565 reused
CUDA Graph id 5565 reused
CUDA Graph id 5565 reused
CUDA Graph id 5565 reused
CUDA Graph id 5565 reused
CUDA Graph id 5565 reused
CUDA Graph id 5565 reused
CUDA Graph id 5565 reused
CUDA Graph id 5565 reused
CUDA Graph id 5565 reused
CUDA Graph id 5565 reused
CUDA Graph id 5565 reused
CUDA Graph id 5565 reused
CUDA Graph id 5565 reused
CUDA Graph id 5565 reused
CUDA Graph id 5565 reused
CUDA Graph id 5565 reused
CUDA Graph id 5565 reused
CUDA Graph id 5565 reused
CUDA Graph id 5565 reused
CUDA Graph id 5565 reused
CUDA Graph id 5565 reused
CUDA Graph id 5565 reused
CUDA Graph id 5565 reused
CUDA Graph id 5565 reused
~llama_context:      CUDA0 compute buffer size is 304.0000 MiB, matches expectation of 304.0000 MiB
~llama_context:  CUDA_Host compute buffer size is  14.7637 MiB, matches expectation of  14.7637 MiB
llama_context: constructing llama_context
llama_context: n_seq_max     = 1
llama_context: n_ctx         = 768
llama_context: n_ctx_seq     = 768
llama_context: n_batch       = 695
llama_context: n_ubatch      = 512
llama_context: causal_attn   = 1
llama_context: flash_attn    = auto
llama_context: kv_unified    = false
llama_context: freq_base     = 1000000.0
llama_context: freq_scale    = 1
llama_context: n_rs_seq      = 0
llama_context: n_outputs_max = 695
llama_context: n_ctx_seq (768) < n_ctx_train (32768) -- the full capacity of the model will not be utilized
set_abort_callback: call
llama_context:  CUDA_Host  output buffer size =     0.58 MiB
llama_kv_cache: layer   0: dev = CPU
llama_kv_cache: layer   1: dev = CPU
llama_kv_cache: layer   2: dev = CPU
llama_kv_cache: layer   3: dev = CUDA0
llama_kv_cache: layer   4: dev = CUDA0
llama_kv_cache: layer   5: dev = CUDA0
llama_kv_cache: layer   6: dev = CUDA0
llama_kv_cache: layer   7: dev = CUDA0
llama_kv_cache: layer   8: dev = CUDA0
llama_kv_cache: layer   9: dev = CUDA0
llama_kv_cache: layer  10: dev = CUDA0
llama_kv_cache: layer  11: dev = CUDA0
llama_kv_cache: layer  12: dev = CUDA0
llama_kv_cache: layer  13: dev = CUDA0
llama_kv_cache: layer  14: dev = CUDA0
llama_kv_cache: layer  15: dev = CUDA0
llama_kv_cache: layer  16: dev = CUDA0
llama_kv_cache: layer  17: dev = CUDA0
llama_kv_cache: layer  18: dev = CUDA0
llama_kv_cache: layer  19: dev = CUDA0
llama_kv_cache: layer  20: dev = CUDA0
llama_kv_cache: layer  21: dev = CUDA0
llama_kv_cache: layer  22: dev = CUDA0
llama_kv_cache: layer  23: dev = CUDA0
llama_kv_cache: layer  24: dev = CUDA0
llama_kv_cache: layer  25: dev = CUDA0
llama_kv_cache: layer  26: dev = CUDA0
llama_kv_cache: layer  27: dev = CUDA0
llama_kv_cache:        CPU KV buffer size =     4.50 MiB
llama_kv_cache:      CUDA0 KV buffer size =    37.50 MiB
llama_kv_cache: size =   42.00 MiB (   768 cells,  28 layers,  1/1 seqs), K (f16):   21.00 MiB, V (f16):   21.00 MiB
llama_kv_cache: attn_rot_k = 0, n_embd_head_k_all = 128
llama_kv_cache: attn_rot_v = 0, n_embd_head_k_all = 128
llama_context: enumerating backends
llama_context: backend_ptrs.size() = 2
sched_reserve: reserving ...
sched_reserve: max_nodes = 2712
sched_reserve: reserving full memory module
sched_reserve: worst-case: n_tokens = 512, n_seqs = 1, n_outputs = 1
graph_reserve: reserving a graph for ubatch with n_tokens =    1, n_seqs =  1, n_outputs =    1
sched_reserve: Flash Attention was auto, set to enabled
sched_reserve: resolving fused Gated Delta Net support:
graph_reserve: reserving a graph for ubatch with n_tokens =    1, n_seqs =  1, n_outputs =    1
sched_reserve: fused Gated Delta Net (autoregressive) enabled
graph_reserve: reserving a graph for ubatch with n_tokens =   16, n_seqs =  1, n_outputs =   16
sched_reserve: fused Gated Delta Net (chunked) enabled
graph_reserve: reserving a graph for ubatch with n_tokens =  512, n_seqs =  1, n_outputs =  512
graph_reserve: reserving a graph for ubatch with n_tokens =    1, n_seqs =  1, n_outputs =    1
graph_reserve: reserving a graph for ubatch with n_tokens =  512, n_seqs =  1, n_outputs =  512
sched_reserve:      CUDA0 compute buffer size =   304.00 MiB
sched_reserve:  CUDA_Host compute buffer size =    14.76 MiB
sched_reserve: graph nodes  = 958
sched_reserve: graph splits = 44 (with bs=512), 2 (with bs=1)
sched_reserve: reserve took 17.30 ms, sched copies = 1
CUDA Graph id 5715 reused
ggml_backend_cuda_graph_compute: CUDA graph warmup complete
CUDA Graph id 5715 reused
CUDA Graph id 5715 reused
CUDA Graph id 5715 reused
CUDA Graph id 5715 reused
CUDA Graph id 5715 reused
CUDA Graph id 5715 reused
CUDA Graph id 5715 reused
CUDA Graph id 5715 reused
CUDA Graph id 5715 reused
CUDA Graph id 5715 reused
CUDA Graph id 5715 reused
CUDA Graph id 5715 reused
CUDA Graph id 5715 reused
CUDA Graph id 5715 reused
CUDA Graph id 5715 reused
CUDA Graph id 5715 reused
CUDA Graph id 5715 reused
CUDA Graph id 5715 reused
CUDA Graph id 5715 reused
CUDA Graph id 5715 reused
CUDA Graph id 5715 reused
CUDA Graph id 5715 reused
CUDA Graph id 5715 reused
CUDA Graph id 5715 reused
CUDA Graph id 5715 reused
CUDA Graph id 5715 reused
CUDA Graph id 5715 reused
CUDA Graph id 5715 reused
CUDA Graph id 5715 reused
CUDA Graph id 5715 reused
CUDA Graph id 5715 reused
CUDA Graph id 5715 reused
CUDA Graph id 5715 reused
CUDA Graph id 5715 reused
CUDA Graph id 5715 reused
CUDA Graph id 5715 reused
CUDA Graph id 5715 reused
CUDA Graph id 5715 reused
CUDA Graph id 5715 reused
CUDA Graph id 5715 reused
CUDA Graph id 5715 reused
CUDA Graph id 5715 reused
CUDA Graph id 5715 reused
CUDA Graph id 5715 reused
CUDA Graph id 5715 reused
CUDA Graph id 5715 reused
CUDA Graph id 5715 reused
CUDA Graph id 5715 reused
CUDA Graph id 5715 reused
CUDA Graph id 5715 reused
CUDA Graph id 5715 reused
CUDA Graph id 5715 reused
CUDA Graph id 5715 reused
CUDA Graph id 5715 reused
CUDA Graph id 5715 reused
CUDA Graph id 5715 reused
CUDA Graph id 5715 reused
CUDA Graph id 5715 reused
CUDA Graph id 5715 reused
CUDA Graph id 5715 reused
CUDA Graph id 5715 reused
CUDA Graph id 5715 reused
CUDA Graph id 5715 reused
CUDA Graph id 5715 reused
CUDA Graph id 5715 reused
CUDA Graph id 5715 reused
CUDA Graph id 5715 reused
CUDA Graph id 5715 reused
CUDA Graph id 5715 reused
CUDA Graph id 5715 reused
CUDA Graph id 5715 reused
~llama_context:      CUDA0 compute buffer size is 304.0000 MiB, matches expectation of 304.0000 MiB
~llama_context:  CUDA_Host compute buffer size is  14.7637 MiB, matches expectation of  14.7637 MiB
llama_context: constructing llama_context
llama_context: n_seq_max     = 1
llama_context: n_ctx         = 768
llama_context: n_ctx_seq     = 768
llama_context: n_batch       = 695
llama_context: n_ubatch      = 512
llama_context: causal_attn   = 1
llama_context: flash_attn    = auto
llama_context: kv_unified    = false
llama_context: freq_base     = 1000000.0
llama_context: freq_scale    = 1
llama_context: n_rs_seq      = 0
llama_context: n_outputs_max = 695
llama_context: n_ctx_seq (768) < n_ctx_train (32768) -- the full capacity of the model will not be utilized
set_abort_callback: call
llama_context:  CUDA_Host  output buffer size =     0.58 MiB
llama_kv_cache: layer   0: dev = CPU
llama_kv_cache: layer   1: dev = CPU
llama_kv_cache: layer   2: dev = CPU
llama_kv_cache: layer   3: dev = CUDA0
llama_kv_cache: layer   4: dev = CUDA0
llama_kv_cache: layer   5: dev = CUDA0
llama_kv_cache: layer   6: dev = CUDA0
llama_kv_cache: layer   7: dev = CUDA0
llama_kv_cache: layer   8: dev = CUDA0
llama_kv_cache: layer   9: dev = CUDA0
llama_kv_cache: layer  10: dev = CUDA0
llama_kv_cache: layer  11: dev = CUDA0
llama_kv_cache: layer  12: dev = CUDA0
llama_kv_cache: layer  13: dev = CUDA0
llama_kv_cache: layer  14: dev = CUDA0
llama_kv_cache: layer  15: dev = CUDA0
llama_kv_cache: layer  16: dev = CUDA0
llama_kv_cache: layer  17: dev = CUDA0
llama_kv_cache: layer  18: dev = CUDA0
llama_kv_cache: layer  19: dev = CUDA0
llama_kv_cache: layer  20: dev = CUDA0
llama_kv_cache: layer  21: dev = CUDA0
llama_kv_cache: layer  22: dev = CUDA0
llama_kv_cache: layer  23: dev = CUDA0
llama_kv_cache: layer  24: dev = CUDA0
llama_kv_cache: layer  25: dev = CUDA0
llama_kv_cache: layer  26: dev = CUDA0
llama_kv_cache: layer  27: dev = CUDA0
llama_kv_cache:        CPU KV buffer size =     4.50 MiB
llama_kv_cache:      CUDA0 KV buffer size =    37.50 MiB
llama_kv_cache: size =   42.00 MiB (   768 cells,  28 layers,  1/1 seqs), K (f16):   21.00 MiB, V (f16):   21.00 MiB
llama_kv_cache: attn_rot_k = 0, n_embd_head_k_all = 128
llama_kv_cache: attn_rot_v = 0, n_embd_head_k_all = 128
llama_context: enumerating backends
llama_context: backend_ptrs.size() = 2
sched_reserve: reserving ...
sched_reserve: max_nodes = 2712
sched_reserve: reserving full memory module
sched_reserve: worst-case: n_tokens = 512, n_seqs = 1, n_outputs = 1
graph_reserve: reserving a graph for ubatch with n_tokens =    1, n_seqs =  1, n_outputs =    1
sched_reserve: Flash Attention was auto, set to enabled
sched_reserve: resolving fused Gated Delta Net support:
graph_reserve: reserving a graph for ubatch with n_tokens =    1, n_seqs =  1, n_outputs =    1
sched_reserve: fused Gated Delta Net (autoregressive) enabled
graph_reserve: reserving a graph for ubatch with n_tokens =   16, n_seqs =  1, n_outputs =   16
sched_reserve: fused Gated Delta Net (chunked) enabled
graph_reserve: reserving a graph for ubatch with n_tokens =  512, n_seqs =  1, n_outputs =  512
graph_reserve: reserving a graph for ubatch with n_tokens =    1, n_seqs =  1, n_outputs =    1
graph_reserve: reserving a graph for ubatch with n_tokens =  512, n_seqs =  1, n_outputs =  512
sched_reserve:      CUDA0 compute buffer size =   304.00 MiB
sched_reserve:  CUDA_Host compute buffer size =    14.76 MiB
sched_reserve: graph nodes  = 958
sched_reserve: graph splits = 44 (with bs=512), 2 (with bs=1)
sched_reserve: reserve took 17.27 ms, sched copies = 1
CUDA Graph id 5865 reused
ggml_backend_cuda_graph_compute: CUDA graph warmup complete
CUDA Graph id 5865 reused
CUDA Graph id 5865 reused
CUDA Graph id 5865 reused
CUDA Graph id 5865 reused
CUDA Graph id 5865 reused
CUDA Graph id 5865 reused
CUDA Graph id 5865 reused
CUDA Graph id 5865 reused
CUDA Graph id 5865 reused
CUDA Graph id 5865 reused
CUDA Graph id 5865 reused
CUDA Graph id 5865 reused
CUDA Graph id 5865 reused
CUDA Graph id 5865 reused
CUDA Graph id 5865 reused
CUDA Graph id 5865 reused
CUDA Graph id 5865 reused
CUDA Graph id 5865 reused
CUDA Graph id 5865 reused
CUDA Graph id 5865 reused
CUDA Graph id 5865 reused
CUDA Graph id 5865 reused
CUDA Graph id 5865 reused
CUDA Graph id 5865 reused
CUDA Graph id 5865 reused
CUDA Graph id 5865 reused
CUDA Graph id 5865 reused
CUDA Graph id 5865 reused
CUDA Graph id 5865 reused
CUDA Graph id 5865 reused
CUDA Graph id 5865 reused
CUDA Graph id 5865 reused
CUDA Graph id 5865 reused
CUDA Graph id 5865 reused
CUDA Graph id 5865 reused
CUDA Graph id 5865 reused
CUDA Graph id 5865 reused
CUDA Graph id 5865 reused
CUDA Graph id 5865 reused
CUDA Graph id 5865 reused
CUDA Graph id 5865 reused
CUDA Graph id 5865 reused
~llama_context:      CUDA0 compute buffer size is 304.0000 MiB, matches expectation of 304.0000 MiB
~llama_context:  CUDA_Host compute buffer size is  14.7637 MiB, matches expectation of  14.7637 MiB
llama_context: constructing llama_context
llama_context: n_seq_max     = 1
llama_context: n_ctx         = 768
llama_context: n_ctx_seq     = 768
llama_context: n_batch       = 695
llama_context: n_ubatch      = 512
llama_context: causal_attn   = 1
llama_context: flash_attn    = auto
llama_context: kv_unified    = false
llama_context: freq_base     = 1000000.0
llama_context: freq_scale    = 1
llama_context: n_rs_seq      = 0
llama_context: n_outputs_max = 695
llama_context: n_ctx_seq (768) < n_ctx_train (32768) -- the full capacity of the model will not be utilized
set_abort_callback: call
llama_context:  CUDA_Host  output buffer size =     0.58 MiB
llama_kv_cache: layer   0: dev = CPU
llama_kv_cache: layer   1: dev = CPU
llama_kv_cache: layer   2: dev = CPU
llama_kv_cache: layer   3: dev = CUDA0
llama_kv_cache: layer   4: dev = CUDA0
llama_kv_cache: layer   5: dev = CUDA0
llama_kv_cache: layer   6: dev = CUDA0
llama_kv_cache: layer   7: dev = CUDA0
llama_kv_cache: layer   8: dev = CUDA0
llama_kv_cache: layer   9: dev = CUDA0
llama_kv_cache: layer  10: dev = CUDA0
llama_kv_cache: layer  11: dev = CUDA0
llama_kv_cache: layer  12: dev = CUDA0
llama_kv_cache: layer  13: dev = CUDA0
llama_kv_cache: layer  14: dev = CUDA0
llama_kv_cache: layer  15: dev = CUDA0
llama_kv_cache: layer  16: dev = CUDA0
llama_kv_cache: layer  17: dev = CUDA0
llama_kv_cache: layer  18: dev = CUDA0
llama_kv_cache: layer  19: dev = CUDA0
llama_kv_cache: layer  20: dev = CUDA0
llama_kv_cache: layer  21: dev = CUDA0
llama_kv_cache: layer  22: dev = CUDA0
llama_kv_cache: layer  23: dev = CUDA0
llama_kv_cache: layer  24: dev = CUDA0
llama_kv_cache: layer  25: dev = CUDA0
llama_kv_cache: layer  26: dev = CUDA0
llama_kv_cache: layer  27: dev = CUDA0
llama_kv_cache:        CPU KV buffer size =     4.50 MiB
llama_kv_cache:      CUDA0 KV buffer size =    37.50 MiB
llama_kv_cache: size =   42.00 MiB (   768 cells,  28 layers,  1/1 seqs), K (f16):   21.00 MiB, V (f16):   21.00 MiB
llama_kv_cache: attn_rot_k = 0, n_embd_head_k_all = 128
llama_kv_cache: attn_rot_v = 0, n_embd_head_k_all = 128
llama_context: enumerating backends
llama_context: backend_ptrs.size() = 2
sched_reserve: reserving ...
sched_reserve: max_nodes = 2712
sched_reserve: reserving full memory module
sched_reserve: worst-case: n_tokens = 512, n_seqs = 1, n_outputs = 1
graph_reserve: reserving a graph for ubatch with n_tokens =    1, n_seqs =  1, n_outputs =    1
sched_reserve: Flash Attention was auto, set to enabled
sched_reserve: resolving fused Gated Delta Net support:
graph_reserve: reserving a graph for ubatch with n_tokens =    1, n_seqs =  1, n_outputs =    1
sched_reserve: fused Gated Delta Net (autoregressive) enabled
graph_reserve: reserving a graph for ubatch with n_tokens =   16, n_seqs =  1, n_outputs =   16
sched_reserve: fused Gated Delta Net (chunked) enabled
graph_reserve: reserving a graph for ubatch with n_tokens =  512, n_seqs =  1, n_outputs =  512
graph_reserve: reserving a graph for ubatch with n_tokens =    1, n_seqs =  1, n_outputs =    1
graph_reserve: reserving a graph for ubatch with n_tokens =  512, n_seqs =  1, n_outputs =  512
sched_reserve:      CUDA0 compute buffer size =   304.00 MiB
sched_reserve:  CUDA_Host compute buffer size =    14.76 MiB
sched_reserve: graph nodes  = 958
sched_reserve: graph splits = 44 (with bs=512), 2 (with bs=1)
sched_reserve: reserve took 12.41 ms, sched copies = 1
CUDA Graph id 6015 reused
ggml_backend_cuda_graph_compute: CUDA graph warmup complete
CUDA Graph id 6015 reused
CUDA Graph id 6015 reused
CUDA Graph id 6015 reused
CUDA Graph id 6015 reused
CUDA Graph id 6015 reused
CUDA Graph id 6015 reused
CUDA Graph id 6015 reused
CUDA Graph id 6015 reused
CUDA Graph id 6015 reused
CUDA Graph id 6015 reused
CUDA Graph id 6015 reused
CUDA Graph id 6015 reused
CUDA Graph id 6015 reused
CUDA Graph id 6015 reused
CUDA Graph id 6015 reused
CUDA Graph id 6015 reused
CUDA Graph id 6015 reused
CUDA Graph id 6015 reused
CUDA Graph id 6015 reused
CUDA Graph id 6015 reused
CUDA Graph id 6015 reused
CUDA Graph id 6015 reused
CUDA Graph id 6015 reused
CUDA Graph id 6015 reused
CUDA Graph id 6015 reused
CUDA Graph id 6015 reused
CUDA Graph id 6015 reused
CUDA Graph id 6015 reused
CUDA Graph id 6015 reused
CUDA Graph id 6015 reused
CUDA Graph id 6015 reused
CUDA Graph id 6015 reused
CUDA Graph id 6015 reused
CUDA Graph id 6015 reused
CUDA Graph id 6015 reused
CUDA Graph id 6015 reused
CUDA Graph id 6015 reused
CUDA Graph id 6015 reused
CUDA Graph id 6015 reused
CUDA Graph id 6015 reused
CUDA Graph id 6015 reused
CUDA Graph id 6015 reused
CUDA Graph id 6015 reused
CUDA Graph id 6015 reused
CUDA Graph id 6015 reused
CUDA Graph id 6015 reused
CUDA Graph id 6015 reused
CUDA Graph id 6015 reused
CUDA Graph id 6015 reused
CUDA Graph id 6015 reused
CUDA Graph id 6015 reused
CUDA Graph id 6015 reused
~llama_context:      CUDA0 compute buffer size is 304.0000 MiB, matches expectation of 304.0000 MiB
~llama_context:  CUDA_Host compute buffer size is  14.7637 MiB, matches expectation of  14.7637 MiB
llama_context: constructing llama_context
llama_context: n_seq_max     = 1
llama_context: n_ctx         = 768
llama_context: n_ctx_seq     = 768
llama_context: n_batch       = 695
llama_context: n_ubatch      = 512
llama_context: causal_attn   = 1
llama_context: flash_attn    = auto
llama_context: kv_unified    = false
llama_context: freq_base     = 1000000.0
llama_context: freq_scale    = 1
llama_context: n_rs_seq      = 0
llama_context: n_outputs_max = 695
llama_context: n_ctx_seq (768) < n_ctx_train (32768) -- the full capacity of the model will not be utilized
set_abort_callback: call
llama_context:  CUDA_Host  output buffer size =     0.58 MiB
llama_kv_cache: layer   0: dev = CPU
llama_kv_cache: layer   1: dev = CPU
llama_kv_cache: layer   2: dev = CPU
llama_kv_cache: layer   3: dev = CUDA0
llama_kv_cache: layer   4: dev = CUDA0
llama_kv_cache: layer   5: dev = CUDA0
llama_kv_cache: layer   6: dev = CUDA0
llama_kv_cache: layer   7: dev = CUDA0
llama_kv_cache: layer   8: dev = CUDA0
llama_kv_cache: layer   9: dev = CUDA0
llama_kv_cache: layer  10: dev = CUDA0
llama_kv_cache: layer  11: dev = CUDA0
llama_kv_cache: layer  12: dev = CUDA0
llama_kv_cache: layer  13: dev = CUDA0
llama_kv_cache: layer  14: dev = CUDA0
llama_kv_cache: layer  15: dev = CUDA0
llama_kv_cache: layer  16: dev = CUDA0
llama_kv_cache: layer  17: dev = CUDA0
llama_kv_cache: layer  18: dev = CUDA0
llama_kv_cache: layer  19: dev = CUDA0
llama_kv_cache: layer  20: dev = CUDA0
llama_kv_cache: layer  21: dev = CUDA0
llama_kv_cache: layer  22: dev = CUDA0
llama_kv_cache: layer  23: dev = CUDA0
llama_kv_cache: layer  24: dev = CUDA0
llama_kv_cache: layer  25: dev = CUDA0
llama_kv_cache: layer  26: dev = CUDA0
llama_kv_cache: layer  27: dev = CUDA0
llama_kv_cache:        CPU KV buffer size =     4.50 MiB
llama_kv_cache:      CUDA0 KV buffer size =    37.50 MiB
llama_kv_cache: size =   42.00 MiB (   768 cells,  28 layers,  1/1 seqs), K (f16):   21.00 MiB, V (f16):   21.00 MiB
llama_kv_cache: attn_rot_k = 0, n_embd_head_k_all = 128
llama_kv_cache: attn_rot_v = 0, n_embd_head_k_all = 128
llama_context: enumerating backends
llama_context: backend_ptrs.size() = 2
sched_reserve: reserving ...
sched_reserve: max_nodes = 2712
sched_reserve: reserving full memory module
sched_reserve: worst-case: n_tokens = 512, n_seqs = 1, n_outputs = 1
graph_reserve: reserving a graph for ubatch with n_tokens =    1, n_seqs =  1, n_outputs =    1
sched_reserve: Flash Attention was auto, set to enabled
sched_reserve: resolving fused Gated Delta Net support:
graph_reserve: reserving a graph for ubatch with n_tokens =    1, n_seqs =  1, n_outputs =    1
sched_reserve: fused Gated Delta Net (autoregressive) enabled
graph_reserve: reserving a graph for ubatch with n_tokens =   16, n_seqs =  1, n_outputs =   16
sched_reserve: fused Gated Delta Net (chunked) enabled
graph_reserve: reserving a graph for ubatch with n_tokens =  512, n_seqs =  1, n_outputs =  512
graph_reserve: reserving a graph for ubatch with n_tokens =    1, n_seqs =  1, n_outputs =    1
graph_reserve: reserving a graph for ubatch with n_tokens =  512, n_seqs =  1, n_outputs =  512
sched_reserve:      CUDA0 compute buffer size =   304.00 MiB
sched_reserve:  CUDA_Host compute buffer size =    14.76 MiB
sched_reserve: graph nodes  = 958
sched_reserve: graph splits = 44 (with bs=512), 2 (with bs=1)
sched_reserve: reserve took 16.02 ms, sched copies = 1
CUDA Graph id 6165 reused
ggml_backend_cuda_graph_compute: CUDA graph warmup complete
CUDA Graph id 6165 reused
CUDA Graph id 6165 reused
CUDA Graph id 6165 reused
CUDA Graph id 6165 reused
CUDA Graph id 6165 reused
CUDA Graph id 6165 reused
CUDA Graph id 6165 reused
CUDA Graph id 6165 reused
CUDA Graph id 6165 reused
CUDA Graph id 6165 reused
CUDA Graph id 6165 reused
CUDA Graph id 6165 reused
CUDA Graph id 6165 reused
CUDA Graph id 6165 reused
CUDA Graph id 6165 reused
CUDA Graph id 6165 reused
CUDA Graph id 6165 reused
CUDA Graph id 6165 reused
CUDA Graph id 6165 reused
CUDA Graph id 6165 reused
CUDA Graph id 6165 reused
CUDA Graph id 6165 reused
CUDA Graph id 6165 reused
CUDA Graph id 6165 reused
CUDA Graph id 6165 reused
CUDA Graph id 6165 reused
CUDA Graph id 6165 reused
CUDA Graph id 6165 reused
CUDA Graph id 6165 reused
CUDA Graph id 6165 reused
CUDA Graph id 6165 reused
CUDA Graph id 6165 reused
CUDA Graph id 6165 reused
CUDA Graph id 6165 reused
CUDA Graph id 6165 reused
CUDA Graph id 6165 reused
CUDA Graph id 6165 reused
CUDA Graph id 6165 reused
CUDA Graph id 6165 reused
CUDA Graph id 6165 reused
CUDA Graph id 6165 reused
CUDA Graph id 6165 reused
CUDA Graph id 6165 reused
CUDA Graph id 6165 reused
CUDA Graph id 6165 reused
CUDA Graph id 6165 reused
CUDA Graph id 6165 reused
CUDA Graph id 6165 reused
CUDA Graph id 6165 reused
CUDA Graph id 6165 reused
CUDA Graph id 6165 reused
CUDA Graph id 6165 reused
CUDA Graph id 6165 reused
CUDA Graph id 6165 reused
CUDA Graph id 6165 reused
CUDA Graph id 6165 reused
CUDA Graph id 6165 reused
CUDA Graph id 6165 reused
CUDA Graph id 6165 reused
CUDA Graph id 6165 reused
CUDA Graph id 6165 reused
CUDA Graph id 6165 reused
CUDA Graph id 6165 reused
CUDA Graph id 6165 reused
CUDA Graph id 6165 reused
CUDA Graph id 6165 reused
CUDA Graph id 6165 reused
CUDA Graph id 6165 reused
CUDA Graph id 6165 reused
CUDA Graph id 6165 reused
CUDA Graph id 6165 reused
CUDA Graph id 6165 reused
CUDA Graph id 6165 reused
CUDA Graph id 6165 reused
CUDA Graph id 6165 reused
CUDA Graph id 6165 reused
CUDA Graph id 6165 reused
CUDA Graph id 6165 reused
CUDA Graph id 6165 reused
ggml_backend_cuda_graph_compute: CUDA graph warmup reset
CUDA Graph id 6168 reused
ggml_backend_cuda_graph_compute: CUDA graph warmup complete
CUDA Graph id 6168 reused
CUDA Graph id 6168 reused
CUDA Graph id 6168 reused
CUDA Graph id 6168 reused
CUDA Graph id 6168 reused
CUDA Graph id 6168 reused
CUDA Graph id 6168 reused
CUDA Graph id 6168 reused
CUDA Graph id 6168 reused
CUDA Graph id 6168 reused
CUDA Graph id 6168 reused
CUDA Graph id 6168 reused
CUDA Graph id 6168 reused
CUDA Graph id 6168 reused
CUDA Graph id 6168 reused
CUDA Graph id 6168 reused
CUDA Graph id 6168 reused
CUDA Graph id 6168 reused
CUDA Graph id 6168 reused
CUDA Graph id 6168 reused
CUDA Graph id 6168 reused
CUDA Graph id 6168 reused
CUDA Graph id 6168 reused
CUDA Graph id 6168 reused
CUDA Graph id 6168 reused
CUDA Graph id 6168 reused
CUDA Graph id 6168 reused
CUDA Graph id 6168 reused
CUDA Graph id 6168 reused
CUDA Graph id 6168 reused
CUDA Graph id 6168 reused
CUDA Graph id 6168 reused
CUDA Graph id 6168 reused
CUDA Graph id 6168 reused
CUDA Graph id 6168 reused
CUDA Graph id 6168 reused
CUDA Graph id 6168 reused
CUDA Graph id 6168 reused
~llama_context:      CUDA0 compute buffer size is 304.0000 MiB, matches expectation of 304.0000 MiB
~llama_context:  CUDA_Host compute buffer size is  14.7637 MiB, matches expectation of  14.7637 MiB
llama_context: constructing llama_context
llama_context: n_seq_max     = 1
llama_context: n_ctx         = 768
llama_context: n_ctx_seq     = 768
llama_context: n_batch       = 695
llama_context: n_ubatch      = 512
llama_context: causal_attn   = 1
llama_context: flash_attn    = auto
llama_context: kv_unified    = false
llama_context: freq_base     = 1000000.0
llama_context: freq_scale    = 1
llama_context: n_rs_seq      = 0
llama_context: n_outputs_max = 695
llama_context: n_ctx_seq (768) < n_ctx_train (32768) -- the full capacity of the model will not be utilized
set_abort_callback: call
llama_context:  CUDA_Host  output buffer size =     0.58 MiB
llama_kv_cache: layer   0: dev = CPU
llama_kv_cache: layer   1: dev = CPU
llama_kv_cache: layer   2: dev = CPU
llama_kv_cache: layer   3: dev = CUDA0
llama_kv_cache: layer   4: dev = CUDA0
llama_kv_cache: layer   5: dev = CUDA0
llama_kv_cache: layer   6: dev = CUDA0
llama_kv_cache: layer   7: dev = CUDA0
llama_kv_cache: layer   8: dev = CUDA0
llama_kv_cache: layer   9: dev = CUDA0
llama_kv_cache: layer  10: dev = CUDA0
llama_kv_cache: layer  11: dev = CUDA0
llama_kv_cache: layer  12: dev = CUDA0
llama_kv_cache: layer  13: dev = CUDA0
llama_kv_cache: layer  14: dev = CUDA0
llama_kv_cache: layer  15: dev = CUDA0
llama_kv_cache: layer  16: dev = CUDA0
llama_kv_cache: layer  17: dev = CUDA0
llama_kv_cache: layer  18: dev = CUDA0
llama_kv_cache: layer  19: dev = CUDA0
llama_kv_cache: layer  20: dev = CUDA0
llama_kv_cache: layer  21: dev = CUDA0
llama_kv_cache: layer  22: dev = CUDA0
llama_kv_cache: layer  23: dev = CUDA0
llama_kv_cache: layer  24: dev = CUDA0
llama_kv_cache: layer  25: dev = CUDA0
llama_kv_cache: layer  26: dev = CUDA0
llama_kv_cache: layer  27: dev = CUDA0
llama_kv_cache:        CPU KV buffer size =     4.50 MiB
llama_kv_cache:      CUDA0 KV buffer size =    37.50 MiB
llama_kv_cache: size =   42.00 MiB (   768 cells,  28 layers,  1/1 seqs), K (f16):   21.00 MiB, V (f16):   21.00 MiB
llama_kv_cache: attn_rot_k = 0, n_embd_head_k_all = 128
llama_kv_cache: attn_rot_v = 0, n_embd_head_k_all = 128
llama_context: enumerating backends
llama_context: backend_ptrs.size() = 2
sched_reserve: reserving ...
sched_reserve: max_nodes = 2712
sched_reserve: reserving full memory module
sched_reserve: worst-case: n_tokens = 512, n_seqs = 1, n_outputs = 1
graph_reserve: reserving a graph for ubatch with n_tokens =    1, n_seqs =  1, n_outputs =    1
sched_reserve: Flash Attention was auto, set to enabled
sched_reserve: resolving fused Gated Delta Net support:
graph_reserve: reserving a graph for ubatch with n_tokens =    1, n_seqs =  1, n_outputs =    1
sched_reserve: fused Gated Delta Net (autoregressive) enabled
graph_reserve: reserving a graph for ubatch with n_tokens =   16, n_seqs =  1, n_outputs =   16
sched_reserve: fused Gated Delta Net (chunked) enabled
graph_reserve: reserving a graph for ubatch with n_tokens =  512, n_seqs =  1, n_outputs =  512
graph_reserve: reserving a graph for ubatch with n_tokens =    1, n_seqs =  1, n_outputs =    1
graph_reserve: reserving a graph for ubatch with n_tokens =  512, n_seqs =  1, n_outputs =  512
sched_reserve:      CUDA0 compute buffer size =   304.00 MiB
sched_reserve:  CUDA_Host compute buffer size =    14.76 MiB
sched_reserve: graph nodes  = 958
sched_reserve: graph splits = 44 (with bs=512), 2 (with bs=1)
sched_reserve: reserve took 16.66 ms, sched copies = 1
CUDA Graph id 6318 reused
ggml_backend_cuda_graph_compute: CUDA graph warmup complete
CUDA Graph id 6318 reused
CUDA Graph id 6318 reused
CUDA Graph id 6318 reused
CUDA Graph id 6318 reused
CUDA Graph id 6318 reused
CUDA Graph id 6318 reused
CUDA Graph id 6318 reused
CUDA Graph id 6318 reused
CUDA Graph id 6318 reused
CUDA Graph id 6318 reused
CUDA Graph id 6318 reused
CUDA Graph id 6318 reused
CUDA Graph id 6318 reused
CUDA Graph id 6318 reused
CUDA Graph id 6318 reused
CUDA Graph id 6318 reused
CUDA Graph id 6318 reused
CUDA Graph id 6318 reused
CUDA Graph id 6318 reused
CUDA Graph id 6318 reused
CUDA Graph id 6318 reused
CUDA Graph id 6318 reused
CUDA Graph id 6318 reused
CUDA Graph id 6318 reused
CUDA Graph id 6318 reused
CUDA Graph id 6318 reused
CUDA Graph id 6318 reused
CUDA Graph id 6318 reused
CUDA Graph id 6318 reused
CUDA Graph id 6318 reused
CUDA Graph id 6318 reused
CUDA Graph id 6318 reused
CUDA Graph id 6318 reused
CUDA Graph id 6318 reused
CUDA Graph id 6318 reused
CUDA Graph id 6318 reused
CUDA Graph id 6318 reused
CUDA Graph id 6318 reused
CUDA Graph id 6318 reused
CUDA Graph id 6318 reused
CUDA Graph id 6318 reused
CUDA Graph id 6318 reused
CUDA Graph id 6318 reused
CUDA Graph id 6318 reused
CUDA Graph id 6318 reused
CUDA Graph id 6318 reused
CUDA Graph id 6318 reused
CUDA Graph id 6318 reused
~llama_context:      CUDA0 compute buffer size is 304.0000 MiB, matches expectation of 304.0000 MiB
~llama_context:  CUDA_Host compute buffer size is  14.7637 MiB, matches expectation of  14.7637 MiB
schema 157/175 done
llama_context: constructing llama_context
llama_context: n_seq_max     = 1
llama_context: n_ctx         = 768
llama_context: n_ctx_seq     = 768
llama_context: n_batch       = 713
llama_context: n_ubatch      = 512
llama_context: causal_attn   = 1
llama_context: flash_attn    = auto
llama_context: kv_unified    = false
llama_context: freq_base     = 1000000.0
llama_context: freq_scale    = 1
llama_context: n_rs_seq      = 0
llama_context: n_outputs_max = 713
llama_context: n_ctx_seq (768) < n_ctx_train (32768) -- the full capacity of the model will not be utilized
set_abort_callback: call
llama_context:  CUDA_Host  output buffer size =     0.58 MiB
llama_kv_cache: layer   0: dev = CPU
llama_kv_cache: layer   1: dev = CPU
llama_kv_cache: layer   2: dev = CPU
llama_kv_cache: layer   3: dev = CUDA0
llama_kv_cache: layer   4: dev = CUDA0
llama_kv_cache: layer   5: dev = CUDA0
llama_kv_cache: layer   6: dev = CUDA0
llama_kv_cache: layer   7: dev = CUDA0
llama_kv_cache: layer   8: dev = CUDA0
llama_kv_cache: layer   9: dev = CUDA0
llama_kv_cache: layer  10: dev = CUDA0
llama_kv_cache: layer  11: dev = CUDA0
llama_kv_cache: layer  12: dev = CUDA0
llama_kv_cache: layer  13: dev = CUDA0
llama_kv_cache: layer  14: dev = CUDA0
llama_kv_cache: layer  15: dev = CUDA0
llama_kv_cache: layer  16: dev = CUDA0
llama_kv_cache: layer  17: dev = CUDA0
llama_kv_cache: layer  18: dev = CUDA0
llama_kv_cache: layer  19: dev = CUDA0
llama_kv_cache: layer  20: dev = CUDA0
llama_kv_cache: layer  21: dev = CUDA0
llama_kv_cache: layer  22: dev = CUDA0
llama_kv_cache: layer  23: dev = CUDA0
llama_kv_cache: layer  24: dev = CUDA0
llama_kv_cache: layer  25: dev = CUDA0
llama_kv_cache: layer  26: dev = CUDA0
llama_kv_cache: layer  27: dev = CUDA0
llama_kv_cache:        CPU KV buffer size =     4.50 MiB
llama_kv_cache:      CUDA0 KV buffer size =    37.50 MiB
llama_kv_cache: size =   42.00 MiB (   768 cells,  28 layers,  1/1 seqs), K (f16):   21.00 MiB, V (f16):   21.00 MiB
llama_kv_cache: attn_rot_k = 0, n_embd_head_k_all = 128
llama_kv_cache: attn_rot_v = 0, n_embd_head_k_all = 128
llama_context: enumerating backends
llama_context: backend_ptrs.size() = 2
sched_reserve: reserving ...
sched_reserve: max_nodes = 2712
sched_reserve: reserving full memory module
sched_reserve: worst-case: n_tokens = 512, n_seqs = 1, n_outputs = 1
graph_reserve: reserving a graph for ubatch with n_tokens =    1, n_seqs =  1, n_outputs =    1
sched_reserve: Flash Attention was auto, set to enabled
sched_reserve: resolving fused Gated Delta Net support:
graph_reserve: reserving a graph for ubatch with n_tokens =    1, n_seqs =  1, n_outputs =    1
sched_reserve: fused Gated Delta Net (autoregressive) enabled
graph_reserve: reserving a graph for ubatch with n_tokens =   16, n_seqs =  1, n_outputs =   16
sched_reserve: fused Gated Delta Net (chunked) enabled
graph_reserve: reserving a graph for ubatch with n_tokens =  512, n_seqs =  1, n_outputs =  512
graph_reserve: reserving a graph for ubatch with n_tokens =    1, n_seqs =  1, n_outputs =    1
graph_reserve: reserving a graph for ubatch with n_tokens =  512, n_seqs =  1, n_outputs =  512
sched_reserve:      CUDA0 compute buffer size =   304.00 MiB
sched_reserve:  CUDA_Host compute buffer size =    14.76 MiB
sched_reserve: graph nodes  = 958
sched_reserve: graph splits = 44 (with bs=512), 2 (with bs=1)
sched_reserve: reserve took 14.17 ms, sched copies = 1
CUDA Graph id 6468 reused
ggml_backend_cuda_graph_compute: CUDA graph warmup complete
CUDA Graph id 6468 reused
CUDA Graph id 6468 reused
CUDA Graph id 6468 reused
CUDA Graph id 6468 reused
CUDA Graph id 6468 reused
CUDA Graph id 6468 reused
CUDA Graph id 6468 reused
CUDA Graph id 6468 reused
CUDA Graph id 6468 reused
CUDA Graph id 6468 reused
CUDA Graph id 6468 reused
CUDA Graph id 6468 reused
CUDA Graph id 6468 reused
CUDA Graph id 6468 reused
CUDA Graph id 6468 reused
CUDA Graph id 6468 reused
CUDA Graph id 6468 reused
CUDA Graph id 6468 reused
CUDA Graph id 6468 reused
CUDA Graph id 6468 reused
CUDA Graph id 6468 reused
CUDA Graph id 6468 reused
CUDA Graph id 6468 reused
CUDA Graph id 6468 reused
CUDA Graph id 6468 reused
CUDA Graph id 6468 reused
CUDA Graph id 6468 reused
CUDA Graph id 6468 reused
CUDA Graph id 6468 reused
CUDA Graph id 6468 reused
CUDA Graph id 6468 reused
~llama_context:      CUDA0 compute buffer size is 304.0000 MiB, matches expectation of 304.0000 MiB
~llama_context:  CUDA_Host compute buffer size is  14.7637 MiB, matches expectation of  14.7637 MiB
llama_context: constructing llama_context
llama_context: n_seq_max     = 1
llama_context: n_ctx         = 768
llama_context: n_ctx_seq     = 768
llama_context: n_batch       = 713
llama_context: n_ubatch      = 512
llama_context: causal_attn   = 1
llama_context: flash_attn    = auto
llama_context: kv_unified    = false
llama_context: freq_base     = 1000000.0
llama_context: freq_scale    = 1
llama_context: n_rs_seq      = 0
llama_context: n_outputs_max = 713
llama_context: n_ctx_seq (768) < n_ctx_train (32768) -- the full capacity of the model will not be utilized
set_abort_callback: call
llama_context:  CUDA_Host  output buffer size =     0.58 MiB
llama_kv_cache: layer   0: dev = CPU
llama_kv_cache: layer   1: dev = CPU
llama_kv_cache: layer   2: dev = CPU
llama_kv_cache: layer   3: dev = CUDA0
llama_kv_cache: layer   4: dev = CUDA0
llama_kv_cache: layer   5: dev = CUDA0
llama_kv_cache: layer   6: dev = CUDA0
llama_kv_cache: layer   7: dev = CUDA0
llama_kv_cache: layer   8: dev = CUDA0
llama_kv_cache: layer   9: dev = CUDA0
llama_kv_cache: layer  10: dev = CUDA0
llama_kv_cache: layer  11: dev = CUDA0
llama_kv_cache: layer  12: dev = CUDA0
llama_kv_cache: layer  13: dev = CUDA0
llama_kv_cache: layer  14: dev = CUDA0
llama_kv_cache: layer  15: dev = CUDA0
llama_kv_cache: layer  16: dev = CUDA0
llama_kv_cache: layer  17: dev = CUDA0
llama_kv_cache: layer  18: dev = CUDA0
llama_kv_cache: layer  19: dev = CUDA0
llama_kv_cache: layer  20: dev = CUDA0
llama_kv_cache: layer  21: dev = CUDA0
llama_kv_cache: layer  22: dev = CUDA0
llama_kv_cache: layer  23: dev = CUDA0
llama_kv_cache: layer  24: dev = CUDA0
llama_kv_cache: layer  25: dev = CUDA0
llama_kv_cache: layer  26: dev = CUDA0
llama_kv_cache: layer  27: dev = CUDA0
llama_kv_cache:        CPU KV buffer size =     4.50 MiB
llama_kv_cache:      CUDA0 KV buffer size =    37.50 MiB
llama_kv_cache: size =   42.00 MiB (   768 cells,  28 layers,  1/1 seqs), K (f16):   21.00 MiB, V (f16):   21.00 MiB
llama_kv_cache: attn_rot_k = 0, n_embd_head_k_all = 128
llama_kv_cache: attn_rot_v = 0, n_embd_head_k_all = 128
llama_context: enumerating backends
llama_context: backend_ptrs.size() = 2
sched_reserve: reserving ...
sched_reserve: max_nodes = 2712
sched_reserve: reserving full memory module
sched_reserve: worst-case: n_tokens = 512, n_seqs = 1, n_outputs = 1
graph_reserve: reserving a graph for ubatch with n_tokens =    1, n_seqs =  1, n_outputs =    1
sched_reserve: Flash Attention was auto, set to enabled
sched_reserve: resolving fused Gated Delta Net support:
graph_reserve: reserving a graph for ubatch with n_tokens =    1, n_seqs =  1, n_outputs =    1
sched_reserve: fused Gated Delta Net (autoregressive) enabled
graph_reserve: reserving a graph for ubatch with n_tokens =   16, n_seqs =  1, n_outputs =   16
sched_reserve: fused Gated Delta Net (chunked) enabled
graph_reserve: reserving a graph for ubatch with n_tokens =  512, n_seqs =  1, n_outputs =  512
graph_reserve: reserving a graph for ubatch with n_tokens =    1, n_seqs =  1, n_outputs =    1
graph_reserve: reserving a graph for ubatch with n_tokens =  512, n_seqs =  1, n_outputs =  512
sched_reserve:      CUDA0 compute buffer size =   304.00 MiB
sched_reserve:  CUDA_Host compute buffer size =    14.76 MiB
sched_reserve: graph nodes  = 958
sched_reserve: graph splits = 44 (with bs=512), 2 (with bs=1)
sched_reserve: reserve took 12.81 ms, sched copies = 1
CUDA Graph id 6618 reused
ggml_backend_cuda_graph_compute: CUDA graph warmup complete
CUDA Graph id 6618 reused
CUDA Graph id 6618 reused
CUDA Graph id 6618 reused
CUDA Graph id 6618 reused
CUDA Graph id 6618 reused
CUDA Graph id 6618 reused
CUDA Graph id 6618 reused
CUDA Graph id 6618 reused
CUDA Graph id 6618 reused
CUDA Graph id 6618 reused
CUDA Graph id 6618 reused
CUDA Graph id 6618 reused
CUDA Graph id 6618 reused
CUDA Graph id 6618 reused
CUDA Graph id 6618 reused
CUDA Graph id 6618 reused
CUDA Graph id 6618 reused
CUDA Graph id 6618 reused
CUDA Graph id 6618 reused
CUDA Graph id 6618 reused
CUDA Graph id 6618 reused
CUDA Graph id 6618 reused
CUDA Graph id 6618 reused
CUDA Graph id 6618 reused
CUDA Graph id 6618 reused
CUDA Graph id 6618 reused
CUDA Graph id 6618 reused
CUDA Graph id 6618 reused
CUDA Graph id 6618 reused
CUDA Graph id 6618 reused
CUDA Graph id 6618 reused
~llama_context:      CUDA0 compute buffer size is 304.0000 MiB, matches expectation of 304.0000 MiB
~llama_context:  CUDA_Host compute buffer size is  14.7637 MiB, matches expectation of  14.7637 MiB
llama_context: constructing llama_context
llama_context: n_seq_max     = 1
llama_context: n_ctx         = 768
llama_context: n_ctx_seq     = 768
llama_context: n_batch       = 713
llama_context: n_ubatch      = 512
llama_context: causal_attn   = 1
llama_context: flash_attn    = auto
llama_context: kv_unified    = false
llama_context: freq_base     = 1000000.0
llama_context: freq_scale    = 1
llama_context: n_rs_seq      = 0
llama_context: n_outputs_max = 713
llama_context: n_ctx_seq (768) < n_ctx_train (32768) -- the full capacity of the model will not be utilized
set_abort_callback: call
llama_context:  CUDA_Host  output buffer size =     0.58 MiB
llama_kv_cache: layer   0: dev = CPU
llama_kv_cache: layer   1: dev = CPU
llama_kv_cache: layer   2: dev = CPU
llama_kv_cache: layer   3: dev = CUDA0
llama_kv_cache: layer   4: dev = CUDA0
llama_kv_cache: layer   5: dev = CUDA0
llama_kv_cache: layer   6: dev = CUDA0
llama_kv_cache: layer   7: dev = CUDA0
llama_kv_cache: layer   8: dev = CUDA0
llama_kv_cache: layer   9: dev = CUDA0
llama_kv_cache: layer  10: dev = CUDA0
llama_kv_cache: layer  11: dev = CUDA0
llama_kv_cache: layer  12: dev = CUDA0
llama_kv_cache: layer  13: dev = CUDA0
llama_kv_cache: layer  14: dev = CUDA0
llama_kv_cache: layer  15: dev = CUDA0
llama_kv_cache: layer  16: dev = CUDA0
llama_kv_cache: layer  17: dev = CUDA0
llama_kv_cache: layer  18: dev = CUDA0
llama_kv_cache: layer  19: dev = CUDA0
llama_kv_cache: layer  20: dev = CUDA0
llama_kv_cache: layer  21: dev = CUDA0
llama_kv_cache: layer  22: dev = CUDA0
llama_kv_cache: layer  23: dev = CUDA0
llama_kv_cache: layer  24: dev = CUDA0
llama_kv_cache: layer  25: dev = CUDA0
llama_kv_cache: layer  26: dev = CUDA0
llama_kv_cache: layer  27: dev = CUDA0
llama_kv_cache:        CPU KV buffer size =     4.50 MiB
llama_kv_cache:      CUDA0 KV buffer size =    37.50 MiB
llama_kv_cache: size =   42.00 MiB (   768 cells,  28 layers,  1/1 seqs), K (f16):   21.00 MiB, V (f16):   21.00 MiB
llama_kv_cache: attn_rot_k = 0, n_embd_head_k_all = 128
llama_kv_cache: attn_rot_v = 0, n_embd_head_k_all = 128
llama_context: enumerating backends
llama_context: backend_ptrs.size() = 2
sched_reserve: reserving ...
sched_reserve: max_nodes = 2712
sched_reserve: reserving full memory module
sched_reserve: worst-case: n_tokens = 512, n_seqs = 1, n_outputs = 1
graph_reserve: reserving a graph for ubatch with n_tokens =    1, n_seqs =  1, n_outputs =    1
sched_reserve: Flash Attention was auto, set to enabled
sched_reserve: resolving fused Gated Delta Net support:
graph_reserve: reserving a graph for ubatch with n_tokens =    1, n_seqs =  1, n_outputs =    1
sched_reserve: fused Gated Delta Net (autoregressive) enabled
graph_reserve: reserving a graph for ubatch with n_tokens =   16, n_seqs =  1, n_outputs =   16
sched_reserve: fused Gated Delta Net (chunked) enabled
graph_reserve: reserving a graph for ubatch with n_tokens =  512, n_seqs =  1, n_outputs =  512
graph_reserve: reserving a graph for ubatch with n_tokens =    1, n_seqs =  1, n_outputs =    1
graph_reserve: reserving a graph for ubatch with n_tokens =  512, n_seqs =  1, n_outputs =  512
sched_reserve:      CUDA0 compute buffer size =   304.00 MiB
sched_reserve:  CUDA_Host compute buffer size =    14.76 MiB
sched_reserve: graph nodes  = 958
sched_reserve: graph splits = 44 (with bs=512), 2 (with bs=1)
sched_reserve: reserve took 12.82 ms, sched copies = 1
CUDA Graph id 6768 reused
ggml_backend_cuda_graph_compute: CUDA graph warmup complete
CUDA Graph id 6768 reused
CUDA Graph id 6768 reused
CUDA Graph id 6768 reused
CUDA Graph id 6768 reused
CUDA Graph id 6768 reused
CUDA Graph id 6768 reused
CUDA Graph id 6768 reused
CUDA Graph id 6768 reused
CUDA Graph id 6768 reused
CUDA Graph id 6768 reused
CUDA Graph id 6768 reused
CUDA Graph id 6768 reused
CUDA Graph id 6768 reused
CUDA Graph id 6768 reused
CUDA Graph id 6768 reused
CUDA Graph id 6768 reused
CUDA Graph id 6768 reused
CUDA Graph id 6768 reused
CUDA Graph id 6768 reused
CUDA Graph id 6768 reused
CUDA Graph id 6768 reused
~llama_context:      CUDA0 compute buffer size is 304.0000 MiB, matches expectation of 304.0000 MiB
~llama_context:  CUDA_Host compute buffer size is  14.7637 MiB, matches expectation of  14.7637 MiB
llama_context: constructing llama_context
llama_context: n_seq_max     = 1
llama_context: n_ctx         = 768
llama_context: n_ctx_seq     = 768
llama_context: n_batch       = 713
llama_context: n_ubatch      = 512
llama_context: causal_attn   = 1
llama_context: flash_attn    = auto
llama_context: kv_unified    = false
llama_context: freq_base     = 1000000.0
llama_context: freq_scale    = 1
llama_context: n_rs_seq      = 0
llama_context: n_outputs_max = 713
llama_context: n_ctx_seq (768) < n_ctx_train (32768) -- the full capacity of the model will not be utilized
set_abort_callback: call
llama_context:  CUDA_Host  output buffer size =     0.58 MiB
llama_kv_cache: layer   0: dev = CPU
llama_kv_cache: layer   1: dev = CPU
llama_kv_cache: layer   2: dev = CPU
llama_kv_cache: layer   3: dev = CUDA0
llama_kv_cache: layer   4: dev = CUDA0
llama_kv_cache: layer   5: dev = CUDA0
llama_kv_cache: layer   6: dev = CUDA0
llama_kv_cache: layer   7: dev = CUDA0
llama_kv_cache: layer   8: dev = CUDA0
llama_kv_cache: layer   9: dev = CUDA0
llama_kv_cache: layer  10: dev = CUDA0
llama_kv_cache: layer  11: dev = CUDA0
llama_kv_cache: layer  12: dev = CUDA0
llama_kv_cache: layer  13: dev = CUDA0
llama_kv_cache: layer  14: dev = CUDA0
llama_kv_cache: layer  15: dev = CUDA0
llama_kv_cache: layer  16: dev = CUDA0
llama_kv_cache: layer  17: dev = CUDA0
llama_kv_cache: layer  18: dev = CUDA0
llama_kv_cache: layer  19: dev = CUDA0
llama_kv_cache: layer  20: dev = CUDA0
llama_kv_cache: layer  21: dev = CUDA0
llama_kv_cache: layer  22: dev = CUDA0
llama_kv_cache: layer  23: dev = CUDA0
llama_kv_cache: layer  24: dev = CUDA0
llama_kv_cache: layer  25: dev = CUDA0
llama_kv_cache: layer  26: dev = CUDA0
llama_kv_cache: layer  27: dev = CUDA0
llama_kv_cache:        CPU KV buffer size =     4.50 MiB
llama_kv_cache:      CUDA0 KV buffer size =    37.50 MiB
llama_kv_cache: size =   42.00 MiB (   768 cells,  28 layers,  1/1 seqs), K (f16):   21.00 MiB, V (f16):   21.00 MiB
llama_kv_cache: attn_rot_k = 0, n_embd_head_k_all = 128
llama_kv_cache: attn_rot_v = 0, n_embd_head_k_all = 128
llama_context: enumerating backends
llama_context: backend_ptrs.size() = 2
sched_reserve: reserving ...
sched_reserve: max_nodes = 2712
sched_reserve: reserving full memory module
sched_reserve: worst-case: n_tokens = 512, n_seqs = 1, n_outputs = 1
graph_reserve: reserving a graph for ubatch with n_tokens =    1, n_seqs =  1, n_outputs =    1
sched_reserve: Flash Attention was auto, set to enabled
sched_reserve: resolving fused Gated Delta Net support:
graph_reserve: reserving a graph for ubatch with n_tokens =    1, n_seqs =  1, n_outputs =    1
sched_reserve: fused Gated Delta Net (autoregressive) enabled
graph_reserve: reserving a graph for ubatch with n_tokens =   16, n_seqs =  1, n_outputs =   16
sched_reserve: fused Gated Delta Net (chunked) enabled
graph_reserve: reserving a graph for ubatch with n_tokens =  512, n_seqs =  1, n_outputs =  512
graph_reserve: reserving a graph for ubatch with n_tokens =    1, n_seqs =  1, n_outputs =    1
graph_reserve: reserving a graph for ubatch with n_tokens =  512, n_seqs =  1, n_outputs =  512
sched_reserve:      CUDA0 compute buffer size =   304.00 MiB
sched_reserve:  CUDA_Host compute buffer size =    14.76 MiB
sched_reserve: graph nodes  = 958
sched_reserve: graph splits = 44 (with bs=512), 2 (with bs=1)
sched_reserve: reserve took 12.88 ms, sched copies = 1
CUDA Graph id 6918 reused
ggml_backend_cuda_graph_compute: CUDA graph warmup complete
CUDA Graph id 6918 reused
CUDA Graph id 6918 reused
CUDA Graph id 6918 reused
CUDA Graph id 6918 reused
CUDA Graph id 6918 reused
CUDA Graph id 6918 reused
CUDA Graph id 6918 reused
CUDA Graph id 6918 reused
CUDA Graph id 6918 reused
CUDA Graph id 6918 reused
CUDA Graph id 6918 reused
CUDA Graph id 6918 reused
CUDA Graph id 6918 reused
CUDA Graph id 6918 reused
CUDA Graph id 6918 reused
CUDA Graph id 6918 reused
CUDA Graph id 6918 reused
CUDA Graph id 6918 reused
CUDA Graph id 6918 reused
CUDA Graph id 6918 reused
CUDA Graph id 6918 reused
~llama_context:      CUDA0 compute buffer size is 304.0000 MiB, matches expectation of 304.0000 MiB
~llama_context:  CUDA_Host compute buffer size is  14.7637 MiB, matches expectation of  14.7637 MiB
llama_context: constructing llama_context
llama_context: n_seq_max     = 1
llama_context: n_ctx         = 768
llama_context: n_ctx_seq     = 768
llama_context: n_batch       = 713
llama_context: n_ubatch      = 512
llama_context: causal_attn   = 1
llama_context: flash_attn    = auto
llama_context: kv_unified    = false
llama_context: freq_base     = 1000000.0
llama_context: freq_scale    = 1
llama_context: n_rs_seq      = 0
llama_context: n_outputs_max = 713
llama_context: n_ctx_seq (768) < n_ctx_train (32768) -- the full capacity of the model will not be utilized
set_abort_callback: call
llama_context:  CUDA_Host  output buffer size =     0.58 MiB
llama_kv_cache: layer   0: dev = CPU
llama_kv_cache: layer   1: dev = CPU
llama_kv_cache: layer   2: dev = CPU
llama_kv_cache: layer   3: dev = CUDA0
llama_kv_cache: layer   4: dev = CUDA0
llama_kv_cache: layer   5: dev = CUDA0
llama_kv_cache: layer   6: dev = CUDA0
llama_kv_cache: layer   7: dev = CUDA0
llama_kv_cache: layer   8: dev = CUDA0
llama_kv_cache: layer   9: dev = CUDA0
llama_kv_cache: layer  10: dev = CUDA0
llama_kv_cache: layer  11: dev = CUDA0
llama_kv_cache: layer  12: dev = CUDA0
llama_kv_cache: layer  13: dev = CUDA0
llama_kv_cache: layer  14: dev = CUDA0
llama_kv_cache: layer  15: dev = CUDA0
llama_kv_cache: layer  16: dev = CUDA0
llama_kv_cache: layer  17: dev = CUDA0
llama_kv_cache: layer  18: dev = CUDA0
llama_kv_cache: layer  19: dev = CUDA0
llama_kv_cache: layer  20: dev = CUDA0
llama_kv_cache: layer  21: dev = CUDA0
llama_kv_cache: layer  22: dev = CUDA0
llama_kv_cache: layer  23: dev = CUDA0
llama_kv_cache: layer  24: dev = CUDA0
llama_kv_cache: layer  25: dev = CUDA0
llama_kv_cache: layer  26: dev = CUDA0
llama_kv_cache: layer  27: dev = CUDA0
llama_kv_cache:        CPU KV buffer size =     4.50 MiB
llama_kv_cache:      CUDA0 KV buffer size =    37.50 MiB
llama_kv_cache: size =   42.00 MiB (   768 cells,  28 layers,  1/1 seqs), K (f16):   21.00 MiB, V (f16):   21.00 MiB
llama_kv_cache: attn_rot_k = 0, n_embd_head_k_all = 128
llama_kv_cache: attn_rot_v = 0, n_embd_head_k_all = 128
llama_context: enumerating backends
llama_context: backend_ptrs.size() = 2
sched_reserve: reserving ...
sched_reserve: max_nodes = 2712
sched_reserve: reserving full memory module
sched_reserve: worst-case: n_tokens = 512, n_seqs = 1, n_outputs = 1
graph_reserve: reserving a graph for ubatch with n_tokens =    1, n_seqs =  1, n_outputs =    1
sched_reserve: Flash Attention was auto, set to enabled
sched_reserve: resolving fused Gated Delta Net support:
graph_reserve: reserving a graph for ubatch with n_tokens =    1, n_seqs =  1, n_outputs =    1
sched_reserve: fused Gated Delta Net (autoregressive) enabled
graph_reserve: reserving a graph for ubatch with n_tokens =   16, n_seqs =  1, n_outputs =   16
sched_reserve: fused Gated Delta Net (chunked) enabled
graph_reserve: reserving a graph for ubatch with n_tokens =  512, n_seqs =  1, n_outputs =  512
graph_reserve: reserving a graph for ubatch with n_tokens =    1, n_seqs =  1, n_outputs =    1
graph_reserve: reserving a graph for ubatch with n_tokens =  512, n_seqs =  1, n_outputs =  512
sched_reserve:      CUDA0 compute buffer size =   304.00 MiB
sched_reserve:  CUDA_Host compute buffer size =    14.76 MiB
sched_reserve: graph nodes  = 958
sched_reserve: graph splits = 44 (with bs=512), 2 (with bs=1)
sched_reserve: reserve took 10.67 ms, sched copies = 1
CUDA Graph id 7068 reused
ggml_backend_cuda_graph_compute: CUDA graph warmup complete
CUDA Graph id 7068 reused
CUDA Graph id 7068 reused
CUDA Graph id 7068 reused
CUDA Graph id 7068 reused
CUDA Graph id 7068 reused
CUDA Graph id 7068 reused
CUDA Graph id 7068 reused
CUDA Graph id 7068 reused
CUDA Graph id 7068 reused
CUDA Graph id 7068 reused
CUDA Graph id 7068 reused
CUDA Graph id 7068 reused
CUDA Graph id 7068 reused
CUDA Graph id 7068 reused
CUDA Graph id 7068 reused
CUDA Graph id 7068 reused
CUDA Graph id 7068 reused
CUDA Graph id 7068 reused
CUDA Graph id 7068 reused
CUDA Graph id 7068 reused
CUDA Graph id 7068 reused
CUDA Graph id 7068 reused
CUDA Graph id 7068 reused
CUDA Graph id 7068 reused
CUDA Graph id 7068 reused
CUDA Graph id 7068 reused
CUDA Graph id 7068 reused
CUDA Graph id 7068 reused
CUDA Graph id 7068 reused
CUDA Graph id 7068 reused
CUDA Graph id 7068 reused
CUDA Graph id 7068 reused
CUDA Graph id 7068 reused
CUDA Graph id 7068 reused
CUDA Graph id 7068 reused
CUDA Graph id 7068 reused
CUDA Graph id 7068 reused
CUDA Graph id 7068 reused
CUDA Graph id 7068 reused
CUDA Graph id 7068 reused
CUDA Graph id 7068 reused
CUDA Graph id 7068 reused
CUDA Graph id 7068 reused
CUDA Graph id 7068 reused
CUDA Graph id 7068 reused
CUDA Graph id 7068 reused
CUDA Graph id 7068 reused
CUDA Graph id 7068 reused
CUDA Graph id 7068 reused
CUDA Graph id 7068 reused
CUDA Graph id 7068 reused
CUDA Graph id 7068 reused
CUDA Graph id 7068 reused
CUDA Graph id 7068 reused
CUDA Graph id 7068 reused
CUDA Graph id 7068 reused
CUDA Graph id 7068 reused
CUDA Graph id 7068 reused
CUDA Graph id 7068 reused
CUDA Graph id 7068 reused
CUDA Graph id 7068 reused
ggml_backend_cuda_graph_compute: CUDA graph warmup reset
CUDA Graph id 7071 reused
ggml_backend_cuda_graph_compute: CUDA graph warmup complete
CUDA Graph id 7071 reused
CUDA Graph id 7071 reused
CUDA Graph id 7071 reused
CUDA Graph id 7071 reused
CUDA Graph id 7071 reused
CUDA Graph id 7071 reused
CUDA Graph id 7071 reused
CUDA Graph id 7071 reused
CUDA Graph id 7071 reused
CUDA Graph id 7071 reused
CUDA Graph id 7071 reused
CUDA Graph id 7071 reused
CUDA Graph id 7071 reused
CUDA Graph id 7071 reused
CUDA Graph id 7071 reused
CUDA Graph id 7071 reused
CUDA Graph id 7071 reused
CUDA Graph id 7071 reused
CUDA Graph id 7071 reused
CUDA Graph id 7071 reused
~llama_context:      CUDA0 compute buffer size is 304.0000 MiB, matches expectation of 304.0000 MiB
~llama_context:  CUDA_Host compute buffer size is  14.7637 MiB, matches expectation of  14.7637 MiB
llama_context: constructing llama_context
llama_context: n_seq_max     = 1
llama_context: n_ctx         = 768
llama_context: n_ctx_seq     = 768
llama_context: n_batch       = 713
llama_context: n_ubatch      = 512
llama_context: causal_attn   = 1
llama_context: flash_attn    = auto
llama_context: kv_unified    = false
llama_context: freq_base     = 1000000.0
llama_context: freq_scale    = 1
llama_context: n_rs_seq      = 0
llama_context: n_outputs_max = 713
llama_context: n_ctx_seq (768) < n_ctx_train (32768) -- the full capacity of the model will not be utilized
set_abort_callback: call
llama_context:  CUDA_Host  output buffer size =     0.58 MiB
llama_kv_cache: layer   0: dev = CPU
llama_kv_cache: layer   1: dev = CPU
llama_kv_cache: layer   2: dev = CPU
llama_kv_cache: layer   3: dev = CUDA0
llama_kv_cache: layer   4: dev = CUDA0
llama_kv_cache: layer   5: dev = CUDA0
llama_kv_cache: layer   6: dev = CUDA0
llama_kv_cache: layer   7: dev = CUDA0
llama_kv_cache: layer   8: dev = CUDA0
llama_kv_cache: layer   9: dev = CUDA0
llama_kv_cache: layer  10: dev = CUDA0
llama_kv_cache: layer  11: dev = CUDA0
llama_kv_cache: layer  12: dev = CUDA0
llama_kv_cache: layer  13: dev = CUDA0
llama_kv_cache: layer  14: dev = CUDA0
llama_kv_cache: layer  15: dev = CUDA0
llama_kv_cache: layer  16: dev = CUDA0
llama_kv_cache: layer  17: dev = CUDA0
llama_kv_cache: layer  18: dev = CUDA0
llama_kv_cache: layer  19: dev = CUDA0
llama_kv_cache: layer  20: dev = CUDA0
llama_kv_cache: layer  21: dev = CUDA0
llama_kv_cache: layer  22: dev = CUDA0
llama_kv_cache: layer  23: dev = CUDA0
llama_kv_cache: layer  24: dev = CUDA0
llama_kv_cache: layer  25: dev = CUDA0
llama_kv_cache: layer  26: dev = CUDA0
llama_kv_cache: layer  27: dev = CUDA0
llama_kv_cache:        CPU KV buffer size =     4.50 MiB
llama_kv_cache:      CUDA0 KV buffer size =    37.50 MiB
llama_kv_cache: size =   42.00 MiB (   768 cells,  28 layers,  1/1 seqs), K (f16):   21.00 MiB, V (f16):   21.00 MiB
llama_kv_cache: attn_rot_k = 0, n_embd_head_k_all = 128
llama_kv_cache: attn_rot_v = 0, n_embd_head_k_all = 128
llama_context: enumerating backends
llama_context: backend_ptrs.size() = 2
sched_reserve: reserving ...
sched_reserve: max_nodes = 2712
sched_reserve: reserving full memory module
sched_reserve: worst-case: n_tokens = 512, n_seqs = 1, n_outputs = 1
graph_reserve: reserving a graph for ubatch with n_tokens =    1, n_seqs =  1, n_outputs =    1
sched_reserve: Flash Attention was auto, set to enabled
sched_reserve: resolving fused Gated Delta Net support:
graph_reserve: reserving a graph for ubatch with n_tokens =    1, n_seqs =  1, n_outputs =    1
sched_reserve: fused Gated Delta Net (autoregressive) enabled
graph_reserve: reserving a graph for ubatch with n_tokens =   16, n_seqs =  1, n_outputs =   16
sched_reserve: fused Gated Delta Net (chunked) enabled
graph_reserve: reserving a graph for ubatch with n_tokens =  512, n_seqs =  1, n_outputs =  512
graph_reserve: reserving a graph for ubatch with n_tokens =    1, n_seqs =  1, n_outputs =    1
graph_reserve: reserving a graph for ubatch with n_tokens =  512, n_seqs =  1, n_outputs =  512
sched_reserve:      CUDA0 compute buffer size =   304.00 MiB
sched_reserve:  CUDA_Host compute buffer size =    14.76 MiB
sched_reserve: graph nodes  = 958
sched_reserve: graph splits = 44 (with bs=512), 2 (with bs=1)
sched_reserve: reserve took 15.61 ms, sched copies = 1
CUDA Graph id 7221 reused
ggml_backend_cuda_graph_compute: CUDA graph warmup complete
CUDA Graph id 7221 reused
CUDA Graph id 7221 reused
CUDA Graph id 7221 reused
CUDA Graph id 7221 reused
CUDA Graph id 7221 reused
CUDA Graph id 7221 reused
CUDA Graph id 7221 reused
CUDA Graph id 7221 reused
CUDA Graph id 7221 reused
CUDA Graph id 7221 reused
CUDA Graph id 7221 reused
CUDA Graph id 7221 reused
CUDA Graph id 7221 reused
CUDA Graph id 7221 reused
CUDA Graph id 7221 reused
CUDA Graph id 7221 reused
CUDA Graph id 7221 reused
CUDA Graph id 7221 reused
CUDA Graph id 7221 reused
CUDA Graph id 7221 reused
CUDA Graph id 7221 reused
CUDA Graph id 7221 reused
CUDA Graph id 7221 reused
CUDA Graph id 7221 reused
CUDA Graph id 7221 reused
CUDA Graph id 7221 reused
CUDA Graph id 7221 reused
CUDA Graph id 7221 reused
CUDA Graph id 7221 reused
CUDA Graph id 7221 reused
CUDA Graph id 7221 reused
CUDA Graph id 7221 reused
CUDA Graph id 7221 reused
CUDA Graph id 7221 reused
CUDA Graph id 7221 reused
CUDA Graph id 7221 reused
CUDA Graph id 7221 reused
CUDA Graph id 7221 reused
CUDA Graph id 7221 reused
CUDA Graph id 7221 reused
CUDA Graph id 7221 reused
CUDA Graph id 7221 reused
~llama_context:      CUDA0 compute buffer size is 304.0000 MiB, matches expectation of 304.0000 MiB
~llama_context:  CUDA_Host compute buffer size is  14.7637 MiB, matches expectation of  14.7637 MiB
schema 158/175 done
llama_context: constructing llama_context
llama_context: n_seq_max     = 1
llama_context: n_ctx         = 768
llama_context: n_ctx_seq     = 768
llama_context: n_batch       = 687
llama_context: n_ubatch      = 512
llama_context: causal_attn   = 1
llama_context: flash_attn    = auto
llama_context: kv_unified    = false
llama_context: freq_base     = 1000000.0
llama_context: freq_scale    = 1
llama_context: n_rs_seq      = 0
llama_context: n_outputs_max = 687
llama_context: n_ctx_seq (768) < n_ctx_train (32768) -- the full capacity of the model will not be utilized
set_abort_callback: call
llama_context:  CUDA_Host  output buffer size =     0.58 MiB
llama_kv_cache: layer   0: dev = CPU
llama_kv_cache: layer   1: dev = CPU
llama_kv_cache: layer   2: dev = CPU
llama_kv_cache: layer   3: dev = CUDA0
llama_kv_cache: layer   4: dev = CUDA0
llama_kv_cache: layer   5: dev = CUDA0
llama_kv_cache: layer   6: dev = CUDA0
llama_kv_cache: layer   7: dev = CUDA0
llama_kv_cache: layer   8: dev = CUDA0
llama_kv_cache: layer   9: dev = CUDA0
llama_kv_cache: layer  10: dev = CUDA0
llama_kv_cache: layer  11: dev = CUDA0
llama_kv_cache: layer  12: dev = CUDA0
llama_kv_cache: layer  13: dev = CUDA0
llama_kv_cache: layer  14: dev = CUDA0
llama_kv_cache: layer  15: dev = CUDA0
llama_kv_cache: layer  16: dev = CUDA0
llama_kv_cache: layer  17: dev = CUDA0
llama_kv_cache: layer  18: dev = CUDA0
llama_kv_cache: layer  19: dev = CUDA0
llama_kv_cache: layer  20: dev = CUDA0
llama_kv_cache: layer  21: dev = CUDA0
llama_kv_cache: layer  22: dev = CUDA0
llama_kv_cache: layer  23: dev = CUDA0
llama_kv_cache: layer  24: dev = CUDA0
llama_kv_cache: layer  25: dev = CUDA0
llama_kv_cache: layer  26: dev = CUDA0
llama_kv_cache: layer  27: dev = CUDA0
llama_kv_cache:        CPU KV buffer size =     4.50 MiB
llama_kv_cache:      CUDA0 KV buffer size =    37.50 MiB
llama_kv_cache: size =   42.00 MiB (   768 cells,  28 layers,  1/1 seqs), K (f16):   21.00 MiB, V (f16):   21.00 MiB
llama_kv_cache: attn_rot_k = 0, n_embd_head_k_all = 128
llama_kv_cache: attn_rot_v = 0, n_embd_head_k_all = 128
llama_context: enumerating backends
llama_context: backend_ptrs.size() = 2
sched_reserve: reserving ...
sched_reserve: max_nodes = 2712
sched_reserve: reserving full memory module
sched_reserve: worst-case: n_tokens = 512, n_seqs = 1, n_outputs = 1
graph_reserve: reserving a graph for ubatch with n_tokens =    1, n_seqs =  1, n_outputs =    1
sched_reserve: Flash Attention was auto, set to enabled
sched_reserve: resolving fused Gated Delta Net support:
graph_reserve: reserving a graph for ubatch with n_tokens =    1, n_seqs =  1, n_outputs =    1
sched_reserve: fused Gated Delta Net (autoregressive) enabled
graph_reserve: reserving a graph for ubatch with n_tokens =   16, n_seqs =  1, n_outputs =   16
sched_reserve: fused Gated Delta Net (chunked) enabled
graph_reserve: reserving a graph for ubatch with n_tokens =  512, n_seqs =  1, n_outputs =  512
graph_reserve: reserving a graph for ubatch with n_tokens =    1, n_seqs =  1, n_outputs =    1
graph_reserve: reserving a graph for ubatch with n_tokens =  512, n_seqs =  1, n_outputs =  512
sched_reserve:      CUDA0 compute buffer size =   304.00 MiB
sched_reserve:  CUDA_Host compute buffer size =    14.76 MiB
sched_reserve: graph nodes  = 958
sched_reserve: graph splits = 44 (with bs=512), 2 (with bs=1)
sched_reserve: reserve took 13.21 ms, sched copies = 1
CUDA Graph id 7371 reused
ggml_backend_cuda_graph_compute: CUDA graph warmup complete
CUDA Graph id 7371 reused
CUDA Graph id 7371 reused
CUDA Graph id 7371 reused
CUDA Graph id 7371 reused
CUDA Graph id 7371 reused
CUDA Graph id 7371 reused
CUDA Graph id 7371 reused
CUDA Graph id 7371 reused
CUDA Graph id 7371 reused
CUDA Graph id 7371 reused
CUDA Graph id 7371 reused
CUDA Graph id 7371 reused
CUDA Graph id 7371 reused
CUDA Graph id 7371 reused
CUDA Graph id 7371 reused
CUDA Graph id 7371 reused
CUDA Graph id 7371 reused
CUDA Graph id 7371 reused
CUDA Graph id 7371 reused
CUDA Graph id 7371 reused
CUDA Graph id 7371 reused
CUDA Graph id 7371 reused
CUDA Graph id 7371 reused
CUDA Graph id 7371 reused
CUDA Graph id 7371 reused
CUDA Graph id 7371 reused
CUDA Graph id 7371 reused
CUDA Graph id 7371 reused
CUDA Graph id 7371 reused
CUDA Graph id 7371 reused
CUDA Graph id 7371 reused
CUDA Graph id 7371 reused
CUDA Graph id 7371 reused
CUDA Graph id 7371 reused
CUDA Graph id 7371 reused
CUDA Graph id 7371 reused
CUDA Graph id 7371 reused
CUDA Graph id 7371 reused
CUDA Graph id 7371 reused
CUDA Graph id 7371 reused
CUDA Graph id 7371 reused
CUDA Graph id 7371 reused
CUDA Graph id 7371 reused
~llama_context:      CUDA0 compute buffer size is 304.0000 MiB, matches expectation of 304.0000 MiB
~llama_context:  CUDA_Host compute buffer size is  14.7637 MiB, matches expectation of  14.7637 MiB
llama_context: constructing llama_context
llama_context: n_seq_max     = 1
llama_context: n_ctx         = 768
llama_context: n_ctx_seq     = 768
llama_context: n_batch       = 687
llama_context: n_ubatch      = 512
llama_context: causal_attn   = 1
llama_context: flash_attn    = auto
llama_context: kv_unified    = false
llama_context: freq_base     = 1000000.0
llama_context: freq_scale    = 1
llama_context: n_rs_seq      = 0
llama_context: n_outputs_max = 687
llama_context: n_ctx_seq (768) < n_ctx_train (32768) -- the full capacity of the model will not be utilized
set_abort_callback: call
llama_context:  CUDA_Host  output buffer size =     0.58 MiB
llama_kv_cache: layer   0: dev = CPU
llama_kv_cache: layer   1: dev = CPU
llama_kv_cache: layer   2: dev = CPU
llama_kv_cache: layer   3: dev = CUDA0
llama_kv_cache: layer   4: dev = CUDA0
llama_kv_cache: layer   5: dev = CUDA0
llama_kv_cache: layer   6: dev = CUDA0
llama_kv_cache: layer   7: dev = CUDA0
llama_kv_cache: layer   8: dev = CUDA0
llama_kv_cache: layer   9: dev = CUDA0
llama_kv_cache: layer  10: dev = CUDA0
llama_kv_cache: layer  11: dev = CUDA0
llama_kv_cache: layer  12: dev = CUDA0
llama_kv_cache: layer  13: dev = CUDA0
llama_kv_cache: layer  14: dev = CUDA0
llama_kv_cache: layer  15: dev = CUDA0
llama_kv_cache: layer  16: dev = CUDA0
llama_kv_cache: layer  17: dev = CUDA0
llama_kv_cache: layer  18: dev = CUDA0
llama_kv_cache: layer  19: dev = CUDA0
llama_kv_cache: layer  20: dev = CUDA0
llama_kv_cache: layer  21: dev = CUDA0
llama_kv_cache: layer  22: dev = CUDA0
llama_kv_cache: layer  23: dev = CUDA0
llama_kv_cache: layer  24: dev = CUDA0
llama_kv_cache: layer  25: dev = CUDA0
llama_kv_cache: layer  26: dev = CUDA0
llama_kv_cache: layer  27: dev = CUDA0
llama_kv_cache:        CPU KV buffer size =     4.50 MiB
llama_kv_cache:      CUDA0 KV buffer size =    37.50 MiB
llama_kv_cache: size =   42.00 MiB (   768 cells,  28 layers,  1/1 seqs), K (f16):   21.00 MiB, V (f16):   21.00 MiB
llama_kv_cache: attn_rot_k = 0, n_embd_head_k_all = 128
llama_kv_cache: attn_rot_v = 0, n_embd_head_k_all = 128
llama_context: enumerating backends
llama_context: backend_ptrs.size() = 2
sched_reserve: reserving ...
sched_reserve: max_nodes = 2712
sched_reserve: reserving full memory module
sched_reserve: worst-case: n_tokens = 512, n_seqs = 1, n_outputs = 1
graph_reserve: reserving a graph for ubatch with n_tokens =    1, n_seqs =  1, n_outputs =    1
sched_reserve: Flash Attention was auto, set to enabled
sched_reserve: resolving fused Gated Delta Net support:
graph_reserve: reserving a graph for ubatch with n_tokens =    1, n_seqs =  1, n_outputs =    1
sched_reserve: fused Gated Delta Net (autoregressive) enabled
graph_reserve: reserving a graph for ubatch with n_tokens =   16, n_seqs =  1, n_outputs =   16
sched_reserve: fused Gated Delta Net (chunked) enabled
graph_reserve: reserving a graph for ubatch with n_tokens =  512, n_seqs =  1, n_outputs =  512
graph_reserve: reserving a graph for ubatch with n_tokens =    1, n_seqs =  1, n_outputs =    1
graph_reserve: reserving a graph for ubatch with n_tokens =  512, n_seqs =  1, n_outputs =  512
sched_reserve:      CUDA0 compute buffer size =   304.00 MiB
sched_reserve:  CUDA_Host compute buffer size =    14.76 MiB
sched_reserve: graph nodes  = 958
sched_reserve: graph splits = 44 (with bs=512), 2 (with bs=1)
sched_reserve: reserve took 11.27 ms, sched copies = 1
CUDA Graph id 7521 reused
ggml_backend_cuda_graph_compute: CUDA graph warmup complete
CUDA Graph id 7521 reused
CUDA Graph id 7521 reused
CUDA Graph id 7521 reused
CUDA Graph id 7521 reused
CUDA Graph id 7521 reused
CUDA Graph id 7521 reused
CUDA Graph id 7521 reused
CUDA Graph id 7521 reused
CUDA Graph id 7521 reused
CUDA Graph id 7521 reused
CUDA Graph id 7521 reused
CUDA Graph id 7521 reused
CUDA Graph id 7521 reused
CUDA Graph id 7521 reused
CUDA Graph id 7521 reused
CUDA Graph id 7521 reused
CUDA Graph id 7521 reused
CUDA Graph id 7521 reused
CUDA Graph id 7521 reused
CUDA Graph id 7521 reused
CUDA Graph id 7521 reused
CUDA Graph id 7521 reused
CUDA Graph id 7521 reused
CUDA Graph id 7521 reused
CUDA Graph id 7521 reused
CUDA Graph id 7521 reused
CUDA Graph id 7521 reused
CUDA Graph id 7521 reused
CUDA Graph id 7521 reused
CUDA Graph id 7521 reused
CUDA Graph id 7521 reused
CUDA Graph id 7521 reused
CUDA Graph id 7521 reused
CUDA Graph id 7521 reused
CUDA Graph id 7521 reused
CUDA Graph id 7521 reused
CUDA Graph id 7521 reused
CUDA Graph id 7521 reused
CUDA Graph id 7521 reused
CUDA Graph id 7521 reused
CUDA Graph id 7521 reused
CUDA Graph id 7521 reused
CUDA Graph id 7521 reused
~llama_context:      CUDA0 compute buffer size is 304.0000 MiB, matches expectation of 304.0000 MiB
~llama_context:  CUDA_Host compute buffer size is  14.7637 MiB, matches expectation of  14.7637 MiB
llama_context: constructing llama_context
llama_context: n_seq_max     = 1
llama_context: n_ctx         = 768
llama_context: n_ctx_seq     = 768
llama_context: n_batch       = 687
llama_context: n_ubatch      = 512
llama_context: causal_attn   = 1
llama_context: flash_attn    = auto
llama_context: kv_unified    = false
llama_context: freq_base     = 1000000.0
llama_context: freq_scale    = 1
llama_context: n_rs_seq      = 0
llama_context: n_outputs_max = 687
llama_context: n_ctx_seq (768) < n_ctx_train (32768) -- the full capacity of the model will not be utilized
set_abort_callback: call
llama_context:  CUDA_Host  output buffer size =     0.58 MiB
llama_kv_cache: layer   0: dev = CPU
llama_kv_cache: layer   1: dev = CPU
llama_kv_cache: layer   2: dev = CPU
llama_kv_cache: layer   3: dev = CUDA0
llama_kv_cache: layer   4: dev = CUDA0
llama_kv_cache: layer   5: dev = CUDA0
llama_kv_cache: layer   6: dev = CUDA0
llama_kv_cache: layer   7: dev = CUDA0
llama_kv_cache: layer   8: dev = CUDA0
llama_kv_cache: layer   9: dev = CUDA0
llama_kv_cache: layer  10: dev = CUDA0
llama_kv_cache: layer  11: dev = CUDA0
llama_kv_cache: layer  12: dev = CUDA0
llama_kv_cache: layer  13: dev = CUDA0
llama_kv_cache: layer  14: dev = CUDA0
llama_kv_cache: layer  15: dev = CUDA0
llama_kv_cache: layer  16: dev = CUDA0
llama_kv_cache: layer  17: dev = CUDA0
llama_kv_cache: layer  18: dev = CUDA0
llama_kv_cache: layer  19: dev = CUDA0
llama_kv_cache: layer  20: dev = CUDA0
llama_kv_cache: layer  21: dev = CUDA0
llama_kv_cache: layer  22: dev = CUDA0
llama_kv_cache: layer  23: dev = CUDA0
llama_kv_cache: layer  24: dev = CUDA0
llama_kv_cache: layer  25: dev = CUDA0
llama_kv_cache: layer  26: dev = CUDA0
llama_kv_cache: layer  27: dev = CUDA0
llama_kv_cache:        CPU KV buffer size =     4.50 MiB
llama_kv_cache:      CUDA0 KV buffer size =    37.50 MiB
llama_kv_cache: size =   42.00 MiB (   768 cells,  28 layers,  1/1 seqs), K (f16):   21.00 MiB, V (f16):   21.00 MiB
llama_kv_cache: attn_rot_k = 0, n_embd_head_k_all = 128
llama_kv_cache: attn_rot_v = 0, n_embd_head_k_all = 128
llama_context: enumerating backends
llama_context: backend_ptrs.size() = 2
sched_reserve: reserving ...
sched_reserve: max_nodes = 2712
sched_reserve: reserving full memory module
sched_reserve: worst-case: n_tokens = 512, n_seqs = 1, n_outputs = 1
graph_reserve: reserving a graph for ubatch with n_tokens =    1, n_seqs =  1, n_outputs =    1
sched_reserve: Flash Attention was auto, set to enabled
sched_reserve: resolving fused Gated Delta Net support:
graph_reserve: reserving a graph for ubatch with n_tokens =    1, n_seqs =  1, n_outputs =    1
sched_reserve: fused Gated Delta Net (autoregressive) enabled
graph_reserve: reserving a graph for ubatch with n_tokens =   16, n_seqs =  1, n_outputs =   16
sched_reserve: fused Gated Delta Net (chunked) enabled
graph_reserve: reserving a graph for ubatch with n_tokens =  512, n_seqs =  1, n_outputs =  512
graph_reserve: reserving a graph for ubatch with n_tokens =    1, n_seqs =  1, n_outputs =    1
graph_reserve: reserving a graph for ubatch with n_tokens =  512, n_seqs =  1, n_outputs =  512
sched_reserve:      CUDA0 compute buffer size =   304.00 MiB
sched_reserve:  CUDA_Host compute buffer size =    14.76 MiB
sched_reserve: graph nodes  = 958
sched_reserve: graph splits = 44 (with bs=512), 2 (with bs=1)
sched_reserve: reserve took 14.86 ms, sched copies = 1
CUDA Graph id 7671 reused
ggml_backend_cuda_graph_compute: CUDA graph warmup complete
CUDA Graph id 7671 reused
CUDA Graph id 7671 reused
CUDA Graph id 7671 reused
CUDA Graph id 7671 reused
CUDA Graph id 7671 reused
CUDA Graph id 7671 reused
CUDA Graph id 7671 reused
CUDA Graph id 7671 reused
CUDA Graph id 7671 reused
CUDA Graph id 7671 reused
CUDA Graph id 7671 reused
CUDA Graph id 7671 reused
CUDA Graph id 7671 reused
CUDA Graph id 7671 reused
CUDA Graph id 7671 reused
CUDA Graph id 7671 reused
CUDA Graph id 7671 reused
CUDA Graph id 7671 reused
CUDA Graph id 7671 reused
CUDA Graph id 7671 reused
CUDA Graph id 7671 reused
CUDA Graph id 7671 reused
CUDA Graph id 7671 reused
CUDA Graph id 7671 reused
CUDA Graph id 7671 reused
CUDA Graph id 7671 reused
CUDA Graph id 7671 reused
CUDA Graph id 7671 reused
CUDA Graph id 7671 reused
CUDA Graph id 7671 reused
CUDA Graph id 7671 reused
CUDA Graph id 7671 reused
CUDA Graph id 7671 reused
CUDA Graph id 7671 reused
CUDA Graph id 7671 reused
CUDA Graph id 7671 reused
CUDA Graph id 7671 reused
CUDA Graph id 7671 reused
CUDA Graph id 7671 reused
CUDA Graph id 7671 reused
CUDA Graph id 7671 reused
CUDA Graph id 7671 reused
CUDA Graph id 7671 reused
~llama_context:      CUDA0 compute buffer size is 304.0000 MiB, matches expectation of 304.0000 MiB
~llama_context:  CUDA_Host compute buffer size is  14.7637 MiB, matches expectation of  14.7637 MiB
llama_context: constructing llama_context
llama_context: n_seq_max     = 1
llama_context: n_ctx         = 768
llama_context: n_ctx_seq     = 768
llama_context: n_batch       = 687
llama_context: n_ubatch      = 512
llama_context: causal_attn   = 1
llama_context: flash_attn    = auto
llama_context: kv_unified    = false
llama_context: freq_base     = 1000000.0
llama_context: freq_scale    = 1
llama_context: n_rs_seq      = 0
llama_context: n_outputs_max = 687
llama_context: n_ctx_seq (768) < n_ctx_train (32768) -- the full capacity of the model will not be utilized
set_abort_callback: call
llama_context:  CUDA_Host  output buffer size =     0.58 MiB
llama_kv_cache: layer   0: dev = CPU
llama_kv_cache: layer   1: dev = CPU
llama_kv_cache: layer   2: dev = CPU
llama_kv_cache: layer   3: dev = CUDA0
llama_kv_cache: layer   4: dev = CUDA0
llama_kv_cache: layer   5: dev = CUDA0
llama_kv_cache: layer   6: dev = CUDA0
llama_kv_cache: layer   7: dev = CUDA0
llama_kv_cache: layer   8: dev = CUDA0
llama_kv_cache: layer   9: dev = CUDA0
llama_kv_cache: layer  10: dev = CUDA0
llama_kv_cache: layer  11: dev = CUDA0
llama_kv_cache: layer  12: dev = CUDA0
llama_kv_cache: layer  13: dev = CUDA0
llama_kv_cache: layer  14: dev = CUDA0
llama_kv_cache: layer  15: dev = CUDA0
llama_kv_cache: layer  16: dev = CUDA0
llama_kv_cache: layer  17: dev = CUDA0
llama_kv_cache: layer  18: dev = CUDA0
llama_kv_cache: layer  19: dev = CUDA0
llama_kv_cache: layer  20: dev = CUDA0
llama_kv_cache: layer  21: dev = CUDA0
llama_kv_cache: layer  22: dev = CUDA0
llama_kv_cache: layer  23: dev = CUDA0
llama_kv_cache: layer  24: dev = CUDA0
llama_kv_cache: layer  25: dev = CUDA0
llama_kv_cache: layer  26: dev = CUDA0
llama_kv_cache: layer  27: dev = CUDA0
llama_kv_cache:        CPU KV buffer size =     4.50 MiB
llama_kv_cache:      CUDA0 KV buffer size =    37.50 MiB
llama_kv_cache: size =   42.00 MiB (   768 cells,  28 layers,  1/1 seqs), K (f16):   21.00 MiB, V (f16):   21.00 MiB
llama_kv_cache: attn_rot_k = 0, n_embd_head_k_all = 128
llama_kv_cache: attn_rot_v = 0, n_embd_head_k_all = 128
llama_context: enumerating backends
llama_context: backend_ptrs.size() = 2
sched_reserve: reserving ...
sched_reserve: max_nodes = 2712
sched_reserve: reserving full memory module
sched_reserve: worst-case: n_tokens = 512, n_seqs = 1, n_outputs = 1
graph_reserve: reserving a graph for ubatch with n_tokens =    1, n_seqs =  1, n_outputs =    1
sched_reserve: Flash Attention was auto, set to enabled
sched_reserve: resolving fused Gated Delta Net support:
graph_reserve: reserving a graph for ubatch with n_tokens =    1, n_seqs =  1, n_outputs =    1
sched_reserve: fused Gated Delta Net (autoregressive) enabled
graph_reserve: reserving a graph for ubatch with n_tokens =   16, n_seqs =  1, n_outputs =   16
sched_reserve: fused Gated Delta Net (chunked) enabled
graph_reserve: reserving a graph for ubatch with n_tokens =  512, n_seqs =  1, n_outputs =  512
graph_reserve: reserving a graph for ubatch with n_tokens =    1, n_seqs =  1, n_outputs =    1
graph_reserve: reserving a graph for ubatch with n_tokens =  512, n_seqs =  1, n_outputs =  512
sched_reserve:      CUDA0 compute buffer size =   304.00 MiB
sched_reserve:  CUDA_Host compute buffer size =    14.76 MiB
sched_reserve: graph nodes  = 958
sched_reserve: graph splits = 44 (with bs=512), 2 (with bs=1)
sched_reserve: reserve took 20.87 ms, sched copies = 1
CUDA Graph id 7821 reused
ggml_backend_cuda_graph_compute: CUDA graph warmup complete
CUDA Graph id 7821 reused
CUDA Graph id 7821 reused
CUDA Graph id 7821 reused
CUDA Graph id 7821 reused
CUDA Graph id 7821 reused
CUDA Graph id 7821 reused
CUDA Graph id 7821 reused
CUDA Graph id 7821 reused
CUDA Graph id 7821 reused
CUDA Graph id 7821 reused
CUDA Graph id 7821 reused
CUDA Graph id 7821 reused
CUDA Graph id 7821 reused
CUDA Graph id 7821 reused
CUDA Graph id 7821 reused
CUDA Graph id 7821 reused
CUDA Graph id 7821 reused
CUDA Graph id 7821 reused
CUDA Graph id 7821 reused
CUDA Graph id 7821 reused
CUDA Graph id 7821 reused
CUDA Graph id 7821 reused
CUDA Graph id 7821 reused
CUDA Graph id 7821 reused
CUDA Graph id 7821 reused
CUDA Graph id 7821 reused
CUDA Graph id 7821 reused
CUDA Graph id 7821 reused
CUDA Graph id 7821 reused
CUDA Graph id 7821 reused
CUDA Graph id 7821 reused
CUDA Graph id 7821 reused
CUDA Graph id 7821 reused
CUDA Graph id 7821 reused
CUDA Graph id 7821 reused
CUDA Graph id 7821 reused
CUDA Graph id 7821 reused
CUDA Graph id 7821 reused
CUDA Graph id 7821 reused
CUDA Graph id 7821 reused
CUDA Graph id 7821 reused
CUDA Graph id 7821 reused
CUDA Graph id 7821 reused
~llama_context:      CUDA0 compute buffer size is 304.0000 MiB, matches expectation of 304.0000 MiB
~llama_context:  CUDA_Host compute buffer size is  14.7637 MiB, matches expectation of  14.7637 MiB
llama_context: constructing llama_context
llama_context: n_seq_max     = 1
llama_context: n_ctx         = 768
llama_context: n_ctx_seq     = 768
llama_context: n_batch       = 687
llama_context: n_ubatch      = 512
llama_context: causal_attn   = 1
llama_context: flash_attn    = auto
llama_context: kv_unified    = false
llama_context: freq_base     = 1000000.0
llama_context: freq_scale    = 1
llama_context: n_rs_seq      = 0
llama_context: n_outputs_max = 687
llama_context: n_ctx_seq (768) < n_ctx_train (32768) -- the full capacity of the model will not be utilized
set_abort_callback: call
llama_context:  CUDA_Host  output buffer size =     0.58 MiB
llama_kv_cache: layer   0: dev = CPU
llama_kv_cache: layer   1: dev = CPU
llama_kv_cache: layer   2: dev = CPU
llama_kv_cache: layer   3: dev = CUDA0
llama_kv_cache: layer   4: dev = CUDA0
llama_kv_cache: layer   5: dev = CUDA0
llama_kv_cache: layer   6: dev = CUDA0
llama_kv_cache: layer   7: dev = CUDA0
llama_kv_cache: layer   8: dev = CUDA0
llama_kv_cache: layer   9: dev = CUDA0
llama_kv_cache: layer  10: dev = CUDA0
llama_kv_cache: layer  11: dev = CUDA0
llama_kv_cache: layer  12: dev = CUDA0
llama_kv_cache: layer  13: dev = CUDA0
llama_kv_cache: layer  14: dev = CUDA0
llama_kv_cache: layer  15: dev = CUDA0
llama_kv_cache: layer  16: dev = CUDA0
llama_kv_cache: layer  17: dev = CUDA0
llama_kv_cache: layer  18: dev = CUDA0
llama_kv_cache: layer  19: dev = CUDA0
llama_kv_cache: layer  20: dev = CUDA0
llama_kv_cache: layer  21: dev = CUDA0
llama_kv_cache: layer  22: dev = CUDA0
llama_kv_cache: layer  23: dev = CUDA0
llama_kv_cache: layer  24: dev = CUDA0
llama_kv_cache: layer  25: dev = CUDA0
llama_kv_cache: layer  26: dev = CUDA0
llama_kv_cache: layer  27: dev = CUDA0
llama_kv_cache:        CPU KV buffer size =     4.50 MiB
llama_kv_cache:      CUDA0 KV buffer size =    37.50 MiB
llama_kv_cache: size =   42.00 MiB (   768 cells,  28 layers,  1/1 seqs), K (f16):   21.00 MiB, V (f16):   21.00 MiB
llama_kv_cache: attn_rot_k = 0, n_embd_head_k_all = 128
llama_kv_cache: attn_rot_v = 0, n_embd_head_k_all = 128
llama_context: enumerating backends
llama_context: backend_ptrs.size() = 2
sched_reserve: reserving ...
sched_reserve: max_nodes = 2712
sched_reserve: reserving full memory module
sched_reserve: worst-case: n_tokens = 512, n_seqs = 1, n_outputs = 1
graph_reserve: reserving a graph for ubatch with n_tokens =    1, n_seqs =  1, n_outputs =    1
sched_reserve: Flash Attention was auto, set to enabled
sched_reserve: resolving fused Gated Delta Net support:
graph_reserve: reserving a graph for ubatch with n_tokens =    1, n_seqs =  1, n_outputs =    1
sched_reserve: fused Gated Delta Net (autoregressive) enabled
graph_reserve: reserving a graph for ubatch with n_tokens =   16, n_seqs =  1, n_outputs =   16
sched_reserve: fused Gated Delta Net (chunked) enabled
graph_reserve: reserving a graph for ubatch with n_tokens =  512, n_seqs =  1, n_outputs =  512
graph_reserve: reserving a graph for ubatch with n_tokens =    1, n_seqs =  1, n_outputs =    1
graph_reserve: reserving a graph for ubatch with n_tokens =  512, n_seqs =  1, n_outputs =  512
sched_reserve:      CUDA0 compute buffer size =   304.00 MiB
sched_reserve:  CUDA_Host compute buffer size =    14.76 MiB
sched_reserve: graph nodes  = 958
sched_reserve: graph splits = 44 (with bs=512), 2 (with bs=1)
sched_reserve: reserve took 13.23 ms, sched copies = 1
CUDA Graph id 7971 reused
ggml_backend_cuda_graph_compute: CUDA graph warmup complete
CUDA Graph id 7971 reused
CUDA Graph id 7971 reused
CUDA Graph id 7971 reused
CUDA Graph id 7971 reused
CUDA Graph id 7971 reused
CUDA Graph id 7971 reused
CUDA Graph id 7971 reused
CUDA Graph id 7971 reused
CUDA Graph id 7971 reused
CUDA Graph id 7971 reused
CUDA Graph id 7971 reused
CUDA Graph id 7971 reused
CUDA Graph id 7971 reused
CUDA Graph id 7971 reused
CUDA Graph id 7971 reused
~llama_context:      CUDA0 compute buffer size is 304.0000 MiB, matches expectation of 304.0000 MiB
~llama_context:  CUDA_Host compute buffer size is  14.7637 MiB, matches expectation of  14.7637 MiB
llama_context: constructing llama_context
llama_context: n_seq_max     = 1
llama_context: n_ctx         = 768
llama_context: n_ctx_seq     = 768
llama_context: n_batch       = 687
llama_context: n_ubatch      = 512
llama_context: causal_attn   = 1
llama_context: flash_attn    = auto
llama_context: kv_unified    = false
llama_context: freq_base     = 1000000.0
llama_context: freq_scale    = 1
llama_context: n_rs_seq      = 0
llama_context: n_outputs_max = 687
llama_context: n_ctx_seq (768) < n_ctx_train (32768) -- the full capacity of the model will not be utilized
set_abort_callback: call
llama_context:  CUDA_Host  output buffer size =     0.58 MiB
llama_kv_cache: layer   0: dev = CPU
llama_kv_cache: layer   1: dev = CPU
llama_kv_cache: layer   2: dev = CPU
llama_kv_cache: layer   3: dev = CUDA0
llama_kv_cache: layer   4: dev = CUDA0
llama_kv_cache: layer   5: dev = CUDA0
llama_kv_cache: layer   6: dev = CUDA0
llama_kv_cache: layer   7: dev = CUDA0
llama_kv_cache: layer   8: dev = CUDA0
llama_kv_cache: layer   9: dev = CUDA0
llama_kv_cache: layer  10: dev = CUDA0
llama_kv_cache: layer  11: dev = CUDA0
llama_kv_cache: layer  12: dev = CUDA0
llama_kv_cache: layer  13: dev = CUDA0
llama_kv_cache: layer  14: dev = CUDA0
llama_kv_cache: layer  15: dev = CUDA0
llama_kv_cache: layer  16: dev = CUDA0
llama_kv_cache: layer  17: dev = CUDA0
llama_kv_cache: layer  18: dev = CUDA0
llama_kv_cache: layer  19: dev = CUDA0
llama_kv_cache: layer  20: dev = CUDA0
llama_kv_cache: layer  21: dev = CUDA0
llama_kv_cache: layer  22: dev = CUDA0
llama_kv_cache: layer  23: dev = CUDA0
llama_kv_cache: layer  24: dev = CUDA0
llama_kv_cache: layer  25: dev = CUDA0
llama_kv_cache: layer  26: dev = CUDA0
llama_kv_cache: layer  27: dev = CUDA0
llama_kv_cache:        CPU KV buffer size =     4.50 MiB
llama_kv_cache:      CUDA0 KV buffer size =    37.50 MiB
llama_kv_cache: size =   42.00 MiB (   768 cells,  28 layers,  1/1 seqs), K (f16):   21.00 MiB, V (f16):   21.00 MiB
llama_kv_cache: attn_rot_k = 0, n_embd_head_k_all = 128
llama_kv_cache: attn_rot_v = 0, n_embd_head_k_all = 128
llama_context: enumerating backends
llama_context: backend_ptrs.size() = 2
sched_reserve: reserving ...
sched_reserve: max_nodes = 2712
sched_reserve: reserving full memory module
sched_reserve: worst-case: n_tokens = 512, n_seqs = 1, n_outputs = 1
graph_reserve: reserving a graph for ubatch with n_tokens =    1, n_seqs =  1, n_outputs =    1
sched_reserve: Flash Attention was auto, set to enabled
sched_reserve: resolving fused Gated Delta Net support:
graph_reserve: reserving a graph for ubatch with n_tokens =    1, n_seqs =  1, n_outputs =    1
sched_reserve: fused Gated Delta Net (autoregressive) enabled
graph_reserve: reserving a graph for ubatch with n_tokens =   16, n_seqs =  1, n_outputs =   16
sched_reserve: fused Gated Delta Net (chunked) enabled
graph_reserve: reserving a graph for ubatch with n_tokens =  512, n_seqs =  1, n_outputs =  512
graph_reserve: reserving a graph for ubatch with n_tokens =    1, n_seqs =  1, n_outputs =    1
graph_reserve: reserving a graph for ubatch with n_tokens =  512, n_seqs =  1, n_outputs =  512
sched_reserve:      CUDA0 compute buffer size =   304.00 MiB
sched_reserve:  CUDA_Host compute buffer size =    14.76 MiB
sched_reserve: graph nodes  = 958
sched_reserve: graph splits = 44 (with bs=512), 2 (with bs=1)
sched_reserve: reserve took 13.37 ms, sched copies = 1
CUDA Graph id 8121 reused
ggml_backend_cuda_graph_compute: CUDA graph warmup complete
CUDA Graph id 8121 reused
CUDA Graph id 8121 reused
CUDA Graph id 8121 reused
CUDA Graph id 8121 reused
CUDA Graph id 8121 reused
CUDA Graph id 8121 reused
CUDA Graph id 8121 reused
CUDA Graph id 8121 reused
CUDA Graph id 8121 reused
CUDA Graph id 8121 reused
CUDA Graph id 8121 reused
CUDA Graph id 8121 reused
CUDA Graph id 8121 reused
CUDA Graph id 8121 reused
CUDA Graph id 8121 reused
CUDA Graph id 8121 reused
CUDA Graph id 8121 reused
CUDA Graph id 8121 reused
CUDA Graph id 8121 reused
CUDA Graph id 8121 reused
CUDA Graph id 8121 reused
CUDA Graph id 8121 reused
CUDA Graph id 8121 reused
CUDA Graph id 8121 reused
CUDA Graph id 8121 reused
CUDA Graph id 8121 reused
CUDA Graph id 8121 reused
CUDA Graph id 8121 reused
CUDA Graph id 8121 reused
CUDA Graph id 8121 reused
CUDA Graph id 8121 reused
CUDA Graph id 8121 reused
CUDA Graph id 8121 reused
CUDA Graph id 8121 reused
CUDA Graph id 8121 reused
CUDA Graph id 8121 reused
CUDA Graph id 8121 reused
CUDA Graph id 8121 reused
CUDA Graph id 8121 reused
CUDA Graph id 8121 reused
CUDA Graph id 8121 reused
CUDA Graph id 8121 reused
CUDA Graph id 8121 reused
CUDA Graph id 8121 reused
CUDA Graph id 8121 reused
CUDA Graph id 8121 reused
CUDA Graph id 8121 reused
CUDA Graph id 8121 reused
CUDA Graph id 8121 reused
CUDA Graph id 8121 reused
CUDA Graph id 8121 reused
CUDA Graph id 8121 reused
CUDA Graph id 8121 reused
CUDA Graph id 8121 reused
CUDA Graph id 8121 reused
CUDA Graph id 8121 reused
CUDA Graph id 8121 reused
CUDA Graph id 8121 reused
CUDA Graph id 8121 reused
CUDA Graph id 8121 reused
CUDA Graph id 8121 reused
CUDA Graph id 8121 reused
CUDA Graph id 8121 reused
CUDA Graph id 8121 reused
CUDA Graph id 8121 reused
CUDA Graph id 8121 reused
CUDA Graph id 8121 reused
CUDA Graph id 8121 reused
CUDA Graph id 8121 reused
CUDA Graph id 8121 reused
CUDA Graph id 8121 reused
CUDA Graph id 8121 reused
CUDA Graph id 8121 reused
CUDA Graph id 8121 reused
CUDA Graph id 8121 reused
CUDA Graph id 8121 reused
CUDA Graph id 8121 reused
CUDA Graph id 8121 reused
CUDA Graph id 8121 reused
CUDA Graph id 8121 reused
CUDA Graph id 8121 reused
CUDA Graph id 8121 reused
CUDA Graph id 8121 reused
CUDA Graph id 8121 reused
CUDA Graph id 8121 reused
CUDA Graph id 8121 reused
CUDA Graph id 8121 reused
ggml_backend_cuda_graph_compute: CUDA graph warmup reset
CUDA Graph id 8124 reused
ggml_backend_cuda_graph_compute: CUDA graph warmup complete
~llama_context:      CUDA0 compute buffer size is 304.0000 MiB, matches expectation of 304.0000 MiB
~llama_context:  CUDA_Host compute buffer size is  14.7637 MiB, matches expectation of  14.7637 MiB
schema 159/175 done
llama_context: constructing llama_context
llama_context: n_seq_max     = 1
llama_context: n_ctx         = 768
llama_context: n_ctx_seq     = 768
llama_context: n_batch       = 713
llama_context: n_ubatch      = 512
llama_context: causal_attn   = 1
llama_context: flash_attn    = auto
llama_context: kv_unified    = false
llama_context: freq_base     = 1000000.0
llama_context: freq_scale    = 1
llama_context: n_rs_seq      = 0
llama_context: n_outputs_max = 713
llama_context: n_ctx_seq (768) < n_ctx_train (32768) -- the full capacity of the model will not be utilized
set_abort_callback: call
llama_context:  CUDA_Host  output buffer size =     0.58 MiB
llama_kv_cache: layer   0: dev = CPU
llama_kv_cache: layer   1: dev = CPU
llama_kv_cache: layer   2: dev = CPU
llama_kv_cache: layer   3: dev = CUDA0
llama_kv_cache: layer   4: dev = CUDA0
llama_kv_cache: layer   5: dev = CUDA0
llama_kv_cache: layer   6: dev = CUDA0
llama_kv_cache: layer   7: dev = CUDA0
llama_kv_cache: layer   8: dev = CUDA0
llama_kv_cache: layer   9: dev = CUDA0
llama_kv_cache: layer  10: dev = CUDA0
llama_kv_cache: layer  11: dev = CUDA0
llama_kv_cache: layer  12: dev = CUDA0
llama_kv_cache: layer  13: dev = CUDA0
llama_kv_cache: layer  14: dev = CUDA0
llama_kv_cache: layer  15: dev = CUDA0
llama_kv_cache: layer  16: dev = CUDA0
llama_kv_cache: layer  17: dev = CUDA0
llama_kv_cache: layer  18: dev = CUDA0
llama_kv_cache: layer  19: dev = CUDA0
llama_kv_cache: layer  20: dev = CUDA0
llama_kv_cache: layer  21: dev = CUDA0
llama_kv_cache: layer  22: dev = CUDA0
llama_kv_cache: layer  23: dev = CUDA0
llama_kv_cache: layer  24: dev = CUDA0
llama_kv_cache: layer  25: dev = CUDA0
llama_kv_cache: layer  26: dev = CUDA0
llama_kv_cache: layer  27: dev = CUDA0
llama_kv_cache:        CPU KV buffer size =     4.50 MiB
llama_kv_cache:      CUDA0 KV buffer size =    37.50 MiB
llama_kv_cache: size =   42.00 MiB (   768 cells,  28 layers,  1/1 seqs), K (f16):   21.00 MiB, V (f16):   21.00 MiB
llama_kv_cache: attn_rot_k = 0, n_embd_head_k_all = 128
llama_kv_cache: attn_rot_v = 0, n_embd_head_k_all = 128
llama_context: enumerating backends
llama_context: backend_ptrs.size() = 2
sched_reserve: reserving ...
sched_reserve: max_nodes = 2712
sched_reserve: reserving full memory module
sched_reserve: worst-case: n_tokens = 512, n_seqs = 1, n_outputs = 1
graph_reserve: reserving a graph for ubatch with n_tokens =    1, n_seqs =  1, n_outputs =    1
sched_reserve: Flash Attention was auto, set to enabled
sched_reserve: resolving fused Gated Delta Net support:
graph_reserve: reserving a graph for ubatch with n_tokens =    1, n_seqs =  1, n_outputs =    1
sched_reserve: fused Gated Delta Net (autoregressive) enabled
graph_reserve: reserving a graph for ubatch with n_tokens =   16, n_seqs =  1, n_outputs =   16
sched_reserve: fused Gated Delta Net (chunked) enabled
graph_reserve: reserving a graph for ubatch with n_tokens =  512, n_seqs =  1, n_outputs =  512
graph_reserve: reserving a graph for ubatch with n_tokens =    1, n_seqs =  1, n_outputs =    1
graph_reserve: reserving a graph for ubatch with n_tokens =  512, n_seqs =  1, n_outputs =  512
sched_reserve:      CUDA0 compute buffer size =   304.00 MiB
sched_reserve:  CUDA_Host compute buffer size =    14.76 MiB
sched_reserve: graph nodes  = 958
sched_reserve: graph splits = 44 (with bs=512), 2 (with bs=1)
sched_reserve: reserve took 11.42 ms, sched copies = 1
CUDA Graph id 8274 reused
ggml_backend_cuda_graph_compute: CUDA graph warmup complete
CUDA Graph id 8274 reused
CUDA Graph id 8274 reused
CUDA Graph id 8274 reused
CUDA Graph id 8274 reused
CUDA Graph id 8274 reused
CUDA Graph id 8274 reused
CUDA Graph id 8274 reused
CUDA Graph id 8274 reused
CUDA Graph id 8274 reused
CUDA Graph id 8274 reused
CUDA Graph id 8274 reused
CUDA Graph id 8274 reused
CUDA Graph id 8274 reused
CUDA Graph id 8274 reused
CUDA Graph id 8274 reused
CUDA Graph id 8274 reused
CUDA Graph id 8274 reused
CUDA Graph id 8274 reused
CUDA Graph id 8274 reused
CUDA Graph id 8274 reused
CUDA Graph id 8274 reused
CUDA Graph id 8274 reused
CUDA Graph id 8274 reused
CUDA Graph id 8274 reused
CUDA Graph id 8274 reused
CUDA Graph id 8274 reused
CUDA Graph id 8274 reused
CUDA Graph id 8274 reused
CUDA Graph id 8274 reused
CUDA Graph id 8274 reused
CUDA Graph id 8274 reused
CUDA Graph id 8274 reused
~llama_context:      CUDA0 compute buffer size is 304.0000 MiB, matches expectation of 304.0000 MiB
~llama_context:  CUDA_Host compute buffer size is  14.7637 MiB, matches expectation of  14.7637 MiB
llama_context: constructing llama_context
llama_context: n_seq_max     = 1
llama_context: n_ctx         = 768
llama_context: n_ctx_seq     = 768
llama_context: n_batch       = 713
llama_context: n_ubatch      = 512
llama_context: causal_attn   = 1
llama_context: flash_attn    = auto
llama_context: kv_unified    = false
llama_context: freq_base     = 1000000.0
llama_context: freq_scale    = 1
llama_context: n_rs_seq      = 0
llama_context: n_outputs_max = 713
llama_context: n_ctx_seq (768) < n_ctx_train (32768) -- the full capacity of the model will not be utilized
set_abort_callback: call
llama_context:  CUDA_Host  output buffer size =     0.58 MiB
llama_kv_cache: layer   0: dev = CPU
llama_kv_cache: layer   1: dev = CPU
llama_kv_cache: layer   2: dev = CPU
llama_kv_cache: layer   3: dev = CUDA0
llama_kv_cache: layer   4: dev = CUDA0
llama_kv_cache: layer   5: dev = CUDA0
llama_kv_cache: layer   6: dev = CUDA0
llama_kv_cache: layer   7: dev = CUDA0
llama_kv_cache: layer   8: dev = CUDA0
llama_kv_cache: layer   9: dev = CUDA0
llama_kv_cache: layer  10: dev = CUDA0
llama_kv_cache: layer  11: dev = CUDA0
llama_kv_cache: layer  12: dev = CUDA0
llama_kv_cache: layer  13: dev = CUDA0
llama_kv_cache: layer  14: dev = CUDA0
llama_kv_cache: layer  15: dev = CUDA0
llama_kv_cache: layer  16: dev = CUDA0
llama_kv_cache: layer  17: dev = CUDA0
llama_kv_cache: layer  18: dev = CUDA0
llama_kv_cache: layer  19: dev = CUDA0
llama_kv_cache: layer  20: dev = CUDA0
llama_kv_cache: layer  21: dev = CUDA0
llama_kv_cache: layer  22: dev = CUDA0
llama_kv_cache: layer  23: dev = CUDA0
llama_kv_cache: layer  24: dev = CUDA0
llama_kv_cache: layer  25: dev = CUDA0
llama_kv_cache: layer  26: dev = CUDA0
llama_kv_cache: layer  27: dev = CUDA0
llama_kv_cache:        CPU KV buffer size =     4.50 MiB
llama_kv_cache:      CUDA0 KV buffer size =    37.50 MiB
llama_kv_cache: size =   42.00 MiB (   768 cells,  28 layers,  1/1 seqs), K (f16):   21.00 MiB, V (f16):   21.00 MiB
llama_kv_cache: attn_rot_k = 0, n_embd_head_k_all = 128
llama_kv_cache: attn_rot_v = 0, n_embd_head_k_all = 128
llama_context: enumerating backends
llama_context: backend_ptrs.size() = 2
sched_reserve: reserving ...
sched_reserve: max_nodes = 2712
sched_reserve: reserving full memory module
sched_reserve: worst-case: n_tokens = 512, n_seqs = 1, n_outputs = 1
graph_reserve: reserving a graph for ubatch with n_tokens =    1, n_seqs =  1, n_outputs =    1
sched_reserve: Flash Attention was auto, set to enabled
sched_reserve: resolving fused Gated Delta Net support:
graph_reserve: reserving a graph for ubatch with n_tokens =    1, n_seqs =  1, n_outputs =    1
sched_reserve: fused Gated Delta Net (autoregressive) enabled
graph_reserve: reserving a graph for ubatch with n_tokens =   16, n_seqs =  1, n_outputs =   16
sched_reserve: fused Gated Delta Net (chunked) enabled
graph_reserve: reserving a graph for ubatch with n_tokens =  512, n_seqs =  1, n_outputs =  512
graph_reserve: reserving a graph for ubatch with n_tokens =    1, n_seqs =  1, n_outputs =    1
graph_reserve: reserving a graph for ubatch with n_tokens =  512, n_seqs =  1, n_outputs =  512
sched_reserve:      CUDA0 compute buffer size =   304.00 MiB
sched_reserve:  CUDA_Host compute buffer size =    14.76 MiB
sched_reserve: graph nodes  = 958
sched_reserve: graph splits = 44 (with bs=512), 2 (with bs=1)
sched_reserve: reserve took 10.93 ms, sched copies = 1
CUDA Graph id 8424 reused
ggml_backend_cuda_graph_compute: CUDA graph warmup complete
CUDA Graph id 8424 reused
CUDA Graph id 8424 reused
CUDA Graph id 8424 reused
CUDA Graph id 8424 reused
CUDA Graph id 8424 reused
CUDA Graph id 8424 reused
CUDA Graph id 8424 reused
CUDA Graph id 8424 reused
CUDA Graph id 8424 reused
CUDA Graph id 8424 reused
CUDA Graph id 8424 reused
CUDA Graph id 8424 reused
CUDA Graph id 8424 reused
CUDA Graph id 8424 reused
CUDA Graph id 8424 reused
CUDA Graph id 8424 reused
CUDA Graph id 8424 reused
CUDA Graph id 8424 reused
CUDA Graph id 8424 reused
CUDA Graph id 8424 reused
CUDA Graph id 8424 reused
CUDA Graph id 8424 reused
CUDA Graph id 8424 reused
CUDA Graph id 8424 reused
CUDA Graph id 8424 reused
CUDA Graph id 8424 reused
CUDA Graph id 8424 reused
CUDA Graph id 8424 reused
CUDA Graph id 8424 reused
CUDA Graph id 8424 reused
CUDA Graph id 8424 reused
CUDA Graph id 8424 reused
~llama_context:      CUDA0 compute buffer size is 304.0000 MiB, matches expectation of 304.0000 MiB
~llama_context:  CUDA_Host compute buffer size is  14.7637 MiB, matches expectation of  14.7637 MiB
llama_context: constructing llama_context
llama_context: n_seq_max     = 1
llama_context: n_ctx         = 768
llama_context: n_ctx_seq     = 768
llama_context: n_batch       = 713
llama_context: n_ubatch      = 512
llama_context: causal_attn   = 1
llama_context: flash_attn    = auto
llama_context: kv_unified    = false
llama_context: freq_base     = 1000000.0
llama_context: freq_scale    = 1
llama_context: n_rs_seq      = 0
llama_context: n_outputs_max = 713
llama_context: n_ctx_seq (768) < n_ctx_train (32768) -- the full capacity of the model will not be utilized
set_abort_callback: call
llama_context:  CUDA_Host  output buffer size =     0.58 MiB
llama_kv_cache: layer   0: dev = CPU
llama_kv_cache: layer   1: dev = CPU
llama_kv_cache: layer   2: dev = CPU
llama_kv_cache: layer   3: dev = CUDA0
llama_kv_cache: layer   4: dev = CUDA0
llama_kv_cache: layer   5: dev = CUDA0
llama_kv_cache: layer   6: dev = CUDA0
llama_kv_cache: layer   7: dev = CUDA0
llama_kv_cache: layer   8: dev = CUDA0
llama_kv_cache: layer   9: dev = CUDA0
llama_kv_cache: layer  10: dev = CUDA0
llama_kv_cache: layer  11: dev = CUDA0
llama_kv_cache: layer  12: dev = CUDA0
llama_kv_cache: layer  13: dev = CUDA0
llama_kv_cache: layer  14: dev = CUDA0
llama_kv_cache: layer  15: dev = CUDA0
llama_kv_cache: layer  16: dev = CUDA0
llama_kv_cache: layer  17: dev = CUDA0
llama_kv_cache: layer  18: dev = CUDA0
llama_kv_cache: layer  19: dev = CUDA0
llama_kv_cache: layer  20: dev = CUDA0
llama_kv_cache: layer  21: dev = CUDA0
llama_kv_cache: layer  22: dev = CUDA0
llama_kv_cache: layer  23: dev = CUDA0
llama_kv_cache: layer  24: dev = CUDA0
llama_kv_cache: layer  25: dev = CUDA0
llama_kv_cache: layer  26: dev = CUDA0
llama_kv_cache: layer  27: dev = CUDA0
llama_kv_cache:        CPU KV buffer size =     4.50 MiB
llama_kv_cache:      CUDA0 KV buffer size =    37.50 MiB
llama_kv_cache: size =   42.00 MiB (   768 cells,  28 layers,  1/1 seqs), K (f16):   21.00 MiB, V (f16):   21.00 MiB
llama_kv_cache: attn_rot_k = 0, n_embd_head_k_all = 128
llama_kv_cache: attn_rot_v = 0, n_embd_head_k_all = 128
llama_context: enumerating backends
llama_context: backend_ptrs.size() = 2
sched_reserve: reserving ...
sched_reserve: max_nodes = 2712
sched_reserve: reserving full memory module
sched_reserve: worst-case: n_tokens = 512, n_seqs = 1, n_outputs = 1
graph_reserve: reserving a graph for ubatch with n_tokens =    1, n_seqs =  1, n_outputs =    1
sched_reserve: Flash Attention was auto, set to enabled
sched_reserve: resolving fused Gated Delta Net support:
graph_reserve: reserving a graph for ubatch with n_tokens =    1, n_seqs =  1, n_outputs =    1
sched_reserve: fused Gated Delta Net (autoregressive) enabled
graph_reserve: reserving a graph for ubatch with n_tokens =   16, n_seqs =  1, n_outputs =   16
sched_reserve: fused Gated Delta Net (chunked) enabled
graph_reserve: reserving a graph for ubatch with n_tokens =  512, n_seqs =  1, n_outputs =  512
graph_reserve: reserving a graph for ubatch with n_tokens =    1, n_seqs =  1, n_outputs =    1
graph_reserve: reserving a graph for ubatch with n_tokens =  512, n_seqs =  1, n_outputs =  512
sched_reserve:      CUDA0 compute buffer size =   304.00 MiB
sched_reserve:  CUDA_Host compute buffer size =    14.76 MiB
sched_reserve: graph nodes  = 958
sched_reserve: graph splits = 44 (with bs=512), 2 (with bs=1)
sched_reserve: reserve took 15.53 ms, sched copies = 1
CUDA Graph id 8574 reused
ggml_backend_cuda_graph_compute: CUDA graph warmup complete
CUDA Graph id 8574 reused
CUDA Graph id 8574 reused
CUDA Graph id 8574 reused
CUDA Graph id 8574 reused
CUDA Graph id 8574 reused
CUDA Graph id 8574 reused
CUDA Graph id 8574 reused
CUDA Graph id 8574 reused
CUDA Graph id 8574 reused
CUDA Graph id 8574 reused
CUDA Graph id 8574 reused
CUDA Graph id 8574 reused
CUDA Graph id 8574 reused
CUDA Graph id 8574 reused
CUDA Graph id 8574 reused
CUDA Graph id 8574 reused
~llama_context:      CUDA0 compute buffer size is 304.0000 MiB, matches expectation of 304.0000 MiB
~llama_context:  CUDA_Host compute buffer size is  14.7637 MiB, matches expectation of  14.7637 MiB
llama_context: constructing llama_context
llama_context: n_seq_max     = 1
llama_context: n_ctx         = 768
llama_context: n_ctx_seq     = 768
llama_context: n_batch       = 713
llama_context: n_ubatch      = 512
llama_context: causal_attn   = 1
llama_context: flash_attn    = auto
llama_context: kv_unified    = false
llama_context: freq_base     = 1000000.0
llama_context: freq_scale    = 1
llama_context: n_rs_seq      = 0
llama_context: n_outputs_max = 713
llama_context: n_ctx_seq (768) < n_ctx_train (32768) -- the full capacity of the model will not be utilized
set_abort_callback: call
llama_context:  CUDA_Host  output buffer size =     0.58 MiB
llama_kv_cache: layer   0: dev = CPU
llama_kv_cache: layer   1: dev = CPU
llama_kv_cache: layer   2: dev = CPU
llama_kv_cache: layer   3: dev = CUDA0
llama_kv_cache: layer   4: dev = CUDA0
llama_kv_cache: layer   5: dev = CUDA0
llama_kv_cache: layer   6: dev = CUDA0
llama_kv_cache: layer   7: dev = CUDA0
llama_kv_cache: layer   8: dev = CUDA0
llama_kv_cache: layer   9: dev = CUDA0
llama_kv_cache: layer  10: dev = CUDA0
llama_kv_cache: layer  11: dev = CUDA0
llama_kv_cache: layer  12: dev = CUDA0
llama_kv_cache: layer  13: dev = CUDA0
llama_kv_cache: layer  14: dev = CUDA0
llama_kv_cache: layer  15: dev = CUDA0
llama_kv_cache: layer  16: dev = CUDA0
llama_kv_cache: layer  17: dev = CUDA0
llama_kv_cache: layer  18: dev = CUDA0
llama_kv_cache: layer  19: dev = CUDA0
llama_kv_cache: layer  20: dev = CUDA0
llama_kv_cache: layer  21: dev = CUDA0
llama_kv_cache: layer  22: dev = CUDA0
llama_kv_cache: layer  23: dev = CUDA0
llama_kv_cache: layer  24: dev = CUDA0
llama_kv_cache: layer  25: dev = CUDA0
llama_kv_cache: layer  26: dev = CUDA0
llama_kv_cache: layer  27: dev = CUDA0
llama_kv_cache:        CPU KV buffer size =     4.50 MiB
llama_kv_cache:      CUDA0 KV buffer size =    37.50 MiB
llama_kv_cache: size =   42.00 MiB (   768 cells,  28 layers,  1/1 seqs), K (f16):   21.00 MiB, V (f16):   21.00 MiB
llama_kv_cache: attn_rot_k = 0, n_embd_head_k_all = 128
llama_kv_cache: attn_rot_v = 0, n_embd_head_k_all = 128
llama_context: enumerating backends
llama_context: backend_ptrs.size() = 2
sched_reserve: reserving ...
sched_reserve: max_nodes = 2712
sched_reserve: reserving full memory module
sched_reserve: worst-case: n_tokens = 512, n_seqs = 1, n_outputs = 1
graph_reserve: reserving a graph for ubatch with n_tokens =    1, n_seqs =  1, n_outputs =    1
sched_reserve: Flash Attention was auto, set to enabled
sched_reserve: resolving fused Gated Delta Net support:
graph_reserve: reserving a graph for ubatch with n_tokens =    1, n_seqs =  1, n_outputs =    1
sched_reserve: fused Gated Delta Net (autoregressive) enabled
graph_reserve: reserving a graph for ubatch with n_tokens =   16, n_seqs =  1, n_outputs =   16
sched_reserve: fused Gated Delta Net (chunked) enabled
graph_reserve: reserving a graph for ubatch with n_tokens =  512, n_seqs =  1, n_outputs =  512
graph_reserve: reserving a graph for ubatch with n_tokens =    1, n_seqs =  1, n_outputs =    1
graph_reserve: reserving a graph for ubatch with n_tokens =  512, n_seqs =  1, n_outputs =  512
sched_reserve:      CUDA0 compute buffer size =   304.00 MiB
sched_reserve:  CUDA_Host compute buffer size =    14.76 MiB
sched_reserve: graph nodes  = 958
sched_reserve: graph splits = 44 (with bs=512), 2 (with bs=1)
sched_reserve: reserve took 10.66 ms, sched copies = 1
CUDA Graph id 8724 reused
ggml_backend_cuda_graph_compute: CUDA graph warmup complete
CUDA Graph id 8724 reused
CUDA Graph id 8724 reused
CUDA Graph id 8724 reused
CUDA Graph id 8724 reused
CUDA Graph id 8724 reused
CUDA Graph id 8724 reused
CUDA Graph id 8724 reused
CUDA Graph id 8724 reused
CUDA Graph id 8724 reused
CUDA Graph id 8724 reused
CUDA Graph id 8724 reused
CUDA Graph id 8724 reused
CUDA Graph id 8724 reused
CUDA Graph id 8724 reused
CUDA Graph id 8724 reused
CUDA Graph id 8724 reused
CUDA Graph id 8724 reused
CUDA Graph id 8724 reused
CUDA Graph id 8724 reused
CUDA Graph id 8724 reused
CUDA Graph id 8724 reused
CUDA Graph id 8724 reused
CUDA Graph id 8724 reused
CUDA Graph id 8724 reused
CUDA Graph id 8724 reused
~llama_context:      CUDA0 compute buffer size is 304.0000 MiB, matches expectation of 304.0000 MiB
~llama_context:  CUDA_Host compute buffer size is  14.7637 MiB, matches expectation of  14.7637 MiB
llama_context: constructing llama_context
llama_context: n_seq_max     = 1
llama_context: n_ctx         = 768
llama_context: n_ctx_seq     = 768
llama_context: n_batch       = 713
llama_context: n_ubatch      = 512
llama_context: causal_attn   = 1
llama_context: flash_attn    = auto
llama_context: kv_unified    = false
llama_context: freq_base     = 1000000.0
llama_context: freq_scale    = 1
llama_context: n_rs_seq      = 0
llama_context: n_outputs_max = 713
llama_context: n_ctx_seq (768) < n_ctx_train (32768) -- the full capacity of the model will not be utilized
set_abort_callback: call
llama_context:  CUDA_Host  output buffer size =     0.58 MiB
llama_kv_cache: layer   0: dev = CPU
llama_kv_cache: layer   1: dev = CPU
llama_kv_cache: layer   2: dev = CPU
llama_kv_cache: layer   3: dev = CUDA0
llama_kv_cache: layer   4: dev = CUDA0
llama_kv_cache: layer   5: dev = CUDA0
llama_kv_cache: layer   6: dev = CUDA0
llama_kv_cache: layer   7: dev = CUDA0
llama_kv_cache: layer   8: dev = CUDA0
llama_kv_cache: layer   9: dev = CUDA0
llama_kv_cache: layer  10: dev = CUDA0
llama_kv_cache: layer  11: dev = CUDA0
llama_kv_cache: layer  12: dev = CUDA0
llama_kv_cache: layer  13: dev = CUDA0
llama_kv_cache: layer  14: dev = CUDA0
llama_kv_cache: layer  15: dev = CUDA0
llama_kv_cache: layer  16: dev = CUDA0
llama_kv_cache: layer  17: dev = CUDA0
llama_kv_cache: layer  18: dev = CUDA0
llama_kv_cache: layer  19: dev = CUDA0
llama_kv_cache: layer  20: dev = CUDA0
llama_kv_cache: layer  21: dev = CUDA0
llama_kv_cache: layer  22: dev = CUDA0
llama_kv_cache: layer  23: dev = CUDA0
llama_kv_cache: layer  24: dev = CUDA0
llama_kv_cache: layer  25: dev = CUDA0
llama_kv_cache: layer  26: dev = CUDA0
llama_kv_cache: layer  27: dev = CUDA0
llama_kv_cache:        CPU KV buffer size =     4.50 MiB
llama_kv_cache:      CUDA0 KV buffer size =    37.50 MiB
llama_kv_cache: size =   42.00 MiB (   768 cells,  28 layers,  1/1 seqs), K (f16):   21.00 MiB, V (f16):   21.00 MiB
llama_kv_cache: attn_rot_k = 0, n_embd_head_k_all = 128
llama_kv_cache: attn_rot_v = 0, n_embd_head_k_all = 128
llama_context: enumerating backends
llama_context: backend_ptrs.size() = 2
sched_reserve: reserving ...
sched_reserve: max_nodes = 2712
sched_reserve: reserving full memory module
sched_reserve: worst-case: n_tokens = 512, n_seqs = 1, n_outputs = 1
graph_reserve: reserving a graph for ubatch with n_tokens =    1, n_seqs =  1, n_outputs =    1
sched_reserve: Flash Attention was auto, set to enabled
sched_reserve: resolving fused Gated Delta Net support:
graph_reserve: reserving a graph for ubatch with n_tokens =    1, n_seqs =  1, n_outputs =    1
sched_reserve: fused Gated Delta Net (autoregressive) enabled
graph_reserve: reserving a graph for ubatch with n_tokens =   16, n_seqs =  1, n_outputs =   16
sched_reserve: fused Gated Delta Net (chunked) enabled
graph_reserve: reserving a graph for ubatch with n_tokens =  512, n_seqs =  1, n_outputs =  512
graph_reserve: reserving a graph for ubatch with n_tokens =    1, n_seqs =  1, n_outputs =    1
graph_reserve: reserving a graph for ubatch with n_tokens =  512, n_seqs =  1, n_outputs =  512
sched_reserve:      CUDA0 compute buffer size =   304.00 MiB
sched_reserve:  CUDA_Host compute buffer size =    14.76 MiB
sched_reserve: graph nodes  = 958
sched_reserve: graph splits = 44 (with bs=512), 2 (with bs=1)
sched_reserve: reserve took 17.01 ms, sched copies = 1
CUDA Graph id 8874 reused
ggml_backend_cuda_graph_compute: CUDA graph warmup complete
CUDA Graph id 8874 reused
CUDA Graph id 8874 reused
CUDA Graph id 8874 reused
CUDA Graph id 8874 reused
CUDA Graph id 8874 reused
CUDA Graph id 8874 reused
CUDA Graph id 8874 reused
CUDA Graph id 8874 reused
CUDA Graph id 8874 reused
CUDA Graph id 8874 reused
CUDA Graph id 8874 reused
CUDA Graph id 8874 reused
CUDA Graph id 8874 reused
~llama_context:      CUDA0 compute buffer size is 304.0000 MiB, matches expectation of 304.0000 MiB
~llama_context:  CUDA_Host compute buffer size is  14.7637 MiB, matches expectation of  14.7637 MiB
llama_context: constructing llama_context
llama_context: n_seq_max     = 1
llama_context: n_ctx         = 768
llama_context: n_ctx_seq     = 768
llama_context: n_batch       = 713
llama_context: n_ubatch      = 512
llama_context: causal_attn   = 1
llama_context: flash_attn    = auto
llama_context: kv_unified    = false
llama_context: freq_base     = 1000000.0
llama_context: freq_scale    = 1
llama_context: n_rs_seq      = 0
llama_context: n_outputs_max = 713
llama_context: n_ctx_seq (768) < n_ctx_train (32768) -- the full capacity of the model will not be utilized
set_abort_callback: call
llama_context:  CUDA_Host  output buffer size =     0.58 MiB
llama_kv_cache: layer   0: dev = CPU
llama_kv_cache: layer   1: dev = CPU
llama_kv_cache: layer   2: dev = CPU
llama_kv_cache: layer   3: dev = CUDA0
llama_kv_cache: layer   4: dev = CUDA0
llama_kv_cache: layer   5: dev = CUDA0
llama_kv_cache: layer   6: dev = CUDA0
llama_kv_cache: layer   7: dev = CUDA0
llama_kv_cache: layer   8: dev = CUDA0
llama_kv_cache: layer   9: dev = CUDA0
llama_kv_cache: layer  10: dev = CUDA0
llama_kv_cache: layer  11: dev = CUDA0
llama_kv_cache: layer  12: dev = CUDA0
llama_kv_cache: layer  13: dev = CUDA0
llama_kv_cache: layer  14: dev = CUDA0
llama_kv_cache: layer  15: dev = CUDA0
llama_kv_cache: layer  16: dev = CUDA0
llama_kv_cache: layer  17: dev = CUDA0
llama_kv_cache: layer  18: dev = CUDA0
llama_kv_cache: layer  19: dev = CUDA0
llama_kv_cache: layer  20: dev = CUDA0
llama_kv_cache: layer  21: dev = CUDA0
llama_kv_cache: layer  22: dev = CUDA0
llama_kv_cache: layer  23: dev = CUDA0
llama_kv_cache: layer  24: dev = CUDA0
llama_kv_cache: layer  25: dev = CUDA0
llama_kv_cache: layer  26: dev = CUDA0
llama_kv_cache: layer  27: dev = CUDA0
llama_kv_cache:        CPU KV buffer size =     4.50 MiB
llama_kv_cache:      CUDA0 KV buffer size =    37.50 MiB
llama_kv_cache: size =   42.00 MiB (   768 cells,  28 layers,  1/1 seqs), K (f16):   21.00 MiB, V (f16):   21.00 MiB
llama_kv_cache: attn_rot_k = 0, n_embd_head_k_all = 128
llama_kv_cache: attn_rot_v = 0, n_embd_head_k_all = 128
llama_context: enumerating backends
llama_context: backend_ptrs.size() = 2
sched_reserve: reserving ...
sched_reserve: max_nodes = 2712
sched_reserve: reserving full memory module
sched_reserve: worst-case: n_tokens = 512, n_seqs = 1, n_outputs = 1
graph_reserve: reserving a graph for ubatch with n_tokens =    1, n_seqs =  1, n_outputs =    1
sched_reserve: Flash Attention was auto, set to enabled
sched_reserve: resolving fused Gated Delta Net support:
graph_reserve: reserving a graph for ubatch with n_tokens =    1, n_seqs =  1, n_outputs =    1
sched_reserve: fused Gated Delta Net (autoregressive) enabled
graph_reserve: reserving a graph for ubatch with n_tokens =   16, n_seqs =  1, n_outputs =   16
sched_reserve: fused Gated Delta Net (chunked) enabled
graph_reserve: reserving a graph for ubatch with n_tokens =  512, n_seqs =  1, n_outputs =  512
graph_reserve: reserving a graph for ubatch with n_tokens =    1, n_seqs =  1, n_outputs =    1
graph_reserve: reserving a graph for ubatch with n_tokens =  512, n_seqs =  1, n_outputs =  512
sched_reserve:      CUDA0 compute buffer size =   304.00 MiB
sched_reserve:  CUDA_Host compute buffer size =    14.76 MiB
sched_reserve: graph nodes  = 958
sched_reserve: graph splits = 44 (with bs=512), 2 (with bs=1)
sched_reserve: reserve took 18.64 ms, sched copies = 1
CUDA Graph id 9024 reused
ggml_backend_cuda_graph_compute: CUDA graph warmup complete
CUDA Graph id 9024 reused
CUDA Graph id 9024 reused
CUDA Graph id 9024 reused
CUDA Graph id 9024 reused
CUDA Graph id 9024 reused
CUDA Graph id 9024 reused
CUDA Graph id 9024 reused
CUDA Graph id 9024 reused
CUDA Graph id 9024 reused
CUDA Graph id 9024 reused
CUDA Graph id 9024 reused
CUDA Graph id 9024 reused
CUDA Graph id 9024 reused
CUDA Graph id 9024 reused
CUDA Graph id 9024 reused
CUDA Graph id 9024 reused
CUDA Graph id 9024 reused
CUDA Graph id 9024 reused
CUDA Graph id 9024 reused
CUDA Graph id 9024 reused
CUDA Graph id 9024 reused
CUDA Graph id 9024 reused
CUDA Graph id 9024 reused
CUDA Graph id 9024 reused
CUDA Graph id 9024 reused
~llama_context:      CUDA0 compute buffer size is 304.0000 MiB, matches expectation of 304.0000 MiB
~llama_context:  CUDA_Host compute buffer size is  14.7637 MiB, matches expectation of  14.7637 MiB
schema 160/175 done
llama_context: constructing llama_context
llama_context: n_seq_max     = 1
llama_context: n_ctx         = 768
llama_context: n_ctx_seq     = 768
llama_context: n_batch       = 580
llama_context: n_ubatch      = 512
llama_context: causal_attn   = 1
llama_context: flash_attn    = auto
llama_context: kv_unified    = false
llama_context: freq_base     = 1000000.0
llama_context: freq_scale    = 1
llama_context: n_rs_seq      = 0
llama_context: n_outputs_max = 580
llama_context: n_ctx_seq (768) < n_ctx_train (32768) -- the full capacity of the model will not be utilized
set_abort_callback: call
llama_context:  CUDA_Host  output buffer size =     0.58 MiB
llama_kv_cache: layer   0: dev = CPU
llama_kv_cache: layer   1: dev = CPU
llama_kv_cache: layer   2: dev = CPU
llama_kv_cache: layer   3: dev = CUDA0
llama_kv_cache: layer   4: dev = CUDA0
llama_kv_cache: layer   5: dev = CUDA0
llama_kv_cache: layer   6: dev = CUDA0
llama_kv_cache: layer   7: dev = CUDA0
llama_kv_cache: layer   8: dev = CUDA0
llama_kv_cache: layer   9: dev = CUDA0
llama_kv_cache: layer  10: dev = CUDA0
llama_kv_cache: layer  11: dev = CUDA0
llama_kv_cache: layer  12: dev = CUDA0
llama_kv_cache: layer  13: dev = CUDA0
llama_kv_cache: layer  14: dev = CUDA0
llama_kv_cache: layer  15: dev = CUDA0
llama_kv_cache: layer  16: dev = CUDA0
llama_kv_cache: layer  17: dev = CUDA0
llama_kv_cache: layer  18: dev = CUDA0
llama_kv_cache: layer  19: dev = CUDA0
llama_kv_cache: layer  20: dev = CUDA0
llama_kv_cache: layer  21: dev = CUDA0
llama_kv_cache: layer  22: dev = CUDA0
llama_kv_cache: layer  23: dev = CUDA0
llama_kv_cache: layer  24: dev = CUDA0
llama_kv_cache: layer  25: dev = CUDA0
llama_kv_cache: layer  26: dev = CUDA0
llama_kv_cache: layer  27: dev = CUDA0
llama_kv_cache:        CPU KV buffer size =     4.50 MiB
llama_kv_cache:      CUDA0 KV buffer size =    37.50 MiB
llama_kv_cache: size =   42.00 MiB (   768 cells,  28 layers,  1/1 seqs), K (f16):   21.00 MiB, V (f16):   21.00 MiB
llama_kv_cache: attn_rot_k = 0, n_embd_head_k_all = 128
llama_kv_cache: attn_rot_v = 0, n_embd_head_k_all = 128
llama_context: enumerating backends
llama_context: backend_ptrs.size() = 2
sched_reserve: reserving ...
sched_reserve: max_nodes = 2712
sched_reserve: reserving full memory module
sched_reserve: worst-case: n_tokens = 512, n_seqs = 1, n_outputs = 1
graph_reserve: reserving a graph for ubatch with n_tokens =    1, n_seqs =  1, n_outputs =    1
sched_reserve: Flash Attention was auto, set to enabled
sched_reserve: resolving fused Gated Delta Net support:
graph_reserve: reserving a graph for ubatch with n_tokens =    1, n_seqs =  1, n_outputs =    1
sched_reserve: fused Gated Delta Net (autoregressive) enabled
graph_reserve: reserving a graph for ubatch with n_tokens =   16, n_seqs =  1, n_outputs =   16
sched_reserve: fused Gated Delta Net (chunked) enabled
graph_reserve: reserving a graph for ubatch with n_tokens =  512, n_seqs =  1, n_outputs =  512
graph_reserve: reserving a graph for ubatch with n_tokens =    1, n_seqs =  1, n_outputs =    1
graph_reserve: reserving a graph for ubatch with n_tokens =  512, n_seqs =  1, n_outputs =  512
sched_reserve:      CUDA0 compute buffer size =   304.00 MiB
sched_reserve:  CUDA_Host compute buffer size =    14.76 MiB
sched_reserve: graph nodes  = 958
sched_reserve: graph splits = 44 (with bs=512), 2 (with bs=1)
sched_reserve: reserve took 12.47 ms, sched copies = 1
CUDA Graph id 9174 reused
ggml_backend_cuda_graph_compute: CUDA graph warmup complete
CUDA Graph id 9174 reused
CUDA Graph id 9174 reused
CUDA Graph id 9174 reused
CUDA Graph id 9174 reused
CUDA Graph id 9174 reused
CUDA Graph id 9174 reused
CUDA Graph id 9174 reused
CUDA Graph id 9174 reused
CUDA Graph id 9174 reused
CUDA Graph id 9174 reused
CUDA Graph id 9174 reused
CUDA Graph id 9174 reused
CUDA Graph id 9174 reused
CUDA Graph id 9174 reused
CUDA Graph id 9174 reused
CUDA Graph id 9174 reused
CUDA Graph id 9174 reused
CUDA Graph id 9174 reused
CUDA Graph id 9174 reused
CUDA Graph id 9174 reused
CUDA Graph id 9174 reused
CUDA Graph id 9174 reused
CUDA Graph id 9174 reused
CUDA Graph id 9174 reused
CUDA Graph id 9174 reused
CUDA Graph id 9174 reused
CUDA Graph id 9174 reused
CUDA Graph id 9174 reused
CUDA Graph id 9174 reused
CUDA Graph id 9174 reused
CUDA Graph id 9174 reused
CUDA Graph id 9174 reused
CUDA Graph id 9174 reused
CUDA Graph id 9174 reused
CUDA Graph id 9174 reused
CUDA Graph id 9174 reused
CUDA Graph id 9174 reused
CUDA Graph id 9174 reused
CUDA Graph id 9174 reused
CUDA Graph id 9174 reused
CUDA Graph id 9174 reused
CUDA Graph id 9174 reused
CUDA Graph id 9174 reused
CUDA Graph id 9174 reused
CUDA Graph id 9174 reused
CUDA Graph id 9174 reused
CUDA Graph id 9174 reused
CUDA Graph id 9174 reused
CUDA Graph id 9174 reused
CUDA Graph id 9174 reused
CUDA Graph id 9174 reused
CUDA Graph id 9174 reused
CUDA Graph id 9174 reused
CUDA Graph id 9174 reused
CUDA Graph id 9174 reused
CUDA Graph id 9174 reused
CUDA Graph id 9174 reused
CUDA Graph id 9174 reused
CUDA Graph id 9174 reused
CUDA Graph id 9174 reused
CUDA Graph id 9174 reused
CUDA Graph id 9174 reused
CUDA Graph id 9174 reused
CUDA Graph id 9174 reused
CUDA Graph id 9174 reused
CUDA Graph id 9174 reused
CUDA Graph id 9174 reused
CUDA Graph id 9174 reused
CUDA Graph id 9174 reused
CUDA Graph id 9174 reused
CUDA Graph id 9174 reused
CUDA Graph id 9174 reused
CUDA Graph id 9174 reused
CUDA Graph id 9174 reused
CUDA Graph id 9174 reused
CUDA Graph id 9174 reused
CUDA Graph id 9174 reused
CUDA Graph id 9174 reused
CUDA Graph id 9174 reused
CUDA Graph id 9174 reused
CUDA Graph id 9174 reused
CUDA Graph id 9174 reused
CUDA Graph id 9174 reused
CUDA Graph id 9174 reused
CUDA Graph id 9174 reused
CUDA Graph id 9174 reused
CUDA Graph id 9174 reused
CUDA Graph id 9174 reused
CUDA Graph id 9174 reused
CUDA Graph id 9174 reused
~llama_context:      CUDA0 compute buffer size is 304.0000 MiB, matches expectation of 304.0000 MiB
~llama_context:  CUDA_Host compute buffer size is  14.7637 MiB, matches expectation of  14.7637 MiB
llama_context: constructing llama_context
llama_context: n_seq_max     = 1
llama_context: n_ctx         = 768
llama_context: n_ctx_seq     = 768
llama_context: n_batch       = 580
llama_context: n_ubatch      = 512
llama_context: causal_attn   = 1
llama_context: flash_attn    = auto
llama_context: kv_unified    = false
llama_context: freq_base     = 1000000.0
llama_context: freq_scale    = 1
llama_context: n_rs_seq      = 0
llama_context: n_outputs_max = 580
llama_context: n_ctx_seq (768) < n_ctx_train (32768) -- the full capacity of the model will not be utilized
set_abort_callback: call
llama_context:  CUDA_Host  output buffer size =     0.58 MiB
llama_kv_cache: layer   0: dev = CPU
llama_kv_cache: layer   1: dev = CPU
llama_kv_cache: layer   2: dev = CPU
llama_kv_cache: layer   3: dev = CUDA0
llama_kv_cache: layer   4: dev = CUDA0
llama_kv_cache: layer   5: dev = CUDA0
llama_kv_cache: layer   6: dev = CUDA0
llama_kv_cache: layer   7: dev = CUDA0
llama_kv_cache: layer   8: dev = CUDA0
llama_kv_cache: layer   9: dev = CUDA0
llama_kv_cache: layer  10: dev = CUDA0
llama_kv_cache: layer  11: dev = CUDA0
llama_kv_cache: layer  12: dev = CUDA0
llama_kv_cache: layer  13: dev = CUDA0
llama_kv_cache: layer  14: dev = CUDA0
llama_kv_cache: layer  15: dev = CUDA0
llama_kv_cache: layer  16: dev = CUDA0
llama_kv_cache: layer  17: dev = CUDA0
llama_kv_cache: layer  18: dev = CUDA0
llama_kv_cache: layer  19: dev = CUDA0
llama_kv_cache: layer  20: dev = CUDA0
llama_kv_cache: layer  21: dev = CUDA0
llama_kv_cache: layer  22: dev = CUDA0
llama_kv_cache: layer  23: dev = CUDA0
llama_kv_cache: layer  24: dev = CUDA0
llama_kv_cache: layer  25: dev = CUDA0
llama_kv_cache: layer  26: dev = CUDA0
llama_kv_cache: layer  27: dev = CUDA0
llama_kv_cache:        CPU KV buffer size =     4.50 MiB
llama_kv_cache:      CUDA0 KV buffer size =    37.50 MiB
llama_kv_cache: size =   42.00 MiB (   768 cells,  28 layers,  1/1 seqs), K (f16):   21.00 MiB, V (f16):   21.00 MiB
llama_kv_cache: attn_rot_k = 0, n_embd_head_k_all = 128
llama_kv_cache: attn_rot_v = 0, n_embd_head_k_all = 128
llama_context: enumerating backends
llama_context: backend_ptrs.size() = 2
sched_reserve: reserving ...
sched_reserve: max_nodes = 2712
sched_reserve: reserving full memory module
sched_reserve: worst-case: n_tokens = 512, n_seqs = 1, n_outputs = 1
graph_reserve: reserving a graph for ubatch with n_tokens =    1, n_seqs =  1, n_outputs =    1
sched_reserve: Flash Attention was auto, set to enabled
sched_reserve: resolving fused Gated Delta Net support:
graph_reserve: reserving a graph for ubatch with n_tokens =    1, n_seqs =  1, n_outputs =    1
sched_reserve: fused Gated Delta Net (autoregressive) enabled
graph_reserve: reserving a graph for ubatch with n_tokens =   16, n_seqs =  1, n_outputs =   16
sched_reserve: fused Gated Delta Net (chunked) enabled
graph_reserve: reserving a graph for ubatch with n_tokens =  512, n_seqs =  1, n_outputs =  512
graph_reserve: reserving a graph for ubatch with n_tokens =    1, n_seqs =  1, n_outputs =    1
graph_reserve: reserving a graph for ubatch with n_tokens =  512, n_seqs =  1, n_outputs =  512
sched_reserve:      CUDA0 compute buffer size =   304.00 MiB
sched_reserve:  CUDA_Host compute buffer size =    14.76 MiB
sched_reserve: graph nodes  = 958
sched_reserve: graph splits = 44 (with bs=512), 2 (with bs=1)
sched_reserve: reserve took 16.34 ms, sched copies = 1
CUDA Graph id 9324 reused
ggml_backend_cuda_graph_compute: CUDA graph warmup complete
CUDA Graph id 9324 reused
CUDA Graph id 9324 reused
CUDA Graph id 9324 reused
CUDA Graph id 9324 reused
CUDA Graph id 9324 reused
CUDA Graph id 9324 reused
CUDA Graph id 9324 reused
CUDA Graph id 9324 reused
CUDA Graph id 9324 reused
CUDA Graph id 9324 reused
CUDA Graph id 9324 reused
CUDA Graph id 9324 reused
CUDA Graph id 9324 reused
CUDA Graph id 9324 reused
CUDA Graph id 9324 reused
CUDA Graph id 9324 reused
CUDA Graph id 9324 reused
CUDA Graph id 9324 reused
CUDA Graph id 9324 reused
CUDA Graph id 9324 reused
CUDA Graph id 9324 reused
CUDA Graph id 9324 reused
CUDA Graph id 9324 reused
CUDA Graph id 9324 reused
CUDA Graph id 9324 reused
CUDA Graph id 9324 reused
CUDA Graph id 9324 reused
CUDA Graph id 9324 reused
CUDA Graph id 9324 reused
CUDA Graph id 9324 reused
CUDA Graph id 9324 reused
CUDA Graph id 9324 reused
CUDA Graph id 9324 reused
CUDA Graph id 9324 reused
CUDA Graph id 9324 reused
CUDA Graph id 9324 reused
CUDA Graph id 9324 reused
CUDA Graph id 9324 reused
CUDA Graph id 9324 reused
CUDA Graph id 9324 reused
CUDA Graph id 9324 reused
CUDA Graph id 9324 reused
CUDA Graph id 9324 reused
CUDA Graph id 9324 reused
CUDA Graph id 9324 reused
CUDA Graph id 9324 reused
CUDA Graph id 9324 reused
CUDA Graph id 9324 reused
CUDA Graph id 9324 reused
CUDA Graph id 9324 reused
CUDA Graph id 9324 reused
CUDA Graph id 9324 reused
CUDA Graph id 9324 reused
CUDA Graph id 9324 reused
CUDA Graph id 9324 reused
CUDA Graph id 9324 reused
CUDA Graph id 9324 reused
CUDA Graph id 9324 reused
CUDA Graph id 9324 reused
CUDA Graph id 9324 reused
CUDA Graph id 9324 reused
CUDA Graph id 9324 reused
CUDA Graph id 9324 reused
CUDA Graph id 9324 reused
CUDA Graph id 9324 reused
CUDA Graph id 9324 reused
CUDA Graph id 9324 reused
CUDA Graph id 9324 reused
CUDA Graph id 9324 reused
CUDA Graph id 9324 reused
CUDA Graph id 9324 reused
CUDA Graph id 9324 reused
CUDA Graph id 9324 reused
CUDA Graph id 9324 reused
CUDA Graph id 9324 reused
CUDA Graph id 9324 reused
CUDA Graph id 9324 reused
CUDA Graph id 9324 reused
CUDA Graph id 9324 reused
CUDA Graph id 9324 reused
CUDA Graph id 9324 reused
CUDA Graph id 9324 reused
CUDA Graph id 9324 reused
CUDA Graph id 9324 reused
CUDA Graph id 9324 reused
CUDA Graph id 9324 reused
CUDA Graph id 9324 reused
CUDA Graph id 9324 reused
CUDA Graph id 9324 reused
CUDA Graph id 9324 reused
~llama_context:      CUDA0 compute buffer size is 304.0000 MiB, matches expectation of 304.0000 MiB
~llama_context:  CUDA_Host compute buffer size is  14.7637 MiB, matches expectation of  14.7637 MiB
llama_context: constructing llama_context
llama_context: n_seq_max     = 1
llama_context: n_ctx         = 768
llama_context: n_ctx_seq     = 768
llama_context: n_batch       = 580
llama_context: n_ubatch      = 512
llama_context: causal_attn   = 1
llama_context: flash_attn    = auto
llama_context: kv_unified    = false
llama_context: freq_base     = 1000000.0
llama_context: freq_scale    = 1
llama_context: n_rs_seq      = 0
llama_context: n_outputs_max = 580
llama_context: n_ctx_seq (768) < n_ctx_train (32768) -- the full capacity of the model will not be utilized
set_abort_callback: call
llama_context:  CUDA_Host  output buffer size =     0.58 MiB
llama_kv_cache: layer   0: dev = CPU
llama_kv_cache: layer   1: dev = CPU
llama_kv_cache: layer   2: dev = CPU
llama_kv_cache: layer   3: dev = CUDA0
llama_kv_cache: layer   4: dev = CUDA0
llama_kv_cache: layer   5: dev = CUDA0
llama_kv_cache: layer   6: dev = CUDA0
llama_kv_cache: layer   7: dev = CUDA0
llama_kv_cache: layer   8: dev = CUDA0
llama_kv_cache: layer   9: dev = CUDA0
llama_kv_cache: layer  10: dev = CUDA0
llama_kv_cache: layer  11: dev = CUDA0
llama_kv_cache: layer  12: dev = CUDA0
llama_kv_cache: layer  13: dev = CUDA0
llama_kv_cache: layer  14: dev = CUDA0
llama_kv_cache: layer  15: dev = CUDA0
llama_kv_cache: layer  16: dev = CUDA0
llama_kv_cache: layer  17: dev = CUDA0
llama_kv_cache: layer  18: dev = CUDA0
llama_kv_cache: layer  19: dev = CUDA0
llama_kv_cache: layer  20: dev = CUDA0
llama_kv_cache: layer  21: dev = CUDA0
llama_kv_cache: layer  22: dev = CUDA0
llama_kv_cache: layer  23: dev = CUDA0
llama_kv_cache: layer  24: dev = CUDA0
llama_kv_cache: layer  25: dev = CUDA0
llama_kv_cache: layer  26: dev = CUDA0
llama_kv_cache: layer  27: dev = CUDA0
llama_kv_cache:        CPU KV buffer size =     4.50 MiB
llama_kv_cache:      CUDA0 KV buffer size =    37.50 MiB
llama_kv_cache: size =   42.00 MiB (   768 cells,  28 layers,  1/1 seqs), K (f16):   21.00 MiB, V (f16):   21.00 MiB
llama_kv_cache: attn_rot_k = 0, n_embd_head_k_all = 128
llama_kv_cache: attn_rot_v = 0, n_embd_head_k_all = 128
llama_context: enumerating backends
llama_context: backend_ptrs.size() = 2
sched_reserve: reserving ...
sched_reserve: max_nodes = 2712
sched_reserve: reserving full memory module
sched_reserve: worst-case: n_tokens = 512, n_seqs = 1, n_outputs = 1
graph_reserve: reserving a graph for ubatch with n_tokens =    1, n_seqs =  1, n_outputs =    1
sched_reserve: Flash Attention was auto, set to enabled
sched_reserve: resolving fused Gated Delta Net support:
graph_reserve: reserving a graph for ubatch with n_tokens =    1, n_seqs =  1, n_outputs =    1
sched_reserve: fused Gated Delta Net (autoregressive) enabled
graph_reserve: reserving a graph for ubatch with n_tokens =   16, n_seqs =  1, n_outputs =   16
sched_reserve: fused Gated Delta Net (chunked) enabled
graph_reserve: reserving a graph for ubatch with n_tokens =  512, n_seqs =  1, n_outputs =  512
graph_reserve: reserving a graph for ubatch with n_tokens =    1, n_seqs =  1, n_outputs =    1
graph_reserve: reserving a graph for ubatch with n_tokens =  512, n_seqs =  1, n_outputs =  512
sched_reserve:      CUDA0 compute buffer size =   304.00 MiB
sched_reserve:  CUDA_Host compute buffer size =    14.76 MiB
sched_reserve: graph nodes  = 958
sched_reserve: graph splits = 44 (with bs=512), 2 (with bs=1)
sched_reserve: reserve took 10.75 ms, sched copies = 1
CUDA Graph id 9474 reused
ggml_backend_cuda_graph_compute: CUDA graph warmup complete
CUDA Graph id 9474 reused
CUDA Graph id 9474 reused
CUDA Graph id 9474 reused
~llama_context:      CUDA0 compute buffer size is 304.0000 MiB, matches expectation of 304.0000 MiB
~llama_context:  CUDA_Host compute buffer size is  14.7637 MiB, matches expectation of  14.7637 MiB
llama_context: constructing llama_context
llama_context: n_seq_max     = 1
llama_context: n_ctx         = 768
llama_context: n_ctx_seq     = 768
llama_context: n_batch       = 580
llama_context: n_ubatch      = 512
llama_context: causal_attn   = 1
llama_context: flash_attn    = auto
llama_context: kv_unified    = false
llama_context: freq_base     = 1000000.0
llama_context: freq_scale    = 1
llama_context: n_rs_seq      = 0
llama_context: n_outputs_max = 580
llama_context: n_ctx_seq (768) < n_ctx_train (32768) -- the full capacity of the model will not be utilized
set_abort_callback: call
llama_context:  CUDA_Host  output buffer size =     0.58 MiB
llama_kv_cache: layer   0: dev = CPU
llama_kv_cache: layer   1: dev = CPU
llama_kv_cache: layer   2: dev = CPU
llama_kv_cache: layer   3: dev = CUDA0
llama_kv_cache: layer   4: dev = CUDA0
llama_kv_cache: layer   5: dev = CUDA0
llama_kv_cache: layer   6: dev = CUDA0
llama_kv_cache: layer   7: dev = CUDA0
llama_kv_cache: layer   8: dev = CUDA0
llama_kv_cache: layer   9: dev = CUDA0
llama_kv_cache: layer  10: dev = CUDA0
llama_kv_cache: layer  11: dev = CUDA0
llama_kv_cache: layer  12: dev = CUDA0
llama_kv_cache: layer  13: dev = CUDA0
llama_kv_cache: layer  14: dev = CUDA0
llama_kv_cache: layer  15: dev = CUDA0
llama_kv_cache: layer  16: dev = CUDA0
llama_kv_cache: layer  17: dev = CUDA0
llama_kv_cache: layer  18: dev = CUDA0
llama_kv_cache: layer  19: dev = CUDA0
llama_kv_cache: layer  20: dev = CUDA0
llama_kv_cache: layer  21: dev = CUDA0
llama_kv_cache: layer  22: dev = CUDA0
llama_kv_cache: layer  23: dev = CUDA0
llama_kv_cache: layer  24: dev = CUDA0
llama_kv_cache: layer  25: dev = CUDA0
llama_kv_cache: layer  26: dev = CUDA0
llama_kv_cache: layer  27: dev = CUDA0
llama_kv_cache:        CPU KV buffer size =     4.50 MiB
llama_kv_cache:      CUDA0 KV buffer size =    37.50 MiB
llama_kv_cache: size =   42.00 MiB (   768 cells,  28 layers,  1/1 seqs), K (f16):   21.00 MiB, V (f16):   21.00 MiB
llama_kv_cache: attn_rot_k = 0, n_embd_head_k_all = 128
llama_kv_cache: attn_rot_v = 0, n_embd_head_k_all = 128
llama_context: enumerating backends
llama_context: backend_ptrs.size() = 2
sched_reserve: reserving ...
sched_reserve: max_nodes = 2712
sched_reserve: reserving full memory module
sched_reserve: worst-case: n_tokens = 512, n_seqs = 1, n_outputs = 1
graph_reserve: reserving a graph for ubatch with n_tokens =    1, n_seqs =  1, n_outputs =    1
sched_reserve: Flash Attention was auto, set to enabled
sched_reserve: resolving fused Gated Delta Net support:
graph_reserve: reserving a graph for ubatch with n_tokens =    1, n_seqs =  1, n_outputs =    1
sched_reserve: fused Gated Delta Net (autoregressive) enabled
graph_reserve: reserving a graph for ubatch with n_tokens =   16, n_seqs =  1, n_outputs =   16
sched_reserve: fused Gated Delta Net (chunked) enabled
graph_reserve: reserving a graph for ubatch with n_tokens =  512, n_seqs =  1, n_outputs =  512
graph_reserve: reserving a graph for ubatch with n_tokens =    1, n_seqs =  1, n_outputs =    1
graph_reserve: reserving a graph for ubatch with n_tokens =  512, n_seqs =  1, n_outputs =  512
sched_reserve:      CUDA0 compute buffer size =   304.00 MiB
sched_reserve:  CUDA_Host compute buffer size =    14.76 MiB
sched_reserve: graph nodes  = 958
sched_reserve: graph splits = 44 (with bs=512), 2 (with bs=1)
sched_reserve: reserve took 12.64 ms, sched copies = 1
CUDA Graph id 9624 reused
ggml_backend_cuda_graph_compute: CUDA graph warmup complete
CUDA Graph id 9624 reused
CUDA Graph id 9624 reused
CUDA Graph id 9624 reused
~llama_context:      CUDA0 compute buffer size is 304.0000 MiB, matches expectation of 304.0000 MiB
~llama_context:  CUDA_Host compute buffer size is  14.7637 MiB, matches expectation of  14.7637 MiB
llama_context: constructing llama_context
llama_context: n_seq_max     = 1
llama_context: n_ctx         = 768
llama_context: n_ctx_seq     = 768
llama_context: n_batch       = 580
llama_context: n_ubatch      = 512
llama_context: causal_attn   = 1
llama_context: flash_attn    = auto
llama_context: kv_unified    = false
llama_context: freq_base     = 1000000.0
llama_context: freq_scale    = 1
llama_context: n_rs_seq      = 0
llama_context: n_outputs_max = 580
llama_context: n_ctx_seq (768) < n_ctx_train (32768) -- the full capacity of the model will not be utilized
set_abort_callback: call
llama_context:  CUDA_Host  output buffer size =     0.58 MiB
llama_kv_cache: layer   0: dev = CPU
llama_kv_cache: layer   1: dev = CPU
llama_kv_cache: layer   2: dev = CPU
llama_kv_cache: layer   3: dev = CUDA0
llama_kv_cache: layer   4: dev = CUDA0
llama_kv_cache: layer   5: dev = CUDA0
llama_kv_cache: layer   6: dev = CUDA0
llama_kv_cache: layer   7: dev = CUDA0
llama_kv_cache: layer   8: dev = CUDA0
llama_kv_cache: layer   9: dev = CUDA0
llama_kv_cache: layer  10: dev = CUDA0
llama_kv_cache: layer  11: dev = CUDA0
llama_kv_cache: layer  12: dev = CUDA0
llama_kv_cache: layer  13: dev = CUDA0
llama_kv_cache: layer  14: dev = CUDA0
llama_kv_cache: layer  15: dev = CUDA0
llama_kv_cache: layer  16: dev = CUDA0
llama_kv_cache: layer  17: dev = CUDA0
llama_kv_cache: layer  18: dev = CUDA0
llama_kv_cache: layer  19: dev = CUDA0
llama_kv_cache: layer  20: dev = CUDA0
llama_kv_cache: layer  21: dev = CUDA0
llama_kv_cache: layer  22: dev = CUDA0
llama_kv_cache: layer  23: dev = CUDA0
llama_kv_cache: layer  24: dev = CUDA0
llama_kv_cache: layer  25: dev = CUDA0
llama_kv_cache: layer  26: dev = CUDA0
llama_kv_cache: layer  27: dev = CUDA0
llama_kv_cache:        CPU KV buffer size =     4.50 MiB
llama_kv_cache:      CUDA0 KV buffer size =    37.50 MiB
llama_kv_cache: size =   42.00 MiB (   768 cells,  28 layers,  1/1 seqs), K (f16):   21.00 MiB, V (f16):   21.00 MiB
llama_kv_cache: attn_rot_k = 0, n_embd_head_k_all = 128
llama_kv_cache: attn_rot_v = 0, n_embd_head_k_all = 128
llama_context: enumerating backends
llama_context: backend_ptrs.size() = 2
sched_reserve: reserving ...
sched_reserve: max_nodes = 2712
sched_reserve: reserving full memory module
sched_reserve: worst-case: n_tokens = 512, n_seqs = 1, n_outputs = 1
graph_reserve: reserving a graph for ubatch with n_tokens =    1, n_seqs =  1, n_outputs =    1
sched_reserve: Flash Attention was auto, set to enabled
sched_reserve: resolving fused Gated Delta Net support:
graph_reserve: reserving a graph for ubatch with n_tokens =    1, n_seqs =  1, n_outputs =    1
sched_reserve: fused Gated Delta Net (autoregressive) enabled
graph_reserve: reserving a graph for ubatch with n_tokens =   16, n_seqs =  1, n_outputs =   16
sched_reserve: fused Gated Delta Net (chunked) enabled
graph_reserve: reserving a graph for ubatch with n_tokens =  512, n_seqs =  1, n_outputs =  512
graph_reserve: reserving a graph for ubatch with n_tokens =    1, n_seqs =  1, n_outputs =    1
graph_reserve: reserving a graph for ubatch with n_tokens =  512, n_seqs =  1, n_outputs =  512
sched_reserve:      CUDA0 compute buffer size =   304.00 MiB
sched_reserve:  CUDA_Host compute buffer size =    14.76 MiB
sched_reserve: graph nodes  = 958
sched_reserve: graph splits = 44 (with bs=512), 2 (with bs=1)
sched_reserve: reserve took 14.82 ms, sched copies = 1
CUDA Graph id 9774 reused
ggml_backend_cuda_graph_compute: CUDA graph warmup complete
CUDA Graph id 9774 reused
CUDA Graph id 9774 reused
CUDA Graph id 9774 reused
~llama_context:      CUDA0 compute buffer size is 304.0000 MiB, matches expectation of 304.0000 MiB
~llama_context:  CUDA_Host compute buffer size is  14.7637 MiB, matches expectation of  14.7637 MiB
llama_context: constructing llama_context
llama_context: n_seq_max     = 1
llama_context: n_ctx         = 768
llama_context: n_ctx_seq     = 768
llama_context: n_batch       = 580
llama_context: n_ubatch      = 512
llama_context: causal_attn   = 1
llama_context: flash_attn    = auto
llama_context: kv_unified    = false
llama_context: freq_base     = 1000000.0
llama_context: freq_scale    = 1
llama_context: n_rs_seq      = 0
llama_context: n_outputs_max = 580
llama_context: n_ctx_seq (768) < n_ctx_train (32768) -- the full capacity of the model will not be utilized
set_abort_callback: call
llama_context:  CUDA_Host  output buffer size =     0.58 MiB
llama_kv_cache: layer   0: dev = CPU
llama_kv_cache: layer   1: dev = CPU
llama_kv_cache: layer   2: dev = CPU
llama_kv_cache: layer   3: dev = CUDA0
llama_kv_cache: layer   4: dev = CUDA0
llama_kv_cache: layer   5: dev = CUDA0
llama_kv_cache: layer   6: dev = CUDA0
llama_kv_cache: layer   7: dev = CUDA0
llama_kv_cache: layer   8: dev = CUDA0
llama_kv_cache: layer   9: dev = CUDA0
llama_kv_cache: layer  10: dev = CUDA0
llama_kv_cache: layer  11: dev = CUDA0
llama_kv_cache: layer  12: dev = CUDA0
llama_kv_cache: layer  13: dev = CUDA0
llama_kv_cache: layer  14: dev = CUDA0
llama_kv_cache: layer  15: dev = CUDA0
llama_kv_cache: layer  16: dev = CUDA0
llama_kv_cache: layer  17: dev = CUDA0
llama_kv_cache: layer  18: dev = CUDA0
llama_kv_cache: layer  19: dev = CUDA0
llama_kv_cache: layer  20: dev = CUDA0
llama_kv_cache: layer  21: dev = CUDA0
llama_kv_cache: layer  22: dev = CUDA0
llama_kv_cache: layer  23: dev = CUDA0
llama_kv_cache: layer  24: dev = CUDA0
llama_kv_cache: layer  25: dev = CUDA0
llama_kv_cache: layer  26: dev = CUDA0
llama_kv_cache: layer  27: dev = CUDA0
llama_kv_cache:        CPU KV buffer size =     4.50 MiB
llama_kv_cache:      CUDA0 KV buffer size =    37.50 MiB
llama_kv_cache: size =   42.00 MiB (   768 cells,  28 layers,  1/1 seqs), K (f16):   21.00 MiB, V (f16):   21.00 MiB
llama_kv_cache: attn_rot_k = 0, n_embd_head_k_all = 128
llama_kv_cache: attn_rot_v = 0, n_embd_head_k_all = 128
llama_context: enumerating backends
llama_context: backend_ptrs.size() = 2
sched_reserve: reserving ...
sched_reserve: max_nodes = 2712
sched_reserve: reserving full memory module
sched_reserve: worst-case: n_tokens = 512, n_seqs = 1, n_outputs = 1
graph_reserve: reserving a graph for ubatch with n_tokens =    1, n_seqs =  1, n_outputs =    1
sched_reserve: Flash Attention was auto, set to enabled
sched_reserve: resolving fused Gated Delta Net support:
graph_reserve: reserving a graph for ubatch with n_tokens =    1, n_seqs =  1, n_outputs =    1
sched_reserve: fused Gated Delta Net (autoregressive) enabled
graph_reserve: reserving a graph for ubatch with n_tokens =   16, n_seqs =  1, n_outputs =   16
sched_reserve: fused Gated Delta Net (chunked) enabled
graph_reserve: reserving a graph for ubatch with n_tokens =  512, n_seqs =  1, n_outputs =  512
graph_reserve: reserving a graph for ubatch with n_tokens =    1, n_seqs =  1, n_outputs =    1
graph_reserve: reserving a graph for ubatch with n_tokens =  512, n_seqs =  1, n_outputs =  512
sched_reserve:      CUDA0 compute buffer size =   304.00 MiB
sched_reserve:  CUDA_Host compute buffer size =    14.76 MiB
sched_reserve: graph nodes  = 958
sched_reserve: graph splits = 44 (with bs=512), 2 (with bs=1)
sched_reserve: reserve took 12.33 ms, sched copies = 1
CUDA Graph id 9924 reused
ggml_backend_cuda_graph_compute: CUDA graph warmup complete
CUDA Graph id 9924 reused
CUDA Graph id 9924 reused
CUDA Graph id 9924 reused
~llama_context:      CUDA0 compute buffer size is 304.0000 MiB, matches expectation of 304.0000 MiB
~llama_context:  CUDA_Host compute buffer size is  14.7637 MiB, matches expectation of  14.7637 MiB
schema 161/175 done
llama_context: constructing llama_context
llama_context: n_seq_max     = 1
llama_context: n_ctx         = 768
llama_context: n_ctx_seq     = 768
llama_context: n_batch       = 694
llama_context: n_ubatch      = 512
llama_context: causal_attn   = 1
llama_context: flash_attn    = auto
llama_context: kv_unified    = false
llama_context: freq_base     = 1000000.0
llama_context: freq_scale    = 1
llama_context: n_rs_seq      = 0
llama_context: n_outputs_max = 694
llama_context: n_ctx_seq (768) < n_ctx_train (32768) -- the full capacity of the model will not be utilized
set_abort_callback: call
llama_context:  CUDA_Host  output buffer size =     0.58 MiB
llama_kv_cache: layer   0: dev = CPU
llama_kv_cache: layer   1: dev = CPU
llama_kv_cache: layer   2: dev = CPU
llama_kv_cache: layer   3: dev = CUDA0
llama_kv_cache: layer   4: dev = CUDA0
llama_kv_cache: layer   5: dev = CUDA0
llama_kv_cache: layer   6: dev = CUDA0
llama_kv_cache: layer   7: dev = CUDA0
llama_kv_cache: layer   8: dev = CUDA0
llama_kv_cache: layer   9: dev = CUDA0
llama_kv_cache: layer  10: dev = CUDA0
llama_kv_cache: layer  11: dev = CUDA0
llama_kv_cache: layer  12: dev = CUDA0
llama_kv_cache: layer  13: dev = CUDA0
llama_kv_cache: layer  14: dev = CUDA0
llama_kv_cache: layer  15: dev = CUDA0
llama_kv_cache: layer  16: dev = CUDA0
llama_kv_cache: layer  17: dev = CUDA0
llama_kv_cache: layer  18: dev = CUDA0
llama_kv_cache: layer  19: dev = CUDA0
llama_kv_cache: layer  20: dev = CUDA0
llama_kv_cache: layer  21: dev = CUDA0
llama_kv_cache: layer  22: dev = CUDA0
llama_kv_cache: layer  23: dev = CUDA0
llama_kv_cache: layer  24: dev = CUDA0
llama_kv_cache: layer  25: dev = CUDA0
llama_kv_cache: layer  26: dev = CUDA0
llama_kv_cache: layer  27: dev = CUDA0
llama_kv_cache:        CPU KV buffer size =     4.50 MiB
llama_kv_cache:      CUDA0 KV buffer size =    37.50 MiB
llama_kv_cache: size =   42.00 MiB (   768 cells,  28 layers,  1/1 seqs), K (f16):   21.00 MiB, V (f16):   21.00 MiB
llama_kv_cache: attn_rot_k = 0, n_embd_head_k_all = 128
llama_kv_cache: attn_rot_v = 0, n_embd_head_k_all = 128
llama_context: enumerating backends
llama_context: backend_ptrs.size() = 2
sched_reserve: reserving ...
sched_reserve: max_nodes = 2712
sched_reserve: reserving full memory module
sched_reserve: worst-case: n_tokens = 512, n_seqs = 1, n_outputs = 1
graph_reserve: reserving a graph for ubatch with n_tokens =    1, n_seqs =  1, n_outputs =    1
sched_reserve: Flash Attention was auto, set to enabled
sched_reserve: resolving fused Gated Delta Net support:
graph_reserve: reserving a graph for ubatch with n_tokens =    1, n_seqs =  1, n_outputs =    1
sched_reserve: fused Gated Delta Net (autoregressive) enabled
graph_reserve: reserving a graph for ubatch with n_tokens =   16, n_seqs =  1, n_outputs =   16
sched_reserve: fused Gated Delta Net (chunked) enabled
graph_reserve: reserving a graph for ubatch with n_tokens =  512, n_seqs =  1, n_outputs =  512
graph_reserve: reserving a graph for ubatch with n_tokens =    1, n_seqs =  1, n_outputs =    1
graph_reserve: reserving a graph for ubatch with n_tokens =  512, n_seqs =  1, n_outputs =  512
sched_reserve:      CUDA0 compute buffer size =   304.00 MiB
sched_reserve:  CUDA_Host compute buffer size =    14.76 MiB
sched_reserve: graph nodes  = 958
sched_reserve: graph splits = 44 (with bs=512), 2 (with bs=1)
sched_reserve: reserve took 15.60 ms, sched copies = 1
CUDA Graph id 10074 reused
ggml_backend_cuda_graph_compute: CUDA graph warmup complete
CUDA Graph id 10074 reused
CUDA Graph id 10074 reused
CUDA Graph id 10074 reused
CUDA Graph id 10074 reused
CUDA Graph id 10074 reused
CUDA Graph id 10074 reused
CUDA Graph id 10074 reused
CUDA Graph id 10074 reused
CUDA Graph id 10074 reused
CUDA Graph id 10074 reused
CUDA Graph id 10074 reused
CUDA Graph id 10074 reused
CUDA Graph id 10074 reused
CUDA Graph id 10074 reused
CUDA Graph id 10074 reused
CUDA Graph id 10074 reused
CUDA Graph id 10074 reused
CUDA Graph id 10074 reused
CUDA Graph id 10074 reused
CUDA Graph id 10074 reused
CUDA Graph id 10074 reused
CUDA Graph id 10074 reused
CUDA Graph id 10074 reused
CUDA Graph id 10074 reused
CUDA Graph id 10074 reused
CUDA Graph id 10074 reused
CUDA Graph id 10074 reused
CUDA Graph id 10074 reused
CUDA Graph id 10074 reused
CUDA Graph id 10074 reused
CUDA Graph id 10074 reused
CUDA Graph id 10074 reused
CUDA Graph id 10074 reused
CUDA Graph id 10074 reused
CUDA Graph id 10074 reused
CUDA Graph id 10074 reused
CUDA Graph id 10074 reused
CUDA Graph id 10074 reused
CUDA Graph id 10074 reused
CUDA Graph id 10074 reused
CUDA Graph id 10074 reused
CUDA Graph id 10074 reused
CUDA Graph id 10074 reused
CUDA Graph id 10074 reused
CUDA Graph id 10074 reused
CUDA Graph id 10074 reused
CUDA Graph id 10074 reused
~llama_context:      CUDA0 compute buffer size is 304.0000 MiB, matches expectation of 304.0000 MiB
~llama_context:  CUDA_Host compute buffer size is  14.7637 MiB, matches expectation of  14.7637 MiB
llama_context: constructing llama_context
llama_context: n_seq_max     = 1
llama_context: n_ctx         = 768
llama_context: n_ctx_seq     = 768
llama_context: n_batch       = 694
llama_context: n_ubatch      = 512
llama_context: causal_attn   = 1
llama_context: flash_attn    = auto
llama_context: kv_unified    = false
llama_context: freq_base     = 1000000.0
llama_context: freq_scale    = 1
llama_context: n_rs_seq      = 0
llama_context: n_outputs_max = 694
llama_context: n_ctx_seq (768) < n_ctx_train (32768) -- the full capacity of the model will not be utilized
set_abort_callback: call
llama_context:  CUDA_Host  output buffer size =     0.58 MiB
llama_kv_cache: layer   0: dev = CPU
llama_kv_cache: layer   1: dev = CPU
llama_kv_cache: layer   2: dev = CPU
llama_kv_cache: layer   3: dev = CUDA0
llama_kv_cache: layer   4: dev = CUDA0
llama_kv_cache: layer   5: dev = CUDA0
llama_kv_cache: layer   6: dev = CUDA0
llama_kv_cache: layer   7: dev = CUDA0
llama_kv_cache: layer   8: dev = CUDA0
llama_kv_cache: layer   9: dev = CUDA0
llama_kv_cache: layer  10: dev = CUDA0
llama_kv_cache: layer  11: dev = CUDA0
llama_kv_cache: layer  12: dev = CUDA0
llama_kv_cache: layer  13: dev = CUDA0
llama_kv_cache: layer  14: dev = CUDA0
llama_kv_cache: layer  15: dev = CUDA0
llama_kv_cache: layer  16: dev = CUDA0
llama_kv_cache: layer  17: dev = CUDA0
llama_kv_cache: layer  18: dev = CUDA0
llama_kv_cache: layer  19: dev = CUDA0
llama_kv_cache: layer  20: dev = CUDA0
llama_kv_cache: layer  21: dev = CUDA0
llama_kv_cache: layer  22: dev = CUDA0
llama_kv_cache: layer  23: dev = CUDA0
llama_kv_cache: layer  24: dev = CUDA0
llama_kv_cache: layer  25: dev = CUDA0
llama_kv_cache: layer  26: dev = CUDA0
llama_kv_cache: layer  27: dev = CUDA0
llama_kv_cache:        CPU KV buffer size =     4.50 MiB
llama_kv_cache:      CUDA0 KV buffer size =    37.50 MiB
llama_kv_cache: size =   42.00 MiB (   768 cells,  28 layers,  1/1 seqs), K (f16):   21.00 MiB, V (f16):   21.00 MiB
llama_kv_cache: attn_rot_k = 0, n_embd_head_k_all = 128
llama_kv_cache: attn_rot_v = 0, n_embd_head_k_all = 128
llama_context: enumerating backends
llama_context: backend_ptrs.size() = 2
sched_reserve: reserving ...
sched_reserve: max_nodes = 2712
sched_reserve: reserving full memory module
sched_reserve: worst-case: n_tokens = 512, n_seqs = 1, n_outputs = 1
graph_reserve: reserving a graph for ubatch with n_tokens =    1, n_seqs =  1, n_outputs =    1
sched_reserve: Flash Attention was auto, set to enabled
sched_reserve: resolving fused Gated Delta Net support:
graph_reserve: reserving a graph for ubatch with n_tokens =    1, n_seqs =  1, n_outputs =    1
sched_reserve: fused Gated Delta Net (autoregressive) enabled
graph_reserve: reserving a graph for ubatch with n_tokens =   16, n_seqs =  1, n_outputs =   16
sched_reserve: fused Gated Delta Net (chunked) enabled
graph_reserve: reserving a graph for ubatch with n_tokens =  512, n_seqs =  1, n_outputs =  512
graph_reserve: reserving a graph for ubatch with n_tokens =    1, n_seqs =  1, n_outputs =    1
graph_reserve: reserving a graph for ubatch with n_tokens =  512, n_seqs =  1, n_outputs =  512
sched_reserve:      CUDA0 compute buffer size =   304.00 MiB
sched_reserve:  CUDA_Host compute buffer size =    14.76 MiB
sched_reserve: graph nodes  = 958
sched_reserve: graph splits = 44 (with bs=512), 2 (with bs=1)
sched_reserve: reserve took 13.96 ms, sched copies = 1
CUDA Graph id 10224 reused
ggml_backend_cuda_graph_compute: CUDA graph warmup complete
CUDA Graph id 10224 reused
CUDA Graph id 10224 reused
CUDA Graph id 10224 reused
CUDA Graph id 10224 reused
CUDA Graph id 10224 reused
CUDA Graph id 10224 reused
CUDA Graph id 10224 reused
CUDA Graph id 10224 reused
CUDA Graph id 10224 reused
CUDA Graph id 10224 reused
CUDA Graph id 10224 reused
CUDA Graph id 10224 reused
CUDA Graph id 10224 reused
CUDA Graph id 10224 reused
CUDA Graph id 10224 reused
CUDA Graph id 10224 reused
CUDA Graph id 10224 reused
CUDA Graph id 10224 reused
CUDA Graph id 10224 reused
CUDA Graph id 10224 reused
CUDA Graph id 10224 reused
CUDA Graph id 10224 reused
CUDA Graph id 10224 reused
CUDA Graph id 10224 reused
CUDA Graph id 10224 reused
CUDA Graph id 10224 reused
CUDA Graph id 10224 reused
CUDA Graph id 10224 reused
CUDA Graph id 10224 reused
CUDA Graph id 10224 reused
CUDA Graph id 10224 reused
CUDA Graph id 10224 reused
CUDA Graph id 10224 reused
CUDA Graph id 10224 reused
CUDA Graph id 10224 reused
CUDA Graph id 10224 reused
CUDA Graph id 10224 reused
CUDA Graph id 10224 reused
CUDA Graph id 10224 reused
CUDA Graph id 10224 reused
CUDA Graph id 10224 reused
CUDA Graph id 10224 reused
CUDA Graph id 10224 reused
CUDA Graph id 10224 reused
CUDA Graph id 10224 reused
CUDA Graph id 10224 reused
CUDA Graph id 10224 reused
~llama_context:      CUDA0 compute buffer size is 304.0000 MiB, matches expectation of 304.0000 MiB
~llama_context:  CUDA_Host compute buffer size is  14.7637 MiB, matches expectation of  14.7637 MiB
llama_context: constructing llama_context
llama_context: n_seq_max     = 1
llama_context: n_ctx         = 768
llama_context: n_ctx_seq     = 768
llama_context: n_batch       = 694
llama_context: n_ubatch      = 512
llama_context: causal_attn   = 1
llama_context: flash_attn    = auto
llama_context: kv_unified    = false
llama_context: freq_base     = 1000000.0
llama_context: freq_scale    = 1
llama_context: n_rs_seq      = 0
llama_context: n_outputs_max = 694
llama_context: n_ctx_seq (768) < n_ctx_train (32768) -- the full capacity of the model will not be utilized
set_abort_callback: call
llama_context:  CUDA_Host  output buffer size =     0.58 MiB
llama_kv_cache: layer   0: dev = CPU
llama_kv_cache: layer   1: dev = CPU
llama_kv_cache: layer   2: dev = CPU
llama_kv_cache: layer   3: dev = CUDA0
llama_kv_cache: layer   4: dev = CUDA0
llama_kv_cache: layer   5: dev = CUDA0
llama_kv_cache: layer   6: dev = CUDA0
llama_kv_cache: layer   7: dev = CUDA0
llama_kv_cache: layer   8: dev = CUDA0
llama_kv_cache: layer   9: dev = CUDA0
llama_kv_cache: layer  10: dev = CUDA0
llama_kv_cache: layer  11: dev = CUDA0
llama_kv_cache: layer  12: dev = CUDA0
llama_kv_cache: layer  13: dev = CUDA0
llama_kv_cache: layer  14: dev = CUDA0
llama_kv_cache: layer  15: dev = CUDA0
llama_kv_cache: layer  16: dev = CUDA0
llama_kv_cache: layer  17: dev = CUDA0
llama_kv_cache: layer  18: dev = CUDA0
llama_kv_cache: layer  19: dev = CUDA0
llama_kv_cache: layer  20: dev = CUDA0
llama_kv_cache: layer  21: dev = CUDA0
llama_kv_cache: layer  22: dev = CUDA0
llama_kv_cache: layer  23: dev = CUDA0
llama_kv_cache: layer  24: dev = CUDA0
llama_kv_cache: layer  25: dev = CUDA0
llama_kv_cache: layer  26: dev = CUDA0
llama_kv_cache: layer  27: dev = CUDA0
llama_kv_cache:        CPU KV buffer size =     4.50 MiB
llama_kv_cache:      CUDA0 KV buffer size =    37.50 MiB
llama_kv_cache: size =   42.00 MiB (   768 cells,  28 layers,  1/1 seqs), K (f16):   21.00 MiB, V (f16):   21.00 MiB
llama_kv_cache: attn_rot_k = 0, n_embd_head_k_all = 128
llama_kv_cache: attn_rot_v = 0, n_embd_head_k_all = 128
llama_context: enumerating backends
llama_context: backend_ptrs.size() = 2
sched_reserve: reserving ...
sched_reserve: max_nodes = 2712
sched_reserve: reserving full memory module
sched_reserve: worst-case: n_tokens = 512, n_seqs = 1, n_outputs = 1
graph_reserve: reserving a graph for ubatch with n_tokens =    1, n_seqs =  1, n_outputs =    1
sched_reserve: Flash Attention was auto, set to enabled
sched_reserve: resolving fused Gated Delta Net support:
graph_reserve: reserving a graph for ubatch with n_tokens =    1, n_seqs =  1, n_outputs =    1
sched_reserve: fused Gated Delta Net (autoregressive) enabled
graph_reserve: reserving a graph for ubatch with n_tokens =   16, n_seqs =  1, n_outputs =   16
sched_reserve: fused Gated Delta Net (chunked) enabled
graph_reserve: reserving a graph for ubatch with n_tokens =  512, n_seqs =  1, n_outputs =  512
graph_reserve: reserving a graph for ubatch with n_tokens =    1, n_seqs =  1, n_outputs =    1
graph_reserve: reserving a graph for ubatch with n_tokens =  512, n_seqs =  1, n_outputs =  512
sched_reserve:      CUDA0 compute buffer size =   304.00 MiB
sched_reserve:  CUDA_Host compute buffer size =    14.76 MiB
sched_reserve: graph nodes  = 958
sched_reserve: graph splits = 44 (with bs=512), 2 (with bs=1)
sched_reserve: reserve took 15.33 ms, sched copies = 1
CUDA Graph id 10374 reused
ggml_backend_cuda_graph_compute: CUDA graph warmup complete
CUDA Graph id 10374 reused
CUDA Graph id 10374 reused
CUDA Graph id 10374 reused
CUDA Graph id 10374 reused
CUDA Graph id 10374 reused
CUDA Graph id 10374 reused
CUDA Graph id 10374 reused
CUDA Graph id 10374 reused
CUDA Graph id 10374 reused
CUDA Graph id 10374 reused
CUDA Graph id 10374 reused
CUDA Graph id 10374 reused
CUDA Graph id 10374 reused
CUDA Graph id 10374 reused
CUDA Graph id 10374 reused
CUDA Graph id 10374 reused
CUDA Graph id 10374 reused
CUDA Graph id 10374 reused
CUDA Graph id 10374 reused
CUDA Graph id 10374 reused
CUDA Graph id 10374 reused
CUDA Graph id 10374 reused
CUDA Graph id 10374 reused
CUDA Graph id 10374 reused
CUDA Graph id 10374 reused
CUDA Graph id 10374 reused
CUDA Graph id 10374 reused
CUDA Graph id 10374 reused
CUDA Graph id 10374 reused
CUDA Graph id 10374 reused
CUDA Graph id 10374 reused
CUDA Graph id 10374 reused
CUDA Graph id 10374 reused
CUDA Graph id 10374 reused
CUDA Graph id 10374 reused
CUDA Graph id 10374 reused
CUDA Graph id 10374 reused
CUDA Graph id 10374 reused
CUDA Graph id 10374 reused
~llama_context:      CUDA0 compute buffer size is 304.0000 MiB, matches expectation of 304.0000 MiB
~llama_context:  CUDA_Host compute buffer size is  14.7637 MiB, matches expectation of  14.7637 MiB
llama_context: constructing llama_context
llama_context: n_seq_max     = 1
llama_context: n_ctx         = 768
llama_context: n_ctx_seq     = 768
llama_context: n_batch       = 694
llama_context: n_ubatch      = 512
llama_context: causal_attn   = 1
llama_context: flash_attn    = auto
llama_context: kv_unified    = false
llama_context: freq_base     = 1000000.0
llama_context: freq_scale    = 1
llama_context: n_rs_seq      = 0
llama_context: n_outputs_max = 694
llama_context: n_ctx_seq (768) < n_ctx_train (32768) -- the full capacity of the model will not be utilized
set_abort_callback: call
llama_context:  CUDA_Host  output buffer size =     0.58 MiB
llama_kv_cache: layer   0: dev = CPU
llama_kv_cache: layer   1: dev = CPU
llama_kv_cache: layer   2: dev = CPU
llama_kv_cache: layer   3: dev = CUDA0
llama_kv_cache: layer   4: dev = CUDA0
llama_kv_cache: layer   5: dev = CUDA0
llama_kv_cache: layer   6: dev = CUDA0
llama_kv_cache: layer   7: dev = CUDA0
llama_kv_cache: layer   8: dev = CUDA0
llama_kv_cache: layer   9: dev = CUDA0
llama_kv_cache: layer  10: dev = CUDA0
llama_kv_cache: layer  11: dev = CUDA0
llama_kv_cache: layer  12: dev = CUDA0
llama_kv_cache: layer  13: dev = CUDA0
llama_kv_cache: layer  14: dev = CUDA0
llama_kv_cache: layer  15: dev = CUDA0
llama_kv_cache: layer  16: dev = CUDA0
llama_kv_cache: layer  17: dev = CUDA0
llama_kv_cache: layer  18: dev = CUDA0
llama_kv_cache: layer  19: dev = CUDA0
llama_kv_cache: layer  20: dev = CUDA0
llama_kv_cache: layer  21: dev = CUDA0
llama_kv_cache: layer  22: dev = CUDA0
llama_kv_cache: layer  23: dev = CUDA0
llama_kv_cache: layer  24: dev = CUDA0
llama_kv_cache: layer  25: dev = CUDA0
llama_kv_cache: layer  26: dev = CUDA0
llama_kv_cache: layer  27: dev = CUDA0
llama_kv_cache:        CPU KV buffer size =     4.50 MiB
llama_kv_cache:      CUDA0 KV buffer size =    37.50 MiB
llama_kv_cache: size =   42.00 MiB (   768 cells,  28 layers,  1/1 seqs), K (f16):   21.00 MiB, V (f16):   21.00 MiB
llama_kv_cache: attn_rot_k = 0, n_embd_head_k_all = 128
llama_kv_cache: attn_rot_v = 0, n_embd_head_k_all = 128
llama_context: enumerating backends
llama_context: backend_ptrs.size() = 2
sched_reserve: reserving ...
sched_reserve: max_nodes = 2712
sched_reserve: reserving full memory module
sched_reserve: worst-case: n_tokens = 512, n_seqs = 1, n_outputs = 1
graph_reserve: reserving a graph for ubatch with n_tokens =    1, n_seqs =  1, n_outputs =    1
sched_reserve: Flash Attention was auto, set to enabled
sched_reserve: resolving fused Gated Delta Net support:
graph_reserve: reserving a graph for ubatch with n_tokens =    1, n_seqs =  1, n_outputs =    1
sched_reserve: fused Gated Delta Net (autoregressive) enabled
graph_reserve: reserving a graph for ubatch with n_tokens =   16, n_seqs =  1, n_outputs =   16
sched_reserve: fused Gated Delta Net (chunked) enabled
graph_reserve: reserving a graph for ubatch with n_tokens =  512, n_seqs =  1, n_outputs =  512
graph_reserve: reserving a graph for ubatch with n_tokens =    1, n_seqs =  1, n_outputs =    1
graph_reserve: reserving a graph for ubatch with n_tokens =  512, n_seqs =  1, n_outputs =  512
sched_reserve:      CUDA0 compute buffer size =   304.00 MiB
sched_reserve:  CUDA_Host compute buffer size =    14.76 MiB
sched_reserve: graph nodes  = 958
sched_reserve: graph splits = 44 (with bs=512), 2 (with bs=1)
sched_reserve: reserve took 18.16 ms, sched copies = 1
CUDA Graph id 10524 reused
ggml_backend_cuda_graph_compute: CUDA graph warmup complete
CUDA Graph id 10524 reused
CUDA Graph id 10524 reused
CUDA Graph id 10524 reused
CUDA Graph id 10524 reused
CUDA Graph id 10524 reused
CUDA Graph id 10524 reused
CUDA Graph id 10524 reused
CUDA Graph id 10524 reused
CUDA Graph id 10524 reused
CUDA Graph id 10524 reused
CUDA Graph id 10524 reused
CUDA Graph id 10524 reused
CUDA Graph id 10524 reused
CUDA Graph id 10524 reused
CUDA Graph id 10524 reused
CUDA Graph id 10524 reused
CUDA Graph id 10524 reused
CUDA Graph id 10524 reused
CUDA Graph id 10524 reused
CUDA Graph id 10524 reused
CUDA Graph id 10524 reused
CUDA Graph id 10524 reused
CUDA Graph id 10524 reused
CUDA Graph id 10524 reused
CUDA Graph id 10524 reused
CUDA Graph id 10524 reused
CUDA Graph id 10524 reused
CUDA Graph id 10524 reused
CUDA Graph id 10524 reused
CUDA Graph id 10524 reused
CUDA Graph id 10524 reused
CUDA Graph id 10524 reused
CUDA Graph id 10524 reused
CUDA Graph id 10524 reused
CUDA Graph id 10524 reused
CUDA Graph id 10524 reused
CUDA Graph id 10524 reused
CUDA Graph id 10524 reused
CUDA Graph id 10524 reused
~llama_context:      CUDA0 compute buffer size is 304.0000 MiB, matches expectation of 304.0000 MiB
~llama_context:  CUDA_Host compute buffer size is  14.7637 MiB, matches expectation of  14.7637 MiB
llama_context: constructing llama_context
llama_context: n_seq_max     = 1
llama_context: n_ctx         = 768
llama_context: n_ctx_seq     = 768
llama_context: n_batch       = 694
llama_context: n_ubatch      = 512
llama_context: causal_attn   = 1
llama_context: flash_attn    = auto
llama_context: kv_unified    = false
llama_context: freq_base     = 1000000.0
llama_context: freq_scale    = 1
llama_context: n_rs_seq      = 0
llama_context: n_outputs_max = 694
llama_context: n_ctx_seq (768) < n_ctx_train (32768) -- the full capacity of the model will not be utilized
set_abort_callback: call
llama_context:  CUDA_Host  output buffer size =     0.58 MiB
llama_kv_cache: layer   0: dev = CPU
llama_kv_cache: layer   1: dev = CPU
llama_kv_cache: layer   2: dev = CPU
llama_kv_cache: layer   3: dev = CUDA0
llama_kv_cache: layer   4: dev = CUDA0
llama_kv_cache: layer   5: dev = CUDA0
llama_kv_cache: layer   6: dev = CUDA0
llama_kv_cache: layer   7: dev = CUDA0
llama_kv_cache: layer   8: dev = CUDA0
llama_kv_cache: layer   9: dev = CUDA0
llama_kv_cache: layer  10: dev = CUDA0
llama_kv_cache: layer  11: dev = CUDA0
llama_kv_cache: layer  12: dev = CUDA0
llama_kv_cache: layer  13: dev = CUDA0
llama_kv_cache: layer  14: dev = CUDA0
llama_kv_cache: layer  15: dev = CUDA0
llama_kv_cache: layer  16: dev = CUDA0
llama_kv_cache: layer  17: dev = CUDA0
llama_kv_cache: layer  18: dev = CUDA0
llama_kv_cache: layer  19: dev = CUDA0
llama_kv_cache: layer  20: dev = CUDA0
llama_kv_cache: layer  21: dev = CUDA0
llama_kv_cache: layer  22: dev = CUDA0
llama_kv_cache: layer  23: dev = CUDA0
llama_kv_cache: layer  24: dev = CUDA0
llama_kv_cache: layer  25: dev = CUDA0
llama_kv_cache: layer  26: dev = CUDA0
llama_kv_cache: layer  27: dev = CUDA0
llama_kv_cache:        CPU KV buffer size =     4.50 MiB
llama_kv_cache:      CUDA0 KV buffer size =    37.50 MiB
llama_kv_cache: size =   42.00 MiB (   768 cells,  28 layers,  1/1 seqs), K (f16):   21.00 MiB, V (f16):   21.00 MiB
llama_kv_cache: attn_rot_k = 0, n_embd_head_k_all = 128
llama_kv_cache: attn_rot_v = 0, n_embd_head_k_all = 128
llama_context: enumerating backends
llama_context: backend_ptrs.size() = 2
sched_reserve: reserving ...
sched_reserve: max_nodes = 2712
sched_reserve: reserving full memory module
sched_reserve: worst-case: n_tokens = 512, n_seqs = 1, n_outputs = 1
graph_reserve: reserving a graph for ubatch with n_tokens =    1, n_seqs =  1, n_outputs =    1
sched_reserve: Flash Attention was auto, set to enabled
sched_reserve: resolving fused Gated Delta Net support:
graph_reserve: reserving a graph for ubatch with n_tokens =    1, n_seqs =  1, n_outputs =    1
sched_reserve: fused Gated Delta Net (autoregressive) enabled
graph_reserve: reserving a graph for ubatch with n_tokens =   16, n_seqs =  1, n_outputs =   16
sched_reserve: fused Gated Delta Net (chunked) enabled
graph_reserve: reserving a graph for ubatch with n_tokens =  512, n_seqs =  1, n_outputs =  512
graph_reserve: reserving a graph for ubatch with n_tokens =    1, n_seqs =  1, n_outputs =    1
graph_reserve: reserving a graph for ubatch with n_tokens =  512, n_seqs =  1, n_outputs =  512
sched_reserve:      CUDA0 compute buffer size =   304.00 MiB
sched_reserve:  CUDA_Host compute buffer size =    14.76 MiB
sched_reserve: graph nodes  = 958
sched_reserve: graph splits = 44 (with bs=512), 2 (with bs=1)
sched_reserve: reserve took 13.69 ms, sched copies = 1
CUDA Graph id 10674 reused
ggml_backend_cuda_graph_compute: CUDA graph warmup complete
CUDA Graph id 10674 reused
CUDA Graph id 10674 reused
CUDA Graph id 10674 reused
CUDA Graph id 10674 reused
CUDA Graph id 10674 reused
CUDA Graph id 10674 reused
CUDA Graph id 10674 reused
CUDA Graph id 10674 reused
CUDA Graph id 10674 reused
CUDA Graph id 10674 reused
CUDA Graph id 10674 reused
CUDA Graph id 10674 reused
CUDA Graph id 10674 reused
CUDA Graph id 10674 reused
CUDA Graph id 10674 reused
CUDA Graph id 10674 reused
CUDA Graph id 10674 reused
CUDA Graph id 10674 reused
CUDA Graph id 10674 reused
~llama_context:      CUDA0 compute buffer size is 304.0000 MiB, matches expectation of 304.0000 MiB
~llama_context:  CUDA_Host compute buffer size is  14.7637 MiB, matches expectation of  14.7637 MiB
llama_context: constructing llama_context
llama_context: n_seq_max     = 1
llama_context: n_ctx         = 768
llama_context: n_ctx_seq     = 768
llama_context: n_batch       = 694
llama_context: n_ubatch      = 512
llama_context: causal_attn   = 1
llama_context: flash_attn    = auto
llama_context: kv_unified    = false
llama_context: freq_base     = 1000000.0
llama_context: freq_scale    = 1
llama_context: n_rs_seq      = 0
llama_context: n_outputs_max = 694
llama_context: n_ctx_seq (768) < n_ctx_train (32768) -- the full capacity of the model will not be utilized
set_abort_callback: call
llama_context:  CUDA_Host  output buffer size =     0.58 MiB
llama_kv_cache: layer   0: dev = CPU
llama_kv_cache: layer   1: dev = CPU
llama_kv_cache: layer   2: dev = CPU
llama_kv_cache: layer   3: dev = CUDA0
llama_kv_cache: layer   4: dev = CUDA0
llama_kv_cache: layer   5: dev = CUDA0
llama_kv_cache: layer   6: dev = CUDA0
llama_kv_cache: layer   7: dev = CUDA0
llama_kv_cache: layer   8: dev = CUDA0
llama_kv_cache: layer   9: dev = CUDA0
llama_kv_cache: layer  10: dev = CUDA0
llama_kv_cache: layer  11: dev = CUDA0
llama_kv_cache: layer  12: dev = CUDA0
llama_kv_cache: layer  13: dev = CUDA0
llama_kv_cache: layer  14: dev = CUDA0
llama_kv_cache: layer  15: dev = CUDA0
llama_kv_cache: layer  16: dev = CUDA0
llama_kv_cache: layer  17: dev = CUDA0
llama_kv_cache: layer  18: dev = CUDA0
llama_kv_cache: layer  19: dev = CUDA0
llama_kv_cache: layer  20: dev = CUDA0
llama_kv_cache: layer  21: dev = CUDA0
llama_kv_cache: layer  22: dev = CUDA0
llama_kv_cache: layer  23: dev = CUDA0
llama_kv_cache: layer  24: dev = CUDA0
llama_kv_cache: layer  25: dev = CUDA0
llama_kv_cache: layer  26: dev = CUDA0
llama_kv_cache: layer  27: dev = CUDA0
llama_kv_cache:        CPU KV buffer size =     4.50 MiB
llama_kv_cache:      CUDA0 KV buffer size =    37.50 MiB
llama_kv_cache: size =   42.00 MiB (   768 cells,  28 layers,  1/1 seqs), K (f16):   21.00 MiB, V (f16):   21.00 MiB
llama_kv_cache: attn_rot_k = 0, n_embd_head_k_all = 128
llama_kv_cache: attn_rot_v = 0, n_embd_head_k_all = 128
llama_context: enumerating backends
llama_context: backend_ptrs.size() = 2
sched_reserve: reserving ...
sched_reserve: max_nodes = 2712
sched_reserve: reserving full memory module
sched_reserve: worst-case: n_tokens = 512, n_seqs = 1, n_outputs = 1
graph_reserve: reserving a graph for ubatch with n_tokens =    1, n_seqs =  1, n_outputs =    1
sched_reserve: Flash Attention was auto, set to enabled
sched_reserve: resolving fused Gated Delta Net support:
graph_reserve: reserving a graph for ubatch with n_tokens =    1, n_seqs =  1, n_outputs =    1
sched_reserve: fused Gated Delta Net (autoregressive) enabled
graph_reserve: reserving a graph for ubatch with n_tokens =   16, n_seqs =  1, n_outputs =   16
sched_reserve: fused Gated Delta Net (chunked) enabled
graph_reserve: reserving a graph for ubatch with n_tokens =  512, n_seqs =  1, n_outputs =  512
graph_reserve: reserving a graph for ubatch with n_tokens =    1, n_seqs =  1, n_outputs =    1
graph_reserve: reserving a graph for ubatch with n_tokens =  512, n_seqs =  1, n_outputs =  512
sched_reserve:      CUDA0 compute buffer size =   304.00 MiB
sched_reserve:  CUDA_Host compute buffer size =    14.76 MiB
sched_reserve: graph nodes  = 958
sched_reserve: graph splits = 44 (with bs=512), 2 (with bs=1)
sched_reserve: reserve took 12.88 ms, sched copies = 1
CUDA Graph id 10824 reused
ggml_backend_cuda_graph_compute: CUDA graph warmup complete
CUDA Graph id 10824 reused
CUDA Graph id 10824 reused
CUDA Graph id 10824 reused
CUDA Graph id 10824 reused
CUDA Graph id 10824 reused
CUDA Graph id 10824 reused
CUDA Graph id 10824 reused
CUDA Graph id 10824 reused
CUDA Graph id 10824 reused
CUDA Graph id 10824 reused
CUDA Graph id 10824 reused
CUDA Graph id 10824 reused
CUDA Graph id 10824 reused
CUDA Graph id 10824 reused
CUDA Graph id 10824 reused
CUDA Graph id 10824 reused
CUDA Graph id 10824 reused
CUDA Graph id 10824 reused
CUDA Graph id 10824 reused
CUDA Graph id 10824 reused
CUDA Graph id 10824 reused
CUDA Graph id 10824 reused
CUDA Graph id 10824 reused
CUDA Graph id 10824 reused
CUDA Graph id 10824 reused
CUDA Graph id 10824 reused
CUDA Graph id 10824 reused
CUDA Graph id 10824 reused
CUDA Graph id 10824 reused
CUDA Graph id 10824 reused
CUDA Graph id 10824 reused
CUDA Graph id 10824 reused
CUDA Graph id 10824 reused
CUDA Graph id 10824 reused
CUDA Graph id 10824 reused
CUDA Graph id 10824 reused
CUDA Graph id 10824 reused
~llama_context:      CUDA0 compute buffer size is 304.0000 MiB, matches expectation of 304.0000 MiB
~llama_context:  CUDA_Host compute buffer size is  14.7637 MiB, matches expectation of  14.7637 MiB
schema 162/175 done
llama_context: constructing llama_context
llama_context: n_seq_max     = 1
llama_context: n_ctx         = 768
llama_context: n_ctx_seq     = 768
llama_context: n_batch       = 749
llama_context: n_ubatch      = 512
llama_context: causal_attn   = 1
llama_context: flash_attn    = auto
llama_context: kv_unified    = false
llama_context: freq_base     = 1000000.0
llama_context: freq_scale    = 1
llama_context: n_rs_seq      = 0
llama_context: n_outputs_max = 749
llama_context: n_ctx_seq (768) < n_ctx_train (32768) -- the full capacity of the model will not be utilized
set_abort_callback: call
llama_context:  CUDA_Host  output buffer size =     0.58 MiB
llama_kv_cache: layer   0: dev = CPU
llama_kv_cache: layer   1: dev = CPU
llama_kv_cache: layer   2: dev = CPU
llama_kv_cache: layer   3: dev = CUDA0
llama_kv_cache: layer   4: dev = CUDA0
llama_kv_cache: layer   5: dev = CUDA0
llama_kv_cache: layer   6: dev = CUDA0
llama_kv_cache: layer   7: dev = CUDA0
llama_kv_cache: layer   8: dev = CUDA0
llama_kv_cache: layer   9: dev = CUDA0
llama_kv_cache: layer  10: dev = CUDA0
llama_kv_cache: layer  11: dev = CUDA0
llama_kv_cache: layer  12: dev = CUDA0
llama_kv_cache: layer  13: dev = CUDA0
llama_kv_cache: layer  14: dev = CUDA0
llama_kv_cache: layer  15: dev = CUDA0
llama_kv_cache: layer  16: dev = CUDA0
llama_kv_cache: layer  17: dev = CUDA0
llama_kv_cache: layer  18: dev = CUDA0
llama_kv_cache: layer  19: dev = CUDA0
llama_kv_cache: layer  20: dev = CUDA0
llama_kv_cache: layer  21: dev = CUDA0
llama_kv_cache: layer  22: dev = CUDA0
llama_kv_cache: layer  23: dev = CUDA0
llama_kv_cache: layer  24: dev = CUDA0
llama_kv_cache: layer  25: dev = CUDA0
llama_kv_cache: layer  26: dev = CUDA0
llama_kv_cache: layer  27: dev = CUDA0
llama_kv_cache:        CPU KV buffer size =     4.50 MiB
llama_kv_cache:      CUDA0 KV buffer size =    37.50 MiB
llama_kv_cache: size =   42.00 MiB (   768 cells,  28 layers,  1/1 seqs), K (f16):   21.00 MiB, V (f16):   21.00 MiB
llama_kv_cache: attn_rot_k = 0, n_embd_head_k_all = 128
llama_kv_cache: attn_rot_v = 0, n_embd_head_k_all = 128
llama_context: enumerating backends
llama_context: backend_ptrs.size() = 2
sched_reserve: reserving ...
sched_reserve: max_nodes = 2712
sched_reserve: reserving full memory module
sched_reserve: worst-case: n_tokens = 512, n_seqs = 1, n_outputs = 1
graph_reserve: reserving a graph for ubatch with n_tokens =    1, n_seqs =  1, n_outputs =    1
sched_reserve: Flash Attention was auto, set to enabled
sched_reserve: resolving fused Gated Delta Net support:
graph_reserve: reserving a graph for ubatch with n_tokens =    1, n_seqs =  1, n_outputs =    1
sched_reserve: fused Gated Delta Net (autoregressive) enabled
graph_reserve: reserving a graph for ubatch with n_tokens =   16, n_seqs =  1, n_outputs =   16
sched_reserve: fused Gated Delta Net (chunked) enabled
graph_reserve: reserving a graph for ubatch with n_tokens =  512, n_seqs =  1, n_outputs =  512
graph_reserve: reserving a graph for ubatch with n_tokens =    1, n_seqs =  1, n_outputs =    1
graph_reserve: reserving a graph for ubatch with n_tokens =  512, n_seqs =  1, n_outputs =  512
sched_reserve:      CUDA0 compute buffer size =   304.00 MiB
sched_reserve:  CUDA_Host compute buffer size =    14.76 MiB
sched_reserve: graph nodes  = 958
sched_reserve: graph splits = 44 (with bs=512), 2 (with bs=1)
sched_reserve: reserve took 12.99 ms, sched copies = 1
CUDA Graph id 10974 reused
ggml_backend_cuda_graph_compute: CUDA graph warmup complete
CUDA Graph id 10974 reused
CUDA Graph id 10974 reused
CUDA Graph id 10974 reused
CUDA Graph id 10974 reused
CUDA Graph id 10974 reused
CUDA Graph id 10974 reused
CUDA Graph id 10974 reused
CUDA Graph id 10974 reused
CUDA Graph id 10974 reused
CUDA Graph id 10974 reused
CUDA Graph id 10974 reused
CUDA Graph id 10974 reused
CUDA Graph id 10974 reused
CUDA Graph id 10974 reused
CUDA Graph id 10974 reused
CUDA Graph id 10974 reused
CUDA Graph id 10974 reused
CUDA Graph id 10974 reused
CUDA Graph id 10974 reused
CUDA Graph id 10974 reused
CUDA Graph id 10974 reused
CUDA Graph id 10974 reused
CUDA Graph id 10974 reused
~llama_context:      CUDA0 compute buffer size is 304.0000 MiB, matches expectation of 304.0000 MiB
~llama_context:  CUDA_Host compute buffer size is  14.7637 MiB, matches expectation of  14.7637 MiB
llama_context: constructing llama_context
llama_context: n_seq_max     = 1
llama_context: n_ctx         = 768
llama_context: n_ctx_seq     = 768
llama_context: n_batch       = 749
llama_context: n_ubatch      = 512
llama_context: causal_attn   = 1
llama_context: flash_attn    = auto
llama_context: kv_unified    = false
llama_context: freq_base     = 1000000.0
llama_context: freq_scale    = 1
llama_context: n_rs_seq      = 0
llama_context: n_outputs_max = 749
llama_context: n_ctx_seq (768) < n_ctx_train (32768) -- the full capacity of the model will not be utilized
set_abort_callback: call
llama_context:  CUDA_Host  output buffer size =     0.58 MiB
llama_kv_cache: layer   0: dev = CPU
llama_kv_cache: layer   1: dev = CPU
llama_kv_cache: layer   2: dev = CPU
llama_kv_cache: layer   3: dev = CUDA0
llama_kv_cache: layer   4: dev = CUDA0
llama_kv_cache: layer   5: dev = CUDA0
llama_kv_cache: layer   6: dev = CUDA0
llama_kv_cache: layer   7: dev = CUDA0
llama_kv_cache: layer   8: dev = CUDA0
llama_kv_cache: layer   9: dev = CUDA0
llama_kv_cache: layer  10: dev = CUDA0
llama_kv_cache: layer  11: dev = CUDA0
llama_kv_cache: layer  12: dev = CUDA0
llama_kv_cache: layer  13: dev = CUDA0
llama_kv_cache: layer  14: dev = CUDA0
llama_kv_cache: layer  15: dev = CUDA0
llama_kv_cache: layer  16: dev = CUDA0
llama_kv_cache: layer  17: dev = CUDA0
llama_kv_cache: layer  18: dev = CUDA0
llama_kv_cache: layer  19: dev = CUDA0
llama_kv_cache: layer  20: dev = CUDA0
llama_kv_cache: layer  21: dev = CUDA0
llama_kv_cache: layer  22: dev = CUDA0
llama_kv_cache: layer  23: dev = CUDA0
llama_kv_cache: layer  24: dev = CUDA0
llama_kv_cache: layer  25: dev = CUDA0
llama_kv_cache: layer  26: dev = CUDA0
llama_kv_cache: layer  27: dev = CUDA0
llama_kv_cache:        CPU KV buffer size =     4.50 MiB
llama_kv_cache:      CUDA0 KV buffer size =    37.50 MiB
llama_kv_cache: size =   42.00 MiB (   768 cells,  28 layers,  1/1 seqs), K (f16):   21.00 MiB, V (f16):   21.00 MiB
llama_kv_cache: attn_rot_k = 0, n_embd_head_k_all = 128
llama_kv_cache: attn_rot_v = 0, n_embd_head_k_all = 128
llama_context: enumerating backends
llama_context: backend_ptrs.size() = 2
sched_reserve: reserving ...
sched_reserve: max_nodes = 2712
sched_reserve: reserving full memory module
sched_reserve: worst-case: n_tokens = 512, n_seqs = 1, n_outputs = 1
graph_reserve: reserving a graph for ubatch with n_tokens =    1, n_seqs =  1, n_outputs =    1
sched_reserve: Flash Attention was auto, set to enabled
sched_reserve: resolving fused Gated Delta Net support:
graph_reserve: reserving a graph for ubatch with n_tokens =    1, n_seqs =  1, n_outputs =    1
sched_reserve: fused Gated Delta Net (autoregressive) enabled
graph_reserve: reserving a graph for ubatch with n_tokens =   16, n_seqs =  1, n_outputs =   16
sched_reserve: fused Gated Delta Net (chunked) enabled
graph_reserve: reserving a graph for ubatch with n_tokens =  512, n_seqs =  1, n_outputs =  512
graph_reserve: reserving a graph for ubatch with n_tokens =    1, n_seqs =  1, n_outputs =    1
graph_reserve: reserving a graph for ubatch with n_tokens =  512, n_seqs =  1, n_outputs =  512
sched_reserve:      CUDA0 compute buffer size =   304.00 MiB
sched_reserve:  CUDA_Host compute buffer size =    14.76 MiB
sched_reserve: graph nodes  = 958
sched_reserve: graph splits = 44 (with bs=512), 2 (with bs=1)
sched_reserve: reserve took 16.51 ms, sched copies = 1
CUDA Graph id 11124 reused
ggml_backend_cuda_graph_compute: CUDA graph warmup complete
CUDA Graph id 11124 reused
CUDA Graph id 11124 reused
CUDA Graph id 11124 reused
CUDA Graph id 11124 reused
CUDA Graph id 11124 reused
CUDA Graph id 11124 reused
CUDA Graph id 11124 reused
CUDA Graph id 11124 reused
CUDA Graph id 11124 reused
CUDA Graph id 11124 reused
CUDA Graph id 11124 reused
CUDA Graph id 11124 reused
CUDA Graph id 11124 reused
CUDA Graph id 11124 reused
CUDA Graph id 11124 reused
CUDA Graph id 11124 reused
CUDA Graph id 11124 reused
CUDA Graph id 11124 reused
CUDA Graph id 11124 reused
CUDA Graph id 11124 reused
CUDA Graph id 11124 reused
CUDA Graph id 11124 reused
CUDA Graph id 11124 reused
~llama_context:      CUDA0 compute buffer size is 304.0000 MiB, matches expectation of 304.0000 MiB
~llama_context:  CUDA_Host compute buffer size is  14.7637 MiB, matches expectation of  14.7637 MiB
llama_context: constructing llama_context
llama_context: n_seq_max     = 1
llama_context: n_ctx         = 768
llama_context: n_ctx_seq     = 768
llama_context: n_batch       = 749
llama_context: n_ubatch      = 512
llama_context: causal_attn   = 1
llama_context: flash_attn    = auto
llama_context: kv_unified    = false
llama_context: freq_base     = 1000000.0
llama_context: freq_scale    = 1
llama_context: n_rs_seq      = 0
llama_context: n_outputs_max = 749
llama_context: n_ctx_seq (768) < n_ctx_train (32768) -- the full capacity of the model will not be utilized
set_abort_callback: call
llama_context:  CUDA_Host  output buffer size =     0.58 MiB
llama_kv_cache: layer   0: dev = CPU
llama_kv_cache: layer   1: dev = CPU
llama_kv_cache: layer   2: dev = CPU
llama_kv_cache: layer   3: dev = CUDA0
llama_kv_cache: layer   4: dev = CUDA0
llama_kv_cache: layer   5: dev = CUDA0
llama_kv_cache: layer   6: dev = CUDA0
llama_kv_cache: layer   7: dev = CUDA0
llama_kv_cache: layer   8: dev = CUDA0
llama_kv_cache: layer   9: dev = CUDA0
llama_kv_cache: layer  10: dev = CUDA0
llama_kv_cache: layer  11: dev = CUDA0
llama_kv_cache: layer  12: dev = CUDA0
llama_kv_cache: layer  13: dev = CUDA0
llama_kv_cache: layer  14: dev = CUDA0
llama_kv_cache: layer  15: dev = CUDA0
llama_kv_cache: layer  16: dev = CUDA0
llama_kv_cache: layer  17: dev = CUDA0
llama_kv_cache: layer  18: dev = CUDA0
llama_kv_cache: layer  19: dev = CUDA0
llama_kv_cache: layer  20: dev = CUDA0
llama_kv_cache: layer  21: dev = CUDA0
llama_kv_cache: layer  22: dev = CUDA0
llama_kv_cache: layer  23: dev = CUDA0
llama_kv_cache: layer  24: dev = CUDA0
llama_kv_cache: layer  25: dev = CUDA0
llama_kv_cache: layer  26: dev = CUDA0
llama_kv_cache: layer  27: dev = CUDA0
llama_kv_cache:        CPU KV buffer size =     4.50 MiB
llama_kv_cache:      CUDA0 KV buffer size =    37.50 MiB
llama_kv_cache: size =   42.00 MiB (   768 cells,  28 layers,  1/1 seqs), K (f16):   21.00 MiB, V (f16):   21.00 MiB
llama_kv_cache: attn_rot_k = 0, n_embd_head_k_all = 128
llama_kv_cache: attn_rot_v = 0, n_embd_head_k_all = 128
llama_context: enumerating backends
llama_context: backend_ptrs.size() = 2
sched_reserve: reserving ...
sched_reserve: max_nodes = 2712
sched_reserve: reserving full memory module
sched_reserve: worst-case: n_tokens = 512, n_seqs = 1, n_outputs = 1
graph_reserve: reserving a graph for ubatch with n_tokens =    1, n_seqs =  1, n_outputs =    1
sched_reserve: Flash Attention was auto, set to enabled
sched_reserve: resolving fused Gated Delta Net support:
graph_reserve: reserving a graph for ubatch with n_tokens =    1, n_seqs =  1, n_outputs =    1
sched_reserve: fused Gated Delta Net (autoregressive) enabled
graph_reserve: reserving a graph for ubatch with n_tokens =   16, n_seqs =  1, n_outputs =   16
sched_reserve: fused Gated Delta Net (chunked) enabled
graph_reserve: reserving a graph for ubatch with n_tokens =  512, n_seqs =  1, n_outputs =  512
graph_reserve: reserving a graph for ubatch with n_tokens =    1, n_seqs =  1, n_outputs =    1
graph_reserve: reserving a graph for ubatch with n_tokens =  512, n_seqs =  1, n_outputs =  512
sched_reserve:      CUDA0 compute buffer size =   304.00 MiB
sched_reserve:  CUDA_Host compute buffer size =    14.76 MiB
sched_reserve: graph nodes  = 958
sched_reserve: graph splits = 44 (with bs=512), 2 (with bs=1)
sched_reserve: reserve took 12.77 ms, sched copies = 1
CUDA Graph id 11274 reused
ggml_backend_cuda_graph_compute: CUDA graph warmup complete
CUDA Graph id 11274 reused
CUDA Graph id 11274 reused
CUDA Graph id 11274 reused
CUDA Graph id 11274 reused
CUDA Graph id 11274 reused
CUDA Graph id 11274 reused
CUDA Graph id 11274 reused
CUDA Graph id 11274 reused
CUDA Graph id 11274 reused
CUDA Graph id 11274 reused
CUDA Graph id 11274 reused
CUDA Graph id 11274 reused
CUDA Graph id 11274 reused
CUDA Graph id 11274 reused
CUDA Graph id 11274 reused
CUDA Graph id 11274 reused
CUDA Graph id 11274 reused
CUDA Graph id 11274 reused
CUDA Graph id 11274 reused
CUDA Graph id 11274 reused
CUDA Graph id 11274 reused
CUDA Graph id 11274 reused
CUDA Graph id 11274 reused
~llama_context:      CUDA0 compute buffer size is 304.0000 MiB, matches expectation of 304.0000 MiB
~llama_context:  CUDA_Host compute buffer size is  14.7637 MiB, matches expectation of  14.7637 MiB
llama_context: constructing llama_context
llama_context: n_seq_max     = 1
llama_context: n_ctx         = 768
llama_context: n_ctx_seq     = 768
llama_context: n_batch       = 749
llama_context: n_ubatch      = 512
llama_context: causal_attn   = 1
llama_context: flash_attn    = auto
llama_context: kv_unified    = false
llama_context: freq_base     = 1000000.0
llama_context: freq_scale    = 1
llama_context: n_rs_seq      = 0
llama_context: n_outputs_max = 749
llama_context: n_ctx_seq (768) < n_ctx_train (32768) -- the full capacity of the model will not be utilized
set_abort_callback: call
llama_context:  CUDA_Host  output buffer size =     0.58 MiB
llama_kv_cache: layer   0: dev = CPU
llama_kv_cache: layer   1: dev = CPU
llama_kv_cache: layer   2: dev = CPU
llama_kv_cache: layer   3: dev = CUDA0
llama_kv_cache: layer   4: dev = CUDA0
llama_kv_cache: layer   5: dev = CUDA0
llama_kv_cache: layer   6: dev = CUDA0
llama_kv_cache: layer   7: dev = CUDA0
llama_kv_cache: layer   8: dev = CUDA0
llama_kv_cache: layer   9: dev = CUDA0
llama_kv_cache: layer  10: dev = CUDA0
llama_kv_cache: layer  11: dev = CUDA0
llama_kv_cache: layer  12: dev = CUDA0
llama_kv_cache: layer  13: dev = CUDA0
llama_kv_cache: layer  14: dev = CUDA0
llama_kv_cache: layer  15: dev = CUDA0
llama_kv_cache: layer  16: dev = CUDA0
llama_kv_cache: layer  17: dev = CUDA0
llama_kv_cache: layer  18: dev = CUDA0
llama_kv_cache: layer  19: dev = CUDA0
llama_kv_cache: layer  20: dev = CUDA0
llama_kv_cache: layer  21: dev = CUDA0
llama_kv_cache: layer  22: dev = CUDA0
llama_kv_cache: layer  23: dev = CUDA0
llama_kv_cache: layer  24: dev = CUDA0
llama_kv_cache: layer  25: dev = CUDA0
llama_kv_cache: layer  26: dev = CUDA0
llama_kv_cache: layer  27: dev = CUDA0
llama_kv_cache:        CPU KV buffer size =     4.50 MiB
llama_kv_cache:      CUDA0 KV buffer size =    37.50 MiB
llama_kv_cache: size =   42.00 MiB (   768 cells,  28 layers,  1/1 seqs), K (f16):   21.00 MiB, V (f16):   21.00 MiB
llama_kv_cache: attn_rot_k = 0, n_embd_head_k_all = 128
llama_kv_cache: attn_rot_v = 0, n_embd_head_k_all = 128
llama_context: enumerating backends
llama_context: backend_ptrs.size() = 2
sched_reserve: reserving ...
sched_reserve: max_nodes = 2712
sched_reserve: reserving full memory module
sched_reserve: worst-case: n_tokens = 512, n_seqs = 1, n_outputs = 1
graph_reserve: reserving a graph for ubatch with n_tokens =    1, n_seqs =  1, n_outputs =    1
sched_reserve: Flash Attention was auto, set to enabled
sched_reserve: resolving fused Gated Delta Net support:
graph_reserve: reserving a graph for ubatch with n_tokens =    1, n_seqs =  1, n_outputs =    1
sched_reserve: fused Gated Delta Net (autoregressive) enabled
graph_reserve: reserving a graph for ubatch with n_tokens =   16, n_seqs =  1, n_outputs =   16
sched_reserve: fused Gated Delta Net (chunked) enabled
graph_reserve: reserving a graph for ubatch with n_tokens =  512, n_seqs =  1, n_outputs =  512
graph_reserve: reserving a graph for ubatch with n_tokens =    1, n_seqs =  1, n_outputs =    1
graph_reserve: reserving a graph for ubatch with n_tokens =  512, n_seqs =  1, n_outputs =  512
sched_reserve:      CUDA0 compute buffer size =   304.00 MiB
sched_reserve:  CUDA_Host compute buffer size =    14.76 MiB
sched_reserve: graph nodes  = 958
sched_reserve: graph splits = 44 (with bs=512), 2 (with bs=1)
sched_reserve: reserve took 12.07 ms, sched copies = 1
CUDA Graph id 11424 reused
ggml_backend_cuda_graph_compute: CUDA graph warmup complete
CUDA Graph id 11424 reused
CUDA Graph id 11424 reused
CUDA Graph id 11424 reused
CUDA Graph id 11424 reused
CUDA Graph id 11424 reused
CUDA Graph id 11424 reused
CUDA Graph id 11424 reused
CUDA Graph id 11424 reused
CUDA Graph id 11424 reused
CUDA Graph id 11424 reused
CUDA Graph id 11424 reused
CUDA Graph id 11424 reused
CUDA Graph id 11424 reused
CUDA Graph id 11424 reused
CUDA Graph id 11424 reused
CUDA Graph id 11424 reused
CUDA Graph id 11424 reused
CUDA Graph id 11424 reused
CUDA Graph id 11424 reused
CUDA Graph id 11424 reused
CUDA Graph id 11424 reused
CUDA Graph id 11424 reused
CUDA Graph id 11424 reused
~llama_context:      CUDA0 compute buffer size is 304.0000 MiB, matches expectation of 304.0000 MiB
~llama_context:  CUDA_Host compute buffer size is  14.7637 MiB, matches expectation of  14.7637 MiB
llama_context: constructing llama_context
llama_context: n_seq_max     = 1
llama_context: n_ctx         = 768
llama_context: n_ctx_seq     = 768
llama_context: n_batch       = 749
llama_context: n_ubatch      = 512
llama_context: causal_attn   = 1
llama_context: flash_attn    = auto
llama_context: kv_unified    = false
llama_context: freq_base     = 1000000.0
llama_context: freq_scale    = 1
llama_context: n_rs_seq      = 0
llama_context: n_outputs_max = 749
llama_context: n_ctx_seq (768) < n_ctx_train (32768) -- the full capacity of the model will not be utilized
set_abort_callback: call
llama_context:  CUDA_Host  output buffer size =     0.58 MiB
llama_kv_cache: layer   0: dev = CPU
llama_kv_cache: layer   1: dev = CPU
llama_kv_cache: layer   2: dev = CPU
llama_kv_cache: layer   3: dev = CUDA0
llama_kv_cache: layer   4: dev = CUDA0
llama_kv_cache: layer   5: dev = CUDA0
llama_kv_cache: layer   6: dev = CUDA0
llama_kv_cache: layer   7: dev = CUDA0
llama_kv_cache: layer   8: dev = CUDA0
llama_kv_cache: layer   9: dev = CUDA0
llama_kv_cache: layer  10: dev = CUDA0
llama_kv_cache: layer  11: dev = CUDA0
llama_kv_cache: layer  12: dev = CUDA0
llama_kv_cache: layer  13: dev = CUDA0
llama_kv_cache: layer  14: dev = CUDA0
llama_kv_cache: layer  15: dev = CUDA0
llama_kv_cache: layer  16: dev = CUDA0
llama_kv_cache: layer  17: dev = CUDA0
llama_kv_cache: layer  18: dev = CUDA0
llama_kv_cache: layer  19: dev = CUDA0
llama_kv_cache: layer  20: dev = CUDA0
llama_kv_cache: layer  21: dev = CUDA0
llama_kv_cache: layer  22: dev = CUDA0
llama_kv_cache: layer  23: dev = CUDA0
llama_kv_cache: layer  24: dev = CUDA0
llama_kv_cache: layer  25: dev = CUDA0
llama_kv_cache: layer  26: dev = CUDA0
llama_kv_cache: layer  27: dev = CUDA0
llama_kv_cache:        CPU KV buffer size =     4.50 MiB
llama_kv_cache:      CUDA0 KV buffer size =    37.50 MiB
llama_kv_cache: size =   42.00 MiB (   768 cells,  28 layers,  1/1 seqs), K (f16):   21.00 MiB, V (f16):   21.00 MiB
llama_kv_cache: attn_rot_k = 0, n_embd_head_k_all = 128
llama_kv_cache: attn_rot_v = 0, n_embd_head_k_all = 128
llama_context: enumerating backends
llama_context: backend_ptrs.size() = 2
sched_reserve: reserving ...
sched_reserve: max_nodes = 2712
sched_reserve: reserving full memory module
sched_reserve: worst-case: n_tokens = 512, n_seqs = 1, n_outputs = 1
graph_reserve: reserving a graph for ubatch with n_tokens =    1, n_seqs =  1, n_outputs =    1
sched_reserve: Flash Attention was auto, set to enabled
sched_reserve: resolving fused Gated Delta Net support:
graph_reserve: reserving a graph for ubatch with n_tokens =    1, n_seqs =  1, n_outputs =    1
sched_reserve: fused Gated Delta Net (autoregressive) enabled
graph_reserve: reserving a graph for ubatch with n_tokens =   16, n_seqs =  1, n_outputs =   16
sched_reserve: fused Gated Delta Net (chunked) enabled
graph_reserve: reserving a graph for ubatch with n_tokens =  512, n_seqs =  1, n_outputs =  512
graph_reserve: reserving a graph for ubatch with n_tokens =    1, n_seqs =  1, n_outputs =    1
graph_reserve: reserving a graph for ubatch with n_tokens =  512, n_seqs =  1, n_outputs =  512
sched_reserve:      CUDA0 compute buffer size =   304.00 MiB
sched_reserve:  CUDA_Host compute buffer size =    14.76 MiB
sched_reserve: graph nodes  = 958
sched_reserve: graph splits = 44 (with bs=512), 2 (with bs=1)
sched_reserve: reserve took 12.71 ms, sched copies = 1
CUDA Graph id 11574 reused
ggml_backend_cuda_graph_compute: CUDA graph warmup complete
CUDA Graph id 11574 reused
CUDA Graph id 11574 reused
CUDA Graph id 11574 reused
CUDA Graph id 11574 reused
CUDA Graph id 11574 reused
CUDA Graph id 11574 reused
CUDA Graph id 11574 reused
CUDA Graph id 11574 reused
CUDA Graph id 11574 reused
CUDA Graph id 11574 reused
CUDA Graph id 11574 reused
CUDA Graph id 11574 reused
CUDA Graph id 11574 reused
CUDA Graph id 11574 reused
CUDA Graph id 11574 reused
CUDA Graph id 11574 reused
CUDA Graph id 11574 reused
CUDA Graph id 11574 reused
~llama_context:      CUDA0 compute buffer size is 304.0000 MiB, matches expectation of 304.0000 MiB
~llama_context:  CUDA_Host compute buffer size is  14.7637 MiB, matches expectation of  14.7637 MiB
llama_context: constructing llama_context
llama_context: n_seq_max     = 1
llama_context: n_ctx         = 768
llama_context: n_ctx_seq     = 768
llama_context: n_batch       = 749
llama_context: n_ubatch      = 512
llama_context: causal_attn   = 1
llama_context: flash_attn    = auto
llama_context: kv_unified    = false
llama_context: freq_base     = 1000000.0
llama_context: freq_scale    = 1
llama_context: n_rs_seq      = 0
llama_context: n_outputs_max = 749
llama_context: n_ctx_seq (768) < n_ctx_train (32768) -- the full capacity of the model will not be utilized
set_abort_callback: call
llama_context:  CUDA_Host  output buffer size =     0.58 MiB
llama_kv_cache: layer   0: dev = CPU
llama_kv_cache: layer   1: dev = CPU
llama_kv_cache: layer   2: dev = CPU
llama_kv_cache: layer   3: dev = CUDA0
llama_kv_cache: layer   4: dev = CUDA0
llama_kv_cache: layer   5: dev = CUDA0
llama_kv_cache: layer   6: dev = CUDA0
llama_kv_cache: layer   7: dev = CUDA0
llama_kv_cache: layer   8: dev = CUDA0
llama_kv_cache: layer   9: dev = CUDA0
llama_kv_cache: layer  10: dev = CUDA0
llama_kv_cache: layer  11: dev = CUDA0
llama_kv_cache: layer  12: dev = CUDA0
llama_kv_cache: layer  13: dev = CUDA0
llama_kv_cache: layer  14: dev = CUDA0
llama_kv_cache: layer  15: dev = CUDA0
llama_kv_cache: layer  16: dev = CUDA0
llama_kv_cache: layer  17: dev = CUDA0
llama_kv_cache: layer  18: dev = CUDA0
llama_kv_cache: layer  19: dev = CUDA0
llama_kv_cache: layer  20: dev = CUDA0
llama_kv_cache: layer  21: dev = CUDA0
llama_kv_cache: layer  22: dev = CUDA0
llama_kv_cache: layer  23: dev = CUDA0
llama_kv_cache: layer  24: dev = CUDA0
llama_kv_cache: layer  25: dev = CUDA0
llama_kv_cache: layer  26: dev = CUDA0
llama_kv_cache: layer  27: dev = CUDA0
llama_kv_cache:        CPU KV buffer size =     4.50 MiB
llama_kv_cache:      CUDA0 KV buffer size =    37.50 MiB
llama_kv_cache: size =   42.00 MiB (   768 cells,  28 layers,  1/1 seqs), K (f16):   21.00 MiB, V (f16):   21.00 MiB
llama_kv_cache: attn_rot_k = 0, n_embd_head_k_all = 128
llama_kv_cache: attn_rot_v = 0, n_embd_head_k_all = 128
llama_context: enumerating backends
llama_context: backend_ptrs.size() = 2
sched_reserve: reserving ...
sched_reserve: max_nodes = 2712
sched_reserve: reserving full memory module
sched_reserve: worst-case: n_tokens = 512, n_seqs = 1, n_outputs = 1
graph_reserve: reserving a graph for ubatch with n_tokens =    1, n_seqs =  1, n_outputs =    1
sched_reserve: Flash Attention was auto, set to enabled
sched_reserve: resolving fused Gated Delta Net support:
graph_reserve: reserving a graph for ubatch with n_tokens =    1, n_seqs =  1, n_outputs =    1
sched_reserve: fused Gated Delta Net (autoregressive) enabled
graph_reserve: reserving a graph for ubatch with n_tokens =   16, n_seqs =  1, n_outputs =   16
sched_reserve: fused Gated Delta Net (chunked) enabled
graph_reserve: reserving a graph for ubatch with n_tokens =  512, n_seqs =  1, n_outputs =  512
graph_reserve: reserving a graph for ubatch with n_tokens =    1, n_seqs =  1, n_outputs =    1
graph_reserve: reserving a graph for ubatch with n_tokens =  512, n_seqs =  1, n_outputs =  512
sched_reserve:      CUDA0 compute buffer size =   304.00 MiB
sched_reserve:  CUDA_Host compute buffer size =    14.76 MiB
sched_reserve: graph nodes  = 958
sched_reserve: graph splits = 44 (with bs=512), 2 (with bs=1)
sched_reserve: reserve took 13.90 ms, sched copies = 1
CUDA Graph id 11724 reused
ggml_backend_cuda_graph_compute: CUDA graph warmup complete
CUDA Graph id 11724 reused
CUDA Graph id 11724 reused
CUDA Graph id 11724 reused
CUDA Graph id 11724 reused
CUDA Graph id 11724 reused
CUDA Graph id 11724 reused
CUDA Graph id 11724 reused
CUDA Graph id 11724 reused
~llama_context:      CUDA0 compute buffer size is 304.0000 MiB, matches expectation of 304.0000 MiB
~llama_context:  CUDA_Host compute buffer size is  14.7637 MiB, matches expectation of  14.7637 MiB
schema 163/175 done
llama_context: constructing llama_context
llama_context: n_seq_max     = 1
llama_context: n_ctx         = 768
llama_context: n_ctx_seq     = 768
llama_context: n_batch       = 654
llama_context: n_ubatch      = 512
llama_context: causal_attn   = 1
llama_context: flash_attn    = auto
llama_context: kv_unified    = false
llama_context: freq_base     = 1000000.0
llama_context: freq_scale    = 1
llama_context: n_rs_seq      = 0
llama_context: n_outputs_max = 654
llama_context: n_ctx_seq (768) < n_ctx_train (32768) -- the full capacity of the model will not be utilized
set_abort_callback: call
llama_context:  CUDA_Host  output buffer size =     0.58 MiB
llama_kv_cache: layer   0: dev = CPU
llama_kv_cache: layer   1: dev = CPU
llama_kv_cache: layer   2: dev = CPU
llama_kv_cache: layer   3: dev = CUDA0
llama_kv_cache: layer   4: dev = CUDA0
llama_kv_cache: layer   5: dev = CUDA0
llama_kv_cache: layer   6: dev = CUDA0
llama_kv_cache: layer   7: dev = CUDA0
llama_kv_cache: layer   8: dev = CUDA0
llama_kv_cache: layer   9: dev = CUDA0
llama_kv_cache: layer  10: dev = CUDA0
llama_kv_cache: layer  11: dev = CUDA0
llama_kv_cache: layer  12: dev = CUDA0
llama_kv_cache: layer  13: dev = CUDA0
llama_kv_cache: layer  14: dev = CUDA0
llama_kv_cache: layer  15: dev = CUDA0
llama_kv_cache: layer  16: dev = CUDA0
llama_kv_cache: layer  17: dev = CUDA0
llama_kv_cache: layer  18: dev = CUDA0
llama_kv_cache: layer  19: dev = CUDA0
llama_kv_cache: layer  20: dev = CUDA0
llama_kv_cache: layer  21: dev = CUDA0
llama_kv_cache: layer  22: dev = CUDA0
llama_kv_cache: layer  23: dev = CUDA0
llama_kv_cache: layer  24: dev = CUDA0
llama_kv_cache: layer  25: dev = CUDA0
llama_kv_cache: layer  26: dev = CUDA0
llama_kv_cache: layer  27: dev = CUDA0
llama_kv_cache:        CPU KV buffer size =     4.50 MiB
llama_kv_cache:      CUDA0 KV buffer size =    37.50 MiB
llama_kv_cache: size =   42.00 MiB (   768 cells,  28 layers,  1/1 seqs), K (f16):   21.00 MiB, V (f16):   21.00 MiB
llama_kv_cache: attn_rot_k = 0, n_embd_head_k_all = 128
llama_kv_cache: attn_rot_v = 0, n_embd_head_k_all = 128
llama_context: enumerating backends
llama_context: backend_ptrs.size() = 2
sched_reserve: reserving ...
sched_reserve: max_nodes = 2712
sched_reserve: reserving full memory module
sched_reserve: worst-case: n_tokens = 512, n_seqs = 1, n_outputs = 1
graph_reserve: reserving a graph for ubatch with n_tokens =    1, n_seqs =  1, n_outputs =    1
sched_reserve: Flash Attention was auto, set to enabled
sched_reserve: resolving fused Gated Delta Net support:
graph_reserve: reserving a graph for ubatch with n_tokens =    1, n_seqs =  1, n_outputs =    1
sched_reserve: fused Gated Delta Net (autoregressive) enabled
graph_reserve: reserving a graph for ubatch with n_tokens =   16, n_seqs =  1, n_outputs =   16
sched_reserve: fused Gated Delta Net (chunked) enabled
graph_reserve: reserving a graph for ubatch with n_tokens =  512, n_seqs =  1, n_outputs =  512
graph_reserve: reserving a graph for ubatch with n_tokens =    1, n_seqs =  1, n_outputs =    1
graph_reserve: reserving a graph for ubatch with n_tokens =  512, n_seqs =  1, n_outputs =  512
sched_reserve:      CUDA0 compute buffer size =   304.00 MiB
sched_reserve:  CUDA_Host compute buffer size =    14.76 MiB
sched_reserve: graph nodes  = 958
sched_reserve: graph splits = 44 (with bs=512), 2 (with bs=1)
sched_reserve: reserve took 12.95 ms, sched copies = 1
CUDA Graph id 11874 reused
ggml_backend_cuda_graph_compute: CUDA graph warmup complete
CUDA Graph id 11874 reused
CUDA Graph id 11874 reused
CUDA Graph id 11874 reused
CUDA Graph id 11874 reused
CUDA Graph id 11874 reused
CUDA Graph id 11874 reused
CUDA Graph id 11874 reused
CUDA Graph id 11874 reused
CUDA Graph id 11874 reused
CUDA Graph id 11874 reused
CUDA Graph id 11874 reused
CUDA Graph id 11874 reused
CUDA Graph id 11874 reused
CUDA Graph id 11874 reused
CUDA Graph id 11874 reused
CUDA Graph id 11874 reused
CUDA Graph id 11874 reused
CUDA Graph id 11874 reused
CUDA Graph id 11874 reused
CUDA Graph id 11874 reused
CUDA Graph id 11874 reused
CUDA Graph id 11874 reused
CUDA Graph id 11874 reused
CUDA Graph id 11874 reused
CUDA Graph id 11874 reused
~llama_context:      CUDA0 compute buffer size is 304.0000 MiB, matches expectation of 304.0000 MiB
~llama_context:  CUDA_Host compute buffer size is  14.7637 MiB, matches expectation of  14.7637 MiB
llama_context: constructing llama_context
llama_context: n_seq_max     = 1
llama_context: n_ctx         = 768
llama_context: n_ctx_seq     = 768
llama_context: n_batch       = 654
llama_context: n_ubatch      = 512
llama_context: causal_attn   = 1
llama_context: flash_attn    = auto
llama_context: kv_unified    = false
llama_context: freq_base     = 1000000.0
llama_context: freq_scale    = 1
llama_context: n_rs_seq      = 0
llama_context: n_outputs_max = 654
llama_context: n_ctx_seq (768) < n_ctx_train (32768) -- the full capacity of the model will not be utilized
set_abort_callback: call
llama_context:  CUDA_Host  output buffer size =     0.58 MiB
llama_kv_cache: layer   0: dev = CPU
llama_kv_cache: layer   1: dev = CPU
llama_kv_cache: layer   2: dev = CPU
llama_kv_cache: layer   3: dev = CUDA0
llama_kv_cache: layer   4: dev = CUDA0
llama_kv_cache: layer   5: dev = CUDA0
llama_kv_cache: layer   6: dev = CUDA0
llama_kv_cache: layer   7: dev = CUDA0
llama_kv_cache: layer   8: dev = CUDA0
llama_kv_cache: layer   9: dev = CUDA0
llama_kv_cache: layer  10: dev = CUDA0
llama_kv_cache: layer  11: dev = CUDA0
llama_kv_cache: layer  12: dev = CUDA0
llama_kv_cache: layer  13: dev = CUDA0
llama_kv_cache: layer  14: dev = CUDA0
llama_kv_cache: layer  15: dev = CUDA0
llama_kv_cache: layer  16: dev = CUDA0
llama_kv_cache: layer  17: dev = CUDA0
llama_kv_cache: layer  18: dev = CUDA0
llama_kv_cache: layer  19: dev = CUDA0
llama_kv_cache: layer  20: dev = CUDA0
llama_kv_cache: layer  21: dev = CUDA0
llama_kv_cache: layer  22: dev = CUDA0
llama_kv_cache: layer  23: dev = CUDA0
llama_kv_cache: layer  24: dev = CUDA0
llama_kv_cache: layer  25: dev = CUDA0
llama_kv_cache: layer  26: dev = CUDA0
llama_kv_cache: layer  27: dev = CUDA0
llama_kv_cache:        CPU KV buffer size =     4.50 MiB
llama_kv_cache:      CUDA0 KV buffer size =    37.50 MiB
llama_kv_cache: size =   42.00 MiB (   768 cells,  28 layers,  1/1 seqs), K (f16):   21.00 MiB, V (f16):   21.00 MiB
llama_kv_cache: attn_rot_k = 0, n_embd_head_k_all = 128
llama_kv_cache: attn_rot_v = 0, n_embd_head_k_all = 128
llama_context: enumerating backends
llama_context: backend_ptrs.size() = 2
sched_reserve: reserving ...
sched_reserve: max_nodes = 2712
sched_reserve: reserving full memory module
sched_reserve: worst-case: n_tokens = 512, n_seqs = 1, n_outputs = 1
graph_reserve: reserving a graph for ubatch with n_tokens =    1, n_seqs =  1, n_outputs =    1
sched_reserve: Flash Attention was auto, set to enabled
sched_reserve: resolving fused Gated Delta Net support:
graph_reserve: reserving a graph for ubatch with n_tokens =    1, n_seqs =  1, n_outputs =    1
sched_reserve: fused Gated Delta Net (autoregressive) enabled
graph_reserve: reserving a graph for ubatch with n_tokens =   16, n_seqs =  1, n_outputs =   16
sched_reserve: fused Gated Delta Net (chunked) enabled
graph_reserve: reserving a graph for ubatch with n_tokens =  512, n_seqs =  1, n_outputs =  512
graph_reserve: reserving a graph for ubatch with n_tokens =    1, n_seqs =  1, n_outputs =    1
graph_reserve: reserving a graph for ubatch with n_tokens =  512, n_seqs =  1, n_outputs =  512
sched_reserve:      CUDA0 compute buffer size =   304.00 MiB
sched_reserve:  CUDA_Host compute buffer size =    14.76 MiB
sched_reserve: graph nodes  = 958
sched_reserve: graph splits = 44 (with bs=512), 2 (with bs=1)
sched_reserve: reserve took 10.87 ms, sched copies = 1
CUDA Graph id 12024 reused
ggml_backend_cuda_graph_compute: CUDA graph warmup complete
CUDA Graph id 12024 reused
CUDA Graph id 12024 reused
CUDA Graph id 12024 reused
CUDA Graph id 12024 reused
CUDA Graph id 12024 reused
CUDA Graph id 12024 reused
CUDA Graph id 12024 reused
CUDA Graph id 12024 reused
CUDA Graph id 12024 reused
CUDA Graph id 12024 reused
CUDA Graph id 12024 reused
CUDA Graph id 12024 reused
CUDA Graph id 12024 reused
CUDA Graph id 12024 reused
CUDA Graph id 12024 reused
CUDA Graph id 12024 reused
CUDA Graph id 12024 reused
CUDA Graph id 12024 reused
CUDA Graph id 12024 reused
CUDA Graph id 12024 reused
CUDA Graph id 12024 reused
CUDA Graph id 12024 reused
CUDA Graph id 12024 reused
CUDA Graph id 12024 reused
CUDA Graph id 12024 reused
~llama_context:      CUDA0 compute buffer size is 304.0000 MiB, matches expectation of 304.0000 MiB
~llama_context:  CUDA_Host compute buffer size is  14.7637 MiB, matches expectation of  14.7637 MiB
llama_context: constructing llama_context
llama_context: n_seq_max     = 1
llama_context: n_ctx         = 768
llama_context: n_ctx_seq     = 768
llama_context: n_batch       = 654
llama_context: n_ubatch      = 512
llama_context: causal_attn   = 1
llama_context: flash_attn    = auto
llama_context: kv_unified    = false
llama_context: freq_base     = 1000000.0
llama_context: freq_scale    = 1
llama_context: n_rs_seq      = 0
llama_context: n_outputs_max = 654
llama_context: n_ctx_seq (768) < n_ctx_train (32768) -- the full capacity of the model will not be utilized
set_abort_callback: call
llama_context:  CUDA_Host  output buffer size =     0.58 MiB
llama_kv_cache: layer   0: dev = CPU
llama_kv_cache: layer   1: dev = CPU
llama_kv_cache: layer   2: dev = CPU
llama_kv_cache: layer   3: dev = CUDA0
llama_kv_cache: layer   4: dev = CUDA0
llama_kv_cache: layer   5: dev = CUDA0
llama_kv_cache: layer   6: dev = CUDA0
llama_kv_cache: layer   7: dev = CUDA0
llama_kv_cache: layer   8: dev = CUDA0
llama_kv_cache: layer   9: dev = CUDA0
llama_kv_cache: layer  10: dev = CUDA0
llama_kv_cache: layer  11: dev = CUDA0
llama_kv_cache: layer  12: dev = CUDA0
llama_kv_cache: layer  13: dev = CUDA0
llama_kv_cache: layer  14: dev = CUDA0
llama_kv_cache: layer  15: dev = CUDA0
llama_kv_cache: layer  16: dev = CUDA0
llama_kv_cache: layer  17: dev = CUDA0
llama_kv_cache: layer  18: dev = CUDA0
llama_kv_cache: layer  19: dev = CUDA0
llama_kv_cache: layer  20: dev = CUDA0
llama_kv_cache: layer  21: dev = CUDA0
llama_kv_cache: layer  22: dev = CUDA0
llama_kv_cache: layer  23: dev = CUDA0
llama_kv_cache: layer  24: dev = CUDA0
llama_kv_cache: layer  25: dev = CUDA0
llama_kv_cache: layer  26: dev = CUDA0
llama_kv_cache: layer  27: dev = CUDA0
llama_kv_cache:        CPU KV buffer size =     4.50 MiB
llama_kv_cache:      CUDA0 KV buffer size =    37.50 MiB
llama_kv_cache: size =   42.00 MiB (   768 cells,  28 layers,  1/1 seqs), K (f16):   21.00 MiB, V (f16):   21.00 MiB
llama_kv_cache: attn_rot_k = 0, n_embd_head_k_all = 128
llama_kv_cache: attn_rot_v = 0, n_embd_head_k_all = 128
llama_context: enumerating backends
llama_context: backend_ptrs.size() = 2
sched_reserve: reserving ...
sched_reserve: max_nodes = 2712
sched_reserve: reserving full memory module
sched_reserve: worst-case: n_tokens = 512, n_seqs = 1, n_outputs = 1
graph_reserve: reserving a graph for ubatch with n_tokens =    1, n_seqs =  1, n_outputs =    1
sched_reserve: Flash Attention was auto, set to enabled
sched_reserve: resolving fused Gated Delta Net support:
graph_reserve: reserving a graph for ubatch with n_tokens =    1, n_seqs =  1, n_outputs =    1
sched_reserve: fused Gated Delta Net (autoregressive) enabled
graph_reserve: reserving a graph for ubatch with n_tokens =   16, n_seqs =  1, n_outputs =   16
sched_reserve: fused Gated Delta Net (chunked) enabled
graph_reserve: reserving a graph for ubatch with n_tokens =  512, n_seqs =  1, n_outputs =  512
graph_reserve: reserving a graph for ubatch with n_tokens =    1, n_seqs =  1, n_outputs =    1
graph_reserve: reserving a graph for ubatch with n_tokens =  512, n_seqs =  1, n_outputs =  512
sched_reserve:      CUDA0 compute buffer size =   304.00 MiB
sched_reserve:  CUDA_Host compute buffer size =    14.76 MiB
sched_reserve: graph nodes  = 958
sched_reserve: graph splits = 44 (with bs=512), 2 (with bs=1)
sched_reserve: reserve took 12.25 ms, sched copies = 1
CUDA Graph id 12174 reused
ggml_backend_cuda_graph_compute: CUDA graph warmup complete
CUDA Graph id 12174 reused
CUDA Graph id 12174 reused
CUDA Graph id 12174 reused
CUDA Graph id 12174 reused
CUDA Graph id 12174 reused
CUDA Graph id 12174 reused
CUDA Graph id 12174 reused
CUDA Graph id 12174 reused
CUDA Graph id 12174 reused
CUDA Graph id 12174 reused
CUDA Graph id 12174 reused
CUDA Graph id 12174 reused
~llama_context:      CUDA0 compute buffer size is 304.0000 MiB, matches expectation of 304.0000 MiB
~llama_context:  CUDA_Host compute buffer size is  14.7637 MiB, matches expectation of  14.7637 MiB
llama_context: constructing llama_context
llama_context: n_seq_max     = 1
llama_context: n_ctx         = 768
llama_context: n_ctx_seq     = 768
llama_context: n_batch       = 654
llama_context: n_ubatch      = 512
llama_context: causal_attn   = 1
llama_context: flash_attn    = auto
llama_context: kv_unified    = false
llama_context: freq_base     = 1000000.0
llama_context: freq_scale    = 1
llama_context: n_rs_seq      = 0
llama_context: n_outputs_max = 654
llama_context: n_ctx_seq (768) < n_ctx_train (32768) -- the full capacity of the model will not be utilized
set_abort_callback: call
llama_context:  CUDA_Host  output buffer size =     0.58 MiB
llama_kv_cache: layer   0: dev = CPU
llama_kv_cache: layer   1: dev = CPU
llama_kv_cache: layer   2: dev = CPU
llama_kv_cache: layer   3: dev = CUDA0
llama_kv_cache: layer   4: dev = CUDA0
llama_kv_cache: layer   5: dev = CUDA0
llama_kv_cache: layer   6: dev = CUDA0
llama_kv_cache: layer   7: dev = CUDA0
llama_kv_cache: layer   8: dev = CUDA0
llama_kv_cache: layer   9: dev = CUDA0
llama_kv_cache: layer  10: dev = CUDA0
llama_kv_cache: layer  11: dev = CUDA0
llama_kv_cache: layer  12: dev = CUDA0
llama_kv_cache: layer  13: dev = CUDA0
llama_kv_cache: layer  14: dev = CUDA0
llama_kv_cache: layer  15: dev = CUDA0
llama_kv_cache: layer  16: dev = CUDA0
llama_kv_cache: layer  17: dev = CUDA0
llama_kv_cache: layer  18: dev = CUDA0
llama_kv_cache: layer  19: dev = CUDA0
llama_kv_cache: layer  20: dev = CUDA0
llama_kv_cache: layer  21: dev = CUDA0
llama_kv_cache: layer  22: dev = CUDA0
llama_kv_cache: layer  23: dev = CUDA0
llama_kv_cache: layer  24: dev = CUDA0
llama_kv_cache: layer  25: dev = CUDA0
llama_kv_cache: layer  26: dev = CUDA0
llama_kv_cache: layer  27: dev = CUDA0
llama_kv_cache:        CPU KV buffer size =     4.50 MiB
llama_kv_cache:      CUDA0 KV buffer size =    37.50 MiB
llama_kv_cache: size =   42.00 MiB (   768 cells,  28 layers,  1/1 seqs), K (f16):   21.00 MiB, V (f16):   21.00 MiB
llama_kv_cache: attn_rot_k = 0, n_embd_head_k_all = 128
llama_kv_cache: attn_rot_v = 0, n_embd_head_k_all = 128
llama_context: enumerating backends
llama_context: backend_ptrs.size() = 2
sched_reserve: reserving ...
sched_reserve: max_nodes = 2712
sched_reserve: reserving full memory module
sched_reserve: worst-case: n_tokens = 512, n_seqs = 1, n_outputs = 1
graph_reserve: reserving a graph for ubatch with n_tokens =    1, n_seqs =  1, n_outputs =    1
sched_reserve: Flash Attention was auto, set to enabled
sched_reserve: resolving fused Gated Delta Net support:
graph_reserve: reserving a graph for ubatch with n_tokens =    1, n_seqs =  1, n_outputs =    1
sched_reserve: fused Gated Delta Net (autoregressive) enabled
graph_reserve: reserving a graph for ubatch with n_tokens =   16, n_seqs =  1, n_outputs =   16
sched_reserve: fused Gated Delta Net (chunked) enabled
graph_reserve: reserving a graph for ubatch with n_tokens =  512, n_seqs =  1, n_outputs =  512
graph_reserve: reserving a graph for ubatch with n_tokens =    1, n_seqs =  1, n_outputs =    1
graph_reserve: reserving a graph for ubatch with n_tokens =  512, n_seqs =  1, n_outputs =  512
sched_reserve:      CUDA0 compute buffer size =   304.00 MiB
sched_reserve:  CUDA_Host compute buffer size =    14.76 MiB
sched_reserve: graph nodes  = 958
sched_reserve: graph splits = 44 (with bs=512), 2 (with bs=1)
sched_reserve: reserve took 12.52 ms, sched copies = 1
CUDA Graph id 12324 reused
ggml_backend_cuda_graph_compute: CUDA graph warmup complete
CUDA Graph id 12324 reused
CUDA Graph id 12324 reused
CUDA Graph id 12324 reused
CUDA Graph id 12324 reused
CUDA Graph id 12324 reused
CUDA Graph id 12324 reused
CUDA Graph id 12324 reused
CUDA Graph id 12324 reused
CUDA Graph id 12324 reused
CUDA Graph id 12324 reused
CUDA Graph id 12324 reused
CUDA Graph id 12324 reused
CUDA Graph id 12324 reused
CUDA Graph id 12324 reused
CUDA Graph id 12324 reused
CUDA Graph id 12324 reused
CUDA Graph id 12324 reused
CUDA Graph id 12324 reused
CUDA Graph id 12324 reused
~llama_context:      CUDA0 compute buffer size is 304.0000 MiB, matches expectation of 304.0000 MiB
~llama_context:  CUDA_Host compute buffer size is  14.7637 MiB, matches expectation of  14.7637 MiB
llama_context: constructing llama_context
llama_context: n_seq_max     = 1
llama_context: n_ctx         = 768
llama_context: n_ctx_seq     = 768
llama_context: n_batch       = 654
llama_context: n_ubatch      = 512
llama_context: causal_attn   = 1
llama_context: flash_attn    = auto
llama_context: kv_unified    = false
llama_context: freq_base     = 1000000.0
llama_context: freq_scale    = 1
llama_context: n_rs_seq      = 0
llama_context: n_outputs_max = 654
llama_context: n_ctx_seq (768) < n_ctx_train (32768) -- the full capacity of the model will not be utilized
set_abort_callback: call
llama_context:  CUDA_Host  output buffer size =     0.58 MiB
llama_kv_cache: layer   0: dev = CPU
llama_kv_cache: layer   1: dev = CPU
llama_kv_cache: layer   2: dev = CPU
llama_kv_cache: layer   3: dev = CUDA0
llama_kv_cache: layer   4: dev = CUDA0
llama_kv_cache: layer   5: dev = CUDA0
llama_kv_cache: layer   6: dev = CUDA0
llama_kv_cache: layer   7: dev = CUDA0
llama_kv_cache: layer   8: dev = CUDA0
llama_kv_cache: layer   9: dev = CUDA0
llama_kv_cache: layer  10: dev = CUDA0
llama_kv_cache: layer  11: dev = CUDA0
llama_kv_cache: layer  12: dev = CUDA0
llama_kv_cache: layer  13: dev = CUDA0
llama_kv_cache: layer  14: dev = CUDA0
llama_kv_cache: layer  15: dev = CUDA0
llama_kv_cache: layer  16: dev = CUDA0
llama_kv_cache: layer  17: dev = CUDA0
llama_kv_cache: layer  18: dev = CUDA0
llama_kv_cache: layer  19: dev = CUDA0
llama_kv_cache: layer  20: dev = CUDA0
llama_kv_cache: layer  21: dev = CUDA0
llama_kv_cache: layer  22: dev = CUDA0
llama_kv_cache: layer  23: dev = CUDA0
llama_kv_cache: layer  24: dev = CUDA0
llama_kv_cache: layer  25: dev = CUDA0
llama_kv_cache: layer  26: dev = CUDA0
llama_kv_cache: layer  27: dev = CUDA0
llama_kv_cache:        CPU KV buffer size =     4.50 MiB
llama_kv_cache:      CUDA0 KV buffer size =    37.50 MiB
llama_kv_cache: size =   42.00 MiB (   768 cells,  28 layers,  1/1 seqs), K (f16):   21.00 MiB, V (f16):   21.00 MiB
llama_kv_cache: attn_rot_k = 0, n_embd_head_k_all = 128
llama_kv_cache: attn_rot_v = 0, n_embd_head_k_all = 128
llama_context: enumerating backends
llama_context: backend_ptrs.size() = 2
sched_reserve: reserving ...
sched_reserve: max_nodes = 2712
sched_reserve: reserving full memory module
sched_reserve: worst-case: n_tokens = 512, n_seqs = 1, n_outputs = 1
graph_reserve: reserving a graph for ubatch with n_tokens =    1, n_seqs =  1, n_outputs =    1
sched_reserve: Flash Attention was auto, set to enabled
sched_reserve: resolving fused Gated Delta Net support:
graph_reserve: reserving a graph for ubatch with n_tokens =    1, n_seqs =  1, n_outputs =    1
sched_reserve: fused Gated Delta Net (autoregressive) enabled
graph_reserve: reserving a graph for ubatch with n_tokens =   16, n_seqs =  1, n_outputs =   16
sched_reserve: fused Gated Delta Net (chunked) enabled
graph_reserve: reserving a graph for ubatch with n_tokens =  512, n_seqs =  1, n_outputs =  512
graph_reserve: reserving a graph for ubatch with n_tokens =    1, n_seqs =  1, n_outputs =    1
graph_reserve: reserving a graph for ubatch with n_tokens =  512, n_seqs =  1, n_outputs =  512
sched_reserve:      CUDA0 compute buffer size =   304.00 MiB
sched_reserve:  CUDA_Host compute buffer size =    14.76 MiB
sched_reserve: graph nodes  = 958
sched_reserve: graph splits = 44 (with bs=512), 2 (with bs=1)
sched_reserve: reserve took 18.05 ms, sched copies = 1
CUDA Graph id 12474 reused
ggml_backend_cuda_graph_compute: CUDA graph warmup complete
CUDA Graph id 12474 reused
CUDA Graph id 12474 reused
CUDA Graph id 12474 reused
CUDA Graph id 12474 reused
CUDA Graph id 12474 reused
CUDA Graph id 12474 reused
CUDA Graph id 12474 reused
CUDA Graph id 12474 reused
~llama_context:      CUDA0 compute buffer size is 304.0000 MiB, matches expectation of 304.0000 MiB
~llama_context:  CUDA_Host compute buffer size is  14.7637 MiB, matches expectation of  14.7637 MiB
llama_context: constructing llama_context
llama_context: n_seq_max     = 1
llama_context: n_ctx         = 768
llama_context: n_ctx_seq     = 768
llama_context: n_batch       = 654
llama_context: n_ubatch      = 512
llama_context: causal_attn   = 1
llama_context: flash_attn    = auto
llama_context: kv_unified    = false
llama_context: freq_base     = 1000000.0
llama_context: freq_scale    = 1
llama_context: n_rs_seq      = 0
llama_context: n_outputs_max = 654
llama_context: n_ctx_seq (768) < n_ctx_train (32768) -- the full capacity of the model will not be utilized
set_abort_callback: call
llama_context:  CUDA_Host  output buffer size =     0.58 MiB
llama_kv_cache: layer   0: dev = CPU
llama_kv_cache: layer   1: dev = CPU
llama_kv_cache: layer   2: dev = CPU
llama_kv_cache: layer   3: dev = CUDA0
llama_kv_cache: layer   4: dev = CUDA0
llama_kv_cache: layer   5: dev = CUDA0
llama_kv_cache: layer   6: dev = CUDA0
llama_kv_cache: layer   7: dev = CUDA0
llama_kv_cache: layer   8: dev = CUDA0
llama_kv_cache: layer   9: dev = CUDA0
llama_kv_cache: layer  10: dev = CUDA0
llama_kv_cache: layer  11: dev = CUDA0
llama_kv_cache: layer  12: dev = CUDA0
llama_kv_cache: layer  13: dev = CUDA0
llama_kv_cache: layer  14: dev = CUDA0
llama_kv_cache: layer  15: dev = CUDA0
llama_kv_cache: layer  16: dev = CUDA0
llama_kv_cache: layer  17: dev = CUDA0
llama_kv_cache: layer  18: dev = CUDA0
llama_kv_cache: layer  19: dev = CUDA0
llama_kv_cache: layer  20: dev = CUDA0
llama_kv_cache: layer  21: dev = CUDA0
llama_kv_cache: layer  22: dev = CUDA0
llama_kv_cache: layer  23: dev = CUDA0
llama_kv_cache: layer  24: dev = CUDA0
llama_kv_cache: layer  25: dev = CUDA0
llama_kv_cache: layer  26: dev = CUDA0
llama_kv_cache: layer  27: dev = CUDA0
llama_kv_cache:        CPU KV buffer size =     4.50 MiB
llama_kv_cache:      CUDA0 KV buffer size =    37.50 MiB
llama_kv_cache: size =   42.00 MiB (   768 cells,  28 layers,  1/1 seqs), K (f16):   21.00 MiB, V (f16):   21.00 MiB
llama_kv_cache: attn_rot_k = 0, n_embd_head_k_all = 128
llama_kv_cache: attn_rot_v = 0, n_embd_head_k_all = 128
llama_context: enumerating backends
llama_context: backend_ptrs.size() = 2
sched_reserve: reserving ...
sched_reserve: max_nodes = 2712
sched_reserve: reserving full memory module
sched_reserve: worst-case: n_tokens = 512, n_seqs = 1, n_outputs = 1
graph_reserve: reserving a graph for ubatch with n_tokens =    1, n_seqs =  1, n_outputs =    1
sched_reserve: Flash Attention was auto, set to enabled
sched_reserve: resolving fused Gated Delta Net support:
graph_reserve: reserving a graph for ubatch with n_tokens =    1, n_seqs =  1, n_outputs =    1
sched_reserve: fused Gated Delta Net (autoregressive) enabled
graph_reserve: reserving a graph for ubatch with n_tokens =   16, n_seqs =  1, n_outputs =   16
sched_reserve: fused Gated Delta Net (chunked) enabled
graph_reserve: reserving a graph for ubatch with n_tokens =  512, n_seqs =  1, n_outputs =  512
graph_reserve: reserving a graph for ubatch with n_tokens =    1, n_seqs =  1, n_outputs =    1
graph_reserve: reserving a graph for ubatch with n_tokens =  512, n_seqs =  1, n_outputs =  512
sched_reserve:      CUDA0 compute buffer size =   304.00 MiB
sched_reserve:  CUDA_Host compute buffer size =    14.76 MiB
sched_reserve: graph nodes  = 958
sched_reserve: graph splits = 44 (with bs=512), 2 (with bs=1)
sched_reserve: reserve took 12.72 ms, sched copies = 1
CUDA Graph id 12624 reused
ggml_backend_cuda_graph_compute: CUDA graph warmup complete
CUDA Graph id 12624 reused
CUDA Graph id 12624 reused
CUDA Graph id 12624 reused
CUDA Graph id 12624 reused
CUDA Graph id 12624 reused
CUDA Graph id 12624 reused
CUDA Graph id 12624 reused
CUDA Graph id 12624 reused
CUDA Graph id 12624 reused
CUDA Graph id 12624 reused
CUDA Graph id 12624 reused
CUDA Graph id 12624 reused
CUDA Graph id 12624 reused
CUDA Graph id 12624 reused
CUDA Graph id 12624 reused
CUDA Graph id 12624 reused
CUDA Graph id 12624 reused
CUDA Graph id 12624 reused
CUDA Graph id 12624 reused
CUDA Graph id 12624 reused
CUDA Graph id 12624 reused
CUDA Graph id 12624 reused
CUDA Graph id 12624 reused
CUDA Graph id 12624 reused
CUDA Graph id 12624 reused
CUDA Graph id 12624 reused
CUDA Graph id 12624 reused
CUDA Graph id 12624 reused
CUDA Graph id 12624 reused
CUDA Graph id 12624 reused
CUDA Graph id 12624 reused
CUDA Graph id 12624 reused
CUDA Graph id 12624 reused
CUDA Graph id 12624 reused
CUDA Graph id 12624 reused
CUDA Graph id 12624 reused
CUDA Graph id 12624 reused
CUDA Graph id 12624 reused
CUDA Graph id 12624 reused
CUDA Graph id 12624 reused
CUDA Graph id 12624 reused
CUDA Graph id 12624 reused
CUDA Graph id 12624 reused
CUDA Graph id 12624 reused
CUDA Graph id 12624 reused
CUDA Graph id 12624 reused
CUDA Graph id 12624 reused
CUDA Graph id 12624 reused
CUDA Graph id 12624 reused
CUDA Graph id 12624 reused
CUDA Graph id 12624 reused
CUDA Graph id 12624 reused
CUDA Graph id 12624 reused
CUDA Graph id 12624 reused
CUDA Graph id 12624 reused
CUDA Graph id 12624 reused
CUDA Graph id 12624 reused
CUDA Graph id 12624 reused
CUDA Graph id 12624 reused
CUDA Graph id 12624 reused
CUDA Graph id 12624 reused
CUDA Graph id 12624 reused
CUDA Graph id 12624 reused
CUDA Graph id 12624 reused
CUDA Graph id 12624 reused
CUDA Graph id 12624 reused
CUDA Graph id 12624 reused
CUDA Graph id 12624 reused
~llama_context:      CUDA0 compute buffer size is 304.0000 MiB, matches expectation of 304.0000 MiB
~llama_context:  CUDA_Host compute buffer size is  14.7637 MiB, matches expectation of  14.7637 MiB
schema 164/175 done
llama_context: constructing llama_context
llama_context: n_seq_max     = 1
llama_context: n_ctx         = 1024
llama_context: n_ctx_seq     = 1024
llama_context: n_batch       = 781
llama_context: n_ubatch      = 512
llama_context: causal_attn   = 1
llama_context: flash_attn    = auto
llama_context: kv_unified    = false
llama_context: freq_base     = 1000000.0
llama_context: freq_scale    = 1
llama_context: n_rs_seq      = 0
llama_context: n_outputs_max = 781
llama_context: n_ctx_seq (1024) < n_ctx_train (32768) -- the full capacity of the model will not be utilized
set_abort_callback: call
llama_context:  CUDA_Host  output buffer size =     0.58 MiB
llama_kv_cache: layer   0: dev = CPU
llama_kv_cache: layer   1: dev = CPU
llama_kv_cache: layer   2: dev = CPU
llama_kv_cache: layer   3: dev = CUDA0
llama_kv_cache: layer   4: dev = CUDA0
llama_kv_cache: layer   5: dev = CUDA0
llama_kv_cache: layer   6: dev = CUDA0
llama_kv_cache: layer   7: dev = CUDA0
llama_kv_cache: layer   8: dev = CUDA0
llama_kv_cache: layer   9: dev = CUDA0
llama_kv_cache: layer  10: dev = CUDA0
llama_kv_cache: layer  11: dev = CUDA0
llama_kv_cache: layer  12: dev = CUDA0
llama_kv_cache: layer  13: dev = CUDA0
llama_kv_cache: layer  14: dev = CUDA0
llama_kv_cache: layer  15: dev = CUDA0
llama_kv_cache: layer  16: dev = CUDA0
llama_kv_cache: layer  17: dev = CUDA0
llama_kv_cache: layer  18: dev = CUDA0
llama_kv_cache: layer  19: dev = CUDA0
llama_kv_cache: layer  20: dev = CUDA0
llama_kv_cache: layer  21: dev = CUDA0
llama_kv_cache: layer  22: dev = CUDA0
llama_kv_cache: layer  23: dev = CUDA0
llama_kv_cache: layer  24: dev = CUDA0
llama_kv_cache: layer  25: dev = CUDA0
llama_kv_cache: layer  26: dev = CUDA0
llama_kv_cache: layer  27: dev = CUDA0
llama_kv_cache:        CPU KV buffer size =     6.00 MiB
llama_kv_cache:      CUDA0 KV buffer size =    50.00 MiB
llama_kv_cache: size =   56.00 MiB (  1024 cells,  28 layers,  1/1 seqs), K (f16):   28.00 MiB, V (f16):   28.00 MiB
llama_kv_cache: attn_rot_k = 0, n_embd_head_k_all = 128
llama_kv_cache: attn_rot_v = 0, n_embd_head_k_all = 128
llama_context: enumerating backends
llama_context: backend_ptrs.size() = 2
sched_reserve: reserving ...
sched_reserve: max_nodes = 2712
sched_reserve: reserving full memory module
sched_reserve: worst-case: n_tokens = 512, n_seqs = 1, n_outputs = 1
graph_reserve: reserving a graph for ubatch with n_tokens =    1, n_seqs =  1, n_outputs =    1
sched_reserve: Flash Attention was auto, set to enabled
sched_reserve: resolving fused Gated Delta Net support:
graph_reserve: reserving a graph for ubatch with n_tokens =    1, n_seqs =  1, n_outputs =    1
sched_reserve: fused Gated Delta Net (autoregressive) enabled
graph_reserve: reserving a graph for ubatch with n_tokens =   16, n_seqs =  1, n_outputs =   16
sched_reserve: fused Gated Delta Net (chunked) enabled
graph_reserve: reserving a graph for ubatch with n_tokens =  512, n_seqs =  1, n_outputs =  512
graph_reserve: reserving a graph for ubatch with n_tokens =    1, n_seqs =  1, n_outputs =    1
graph_reserve: reserving a graph for ubatch with n_tokens =  512, n_seqs =  1, n_outputs =  512
sched_reserve:      CUDA0 compute buffer size =   304.00 MiB
sched_reserve:  CUDA_Host compute buffer size =    15.01 MiB
sched_reserve: graph nodes  = 958
sched_reserve: graph splits = 44 (with bs=512), 2 (with bs=1)
sched_reserve: reserve took 13.16 ms, sched copies = 1
CUDA Graph id 12774 reused
ggml_backend_cuda_graph_compute: CUDA graph warmup complete
CUDA Graph id 12774 reused
CUDA Graph id 12774 reused
CUDA Graph id 12774 reused
CUDA Graph id 12774 reused
CUDA Graph id 12774 reused
CUDA Graph id 12774 reused
CUDA Graph id 12774 reused
CUDA Graph id 12774 reused
CUDA Graph id 12774 reused
CUDA Graph id 12774 reused
CUDA Graph id 12774 reused
CUDA Graph id 12774 reused
CUDA Graph id 12774 reused
CUDA Graph id 12774 reused
CUDA Graph id 12774 reused
CUDA Graph id 12774 reused
CUDA Graph id 12774 reused
CUDA Graph id 12774 reused
CUDA Graph id 12774 reused
CUDA Graph id 12774 reused
CUDA Graph id 12774 reused
CUDA Graph id 12774 reused
CUDA Graph id 12774 reused
CUDA Graph id 12774 reused
CUDA Graph id 12774 reused
CUDA Graph id 12774 reused
CUDA Graph id 12774 reused
CUDA Graph id 12774 reused
CUDA Graph id 12774 reused
CUDA Graph id 12774 reused
CUDA Graph id 12774 reused
CUDA Graph id 12774 reused
CUDA Graph id 12774 reused
CUDA Graph id 12774 reused
CUDA Graph id 12774 reused
CUDA Graph id 12774 reused
CUDA Graph id 12774 reused
CUDA Graph id 12774 reused
CUDA Graph id 12774 reused
CUDA Graph id 12774 reused
CUDA Graph id 12774 reused
CUDA Graph id 12774 reused
CUDA Graph id 12774 reused
CUDA Graph id 12774 reused
CUDA Graph id 12774 reused
CUDA Graph id 12774 reused
CUDA Graph id 12774 reused
CUDA Graph id 12774 reused
CUDA Graph id 12774 reused
CUDA Graph id 12774 reused
CUDA Graph id 12774 reused
CUDA Graph id 12774 reused
CUDA Graph id 12774 reused
CUDA Graph id 12774 reused
CUDA Graph id 12774 reused
CUDA Graph id 12774 reused
CUDA Graph id 12774 reused
CUDA Graph id 12774 reused
CUDA Graph id 12774 reused
CUDA Graph id 12774 reused
CUDA Graph id 12774 reused
CUDA Graph id 12774 reused
CUDA Graph id 12774 reused
CUDA Graph id 12774 reused
CUDA Graph id 12774 reused
CUDA Graph id 12774 reused
CUDA Graph id 12774 reused
CUDA Graph id 12774 reused
CUDA Graph id 12774 reused
CUDA Graph id 12774 reused
CUDA Graph id 12774 reused
CUDA Graph id 12774 reused
CUDA Graph id 12774 reused
CUDA Graph id 12774 reused
CUDA Graph id 12774 reused
CUDA Graph id 12774 reused
CUDA Graph id 12774 reused
CUDA Graph id 12774 reused
CUDA Graph id 12774 reused
CUDA Graph id 12774 reused
CUDA Graph id 12774 reused
CUDA Graph id 12774 reused
CUDA Graph id 12774 reused
CUDA Graph id 12774 reused
CUDA Graph id 12774 reused
CUDA Graph id 12774 reused
CUDA Graph id 12774 reused
CUDA Graph id 12774 reused
CUDA Graph id 12774 reused
CUDA Graph id 12774 reused
CUDA Graph id 12774 reused
CUDA Graph id 12774 reused
CUDA Graph id 12774 reused
CUDA Graph id 12774 reused
CUDA Graph id 12774 reused
CUDA Graph id 12774 reused
CUDA Graph id 12774 reused
CUDA Graph id 12774 reused
CUDA Graph id 12774 reused
CUDA Graph id 12774 reused
CUDA Graph id 12774 reused
CUDA Graph id 12774 reused
CUDA Graph id 12774 reused
CUDA Graph id 12774 reused
CUDA Graph id 12774 reused
CUDA Graph id 12774 reused
CUDA Graph id 12774 reused
CUDA Graph id 12774 reused
CUDA Graph id 12774 reused
CUDA Graph id 12774 reused
CUDA Graph id 12774 reused
CUDA Graph id 12774 reused
CUDA Graph id 12774 reused
CUDA Graph id 12774 reused
CUDA Graph id 12774 reused
CUDA Graph id 12774 reused
CUDA Graph id 12774 reused
CUDA Graph id 12774 reused
CUDA Graph id 12774 reused
CUDA Graph id 12774 reused
CUDA Graph id 12774 reused
CUDA Graph id 12774 reused
CUDA Graph id 12774 reused
CUDA Graph id 12774 reused
CUDA Graph id 12774 reused
CUDA Graph id 12774 reused
CUDA Graph id 12774 reused
CUDA Graph id 12774 reused
CUDA Graph id 12774 reused
CUDA Graph id 12774 reused
CUDA Graph id 12774 reused
CUDA Graph id 12774 reused
CUDA Graph id 12774 reused
CUDA Graph id 12774 reused
CUDA Graph id 12774 reused
CUDA Graph id 12774 reused
CUDA Graph id 12774 reused
CUDA Graph id 12774 reused
CUDA Graph id 12774 reused
CUDA Graph id 12774 reused
CUDA Graph id 12774 reused
CUDA Graph id 12774 reused
CUDA Graph id 12774 reused
CUDA Graph id 12774 reused
CUDA Graph id 12774 reused
CUDA Graph id 12774 reused
CUDA Graph id 12774 reused
CUDA Graph id 12774 reused
CUDA Graph id 12774 reused
CUDA Graph id 12774 reused
CUDA Graph id 12774 reused
CUDA Graph id 12774 reused
~llama_context:      CUDA0 compute buffer size is 304.0000 MiB, matches expectation of 304.0000 MiB
~llama_context:  CUDA_Host compute buffer size is  15.0137 MiB, matches expectation of  15.0137 MiB
llama_context: constructing llama_context
llama_context: n_seq_max     = 1
llama_context: n_ctx         = 1024
llama_context: n_ctx_seq     = 1024
llama_context: n_batch       = 781
llama_context: n_ubatch      = 512
llama_context: causal_attn   = 1
llama_context: flash_attn    = auto
llama_context: kv_unified    = false
llama_context: freq_base     = 1000000.0
llama_context: freq_scale    = 1
llama_context: n_rs_seq      = 0
llama_context: n_outputs_max = 781
llama_context: n_ctx_seq (1024) < n_ctx_train (32768) -- the full capacity of the model will not be utilized
set_abort_callback: call
llama_context:  CUDA_Host  output buffer size =     0.58 MiB
llama_kv_cache: layer   0: dev = CPU
llama_kv_cache: layer   1: dev = CPU
llama_kv_cache: layer   2: dev = CPU
llama_kv_cache: layer   3: dev = CUDA0
llama_kv_cache: layer   4: dev = CUDA0
llama_kv_cache: layer   5: dev = CUDA0
llama_kv_cache: layer   6: dev = CUDA0
llama_kv_cache: layer   7: dev = CUDA0
llama_kv_cache: layer   8: dev = CUDA0
llama_kv_cache: layer   9: dev = CUDA0
llama_kv_cache: layer  10: dev = CUDA0
llama_kv_cache: layer  11: dev = CUDA0
llama_kv_cache: layer  12: dev = CUDA0
llama_kv_cache: layer  13: dev = CUDA0
llama_kv_cache: layer  14: dev = CUDA0
llama_kv_cache: layer  15: dev = CUDA0
llama_kv_cache: layer  16: dev = CUDA0
llama_kv_cache: layer  17: dev = CUDA0
llama_kv_cache: layer  18: dev = CUDA0
llama_kv_cache: layer  19: dev = CUDA0
llama_kv_cache: layer  20: dev = CUDA0
llama_kv_cache: layer  21: dev = CUDA0
llama_kv_cache: layer  22: dev = CUDA0
llama_kv_cache: layer  23: dev = CUDA0
llama_kv_cache: layer  24: dev = CUDA0
llama_kv_cache: layer  25: dev = CUDA0
llama_kv_cache: layer  26: dev = CUDA0
llama_kv_cache: layer  27: dev = CUDA0
llama_kv_cache:        CPU KV buffer size =     6.00 MiB
llama_kv_cache:      CUDA0 KV buffer size =    50.00 MiB
llama_kv_cache: size =   56.00 MiB (  1024 cells,  28 layers,  1/1 seqs), K (f16):   28.00 MiB, V (f16):   28.00 MiB
llama_kv_cache: attn_rot_k = 0, n_embd_head_k_all = 128
llama_kv_cache: attn_rot_v = 0, n_embd_head_k_all = 128
llama_context: enumerating backends
llama_context: backend_ptrs.size() = 2
sched_reserve: reserving ...
sched_reserve: max_nodes = 2712
sched_reserve: reserving full memory module
sched_reserve: worst-case: n_tokens = 512, n_seqs = 1, n_outputs = 1
graph_reserve: reserving a graph for ubatch with n_tokens =    1, n_seqs =  1, n_outputs =    1
sched_reserve: Flash Attention was auto, set to enabled
sched_reserve: resolving fused Gated Delta Net support:
graph_reserve: reserving a graph for ubatch with n_tokens =    1, n_seqs =  1, n_outputs =    1
sched_reserve: fused Gated Delta Net (autoregressive) enabled
graph_reserve: reserving a graph for ubatch with n_tokens =   16, n_seqs =  1, n_outputs =   16
sched_reserve: fused Gated Delta Net (chunked) enabled
graph_reserve: reserving a graph for ubatch with n_tokens =  512, n_seqs =  1, n_outputs =  512
graph_reserve: reserving a graph for ubatch with n_tokens =    1, n_seqs =  1, n_outputs =    1
graph_reserve: reserving a graph for ubatch with n_tokens =  512, n_seqs =  1, n_outputs =  512
sched_reserve:      CUDA0 compute buffer size =   304.00 MiB
sched_reserve:  CUDA_Host compute buffer size =    15.01 MiB
sched_reserve: graph nodes  = 958
sched_reserve: graph splits = 44 (with bs=512), 2 (with bs=1)
sched_reserve: reserve took 13.47 ms, sched copies = 1
CUDA Graph id 12924 reused
ggml_backend_cuda_graph_compute: CUDA graph warmup complete
CUDA Graph id 12924 reused
CUDA Graph id 12924 reused
CUDA Graph id 12924 reused
CUDA Graph id 12924 reused
CUDA Graph id 12924 reused
CUDA Graph id 12924 reused
CUDA Graph id 12924 reused
CUDA Graph id 12924 reused
CUDA Graph id 12924 reused
CUDA Graph id 12924 reused
CUDA Graph id 12924 reused
CUDA Graph id 12924 reused
CUDA Graph id 12924 reused
CUDA Graph id 12924 reused
CUDA Graph id 12924 reused
CUDA Graph id 12924 reused
CUDA Graph id 12924 reused
CUDA Graph id 12924 reused
CUDA Graph id 12924 reused
CUDA Graph id 12924 reused
CUDA Graph id 12924 reused
CUDA Graph id 12924 reused
CUDA Graph id 12924 reused
CUDA Graph id 12924 reused
CUDA Graph id 12924 reused
CUDA Graph id 12924 reused
CUDA Graph id 12924 reused
CUDA Graph id 12924 reused
CUDA Graph id 12924 reused
CUDA Graph id 12924 reused
CUDA Graph id 12924 reused
CUDA Graph id 12924 reused
CUDA Graph id 12924 reused
CUDA Graph id 12924 reused
CUDA Graph id 12924 reused
CUDA Graph id 12924 reused
CUDA Graph id 12924 reused
CUDA Graph id 12924 reused
CUDA Graph id 12924 reused
CUDA Graph id 12924 reused
CUDA Graph id 12924 reused
CUDA Graph id 12924 reused
CUDA Graph id 12924 reused
CUDA Graph id 12924 reused
CUDA Graph id 12924 reused
CUDA Graph id 12924 reused
CUDA Graph id 12924 reused
CUDA Graph id 12924 reused
CUDA Graph id 12924 reused
CUDA Graph id 12924 reused
CUDA Graph id 12924 reused
CUDA Graph id 12924 reused
CUDA Graph id 12924 reused
CUDA Graph id 12924 reused
CUDA Graph id 12924 reused
CUDA Graph id 12924 reused
CUDA Graph id 12924 reused
CUDA Graph id 12924 reused
CUDA Graph id 12924 reused
CUDA Graph id 12924 reused
CUDA Graph id 12924 reused
CUDA Graph id 12924 reused
CUDA Graph id 12924 reused
CUDA Graph id 12924 reused
CUDA Graph id 12924 reused
CUDA Graph id 12924 reused
CUDA Graph id 12924 reused
CUDA Graph id 12924 reused
CUDA Graph id 12924 reused
CUDA Graph id 12924 reused
CUDA Graph id 12924 reused
CUDA Graph id 12924 reused
CUDA Graph id 12924 reused
CUDA Graph id 12924 reused
CUDA Graph id 12924 reused
CUDA Graph id 12924 reused
CUDA Graph id 12924 reused
CUDA Graph id 12924 reused
CUDA Graph id 12924 reused
CUDA Graph id 12924 reused
CUDA Graph id 12924 reused
CUDA Graph id 12924 reused
CUDA Graph id 12924 reused
CUDA Graph id 12924 reused
CUDA Graph id 12924 reused
CUDA Graph id 12924 reused
CUDA Graph id 12924 reused
CUDA Graph id 12924 reused
CUDA Graph id 12924 reused
CUDA Graph id 12924 reused
CUDA Graph id 12924 reused
CUDA Graph id 12924 reused
CUDA Graph id 12924 reused
CUDA Graph id 12924 reused
CUDA Graph id 12924 reused
CUDA Graph id 12924 reused
CUDA Graph id 12924 reused
CUDA Graph id 12924 reused
CUDA Graph id 12924 reused
CUDA Graph id 12924 reused
CUDA Graph id 12924 reused
CUDA Graph id 12924 reused
CUDA Graph id 12924 reused
CUDA Graph id 12924 reused
CUDA Graph id 12924 reused
CUDA Graph id 12924 reused
CUDA Graph id 12924 reused
CUDA Graph id 12924 reused
CUDA Graph id 12924 reused
CUDA Graph id 12924 reused
CUDA Graph id 12924 reused
CUDA Graph id 12924 reused
CUDA Graph id 12924 reused
CUDA Graph id 12924 reused
CUDA Graph id 12924 reused
CUDA Graph id 12924 reused
CUDA Graph id 12924 reused
CUDA Graph id 12924 reused
CUDA Graph id 12924 reused
CUDA Graph id 12924 reused
CUDA Graph id 12924 reused
CUDA Graph id 12924 reused
CUDA Graph id 12924 reused
CUDA Graph id 12924 reused
CUDA Graph id 12924 reused
CUDA Graph id 12924 reused
CUDA Graph id 12924 reused
CUDA Graph id 12924 reused
CUDA Graph id 12924 reused
CUDA Graph id 12924 reused
CUDA Graph id 12924 reused
CUDA Graph id 12924 reused
CUDA Graph id 12924 reused
CUDA Graph id 12924 reused
CUDA Graph id 12924 reused
CUDA Graph id 12924 reused
CUDA Graph id 12924 reused
CUDA Graph id 12924 reused
CUDA Graph id 12924 reused
CUDA Graph id 12924 reused
CUDA Graph id 12924 reused
CUDA Graph id 12924 reused
CUDA Graph id 12924 reused
CUDA Graph id 12924 reused
CUDA Graph id 12924 reused
CUDA Graph id 12924 reused
CUDA Graph id 12924 reused
CUDA Graph id 12924 reused
CUDA Graph id 12924 reused
CUDA Graph id 12924 reused
CUDA Graph id 12924 reused
CUDA Graph id 12924 reused
~llama_context:      CUDA0 compute buffer size is 304.0000 MiB, matches expectation of 304.0000 MiB
~llama_context:  CUDA_Host compute buffer size is  15.0137 MiB, matches expectation of  15.0137 MiB
llama_context: constructing llama_context
llama_context: n_seq_max     = 1
llama_context: n_ctx         = 1024
llama_context: n_ctx_seq     = 1024
llama_context: n_batch       = 781
llama_context: n_ubatch      = 512
llama_context: causal_attn   = 1
llama_context: flash_attn    = auto
llama_context: kv_unified    = false
llama_context: freq_base     = 1000000.0
llama_context: freq_scale    = 1
llama_context: n_rs_seq      = 0
llama_context: n_outputs_max = 781
llama_context: n_ctx_seq (1024) < n_ctx_train (32768) -- the full capacity of the model will not be utilized
set_abort_callback: call
llama_context:  CUDA_Host  output buffer size =     0.58 MiB
llama_kv_cache: layer   0: dev = CPU
llama_kv_cache: layer   1: dev = CPU
llama_kv_cache: layer   2: dev = CPU
llama_kv_cache: layer   3: dev = CUDA0
llama_kv_cache: layer   4: dev = CUDA0
llama_kv_cache: layer   5: dev = CUDA0
llama_kv_cache: layer   6: dev = CUDA0
llama_kv_cache: layer   7: dev = CUDA0
llama_kv_cache: layer   8: dev = CUDA0
llama_kv_cache: layer   9: dev = CUDA0
llama_kv_cache: layer  10: dev = CUDA0
llama_kv_cache: layer  11: dev = CUDA0
llama_kv_cache: layer  12: dev = CUDA0
llama_kv_cache: layer  13: dev = CUDA0
llama_kv_cache: layer  14: dev = CUDA0
llama_kv_cache: layer  15: dev = CUDA0
llama_kv_cache: layer  16: dev = CUDA0
llama_kv_cache: layer  17: dev = CUDA0
llama_kv_cache: layer  18: dev = CUDA0
llama_kv_cache: layer  19: dev = CUDA0
llama_kv_cache: layer  20: dev = CUDA0
llama_kv_cache: layer  21: dev = CUDA0
llama_kv_cache: layer  22: dev = CUDA0
llama_kv_cache: layer  23: dev = CUDA0
llama_kv_cache: layer  24: dev = CUDA0
llama_kv_cache: layer  25: dev = CUDA0
llama_kv_cache: layer  26: dev = CUDA0
llama_kv_cache: layer  27: dev = CUDA0
llama_kv_cache:        CPU KV buffer size =     6.00 MiB
llama_kv_cache:      CUDA0 KV buffer size =    50.00 MiB
llama_kv_cache: size =   56.00 MiB (  1024 cells,  28 layers,  1/1 seqs), K (f16):   28.00 MiB, V (f16):   28.00 MiB
llama_kv_cache: attn_rot_k = 0, n_embd_head_k_all = 128
llama_kv_cache: attn_rot_v = 0, n_embd_head_k_all = 128
llama_context: enumerating backends
llama_context: backend_ptrs.size() = 2
sched_reserve: reserving ...
sched_reserve: max_nodes = 2712
sched_reserve: reserving full memory module
sched_reserve: worst-case: n_tokens = 512, n_seqs = 1, n_outputs = 1
graph_reserve: reserving a graph for ubatch with n_tokens =    1, n_seqs =  1, n_outputs =    1
sched_reserve: Flash Attention was auto, set to enabled
sched_reserve: resolving fused Gated Delta Net support:
graph_reserve: reserving a graph for ubatch with n_tokens =    1, n_seqs =  1, n_outputs =    1
sched_reserve: fused Gated Delta Net (autoregressive) enabled
graph_reserve: reserving a graph for ubatch with n_tokens =   16, n_seqs =  1, n_outputs =   16
sched_reserve: fused Gated Delta Net (chunked) enabled
graph_reserve: reserving a graph for ubatch with n_tokens =  512, n_seqs =  1, n_outputs =  512
graph_reserve: reserving a graph for ubatch with n_tokens =    1, n_seqs =  1, n_outputs =    1
graph_reserve: reserving a graph for ubatch with n_tokens =  512, n_seqs =  1, n_outputs =  512
sched_reserve:      CUDA0 compute buffer size =   304.00 MiB
sched_reserve:  CUDA_Host compute buffer size =    15.01 MiB
sched_reserve: graph nodes  = 958
sched_reserve: graph splits = 44 (with bs=512), 2 (with bs=1)
sched_reserve: reserve took 15.55 ms, sched copies = 1
CUDA Graph id 13074 reused
ggml_backend_cuda_graph_compute: CUDA graph warmup complete
CUDA Graph id 13074 reused
CUDA Graph id 13074 reused
CUDA Graph id 13074 reused
CUDA Graph id 13074 reused
CUDA Graph id 13074 reused
CUDA Graph id 13074 reused
CUDA Graph id 13074 reused
CUDA Graph id 13074 reused
CUDA Graph id 13074 reused
CUDA Graph id 13074 reused
CUDA Graph id 13074 reused
CUDA Graph id 13074 reused
CUDA Graph id 13074 reused
CUDA Graph id 13074 reused
CUDA Graph id 13074 reused
CUDA Graph id 13074 reused
CUDA Graph id 13074 reused
CUDA Graph id 13074 reused
CUDA Graph id 13074 reused
CUDA Graph id 13074 reused
CUDA Graph id 13074 reused
CUDA Graph id 13074 reused
CUDA Graph id 13074 reused
CUDA Graph id 13074 reused
CUDA Graph id 13074 reused
CUDA Graph id 13074 reused
CUDA Graph id 13074 reused
CUDA Graph id 13074 reused
CUDA Graph id 13074 reused
CUDA Graph id 13074 reused
CUDA Graph id 13074 reused
CUDA Graph id 13074 reused
CUDA Graph id 13074 reused
CUDA Graph id 13074 reused
CUDA Graph id 13074 reused
CUDA Graph id 13074 reused
CUDA Graph id 13074 reused
CUDA Graph id 13074 reused
CUDA Graph id 13074 reused
CUDA Graph id 13074 reused
CUDA Graph id 13074 reused
CUDA Graph id 13074 reused
CUDA Graph id 13074 reused
CUDA Graph id 13074 reused
CUDA Graph id 13074 reused
CUDA Graph id 13074 reused
CUDA Graph id 13074 reused
CUDA Graph id 13074 reused
CUDA Graph id 13074 reused
CUDA Graph id 13074 reused
CUDA Graph id 13074 reused
CUDA Graph id 13074 reused
CUDA Graph id 13074 reused
CUDA Graph id 13074 reused
CUDA Graph id 13074 reused
CUDA Graph id 13074 reused
CUDA Graph id 13074 reused
CUDA Graph id 13074 reused
CUDA Graph id 13074 reused
CUDA Graph id 13074 reused
CUDA Graph id 13074 reused
CUDA Graph id 13074 reused
CUDA Graph id 13074 reused
CUDA Graph id 13074 reused
CUDA Graph id 13074 reused
CUDA Graph id 13074 reused
CUDA Graph id 13074 reused
CUDA Graph id 13074 reused
CUDA Graph id 13074 reused
CUDA Graph id 13074 reused
CUDA Graph id 13074 reused
CUDA Graph id 13074 reused
CUDA Graph id 13074 reused
CUDA Graph id 13074 reused
CUDA Graph id 13074 reused
CUDA Graph id 13074 reused
CUDA Graph id 13074 reused
CUDA Graph id 13074 reused
CUDA Graph id 13074 reused
CUDA Graph id 13074 reused
CUDA Graph id 13074 reused
CUDA Graph id 13074 reused
CUDA Graph id 13074 reused
CUDA Graph id 13074 reused
CUDA Graph id 13074 reused
CUDA Graph id 13074 reused
CUDA Graph id 13074 reused
CUDA Graph id 13074 reused
CUDA Graph id 13074 reused
CUDA Graph id 13074 reused
CUDA Graph id 13074 reused
CUDA Graph id 13074 reused
CUDA Graph id 13074 reused
CUDA Graph id 13074 reused
CUDA Graph id 13074 reused
CUDA Graph id 13074 reused
CUDA Graph id 13074 reused
CUDA Graph id 13074 reused
CUDA Graph id 13074 reused
CUDA Graph id 13074 reused
CUDA Graph id 13074 reused
CUDA Graph id 13074 reused
CUDA Graph id 13074 reused
CUDA Graph id 13074 reused
CUDA Graph id 13074 reused
CUDA Graph id 13074 reused
CUDA Graph id 13074 reused
CUDA Graph id 13074 reused
CUDA Graph id 13074 reused
CUDA Graph id 13074 reused
CUDA Graph id 13074 reused
CUDA Graph id 13074 reused
CUDA Graph id 13074 reused
CUDA Graph id 13074 reused
CUDA Graph id 13074 reused
CUDA Graph id 13074 reused
CUDA Graph id 13074 reused
CUDA Graph id 13074 reused
CUDA Graph id 13074 reused
CUDA Graph id 13074 reused
CUDA Graph id 13074 reused
CUDA Graph id 13074 reused
CUDA Graph id 13074 reused
~llama_context:      CUDA0 compute buffer size is 304.0000 MiB, matches expectation of 304.0000 MiB
~llama_context:  CUDA_Host compute buffer size is  15.0137 MiB, matches expectation of  15.0137 MiB
llama_context: constructing llama_context
llama_context: n_seq_max     = 1
llama_context: n_ctx         = 1024
llama_context: n_ctx_seq     = 1024
llama_context: n_batch       = 781
llama_context: n_ubatch      = 512
llama_context: causal_attn   = 1
llama_context: flash_attn    = auto
llama_context: kv_unified    = false
llama_context: freq_base     = 1000000.0
llama_context: freq_scale    = 1
llama_context: n_rs_seq      = 0
llama_context: n_outputs_max = 781
llama_context: n_ctx_seq (1024) < n_ctx_train (32768) -- the full capacity of the model will not be utilized
set_abort_callback: call
llama_context:  CUDA_Host  output buffer size =     0.58 MiB
llama_kv_cache: layer   0: dev = CPU
llama_kv_cache: layer   1: dev = CPU
llama_kv_cache: layer   2: dev = CPU
llama_kv_cache: layer   3: dev = CUDA0
llama_kv_cache: layer   4: dev = CUDA0
llama_kv_cache: layer   5: dev = CUDA0
llama_kv_cache: layer   6: dev = CUDA0
llama_kv_cache: layer   7: dev = CUDA0
llama_kv_cache: layer   8: dev = CUDA0
llama_kv_cache: layer   9: dev = CUDA0
llama_kv_cache: layer  10: dev = CUDA0
llama_kv_cache: layer  11: dev = CUDA0
llama_kv_cache: layer  12: dev = CUDA0
llama_kv_cache: layer  13: dev = CUDA0
llama_kv_cache: layer  14: dev = CUDA0
llama_kv_cache: layer  15: dev = CUDA0
llama_kv_cache: layer  16: dev = CUDA0
llama_kv_cache: layer  17: dev = CUDA0
llama_kv_cache: layer  18: dev = CUDA0
llama_kv_cache: layer  19: dev = CUDA0
llama_kv_cache: layer  20: dev = CUDA0
llama_kv_cache: layer  21: dev = CUDA0
llama_kv_cache: layer  22: dev = CUDA0
llama_kv_cache: layer  23: dev = CUDA0
llama_kv_cache: layer  24: dev = CUDA0
llama_kv_cache: layer  25: dev = CUDA0
llama_kv_cache: layer  26: dev = CUDA0
llama_kv_cache: layer  27: dev = CUDA0
llama_kv_cache:        CPU KV buffer size =     6.00 MiB
llama_kv_cache:      CUDA0 KV buffer size =    50.00 MiB
llama_kv_cache: size =   56.00 MiB (  1024 cells,  28 layers,  1/1 seqs), K (f16):   28.00 MiB, V (f16):   28.00 MiB
llama_kv_cache: attn_rot_k = 0, n_embd_head_k_all = 128
llama_kv_cache: attn_rot_v = 0, n_embd_head_k_all = 128
llama_context: enumerating backends
llama_context: backend_ptrs.size() = 2
sched_reserve: reserving ...
sched_reserve: max_nodes = 2712
sched_reserve: reserving full memory module
sched_reserve: worst-case: n_tokens = 512, n_seqs = 1, n_outputs = 1
graph_reserve: reserving a graph for ubatch with n_tokens =    1, n_seqs =  1, n_outputs =    1
sched_reserve: Flash Attention was auto, set to enabled
sched_reserve: resolving fused Gated Delta Net support:
graph_reserve: reserving a graph for ubatch with n_tokens =    1, n_seqs =  1, n_outputs =    1
sched_reserve: fused Gated Delta Net (autoregressive) enabled
graph_reserve: reserving a graph for ubatch with n_tokens =   16, n_seqs =  1, n_outputs =   16
sched_reserve: fused Gated Delta Net (chunked) enabled
graph_reserve: reserving a graph for ubatch with n_tokens =  512, n_seqs =  1, n_outputs =  512
graph_reserve: reserving a graph for ubatch with n_tokens =    1, n_seqs =  1, n_outputs =    1
graph_reserve: reserving a graph for ubatch with n_tokens =  512, n_seqs =  1, n_outputs =  512
sched_reserve:      CUDA0 compute buffer size =   304.00 MiB
sched_reserve:  CUDA_Host compute buffer size =    15.01 MiB
sched_reserve: graph nodes  = 958
sched_reserve: graph splits = 44 (with bs=512), 2 (with bs=1)
sched_reserve: reserve took 18.63 ms, sched copies = 1
CUDA Graph id 13224 reused
ggml_backend_cuda_graph_compute: CUDA graph warmup complete
CUDA Graph id 13224 reused
CUDA Graph id 13224 reused
CUDA Graph id 13224 reused
CUDA Graph id 13224 reused
CUDA Graph id 13224 reused
CUDA Graph id 13224 reused
CUDA Graph id 13224 reused
CUDA Graph id 13224 reused
CUDA Graph id 13224 reused
CUDA Graph id 13224 reused
CUDA Graph id 13224 reused
CUDA Graph id 13224 reused
CUDA Graph id 13224 reused
CUDA Graph id 13224 reused
CUDA Graph id 13224 reused
CUDA Graph id 13224 reused
CUDA Graph id 13224 reused
CUDA Graph id 13224 reused
CUDA Graph id 13224 reused
CUDA Graph id 13224 reused
CUDA Graph id 13224 reused
CUDA Graph id 13224 reused
CUDA Graph id 13224 reused
CUDA Graph id 13224 reused
CUDA Graph id 13224 reused
CUDA Graph id 13224 reused
CUDA Graph id 13224 reused
CUDA Graph id 13224 reused
CUDA Graph id 13224 reused
CUDA Graph id 13224 reused
CUDA Graph id 13224 reused
CUDA Graph id 13224 reused
CUDA Graph id 13224 reused
CUDA Graph id 13224 reused
CUDA Graph id 13224 reused
CUDA Graph id 13224 reused
CUDA Graph id 13224 reused
CUDA Graph id 13224 reused
CUDA Graph id 13224 reused
CUDA Graph id 13224 reused
CUDA Graph id 13224 reused
CUDA Graph id 13224 reused
CUDA Graph id 13224 reused
CUDA Graph id 13224 reused
CUDA Graph id 13224 reused
CUDA Graph id 13224 reused
CUDA Graph id 13224 reused
CUDA Graph id 13224 reused
CUDA Graph id 13224 reused
CUDA Graph id 13224 reused
CUDA Graph id 13224 reused
CUDA Graph id 13224 reused
CUDA Graph id 13224 reused
CUDA Graph id 13224 reused
CUDA Graph id 13224 reused
CUDA Graph id 13224 reused
CUDA Graph id 13224 reused
CUDA Graph id 13224 reused
CUDA Graph id 13224 reused
CUDA Graph id 13224 reused
CUDA Graph id 13224 reused
CUDA Graph id 13224 reused
CUDA Graph id 13224 reused
CUDA Graph id 13224 reused
CUDA Graph id 13224 reused
CUDA Graph id 13224 reused
CUDA Graph id 13224 reused
CUDA Graph id 13224 reused
CUDA Graph id 13224 reused
CUDA Graph id 13224 reused
CUDA Graph id 13224 reused
CUDA Graph id 13224 reused
CUDA Graph id 13224 reused
CUDA Graph id 13224 reused
CUDA Graph id 13224 reused
CUDA Graph id 13224 reused
CUDA Graph id 13224 reused
CUDA Graph id 13224 reused
CUDA Graph id 13224 reused
CUDA Graph id 13224 reused
CUDA Graph id 13224 reused
CUDA Graph id 13224 reused
CUDA Graph id 13224 reused
CUDA Graph id 13224 reused
CUDA Graph id 13224 reused
CUDA Graph id 13224 reused
CUDA Graph id 13224 reused
CUDA Graph id 13224 reused
CUDA Graph id 13224 reused
CUDA Graph id 13224 reused
CUDA Graph id 13224 reused
CUDA Graph id 13224 reused
CUDA Graph id 13224 reused
CUDA Graph id 13224 reused
CUDA Graph id 13224 reused
CUDA Graph id 13224 reused
CUDA Graph id 13224 reused
CUDA Graph id 13224 reused
CUDA Graph id 13224 reused
CUDA Graph id 13224 reused
CUDA Graph id 13224 reused
CUDA Graph id 13224 reused
CUDA Graph id 13224 reused
CUDA Graph id 13224 reused
CUDA Graph id 13224 reused
CUDA Graph id 13224 reused
CUDA Graph id 13224 reused
CUDA Graph id 13224 reused
CUDA Graph id 13224 reused
CUDA Graph id 13224 reused
CUDA Graph id 13224 reused
CUDA Graph id 13224 reused
CUDA Graph id 13224 reused
CUDA Graph id 13224 reused
CUDA Graph id 13224 reused
CUDA Graph id 13224 reused
CUDA Graph id 13224 reused
CUDA Graph id 13224 reused
CUDA Graph id 13224 reused
CUDA Graph id 13224 reused
CUDA Graph id 13224 reused
CUDA Graph id 13224 reused
CUDA Graph id 13224 reused
CUDA Graph id 13224 reused
CUDA Graph id 13224 reused
CUDA Graph id 13224 reused
CUDA Graph id 13224 reused
CUDA Graph id 13224 reused
CUDA Graph id 13224 reused
CUDA Graph id 13224 reused
CUDA Graph id 13224 reused
CUDA Graph id 13224 reused
CUDA Graph id 13224 reused
CUDA Graph id 13224 reused
CUDA Graph id 13224 reused
CUDA Graph id 13224 reused
CUDA Graph id 13224 reused
CUDA Graph id 13224 reused
CUDA Graph id 13224 reused
CUDA Graph id 13224 reused
CUDA Graph id 13224 reused
CUDA Graph id 13224 reused
CUDA Graph id 13224 reused
CUDA Graph id 13224 reused
CUDA Graph id 13224 reused
CUDA Graph id 13224 reused
CUDA Graph id 13224 reused
CUDA Graph id 13224 reused
CUDA Graph id 13224 reused
CUDA Graph id 13224 reused
CUDA Graph id 13224 reused
CUDA Graph id 13224 reused
~llama_context:      CUDA0 compute buffer size is 304.0000 MiB, matches expectation of 304.0000 MiB
~llama_context:  CUDA_Host compute buffer size is  15.0137 MiB, matches expectation of  15.0137 MiB
llama_context: constructing llama_context
llama_context: n_seq_max     = 1
llama_context: n_ctx         = 1024
llama_context: n_ctx_seq     = 1024
llama_context: n_batch       = 781
llama_context: n_ubatch      = 512
llama_context: causal_attn   = 1
llama_context: flash_attn    = auto
llama_context: kv_unified    = false
llama_context: freq_base     = 1000000.0
llama_context: freq_scale    = 1
llama_context: n_rs_seq      = 0
llama_context: n_outputs_max = 781
llama_context: n_ctx_seq (1024) < n_ctx_train (32768) -- the full capacity of the model will not be utilized
set_abort_callback: call
llama_context:  CUDA_Host  output buffer size =     0.58 MiB
llama_kv_cache: layer   0: dev = CPU
llama_kv_cache: layer   1: dev = CPU
llama_kv_cache: layer   2: dev = CPU
llama_kv_cache: layer   3: dev = CUDA0
llama_kv_cache: layer   4: dev = CUDA0
llama_kv_cache: layer   5: dev = CUDA0
llama_kv_cache: layer   6: dev = CUDA0
llama_kv_cache: layer   7: dev = CUDA0
llama_kv_cache: layer   8: dev = CUDA0
llama_kv_cache: layer   9: dev = CUDA0
llama_kv_cache: layer  10: dev = CUDA0
llama_kv_cache: layer  11: dev = CUDA0
llama_kv_cache: layer  12: dev = CUDA0
llama_kv_cache: layer  13: dev = CUDA0
llama_kv_cache: layer  14: dev = CUDA0
llama_kv_cache: layer  15: dev = CUDA0
llama_kv_cache: layer  16: dev = CUDA0
llama_kv_cache: layer  17: dev = CUDA0
llama_kv_cache: layer  18: dev = CUDA0
llama_kv_cache: layer  19: dev = CUDA0
llama_kv_cache: layer  20: dev = CUDA0
llama_kv_cache: layer  21: dev = CUDA0
llama_kv_cache: layer  22: dev = CUDA0
llama_kv_cache: layer  23: dev = CUDA0
llama_kv_cache: layer  24: dev = CUDA0
llama_kv_cache: layer  25: dev = CUDA0
llama_kv_cache: layer  26: dev = CUDA0
llama_kv_cache: layer  27: dev = CUDA0
llama_kv_cache:        CPU KV buffer size =     6.00 MiB
llama_kv_cache:      CUDA0 KV buffer size =    50.00 MiB
llama_kv_cache: size =   56.00 MiB (  1024 cells,  28 layers,  1/1 seqs), K (f16):   28.00 MiB, V (f16):   28.00 MiB
llama_kv_cache: attn_rot_k = 0, n_embd_head_k_all = 128
llama_kv_cache: attn_rot_v = 0, n_embd_head_k_all = 128
llama_context: enumerating backends
llama_context: backend_ptrs.size() = 2
sched_reserve: reserving ...
sched_reserve: max_nodes = 2712
sched_reserve: reserving full memory module
sched_reserve: worst-case: n_tokens = 512, n_seqs = 1, n_outputs = 1
graph_reserve: reserving a graph for ubatch with n_tokens =    1, n_seqs =  1, n_outputs =    1
sched_reserve: Flash Attention was auto, set to enabled
sched_reserve: resolving fused Gated Delta Net support:
graph_reserve: reserving a graph for ubatch with n_tokens =    1, n_seqs =  1, n_outputs =    1
sched_reserve: fused Gated Delta Net (autoregressive) enabled
graph_reserve: reserving a graph for ubatch with n_tokens =   16, n_seqs =  1, n_outputs =   16
sched_reserve: fused Gated Delta Net (chunked) enabled
graph_reserve: reserving a graph for ubatch with n_tokens =  512, n_seqs =  1, n_outputs =  512
graph_reserve: reserving a graph for ubatch with n_tokens =    1, n_seqs =  1, n_outputs =    1
graph_reserve: reserving a graph for ubatch with n_tokens =  512, n_seqs =  1, n_outputs =  512
sched_reserve:      CUDA0 compute buffer size =   304.00 MiB
sched_reserve:  CUDA_Host compute buffer size =    15.01 MiB
sched_reserve: graph nodes  = 958
sched_reserve: graph splits = 44 (with bs=512), 2 (with bs=1)
sched_reserve: reserve took 12.26 ms, sched copies = 1
CUDA Graph id 13374 reused
ggml_backend_cuda_graph_compute: CUDA graph warmup complete
CUDA Graph id 13374 reused
CUDA Graph id 13374 reused
CUDA Graph id 13374 reused
CUDA Graph id 13374 reused
CUDA Graph id 13374 reused
CUDA Graph id 13374 reused
CUDA Graph id 13374 reused
CUDA Graph id 13374 reused
CUDA Graph id 13374 reused
CUDA Graph id 13374 reused
CUDA Graph id 13374 reused
CUDA Graph id 13374 reused
CUDA Graph id 13374 reused
CUDA Graph id 13374 reused
CUDA Graph id 13374 reused
CUDA Graph id 13374 reused
CUDA Graph id 13374 reused
CUDA Graph id 13374 reused
CUDA Graph id 13374 reused
CUDA Graph id 13374 reused
CUDA Graph id 13374 reused
CUDA Graph id 13374 reused
CUDA Graph id 13374 reused
CUDA Graph id 13374 reused
CUDA Graph id 13374 reused
CUDA Graph id 13374 reused
CUDA Graph id 13374 reused
CUDA Graph id 13374 reused
CUDA Graph id 13374 reused
CUDA Graph id 13374 reused
CUDA Graph id 13374 reused
CUDA Graph id 13374 reused
CUDA Graph id 13374 reused
CUDA Graph id 13374 reused
CUDA Graph id 13374 reused
CUDA Graph id 13374 reused
CUDA Graph id 13374 reused
CUDA Graph id 13374 reused
CUDA Graph id 13374 reused
CUDA Graph id 13374 reused
CUDA Graph id 13374 reused
CUDA Graph id 13374 reused
CUDA Graph id 13374 reused
CUDA Graph id 13374 reused
CUDA Graph id 13374 reused
CUDA Graph id 13374 reused
CUDA Graph id 13374 reused
CUDA Graph id 13374 reused
CUDA Graph id 13374 reused
CUDA Graph id 13374 reused
CUDA Graph id 13374 reused
CUDA Graph id 13374 reused
CUDA Graph id 13374 reused
CUDA Graph id 13374 reused
CUDA Graph id 13374 reused
CUDA Graph id 13374 reused
CUDA Graph id 13374 reused
CUDA Graph id 13374 reused
CUDA Graph id 13374 reused
CUDA Graph id 13374 reused
CUDA Graph id 13374 reused
CUDA Graph id 13374 reused
CUDA Graph id 13374 reused
CUDA Graph id 13374 reused
CUDA Graph id 13374 reused
CUDA Graph id 13374 reused
CUDA Graph id 13374 reused
CUDA Graph id 13374 reused
CUDA Graph id 13374 reused
CUDA Graph id 13374 reused
CUDA Graph id 13374 reused
~llama_context:      CUDA0 compute buffer size is 304.0000 MiB, matches expectation of 304.0000 MiB
~llama_context:  CUDA_Host compute buffer size is  15.0137 MiB, matches expectation of  15.0137 MiB
llama_context: constructing llama_context
llama_context: n_seq_max     = 1
llama_context: n_ctx         = 1024
llama_context: n_ctx_seq     = 1024
llama_context: n_batch       = 781
llama_context: n_ubatch      = 512
llama_context: causal_attn   = 1
llama_context: flash_attn    = auto
llama_context: kv_unified    = false
llama_context: freq_base     = 1000000.0
llama_context: freq_scale    = 1
llama_context: n_rs_seq      = 0
llama_context: n_outputs_max = 781
llama_context: n_ctx_seq (1024) < n_ctx_train (32768) -- the full capacity of the model will not be utilized
set_abort_callback: call
llama_context:  CUDA_Host  output buffer size =     0.58 MiB
llama_kv_cache: layer   0: dev = CPU
llama_kv_cache: layer   1: dev = CPU
llama_kv_cache: layer   2: dev = CPU
llama_kv_cache: layer   3: dev = CUDA0
llama_kv_cache: layer   4: dev = CUDA0
llama_kv_cache: layer   5: dev = CUDA0
llama_kv_cache: layer   6: dev = CUDA0
llama_kv_cache: layer   7: dev = CUDA0
llama_kv_cache: layer   8: dev = CUDA0
llama_kv_cache: layer   9: dev = CUDA0
llama_kv_cache: layer  10: dev = CUDA0
llama_kv_cache: layer  11: dev = CUDA0
llama_kv_cache: layer  12: dev = CUDA0
llama_kv_cache: layer  13: dev = CUDA0
llama_kv_cache: layer  14: dev = CUDA0
llama_kv_cache: layer  15: dev = CUDA0
llama_kv_cache: layer  16: dev = CUDA0
llama_kv_cache: layer  17: dev = CUDA0
llama_kv_cache: layer  18: dev = CUDA0
llama_kv_cache: layer  19: dev = CUDA0
llama_kv_cache: layer  20: dev = CUDA0
llama_kv_cache: layer  21: dev = CUDA0
llama_kv_cache: layer  22: dev = CUDA0
llama_kv_cache: layer  23: dev = CUDA0
llama_kv_cache: layer  24: dev = CUDA0
llama_kv_cache: layer  25: dev = CUDA0
llama_kv_cache: layer  26: dev = CUDA0
llama_kv_cache: layer  27: dev = CUDA0
llama_kv_cache:        CPU KV buffer size =     6.00 MiB
llama_kv_cache:      CUDA0 KV buffer size =    50.00 MiB
llama_kv_cache: size =   56.00 MiB (  1024 cells,  28 layers,  1/1 seqs), K (f16):   28.00 MiB, V (f16):   28.00 MiB
llama_kv_cache: attn_rot_k = 0, n_embd_head_k_all = 128
llama_kv_cache: attn_rot_v = 0, n_embd_head_k_all = 128
llama_context: enumerating backends
llama_context: backend_ptrs.size() = 2
sched_reserve: reserving ...
sched_reserve: max_nodes = 2712
sched_reserve: reserving full memory module
sched_reserve: worst-case: n_tokens = 512, n_seqs = 1, n_outputs = 1
graph_reserve: reserving a graph for ubatch with n_tokens =    1, n_seqs =  1, n_outputs =    1
sched_reserve: Flash Attention was auto, set to enabled
sched_reserve: resolving fused Gated Delta Net support:
graph_reserve: reserving a graph for ubatch with n_tokens =    1, n_seqs =  1, n_outputs =    1
sched_reserve: fused Gated Delta Net (autoregressive) enabled
graph_reserve: reserving a graph for ubatch with n_tokens =   16, n_seqs =  1, n_outputs =   16
sched_reserve: fused Gated Delta Net (chunked) enabled
graph_reserve: reserving a graph for ubatch with n_tokens =  512, n_seqs =  1, n_outputs =  512
graph_reserve: reserving a graph for ubatch with n_tokens =    1, n_seqs =  1, n_outputs =    1
graph_reserve: reserving a graph for ubatch with n_tokens =  512, n_seqs =  1, n_outputs =  512
sched_reserve:      CUDA0 compute buffer size =   304.00 MiB
sched_reserve:  CUDA_Host compute buffer size =    15.01 MiB
sched_reserve: graph nodes  = 958
sched_reserve: graph splits = 44 (with bs=512), 2 (with bs=1)
sched_reserve: reserve took 13.23 ms, sched copies = 1
CUDA Graph id 13524 reused
ggml_backend_cuda_graph_compute: CUDA graph warmup complete
CUDA Graph id 13524 reused
CUDA Graph id 13524 reused
CUDA Graph id 13524 reused
CUDA Graph id 13524 reused
CUDA Graph id 13524 reused
CUDA Graph id 13524 reused
CUDA Graph id 13524 reused
CUDA Graph id 13524 reused
CUDA Graph id 13524 reused
CUDA Graph id 13524 reused
CUDA Graph id 13524 reused
CUDA Graph id 13524 reused
CUDA Graph id 13524 reused
CUDA Graph id 13524 reused
CUDA Graph id 13524 reused
CUDA Graph id 13524 reused
CUDA Graph id 13524 reused
CUDA Graph id 13524 reused
CUDA Graph id 13524 reused
CUDA Graph id 13524 reused
CUDA Graph id 13524 reused
CUDA Graph id 13524 reused
CUDA Graph id 13524 reused
CUDA Graph id 13524 reused
CUDA Graph id 13524 reused
CUDA Graph id 13524 reused
CUDA Graph id 13524 reused
CUDA Graph id 13524 reused
CUDA Graph id 13524 reused
CUDA Graph id 13524 reused
CUDA Graph id 13524 reused
CUDA Graph id 13524 reused
CUDA Graph id 13524 reused
CUDA Graph id 13524 reused
CUDA Graph id 13524 reused
CUDA Graph id 13524 reused
CUDA Graph id 13524 reused
CUDA Graph id 13524 reused
CUDA Graph id 13524 reused
CUDA Graph id 13524 reused
CUDA Graph id 13524 reused
CUDA Graph id 13524 reused
CUDA Graph id 13524 reused
CUDA Graph id 13524 reused
CUDA Graph id 13524 reused
CUDA Graph id 13524 reused
CUDA Graph id 13524 reused
CUDA Graph id 13524 reused
CUDA Graph id 13524 reused
CUDA Graph id 13524 reused
CUDA Graph id 13524 reused
~llama_context:      CUDA0 compute buffer size is 304.0000 MiB, matches expectation of 304.0000 MiB
~llama_context:  CUDA_Host compute buffer size is  15.0137 MiB, matches expectation of  15.0137 MiB
schema 165/175 done
llama_context: constructing llama_context
llama_context: n_seq_max     = 1
llama_context: n_ctx         = 1280
llama_context: n_ctx_seq     = 1280
llama_context: n_batch       = 1083
llama_context: n_ubatch      = 512
llama_context: causal_attn   = 1
llama_context: flash_attn    = auto
llama_context: kv_unified    = false
llama_context: freq_base     = 1000000.0
llama_context: freq_scale    = 1
llama_context: n_rs_seq      = 0
llama_context: n_outputs_max = 1083
llama_context: n_ctx_seq (1280) < n_ctx_train (32768) -- the full capacity of the model will not be utilized
set_abort_callback: call
llama_context:  CUDA_Host  output buffer size =     0.58 MiB
llama_kv_cache: layer   0: dev = CPU
llama_kv_cache: layer   1: dev = CPU
llama_kv_cache: layer   2: dev = CPU
llama_kv_cache: layer   3: dev = CUDA0
llama_kv_cache: layer   4: dev = CUDA0
llama_kv_cache: layer   5: dev = CUDA0
llama_kv_cache: layer   6: dev = CUDA0
llama_kv_cache: layer   7: dev = CUDA0
llama_kv_cache: layer   8: dev = CUDA0
llama_kv_cache: layer   9: dev = CUDA0
llama_kv_cache: layer  10: dev = CUDA0
llama_kv_cache: layer  11: dev = CUDA0
llama_kv_cache: layer  12: dev = CUDA0
llama_kv_cache: layer  13: dev = CUDA0
llama_kv_cache: layer  14: dev = CUDA0
llama_kv_cache: layer  15: dev = CUDA0
llama_kv_cache: layer  16: dev = CUDA0
llama_kv_cache: layer  17: dev = CUDA0
llama_kv_cache: layer  18: dev = CUDA0
llama_kv_cache: layer  19: dev = CUDA0
llama_kv_cache: layer  20: dev = CUDA0
llama_kv_cache: layer  21: dev = CUDA0
llama_kv_cache: layer  22: dev = CUDA0
llama_kv_cache: layer  23: dev = CUDA0
llama_kv_cache: layer  24: dev = CUDA0
llama_kv_cache: layer  25: dev = CUDA0
llama_kv_cache: layer  26: dev = CUDA0
llama_kv_cache: layer  27: dev = CUDA0
llama_kv_cache:        CPU KV buffer size =     7.50 MiB
llama_kv_cache:      CUDA0 KV buffer size =    62.50 MiB
llama_kv_cache: size =   70.00 MiB (  1280 cells,  28 layers,  1/1 seqs), K (f16):   35.00 MiB, V (f16):   35.00 MiB
llama_kv_cache: attn_rot_k = 0, n_embd_head_k_all = 128
llama_kv_cache: attn_rot_v = 0, n_embd_head_k_all = 128
llama_context: enumerating backends
llama_context: backend_ptrs.size() = 2
sched_reserve: reserving ...
sched_reserve: max_nodes = 2712
sched_reserve: reserving full memory module
sched_reserve: worst-case: n_tokens = 512, n_seqs = 1, n_outputs = 1
graph_reserve: reserving a graph for ubatch with n_tokens =    1, n_seqs =  1, n_outputs =    1
sched_reserve: Flash Attention was auto, set to enabled
sched_reserve: resolving fused Gated Delta Net support:
graph_reserve: reserving a graph for ubatch with n_tokens =    1, n_seqs =  1, n_outputs =    1
sched_reserve: fused Gated Delta Net (autoregressive) enabled
graph_reserve: reserving a graph for ubatch with n_tokens =   16, n_seqs =  1, n_outputs =   16
sched_reserve: fused Gated Delta Net (chunked) enabled
graph_reserve: reserving a graph for ubatch with n_tokens =  512, n_seqs =  1, n_outputs =  512
graph_reserve: reserving a graph for ubatch with n_tokens =    1, n_seqs =  1, n_outputs =    1
graph_reserve: reserving a graph for ubatch with n_tokens =  512, n_seqs =  1, n_outputs =  512
sched_reserve:      CUDA0 compute buffer size =   304.00 MiB
sched_reserve:  CUDA_Host compute buffer size =    15.26 MiB
sched_reserve: graph nodes  = 958
sched_reserve: graph splits = 44 (with bs=512), 2 (with bs=1)
sched_reserve: reserve took 12.65 ms, sched copies = 1
CUDA Graph id 13719 reused
ggml_backend_cuda_graph_compute: CUDA graph warmup complete
CUDA Graph id 13719 reused
CUDA Graph id 13719 reused
CUDA Graph id 13719 reused
CUDA Graph id 13719 reused
CUDA Graph id 13719 reused
CUDA Graph id 13719 reused
CUDA Graph id 13719 reused
CUDA Graph id 13719 reused
CUDA Graph id 13719 reused
CUDA Graph id 13719 reused
CUDA Graph id 13719 reused
CUDA Graph id 13719 reused
CUDA Graph id 13719 reused
CUDA Graph id 13719 reused
~llama_context:      CUDA0 compute buffer size is 304.0000 MiB, matches expectation of 304.0000 MiB
~llama_context:  CUDA_Host compute buffer size is  15.2637 MiB, matches expectation of  15.2637 MiB
llama_context: constructing llama_context
llama_context: n_seq_max     = 1
llama_context: n_ctx         = 1280
llama_context: n_ctx_seq     = 1280
llama_context: n_batch       = 1083
llama_context: n_ubatch      = 512
llama_context: causal_attn   = 1
llama_context: flash_attn    = auto
llama_context: kv_unified    = false
llama_context: freq_base     = 1000000.0
llama_context: freq_scale    = 1
llama_context: n_rs_seq      = 0
llama_context: n_outputs_max = 1083
llama_context: n_ctx_seq (1280) < n_ctx_train (32768) -- the full capacity of the model will not be utilized
set_abort_callback: call
llama_context:  CUDA_Host  output buffer size =     0.58 MiB
llama_kv_cache: layer   0: dev = CPU
llama_kv_cache: layer   1: dev = CPU
llama_kv_cache: layer   2: dev = CPU
llama_kv_cache: layer   3: dev = CUDA0
llama_kv_cache: layer   4: dev = CUDA0
llama_kv_cache: layer   5: dev = CUDA0
llama_kv_cache: layer   6: dev = CUDA0
llama_kv_cache: layer   7: dev = CUDA0
llama_kv_cache: layer   8: dev = CUDA0
llama_kv_cache: layer   9: dev = CUDA0
llama_kv_cache: layer  10: dev = CUDA0
llama_kv_cache: layer  11: dev = CUDA0
llama_kv_cache: layer  12: dev = CUDA0
llama_kv_cache: layer  13: dev = CUDA0
llama_kv_cache: layer  14: dev = CUDA0
llama_kv_cache: layer  15: dev = CUDA0
llama_kv_cache: layer  16: dev = CUDA0
llama_kv_cache: layer  17: dev = CUDA0
llama_kv_cache: layer  18: dev = CUDA0
llama_kv_cache: layer  19: dev = CUDA0
llama_kv_cache: layer  20: dev = CUDA0
llama_kv_cache: layer  21: dev = CUDA0
llama_kv_cache: layer  22: dev = CUDA0
llama_kv_cache: layer  23: dev = CUDA0
llama_kv_cache: layer  24: dev = CUDA0
llama_kv_cache: layer  25: dev = CUDA0
llama_kv_cache: layer  26: dev = CUDA0
llama_kv_cache: layer  27: dev = CUDA0
llama_kv_cache:        CPU KV buffer size =     7.50 MiB
llama_kv_cache:      CUDA0 KV buffer size =    62.50 MiB
llama_kv_cache: size =   70.00 MiB (  1280 cells,  28 layers,  1/1 seqs), K (f16):   35.00 MiB, V (f16):   35.00 MiB
llama_kv_cache: attn_rot_k = 0, n_embd_head_k_all = 128
llama_kv_cache: attn_rot_v = 0, n_embd_head_k_all = 128
llama_context: enumerating backends
llama_context: backend_ptrs.size() = 2
sched_reserve: reserving ...
sched_reserve: max_nodes = 2712
sched_reserve: reserving full memory module
sched_reserve: worst-case: n_tokens = 512, n_seqs = 1, n_outputs = 1
graph_reserve: reserving a graph for ubatch with n_tokens =    1, n_seqs =  1, n_outputs =    1
sched_reserve: Flash Attention was auto, set to enabled
sched_reserve: resolving fused Gated Delta Net support:
graph_reserve: reserving a graph for ubatch with n_tokens =    1, n_seqs =  1, n_outputs =    1
sched_reserve: fused Gated Delta Net (autoregressive) enabled
graph_reserve: reserving a graph for ubatch with n_tokens =   16, n_seqs =  1, n_outputs =   16
sched_reserve: fused Gated Delta Net (chunked) enabled
graph_reserve: reserving a graph for ubatch with n_tokens =  512, n_seqs =  1, n_outputs =  512
graph_reserve: reserving a graph for ubatch with n_tokens =    1, n_seqs =  1, n_outputs =    1
graph_reserve: reserving a graph for ubatch with n_tokens =  512, n_seqs =  1, n_outputs =  512
sched_reserve:      CUDA0 compute buffer size =   304.00 MiB
sched_reserve:  CUDA_Host compute buffer size =    15.26 MiB
sched_reserve: graph nodes  = 958
sched_reserve: graph splits = 44 (with bs=512), 2 (with bs=1)
sched_reserve: reserve took 13.31 ms, sched copies = 1
CUDA Graph id 13914 reused
ggml_backend_cuda_graph_compute: CUDA graph warmup complete
CUDA Graph id 13914 reused
CUDA Graph id 13914 reused
CUDA Graph id 13914 reused
CUDA Graph id 13914 reused
CUDA Graph id 13914 reused
CUDA Graph id 13914 reused
CUDA Graph id 13914 reused
CUDA Graph id 13914 reused
CUDA Graph id 13914 reused
CUDA Graph id 13914 reused
CUDA Graph id 13914 reused
CUDA Graph id 13914 reused
CUDA Graph id 13914 reused
CUDA Graph id 13914 reused
~llama_context:      CUDA0 compute buffer size is 304.0000 MiB, matches expectation of 304.0000 MiB
~llama_context:  CUDA_Host compute buffer size is  15.2637 MiB, matches expectation of  15.2637 MiB
llama_context: constructing llama_context
llama_context: n_seq_max     = 1
llama_context: n_ctx         = 1280
llama_context: n_ctx_seq     = 1280
llama_context: n_batch       = 1083
llama_context: n_ubatch      = 512
llama_context: causal_attn   = 1
llama_context: flash_attn    = auto
llama_context: kv_unified    = false
llama_context: freq_base     = 1000000.0
llama_context: freq_scale    = 1
llama_context: n_rs_seq      = 0
llama_context: n_outputs_max = 1083
llama_context: n_ctx_seq (1280) < n_ctx_train (32768) -- the full capacity of the model will not be utilized
set_abort_callback: call
llama_context:  CUDA_Host  output buffer size =     0.58 MiB
llama_kv_cache: layer   0: dev = CPU
llama_kv_cache: layer   1: dev = CPU
llama_kv_cache: layer   2: dev = CPU
llama_kv_cache: layer   3: dev = CUDA0
llama_kv_cache: layer   4: dev = CUDA0
llama_kv_cache: layer   5: dev = CUDA0
llama_kv_cache: layer   6: dev = CUDA0
llama_kv_cache: layer   7: dev = CUDA0
llama_kv_cache: layer   8: dev = CUDA0
llama_kv_cache: layer   9: dev = CUDA0
llama_kv_cache: layer  10: dev = CUDA0
llama_kv_cache: layer  11: dev = CUDA0
llama_kv_cache: layer  12: dev = CUDA0
llama_kv_cache: layer  13: dev = CUDA0
llama_kv_cache: layer  14: dev = CUDA0
llama_kv_cache: layer  15: dev = CUDA0
llama_kv_cache: layer  16: dev = CUDA0
llama_kv_cache: layer  17: dev = CUDA0
llama_kv_cache: layer  18: dev = CUDA0
llama_kv_cache: layer  19: dev = CUDA0
llama_kv_cache: layer  20: dev = CUDA0
llama_kv_cache: layer  21: dev = CUDA0
llama_kv_cache: layer  22: dev = CUDA0
llama_kv_cache: layer  23: dev = CUDA0
llama_kv_cache: layer  24: dev = CUDA0
llama_kv_cache: layer  25: dev = CUDA0
llama_kv_cache: layer  26: dev = CUDA0
llama_kv_cache: layer  27: dev = CUDA0
llama_kv_cache:        CPU KV buffer size =     7.50 MiB
llama_kv_cache:      CUDA0 KV buffer size =    62.50 MiB
llama_kv_cache: size =   70.00 MiB (  1280 cells,  28 layers,  1/1 seqs), K (f16):   35.00 MiB, V (f16):   35.00 MiB
llama_kv_cache: attn_rot_k = 0, n_embd_head_k_all = 128
llama_kv_cache: attn_rot_v = 0, n_embd_head_k_all = 128
llama_context: enumerating backends
llama_context: backend_ptrs.size() = 2
sched_reserve: reserving ...
sched_reserve: max_nodes = 2712
sched_reserve: reserving full memory module
sched_reserve: worst-case: n_tokens = 512, n_seqs = 1, n_outputs = 1
graph_reserve: reserving a graph for ubatch with n_tokens =    1, n_seqs =  1, n_outputs =    1
sched_reserve: Flash Attention was auto, set to enabled
sched_reserve: resolving fused Gated Delta Net support:
graph_reserve: reserving a graph for ubatch with n_tokens =    1, n_seqs =  1, n_outputs =    1
sched_reserve: fused Gated Delta Net (autoregressive) enabled
graph_reserve: reserving a graph for ubatch with n_tokens =   16, n_seqs =  1, n_outputs =   16
sched_reserve: fused Gated Delta Net (chunked) enabled
graph_reserve: reserving a graph for ubatch with n_tokens =  512, n_seqs =  1, n_outputs =  512
graph_reserve: reserving a graph for ubatch with n_tokens =    1, n_seqs =  1, n_outputs =    1
graph_reserve: reserving a graph for ubatch with n_tokens =  512, n_seqs =  1, n_outputs =  512
sched_reserve:      CUDA0 compute buffer size =   304.00 MiB
sched_reserve:  CUDA_Host compute buffer size =    15.26 MiB
sched_reserve: graph nodes  = 958
sched_reserve: graph splits = 44 (with bs=512), 2 (with bs=1)
sched_reserve: reserve took 14.04 ms, sched copies = 1
CUDA Graph id 14109 reused
ggml_backend_cuda_graph_compute: CUDA graph warmup complete
CUDA Graph id 14109 reused
CUDA Graph id 14109 reused
CUDA Graph id 14109 reused
CUDA Graph id 14109 reused
CUDA Graph id 14109 reused
CUDA Graph id 14109 reused
CUDA Graph id 14109 reused
CUDA Graph id 14109 reused
CUDA Graph id 14109 reused
CUDA Graph id 14109 reused
CUDA Graph id 14109 reused
CUDA Graph id 14109 reused
~llama_context:      CUDA0 compute buffer size is 304.0000 MiB, matches expectation of 304.0000 MiB
~llama_context:  CUDA_Host compute buffer size is  15.2637 MiB, matches expectation of  15.2637 MiB
llama_context: constructing llama_context
llama_context: n_seq_max     = 1
llama_context: n_ctx         = 1280
llama_context: n_ctx_seq     = 1280
llama_context: n_batch       = 1083
llama_context: n_ubatch      = 512
llama_context: causal_attn   = 1
llama_context: flash_attn    = auto
llama_context: kv_unified    = false
llama_context: freq_base     = 1000000.0
llama_context: freq_scale    = 1
llama_context: n_rs_seq      = 0
llama_context: n_outputs_max = 1083
llama_context: n_ctx_seq (1280) < n_ctx_train (32768) -- the full capacity of the model will not be utilized
set_abort_callback: call
llama_context:  CUDA_Host  output buffer size =     0.58 MiB
llama_kv_cache: layer   0: dev = CPU
llama_kv_cache: layer   1: dev = CPU
llama_kv_cache: layer   2: dev = CPU
llama_kv_cache: layer   3: dev = CUDA0
llama_kv_cache: layer   4: dev = CUDA0
llama_kv_cache: layer   5: dev = CUDA0
llama_kv_cache: layer   6: dev = CUDA0
llama_kv_cache: layer   7: dev = CUDA0
llama_kv_cache: layer   8: dev = CUDA0
llama_kv_cache: layer   9: dev = CUDA0
llama_kv_cache: layer  10: dev = CUDA0
llama_kv_cache: layer  11: dev = CUDA0
llama_kv_cache: layer  12: dev = CUDA0
llama_kv_cache: layer  13: dev = CUDA0
llama_kv_cache: layer  14: dev = CUDA0
llama_kv_cache: layer  15: dev = CUDA0
llama_kv_cache: layer  16: dev = CUDA0
llama_kv_cache: layer  17: dev = CUDA0
llama_kv_cache: layer  18: dev = CUDA0
llama_kv_cache: layer  19: dev = CUDA0
llama_kv_cache: layer  20: dev = CUDA0
llama_kv_cache: layer  21: dev = CUDA0
llama_kv_cache: layer  22: dev = CUDA0
llama_kv_cache: layer  23: dev = CUDA0
llama_kv_cache: layer  24: dev = CUDA0
llama_kv_cache: layer  25: dev = CUDA0
llama_kv_cache: layer  26: dev = CUDA0
llama_kv_cache: layer  27: dev = CUDA0
llama_kv_cache:        CPU KV buffer size =     7.50 MiB
llama_kv_cache:      CUDA0 KV buffer size =    62.50 MiB
llama_kv_cache: size =   70.00 MiB (  1280 cells,  28 layers,  1/1 seqs), K (f16):   35.00 MiB, V (f16):   35.00 MiB
llama_kv_cache: attn_rot_k = 0, n_embd_head_k_all = 128
llama_kv_cache: attn_rot_v = 0, n_embd_head_k_all = 128
llama_context: enumerating backends
llama_context: backend_ptrs.size() = 2
sched_reserve: reserving ...
sched_reserve: max_nodes = 2712
sched_reserve: reserving full memory module
sched_reserve: worst-case: n_tokens = 512, n_seqs = 1, n_outputs = 1
graph_reserve: reserving a graph for ubatch with n_tokens =    1, n_seqs =  1, n_outputs =    1
sched_reserve: Flash Attention was auto, set to enabled
sched_reserve: resolving fused Gated Delta Net support:
graph_reserve: reserving a graph for ubatch with n_tokens =    1, n_seqs =  1, n_outputs =    1
sched_reserve: fused Gated Delta Net (autoregressive) enabled
graph_reserve: reserving a graph for ubatch with n_tokens =   16, n_seqs =  1, n_outputs =   16
sched_reserve: fused Gated Delta Net (chunked) enabled
graph_reserve: reserving a graph for ubatch with n_tokens =  512, n_seqs =  1, n_outputs =  512
graph_reserve: reserving a graph for ubatch with n_tokens =    1, n_seqs =  1, n_outputs =    1
graph_reserve: reserving a graph for ubatch with n_tokens =  512, n_seqs =  1, n_outputs =  512
sched_reserve:      CUDA0 compute buffer size =   304.00 MiB
sched_reserve:  CUDA_Host compute buffer size =    15.26 MiB
sched_reserve: graph nodes  = 958
sched_reserve: graph splits = 44 (with bs=512), 2 (with bs=1)
sched_reserve: reserve took 22.96 ms, sched copies = 1
CUDA Graph id 14304 reused
ggml_backend_cuda_graph_compute: CUDA graph warmup complete
CUDA Graph id 14304 reused
CUDA Graph id 14304 reused
CUDA Graph id 14304 reused
CUDA Graph id 14304 reused
CUDA Graph id 14304 reused
CUDA Graph id 14304 reused
CUDA Graph id 14304 reused
CUDA Graph id 14304 reused
CUDA Graph id 14304 reused
CUDA Graph id 14304 reused
~llama_context:      CUDA0 compute buffer size is 304.0000 MiB, matches expectation of 304.0000 MiB
~llama_context:  CUDA_Host compute buffer size is  15.2637 MiB, matches expectation of  15.2637 MiB
llama_context: constructing llama_context
llama_context: n_seq_max     = 1
llama_context: n_ctx         = 1280
llama_context: n_ctx_seq     = 1280
llama_context: n_batch       = 1083
llama_context: n_ubatch      = 512
llama_context: causal_attn   = 1
llama_context: flash_attn    = auto
llama_context: kv_unified    = false
llama_context: freq_base     = 1000000.0
llama_context: freq_scale    = 1
llama_context: n_rs_seq      = 0
llama_context: n_outputs_max = 1083
llama_context: n_ctx_seq (1280) < n_ctx_train (32768) -- the full capacity of the model will not be utilized
set_abort_callback: call
llama_context:  CUDA_Host  output buffer size =     0.58 MiB
llama_kv_cache: layer   0: dev = CPU
llama_kv_cache: layer   1: dev = CPU
llama_kv_cache: layer   2: dev = CPU
llama_kv_cache: layer   3: dev = CUDA0
llama_kv_cache: layer   4: dev = CUDA0
llama_kv_cache: layer   5: dev = CUDA0
llama_kv_cache: layer   6: dev = CUDA0
llama_kv_cache: layer   7: dev = CUDA0
llama_kv_cache: layer   8: dev = CUDA0
llama_kv_cache: layer   9: dev = CUDA0
llama_kv_cache: layer  10: dev = CUDA0
llama_kv_cache: layer  11: dev = CUDA0
llama_kv_cache: layer  12: dev = CUDA0
llama_kv_cache: layer  13: dev = CUDA0
llama_kv_cache: layer  14: dev = CUDA0
llama_kv_cache: layer  15: dev = CUDA0
llama_kv_cache: layer  16: dev = CUDA0
llama_kv_cache: layer  17: dev = CUDA0
llama_kv_cache: layer  18: dev = CUDA0
llama_kv_cache: layer  19: dev = CUDA0
llama_kv_cache: layer  20: dev = CUDA0
llama_kv_cache: layer  21: dev = CUDA0
llama_kv_cache: layer  22: dev = CUDA0
llama_kv_cache: layer  23: dev = CUDA0
llama_kv_cache: layer  24: dev = CUDA0
llama_kv_cache: layer  25: dev = CUDA0
llama_kv_cache: layer  26: dev = CUDA0
llama_kv_cache: layer  27: dev = CUDA0
llama_kv_cache:        CPU KV buffer size =     7.50 MiB
llama_kv_cache:      CUDA0 KV buffer size =    62.50 MiB
llama_kv_cache: size =   70.00 MiB (  1280 cells,  28 layers,  1/1 seqs), K (f16):   35.00 MiB, V (f16):   35.00 MiB
llama_kv_cache: attn_rot_k = 0, n_embd_head_k_all = 128
llama_kv_cache: attn_rot_v = 0, n_embd_head_k_all = 128
llama_context: enumerating backends
llama_context: backend_ptrs.size() = 2
sched_reserve: reserving ...
sched_reserve: max_nodes = 2712
sched_reserve: reserving full memory module
sched_reserve: worst-case: n_tokens = 512, n_seqs = 1, n_outputs = 1
graph_reserve: reserving a graph for ubatch with n_tokens =    1, n_seqs =  1, n_outputs =    1
sched_reserve: Flash Attention was auto, set to enabled
sched_reserve: resolving fused Gated Delta Net support:
graph_reserve: reserving a graph for ubatch with n_tokens =    1, n_seqs =  1, n_outputs =    1
sched_reserve: fused Gated Delta Net (autoregressive) enabled
graph_reserve: reserving a graph for ubatch with n_tokens =   16, n_seqs =  1, n_outputs =   16
sched_reserve: fused Gated Delta Net (chunked) enabled
graph_reserve: reserving a graph for ubatch with n_tokens =  512, n_seqs =  1, n_outputs =  512
graph_reserve: reserving a graph for ubatch with n_tokens =    1, n_seqs =  1, n_outputs =    1
graph_reserve: reserving a graph for ubatch with n_tokens =  512, n_seqs =  1, n_outputs =  512
sched_reserve:      CUDA0 compute buffer size =   304.00 MiB
sched_reserve:  CUDA_Host compute buffer size =    15.26 MiB
sched_reserve: graph nodes  = 958
sched_reserve: graph splits = 44 (with bs=512), 2 (with bs=1)
sched_reserve: reserve took 16.12 ms, sched copies = 1
CUDA Graph id 14499 reused
ggml_backend_cuda_graph_compute: CUDA graph warmup complete
CUDA Graph id 14499 reused
CUDA Graph id 14499 reused
CUDA Graph id 14499 reused
CUDA Graph id 14499 reused
CUDA Graph id 14499 reused
CUDA Graph id 14499 reused
~llama_context:      CUDA0 compute buffer size is 304.0000 MiB, matches expectation of 304.0000 MiB
~llama_context:  CUDA_Host compute buffer size is  15.2637 MiB, matches expectation of  15.2637 MiB
llama_context: constructing llama_context
llama_context: n_seq_max     = 1
llama_context: n_ctx         = 1280
llama_context: n_ctx_seq     = 1280
llama_context: n_batch       = 1083
llama_context: n_ubatch      = 512
llama_context: causal_attn   = 1
llama_context: flash_attn    = auto
llama_context: kv_unified    = false
llama_context: freq_base     = 1000000.0
llama_context: freq_scale    = 1
llama_context: n_rs_seq      = 0
llama_context: n_outputs_max = 1083
llama_context: n_ctx_seq (1280) < n_ctx_train (32768) -- the full capacity of the model will not be utilized
set_abort_callback: call
llama_context:  CUDA_Host  output buffer size =     0.58 MiB
llama_kv_cache: layer   0: dev = CPU
llama_kv_cache: layer   1: dev = CPU
llama_kv_cache: layer   2: dev = CPU
llama_kv_cache: layer   3: dev = CUDA0
llama_kv_cache: layer   4: dev = CUDA0
llama_kv_cache: layer   5: dev = CUDA0
llama_kv_cache: layer   6: dev = CUDA0
llama_kv_cache: layer   7: dev = CUDA0
llama_kv_cache: layer   8: dev = CUDA0
llama_kv_cache: layer   9: dev = CUDA0
llama_kv_cache: layer  10: dev = CUDA0
llama_kv_cache: layer  11: dev = CUDA0
llama_kv_cache: layer  12: dev = CUDA0
llama_kv_cache: layer  13: dev = CUDA0
llama_kv_cache: layer  14: dev = CUDA0
llama_kv_cache: layer  15: dev = CUDA0
llama_kv_cache: layer  16: dev = CUDA0
llama_kv_cache: layer  17: dev = CUDA0
llama_kv_cache: layer  18: dev = CUDA0
llama_kv_cache: layer  19: dev = CUDA0
llama_kv_cache: layer  20: dev = CUDA0
llama_kv_cache: layer  21: dev = CUDA0
llama_kv_cache: layer  22: dev = CUDA0
llama_kv_cache: layer  23: dev = CUDA0
llama_kv_cache: layer  24: dev = CUDA0
llama_kv_cache: layer  25: dev = CUDA0
llama_kv_cache: layer  26: dev = CUDA0
llama_kv_cache: layer  27: dev = CUDA0
llama_kv_cache:        CPU KV buffer size =     7.50 MiB
llama_kv_cache:      CUDA0 KV buffer size =    62.50 MiB
llama_kv_cache: size =   70.00 MiB (  1280 cells,  28 layers,  1/1 seqs), K (f16):   35.00 MiB, V (f16):   35.00 MiB
llama_kv_cache: attn_rot_k = 0, n_embd_head_k_all = 128
llama_kv_cache: attn_rot_v = 0, n_embd_head_k_all = 128
llama_context: enumerating backends
llama_context: backend_ptrs.size() = 2
sched_reserve: reserving ...
sched_reserve: max_nodes = 2712
sched_reserve: reserving full memory module
sched_reserve: worst-case: n_tokens = 512, n_seqs = 1, n_outputs = 1
graph_reserve: reserving a graph for ubatch with n_tokens =    1, n_seqs =  1, n_outputs =    1
sched_reserve: Flash Attention was auto, set to enabled
sched_reserve: resolving fused Gated Delta Net support:
graph_reserve: reserving a graph for ubatch with n_tokens =    1, n_seqs =  1, n_outputs =    1
sched_reserve: fused Gated Delta Net (autoregressive) enabled
graph_reserve: reserving a graph for ubatch with n_tokens =   16, n_seqs =  1, n_outputs =   16
sched_reserve: fused Gated Delta Net (chunked) enabled
graph_reserve: reserving a graph for ubatch with n_tokens =  512, n_seqs =  1, n_outputs =  512
graph_reserve: reserving a graph for ubatch with n_tokens =    1, n_seqs =  1, n_outputs =    1
graph_reserve: reserving a graph for ubatch with n_tokens =  512, n_seqs =  1, n_outputs =  512
sched_reserve:      CUDA0 compute buffer size =   304.00 MiB
sched_reserve:  CUDA_Host compute buffer size =    15.26 MiB
sched_reserve: graph nodes  = 958
sched_reserve: graph splits = 44 (with bs=512), 2 (with bs=1)
sched_reserve: reserve took 15.44 ms, sched copies = 1
CUDA Graph id 14694 reused
ggml_backend_cuda_graph_compute: CUDA graph warmup complete
CUDA Graph id 14694 reused
CUDA Graph id 14694 reused
CUDA Graph id 14694 reused
CUDA Graph id 14694 reused
CUDA Graph id 14694 reused
CUDA Graph id 14694 reused
CUDA Graph id 14694 reused
CUDA Graph id 14694 reused
~llama_context:      CUDA0 compute buffer size is 304.0000 MiB, matches expectation of 304.0000 MiB
~llama_context:  CUDA_Host compute buffer size is  15.2637 MiB, matches expectation of  15.2637 MiB
schema 166/175 done
llama_context: constructing llama_context
llama_context: n_seq_max     = 1
llama_context: n_ctx         = 768
llama_context: n_ctx_seq     = 768
llama_context: n_batch       = 719
llama_context: n_ubatch      = 512
llama_context: causal_attn   = 1
llama_context: flash_attn    = auto
llama_context: kv_unified    = false
llama_context: freq_base     = 1000000.0
llama_context: freq_scale    = 1
llama_context: n_rs_seq      = 0
llama_context: n_outputs_max = 719
llama_context: n_ctx_seq (768) < n_ctx_train (32768) -- the full capacity of the model will not be utilized
set_abort_callback: call
llama_context:  CUDA_Host  output buffer size =     0.58 MiB
llama_kv_cache: layer   0: dev = CPU
llama_kv_cache: layer   1: dev = CPU
llama_kv_cache: layer   2: dev = CPU
llama_kv_cache: layer   3: dev = CUDA0
llama_kv_cache: layer   4: dev = CUDA0
llama_kv_cache: layer   5: dev = CUDA0
llama_kv_cache: layer   6: dev = CUDA0
llama_kv_cache: layer   7: dev = CUDA0
llama_kv_cache: layer   8: dev = CUDA0
llama_kv_cache: layer   9: dev = CUDA0
llama_kv_cache: layer  10: dev = CUDA0
llama_kv_cache: layer  11: dev = CUDA0
llama_kv_cache: layer  12: dev = CUDA0
llama_kv_cache: layer  13: dev = CUDA0
llama_kv_cache: layer  14: dev = CUDA0
llama_kv_cache: layer  15: dev = CUDA0
llama_kv_cache: layer  16: dev = CUDA0
llama_kv_cache: layer  17: dev = CUDA0
llama_kv_cache: layer  18: dev = CUDA0
llama_kv_cache: layer  19: dev = CUDA0
llama_kv_cache: layer  20: dev = CUDA0
llama_kv_cache: layer  21: dev = CUDA0
llama_kv_cache: layer  22: dev = CUDA0
llama_kv_cache: layer  23: dev = CUDA0
llama_kv_cache: layer  24: dev = CUDA0
llama_kv_cache: layer  25: dev = CUDA0
llama_kv_cache: layer  26: dev = CUDA0
llama_kv_cache: layer  27: dev = CUDA0
llama_kv_cache:        CPU KV buffer size =     4.50 MiB
llama_kv_cache:      CUDA0 KV buffer size =    37.50 MiB
llama_kv_cache: size =   42.00 MiB (   768 cells,  28 layers,  1/1 seqs), K (f16):   21.00 MiB, V (f16):   21.00 MiB
llama_kv_cache: attn_rot_k = 0, n_embd_head_k_all = 128
llama_kv_cache: attn_rot_v = 0, n_embd_head_k_all = 128
llama_context: enumerating backends
llama_context: backend_ptrs.size() = 2
sched_reserve: reserving ...
sched_reserve: max_nodes = 2712
sched_reserve: reserving full memory module
sched_reserve: worst-case: n_tokens = 512, n_seqs = 1, n_outputs = 1
graph_reserve: reserving a graph for ubatch with n_tokens =    1, n_seqs =  1, n_outputs =    1
sched_reserve: Flash Attention was auto, set to enabled
sched_reserve: resolving fused Gated Delta Net support:
graph_reserve: reserving a graph for ubatch with n_tokens =    1, n_seqs =  1, n_outputs =    1
sched_reserve: fused Gated Delta Net (autoregressive) enabled
graph_reserve: reserving a graph for ubatch with n_tokens =   16, n_seqs =  1, n_outputs =   16
sched_reserve: fused Gated Delta Net (chunked) enabled
graph_reserve: reserving a graph for ubatch with n_tokens =  512, n_seqs =  1, n_outputs =  512
graph_reserve: reserving a graph for ubatch with n_tokens =    1, n_seqs =  1, n_outputs =    1
graph_reserve: reserving a graph for ubatch with n_tokens =  512, n_seqs =  1, n_outputs =  512
sched_reserve:      CUDA0 compute buffer size =   304.00 MiB
sched_reserve:  CUDA_Host compute buffer size =    14.76 MiB
sched_reserve: graph nodes  = 958
sched_reserve: graph splits = 44 (with bs=512), 2 (with bs=1)
sched_reserve: reserve took 13.19 ms, sched copies = 1
CUDA Graph id 14844 reused
ggml_backend_cuda_graph_compute: CUDA graph warmup complete
CUDA Graph id 14844 reused
CUDA Graph id 14844 reused
CUDA Graph id 14844 reused
CUDA Graph id 14844 reused
CUDA Graph id 14844 reused
CUDA Graph id 14844 reused
CUDA Graph id 14844 reused
CUDA Graph id 14844 reused
CUDA Graph id 14844 reused
CUDA Graph id 14844 reused
CUDA Graph id 14844 reused
CUDA Graph id 14844 reused
CUDA Graph id 14844 reused
CUDA Graph id 14844 reused
CUDA Graph id 14844 reused
CUDA Graph id 14844 reused
CUDA Graph id 14844 reused
CUDA Graph id 14844 reused
CUDA Graph id 14844 reused
CUDA Graph id 14844 reused
CUDA Graph id 14844 reused
CUDA Graph id 14844 reused
CUDA Graph id 14844 reused
CUDA Graph id 14844 reused
CUDA Graph id 14844 reused
~llama_context:      CUDA0 compute buffer size is 304.0000 MiB, matches expectation of 304.0000 MiB
~llama_context:  CUDA_Host compute buffer size is  14.7637 MiB, matches expectation of  14.7637 MiB
llama_context: constructing llama_context
llama_context: n_seq_max     = 1
llama_context: n_ctx         = 768
llama_context: n_ctx_seq     = 768
llama_context: n_batch       = 719
llama_context: n_ubatch      = 512
llama_context: causal_attn   = 1
llama_context: flash_attn    = auto
llama_context: kv_unified    = false
llama_context: freq_base     = 1000000.0
llama_context: freq_scale    = 1
llama_context: n_rs_seq      = 0
llama_context: n_outputs_max = 719
llama_context: n_ctx_seq (768) < n_ctx_train (32768) -- the full capacity of the model will not be utilized
set_abort_callback: call
llama_context:  CUDA_Host  output buffer size =     0.58 MiB
llama_kv_cache: layer   0: dev = CPU
llama_kv_cache: layer   1: dev = CPU
llama_kv_cache: layer   2: dev = CPU
llama_kv_cache: layer   3: dev = CUDA0
llama_kv_cache: layer   4: dev = CUDA0
llama_kv_cache: layer   5: dev = CUDA0
llama_kv_cache: layer   6: dev = CUDA0
llama_kv_cache: layer   7: dev = CUDA0
llama_kv_cache: layer   8: dev = CUDA0
llama_kv_cache: layer   9: dev = CUDA0
llama_kv_cache: layer  10: dev = CUDA0
llama_kv_cache: layer  11: dev = CUDA0
llama_kv_cache: layer  12: dev = CUDA0
llama_kv_cache: layer  13: dev = CUDA0
llama_kv_cache: layer  14: dev = CUDA0
llama_kv_cache: layer  15: dev = CUDA0
llama_kv_cache: layer  16: dev = CUDA0
llama_kv_cache: layer  17: dev = CUDA0
llama_kv_cache: layer  18: dev = CUDA0
llama_kv_cache: layer  19: dev = CUDA0
llama_kv_cache: layer  20: dev = CUDA0
llama_kv_cache: layer  21: dev = CUDA0
llama_kv_cache: layer  22: dev = CUDA0
llama_kv_cache: layer  23: dev = CUDA0
llama_kv_cache: layer  24: dev = CUDA0
llama_kv_cache: layer  25: dev = CUDA0
llama_kv_cache: layer  26: dev = CUDA0
llama_kv_cache: layer  27: dev = CUDA0
llama_kv_cache:        CPU KV buffer size =     4.50 MiB
llama_kv_cache:      CUDA0 KV buffer size =    37.50 MiB
llama_kv_cache: size =   42.00 MiB (   768 cells,  28 layers,  1/1 seqs), K (f16):   21.00 MiB, V (f16):   21.00 MiB
llama_kv_cache: attn_rot_k = 0, n_embd_head_k_all = 128
llama_kv_cache: attn_rot_v = 0, n_embd_head_k_all = 128
llama_context: enumerating backends
llama_context: backend_ptrs.size() = 2
sched_reserve: reserving ...
sched_reserve: max_nodes = 2712
sched_reserve: reserving full memory module
sched_reserve: worst-case: n_tokens = 512, n_seqs = 1, n_outputs = 1
graph_reserve: reserving a graph for ubatch with n_tokens =    1, n_seqs =  1, n_outputs =    1
sched_reserve: Flash Attention was auto, set to enabled
sched_reserve: resolving fused Gated Delta Net support:
graph_reserve: reserving a graph for ubatch with n_tokens =    1, n_seqs =  1, n_outputs =    1
sched_reserve: fused Gated Delta Net (autoregressive) enabled
graph_reserve: reserving a graph for ubatch with n_tokens =   16, n_seqs =  1, n_outputs =   16
sched_reserve: fused Gated Delta Net (chunked) enabled
graph_reserve: reserving a graph for ubatch with n_tokens =  512, n_seqs =  1, n_outputs =  512
graph_reserve: reserving a graph for ubatch with n_tokens =    1, n_seqs =  1, n_outputs =    1
graph_reserve: reserving a graph for ubatch with n_tokens =  512, n_seqs =  1, n_outputs =  512
sched_reserve:      CUDA0 compute buffer size =   304.00 MiB
sched_reserve:  CUDA_Host compute buffer size =    14.76 MiB
sched_reserve: graph nodes  = 958
sched_reserve: graph splits = 44 (with bs=512), 2 (with bs=1)
sched_reserve: reserve took 14.98 ms, sched copies = 1
CUDA Graph id 14994 reused
ggml_backend_cuda_graph_compute: CUDA graph warmup complete
CUDA Graph id 14994 reused
CUDA Graph id 14994 reused
CUDA Graph id 14994 reused
CUDA Graph id 14994 reused
CUDA Graph id 14994 reused
CUDA Graph id 14994 reused
CUDA Graph id 14994 reused
CUDA Graph id 14994 reused
CUDA Graph id 14994 reused
CUDA Graph id 14994 reused
CUDA Graph id 14994 reused
CUDA Graph id 14994 reused
CUDA Graph id 14994 reused
CUDA Graph id 14994 reused
CUDA Graph id 14994 reused
CUDA Graph id 14994 reused
CUDA Graph id 14994 reused
CUDA Graph id 14994 reused
CUDA Graph id 14994 reused
CUDA Graph id 14994 reused
CUDA Graph id 14994 reused
CUDA Graph id 14994 reused
CUDA Graph id 14994 reused
CUDA Graph id 14994 reused
CUDA Graph id 14994 reused
~llama_context:      CUDA0 compute buffer size is 304.0000 MiB, matches expectation of 304.0000 MiB
~llama_context:  CUDA_Host compute buffer size is  14.7637 MiB, matches expectation of  14.7637 MiB
llama_context: constructing llama_context
llama_context: n_seq_max     = 1
llama_context: n_ctx         = 768
llama_context: n_ctx_seq     = 768
llama_context: n_batch       = 719
llama_context: n_ubatch      = 512
llama_context: causal_attn   = 1
llama_context: flash_attn    = auto
llama_context: kv_unified    = false
llama_context: freq_base     = 1000000.0
llama_context: freq_scale    = 1
llama_context: n_rs_seq      = 0
llama_context: n_outputs_max = 719
llama_context: n_ctx_seq (768) < n_ctx_train (32768) -- the full capacity of the model will not be utilized
set_abort_callback: call
llama_context:  CUDA_Host  output buffer size =     0.58 MiB
llama_kv_cache: layer   0: dev = CPU
llama_kv_cache: layer   1: dev = CPU
llama_kv_cache: layer   2: dev = CPU
llama_kv_cache: layer   3: dev = CUDA0
llama_kv_cache: layer   4: dev = CUDA0
llama_kv_cache: layer   5: dev = CUDA0
llama_kv_cache: layer   6: dev = CUDA0
llama_kv_cache: layer   7: dev = CUDA0
llama_kv_cache: layer   8: dev = CUDA0
llama_kv_cache: layer   9: dev = CUDA0
llama_kv_cache: layer  10: dev = CUDA0
llama_kv_cache: layer  11: dev = CUDA0
llama_kv_cache: layer  12: dev = CUDA0
llama_kv_cache: layer  13: dev = CUDA0
llama_kv_cache: layer  14: dev = CUDA0
llama_kv_cache: layer  15: dev = CUDA0
llama_kv_cache: layer  16: dev = CUDA0
llama_kv_cache: layer  17: dev = CUDA0
llama_kv_cache: layer  18: dev = CUDA0
llama_kv_cache: layer  19: dev = CUDA0
llama_kv_cache: layer  20: dev = CUDA0
llama_kv_cache: layer  21: dev = CUDA0
llama_kv_cache: layer  22: dev = CUDA0
llama_kv_cache: layer  23: dev = CUDA0
llama_kv_cache: layer  24: dev = CUDA0
llama_kv_cache: layer  25: dev = CUDA0
llama_kv_cache: layer  26: dev = CUDA0
llama_kv_cache: layer  27: dev = CUDA0
llama_kv_cache:        CPU KV buffer size =     4.50 MiB
llama_kv_cache:      CUDA0 KV buffer size =    37.50 MiB
llama_kv_cache: size =   42.00 MiB (   768 cells,  28 layers,  1/1 seqs), K (f16):   21.00 MiB, V (f16):   21.00 MiB
llama_kv_cache: attn_rot_k = 0, n_embd_head_k_all = 128
llama_kv_cache: attn_rot_v = 0, n_embd_head_k_all = 128
llama_context: enumerating backends
llama_context: backend_ptrs.size() = 2
sched_reserve: reserving ...
sched_reserve: max_nodes = 2712
sched_reserve: reserving full memory module
sched_reserve: worst-case: n_tokens = 512, n_seqs = 1, n_outputs = 1
graph_reserve: reserving a graph for ubatch with n_tokens =    1, n_seqs =  1, n_outputs =    1
sched_reserve: Flash Attention was auto, set to enabled
sched_reserve: resolving fused Gated Delta Net support:
graph_reserve: reserving a graph for ubatch with n_tokens =    1, n_seqs =  1, n_outputs =    1
sched_reserve: fused Gated Delta Net (autoregressive) enabled
graph_reserve: reserving a graph for ubatch with n_tokens =   16, n_seqs =  1, n_outputs =   16
sched_reserve: fused Gated Delta Net (chunked) enabled
graph_reserve: reserving a graph for ubatch with n_tokens =  512, n_seqs =  1, n_outputs =  512
graph_reserve: reserving a graph for ubatch with n_tokens =    1, n_seqs =  1, n_outputs =    1
graph_reserve: reserving a graph for ubatch with n_tokens =  512, n_seqs =  1, n_outputs =  512
sched_reserve:      CUDA0 compute buffer size =   304.00 MiB
sched_reserve:  CUDA_Host compute buffer size =    14.76 MiB
sched_reserve: graph nodes  = 958
sched_reserve: graph splits = 44 (with bs=512), 2 (with bs=1)
sched_reserve: reserve took 16.89 ms, sched copies = 1
CUDA Graph id 15144 reused
ggml_backend_cuda_graph_compute: CUDA graph warmup complete
CUDA Graph id 15144 reused
CUDA Graph id 15144 reused
CUDA Graph id 15144 reused
CUDA Graph id 15144 reused
CUDA Graph id 15144 reused
CUDA Graph id 15144 reused
CUDA Graph id 15144 reused
CUDA Graph id 15144 reused
CUDA Graph id 15144 reused
CUDA Graph id 15144 reused
CUDA Graph id 15144 reused
CUDA Graph id 15144 reused
CUDA Graph id 15144 reused
CUDA Graph id 15144 reused
CUDA Graph id 15144 reused
CUDA Graph id 15144 reused
CUDA Graph id 15144 reused
CUDA Graph id 15144 reused
CUDA Graph id 15144 reused
CUDA Graph id 15144 reused
CUDA Graph id 15144 reused
CUDA Graph id 15144 reused
CUDA Graph id 15144 reused
~llama_context:      CUDA0 compute buffer size is 304.0000 MiB, matches expectation of 304.0000 MiB
~llama_context:  CUDA_Host compute buffer size is  14.7637 MiB, matches expectation of  14.7637 MiB
llama_context: constructing llama_context
llama_context: n_seq_max     = 1
llama_context: n_ctx         = 768
llama_context: n_ctx_seq     = 768
llama_context: n_batch       = 719
llama_context: n_ubatch      = 512
llama_context: causal_attn   = 1
llama_context: flash_attn    = auto
llama_context: kv_unified    = false
llama_context: freq_base     = 1000000.0
llama_context: freq_scale    = 1
llama_context: n_rs_seq      = 0
llama_context: n_outputs_max = 719
llama_context: n_ctx_seq (768) < n_ctx_train (32768) -- the full capacity of the model will not be utilized
set_abort_callback: call
llama_context:  CUDA_Host  output buffer size =     0.58 MiB
llama_kv_cache: layer   0: dev = CPU
llama_kv_cache: layer   1: dev = CPU
llama_kv_cache: layer   2: dev = CPU
llama_kv_cache: layer   3: dev = CUDA0
llama_kv_cache: layer   4: dev = CUDA0
llama_kv_cache: layer   5: dev = CUDA0
llama_kv_cache: layer   6: dev = CUDA0
llama_kv_cache: layer   7: dev = CUDA0
llama_kv_cache: layer   8: dev = CUDA0
llama_kv_cache: layer   9: dev = CUDA0
llama_kv_cache: layer  10: dev = CUDA0
llama_kv_cache: layer  11: dev = CUDA0
llama_kv_cache: layer  12: dev = CUDA0
llama_kv_cache: layer  13: dev = CUDA0
llama_kv_cache: layer  14: dev = CUDA0
llama_kv_cache: layer  15: dev = CUDA0
llama_kv_cache: layer  16: dev = CUDA0
llama_kv_cache: layer  17: dev = CUDA0
llama_kv_cache: layer  18: dev = CUDA0
llama_kv_cache: layer  19: dev = CUDA0
llama_kv_cache: layer  20: dev = CUDA0
llama_kv_cache: layer  21: dev = CUDA0
llama_kv_cache: layer  22: dev = CUDA0
llama_kv_cache: layer  23: dev = CUDA0
llama_kv_cache: layer  24: dev = CUDA0
llama_kv_cache: layer  25: dev = CUDA0
llama_kv_cache: layer  26: dev = CUDA0
llama_kv_cache: layer  27: dev = CUDA0
llama_kv_cache:        CPU KV buffer size =     4.50 MiB
llama_kv_cache:      CUDA0 KV buffer size =    37.50 MiB
llama_kv_cache: size =   42.00 MiB (   768 cells,  28 layers,  1/1 seqs), K (f16):   21.00 MiB, V (f16):   21.00 MiB
llama_kv_cache: attn_rot_k = 0, n_embd_head_k_all = 128
llama_kv_cache: attn_rot_v = 0, n_embd_head_k_all = 128
llama_context: enumerating backends
llama_context: backend_ptrs.size() = 2
sched_reserve: reserving ...
sched_reserve: max_nodes = 2712
sched_reserve: reserving full memory module
sched_reserve: worst-case: n_tokens = 512, n_seqs = 1, n_outputs = 1
graph_reserve: reserving a graph for ubatch with n_tokens =    1, n_seqs =  1, n_outputs =    1
sched_reserve: Flash Attention was auto, set to enabled
sched_reserve: resolving fused Gated Delta Net support:
graph_reserve: reserving a graph for ubatch with n_tokens =    1, n_seqs =  1, n_outputs =    1
sched_reserve: fused Gated Delta Net (autoregressive) enabled
graph_reserve: reserving a graph for ubatch with n_tokens =   16, n_seqs =  1, n_outputs =   16
sched_reserve: fused Gated Delta Net (chunked) enabled
graph_reserve: reserving a graph for ubatch with n_tokens =  512, n_seqs =  1, n_outputs =  512
graph_reserve: reserving a graph for ubatch with n_tokens =    1, n_seqs =  1, n_outputs =    1
graph_reserve: reserving a graph for ubatch with n_tokens =  512, n_seqs =  1, n_outputs =  512
sched_reserve:      CUDA0 compute buffer size =   304.00 MiB
sched_reserve:  CUDA_Host compute buffer size =    14.76 MiB
sched_reserve: graph nodes  = 958
sched_reserve: graph splits = 44 (with bs=512), 2 (with bs=1)
sched_reserve: reserve took 12.97 ms, sched copies = 1
CUDA Graph id 15294 reused
ggml_backend_cuda_graph_compute: CUDA graph warmup complete
CUDA Graph id 15294 reused
CUDA Graph id 15294 reused
CUDA Graph id 15294 reused
CUDA Graph id 15294 reused
CUDA Graph id 15294 reused
CUDA Graph id 15294 reused
CUDA Graph id 15294 reused
CUDA Graph id 15294 reused
CUDA Graph id 15294 reused
CUDA Graph id 15294 reused
CUDA Graph id 15294 reused
CUDA Graph id 15294 reused
CUDA Graph id 15294 reused
CUDA Graph id 15294 reused
CUDA Graph id 15294 reused
CUDA Graph id 15294 reused
CUDA Graph id 15294 reused
CUDA Graph id 15294 reused
CUDA Graph id 15294 reused
CUDA Graph id 15294 reused
CUDA Graph id 15294 reused
CUDA Graph id 15294 reused
CUDA Graph id 15294 reused
~llama_context:      CUDA0 compute buffer size is 304.0000 MiB, matches expectation of 304.0000 MiB
~llama_context:  CUDA_Host compute buffer size is  14.7637 MiB, matches expectation of  14.7637 MiB
llama_context: constructing llama_context
llama_context: n_seq_max     = 1
llama_context: n_ctx         = 768
llama_context: n_ctx_seq     = 768
llama_context: n_batch       = 719
llama_context: n_ubatch      = 512
llama_context: causal_attn   = 1
llama_context: flash_attn    = auto
llama_context: kv_unified    = false
llama_context: freq_base     = 1000000.0
llama_context: freq_scale    = 1
llama_context: n_rs_seq      = 0
llama_context: n_outputs_max = 719
llama_context: n_ctx_seq (768) < n_ctx_train (32768) -- the full capacity of the model will not be utilized
set_abort_callback: call
llama_context:  CUDA_Host  output buffer size =     0.58 MiB
llama_kv_cache: layer   0: dev = CPU
llama_kv_cache: layer   1: dev = CPU
llama_kv_cache: layer   2: dev = CPU
llama_kv_cache: layer   3: dev = CUDA0
llama_kv_cache: layer   4: dev = CUDA0
llama_kv_cache: layer   5: dev = CUDA0
llama_kv_cache: layer   6: dev = CUDA0
llama_kv_cache: layer   7: dev = CUDA0
llama_kv_cache: layer   8: dev = CUDA0
llama_kv_cache: layer   9: dev = CUDA0
llama_kv_cache: layer  10: dev = CUDA0
llama_kv_cache: layer  11: dev = CUDA0
llama_kv_cache: layer  12: dev = CUDA0
llama_kv_cache: layer  13: dev = CUDA0
llama_kv_cache: layer  14: dev = CUDA0
llama_kv_cache: layer  15: dev = CUDA0
llama_kv_cache: layer  16: dev = CUDA0
llama_kv_cache: layer  17: dev = CUDA0
llama_kv_cache: layer  18: dev = CUDA0
llama_kv_cache: layer  19: dev = CUDA0
llama_kv_cache: layer  20: dev = CUDA0
llama_kv_cache: layer  21: dev = CUDA0
llama_kv_cache: layer  22: dev = CUDA0
llama_kv_cache: layer  23: dev = CUDA0
llama_kv_cache: layer  24: dev = CUDA0
llama_kv_cache: layer  25: dev = CUDA0
llama_kv_cache: layer  26: dev = CUDA0
llama_kv_cache: layer  27: dev = CUDA0
llama_kv_cache:        CPU KV buffer size =     4.50 MiB
llama_kv_cache:      CUDA0 KV buffer size =    37.50 MiB
llama_kv_cache: size =   42.00 MiB (   768 cells,  28 layers,  1/1 seqs), K (f16):   21.00 MiB, V (f16):   21.00 MiB
llama_kv_cache: attn_rot_k = 0, n_embd_head_k_all = 128
llama_kv_cache: attn_rot_v = 0, n_embd_head_k_all = 128
llama_context: enumerating backends
llama_context: backend_ptrs.size() = 2
sched_reserve: reserving ...
sched_reserve: max_nodes = 2712
sched_reserve: reserving full memory module
sched_reserve: worst-case: n_tokens = 512, n_seqs = 1, n_outputs = 1
graph_reserve: reserving a graph for ubatch with n_tokens =    1, n_seqs =  1, n_outputs =    1
sched_reserve: Flash Attention was auto, set to enabled
sched_reserve: resolving fused Gated Delta Net support:
graph_reserve: reserving a graph for ubatch with n_tokens =    1, n_seqs =  1, n_outputs =    1
sched_reserve: fused Gated Delta Net (autoregressive) enabled
graph_reserve: reserving a graph for ubatch with n_tokens =   16, n_seqs =  1, n_outputs =   16
sched_reserve: fused Gated Delta Net (chunked) enabled
graph_reserve: reserving a graph for ubatch with n_tokens =  512, n_seqs =  1, n_outputs =  512
graph_reserve: reserving a graph for ubatch with n_tokens =    1, n_seqs =  1, n_outputs =    1
graph_reserve: reserving a graph for ubatch with n_tokens =  512, n_seqs =  1, n_outputs =  512
sched_reserve:      CUDA0 compute buffer size =   304.00 MiB
sched_reserve:  CUDA_Host compute buffer size =    14.76 MiB
sched_reserve: graph nodes  = 958
sched_reserve: graph splits = 44 (with bs=512), 2 (with bs=1)
sched_reserve: reserve took 12.07 ms, sched copies = 1
CUDA Graph id 15444 reused
ggml_backend_cuda_graph_compute: CUDA graph warmup complete
CUDA Graph id 15444 reused
CUDA Graph id 15444 reused
CUDA Graph id 15444 reused
CUDA Graph id 15444 reused
CUDA Graph id 15444 reused
CUDA Graph id 15444 reused
CUDA Graph id 15444 reused
CUDA Graph id 15444 reused
CUDA Graph id 15444 reused
CUDA Graph id 15444 reused
CUDA Graph id 15444 reused
CUDA Graph id 15444 reused
CUDA Graph id 15444 reused
CUDA Graph id 15444 reused
CUDA Graph id 15444 reused
CUDA Graph id 15444 reused
CUDA Graph id 15444 reused
CUDA Graph id 15444 reused
CUDA Graph id 15444 reused
CUDA Graph id 15444 reused
CUDA Graph id 15444 reused
CUDA Graph id 15444 reused
CUDA Graph id 15444 reused
CUDA Graph id 15444 reused
CUDA Graph id 15444 reused
CUDA Graph id 15444 reused
CUDA Graph id 15444 reused
CUDA Graph id 15444 reused
CUDA Graph id 15444 reused
CUDA Graph id 15444 reused
CUDA Graph id 15444 reused
CUDA Graph id 15444 reused
CUDA Graph id 15444 reused
CUDA Graph id 15444 reused
CUDA Graph id 15444 reused
CUDA Graph id 15444 reused
CUDA Graph id 15444 reused
CUDA Graph id 15444 reused
CUDA Graph id 15444 reused
CUDA Graph id 15444 reused
CUDA Graph id 15444 reused
CUDA Graph id 15444 reused
CUDA Graph id 15444 reused
CUDA Graph id 15444 reused
CUDA Graph id 15444 reused
CUDA Graph id 15444 reused
CUDA Graph id 15444 reused
CUDA Graph id 15444 reused
CUDA Graph id 15444 reused
CUDA Graph id 15444 reused
CUDA Graph id 15444 reused
CUDA Graph id 15444 reused
CUDA Graph id 15444 reused
CUDA Graph id 15444 reused
CUDA Graph id 15444 reused
ggml_backend_cuda_graph_compute: CUDA graph warmup reset
CUDA Graph id 15447 reused
ggml_backend_cuda_graph_compute: CUDA graph warmup complete
CUDA Graph id 15447 reused
CUDA Graph id 15447 reused
CUDA Graph id 15447 reused
CUDA Graph id 15447 reused
CUDA Graph id 15447 reused
CUDA Graph id 15447 reused
CUDA Graph id 15447 reused
CUDA Graph id 15447 reused
CUDA Graph id 15447 reused
CUDA Graph id 15447 reused
CUDA Graph id 15447 reused
CUDA Graph id 15447 reused
CUDA Graph id 15447 reused
CUDA Graph id 15447 reused
CUDA Graph id 15447 reused
CUDA Graph id 15447 reused
CUDA Graph id 15447 reused
CUDA Graph id 15447 reused
CUDA Graph id 15447 reused
CUDA Graph id 15447 reused
CUDA Graph id 15447 reused
CUDA Graph id 15447 reused
CUDA Graph id 15447 reused
CUDA Graph id 15447 reused
CUDA Graph id 15447 reused
CUDA Graph id 15447 reused
CUDA Graph id 15447 reused
CUDA Graph id 15447 reused
CUDA Graph id 15447 reused
CUDA Graph id 15447 reused
CUDA Graph id 15447 reused
CUDA Graph id 15447 reused
CUDA Graph id 15447 reused
CUDA Graph id 15447 reused
CUDA Graph id 15447 reused
CUDA Graph id 15447 reused
CUDA Graph id 15447 reused
CUDA Graph id 15447 reused
CUDA Graph id 15447 reused
CUDA Graph id 15447 reused
CUDA Graph id 15447 reused
CUDA Graph id 15447 reused
CUDA Graph id 15447 reused
CUDA Graph id 15447 reused
CUDA Graph id 15447 reused
CUDA Graph id 15447 reused
CUDA Graph id 15447 reused
CUDA Graph id 15447 reused
CUDA Graph id 15447 reused
CUDA Graph id 15447 reused
CUDA Graph id 15447 reused
CUDA Graph id 15447 reused
CUDA Graph id 15447 reused
CUDA Graph id 15447 reused
CUDA Graph id 15447 reused
CUDA Graph id 15447 reused
CUDA Graph id 15447 reused
CUDA Graph id 15447 reused
CUDA Graph id 15447 reused
CUDA Graph id 15447 reused
~llama_context:      CUDA0 compute buffer size is 304.0000 MiB, matches expectation of 304.0000 MiB
~llama_context:  CUDA_Host compute buffer size is  14.7637 MiB, matches expectation of  14.7637 MiB
llama_context: constructing llama_context
llama_context: n_seq_max     = 1
llama_context: n_ctx         = 768
llama_context: n_ctx_seq     = 768
llama_context: n_batch       = 719
llama_context: n_ubatch      = 512
llama_context: causal_attn   = 1
llama_context: flash_attn    = auto
llama_context: kv_unified    = false
llama_context: freq_base     = 1000000.0
llama_context: freq_scale    = 1
llama_context: n_rs_seq      = 0
llama_context: n_outputs_max = 719
llama_context: n_ctx_seq (768) < n_ctx_train (32768) -- the full capacity of the model will not be utilized
set_abort_callback: call
llama_context:  CUDA_Host  output buffer size =     0.58 MiB
llama_kv_cache: layer   0: dev = CPU
llama_kv_cache: layer   1: dev = CPU
llama_kv_cache: layer   2: dev = CPU
llama_kv_cache: layer   3: dev = CUDA0
llama_kv_cache: layer   4: dev = CUDA0
llama_kv_cache: layer   5: dev = CUDA0
llama_kv_cache: layer   6: dev = CUDA0
llama_kv_cache: layer   7: dev = CUDA0
llama_kv_cache: layer   8: dev = CUDA0
llama_kv_cache: layer   9: dev = CUDA0
llama_kv_cache: layer  10: dev = CUDA0
llama_kv_cache: layer  11: dev = CUDA0
llama_kv_cache: layer  12: dev = CUDA0
llama_kv_cache: layer  13: dev = CUDA0
llama_kv_cache: layer  14: dev = CUDA0
llama_kv_cache: layer  15: dev = CUDA0
llama_kv_cache: layer  16: dev = CUDA0
llama_kv_cache: layer  17: dev = CUDA0
llama_kv_cache: layer  18: dev = CUDA0
llama_kv_cache: layer  19: dev = CUDA0
llama_kv_cache: layer  20: dev = CUDA0
llama_kv_cache: layer  21: dev = CUDA0
llama_kv_cache: layer  22: dev = CUDA0
llama_kv_cache: layer  23: dev = CUDA0
llama_kv_cache: layer  24: dev = CUDA0
llama_kv_cache: layer  25: dev = CUDA0
llama_kv_cache: layer  26: dev = CUDA0
llama_kv_cache: layer  27: dev = CUDA0
llama_kv_cache:        CPU KV buffer size =     4.50 MiB
llama_kv_cache:      CUDA0 KV buffer size =    37.50 MiB
llama_kv_cache: size =   42.00 MiB (   768 cells,  28 layers,  1/1 seqs), K (f16):   21.00 MiB, V (f16):   21.00 MiB
llama_kv_cache: attn_rot_k = 0, n_embd_head_k_all = 128
llama_kv_cache: attn_rot_v = 0, n_embd_head_k_all = 128
llama_context: enumerating backends
llama_context: backend_ptrs.size() = 2
sched_reserve: reserving ...
sched_reserve: max_nodes = 2712
sched_reserve: reserving full memory module
sched_reserve: worst-case: n_tokens = 512, n_seqs = 1, n_outputs = 1
graph_reserve: reserving a graph for ubatch with n_tokens =    1, n_seqs =  1, n_outputs =    1
sched_reserve: Flash Attention was auto, set to enabled
sched_reserve: resolving fused Gated Delta Net support:
graph_reserve: reserving a graph for ubatch with n_tokens =    1, n_seqs =  1, n_outputs =    1
sched_reserve: fused Gated Delta Net (autoregressive) enabled
graph_reserve: reserving a graph for ubatch with n_tokens =   16, n_seqs =  1, n_outputs =   16
sched_reserve: fused Gated Delta Net (chunked) enabled
graph_reserve: reserving a graph for ubatch with n_tokens =  512, n_seqs =  1, n_outputs =  512
graph_reserve: reserving a graph for ubatch with n_tokens =    1, n_seqs =  1, n_outputs =    1
graph_reserve: reserving a graph for ubatch with n_tokens =  512, n_seqs =  1, n_outputs =  512
sched_reserve:      CUDA0 compute buffer size =   304.00 MiB
sched_reserve:  CUDA_Host compute buffer size =    14.76 MiB
sched_reserve: graph nodes  = 958
sched_reserve: graph splits = 44 (with bs=512), 2 (with bs=1)
sched_reserve: reserve took 13.35 ms, sched copies = 1
CUDA Graph id 15597 reused
ggml_backend_cuda_graph_compute: CUDA graph warmup complete
CUDA Graph id 15597 reused
CUDA Graph id 15597 reused
CUDA Graph id 15597 reused
CUDA Graph id 15597 reused
CUDA Graph id 15597 reused
CUDA Graph id 15597 reused
CUDA Graph id 15597 reused
CUDA Graph id 15597 reused
CUDA Graph id 15597 reused
CUDA Graph id 15597 reused
CUDA Graph id 15597 reused
CUDA Graph id 15597 reused
CUDA Graph id 15597 reused
CUDA Graph id 15597 reused
CUDA Graph id 15597 reused
CUDA Graph id 15597 reused
~llama_context:      CUDA0 compute buffer size is 304.0000 MiB, matches expectation of 304.0000 MiB
~llama_context:  CUDA_Host compute buffer size is  14.7637 MiB, matches expectation of  14.7637 MiB
schema 167/175 done
llama_context: constructing llama_context
llama_context: n_seq_max     = 1
llama_context: n_ctx         = 768
llama_context: n_ctx_seq     = 768
llama_context: n_batch       = 651
llama_context: n_ubatch      = 512
llama_context: causal_attn   = 1
llama_context: flash_attn    = auto
llama_context: kv_unified    = false
llama_context: freq_base     = 1000000.0
llama_context: freq_scale    = 1
llama_context: n_rs_seq      = 0
llama_context: n_outputs_max = 651
llama_context: n_ctx_seq (768) < n_ctx_train (32768) -- the full capacity of the model will not be utilized
set_abort_callback: call
llama_context:  CUDA_Host  output buffer size =     0.58 MiB
llama_kv_cache: layer   0: dev = CPU
llama_kv_cache: layer   1: dev = CPU
llama_kv_cache: layer   2: dev = CPU
llama_kv_cache: layer   3: dev = CUDA0
llama_kv_cache: layer   4: dev = CUDA0
llama_kv_cache: layer   5: dev = CUDA0
llama_kv_cache: layer   6: dev = CUDA0
llama_kv_cache: layer   7: dev = CUDA0
llama_kv_cache: layer   8: dev = CUDA0
llama_kv_cache: layer   9: dev = CUDA0
llama_kv_cache: layer  10: dev = CUDA0
llama_kv_cache: layer  11: dev = CUDA0
llama_kv_cache: layer  12: dev = CUDA0
llama_kv_cache: layer  13: dev = CUDA0
llama_kv_cache: layer  14: dev = CUDA0
llama_kv_cache: layer  15: dev = CUDA0
llama_kv_cache: layer  16: dev = CUDA0
llama_kv_cache: layer  17: dev = CUDA0
llama_kv_cache: layer  18: dev = CUDA0
llama_kv_cache: layer  19: dev = CUDA0
llama_kv_cache: layer  20: dev = CUDA0
llama_kv_cache: layer  21: dev = CUDA0
llama_kv_cache: layer  22: dev = CUDA0
llama_kv_cache: layer  23: dev = CUDA0
llama_kv_cache: layer  24: dev = CUDA0
llama_kv_cache: layer  25: dev = CUDA0
llama_kv_cache: layer  26: dev = CUDA0
llama_kv_cache: layer  27: dev = CUDA0
llama_kv_cache:        CPU KV buffer size =     4.50 MiB
llama_kv_cache:      CUDA0 KV buffer size =    37.50 MiB
llama_kv_cache: size =   42.00 MiB (   768 cells,  28 layers,  1/1 seqs), K (f16):   21.00 MiB, V (f16):   21.00 MiB
llama_kv_cache: attn_rot_k = 0, n_embd_head_k_all = 128
llama_kv_cache: attn_rot_v = 0, n_embd_head_k_all = 128
llama_context: enumerating backends
llama_context: backend_ptrs.size() = 2
sched_reserve: reserving ...
sched_reserve: max_nodes = 2712
sched_reserve: reserving full memory module
sched_reserve: worst-case: n_tokens = 512, n_seqs = 1, n_outputs = 1
graph_reserve: reserving a graph for ubatch with n_tokens =    1, n_seqs =  1, n_outputs =    1
sched_reserve: Flash Attention was auto, set to enabled
sched_reserve: resolving fused Gated Delta Net support:
graph_reserve: reserving a graph for ubatch with n_tokens =    1, n_seqs =  1, n_outputs =    1
sched_reserve: fused Gated Delta Net (autoregressive) enabled
graph_reserve: reserving a graph for ubatch with n_tokens =   16, n_seqs =  1, n_outputs =   16
sched_reserve: fused Gated Delta Net (chunked) enabled
graph_reserve: reserving a graph for ubatch with n_tokens =  512, n_seqs =  1, n_outputs =  512
graph_reserve: reserving a graph for ubatch with n_tokens =    1, n_seqs =  1, n_outputs =    1
graph_reserve: reserving a graph for ubatch with n_tokens =  512, n_seqs =  1, n_outputs =  512
sched_reserve:      CUDA0 compute buffer size =   304.00 MiB
sched_reserve:  CUDA_Host compute buffer size =    14.76 MiB
sched_reserve: graph nodes  = 958
sched_reserve: graph splits = 44 (with bs=512), 2 (with bs=1)
sched_reserve: reserve took 17.20 ms, sched copies = 1
CUDA Graph id 15747 reused
ggml_backend_cuda_graph_compute: CUDA graph warmup complete
CUDA Graph id 15747 reused
CUDA Graph id 15747 reused
CUDA Graph id 15747 reused
CUDA Graph id 15747 reused
CUDA Graph id 15747 reused
CUDA Graph id 15747 reused
CUDA Graph id 15747 reused
CUDA Graph id 15747 reused
CUDA Graph id 15747 reused
CUDA Graph id 15747 reused
CUDA Graph id 15747 reused
CUDA Graph id 15747 reused
CUDA Graph id 15747 reused
CUDA Graph id 15747 reused
CUDA Graph id 15747 reused
CUDA Graph id 15747 reused
~llama_context:      CUDA0 compute buffer size is 304.0000 MiB, matches expectation of 304.0000 MiB
~llama_context:  CUDA_Host compute buffer size is  14.7637 MiB, matches expectation of  14.7637 MiB
llama_context: constructing llama_context
llama_context: n_seq_max     = 1
llama_context: n_ctx         = 768
llama_context: n_ctx_seq     = 768
llama_context: n_batch       = 651
llama_context: n_ubatch      = 512
llama_context: causal_attn   = 1
llama_context: flash_attn    = auto
llama_context: kv_unified    = false
llama_context: freq_base     = 1000000.0
llama_context: freq_scale    = 1
llama_context: n_rs_seq      = 0
llama_context: n_outputs_max = 651
llama_context: n_ctx_seq (768) < n_ctx_train (32768) -- the full capacity of the model will not be utilized
set_abort_callback: call
llama_context:  CUDA_Host  output buffer size =     0.58 MiB
llama_kv_cache: layer   0: dev = CPU
llama_kv_cache: layer   1: dev = CPU
llama_kv_cache: layer   2: dev = CPU
llama_kv_cache: layer   3: dev = CUDA0
llama_kv_cache: layer   4: dev = CUDA0
llama_kv_cache: layer   5: dev = CUDA0
llama_kv_cache: layer   6: dev = CUDA0
llama_kv_cache: layer   7: dev = CUDA0
llama_kv_cache: layer   8: dev = CUDA0
llama_kv_cache: layer   9: dev = CUDA0
llama_kv_cache: layer  10: dev = CUDA0
llama_kv_cache: layer  11: dev = CUDA0
llama_kv_cache: layer  12: dev = CUDA0
llama_kv_cache: layer  13: dev = CUDA0
llama_kv_cache: layer  14: dev = CUDA0
llama_kv_cache: layer  15: dev = CUDA0
llama_kv_cache: layer  16: dev = CUDA0
llama_kv_cache: layer  17: dev = CUDA0
llama_kv_cache: layer  18: dev = CUDA0
llama_kv_cache: layer  19: dev = CUDA0
llama_kv_cache: layer  20: dev = CUDA0
llama_kv_cache: layer  21: dev = CUDA0
llama_kv_cache: layer  22: dev = CUDA0
llama_kv_cache: layer  23: dev = CUDA0
llama_kv_cache: layer  24: dev = CUDA0
llama_kv_cache: layer  25: dev = CUDA0
llama_kv_cache: layer  26: dev = CUDA0
llama_kv_cache: layer  27: dev = CUDA0
llama_kv_cache:        CPU KV buffer size =     4.50 MiB
llama_kv_cache:      CUDA0 KV buffer size =    37.50 MiB
llama_kv_cache: size =   42.00 MiB (   768 cells,  28 layers,  1/1 seqs), K (f16):   21.00 MiB, V (f16):   21.00 MiB
llama_kv_cache: attn_rot_k = 0, n_embd_head_k_all = 128
llama_kv_cache: attn_rot_v = 0, n_embd_head_k_all = 128
llama_context: enumerating backends
llama_context: backend_ptrs.size() = 2
sched_reserve: reserving ...
sched_reserve: max_nodes = 2712
sched_reserve: reserving full memory module
sched_reserve: worst-case: n_tokens = 512, n_seqs = 1, n_outputs = 1
graph_reserve: reserving a graph for ubatch with n_tokens =    1, n_seqs =  1, n_outputs =    1
sched_reserve: Flash Attention was auto, set to enabled
sched_reserve: resolving fused Gated Delta Net support:
graph_reserve: reserving a graph for ubatch with n_tokens =    1, n_seqs =  1, n_outputs =    1
sched_reserve: fused Gated Delta Net (autoregressive) enabled
graph_reserve: reserving a graph for ubatch with n_tokens =   16, n_seqs =  1, n_outputs =   16
sched_reserve: fused Gated Delta Net (chunked) enabled
graph_reserve: reserving a graph for ubatch with n_tokens =  512, n_seqs =  1, n_outputs =  512
graph_reserve: reserving a graph for ubatch with n_tokens =    1, n_seqs =  1, n_outputs =    1
graph_reserve: reserving a graph for ubatch with n_tokens =  512, n_seqs =  1, n_outputs =  512
sched_reserve:      CUDA0 compute buffer size =   304.00 MiB
sched_reserve:  CUDA_Host compute buffer size =    14.76 MiB
sched_reserve: graph nodes  = 958
sched_reserve: graph splits = 44 (with bs=512), 2 (with bs=1)
sched_reserve: reserve took 13.04 ms, sched copies = 1
CUDA Graph id 15897 reused
ggml_backend_cuda_graph_compute: CUDA graph warmup complete
CUDA Graph id 15897 reused
CUDA Graph id 15897 reused
CUDA Graph id 15897 reused
CUDA Graph id 15897 reused
CUDA Graph id 15897 reused
CUDA Graph id 15897 reused
CUDA Graph id 15897 reused
CUDA Graph id 15897 reused
CUDA Graph id 15897 reused
CUDA Graph id 15897 reused
CUDA Graph id 15897 reused
CUDA Graph id 15897 reused
CUDA Graph id 15897 reused
CUDA Graph id 15897 reused
CUDA Graph id 15897 reused
CUDA Graph id 15897 reused
~llama_context:      CUDA0 compute buffer size is 304.0000 MiB, matches expectation of 304.0000 MiB
~llama_context:  CUDA_Host compute buffer size is  14.7637 MiB, matches expectation of  14.7637 MiB
llama_context: constructing llama_context
llama_context: n_seq_max     = 1
llama_context: n_ctx         = 768
llama_context: n_ctx_seq     = 768
llama_context: n_batch       = 651
llama_context: n_ubatch      = 512
llama_context: causal_attn   = 1
llama_context: flash_attn    = auto
llama_context: kv_unified    = false
llama_context: freq_base     = 1000000.0
llama_context: freq_scale    = 1
llama_context: n_rs_seq      = 0
llama_context: n_outputs_max = 651
llama_context: n_ctx_seq (768) < n_ctx_train (32768) -- the full capacity of the model will not be utilized
set_abort_callback: call
llama_context:  CUDA_Host  output buffer size =     0.58 MiB
llama_kv_cache: layer   0: dev = CPU
llama_kv_cache: layer   1: dev = CPU
llama_kv_cache: layer   2: dev = CPU
llama_kv_cache: layer   3: dev = CUDA0
llama_kv_cache: layer   4: dev = CUDA0
llama_kv_cache: layer   5: dev = CUDA0
llama_kv_cache: layer   6: dev = CUDA0
llama_kv_cache: layer   7: dev = CUDA0
llama_kv_cache: layer   8: dev = CUDA0
llama_kv_cache: layer   9: dev = CUDA0
llama_kv_cache: layer  10: dev = CUDA0
llama_kv_cache: layer  11: dev = CUDA0
llama_kv_cache: layer  12: dev = CUDA0
llama_kv_cache: layer  13: dev = CUDA0
llama_kv_cache: layer  14: dev = CUDA0
llama_kv_cache: layer  15: dev = CUDA0
llama_kv_cache: layer  16: dev = CUDA0
llama_kv_cache: layer  17: dev = CUDA0
llama_kv_cache: layer  18: dev = CUDA0
llama_kv_cache: layer  19: dev = CUDA0
llama_kv_cache: layer  20: dev = CUDA0
llama_kv_cache: layer  21: dev = CUDA0
llama_kv_cache: layer  22: dev = CUDA0
llama_kv_cache: layer  23: dev = CUDA0
llama_kv_cache: layer  24: dev = CUDA0
llama_kv_cache: layer  25: dev = CUDA0
llama_kv_cache: layer  26: dev = CUDA0
llama_kv_cache: layer  27: dev = CUDA0
llama_kv_cache:        CPU KV buffer size =     4.50 MiB
llama_kv_cache:      CUDA0 KV buffer size =    37.50 MiB
llama_kv_cache: size =   42.00 MiB (   768 cells,  28 layers,  1/1 seqs), K (f16):   21.00 MiB, V (f16):   21.00 MiB
llama_kv_cache: attn_rot_k = 0, n_embd_head_k_all = 128
llama_kv_cache: attn_rot_v = 0, n_embd_head_k_all = 128
llama_context: enumerating backends
llama_context: backend_ptrs.size() = 2
sched_reserve: reserving ...
sched_reserve: max_nodes = 2712
sched_reserve: reserving full memory module
sched_reserve: worst-case: n_tokens = 512, n_seqs = 1, n_outputs = 1
graph_reserve: reserving a graph for ubatch with n_tokens =    1, n_seqs =  1, n_outputs =    1
sched_reserve: Flash Attention was auto, set to enabled
sched_reserve: resolving fused Gated Delta Net support:
graph_reserve: reserving a graph for ubatch with n_tokens =    1, n_seqs =  1, n_outputs =    1
sched_reserve: fused Gated Delta Net (autoregressive) enabled
graph_reserve: reserving a graph for ubatch with n_tokens =   16, n_seqs =  1, n_outputs =   16
sched_reserve: fused Gated Delta Net (chunked) enabled
graph_reserve: reserving a graph for ubatch with n_tokens =  512, n_seqs =  1, n_outputs =  512
graph_reserve: reserving a graph for ubatch with n_tokens =    1, n_seqs =  1, n_outputs =    1
graph_reserve: reserving a graph for ubatch with n_tokens =  512, n_seqs =  1, n_outputs =  512
sched_reserve:      CUDA0 compute buffer size =   304.00 MiB
sched_reserve:  CUDA_Host compute buffer size =    14.76 MiB
sched_reserve: graph nodes  = 958
sched_reserve: graph splits = 44 (with bs=512), 2 (with bs=1)
sched_reserve: reserve took 18.41 ms, sched copies = 1
CUDA Graph id 16047 reused
ggml_backend_cuda_graph_compute: CUDA graph warmup complete
CUDA Graph id 16047 reused
CUDA Graph id 16047 reused
CUDA Graph id 16047 reused
CUDA Graph id 16047 reused
CUDA Graph id 16047 reused
CUDA Graph id 16047 reused
CUDA Graph id 16047 reused
CUDA Graph id 16047 reused
CUDA Graph id 16047 reused
CUDA Graph id 16047 reused
CUDA Graph id 16047 reused
CUDA Graph id 16047 reused
CUDA Graph id 16047 reused
CUDA Graph id 16047 reused
CUDA Graph id 16047 reused
CUDA Graph id 16047 reused
~llama_context:      CUDA0 compute buffer size is 304.0000 MiB, matches expectation of 304.0000 MiB
~llama_context:  CUDA_Host compute buffer size is  14.7637 MiB, matches expectation of  14.7637 MiB
llama_context: constructing llama_context
llama_context: n_seq_max     = 1
llama_context: n_ctx         = 768
llama_context: n_ctx_seq     = 768
llama_context: n_batch       = 651
llama_context: n_ubatch      = 512
llama_context: causal_attn   = 1
llama_context: flash_attn    = auto
llama_context: kv_unified    = false
llama_context: freq_base     = 1000000.0
llama_context: freq_scale    = 1
llama_context: n_rs_seq      = 0
llama_context: n_outputs_max = 651
llama_context: n_ctx_seq (768) < n_ctx_train (32768) -- the full capacity of the model will not be utilized
set_abort_callback: call
llama_context:  CUDA_Host  output buffer size =     0.58 MiB
llama_kv_cache: layer   0: dev = CPU
llama_kv_cache: layer   1: dev = CPU
llama_kv_cache: layer   2: dev = CPU
llama_kv_cache: layer   3: dev = CUDA0
llama_kv_cache: layer   4: dev = CUDA0
llama_kv_cache: layer   5: dev = CUDA0
llama_kv_cache: layer   6: dev = CUDA0
llama_kv_cache: layer   7: dev = CUDA0
llama_kv_cache: layer   8: dev = CUDA0
llama_kv_cache: layer   9: dev = CUDA0
llama_kv_cache: layer  10: dev = CUDA0
llama_kv_cache: layer  11: dev = CUDA0
llama_kv_cache: layer  12: dev = CUDA0
llama_kv_cache: layer  13: dev = CUDA0
llama_kv_cache: layer  14: dev = CUDA0
llama_kv_cache: layer  15: dev = CUDA0
llama_kv_cache: layer  16: dev = CUDA0
llama_kv_cache: layer  17: dev = CUDA0
llama_kv_cache: layer  18: dev = CUDA0
llama_kv_cache: layer  19: dev = CUDA0
llama_kv_cache: layer  20: dev = CUDA0
llama_kv_cache: layer  21: dev = CUDA0
llama_kv_cache: layer  22: dev = CUDA0
llama_kv_cache: layer  23: dev = CUDA0
llama_kv_cache: layer  24: dev = CUDA0
llama_kv_cache: layer  25: dev = CUDA0
llama_kv_cache: layer  26: dev = CUDA0
llama_kv_cache: layer  27: dev = CUDA0
llama_kv_cache:        CPU KV buffer size =     4.50 MiB
llama_kv_cache:      CUDA0 KV buffer size =    37.50 MiB
llama_kv_cache: size =   42.00 MiB (   768 cells,  28 layers,  1/1 seqs), K (f16):   21.00 MiB, V (f16):   21.00 MiB
llama_kv_cache: attn_rot_k = 0, n_embd_head_k_all = 128
llama_kv_cache: attn_rot_v = 0, n_embd_head_k_all = 128
llama_context: enumerating backends
llama_context: backend_ptrs.size() = 2
sched_reserve: reserving ...
sched_reserve: max_nodes = 2712
sched_reserve: reserving full memory module
sched_reserve: worst-case: n_tokens = 512, n_seqs = 1, n_outputs = 1
graph_reserve: reserving a graph for ubatch with n_tokens =    1, n_seqs =  1, n_outputs =    1
sched_reserve: Flash Attention was auto, set to enabled
sched_reserve: resolving fused Gated Delta Net support:
graph_reserve: reserving a graph for ubatch with n_tokens =    1, n_seqs =  1, n_outputs =    1
sched_reserve: fused Gated Delta Net (autoregressive) enabled
graph_reserve: reserving a graph for ubatch with n_tokens =   16, n_seqs =  1, n_outputs =   16
sched_reserve: fused Gated Delta Net (chunked) enabled
graph_reserve: reserving a graph for ubatch with n_tokens =  512, n_seqs =  1, n_outputs =  512
graph_reserve: reserving a graph for ubatch with n_tokens =    1, n_seqs =  1, n_outputs =    1
graph_reserve: reserving a graph for ubatch with n_tokens =  512, n_seqs =  1, n_outputs =  512
sched_reserve:      CUDA0 compute buffer size =   304.00 MiB
sched_reserve:  CUDA_Host compute buffer size =    14.76 MiB
sched_reserve: graph nodes  = 958
sched_reserve: graph splits = 44 (with bs=512), 2 (with bs=1)
sched_reserve: reserve took 12.36 ms, sched copies = 1
CUDA Graph id 16197 reused
ggml_backend_cuda_graph_compute: CUDA graph warmup complete
CUDA Graph id 16197 reused
CUDA Graph id 16197 reused
CUDA Graph id 16197 reused
CUDA Graph id 16197 reused
CUDA Graph id 16197 reused
CUDA Graph id 16197 reused
CUDA Graph id 16197 reused
CUDA Graph id 16197 reused
CUDA Graph id 16197 reused
CUDA Graph id 16197 reused
CUDA Graph id 16197 reused
CUDA Graph id 16197 reused
CUDA Graph id 16197 reused
CUDA Graph id 16197 reused
CUDA Graph id 16197 reused
CUDA Graph id 16197 reused
~llama_context:      CUDA0 compute buffer size is 304.0000 MiB, matches expectation of 304.0000 MiB
~llama_context:  CUDA_Host compute buffer size is  14.7637 MiB, matches expectation of  14.7637 MiB
llama_context: constructing llama_context
llama_context: n_seq_max     = 1
llama_context: n_ctx         = 768
llama_context: n_ctx_seq     = 768
llama_context: n_batch       = 651
llama_context: n_ubatch      = 512
llama_context: causal_attn   = 1
llama_context: flash_attn    = auto
llama_context: kv_unified    = false
llama_context: freq_base     = 1000000.0
llama_context: freq_scale    = 1
llama_context: n_rs_seq      = 0
llama_context: n_outputs_max = 651
llama_context: n_ctx_seq (768) < n_ctx_train (32768) -- the full capacity of the model will not be utilized
set_abort_callback: call
llama_context:  CUDA_Host  output buffer size =     0.58 MiB
llama_kv_cache: layer   0: dev = CPU
llama_kv_cache: layer   1: dev = CPU
llama_kv_cache: layer   2: dev = CPU
llama_kv_cache: layer   3: dev = CUDA0
llama_kv_cache: layer   4: dev = CUDA0
llama_kv_cache: layer   5: dev = CUDA0
llama_kv_cache: layer   6: dev = CUDA0
llama_kv_cache: layer   7: dev = CUDA0
llama_kv_cache: layer   8: dev = CUDA0
llama_kv_cache: layer   9: dev = CUDA0
llama_kv_cache: layer  10: dev = CUDA0
llama_kv_cache: layer  11: dev = CUDA0
llama_kv_cache: layer  12: dev = CUDA0
llama_kv_cache: layer  13: dev = CUDA0
llama_kv_cache: layer  14: dev = CUDA0
llama_kv_cache: layer  15: dev = CUDA0
llama_kv_cache: layer  16: dev = CUDA0
llama_kv_cache: layer  17: dev = CUDA0
llama_kv_cache: layer  18: dev = CUDA0
llama_kv_cache: layer  19: dev = CUDA0
llama_kv_cache: layer  20: dev = CUDA0
llama_kv_cache: layer  21: dev = CUDA0
llama_kv_cache: layer  22: dev = CUDA0
llama_kv_cache: layer  23: dev = CUDA0
llama_kv_cache: layer  24: dev = CUDA0
llama_kv_cache: layer  25: dev = CUDA0
llama_kv_cache: layer  26: dev = CUDA0
llama_kv_cache: layer  27: dev = CUDA0
llama_kv_cache:        CPU KV buffer size =     4.50 MiB
llama_kv_cache:      CUDA0 KV buffer size =    37.50 MiB
llama_kv_cache: size =   42.00 MiB (   768 cells,  28 layers,  1/1 seqs), K (f16):   21.00 MiB, V (f16):   21.00 MiB
llama_kv_cache: attn_rot_k = 0, n_embd_head_k_all = 128
llama_kv_cache: attn_rot_v = 0, n_embd_head_k_all = 128
llama_context: enumerating backends
llama_context: backend_ptrs.size() = 2
sched_reserve: reserving ...
sched_reserve: max_nodes = 2712
sched_reserve: reserving full memory module
sched_reserve: worst-case: n_tokens = 512, n_seqs = 1, n_outputs = 1
graph_reserve: reserving a graph for ubatch with n_tokens =    1, n_seqs =  1, n_outputs =    1
sched_reserve: Flash Attention was auto, set to enabled
sched_reserve: resolving fused Gated Delta Net support:
graph_reserve: reserving a graph for ubatch with n_tokens =    1, n_seqs =  1, n_outputs =    1
sched_reserve: fused Gated Delta Net (autoregressive) enabled
graph_reserve: reserving a graph for ubatch with n_tokens =   16, n_seqs =  1, n_outputs =   16
sched_reserve: fused Gated Delta Net (chunked) enabled
graph_reserve: reserving a graph for ubatch with n_tokens =  512, n_seqs =  1, n_outputs =  512
graph_reserve: reserving a graph for ubatch with n_tokens =    1, n_seqs =  1, n_outputs =    1
graph_reserve: reserving a graph for ubatch with n_tokens =  512, n_seqs =  1, n_outputs =  512
sched_reserve:      CUDA0 compute buffer size =   304.00 MiB
sched_reserve:  CUDA_Host compute buffer size =    14.76 MiB
sched_reserve: graph nodes  = 958
sched_reserve: graph splits = 44 (with bs=512), 2 (with bs=1)
sched_reserve: reserve took 10.86 ms, sched copies = 1
CUDA Graph id 16347 reused
ggml_backend_cuda_graph_compute: CUDA graph warmup complete
CUDA Graph id 16347 reused
CUDA Graph id 16347 reused
CUDA Graph id 16347 reused
CUDA Graph id 16347 reused
CUDA Graph id 16347 reused
CUDA Graph id 16347 reused
CUDA Graph id 16347 reused
CUDA Graph id 16347 reused
CUDA Graph id 16347 reused
CUDA Graph id 16347 reused
CUDA Graph id 16347 reused
~llama_context:      CUDA0 compute buffer size is 304.0000 MiB, matches expectation of 304.0000 MiB
~llama_context:  CUDA_Host compute buffer size is  14.7637 MiB, matches expectation of  14.7637 MiB
llama_context: constructing llama_context
llama_context: n_seq_max     = 1
llama_context: n_ctx         = 768
llama_context: n_ctx_seq     = 768
llama_context: n_batch       = 651
llama_context: n_ubatch      = 512
llama_context: causal_attn   = 1
llama_context: flash_attn    = auto
llama_context: kv_unified    = false
llama_context: freq_base     = 1000000.0
llama_context: freq_scale    = 1
llama_context: n_rs_seq      = 0
llama_context: n_outputs_max = 651
llama_context: n_ctx_seq (768) < n_ctx_train (32768) -- the full capacity of the model will not be utilized
set_abort_callback: call
llama_context:  CUDA_Host  output buffer size =     0.58 MiB
llama_kv_cache: layer   0: dev = CPU
llama_kv_cache: layer   1: dev = CPU
llama_kv_cache: layer   2: dev = CPU
llama_kv_cache: layer   3: dev = CUDA0
llama_kv_cache: layer   4: dev = CUDA0
llama_kv_cache: layer   5: dev = CUDA0
llama_kv_cache: layer   6: dev = CUDA0
llama_kv_cache: layer   7: dev = CUDA0
llama_kv_cache: layer   8: dev = CUDA0
llama_kv_cache: layer   9: dev = CUDA0
llama_kv_cache: layer  10: dev = CUDA0
llama_kv_cache: layer  11: dev = CUDA0
llama_kv_cache: layer  12: dev = CUDA0
llama_kv_cache: layer  13: dev = CUDA0
llama_kv_cache: layer  14: dev = CUDA0
llama_kv_cache: layer  15: dev = CUDA0
llama_kv_cache: layer  16: dev = CUDA0
llama_kv_cache: layer  17: dev = CUDA0
llama_kv_cache: layer  18: dev = CUDA0
llama_kv_cache: layer  19: dev = CUDA0
llama_kv_cache: layer  20: dev = CUDA0
llama_kv_cache: layer  21: dev = CUDA0
llama_kv_cache: layer  22: dev = CUDA0
llama_kv_cache: layer  23: dev = CUDA0
llama_kv_cache: layer  24: dev = CUDA0
llama_kv_cache: layer  25: dev = CUDA0
llama_kv_cache: layer  26: dev = CUDA0
llama_kv_cache: layer  27: dev = CUDA0
llama_kv_cache:        CPU KV buffer size =     4.50 MiB
llama_kv_cache:      CUDA0 KV buffer size =    37.50 MiB
llama_kv_cache: size =   42.00 MiB (   768 cells,  28 layers,  1/1 seqs), K (f16):   21.00 MiB, V (f16):   21.00 MiB
llama_kv_cache: attn_rot_k = 0, n_embd_head_k_all = 128
llama_kv_cache: attn_rot_v = 0, n_embd_head_k_all = 128
llama_context: enumerating backends
llama_context: backend_ptrs.size() = 2
sched_reserve: reserving ...
sched_reserve: max_nodes = 2712
sched_reserve: reserving full memory module
sched_reserve: worst-case: n_tokens = 512, n_seqs = 1, n_outputs = 1
graph_reserve: reserving a graph for ubatch with n_tokens =    1, n_seqs =  1, n_outputs =    1
sched_reserve: Flash Attention was auto, set to enabled
sched_reserve: resolving fused Gated Delta Net support:
graph_reserve: reserving a graph for ubatch with n_tokens =    1, n_seqs =  1, n_outputs =    1
sched_reserve: fused Gated Delta Net (autoregressive) enabled
graph_reserve: reserving a graph for ubatch with n_tokens =   16, n_seqs =  1, n_outputs =   16
sched_reserve: fused Gated Delta Net (chunked) enabled
graph_reserve: reserving a graph for ubatch with n_tokens =  512, n_seqs =  1, n_outputs =  512
graph_reserve: reserving a graph for ubatch with n_tokens =    1, n_seqs =  1, n_outputs =    1
graph_reserve: reserving a graph for ubatch with n_tokens =  512, n_seqs =  1, n_outputs =  512
sched_reserve:      CUDA0 compute buffer size =   304.00 MiB
sched_reserve:  CUDA_Host compute buffer size =    14.76 MiB
sched_reserve: graph nodes  = 958
sched_reserve: graph splits = 44 (with bs=512), 2 (with bs=1)
sched_reserve: reserve took 24.68 ms, sched copies = 1
CUDA Graph id 16497 reused
ggml_backend_cuda_graph_compute: CUDA graph warmup complete
CUDA Graph id 16497 reused
CUDA Graph id 16497 reused
CUDA Graph id 16497 reused
CUDA Graph id 16497 reused
CUDA Graph id 16497 reused
CUDA Graph id 16497 reused
CUDA Graph id 16497 reused
CUDA Graph id 16497 reused
CUDA Graph id 16497 reused
~llama_context:      CUDA0 compute buffer size is 304.0000 MiB, matches expectation of 304.0000 MiB
~llama_context:  CUDA_Host compute buffer size is  14.7637 MiB, matches expectation of  14.7637 MiB
schema 168/175 done
llama_context: constructing llama_context
llama_context: n_seq_max     = 1
llama_context: n_ctx         = 768
llama_context: n_ctx_seq     = 768
llama_context: n_batch       = 689
llama_context: n_ubatch      = 512
llama_context: causal_attn   = 1
llama_context: flash_attn    = auto
llama_context: kv_unified    = false
llama_context: freq_base     = 1000000.0
llama_context: freq_scale    = 1
llama_context: n_rs_seq      = 0
llama_context: n_outputs_max = 689
llama_context: n_ctx_seq (768) < n_ctx_train (32768) -- the full capacity of the model will not be utilized
set_abort_callback: call
llama_context:  CUDA_Host  output buffer size =     0.58 MiB
llama_kv_cache: layer   0: dev = CPU
llama_kv_cache: layer   1: dev = CPU
llama_kv_cache: layer   2: dev = CPU
llama_kv_cache: layer   3: dev = CUDA0
llama_kv_cache: layer   4: dev = CUDA0
llama_kv_cache: layer   5: dev = CUDA0
llama_kv_cache: layer   6: dev = CUDA0
llama_kv_cache: layer   7: dev = CUDA0
llama_kv_cache: layer   8: dev = CUDA0
llama_kv_cache: layer   9: dev = CUDA0
llama_kv_cache: layer  10: dev = CUDA0
llama_kv_cache: layer  11: dev = CUDA0
llama_kv_cache: layer  12: dev = CUDA0
llama_kv_cache: layer  13: dev = CUDA0
llama_kv_cache: layer  14: dev = CUDA0
llama_kv_cache: layer  15: dev = CUDA0
llama_kv_cache: layer  16: dev = CUDA0
llama_kv_cache: layer  17: dev = CUDA0
llama_kv_cache: layer  18: dev = CUDA0
llama_kv_cache: layer  19: dev = CUDA0
llama_kv_cache: layer  20: dev = CUDA0
llama_kv_cache: layer  21: dev = CUDA0
llama_kv_cache: layer  22: dev = CUDA0
llama_kv_cache: layer  23: dev = CUDA0
llama_kv_cache: layer  24: dev = CUDA0
llama_kv_cache: layer  25: dev = CUDA0
llama_kv_cache: layer  26: dev = CUDA0
llama_kv_cache: layer  27: dev = CUDA0
llama_kv_cache:        CPU KV buffer size =     4.50 MiB
llama_kv_cache:      CUDA0 KV buffer size =    37.50 MiB
llama_kv_cache: size =   42.00 MiB (   768 cells,  28 layers,  1/1 seqs), K (f16):   21.00 MiB, V (f16):   21.00 MiB
llama_kv_cache: attn_rot_k = 0, n_embd_head_k_all = 128
llama_kv_cache: attn_rot_v = 0, n_embd_head_k_all = 128
llama_context: enumerating backends
llama_context: backend_ptrs.size() = 2
sched_reserve: reserving ...
sched_reserve: max_nodes = 2712
sched_reserve: reserving full memory module
sched_reserve: worst-case: n_tokens = 512, n_seqs = 1, n_outputs = 1
graph_reserve: reserving a graph for ubatch with n_tokens =    1, n_seqs =  1, n_outputs =    1
sched_reserve: Flash Attention was auto, set to enabled
sched_reserve: resolving fused Gated Delta Net support:
graph_reserve: reserving a graph for ubatch with n_tokens =    1, n_seqs =  1, n_outputs =    1
sched_reserve: fused Gated Delta Net (autoregressive) enabled
graph_reserve: reserving a graph for ubatch with n_tokens =   16, n_seqs =  1, n_outputs =   16
sched_reserve: fused Gated Delta Net (chunked) enabled
graph_reserve: reserving a graph for ubatch with n_tokens =  512, n_seqs =  1, n_outputs =  512
graph_reserve: reserving a graph for ubatch with n_tokens =    1, n_seqs =  1, n_outputs =    1
graph_reserve: reserving a graph for ubatch with n_tokens =  512, n_seqs =  1, n_outputs =  512
sched_reserve:      CUDA0 compute buffer size =   304.00 MiB
sched_reserve:  CUDA_Host compute buffer size =    14.76 MiB
sched_reserve: graph nodes  = 958
sched_reserve: graph splits = 44 (with bs=512), 2 (with bs=1)
sched_reserve: reserve took 15.84 ms, sched copies = 1
CUDA Graph id 16647 reused
ggml_backend_cuda_graph_compute: CUDA graph warmup complete
CUDA Graph id 16647 reused
CUDA Graph id 16647 reused
CUDA Graph id 16647 reused
CUDA Graph id 16647 reused
CUDA Graph id 16647 reused
CUDA Graph id 16647 reused
CUDA Graph id 16647 reused
CUDA Graph id 16647 reused
CUDA Graph id 16647 reused
CUDA Graph id 16647 reused
CUDA Graph id 16647 reused
CUDA Graph id 16647 reused
CUDA Graph id 16647 reused
CUDA Graph id 16647 reused
CUDA Graph id 16647 reused
CUDA Graph id 16647 reused
CUDA Graph id 16647 reused
CUDA Graph id 16647 reused
CUDA Graph id 16647 reused
CUDA Graph id 16647 reused
CUDA Graph id 16647 reused
CUDA Graph id 16647 reused
CUDA Graph id 16647 reused
CUDA Graph id 16647 reused
CUDA Graph id 16647 reused
CUDA Graph id 16647 reused
CUDA Graph id 16647 reused
CUDA Graph id 16647 reused
CUDA Graph id 16647 reused
CUDA Graph id 16647 reused
CUDA Graph id 16647 reused
~llama_context:      CUDA0 compute buffer size is 304.0000 MiB, matches expectation of 304.0000 MiB
~llama_context:  CUDA_Host compute buffer size is  14.7637 MiB, matches expectation of  14.7637 MiB
llama_context: constructing llama_context
llama_context: n_seq_max     = 1
llama_context: n_ctx         = 768
llama_context: n_ctx_seq     = 768
llama_context: n_batch       = 689
llama_context: n_ubatch      = 512
llama_context: causal_attn   = 1
llama_context: flash_attn    = auto
llama_context: kv_unified    = false
llama_context: freq_base     = 1000000.0
llama_context: freq_scale    = 1
llama_context: n_rs_seq      = 0
llama_context: n_outputs_max = 689
llama_context: n_ctx_seq (768) < n_ctx_train (32768) -- the full capacity of the model will not be utilized
set_abort_callback: call
llama_context:  CUDA_Host  output buffer size =     0.58 MiB
llama_kv_cache: layer   0: dev = CPU
llama_kv_cache: layer   1: dev = CPU
llama_kv_cache: layer   2: dev = CPU
llama_kv_cache: layer   3: dev = CUDA0
llama_kv_cache: layer   4: dev = CUDA0
llama_kv_cache: layer   5: dev = CUDA0
llama_kv_cache: layer   6: dev = CUDA0
llama_kv_cache: layer   7: dev = CUDA0
llama_kv_cache: layer   8: dev = CUDA0
llama_kv_cache: layer   9: dev = CUDA0
llama_kv_cache: layer  10: dev = CUDA0
llama_kv_cache: layer  11: dev = CUDA0
llama_kv_cache: layer  12: dev = CUDA0
llama_kv_cache: layer  13: dev = CUDA0
llama_kv_cache: layer  14: dev = CUDA0
llama_kv_cache: layer  15: dev = CUDA0
llama_kv_cache: layer  16: dev = CUDA0
llama_kv_cache: layer  17: dev = CUDA0
llama_kv_cache: layer  18: dev = CUDA0
llama_kv_cache: layer  19: dev = CUDA0
llama_kv_cache: layer  20: dev = CUDA0
llama_kv_cache: layer  21: dev = CUDA0
llama_kv_cache: layer  22: dev = CUDA0
llama_kv_cache: layer  23: dev = CUDA0
llama_kv_cache: layer  24: dev = CUDA0
llama_kv_cache: layer  25: dev = CUDA0
llama_kv_cache: layer  26: dev = CUDA0
llama_kv_cache: layer  27: dev = CUDA0
llama_kv_cache:        CPU KV buffer size =     4.50 MiB
llama_kv_cache:      CUDA0 KV buffer size =    37.50 MiB
llama_kv_cache: size =   42.00 MiB (   768 cells,  28 layers,  1/1 seqs), K (f16):   21.00 MiB, V (f16):   21.00 MiB
llama_kv_cache: attn_rot_k = 0, n_embd_head_k_all = 128
llama_kv_cache: attn_rot_v = 0, n_embd_head_k_all = 128
llama_context: enumerating backends
llama_context: backend_ptrs.size() = 2
sched_reserve: reserving ...
sched_reserve: max_nodes = 2712
sched_reserve: reserving full memory module
sched_reserve: worst-case: n_tokens = 512, n_seqs = 1, n_outputs = 1
graph_reserve: reserving a graph for ubatch with n_tokens =    1, n_seqs =  1, n_outputs =    1
sched_reserve: Flash Attention was auto, set to enabled
sched_reserve: resolving fused Gated Delta Net support:
graph_reserve: reserving a graph for ubatch with n_tokens =    1, n_seqs =  1, n_outputs =    1
sched_reserve: fused Gated Delta Net (autoregressive) enabled
graph_reserve: reserving a graph for ubatch with n_tokens =   16, n_seqs =  1, n_outputs =   16
sched_reserve: fused Gated Delta Net (chunked) enabled
graph_reserve: reserving a graph for ubatch with n_tokens =  512, n_seqs =  1, n_outputs =  512
graph_reserve: reserving a graph for ubatch with n_tokens =    1, n_seqs =  1, n_outputs =    1
graph_reserve: reserving a graph for ubatch with n_tokens =  512, n_seqs =  1, n_outputs =  512
sched_reserve:      CUDA0 compute buffer size =   304.00 MiB
sched_reserve:  CUDA_Host compute buffer size =    14.76 MiB
sched_reserve: graph nodes  = 958
sched_reserve: graph splits = 44 (with bs=512), 2 (with bs=1)
sched_reserve: reserve took 20.80 ms, sched copies = 1
CUDA Graph id 16797 reused
ggml_backend_cuda_graph_compute: CUDA graph warmup complete
CUDA Graph id 16797 reused
CUDA Graph id 16797 reused
CUDA Graph id 16797 reused
CUDA Graph id 16797 reused
CUDA Graph id 16797 reused
CUDA Graph id 16797 reused
CUDA Graph id 16797 reused
CUDA Graph id 16797 reused
CUDA Graph id 16797 reused
CUDA Graph id 16797 reused
CUDA Graph id 16797 reused
CUDA Graph id 16797 reused
CUDA Graph id 16797 reused
CUDA Graph id 16797 reused
CUDA Graph id 16797 reused
CUDA Graph id 16797 reused
CUDA Graph id 16797 reused
CUDA Graph id 16797 reused
CUDA Graph id 16797 reused
CUDA Graph id 16797 reused
CUDA Graph id 16797 reused
CUDA Graph id 16797 reused
CUDA Graph id 16797 reused
CUDA Graph id 16797 reused
CUDA Graph id 16797 reused
CUDA Graph id 16797 reused
CUDA Graph id 16797 reused
CUDA Graph id 16797 reused
CUDA Graph id 16797 reused
CUDA Graph id 16797 reused
CUDA Graph id 16797 reused
~llama_context:      CUDA0 compute buffer size is 304.0000 MiB, matches expectation of 304.0000 MiB
~llama_context:  CUDA_Host compute buffer size is  14.7637 MiB, matches expectation of  14.7637 MiB
llama_context: constructing llama_context
llama_context: n_seq_max     = 1
llama_context: n_ctx         = 768
llama_context: n_ctx_seq     = 768
llama_context: n_batch       = 689
llama_context: n_ubatch      = 512
llama_context: causal_attn   = 1
llama_context: flash_attn    = auto
llama_context: kv_unified    = false
llama_context: freq_base     = 1000000.0
llama_context: freq_scale    = 1
llama_context: n_rs_seq      = 0
llama_context: n_outputs_max = 689
llama_context: n_ctx_seq (768) < n_ctx_train (32768) -- the full capacity of the model will not be utilized
set_abort_callback: call
llama_context:  CUDA_Host  output buffer size =     0.58 MiB
llama_kv_cache: layer   0: dev = CPU
llama_kv_cache: layer   1: dev = CPU
llama_kv_cache: layer   2: dev = CPU
llama_kv_cache: layer   3: dev = CUDA0
llama_kv_cache: layer   4: dev = CUDA0
llama_kv_cache: layer   5: dev = CUDA0
llama_kv_cache: layer   6: dev = CUDA0
llama_kv_cache: layer   7: dev = CUDA0
llama_kv_cache: layer   8: dev = CUDA0
llama_kv_cache: layer   9: dev = CUDA0
llama_kv_cache: layer  10: dev = CUDA0
llama_kv_cache: layer  11: dev = CUDA0
llama_kv_cache: layer  12: dev = CUDA0
llama_kv_cache: layer  13: dev = CUDA0
llama_kv_cache: layer  14: dev = CUDA0
llama_kv_cache: layer  15: dev = CUDA0
llama_kv_cache: layer  16: dev = CUDA0
llama_kv_cache: layer  17: dev = CUDA0
llama_kv_cache: layer  18: dev = CUDA0
llama_kv_cache: layer  19: dev = CUDA0
llama_kv_cache: layer  20: dev = CUDA0
llama_kv_cache: layer  21: dev = CUDA0
llama_kv_cache: layer  22: dev = CUDA0
llama_kv_cache: layer  23: dev = CUDA0
llama_kv_cache: layer  24: dev = CUDA0
llama_kv_cache: layer  25: dev = CUDA0
llama_kv_cache: layer  26: dev = CUDA0
llama_kv_cache: layer  27: dev = CUDA0
llama_kv_cache:        CPU KV buffer size =     4.50 MiB
llama_kv_cache:      CUDA0 KV buffer size =    37.50 MiB
llama_kv_cache: size =   42.00 MiB (   768 cells,  28 layers,  1/1 seqs), K (f16):   21.00 MiB, V (f16):   21.00 MiB
llama_kv_cache: attn_rot_k = 0, n_embd_head_k_all = 128
llama_kv_cache: attn_rot_v = 0, n_embd_head_k_all = 128
llama_context: enumerating backends
llama_context: backend_ptrs.size() = 2
sched_reserve: reserving ...
sched_reserve: max_nodes = 2712
sched_reserve: reserving full memory module
sched_reserve: worst-case: n_tokens = 512, n_seqs = 1, n_outputs = 1
graph_reserve: reserving a graph for ubatch with n_tokens =    1, n_seqs =  1, n_outputs =    1
sched_reserve: Flash Attention was auto, set to enabled
sched_reserve: resolving fused Gated Delta Net support:
graph_reserve: reserving a graph for ubatch with n_tokens =    1, n_seqs =  1, n_outputs =    1
sched_reserve: fused Gated Delta Net (autoregressive) enabled
graph_reserve: reserving a graph for ubatch with n_tokens =   16, n_seqs =  1, n_outputs =   16
sched_reserve: fused Gated Delta Net (chunked) enabled
graph_reserve: reserving a graph for ubatch with n_tokens =  512, n_seqs =  1, n_outputs =  512
graph_reserve: reserving a graph for ubatch with n_tokens =    1, n_seqs =  1, n_outputs =    1
graph_reserve: reserving a graph for ubatch with n_tokens =  512, n_seqs =  1, n_outputs =  512
sched_reserve:      CUDA0 compute buffer size =   304.00 MiB
sched_reserve:  CUDA_Host compute buffer size =    14.76 MiB
sched_reserve: graph nodes  = 958
sched_reserve: graph splits = 44 (with bs=512), 2 (with bs=1)
sched_reserve: reserve took 17.06 ms, sched copies = 1
CUDA Graph id 16947 reused
ggml_backend_cuda_graph_compute: CUDA graph warmup complete
CUDA Graph id 16947 reused
CUDA Graph id 16947 reused
CUDA Graph id 16947 reused
CUDA Graph id 16947 reused
CUDA Graph id 16947 reused
CUDA Graph id 16947 reused
CUDA Graph id 16947 reused
CUDA Graph id 16947 reused
CUDA Graph id 16947 reused
CUDA Graph id 16947 reused
CUDA Graph id 16947 reused
CUDA Graph id 16947 reused
~llama_context:      CUDA0 compute buffer size is 304.0000 MiB, matches expectation of 304.0000 MiB
~llama_context:  CUDA_Host compute buffer size is  14.7637 MiB, matches expectation of  14.7637 MiB
llama_context: constructing llama_context
llama_context: n_seq_max     = 1
llama_context: n_ctx         = 768
llama_context: n_ctx_seq     = 768
llama_context: n_batch       = 689
llama_context: n_ubatch      = 512
llama_context: causal_attn   = 1
llama_context: flash_attn    = auto
llama_context: kv_unified    = false
llama_context: freq_base     = 1000000.0
llama_context: freq_scale    = 1
llama_context: n_rs_seq      = 0
llama_context: n_outputs_max = 689
llama_context: n_ctx_seq (768) < n_ctx_train (32768) -- the full capacity of the model will not be utilized
set_abort_callback: call
llama_context:  CUDA_Host  output buffer size =     0.58 MiB
llama_kv_cache: layer   0: dev = CPU
llama_kv_cache: layer   1: dev = CPU
llama_kv_cache: layer   2: dev = CPU
llama_kv_cache: layer   3: dev = CUDA0
llama_kv_cache: layer   4: dev = CUDA0
llama_kv_cache: layer   5: dev = CUDA0
llama_kv_cache: layer   6: dev = CUDA0
llama_kv_cache: layer   7: dev = CUDA0
llama_kv_cache: layer   8: dev = CUDA0
llama_kv_cache: layer   9: dev = CUDA0
llama_kv_cache: layer  10: dev = CUDA0
llama_kv_cache: layer  11: dev = CUDA0
llama_kv_cache: layer  12: dev = CUDA0
llama_kv_cache: layer  13: dev = CUDA0
llama_kv_cache: layer  14: dev = CUDA0
llama_kv_cache: layer  15: dev = CUDA0
llama_kv_cache: layer  16: dev = CUDA0
llama_kv_cache: layer  17: dev = CUDA0
llama_kv_cache: layer  18: dev = CUDA0
llama_kv_cache: layer  19: dev = CUDA0
llama_kv_cache: layer  20: dev = CUDA0
llama_kv_cache: layer  21: dev = CUDA0
llama_kv_cache: layer  22: dev = CUDA0
llama_kv_cache: layer  23: dev = CUDA0
llama_kv_cache: layer  24: dev = CUDA0
llama_kv_cache: layer  25: dev = CUDA0
llama_kv_cache: layer  26: dev = CUDA0
llama_kv_cache: layer  27: dev = CUDA0
llama_kv_cache:        CPU KV buffer size =     4.50 MiB
llama_kv_cache:      CUDA0 KV buffer size =    37.50 MiB
llama_kv_cache: size =   42.00 MiB (   768 cells,  28 layers,  1/1 seqs), K (f16):   21.00 MiB, V (f16):   21.00 MiB
llama_kv_cache: attn_rot_k = 0, n_embd_head_k_all = 128
llama_kv_cache: attn_rot_v = 0, n_embd_head_k_all = 128
llama_context: enumerating backends
llama_context: backend_ptrs.size() = 2
sched_reserve: reserving ...
sched_reserve: max_nodes = 2712
sched_reserve: reserving full memory module
sched_reserve: worst-case: n_tokens = 512, n_seqs = 1, n_outputs = 1
graph_reserve: reserving a graph for ubatch with n_tokens =    1, n_seqs =  1, n_outputs =    1
sched_reserve: Flash Attention was auto, set to enabled
sched_reserve: resolving fused Gated Delta Net support:
graph_reserve: reserving a graph for ubatch with n_tokens =    1, n_seqs =  1, n_outputs =    1
sched_reserve: fused Gated Delta Net (autoregressive) enabled
graph_reserve: reserving a graph for ubatch with n_tokens =   16, n_seqs =  1, n_outputs =   16
sched_reserve: fused Gated Delta Net (chunked) enabled
graph_reserve: reserving a graph for ubatch with n_tokens =  512, n_seqs =  1, n_outputs =  512
graph_reserve: reserving a graph for ubatch with n_tokens =    1, n_seqs =  1, n_outputs =    1
graph_reserve: reserving a graph for ubatch with n_tokens =  512, n_seqs =  1, n_outputs =  512
sched_reserve:      CUDA0 compute buffer size =   304.00 MiB
sched_reserve:  CUDA_Host compute buffer size =    14.76 MiB
sched_reserve: graph nodes  = 958
sched_reserve: graph splits = 44 (with bs=512), 2 (with bs=1)
sched_reserve: reserve took 16.29 ms, sched copies = 1
CUDA Graph id 17097 reused
ggml_backend_cuda_graph_compute: CUDA graph warmup complete
CUDA Graph id 17097 reused
CUDA Graph id 17097 reused
CUDA Graph id 17097 reused
CUDA Graph id 17097 reused
CUDA Graph id 17097 reused
CUDA Graph id 17097 reused
CUDA Graph id 17097 reused
CUDA Graph id 17097 reused
CUDA Graph id 17097 reused
CUDA Graph id 17097 reused
CUDA Graph id 17097 reused
CUDA Graph id 17097 reused
CUDA Graph id 17097 reused
CUDA Graph id 17097 reused
CUDA Graph id 17097 reused
CUDA Graph id 17097 reused
CUDA Graph id 17097 reused
CUDA Graph id 17097 reused
CUDA Graph id 17097 reused
CUDA Graph id 17097 reused
CUDA Graph id 17097 reused
CUDA Graph id 17097 reused
CUDA Graph id 17097 reused
CUDA Graph id 17097 reused
CUDA Graph id 17097 reused
CUDA Graph id 17097 reused
CUDA Graph id 17097 reused
CUDA Graph id 17097 reused
CUDA Graph id 17097 reused
CUDA Graph id 17097 reused
CUDA Graph id 17097 reused
~llama_context:      CUDA0 compute buffer size is 304.0000 MiB, matches expectation of 304.0000 MiB
~llama_context:  CUDA_Host compute buffer size is  14.7637 MiB, matches expectation of  14.7637 MiB
llama_context: constructing llama_context
llama_context: n_seq_max     = 1
llama_context: n_ctx         = 768
llama_context: n_ctx_seq     = 768
llama_context: n_batch       = 689
llama_context: n_ubatch      = 512
llama_context: causal_attn   = 1
llama_context: flash_attn    = auto
llama_context: kv_unified    = false
llama_context: freq_base     = 1000000.0
llama_context: freq_scale    = 1
llama_context: n_rs_seq      = 0
llama_context: n_outputs_max = 689
llama_context: n_ctx_seq (768) < n_ctx_train (32768) -- the full capacity of the model will not be utilized
set_abort_callback: call
llama_context:  CUDA_Host  output buffer size =     0.58 MiB
llama_kv_cache: layer   0: dev = CPU
llama_kv_cache: layer   1: dev = CPU
llama_kv_cache: layer   2: dev = CPU
llama_kv_cache: layer   3: dev = CUDA0
llama_kv_cache: layer   4: dev = CUDA0
llama_kv_cache: layer   5: dev = CUDA0
llama_kv_cache: layer   6: dev = CUDA0
llama_kv_cache: layer   7: dev = CUDA0
llama_kv_cache: layer   8: dev = CUDA0
llama_kv_cache: layer   9: dev = CUDA0
llama_kv_cache: layer  10: dev = CUDA0
llama_kv_cache: layer  11: dev = CUDA0
llama_kv_cache: layer  12: dev = CUDA0
llama_kv_cache: layer  13: dev = CUDA0
llama_kv_cache: layer  14: dev = CUDA0
llama_kv_cache: layer  15: dev = CUDA0
llama_kv_cache: layer  16: dev = CUDA0
llama_kv_cache: layer  17: dev = CUDA0
llama_kv_cache: layer  18: dev = CUDA0
llama_kv_cache: layer  19: dev = CUDA0
llama_kv_cache: layer  20: dev = CUDA0
llama_kv_cache: layer  21: dev = CUDA0
llama_kv_cache: layer  22: dev = CUDA0
llama_kv_cache: layer  23: dev = CUDA0
llama_kv_cache: layer  24: dev = CUDA0
llama_kv_cache: layer  25: dev = CUDA0
llama_kv_cache: layer  26: dev = CUDA0
llama_kv_cache: layer  27: dev = CUDA0
llama_kv_cache:        CPU KV buffer size =     4.50 MiB
llama_kv_cache:      CUDA0 KV buffer size =    37.50 MiB
llama_kv_cache: size =   42.00 MiB (   768 cells,  28 layers,  1/1 seqs), K (f16):   21.00 MiB, V (f16):   21.00 MiB
llama_kv_cache: attn_rot_k = 0, n_embd_head_k_all = 128
llama_kv_cache: attn_rot_v = 0, n_embd_head_k_all = 128
llama_context: enumerating backends
llama_context: backend_ptrs.size() = 2
sched_reserve: reserving ...
sched_reserve: max_nodes = 2712
sched_reserve: reserving full memory module
sched_reserve: worst-case: n_tokens = 512, n_seqs = 1, n_outputs = 1
graph_reserve: reserving a graph for ubatch with n_tokens =    1, n_seqs =  1, n_outputs =    1
sched_reserve: Flash Attention was auto, set to enabled
sched_reserve: resolving fused Gated Delta Net support:
graph_reserve: reserving a graph for ubatch with n_tokens =    1, n_seqs =  1, n_outputs =    1
sched_reserve: fused Gated Delta Net (autoregressive) enabled
graph_reserve: reserving a graph for ubatch with n_tokens =   16, n_seqs =  1, n_outputs =   16
sched_reserve: fused Gated Delta Net (chunked) enabled
graph_reserve: reserving a graph for ubatch with n_tokens =  512, n_seqs =  1, n_outputs =  512
graph_reserve: reserving a graph for ubatch with n_tokens =    1, n_seqs =  1, n_outputs =    1
graph_reserve: reserving a graph for ubatch with n_tokens =  512, n_seqs =  1, n_outputs =  512
sched_reserve:      CUDA0 compute buffer size =   304.00 MiB
sched_reserve:  CUDA_Host compute buffer size =    14.76 MiB
sched_reserve: graph nodes  = 958
sched_reserve: graph splits = 44 (with bs=512), 2 (with bs=1)
sched_reserve: reserve took 13.04 ms, sched copies = 1
CUDA Graph id 17247 reused
ggml_backend_cuda_graph_compute: CUDA graph warmup complete
CUDA Graph id 17247 reused
CUDA Graph id 17247 reused
CUDA Graph id 17247 reused
CUDA Graph id 17247 reused
CUDA Graph id 17247 reused
CUDA Graph id 17247 reused
CUDA Graph id 17247 reused
CUDA Graph id 17247 reused
CUDA Graph id 17247 reused
CUDA Graph id 17247 reused
CUDA Graph id 17247 reused
CUDA Graph id 17247 reused
~llama_context:      CUDA0 compute buffer size is 304.0000 MiB, matches expectation of 304.0000 MiB
~llama_context:  CUDA_Host compute buffer size is  14.7637 MiB, matches expectation of  14.7637 MiB
llama_context: constructing llama_context
llama_context: n_seq_max     = 1
llama_context: n_ctx         = 768
llama_context: n_ctx_seq     = 768
llama_context: n_batch       = 689
llama_context: n_ubatch      = 512
llama_context: causal_attn   = 1
llama_context: flash_attn    = auto
llama_context: kv_unified    = false
llama_context: freq_base     = 1000000.0
llama_context: freq_scale    = 1
llama_context: n_rs_seq      = 0
llama_context: n_outputs_max = 689
llama_context: n_ctx_seq (768) < n_ctx_train (32768) -- the full capacity of the model will not be utilized
set_abort_callback: call
llama_context:  CUDA_Host  output buffer size =     0.58 MiB
llama_kv_cache: layer   0: dev = CPU
llama_kv_cache: layer   1: dev = CPU
llama_kv_cache: layer   2: dev = CPU
llama_kv_cache: layer   3: dev = CUDA0
llama_kv_cache: layer   4: dev = CUDA0
llama_kv_cache: layer   5: dev = CUDA0
llama_kv_cache: layer   6: dev = CUDA0
llama_kv_cache: layer   7: dev = CUDA0
llama_kv_cache: layer   8: dev = CUDA0
llama_kv_cache: layer   9: dev = CUDA0
llama_kv_cache: layer  10: dev = CUDA0
llama_kv_cache: layer  11: dev = CUDA0
llama_kv_cache: layer  12: dev = CUDA0
llama_kv_cache: layer  13: dev = CUDA0
llama_kv_cache: layer  14: dev = CUDA0
llama_kv_cache: layer  15: dev = CUDA0
llama_kv_cache: layer  16: dev = CUDA0
llama_kv_cache: layer  17: dev = CUDA0
llama_kv_cache: layer  18: dev = CUDA0
llama_kv_cache: layer  19: dev = CUDA0
llama_kv_cache: layer  20: dev = CUDA0
llama_kv_cache: layer  21: dev = CUDA0
llama_kv_cache: layer  22: dev = CUDA0
llama_kv_cache: layer  23: dev = CUDA0
llama_kv_cache: layer  24: dev = CUDA0
llama_kv_cache: layer  25: dev = CUDA0
llama_kv_cache: layer  26: dev = CUDA0
llama_kv_cache: layer  27: dev = CUDA0
llama_kv_cache:        CPU KV buffer size =     4.50 MiB
llama_kv_cache:      CUDA0 KV buffer size =    37.50 MiB
llama_kv_cache: size =   42.00 MiB (   768 cells,  28 layers,  1/1 seqs), K (f16):   21.00 MiB, V (f16):   21.00 MiB
llama_kv_cache: attn_rot_k = 0, n_embd_head_k_all = 128
llama_kv_cache: attn_rot_v = 0, n_embd_head_k_all = 128
llama_context: enumerating backends
llama_context: backend_ptrs.size() = 2
sched_reserve: reserving ...
sched_reserve: max_nodes = 2712
sched_reserve: reserving full memory module
sched_reserve: worst-case: n_tokens = 512, n_seqs = 1, n_outputs = 1
graph_reserve: reserving a graph for ubatch with n_tokens =    1, n_seqs =  1, n_outputs =    1
sched_reserve: Flash Attention was auto, set to enabled
sched_reserve: resolving fused Gated Delta Net support:
graph_reserve: reserving a graph for ubatch with n_tokens =    1, n_seqs =  1, n_outputs =    1
sched_reserve: fused Gated Delta Net (autoregressive) enabled
graph_reserve: reserving a graph for ubatch with n_tokens =   16, n_seqs =  1, n_outputs =   16
sched_reserve: fused Gated Delta Net (chunked) enabled
graph_reserve: reserving a graph for ubatch with n_tokens =  512, n_seqs =  1, n_outputs =  512
graph_reserve: reserving a graph for ubatch with n_tokens =    1, n_seqs =  1, n_outputs =    1
graph_reserve: reserving a graph for ubatch with n_tokens =  512, n_seqs =  1, n_outputs =  512
sched_reserve:      CUDA0 compute buffer size =   304.00 MiB
sched_reserve:  CUDA_Host compute buffer size =    14.76 MiB
sched_reserve: graph nodes  = 958
sched_reserve: graph splits = 44 (with bs=512), 2 (with bs=1)
sched_reserve: reserve took 17.83 ms, sched copies = 1
CUDA Graph id 17397 reused
ggml_backend_cuda_graph_compute: CUDA graph warmup complete
CUDA Graph id 17397 reused
CUDA Graph id 17397 reused
CUDA Graph id 17397 reused
CUDA Graph id 17397 reused
CUDA Graph id 17397 reused
CUDA Graph id 17397 reused
CUDA Graph id 17397 reused
CUDA Graph id 17397 reused
CUDA Graph id 17397 reused
CUDA Graph id 17397 reused
CUDA Graph id 17397 reused
CUDA Graph id 17397 reused
CUDA Graph id 17397 reused
CUDA Graph id 17397 reused
CUDA Graph id 17397 reused
CUDA Graph id 17397 reused
CUDA Graph id 17397 reused
CUDA Graph id 17397 reused
CUDA Graph id 17397 reused
CUDA Graph id 17397 reused
CUDA Graph id 17397 reused
~llama_context:      CUDA0 compute buffer size is 304.0000 MiB, matches expectation of 304.0000 MiB
~llama_context:  CUDA_Host compute buffer size is  14.7637 MiB, matches expectation of  14.7637 MiB
schema 169/175 done
llama_context: constructing llama_context
llama_context: n_seq_max     = 1
llama_context: n_ctx         = 768
llama_context: n_ctx_seq     = 768
llama_context: n_batch       = 665
llama_context: n_ubatch      = 512
llama_context: causal_attn   = 1
llama_context: flash_attn    = auto
llama_context: kv_unified    = false
llama_context: freq_base     = 1000000.0
llama_context: freq_scale    = 1
llama_context: n_rs_seq      = 0
llama_context: n_outputs_max = 665
llama_context: n_ctx_seq (768) < n_ctx_train (32768) -- the full capacity of the model will not be utilized
set_abort_callback: call
llama_context:  CUDA_Host  output buffer size =     0.58 MiB
llama_kv_cache: layer   0: dev = CPU
llama_kv_cache: layer   1: dev = CPU
llama_kv_cache: layer   2: dev = CPU
llama_kv_cache: layer   3: dev = CUDA0
llama_kv_cache: layer   4: dev = CUDA0
llama_kv_cache: layer   5: dev = CUDA0
llama_kv_cache: layer   6: dev = CUDA0
llama_kv_cache: layer   7: dev = CUDA0
llama_kv_cache: layer   8: dev = CUDA0
llama_kv_cache: layer   9: dev = CUDA0
llama_kv_cache: layer  10: dev = CUDA0
llama_kv_cache: layer  11: dev = CUDA0
llama_kv_cache: layer  12: dev = CUDA0
llama_kv_cache: layer  13: dev = CUDA0
llama_kv_cache: layer  14: dev = CUDA0
llama_kv_cache: layer  15: dev = CUDA0
llama_kv_cache: layer  16: dev = CUDA0
llama_kv_cache: layer  17: dev = CUDA0
llama_kv_cache: layer  18: dev = CUDA0
llama_kv_cache: layer  19: dev = CUDA0
llama_kv_cache: layer  20: dev = CUDA0
llama_kv_cache: layer  21: dev = CUDA0
llama_kv_cache: layer  22: dev = CUDA0
llama_kv_cache: layer  23: dev = CUDA0
llama_kv_cache: layer  24: dev = CUDA0
llama_kv_cache: layer  25: dev = CUDA0
llama_kv_cache: layer  26: dev = CUDA0
llama_kv_cache: layer  27: dev = CUDA0
llama_kv_cache:        CPU KV buffer size =     4.50 MiB
llama_kv_cache:      CUDA0 KV buffer size =    37.50 MiB
llama_kv_cache: size =   42.00 MiB (   768 cells,  28 layers,  1/1 seqs), K (f16):   21.00 MiB, V (f16):   21.00 MiB
llama_kv_cache: attn_rot_k = 0, n_embd_head_k_all = 128
llama_kv_cache: attn_rot_v = 0, n_embd_head_k_all = 128
llama_context: enumerating backends
llama_context: backend_ptrs.size() = 2
sched_reserve: reserving ...
sched_reserve: max_nodes = 2712
sched_reserve: reserving full memory module
sched_reserve: worst-case: n_tokens = 512, n_seqs = 1, n_outputs = 1
graph_reserve: reserving a graph for ubatch with n_tokens =    1, n_seqs =  1, n_outputs =    1
sched_reserve: Flash Attention was auto, set to enabled
sched_reserve: resolving fused Gated Delta Net support:
graph_reserve: reserving a graph for ubatch with n_tokens =    1, n_seqs =  1, n_outputs =    1
sched_reserve: fused Gated Delta Net (autoregressive) enabled
graph_reserve: reserving a graph for ubatch with n_tokens =   16, n_seqs =  1, n_outputs =   16
sched_reserve: fused Gated Delta Net (chunked) enabled
graph_reserve: reserving a graph for ubatch with n_tokens =  512, n_seqs =  1, n_outputs =  512
graph_reserve: reserving a graph for ubatch with n_tokens =    1, n_seqs =  1, n_outputs =    1
graph_reserve: reserving a graph for ubatch with n_tokens =  512, n_seqs =  1, n_outputs =  512
sched_reserve:      CUDA0 compute buffer size =   304.00 MiB
sched_reserve:  CUDA_Host compute buffer size =    14.76 MiB
sched_reserve: graph nodes  = 958
sched_reserve: graph splits = 44 (with bs=512), 2 (with bs=1)
sched_reserve: reserve took 16.94 ms, sched copies = 1
CUDA Graph id 17547 reused
ggml_backend_cuda_graph_compute: CUDA graph warmup complete
CUDA Graph id 17547 reused
CUDA Graph id 17547 reused
CUDA Graph id 17547 reused
CUDA Graph id 17547 reused
CUDA Graph id 17547 reused
CUDA Graph id 17547 reused
CUDA Graph id 17547 reused
CUDA Graph id 17547 reused
CUDA Graph id 17547 reused
CUDA Graph id 17547 reused
CUDA Graph id 17547 reused
CUDA Graph id 17547 reused
CUDA Graph id 17547 reused
CUDA Graph id 17547 reused
CUDA Graph id 17547 reused
CUDA Graph id 17547 reused
CUDA Graph id 17547 reused
CUDA Graph id 17547 reused
CUDA Graph id 17547 reused
CUDA Graph id 17547 reused
CUDA Graph id 17547 reused
CUDA Graph id 17547 reused
CUDA Graph id 17547 reused
CUDA Graph id 17547 reused
~llama_context:      CUDA0 compute buffer size is 304.0000 MiB, matches expectation of 304.0000 MiB
~llama_context:  CUDA_Host compute buffer size is  14.7637 MiB, matches expectation of  14.7637 MiB
llama_context: constructing llama_context
llama_context: n_seq_max     = 1
llama_context: n_ctx         = 768
llama_context: n_ctx_seq     = 768
llama_context: n_batch       = 665
llama_context: n_ubatch      = 512
llama_context: causal_attn   = 1
llama_context: flash_attn    = auto
llama_context: kv_unified    = false
llama_context: freq_base     = 1000000.0
llama_context: freq_scale    = 1
llama_context: n_rs_seq      = 0
llama_context: n_outputs_max = 665
llama_context: n_ctx_seq (768) < n_ctx_train (32768) -- the full capacity of the model will not be utilized
set_abort_callback: call
llama_context:  CUDA_Host  output buffer size =     0.58 MiB
llama_kv_cache: layer   0: dev = CPU
llama_kv_cache: layer   1: dev = CPU
llama_kv_cache: layer   2: dev = CPU
llama_kv_cache: layer   3: dev = CUDA0
llama_kv_cache: layer   4: dev = CUDA0
llama_kv_cache: layer   5: dev = CUDA0
llama_kv_cache: layer   6: dev = CUDA0
llama_kv_cache: layer   7: dev = CUDA0
llama_kv_cache: layer   8: dev = CUDA0
llama_kv_cache: layer   9: dev = CUDA0
llama_kv_cache: layer  10: dev = CUDA0
llama_kv_cache: layer  11: dev = CUDA0
llama_kv_cache: layer  12: dev = CUDA0
llama_kv_cache: layer  13: dev = CUDA0
llama_kv_cache: layer  14: dev = CUDA0
llama_kv_cache: layer  15: dev = CUDA0
llama_kv_cache: layer  16: dev = CUDA0
llama_kv_cache: layer  17: dev = CUDA0
llama_kv_cache: layer  18: dev = CUDA0
llama_kv_cache: layer  19: dev = CUDA0
llama_kv_cache: layer  20: dev = CUDA0
llama_kv_cache: layer  21: dev = CUDA0
llama_kv_cache: layer  22: dev = CUDA0
llama_kv_cache: layer  23: dev = CUDA0
llama_kv_cache: layer  24: dev = CUDA0
llama_kv_cache: layer  25: dev = CUDA0
llama_kv_cache: layer  26: dev = CUDA0
llama_kv_cache: layer  27: dev = CUDA0
llama_kv_cache:        CPU KV buffer size =     4.50 MiB
llama_kv_cache:      CUDA0 KV buffer size =    37.50 MiB
llama_kv_cache: size =   42.00 MiB (   768 cells,  28 layers,  1/1 seqs), K (f16):   21.00 MiB, V (f16):   21.00 MiB
llama_kv_cache: attn_rot_k = 0, n_embd_head_k_all = 128
llama_kv_cache: attn_rot_v = 0, n_embd_head_k_all = 128
llama_context: enumerating backends
llama_context: backend_ptrs.size() = 2
sched_reserve: reserving ...
sched_reserve: max_nodes = 2712
sched_reserve: reserving full memory module
sched_reserve: worst-case: n_tokens = 512, n_seqs = 1, n_outputs = 1
graph_reserve: reserving a graph for ubatch with n_tokens =    1, n_seqs =  1, n_outputs =    1
sched_reserve: Flash Attention was auto, set to enabled
sched_reserve: resolving fused Gated Delta Net support:
graph_reserve: reserving a graph for ubatch with n_tokens =    1, n_seqs =  1, n_outputs =    1
sched_reserve: fused Gated Delta Net (autoregressive) enabled
graph_reserve: reserving a graph for ubatch with n_tokens =   16, n_seqs =  1, n_outputs =   16
sched_reserve: fused Gated Delta Net (chunked) enabled
graph_reserve: reserving a graph for ubatch with n_tokens =  512, n_seqs =  1, n_outputs =  512
graph_reserve: reserving a graph for ubatch with n_tokens =    1, n_seqs =  1, n_outputs =    1
graph_reserve: reserving a graph for ubatch with n_tokens =  512, n_seqs =  1, n_outputs =  512
sched_reserve:      CUDA0 compute buffer size =   304.00 MiB
sched_reserve:  CUDA_Host compute buffer size =    14.76 MiB
sched_reserve: graph nodes  = 958
sched_reserve: graph splits = 44 (with bs=512), 2 (with bs=1)
sched_reserve: reserve took 13.42 ms, sched copies = 1
CUDA Graph id 17697 reused
ggml_backend_cuda_graph_compute: CUDA graph warmup complete
CUDA Graph id 17697 reused
CUDA Graph id 17697 reused
CUDA Graph id 17697 reused
CUDA Graph id 17697 reused
CUDA Graph id 17697 reused
CUDA Graph id 17697 reused
CUDA Graph id 17697 reused
CUDA Graph id 17697 reused
CUDA Graph id 17697 reused
CUDA Graph id 17697 reused
CUDA Graph id 17697 reused
CUDA Graph id 17697 reused
CUDA Graph id 17697 reused
CUDA Graph id 17697 reused
CUDA Graph id 17697 reused
CUDA Graph id 17697 reused
CUDA Graph id 17697 reused
CUDA Graph id 17697 reused
CUDA Graph id 17697 reused
CUDA Graph id 17697 reused
CUDA Graph id 17697 reused
CUDA Graph id 17697 reused
CUDA Graph id 17697 reused
CUDA Graph id 17697 reused
~llama_context:      CUDA0 compute buffer size is 304.0000 MiB, matches expectation of 304.0000 MiB
~llama_context:  CUDA_Host compute buffer size is  14.7637 MiB, matches expectation of  14.7637 MiB
llama_context: constructing llama_context
llama_context: n_seq_max     = 1
llama_context: n_ctx         = 768
llama_context: n_ctx_seq     = 768
llama_context: n_batch       = 665
llama_context: n_ubatch      = 512
llama_context: causal_attn   = 1
llama_context: flash_attn    = auto
llama_context: kv_unified    = false
llama_context: freq_base     = 1000000.0
llama_context: freq_scale    = 1
llama_context: n_rs_seq      = 0
llama_context: n_outputs_max = 665
llama_context: n_ctx_seq (768) < n_ctx_train (32768) -- the full capacity of the model will not be utilized
set_abort_callback: call
llama_context:  CUDA_Host  output buffer size =     0.58 MiB
llama_kv_cache: layer   0: dev = CPU
llama_kv_cache: layer   1: dev = CPU
llama_kv_cache: layer   2: dev = CPU
llama_kv_cache: layer   3: dev = CUDA0
llama_kv_cache: layer   4: dev = CUDA0
llama_kv_cache: layer   5: dev = CUDA0
llama_kv_cache: layer   6: dev = CUDA0
llama_kv_cache: layer   7: dev = CUDA0
llama_kv_cache: layer   8: dev = CUDA0
llama_kv_cache: layer   9: dev = CUDA0
llama_kv_cache: layer  10: dev = CUDA0
llama_kv_cache: layer  11: dev = CUDA0
llama_kv_cache: layer  12: dev = CUDA0
llama_kv_cache: layer  13: dev = CUDA0
llama_kv_cache: layer  14: dev = CUDA0
llama_kv_cache: layer  15: dev = CUDA0
llama_kv_cache: layer  16: dev = CUDA0
llama_kv_cache: layer  17: dev = CUDA0
llama_kv_cache: layer  18: dev = CUDA0
llama_kv_cache: layer  19: dev = CUDA0
llama_kv_cache: layer  20: dev = CUDA0
llama_kv_cache: layer  21: dev = CUDA0
llama_kv_cache: layer  22: dev = CUDA0
llama_kv_cache: layer  23: dev = CUDA0
llama_kv_cache: layer  24: dev = CUDA0
llama_kv_cache: layer  25: dev = CUDA0
llama_kv_cache: layer  26: dev = CUDA0
llama_kv_cache: layer  27: dev = CUDA0
llama_kv_cache:        CPU KV buffer size =     4.50 MiB
llama_kv_cache:      CUDA0 KV buffer size =    37.50 MiB
llama_kv_cache: size =   42.00 MiB (   768 cells,  28 layers,  1/1 seqs), K (f16):   21.00 MiB, V (f16):   21.00 MiB
llama_kv_cache: attn_rot_k = 0, n_embd_head_k_all = 128
llama_kv_cache: attn_rot_v = 0, n_embd_head_k_all = 128
llama_context: enumerating backends
llama_context: backend_ptrs.size() = 2
sched_reserve: reserving ...
sched_reserve: max_nodes = 2712
sched_reserve: reserving full memory module
sched_reserve: worst-case: n_tokens = 512, n_seqs = 1, n_outputs = 1
graph_reserve: reserving a graph for ubatch with n_tokens =    1, n_seqs =  1, n_outputs =    1
sched_reserve: Flash Attention was auto, set to enabled
sched_reserve: resolving fused Gated Delta Net support:
graph_reserve: reserving a graph for ubatch with n_tokens =    1, n_seqs =  1, n_outputs =    1
sched_reserve: fused Gated Delta Net (autoregressive) enabled
graph_reserve: reserving a graph for ubatch with n_tokens =   16, n_seqs =  1, n_outputs =   16
sched_reserve: fused Gated Delta Net (chunked) enabled
graph_reserve: reserving a graph for ubatch with n_tokens =  512, n_seqs =  1, n_outputs =  512
graph_reserve: reserving a graph for ubatch with n_tokens =    1, n_seqs =  1, n_outputs =    1
graph_reserve: reserving a graph for ubatch with n_tokens =  512, n_seqs =  1, n_outputs =  512
sched_reserve:      CUDA0 compute buffer size =   304.00 MiB
sched_reserve:  CUDA_Host compute buffer size =    14.76 MiB
sched_reserve: graph nodes  = 958
sched_reserve: graph splits = 44 (with bs=512), 2 (with bs=1)
sched_reserve: reserve took 20.32 ms, sched copies = 1
CUDA Graph id 17847 reused
ggml_backend_cuda_graph_compute: CUDA graph warmup complete
CUDA Graph id 17847 reused
CUDA Graph id 17847 reused
CUDA Graph id 17847 reused
CUDA Graph id 17847 reused
CUDA Graph id 17847 reused
CUDA Graph id 17847 reused
CUDA Graph id 17847 reused
CUDA Graph id 17847 reused
CUDA Graph id 17847 reused
CUDA Graph id 17847 reused
CUDA Graph id 17847 reused
CUDA Graph id 17847 reused
CUDA Graph id 17847 reused
CUDA Graph id 17847 reused
CUDA Graph id 17847 reused
CUDA Graph id 17847 reused
CUDA Graph id 17847 reused
CUDA Graph id 17847 reused
CUDA Graph id 17847 reused
CUDA Graph id 17847 reused
CUDA Graph id 17847 reused
CUDA Graph id 17847 reused
CUDA Graph id 17847 reused
CUDA Graph id 17847 reused
~llama_context:      CUDA0 compute buffer size is 304.0000 MiB, matches expectation of 304.0000 MiB
~llama_context:  CUDA_Host compute buffer size is  14.7637 MiB, matches expectation of  14.7637 MiB
llama_context: constructing llama_context
llama_context: n_seq_max     = 1
llama_context: n_ctx         = 768
llama_context: n_ctx_seq     = 768
llama_context: n_batch       = 665
llama_context: n_ubatch      = 512
llama_context: causal_attn   = 1
llama_context: flash_attn    = auto
llama_context: kv_unified    = false
llama_context: freq_base     = 1000000.0
llama_context: freq_scale    = 1
llama_context: n_rs_seq      = 0
llama_context: n_outputs_max = 665
llama_context: n_ctx_seq (768) < n_ctx_train (32768) -- the full capacity of the model will not be utilized
set_abort_callback: call
llama_context:  CUDA_Host  output buffer size =     0.58 MiB
llama_kv_cache: layer   0: dev = CPU
llama_kv_cache: layer   1: dev = CPU
llama_kv_cache: layer   2: dev = CPU
llama_kv_cache: layer   3: dev = CUDA0
llama_kv_cache: layer   4: dev = CUDA0
llama_kv_cache: layer   5: dev = CUDA0
llama_kv_cache: layer   6: dev = CUDA0
llama_kv_cache: layer   7: dev = CUDA0
llama_kv_cache: layer   8: dev = CUDA0
llama_kv_cache: layer   9: dev = CUDA0
llama_kv_cache: layer  10: dev = CUDA0
llama_kv_cache: layer  11: dev = CUDA0
llama_kv_cache: layer  12: dev = CUDA0
llama_kv_cache: layer  13: dev = CUDA0
llama_kv_cache: layer  14: dev = CUDA0
llama_kv_cache: layer  15: dev = CUDA0
llama_kv_cache: layer  16: dev = CUDA0
llama_kv_cache: layer  17: dev = CUDA0
llama_kv_cache: layer  18: dev = CUDA0
llama_kv_cache: layer  19: dev = CUDA0
llama_kv_cache: layer  20: dev = CUDA0
llama_kv_cache: layer  21: dev = CUDA0
llama_kv_cache: layer  22: dev = CUDA0
llama_kv_cache: layer  23: dev = CUDA0
llama_kv_cache: layer  24: dev = CUDA0
llama_kv_cache: layer  25: dev = CUDA0
llama_kv_cache: layer  26: dev = CUDA0
llama_kv_cache: layer  27: dev = CUDA0
llama_kv_cache:        CPU KV buffer size =     4.50 MiB
llama_kv_cache:      CUDA0 KV buffer size =    37.50 MiB
llama_kv_cache: size =   42.00 MiB (   768 cells,  28 layers,  1/1 seqs), K (f16):   21.00 MiB, V (f16):   21.00 MiB
llama_kv_cache: attn_rot_k = 0, n_embd_head_k_all = 128
llama_kv_cache: attn_rot_v = 0, n_embd_head_k_all = 128
llama_context: enumerating backends
llama_context: backend_ptrs.size() = 2
sched_reserve: reserving ...
sched_reserve: max_nodes = 2712
sched_reserve: reserving full memory module
sched_reserve: worst-case: n_tokens = 512, n_seqs = 1, n_outputs = 1
graph_reserve: reserving a graph for ubatch with n_tokens =    1, n_seqs =  1, n_outputs =    1
sched_reserve: Flash Attention was auto, set to enabled
sched_reserve: resolving fused Gated Delta Net support:
graph_reserve: reserving a graph for ubatch with n_tokens =    1, n_seqs =  1, n_outputs =    1
sched_reserve: fused Gated Delta Net (autoregressive) enabled
graph_reserve: reserving a graph for ubatch with n_tokens =   16, n_seqs =  1, n_outputs =   16
sched_reserve: fused Gated Delta Net (chunked) enabled
graph_reserve: reserving a graph for ubatch with n_tokens =  512, n_seqs =  1, n_outputs =  512
graph_reserve: reserving a graph for ubatch with n_tokens =    1, n_seqs =  1, n_outputs =    1
graph_reserve: reserving a graph for ubatch with n_tokens =  512, n_seqs =  1, n_outputs =  512
sched_reserve:      CUDA0 compute buffer size =   304.00 MiB
sched_reserve:  CUDA_Host compute buffer size =    14.76 MiB
sched_reserve: graph nodes  = 958
sched_reserve: graph splits = 44 (with bs=512), 2 (with bs=1)
sched_reserve: reserve took 13.35 ms, sched copies = 1
CUDA Graph id 17997 reused
ggml_backend_cuda_graph_compute: CUDA graph warmup complete
CUDA Graph id 17997 reused
CUDA Graph id 17997 reused
CUDA Graph id 17997 reused
CUDA Graph id 17997 reused
CUDA Graph id 17997 reused
CUDA Graph id 17997 reused
CUDA Graph id 17997 reused
CUDA Graph id 17997 reused
CUDA Graph id 17997 reused
CUDA Graph id 17997 reused
CUDA Graph id 17997 reused
CUDA Graph id 17997 reused
CUDA Graph id 17997 reused
CUDA Graph id 17997 reused
CUDA Graph id 17997 reused
CUDA Graph id 17997 reused
CUDA Graph id 17997 reused
CUDA Graph id 17997 reused
CUDA Graph id 17997 reused
CUDA Graph id 17997 reused
CUDA Graph id 17997 reused
CUDA Graph id 17997 reused
CUDA Graph id 17997 reused
CUDA Graph id 17997 reused
~llama_context:      CUDA0 compute buffer size is 304.0000 MiB, matches expectation of 304.0000 MiB
~llama_context:  CUDA_Host compute buffer size is  14.7637 MiB, matches expectation of  14.7637 MiB
llama_context: constructing llama_context
llama_context: n_seq_max     = 1
llama_context: n_ctx         = 768
llama_context: n_ctx_seq     = 768
llama_context: n_batch       = 665
llama_context: n_ubatch      = 512
llama_context: causal_attn   = 1
llama_context: flash_attn    = auto
llama_context: kv_unified    = false
llama_context: freq_base     = 1000000.0
llama_context: freq_scale    = 1
llama_context: n_rs_seq      = 0
llama_context: n_outputs_max = 665
llama_context: n_ctx_seq (768) < n_ctx_train (32768) -- the full capacity of the model will not be utilized
set_abort_callback: call
llama_context:  CUDA_Host  output buffer size =     0.58 MiB
llama_kv_cache: layer   0: dev = CPU
llama_kv_cache: layer   1: dev = CPU
llama_kv_cache: layer   2: dev = CPU
llama_kv_cache: layer   3: dev = CUDA0
llama_kv_cache: layer   4: dev = CUDA0
llama_kv_cache: layer   5: dev = CUDA0
llama_kv_cache: layer   6: dev = CUDA0
llama_kv_cache: layer   7: dev = CUDA0
llama_kv_cache: layer   8: dev = CUDA0
llama_kv_cache: layer   9: dev = CUDA0
llama_kv_cache: layer  10: dev = CUDA0
llama_kv_cache: layer  11: dev = CUDA0
llama_kv_cache: layer  12: dev = CUDA0
llama_kv_cache: layer  13: dev = CUDA0
llama_kv_cache: layer  14: dev = CUDA0
llama_kv_cache: layer  15: dev = CUDA0
llama_kv_cache: layer  16: dev = CUDA0
llama_kv_cache: layer  17: dev = CUDA0
llama_kv_cache: layer  18: dev = CUDA0
llama_kv_cache: layer  19: dev = CUDA0
llama_kv_cache: layer  20: dev = CUDA0
llama_kv_cache: layer  21: dev = CUDA0
llama_kv_cache: layer  22: dev = CUDA0
llama_kv_cache: layer  23: dev = CUDA0
llama_kv_cache: layer  24: dev = CUDA0
llama_kv_cache: layer  25: dev = CUDA0
llama_kv_cache: layer  26: dev = CUDA0
llama_kv_cache: layer  27: dev = CUDA0
llama_kv_cache:        CPU KV buffer size =     4.50 MiB
llama_kv_cache:      CUDA0 KV buffer size =    37.50 MiB
llama_kv_cache: size =   42.00 MiB (   768 cells,  28 layers,  1/1 seqs), K (f16):   21.00 MiB, V (f16):   21.00 MiB
llama_kv_cache: attn_rot_k = 0, n_embd_head_k_all = 128
llama_kv_cache: attn_rot_v = 0, n_embd_head_k_all = 128
llama_context: enumerating backends
llama_context: backend_ptrs.size() = 2
sched_reserve: reserving ...
sched_reserve: max_nodes = 2712
sched_reserve: reserving full memory module
sched_reserve: worst-case: n_tokens = 512, n_seqs = 1, n_outputs = 1
graph_reserve: reserving a graph for ubatch with n_tokens =    1, n_seqs =  1, n_outputs =    1
sched_reserve: Flash Attention was auto, set to enabled
sched_reserve: resolving fused Gated Delta Net support:
graph_reserve: reserving a graph for ubatch with n_tokens =    1, n_seqs =  1, n_outputs =    1
sched_reserve: fused Gated Delta Net (autoregressive) enabled
graph_reserve: reserving a graph for ubatch with n_tokens =   16, n_seqs =  1, n_outputs =   16
sched_reserve: fused Gated Delta Net (chunked) enabled
graph_reserve: reserving a graph for ubatch with n_tokens =  512, n_seqs =  1, n_outputs =  512
graph_reserve: reserving a graph for ubatch with n_tokens =    1, n_seqs =  1, n_outputs =    1
graph_reserve: reserving a graph for ubatch with n_tokens =  512, n_seqs =  1, n_outputs =  512
sched_reserve:      CUDA0 compute buffer size =   304.00 MiB
sched_reserve:  CUDA_Host compute buffer size =    14.76 MiB
sched_reserve: graph nodes  = 958
sched_reserve: graph splits = 44 (with bs=512), 2 (with bs=1)
sched_reserve: reserve took 10.47 ms, sched copies = 1
CUDA Graph id 18147 reused
ggml_backend_cuda_graph_compute: CUDA graph warmup complete
CUDA Graph id 18147 reused
CUDA Graph id 18147 reused
CUDA Graph id 18147 reused
CUDA Graph id 18147 reused
CUDA Graph id 18147 reused
CUDA Graph id 18147 reused
CUDA Graph id 18147 reused
CUDA Graph id 18147 reused
CUDA Graph id 18147 reused
CUDA Graph id 18147 reused
CUDA Graph id 18147 reused
CUDA Graph id 18147 reused
~llama_context:      CUDA0 compute buffer size is 304.0000 MiB, matches expectation of 304.0000 MiB
~llama_context:  CUDA_Host compute buffer size is  14.7637 MiB, matches expectation of  14.7637 MiB
llama_context: constructing llama_context
llama_context: n_seq_max     = 1
llama_context: n_ctx         = 768
llama_context: n_ctx_seq     = 768
llama_context: n_batch       = 665
llama_context: n_ubatch      = 512
llama_context: causal_attn   = 1
llama_context: flash_attn    = auto
llama_context: kv_unified    = false
llama_context: freq_base     = 1000000.0
llama_context: freq_scale    = 1
llama_context: n_rs_seq      = 0
llama_context: n_outputs_max = 665
llama_context: n_ctx_seq (768) < n_ctx_train (32768) -- the full capacity of the model will not be utilized
set_abort_callback: call
llama_context:  CUDA_Host  output buffer size =     0.58 MiB
llama_kv_cache: layer   0: dev = CPU
llama_kv_cache: layer   1: dev = CPU
llama_kv_cache: layer   2: dev = CPU
llama_kv_cache: layer   3: dev = CUDA0
llama_kv_cache: layer   4: dev = CUDA0
llama_kv_cache: layer   5: dev = CUDA0
llama_kv_cache: layer   6: dev = CUDA0
llama_kv_cache: layer   7: dev = CUDA0
llama_kv_cache: layer   8: dev = CUDA0
llama_kv_cache: layer   9: dev = CUDA0
llama_kv_cache: layer  10: dev = CUDA0
llama_kv_cache: layer  11: dev = CUDA0
llama_kv_cache: layer  12: dev = CUDA0
llama_kv_cache: layer  13: dev = CUDA0
llama_kv_cache: layer  14: dev = CUDA0
llama_kv_cache: layer  15: dev = CUDA0
llama_kv_cache: layer  16: dev = CUDA0
llama_kv_cache: layer  17: dev = CUDA0
llama_kv_cache: layer  18: dev = CUDA0
llama_kv_cache: layer  19: dev = CUDA0
llama_kv_cache: layer  20: dev = CUDA0
llama_kv_cache: layer  21: dev = CUDA0
llama_kv_cache: layer  22: dev = CUDA0
llama_kv_cache: layer  23: dev = CUDA0
llama_kv_cache: layer  24: dev = CUDA0
llama_kv_cache: layer  25: dev = CUDA0
llama_kv_cache: layer  26: dev = CUDA0
llama_kv_cache: layer  27: dev = CUDA0
llama_kv_cache:        CPU KV buffer size =     4.50 MiB
llama_kv_cache:      CUDA0 KV buffer size =    37.50 MiB
llama_kv_cache: size =   42.00 MiB (   768 cells,  28 layers,  1/1 seqs), K (f16):   21.00 MiB, V (f16):   21.00 MiB
llama_kv_cache: attn_rot_k = 0, n_embd_head_k_all = 128
llama_kv_cache: attn_rot_v = 0, n_embd_head_k_all = 128
llama_context: enumerating backends
llama_context: backend_ptrs.size() = 2
sched_reserve: reserving ...
sched_reserve: max_nodes = 2712
sched_reserve: reserving full memory module
sched_reserve: worst-case: n_tokens = 512, n_seqs = 1, n_outputs = 1
graph_reserve: reserving a graph for ubatch with n_tokens =    1, n_seqs =  1, n_outputs =    1
sched_reserve: Flash Attention was auto, set to enabled
sched_reserve: resolving fused Gated Delta Net support:
graph_reserve: reserving a graph for ubatch with n_tokens =    1, n_seqs =  1, n_outputs =    1
sched_reserve: fused Gated Delta Net (autoregressive) enabled
graph_reserve: reserving a graph for ubatch with n_tokens =   16, n_seqs =  1, n_outputs =   16
sched_reserve: fused Gated Delta Net (chunked) enabled
graph_reserve: reserving a graph for ubatch with n_tokens =  512, n_seqs =  1, n_outputs =  512
graph_reserve: reserving a graph for ubatch with n_tokens =    1, n_seqs =  1, n_outputs =    1
graph_reserve: reserving a graph for ubatch with n_tokens =  512, n_seqs =  1, n_outputs =  512
sched_reserve:      CUDA0 compute buffer size =   304.00 MiB
sched_reserve:  CUDA_Host compute buffer size =    14.76 MiB
sched_reserve: graph nodes  = 958
sched_reserve: graph splits = 44 (with bs=512), 2 (with bs=1)
sched_reserve: reserve took 11.35 ms, sched copies = 1
CUDA Graph id 18297 reused
ggml_backend_cuda_graph_compute: CUDA graph warmup complete
CUDA Graph id 18297 reused
CUDA Graph id 18297 reused
CUDA Graph id 18297 reused
CUDA Graph id 18297 reused
CUDA Graph id 18297 reused
CUDA Graph id 18297 reused
CUDA Graph id 18297 reused
CUDA Graph id 18297 reused
CUDA Graph id 18297 reused
CUDA Graph id 18297 reused
CUDA Graph id 18297 reused
CUDA Graph id 18297 reused
CUDA Graph id 18297 reused
CUDA Graph id 18297 reused
CUDA Graph id 18297 reused
CUDA Graph id 18297 reused
CUDA Graph id 18297 reused
~llama_context:      CUDA0 compute buffer size is 304.0000 MiB, matches expectation of 304.0000 MiB
~llama_context:  CUDA_Host compute buffer size is  14.7637 MiB, matches expectation of  14.7637 MiB
schema 170/175 done
llama_context: constructing llama_context
llama_context: n_seq_max     = 1
llama_context: n_ctx         = 768
llama_context: n_ctx_seq     = 768
llama_context: n_batch       = 682
llama_context: n_ubatch      = 512
llama_context: causal_attn   = 1
llama_context: flash_attn    = auto
llama_context: kv_unified    = false
llama_context: freq_base     = 1000000.0
llama_context: freq_scale    = 1
llama_context: n_rs_seq      = 0
llama_context: n_outputs_max = 682
llama_context: n_ctx_seq (768) < n_ctx_train (32768) -- the full capacity of the model will not be utilized
set_abort_callback: call
llama_context:  CUDA_Host  output buffer size =     0.58 MiB
llama_kv_cache: layer   0: dev = CPU
llama_kv_cache: layer   1: dev = CPU
llama_kv_cache: layer   2: dev = CPU
llama_kv_cache: layer   3: dev = CUDA0
llama_kv_cache: layer   4: dev = CUDA0
llama_kv_cache: layer   5: dev = CUDA0
llama_kv_cache: layer   6: dev = CUDA0
llama_kv_cache: layer   7: dev = CUDA0
llama_kv_cache: layer   8: dev = CUDA0
llama_kv_cache: layer   9: dev = CUDA0
llama_kv_cache: layer  10: dev = CUDA0
llama_kv_cache: layer  11: dev = CUDA0
llama_kv_cache: layer  12: dev = CUDA0
llama_kv_cache: layer  13: dev = CUDA0
llama_kv_cache: layer  14: dev = CUDA0
llama_kv_cache: layer  15: dev = CUDA0
llama_kv_cache: layer  16: dev = CUDA0
llama_kv_cache: layer  17: dev = CUDA0
llama_kv_cache: layer  18: dev = CUDA0
llama_kv_cache: layer  19: dev = CUDA0
llama_kv_cache: layer  20: dev = CUDA0
llama_kv_cache: layer  21: dev = CUDA0
llama_kv_cache: layer  22: dev = CUDA0
llama_kv_cache: layer  23: dev = CUDA0
llama_kv_cache: layer  24: dev = CUDA0
llama_kv_cache: layer  25: dev = CUDA0
llama_kv_cache: layer  26: dev = CUDA0
llama_kv_cache: layer  27: dev = CUDA0
llama_kv_cache:        CPU KV buffer size =     4.50 MiB
llama_kv_cache:      CUDA0 KV buffer size =    37.50 MiB
llama_kv_cache: size =   42.00 MiB (   768 cells,  28 layers,  1/1 seqs), K (f16):   21.00 MiB, V (f16):   21.00 MiB
llama_kv_cache: attn_rot_k = 0, n_embd_head_k_all = 128
llama_kv_cache: attn_rot_v = 0, n_embd_head_k_all = 128
llama_context: enumerating backends
llama_context: backend_ptrs.size() = 2
sched_reserve: reserving ...
sched_reserve: max_nodes = 2712
sched_reserve: reserving full memory module
sched_reserve: worst-case: n_tokens = 512, n_seqs = 1, n_outputs = 1
graph_reserve: reserving a graph for ubatch with n_tokens =    1, n_seqs =  1, n_outputs =    1
sched_reserve: Flash Attention was auto, set to enabled
sched_reserve: resolving fused Gated Delta Net support:
graph_reserve: reserving a graph for ubatch with n_tokens =    1, n_seqs =  1, n_outputs =    1
sched_reserve: fused Gated Delta Net (autoregressive) enabled
graph_reserve: reserving a graph for ubatch with n_tokens =   16, n_seqs =  1, n_outputs =   16
sched_reserve: fused Gated Delta Net (chunked) enabled
graph_reserve: reserving a graph for ubatch with n_tokens =  512, n_seqs =  1, n_outputs =  512
graph_reserve: reserving a graph for ubatch with n_tokens =    1, n_seqs =  1, n_outputs =    1
graph_reserve: reserving a graph for ubatch with n_tokens =  512, n_seqs =  1, n_outputs =  512
sched_reserve:      CUDA0 compute buffer size =   304.00 MiB
sched_reserve:  CUDA_Host compute buffer size =    14.76 MiB
sched_reserve: graph nodes  = 958
sched_reserve: graph splits = 44 (with bs=512), 2 (with bs=1)
sched_reserve: reserve took 16.63 ms, sched copies = 1
CUDA Graph id 18447 reused
ggml_backend_cuda_graph_compute: CUDA graph warmup complete
CUDA Graph id 18447 reused
CUDA Graph id 18447 reused
CUDA Graph id 18447 reused
CUDA Graph id 18447 reused
CUDA Graph id 18447 reused
CUDA Graph id 18447 reused
CUDA Graph id 18447 reused
CUDA Graph id 18447 reused
CUDA Graph id 18447 reused
CUDA Graph id 18447 reused
CUDA Graph id 18447 reused
CUDA Graph id 18447 reused
CUDA Graph id 18447 reused
CUDA Graph id 18447 reused
CUDA Graph id 18447 reused
CUDA Graph id 18447 reused
CUDA Graph id 18447 reused
CUDA Graph id 18447 reused
CUDA Graph id 18447 reused
CUDA Graph id 18447 reused
CUDA Graph id 18447 reused
CUDA Graph id 18447 reused
CUDA Graph id 18447 reused
CUDA Graph id 18447 reused
CUDA Graph id 18447 reused
~llama_context:      CUDA0 compute buffer size is 304.0000 MiB, matches expectation of 304.0000 MiB
~llama_context:  CUDA_Host compute buffer size is  14.7637 MiB, matches expectation of  14.7637 MiB
llama_context: constructing llama_context
llama_context: n_seq_max     = 1
llama_context: n_ctx         = 768
llama_context: n_ctx_seq     = 768
llama_context: n_batch       = 682
llama_context: n_ubatch      = 512
llama_context: causal_attn   = 1
llama_context: flash_attn    = auto
llama_context: kv_unified    = false
llama_context: freq_base     = 1000000.0
llama_context: freq_scale    = 1
llama_context: n_rs_seq      = 0
llama_context: n_outputs_max = 682
llama_context: n_ctx_seq (768) < n_ctx_train (32768) -- the full capacity of the model will not be utilized
set_abort_callback: call
llama_context:  CUDA_Host  output buffer size =     0.58 MiB
llama_kv_cache: layer   0: dev = CPU
llama_kv_cache: layer   1: dev = CPU
llama_kv_cache: layer   2: dev = CPU
llama_kv_cache: layer   3: dev = CUDA0
llama_kv_cache: layer   4: dev = CUDA0
llama_kv_cache: layer   5: dev = CUDA0
llama_kv_cache: layer   6: dev = CUDA0
llama_kv_cache: layer   7: dev = CUDA0
llama_kv_cache: layer   8: dev = CUDA0
llama_kv_cache: layer   9: dev = CUDA0
llama_kv_cache: layer  10: dev = CUDA0
llama_kv_cache: layer  11: dev = CUDA0
llama_kv_cache: layer  12: dev = CUDA0
llama_kv_cache: layer  13: dev = CUDA0
llama_kv_cache: layer  14: dev = CUDA0
llama_kv_cache: layer  15: dev = CUDA0
llama_kv_cache: layer  16: dev = CUDA0
llama_kv_cache: layer  17: dev = CUDA0
llama_kv_cache: layer  18: dev = CUDA0
llama_kv_cache: layer  19: dev = CUDA0
llama_kv_cache: layer  20: dev = CUDA0
llama_kv_cache: layer  21: dev = CUDA0
llama_kv_cache: layer  22: dev = CUDA0
llama_kv_cache: layer  23: dev = CUDA0
llama_kv_cache: layer  24: dev = CUDA0
llama_kv_cache: layer  25: dev = CUDA0
llama_kv_cache: layer  26: dev = CUDA0
llama_kv_cache: layer  27: dev = CUDA0
llama_kv_cache:        CPU KV buffer size =     4.50 MiB
llama_kv_cache:      CUDA0 KV buffer size =    37.50 MiB
llama_kv_cache: size =   42.00 MiB (   768 cells,  28 layers,  1/1 seqs), K (f16):   21.00 MiB, V (f16):   21.00 MiB
llama_kv_cache: attn_rot_k = 0, n_embd_head_k_all = 128
llama_kv_cache: attn_rot_v = 0, n_embd_head_k_all = 128
llama_context: enumerating backends
llama_context: backend_ptrs.size() = 2
sched_reserve: reserving ...
sched_reserve: max_nodes = 2712
sched_reserve: reserving full memory module
sched_reserve: worst-case: n_tokens = 512, n_seqs = 1, n_outputs = 1
graph_reserve: reserving a graph for ubatch with n_tokens =    1, n_seqs =  1, n_outputs =    1
sched_reserve: Flash Attention was auto, set to enabled
sched_reserve: resolving fused Gated Delta Net support:
graph_reserve: reserving a graph for ubatch with n_tokens =    1, n_seqs =  1, n_outputs =    1
sched_reserve: fused Gated Delta Net (autoregressive) enabled
graph_reserve: reserving a graph for ubatch with n_tokens =   16, n_seqs =  1, n_outputs =   16
sched_reserve: fused Gated Delta Net (chunked) enabled
graph_reserve: reserving a graph for ubatch with n_tokens =  512, n_seqs =  1, n_outputs =  512
graph_reserve: reserving a graph for ubatch with n_tokens =    1, n_seqs =  1, n_outputs =    1
graph_reserve: reserving a graph for ubatch with n_tokens =  512, n_seqs =  1, n_outputs =  512
sched_reserve:      CUDA0 compute buffer size =   304.00 MiB
sched_reserve:  CUDA_Host compute buffer size =    14.76 MiB
sched_reserve: graph nodes  = 958
sched_reserve: graph splits = 44 (with bs=512), 2 (with bs=1)
sched_reserve: reserve took 16.31 ms, sched copies = 1
CUDA Graph id 18597 reused
ggml_backend_cuda_graph_compute: CUDA graph warmup complete
CUDA Graph id 18597 reused
CUDA Graph id 18597 reused
CUDA Graph id 18597 reused
CUDA Graph id 18597 reused
CUDA Graph id 18597 reused
CUDA Graph id 18597 reused
CUDA Graph id 18597 reused
CUDA Graph id 18597 reused
CUDA Graph id 18597 reused
CUDA Graph id 18597 reused
CUDA Graph id 18597 reused
CUDA Graph id 18597 reused
CUDA Graph id 18597 reused
CUDA Graph id 18597 reused
CUDA Graph id 18597 reused
CUDA Graph id 18597 reused
CUDA Graph id 18597 reused
CUDA Graph id 18597 reused
CUDA Graph id 18597 reused
CUDA Graph id 18597 reused
CUDA Graph id 18597 reused
CUDA Graph id 18597 reused
CUDA Graph id 18597 reused
CUDA Graph id 18597 reused
CUDA Graph id 18597 reused
~llama_context:      CUDA0 compute buffer size is 304.0000 MiB, matches expectation of 304.0000 MiB
~llama_context:  CUDA_Host compute buffer size is  14.7637 MiB, matches expectation of  14.7637 MiB
llama_context: constructing llama_context
llama_context: n_seq_max     = 1
llama_context: n_ctx         = 768
llama_context: n_ctx_seq     = 768
llama_context: n_batch       = 682
llama_context: n_ubatch      = 512
llama_context: causal_attn   = 1
llama_context: flash_attn    = auto
llama_context: kv_unified    = false
llama_context: freq_base     = 1000000.0
llama_context: freq_scale    = 1
llama_context: n_rs_seq      = 0
llama_context: n_outputs_max = 682
llama_context: n_ctx_seq (768) < n_ctx_train (32768) -- the full capacity of the model will not be utilized
set_abort_callback: call
llama_context:  CUDA_Host  output buffer size =     0.58 MiB
llama_kv_cache: layer   0: dev = CPU
llama_kv_cache: layer   1: dev = CPU
llama_kv_cache: layer   2: dev = CPU
llama_kv_cache: layer   3: dev = CUDA0
llama_kv_cache: layer   4: dev = CUDA0
llama_kv_cache: layer   5: dev = CUDA0
llama_kv_cache: layer   6: dev = CUDA0
llama_kv_cache: layer   7: dev = CUDA0
llama_kv_cache: layer   8: dev = CUDA0
llama_kv_cache: layer   9: dev = CUDA0
llama_kv_cache: layer  10: dev = CUDA0
llama_kv_cache: layer  11: dev = CUDA0
llama_kv_cache: layer  12: dev = CUDA0
llama_kv_cache: layer  13: dev = CUDA0
llama_kv_cache: layer  14: dev = CUDA0
llama_kv_cache: layer  15: dev = CUDA0
llama_kv_cache: layer  16: dev = CUDA0
llama_kv_cache: layer  17: dev = CUDA0
llama_kv_cache: layer  18: dev = CUDA0
llama_kv_cache: layer  19: dev = CUDA0
llama_kv_cache: layer  20: dev = CUDA0
llama_kv_cache: layer  21: dev = CUDA0
llama_kv_cache: layer  22: dev = CUDA0
llama_kv_cache: layer  23: dev = CUDA0
llama_kv_cache: layer  24: dev = CUDA0
llama_kv_cache: layer  25: dev = CUDA0
llama_kv_cache: layer  26: dev = CUDA0
llama_kv_cache: layer  27: dev = CUDA0
llama_kv_cache:        CPU KV buffer size =     4.50 MiB
llama_kv_cache:      CUDA0 KV buffer size =    37.50 MiB
llama_kv_cache: size =   42.00 MiB (   768 cells,  28 layers,  1/1 seqs), K (f16):   21.00 MiB, V (f16):   21.00 MiB
llama_kv_cache: attn_rot_k = 0, n_embd_head_k_all = 128
llama_kv_cache: attn_rot_v = 0, n_embd_head_k_all = 128
llama_context: enumerating backends
llama_context: backend_ptrs.size() = 2
sched_reserve: reserving ...
sched_reserve: max_nodes = 2712
sched_reserve: reserving full memory module
sched_reserve: worst-case: n_tokens = 512, n_seqs = 1, n_outputs = 1
graph_reserve: reserving a graph for ubatch with n_tokens =    1, n_seqs =  1, n_outputs =    1
sched_reserve: Flash Attention was auto, set to enabled
sched_reserve: resolving fused Gated Delta Net support:
graph_reserve: reserving a graph for ubatch with n_tokens =    1, n_seqs =  1, n_outputs =    1
sched_reserve: fused Gated Delta Net (autoregressive) enabled
graph_reserve: reserving a graph for ubatch with n_tokens =   16, n_seqs =  1, n_outputs =   16
sched_reserve: fused Gated Delta Net (chunked) enabled
graph_reserve: reserving a graph for ubatch with n_tokens =  512, n_seqs =  1, n_outputs =  512
graph_reserve: reserving a graph for ubatch with n_tokens =    1, n_seqs =  1, n_outputs =    1
graph_reserve: reserving a graph for ubatch with n_tokens =  512, n_seqs =  1, n_outputs =  512
sched_reserve:      CUDA0 compute buffer size =   304.00 MiB
sched_reserve:  CUDA_Host compute buffer size =    14.76 MiB
sched_reserve: graph nodes  = 958
sched_reserve: graph splits = 44 (with bs=512), 2 (with bs=1)
sched_reserve: reserve took 11.97 ms, sched copies = 1
CUDA Graph id 18747 reused
ggml_backend_cuda_graph_compute: CUDA graph warmup complete
CUDA Graph id 18747 reused
CUDA Graph id 18747 reused
CUDA Graph id 18747 reused
CUDA Graph id 18747 reused
CUDA Graph id 18747 reused
CUDA Graph id 18747 reused
CUDA Graph id 18747 reused
CUDA Graph id 18747 reused
CUDA Graph id 18747 reused
CUDA Graph id 18747 reused
CUDA Graph id 18747 reused
CUDA Graph id 18747 reused
CUDA Graph id 18747 reused
CUDA Graph id 18747 reused
CUDA Graph id 18747 reused
CUDA Graph id 18747 reused
CUDA Graph id 18747 reused
CUDA Graph id 18747 reused
CUDA Graph id 18747 reused
CUDA Graph id 18747 reused
CUDA Graph id 18747 reused
CUDA Graph id 18747 reused
CUDA Graph id 18747 reused
CUDA Graph id 18747 reused
CUDA Graph id 18747 reused
~llama_context:      CUDA0 compute buffer size is 304.0000 MiB, matches expectation of 304.0000 MiB
~llama_context:  CUDA_Host compute buffer size is  14.7637 MiB, matches expectation of  14.7637 MiB
llama_context: constructing llama_context
llama_context: n_seq_max     = 1
llama_context: n_ctx         = 768
llama_context: n_ctx_seq     = 768
llama_context: n_batch       = 682
llama_context: n_ubatch      = 512
llama_context: causal_attn   = 1
llama_context: flash_attn    = auto
llama_context: kv_unified    = false
llama_context: freq_base     = 1000000.0
llama_context: freq_scale    = 1
llama_context: n_rs_seq      = 0
llama_context: n_outputs_max = 682
llama_context: n_ctx_seq (768) < n_ctx_train (32768) -- the full capacity of the model will not be utilized
set_abort_callback: call
llama_context:  CUDA_Host  output buffer size =     0.58 MiB
llama_kv_cache: layer   0: dev = CPU
llama_kv_cache: layer   1: dev = CPU
llama_kv_cache: layer   2: dev = CPU
llama_kv_cache: layer   3: dev = CUDA0
llama_kv_cache: layer   4: dev = CUDA0
llama_kv_cache: layer   5: dev = CUDA0
llama_kv_cache: layer   6: dev = CUDA0
llama_kv_cache: layer   7: dev = CUDA0
llama_kv_cache: layer   8: dev = CUDA0
llama_kv_cache: layer   9: dev = CUDA0
llama_kv_cache: layer  10: dev = CUDA0
llama_kv_cache: layer  11: dev = CUDA0
llama_kv_cache: layer  12: dev = CUDA0
llama_kv_cache: layer  13: dev = CUDA0
llama_kv_cache: layer  14: dev = CUDA0
llama_kv_cache: layer  15: dev = CUDA0
llama_kv_cache: layer  16: dev = CUDA0
llama_kv_cache: layer  17: dev = CUDA0
llama_kv_cache: layer  18: dev = CUDA0
llama_kv_cache: layer  19: dev = CUDA0
llama_kv_cache: layer  20: dev = CUDA0
llama_kv_cache: layer  21: dev = CUDA0
llama_kv_cache: layer  22: dev = CUDA0
llama_kv_cache: layer  23: dev = CUDA0
llama_kv_cache: layer  24: dev = CUDA0
llama_kv_cache: layer  25: dev = CUDA0
llama_kv_cache: layer  26: dev = CUDA0
llama_kv_cache: layer  27: dev = CUDA0
llama_kv_cache:        CPU KV buffer size =     4.50 MiB
llama_kv_cache:      CUDA0 KV buffer size =    37.50 MiB
llama_kv_cache: size =   42.00 MiB (   768 cells,  28 layers,  1/1 seqs), K (f16):   21.00 MiB, V (f16):   21.00 MiB
llama_kv_cache: attn_rot_k = 0, n_embd_head_k_all = 128
llama_kv_cache: attn_rot_v = 0, n_embd_head_k_all = 128
llama_context: enumerating backends
llama_context: backend_ptrs.size() = 2
sched_reserve: reserving ...
sched_reserve: max_nodes = 2712
sched_reserve: reserving full memory module
sched_reserve: worst-case: n_tokens = 512, n_seqs = 1, n_outputs = 1
graph_reserve: reserving a graph for ubatch with n_tokens =    1, n_seqs =  1, n_outputs =    1
sched_reserve: Flash Attention was auto, set to enabled
sched_reserve: resolving fused Gated Delta Net support:
graph_reserve: reserving a graph for ubatch with n_tokens =    1, n_seqs =  1, n_outputs =    1
sched_reserve: fused Gated Delta Net (autoregressive) enabled
graph_reserve: reserving a graph for ubatch with n_tokens =   16, n_seqs =  1, n_outputs =   16
sched_reserve: fused Gated Delta Net (chunked) enabled
graph_reserve: reserving a graph for ubatch with n_tokens =  512, n_seqs =  1, n_outputs =  512
graph_reserve: reserving a graph for ubatch with n_tokens =    1, n_seqs =  1, n_outputs =    1
graph_reserve: reserving a graph for ubatch with n_tokens =  512, n_seqs =  1, n_outputs =  512
sched_reserve:      CUDA0 compute buffer size =   304.00 MiB
sched_reserve:  CUDA_Host compute buffer size =    14.76 MiB
sched_reserve: graph nodes  = 958
sched_reserve: graph splits = 44 (with bs=512), 2 (with bs=1)
sched_reserve: reserve took 20.53 ms, sched copies = 1
CUDA Graph id 18897 reused
ggml_backend_cuda_graph_compute: CUDA graph warmup complete
CUDA Graph id 18897 reused
CUDA Graph id 18897 reused
CUDA Graph id 18897 reused
CUDA Graph id 18897 reused
CUDA Graph id 18897 reused
CUDA Graph id 18897 reused
CUDA Graph id 18897 reused
CUDA Graph id 18897 reused
CUDA Graph id 18897 reused
CUDA Graph id 18897 reused
CUDA Graph id 18897 reused
CUDA Graph id 18897 reused
CUDA Graph id 18897 reused
CUDA Graph id 18897 reused
CUDA Graph id 18897 reused
CUDA Graph id 18897 reused
CUDA Graph id 18897 reused
CUDA Graph id 18897 reused
~llama_context:      CUDA0 compute buffer size is 304.0000 MiB, matches expectation of 304.0000 MiB
~llama_context:  CUDA_Host compute buffer size is  14.7637 MiB, matches expectation of  14.7637 MiB
llama_context: constructing llama_context
llama_context: n_seq_max     = 1
llama_context: n_ctx         = 768
llama_context: n_ctx_seq     = 768
llama_context: n_batch       = 682
llama_context: n_ubatch      = 512
llama_context: causal_attn   = 1
llama_context: flash_attn    = auto
llama_context: kv_unified    = false
llama_context: freq_base     = 1000000.0
llama_context: freq_scale    = 1
llama_context: n_rs_seq      = 0
llama_context: n_outputs_max = 682
llama_context: n_ctx_seq (768) < n_ctx_train (32768) -- the full capacity of the model will not be utilized
set_abort_callback: call
llama_context:  CUDA_Host  output buffer size =     0.58 MiB
llama_kv_cache: layer   0: dev = CPU
llama_kv_cache: layer   1: dev = CPU
llama_kv_cache: layer   2: dev = CPU
llama_kv_cache: layer   3: dev = CUDA0
llama_kv_cache: layer   4: dev = CUDA0
llama_kv_cache: layer   5: dev = CUDA0
llama_kv_cache: layer   6: dev = CUDA0
llama_kv_cache: layer   7: dev = CUDA0
llama_kv_cache: layer   8: dev = CUDA0
llama_kv_cache: layer   9: dev = CUDA0
llama_kv_cache: layer  10: dev = CUDA0
llama_kv_cache: layer  11: dev = CUDA0
llama_kv_cache: layer  12: dev = CUDA0
llama_kv_cache: layer  13: dev = CUDA0
llama_kv_cache: layer  14: dev = CUDA0
llama_kv_cache: layer  15: dev = CUDA0
llama_kv_cache: layer  16: dev = CUDA0
llama_kv_cache: layer  17: dev = CUDA0
llama_kv_cache: layer  18: dev = CUDA0
llama_kv_cache: layer  19: dev = CUDA0
llama_kv_cache: layer  20: dev = CUDA0
llama_kv_cache: layer  21: dev = CUDA0
llama_kv_cache: layer  22: dev = CUDA0
llama_kv_cache: layer  23: dev = CUDA0
llama_kv_cache: layer  24: dev = CUDA0
llama_kv_cache: layer  25: dev = CUDA0
llama_kv_cache: layer  26: dev = CUDA0
llama_kv_cache: layer  27: dev = CUDA0
llama_kv_cache:        CPU KV buffer size =     4.50 MiB
llama_kv_cache:      CUDA0 KV buffer size =    37.50 MiB
llama_kv_cache: size =   42.00 MiB (   768 cells,  28 layers,  1/1 seqs), K (f16):   21.00 MiB, V (f16):   21.00 MiB
llama_kv_cache: attn_rot_k = 0, n_embd_head_k_all = 128
llama_kv_cache: attn_rot_v = 0, n_embd_head_k_all = 128
llama_context: enumerating backends
llama_context: backend_ptrs.size() = 2
sched_reserve: reserving ...
sched_reserve: max_nodes = 2712
sched_reserve: reserving full memory module
sched_reserve: worst-case: n_tokens = 512, n_seqs = 1, n_outputs = 1
graph_reserve: reserving a graph for ubatch with n_tokens =    1, n_seqs =  1, n_outputs =    1
sched_reserve: Flash Attention was auto, set to enabled
sched_reserve: resolving fused Gated Delta Net support:
graph_reserve: reserving a graph for ubatch with n_tokens =    1, n_seqs =  1, n_outputs =    1
sched_reserve: fused Gated Delta Net (autoregressive) enabled
graph_reserve: reserving a graph for ubatch with n_tokens =   16, n_seqs =  1, n_outputs =   16
sched_reserve: fused Gated Delta Net (chunked) enabled
graph_reserve: reserving a graph for ubatch with n_tokens =  512, n_seqs =  1, n_outputs =  512
graph_reserve: reserving a graph for ubatch with n_tokens =    1, n_seqs =  1, n_outputs =    1
graph_reserve: reserving a graph for ubatch with n_tokens =  512, n_seqs =  1, n_outputs =  512
sched_reserve:      CUDA0 compute buffer size =   304.00 MiB
sched_reserve:  CUDA_Host compute buffer size =    14.76 MiB
sched_reserve: graph nodes  = 958
sched_reserve: graph splits = 44 (with bs=512), 2 (with bs=1)
sched_reserve: reserve took 23.84 ms, sched copies = 1
CUDA Graph id 19047 reused
ggml_backend_cuda_graph_compute: CUDA graph warmup complete
CUDA Graph id 19047 reused
CUDA Graph id 19047 reused
CUDA Graph id 19047 reused
CUDA Graph id 19047 reused
CUDA Graph id 19047 reused
CUDA Graph id 19047 reused
CUDA Graph id 19047 reused
CUDA Graph id 19047 reused
CUDA Graph id 19047 reused
CUDA Graph id 19047 reused
CUDA Graph id 19047 reused
CUDA Graph id 19047 reused
CUDA Graph id 19047 reused
CUDA Graph id 19047 reused
CUDA Graph id 19047 reused
CUDA Graph id 19047 reused
~llama_context:      CUDA0 compute buffer size is 304.0000 MiB, matches expectation of 304.0000 MiB
~llama_context:  CUDA_Host compute buffer size is  14.7637 MiB, matches expectation of  14.7637 MiB
llama_context: constructing llama_context
llama_context: n_seq_max     = 1
llama_context: n_ctx         = 768
llama_context: n_ctx_seq     = 768
llama_context: n_batch       = 682
llama_context: n_ubatch      = 512
llama_context: causal_attn   = 1
llama_context: flash_attn    = auto
llama_context: kv_unified    = false
llama_context: freq_base     = 1000000.0
llama_context: freq_scale    = 1
llama_context: n_rs_seq      = 0
llama_context: n_outputs_max = 682
llama_context: n_ctx_seq (768) < n_ctx_train (32768) -- the full capacity of the model will not be utilized
set_abort_callback: call
llama_context:  CUDA_Host  output buffer size =     0.58 MiB
llama_kv_cache: layer   0: dev = CPU
llama_kv_cache: layer   1: dev = CPU
llama_kv_cache: layer   2: dev = CPU
llama_kv_cache: layer   3: dev = CUDA0
llama_kv_cache: layer   4: dev = CUDA0
llama_kv_cache: layer   5: dev = CUDA0
llama_kv_cache: layer   6: dev = CUDA0
llama_kv_cache: layer   7: dev = CUDA0
llama_kv_cache: layer   8: dev = CUDA0
llama_kv_cache: layer   9: dev = CUDA0
llama_kv_cache: layer  10: dev = CUDA0
llama_kv_cache: layer  11: dev = CUDA0
llama_kv_cache: layer  12: dev = CUDA0
llama_kv_cache: layer  13: dev = CUDA0
llama_kv_cache: layer  14: dev = CUDA0
llama_kv_cache: layer  15: dev = CUDA0
llama_kv_cache: layer  16: dev = CUDA0
llama_kv_cache: layer  17: dev = CUDA0
llama_kv_cache: layer  18: dev = CUDA0
llama_kv_cache: layer  19: dev = CUDA0
llama_kv_cache: layer  20: dev = CUDA0
llama_kv_cache: layer  21: dev = CUDA0
llama_kv_cache: layer  22: dev = CUDA0
llama_kv_cache: layer  23: dev = CUDA0
llama_kv_cache: layer  24: dev = CUDA0
llama_kv_cache: layer  25: dev = CUDA0
llama_kv_cache: layer  26: dev = CUDA0
llama_kv_cache: layer  27: dev = CUDA0
llama_kv_cache:        CPU KV buffer size =     4.50 MiB
llama_kv_cache:      CUDA0 KV buffer size =    37.50 MiB
llama_kv_cache: size =   42.00 MiB (   768 cells,  28 layers,  1/1 seqs), K (f16):   21.00 MiB, V (f16):   21.00 MiB
llama_kv_cache: attn_rot_k = 0, n_embd_head_k_all = 128
llama_kv_cache: attn_rot_v = 0, n_embd_head_k_all = 128
llama_context: enumerating backends
llama_context: backend_ptrs.size() = 2
sched_reserve: reserving ...
sched_reserve: max_nodes = 2712
sched_reserve: reserving full memory module
sched_reserve: worst-case: n_tokens = 512, n_seqs = 1, n_outputs = 1
graph_reserve: reserving a graph for ubatch with n_tokens =    1, n_seqs =  1, n_outputs =    1
sched_reserve: Flash Attention was auto, set to enabled
sched_reserve: resolving fused Gated Delta Net support:
graph_reserve: reserving a graph for ubatch with n_tokens =    1, n_seqs =  1, n_outputs =    1
sched_reserve: fused Gated Delta Net (autoregressive) enabled
graph_reserve: reserving a graph for ubatch with n_tokens =   16, n_seqs =  1, n_outputs =   16
sched_reserve: fused Gated Delta Net (chunked) enabled
graph_reserve: reserving a graph for ubatch with n_tokens =  512, n_seqs =  1, n_outputs =  512
graph_reserve: reserving a graph for ubatch with n_tokens =    1, n_seqs =  1, n_outputs =    1
graph_reserve: reserving a graph for ubatch with n_tokens =  512, n_seqs =  1, n_outputs =  512
sched_reserve:      CUDA0 compute buffer size =   304.00 MiB
sched_reserve:  CUDA_Host compute buffer size =    14.76 MiB
sched_reserve: graph nodes  = 958
sched_reserve: graph splits = 44 (with bs=512), 2 (with bs=1)
sched_reserve: reserve took 19.09 ms, sched copies = 1
CUDA Graph id 19197 reused
ggml_backend_cuda_graph_compute: CUDA graph warmup complete
CUDA Graph id 19197 reused
CUDA Graph id 19197 reused
CUDA Graph id 19197 reused
CUDA Graph id 19197 reused
CUDA Graph id 19197 reused
CUDA Graph id 19197 reused
CUDA Graph id 19197 reused
CUDA Graph id 19197 reused
CUDA Graph id 19197 reused
CUDA Graph id 19197 reused
CUDA Graph id 19197 reused
CUDA Graph id 19197 reused
CUDA Graph id 19197 reused
CUDA Graph id 19197 reused
CUDA Graph id 19197 reused
CUDA Graph id 19197 reused
CUDA Graph id 19197 reused
CUDA Graph id 19197 reused
CUDA Graph id 19197 reused
CUDA Graph id 19197 reused
CUDA Graph id 19197 reused
CUDA Graph id 19197 reused
CUDA Graph id 19197 reused
CUDA Graph id 19197 reused
CUDA Graph id 19197 reused
CUDA Graph id 19197 reused
CUDA Graph id 19197 reused
CUDA Graph id 19197 reused
CUDA Graph id 19197 reused
CUDA Graph id 19197 reused
CUDA Graph id 19197 reused
CUDA Graph id 19197 reused
CUDA Graph id 19197 reused
CUDA Graph id 19197 reused
CUDA Graph id 19197 reused
CUDA Graph id 19197 reused
CUDA Graph id 19197 reused
CUDA Graph id 19197 reused
CUDA Graph id 19197 reused
CUDA Graph id 19197 reused
~llama_context:      CUDA0 compute buffer size is 304.0000 MiB, matches expectation of 304.0000 MiB
~llama_context:  CUDA_Host compute buffer size is  14.7637 MiB, matches expectation of  14.7637 MiB
schema 171/175 done
llama_context: constructing llama_context
llama_context: n_seq_max     = 1
llama_context: n_ctx         = 1024
llama_context: n_ctx_seq     = 1024
llama_context: n_batch       = 836
llama_context: n_ubatch      = 512
llama_context: causal_attn   = 1
llama_context: flash_attn    = auto
llama_context: kv_unified    = false
llama_context: freq_base     = 1000000.0
llama_context: freq_scale    = 1
llama_context: n_rs_seq      = 0
llama_context: n_outputs_max = 836
llama_context: n_ctx_seq (1024) < n_ctx_train (32768) -- the full capacity of the model will not be utilized
set_abort_callback: call
llama_context:  CUDA_Host  output buffer size =     0.58 MiB
llama_kv_cache: layer   0: dev = CPU
llama_kv_cache: layer   1: dev = CPU
llama_kv_cache: layer   2: dev = CPU
llama_kv_cache: layer   3: dev = CUDA0
llama_kv_cache: layer   4: dev = CUDA0
llama_kv_cache: layer   5: dev = CUDA0
llama_kv_cache: layer   6: dev = CUDA0
llama_kv_cache: layer   7: dev = CUDA0
llama_kv_cache: layer   8: dev = CUDA0
llama_kv_cache: layer   9: dev = CUDA0
llama_kv_cache: layer  10: dev = CUDA0
llama_kv_cache: layer  11: dev = CUDA0
llama_kv_cache: layer  12: dev = CUDA0
llama_kv_cache: layer  13: dev = CUDA0
llama_kv_cache: layer  14: dev = CUDA0
llama_kv_cache: layer  15: dev = CUDA0
llama_kv_cache: layer  16: dev = CUDA0
llama_kv_cache: layer  17: dev = CUDA0
llama_kv_cache: layer  18: dev = CUDA0
llama_kv_cache: layer  19: dev = CUDA0
llama_kv_cache: layer  20: dev = CUDA0
llama_kv_cache: layer  21: dev = CUDA0
llama_kv_cache: layer  22: dev = CUDA0
llama_kv_cache: layer  23: dev = CUDA0
llama_kv_cache: layer  24: dev = CUDA0
llama_kv_cache: layer  25: dev = CUDA0
llama_kv_cache: layer  26: dev = CUDA0
llama_kv_cache: layer  27: dev = CUDA0
llama_kv_cache:        CPU KV buffer size =     6.00 MiB
llama_kv_cache:      CUDA0 KV buffer size =    50.00 MiB
llama_kv_cache: size =   56.00 MiB (  1024 cells,  28 layers,  1/1 seqs), K (f16):   28.00 MiB, V (f16):   28.00 MiB
llama_kv_cache: attn_rot_k = 0, n_embd_head_k_all = 128
llama_kv_cache: attn_rot_v = 0, n_embd_head_k_all = 128
llama_context: enumerating backends
llama_context: backend_ptrs.size() = 2
sched_reserve: reserving ...
sched_reserve: max_nodes = 2712
sched_reserve: reserving full memory module
sched_reserve: worst-case: n_tokens = 512, n_seqs = 1, n_outputs = 1
graph_reserve: reserving a graph for ubatch with n_tokens =    1, n_seqs =  1, n_outputs =    1
sched_reserve: Flash Attention was auto, set to enabled
sched_reserve: resolving fused Gated Delta Net support:
graph_reserve: reserving a graph for ubatch with n_tokens =    1, n_seqs =  1, n_outputs =    1
sched_reserve: fused Gated Delta Net (autoregressive) enabled
graph_reserve: reserving a graph for ubatch with n_tokens =   16, n_seqs =  1, n_outputs =   16
sched_reserve: fused Gated Delta Net (chunked) enabled
graph_reserve: reserving a graph for ubatch with n_tokens =  512, n_seqs =  1, n_outputs =  512
graph_reserve: reserving a graph for ubatch with n_tokens =    1, n_seqs =  1, n_outputs =    1
graph_reserve: reserving a graph for ubatch with n_tokens =  512, n_seqs =  1, n_outputs =  512
sched_reserve:      CUDA0 compute buffer size =   304.00 MiB
sched_reserve:  CUDA_Host compute buffer size =    15.01 MiB
sched_reserve: graph nodes  = 958
sched_reserve: graph splits = 44 (with bs=512), 2 (with bs=1)
sched_reserve: reserve took 10.98 ms, sched copies = 1
CUDA Graph id 19347 reused
ggml_backend_cuda_graph_compute: CUDA graph warmup complete
CUDA Graph id 19347 reused
CUDA Graph id 19347 reused
CUDA Graph id 19347 reused
CUDA Graph id 19347 reused
CUDA Graph id 19347 reused
CUDA Graph id 19347 reused
CUDA Graph id 19347 reused
CUDA Graph id 19347 reused
CUDA Graph id 19347 reused
CUDA Graph id 19347 reused
CUDA Graph id 19347 reused
CUDA Graph id 19347 reused
CUDA Graph id 19347 reused
CUDA Graph id 19347 reused
CUDA Graph id 19347 reused
CUDA Graph id 19347 reused
CUDA Graph id 19347 reused
CUDA Graph id 19347 reused
CUDA Graph id 19347 reused
CUDA Graph id 19347 reused
CUDA Graph id 19347 reused
CUDA Graph id 19347 reused
CUDA Graph id 19347 reused
CUDA Graph id 19347 reused
CUDA Graph id 19347 reused
CUDA Graph id 19347 reused
CUDA Graph id 19347 reused
CUDA Graph id 19347 reused
CUDA Graph id 19347 reused
CUDA Graph id 19347 reused
CUDA Graph id 19347 reused
CUDA Graph id 19347 reused
CUDA Graph id 19347 reused
CUDA Graph id 19347 reused
CUDA Graph id 19347 reused
CUDA Graph id 19347 reused
CUDA Graph id 19347 reused
CUDA Graph id 19347 reused
CUDA Graph id 19347 reused
CUDA Graph id 19347 reused
CUDA Graph id 19347 reused
CUDA Graph id 19347 reused
CUDA Graph id 19347 reused
CUDA Graph id 19347 reused
CUDA Graph id 19347 reused
CUDA Graph id 19347 reused
CUDA Graph id 19347 reused
CUDA Graph id 19347 reused
CUDA Graph id 19347 reused
CUDA Graph id 19347 reused
CUDA Graph id 19347 reused
CUDA Graph id 19347 reused
CUDA Graph id 19347 reused
CUDA Graph id 19347 reused
CUDA Graph id 19347 reused
CUDA Graph id 19347 reused
CUDA Graph id 19347 reused
CUDA Graph id 19347 reused
CUDA Graph id 19347 reused
CUDA Graph id 19347 reused
CUDA Graph id 19347 reused
CUDA Graph id 19347 reused
CUDA Graph id 19347 reused
CUDA Graph id 19347 reused
CUDA Graph id 19347 reused
CUDA Graph id 19347 reused
CUDA Graph id 19347 reused
CUDA Graph id 19347 reused
CUDA Graph id 19347 reused
CUDA Graph id 19347 reused
CUDA Graph id 19347 reused
CUDA Graph id 19347 reused
CUDA Graph id 19347 reused
CUDA Graph id 19347 reused
CUDA Graph id 19347 reused
CUDA Graph id 19347 reused
CUDA Graph id 19347 reused
CUDA Graph id 19347 reused
CUDA Graph id 19347 reused
CUDA Graph id 19347 reused
CUDA Graph id 19347 reused
CUDA Graph id 19347 reused
CUDA Graph id 19347 reused
CUDA Graph id 19347 reused
CUDA Graph id 19347 reused
CUDA Graph id 19347 reused
CUDA Graph id 19347 reused
CUDA Graph id 19347 reused
CUDA Graph id 19347 reused
CUDA Graph id 19347 reused
CUDA Graph id 19347 reused
CUDA Graph id 19347 reused
CUDA Graph id 19347 reused
CUDA Graph id 19347 reused
CUDA Graph id 19347 reused
CUDA Graph id 19347 reused
CUDA Graph id 19347 reused
CUDA Graph id 19347 reused
CUDA Graph id 19347 reused
CUDA Graph id 19347 reused
CUDA Graph id 19347 reused
CUDA Graph id 19347 reused
CUDA Graph id 19347 reused
CUDA Graph id 19347 reused
CUDA Graph id 19347 reused
CUDA Graph id 19347 reused
CUDA Graph id 19347 reused
CUDA Graph id 19347 reused
CUDA Graph id 19347 reused
CUDA Graph id 19347 reused
CUDA Graph id 19347 reused
CUDA Graph id 19347 reused
CUDA Graph id 19347 reused
CUDA Graph id 19347 reused
CUDA Graph id 19347 reused
CUDA Graph id 19347 reused
CUDA Graph id 19347 reused
CUDA Graph id 19347 reused
CUDA Graph id 19347 reused
CUDA Graph id 19347 reused
CUDA Graph id 19347 reused
CUDA Graph id 19347 reused
CUDA Graph id 19347 reused
CUDA Graph id 19347 reused
CUDA Graph id 19347 reused
CUDA Graph id 19347 reused
CUDA Graph id 19347 reused
CUDA Graph id 19347 reused
CUDA Graph id 19347 reused
CUDA Graph id 19347 reused
CUDA Graph id 19347 reused
CUDA Graph id 19347 reused
CUDA Graph id 19347 reused
CUDA Graph id 19347 reused
CUDA Graph id 19347 reused
CUDA Graph id 19347 reused
CUDA Graph id 19347 reused
CUDA Graph id 19347 reused
CUDA Graph id 19347 reused
CUDA Graph id 19347 reused
CUDA Graph id 19347 reused
CUDA Graph id 19347 reused
CUDA Graph id 19347 reused
CUDA Graph id 19347 reused
CUDA Graph id 19347 reused
CUDA Graph id 19347 reused
CUDA Graph id 19347 reused
CUDA Graph id 19347 reused
CUDA Graph id 19347 reused
CUDA Graph id 19347 reused
CUDA Graph id 19347 reused
CUDA Graph id 19347 reused
CUDA Graph id 19347 reused
CUDA Graph id 19347 reused
CUDA Graph id 19347 reused
CUDA Graph id 19347 reused
CUDA Graph id 19347 reused
CUDA Graph id 19347 reused
CUDA Graph id 19347 reused
CUDA Graph id 19347 reused
CUDA Graph id 19347 reused
CUDA Graph id 19347 reused
CUDA Graph id 19347 reused
CUDA Graph id 19347 reused
CUDA Graph id 19347 reused
CUDA Graph id 19347 reused
CUDA Graph id 19347 reused
CUDA Graph id 19347 reused
CUDA Graph id 19347 reused
CUDA Graph id 19347 reused
CUDA Graph id 19347 reused
CUDA Graph id 19347 reused
CUDA Graph id 19347 reused
CUDA Graph id 19347 reused
CUDA Graph id 19347 reused
CUDA Graph id 19347 reused
CUDA Graph id 19347 reused
CUDA Graph id 19347 reused
CUDA Graph id 19347 reused
CUDA Graph id 19347 reused
CUDA Graph id 19347 reused
CUDA Graph id 19347 reused
CUDA Graph id 19347 reused
CUDA Graph id 19347 reused
CUDA Graph id 19347 reused
CUDA Graph id 19347 reused
CUDA Graph id 19347 reused
CUDA Graph id 19347 reused
CUDA Graph id 19347 reused
CUDA Graph id 19347 reused
CUDA Graph id 19347 reused
CUDA Graph id 19347 reused
CUDA Graph id 19347 reused
CUDA Graph id 19347 reused
ggml_backend_cuda_graph_compute: CUDA graph warmup reset
CUDA Graph id 19350 reused
ggml_backend_cuda_graph_compute: CUDA graph warmup complete
CUDA Graph id 19350 reused
CUDA Graph id 19350 reused
CUDA Graph id 19350 reused
CUDA Graph id 19350 reused
CUDA Graph id 19350 reused
CUDA Graph id 19350 reused
CUDA Graph id 19350 reused
CUDA Graph id 19350 reused
CUDA Graph id 19350 reused
CUDA Graph id 19350 reused
CUDA Graph id 19350 reused
CUDA Graph id 19350 reused
CUDA Graph id 19350 reused
CUDA Graph id 19350 reused
CUDA Graph id 19350 reused
CUDA Graph id 19350 reused
CUDA Graph id 19350 reused
CUDA Graph id 19350 reused
CUDA Graph id 19350 reused
CUDA Graph id 19350 reused
CUDA Graph id 19350 reused
CUDA Graph id 19350 reused
CUDA Graph id 19350 reused
CUDA Graph id 19350 reused
CUDA Graph id 19350 reused
CUDA Graph id 19350 reused
CUDA Graph id 19350 reused
CUDA Graph id 19350 reused
CUDA Graph id 19350 reused
CUDA Graph id 19350 reused
CUDA Graph id 19350 reused
CUDA Graph id 19350 reused
CUDA Graph id 19350 reused
CUDA Graph id 19350 reused
CUDA Graph id 19350 reused
CUDA Graph id 19350 reused
CUDA Graph id 19350 reused
CUDA Graph id 19350 reused
CUDA Graph id 19350 reused
CUDA Graph id 19350 reused
CUDA Graph id 19350 reused
CUDA Graph id 19350 reused
CUDA Graph id 19350 reused
CUDA Graph id 19350 reused
CUDA Graph id 19350 reused
CUDA Graph id 19350 reused
CUDA Graph id 19350 reused
CUDA Graph id 19350 reused
CUDA Graph id 19350 reused
CUDA Graph id 19350 reused
CUDA Graph id 19350 reused
CUDA Graph id 19350 reused
CUDA Graph id 19350 reused
CUDA Graph id 19350 reused
CUDA Graph id 19350 reused
CUDA Graph id 19350 reused
CUDA Graph id 19350 reused
CUDA Graph id 19350 reused
CUDA Graph id 19350 reused
CUDA Graph id 19350 reused
CUDA Graph id 19350 reused
CUDA Graph id 19350 reused
CUDA Graph id 19350 reused
CUDA Graph id 19350 reused
CUDA Graph id 19350 reused
CUDA Graph id 19350 reused
CUDA Graph id 19350 reused
CUDA Graph id 19350 reused
CUDA Graph id 19350 reused
CUDA Graph id 19350 reused
CUDA Graph id 19350 reused
CUDA Graph id 19350 reused
CUDA Graph id 19350 reused
CUDA Graph id 19350 reused
CUDA Graph id 19350 reused
CUDA Graph id 19350 reused
CUDA Graph id 19350 reused
CUDA Graph id 19350 reused
CUDA Graph id 19350 reused
CUDA Graph id 19350 reused
CUDA Graph id 19350 reused
CUDA Graph id 19350 reused
CUDA Graph id 19350 reused
CUDA Graph id 19350 reused
CUDA Graph id 19350 reused
CUDA Graph id 19350 reused
CUDA Graph id 19350 reused
CUDA Graph id 19350 reused
CUDA Graph id 19350 reused
CUDA Graph id 19350 reused
CUDA Graph id 19350 reused
CUDA Graph id 19350 reused
CUDA Graph id 19350 reused
~llama_context:      CUDA0 compute buffer size is 304.0000 MiB, matches expectation of 304.0000 MiB
~llama_context:  CUDA_Host compute buffer size is  15.0137 MiB, matches expectation of  15.0137 MiB
llama_context: constructing llama_context
llama_context: n_seq_max     = 1
llama_context: n_ctx         = 1024
llama_context: n_ctx_seq     = 1024
llama_context: n_batch       = 836
llama_context: n_ubatch      = 512
llama_context: causal_attn   = 1
llama_context: flash_attn    = auto
llama_context: kv_unified    = false
llama_context: freq_base     = 1000000.0
llama_context: freq_scale    = 1
llama_context: n_rs_seq      = 0
llama_context: n_outputs_max = 836
llama_context: n_ctx_seq (1024) < n_ctx_train (32768) -- the full capacity of the model will not be utilized
set_abort_callback: call
llama_context:  CUDA_Host  output buffer size =     0.58 MiB
llama_kv_cache: layer   0: dev = CPU
llama_kv_cache: layer   1: dev = CPU
llama_kv_cache: layer   2: dev = CPU
llama_kv_cache: layer   3: dev = CUDA0
llama_kv_cache: layer   4: dev = CUDA0
llama_kv_cache: layer   5: dev = CUDA0
llama_kv_cache: layer   6: dev = CUDA0
llama_kv_cache: layer   7: dev = CUDA0
llama_kv_cache: layer   8: dev = CUDA0
llama_kv_cache: layer   9: dev = CUDA0
llama_kv_cache: layer  10: dev = CUDA0
llama_kv_cache: layer  11: dev = CUDA0
llama_kv_cache: layer  12: dev = CUDA0
llama_kv_cache: layer  13: dev = CUDA0
llama_kv_cache: layer  14: dev = CUDA0
llama_kv_cache: layer  15: dev = CUDA0
llama_kv_cache: layer  16: dev = CUDA0
llama_kv_cache: layer  17: dev = CUDA0
llama_kv_cache: layer  18: dev = CUDA0
llama_kv_cache: layer  19: dev = CUDA0
llama_kv_cache: layer  20: dev = CUDA0
llama_kv_cache: layer  21: dev = CUDA0
llama_kv_cache: layer  22: dev = CUDA0
llama_kv_cache: layer  23: dev = CUDA0
llama_kv_cache: layer  24: dev = CUDA0
llama_kv_cache: layer  25: dev = CUDA0
llama_kv_cache: layer  26: dev = CUDA0
llama_kv_cache: layer  27: dev = CUDA0
llama_kv_cache:        CPU KV buffer size =     6.00 MiB
llama_kv_cache:      CUDA0 KV buffer size =    50.00 MiB
llama_kv_cache: size =   56.00 MiB (  1024 cells,  28 layers,  1/1 seqs), K (f16):   28.00 MiB, V (f16):   28.00 MiB
llama_kv_cache: attn_rot_k = 0, n_embd_head_k_all = 128
llama_kv_cache: attn_rot_v = 0, n_embd_head_k_all = 128
llama_context: enumerating backends
llama_context: backend_ptrs.size() = 2
sched_reserve: reserving ...
sched_reserve: max_nodes = 2712
sched_reserve: reserving full memory module
sched_reserve: worst-case: n_tokens = 512, n_seqs = 1, n_outputs = 1
graph_reserve: reserving a graph for ubatch with n_tokens =    1, n_seqs =  1, n_outputs =    1
sched_reserve: Flash Attention was auto, set to enabled
sched_reserve: resolving fused Gated Delta Net support:
graph_reserve: reserving a graph for ubatch with n_tokens =    1, n_seqs =  1, n_outputs =    1
sched_reserve: fused Gated Delta Net (autoregressive) enabled
graph_reserve: reserving a graph for ubatch with n_tokens =   16, n_seqs =  1, n_outputs =   16
sched_reserve: fused Gated Delta Net (chunked) enabled
graph_reserve: reserving a graph for ubatch with n_tokens =  512, n_seqs =  1, n_outputs =  512
graph_reserve: reserving a graph for ubatch with n_tokens =    1, n_seqs =  1, n_outputs =    1
graph_reserve: reserving a graph for ubatch with n_tokens =  512, n_seqs =  1, n_outputs =  512
sched_reserve:      CUDA0 compute buffer size =   304.00 MiB
sched_reserve:  CUDA_Host compute buffer size =    15.01 MiB
sched_reserve: graph nodes  = 958
sched_reserve: graph splits = 44 (with bs=512), 2 (with bs=1)
sched_reserve: reserve took 14.35 ms, sched copies = 1
CUDA Graph id 19500 reused
ggml_backend_cuda_graph_compute: CUDA graph warmup complete
CUDA Graph id 19500 reused
CUDA Graph id 19500 reused
CUDA Graph id 19500 reused
CUDA Graph id 19500 reused
CUDA Graph id 19500 reused
CUDA Graph id 19500 reused
CUDA Graph id 19500 reused
CUDA Graph id 19500 reused
CUDA Graph id 19500 reused
CUDA Graph id 19500 reused
CUDA Graph id 19500 reused
CUDA Graph id 19500 reused
CUDA Graph id 19500 reused
CUDA Graph id 19500 reused
CUDA Graph id 19500 reused
CUDA Graph id 19500 reused
CUDA Graph id 19500 reused
CUDA Graph id 19500 reused
CUDA Graph id 19500 reused
CUDA Graph id 19500 reused
CUDA Graph id 19500 reused
CUDA Graph id 19500 reused
CUDA Graph id 19500 reused
CUDA Graph id 19500 reused
CUDA Graph id 19500 reused
CUDA Graph id 19500 reused
CUDA Graph id 19500 reused
CUDA Graph id 19500 reused
CUDA Graph id 19500 reused
CUDA Graph id 19500 reused
CUDA Graph id 19500 reused
CUDA Graph id 19500 reused
CUDA Graph id 19500 reused
CUDA Graph id 19500 reused
CUDA Graph id 19500 reused
CUDA Graph id 19500 reused
CUDA Graph id 19500 reused
CUDA Graph id 19500 reused
CUDA Graph id 19500 reused
CUDA Graph id 19500 reused
CUDA Graph id 19500 reused
CUDA Graph id 19500 reused
CUDA Graph id 19500 reused
CUDA Graph id 19500 reused
CUDA Graph id 19500 reused
CUDA Graph id 19500 reused
CUDA Graph id 19500 reused
CUDA Graph id 19500 reused
CUDA Graph id 19500 reused
CUDA Graph id 19500 reused
CUDA Graph id 19500 reused
CUDA Graph id 19500 reused
CUDA Graph id 19500 reused
CUDA Graph id 19500 reused
CUDA Graph id 19500 reused
CUDA Graph id 19500 reused
CUDA Graph id 19500 reused
CUDA Graph id 19500 reused
CUDA Graph id 19500 reused
CUDA Graph id 19500 reused
CUDA Graph id 19500 reused
CUDA Graph id 19500 reused
CUDA Graph id 19500 reused
CUDA Graph id 19500 reused
CUDA Graph id 19500 reused
CUDA Graph id 19500 reused
CUDA Graph id 19500 reused
CUDA Graph id 19500 reused
CUDA Graph id 19500 reused
CUDA Graph id 19500 reused
CUDA Graph id 19500 reused
CUDA Graph id 19500 reused
CUDA Graph id 19500 reused
CUDA Graph id 19500 reused
CUDA Graph id 19500 reused
CUDA Graph id 19500 reused
CUDA Graph id 19500 reused
CUDA Graph id 19500 reused
CUDA Graph id 19500 reused
CUDA Graph id 19500 reused
CUDA Graph id 19500 reused
CUDA Graph id 19500 reused
CUDA Graph id 19500 reused
CUDA Graph id 19500 reused
CUDA Graph id 19500 reused
CUDA Graph id 19500 reused
CUDA Graph id 19500 reused
CUDA Graph id 19500 reused
CUDA Graph id 19500 reused
CUDA Graph id 19500 reused
CUDA Graph id 19500 reused
CUDA Graph id 19500 reused
CUDA Graph id 19500 reused
CUDA Graph id 19500 reused
CUDA Graph id 19500 reused
CUDA Graph id 19500 reused
CUDA Graph id 19500 reused
CUDA Graph id 19500 reused
CUDA Graph id 19500 reused
CUDA Graph id 19500 reused
CUDA Graph id 19500 reused
CUDA Graph id 19500 reused
CUDA Graph id 19500 reused
CUDA Graph id 19500 reused
CUDA Graph id 19500 reused
CUDA Graph id 19500 reused
CUDA Graph id 19500 reused
CUDA Graph id 19500 reused
CUDA Graph id 19500 reused
CUDA Graph id 19500 reused
CUDA Graph id 19500 reused
CUDA Graph id 19500 reused
CUDA Graph id 19500 reused
CUDA Graph id 19500 reused
CUDA Graph id 19500 reused
CUDA Graph id 19500 reused
CUDA Graph id 19500 reused
CUDA Graph id 19500 reused
CUDA Graph id 19500 reused
CUDA Graph id 19500 reused
CUDA Graph id 19500 reused
CUDA Graph id 19500 reused
CUDA Graph id 19500 reused
CUDA Graph id 19500 reused
CUDA Graph id 19500 reused
CUDA Graph id 19500 reused
CUDA Graph id 19500 reused
CUDA Graph id 19500 reused
CUDA Graph id 19500 reused
CUDA Graph id 19500 reused
CUDA Graph id 19500 reused
CUDA Graph id 19500 reused
CUDA Graph id 19500 reused
CUDA Graph id 19500 reused
CUDA Graph id 19500 reused
CUDA Graph id 19500 reused
CUDA Graph id 19500 reused
CUDA Graph id 19500 reused
CUDA Graph id 19500 reused
CUDA Graph id 19500 reused
CUDA Graph id 19500 reused
CUDA Graph id 19500 reused
CUDA Graph id 19500 reused
CUDA Graph id 19500 reused
CUDA Graph id 19500 reused
CUDA Graph id 19500 reused
CUDA Graph id 19500 reused
CUDA Graph id 19500 reused
CUDA Graph id 19500 reused
CUDA Graph id 19500 reused
CUDA Graph id 19500 reused
CUDA Graph id 19500 reused
CUDA Graph id 19500 reused
CUDA Graph id 19500 reused
CUDA Graph id 19500 reused
CUDA Graph id 19500 reused
CUDA Graph id 19500 reused
CUDA Graph id 19500 reused
CUDA Graph id 19500 reused
CUDA Graph id 19500 reused
CUDA Graph id 19500 reused
CUDA Graph id 19500 reused
CUDA Graph id 19500 reused
CUDA Graph id 19500 reused
CUDA Graph id 19500 reused
CUDA Graph id 19500 reused
CUDA Graph id 19500 reused
CUDA Graph id 19500 reused
CUDA Graph id 19500 reused
CUDA Graph id 19500 reused
CUDA Graph id 19500 reused
CUDA Graph id 19500 reused
CUDA Graph id 19500 reused
CUDA Graph id 19500 reused
CUDA Graph id 19500 reused
CUDA Graph id 19500 reused
CUDA Graph id 19500 reused
CUDA Graph id 19500 reused
CUDA Graph id 19500 reused
CUDA Graph id 19500 reused
CUDA Graph id 19500 reused
CUDA Graph id 19500 reused
CUDA Graph id 19500 reused
CUDA Graph id 19500 reused
CUDA Graph id 19500 reused
CUDA Graph id 19500 reused
CUDA Graph id 19500 reused
CUDA Graph id 19500 reused
CUDA Graph id 19500 reused
CUDA Graph id 19500 reused
CUDA Graph id 19500 reused
CUDA Graph id 19500 reused
CUDA Graph id 19500 reused
CUDA Graph id 19500 reused
ggml_backend_cuda_graph_compute: CUDA graph warmup reset
CUDA Graph id 19503 reused
ggml_backend_cuda_graph_compute: CUDA graph warmup complete
CUDA Graph id 19503 reused
CUDA Graph id 19503 reused
CUDA Graph id 19503 reused
CUDA Graph id 19503 reused
CUDA Graph id 19503 reused
CUDA Graph id 19503 reused
CUDA Graph id 19503 reused
CUDA Graph id 19503 reused
CUDA Graph id 19503 reused
CUDA Graph id 19503 reused
CUDA Graph id 19503 reused
CUDA Graph id 19503 reused
CUDA Graph id 19503 reused
CUDA Graph id 19503 reused
CUDA Graph id 19503 reused
CUDA Graph id 19503 reused
CUDA Graph id 19503 reused
CUDA Graph id 19503 reused
CUDA Graph id 19503 reused
CUDA Graph id 19503 reused
CUDA Graph id 19503 reused
CUDA Graph id 19503 reused
CUDA Graph id 19503 reused
CUDA Graph id 19503 reused
CUDA Graph id 19503 reused
CUDA Graph id 19503 reused
CUDA Graph id 19503 reused
CUDA Graph id 19503 reused
CUDA Graph id 19503 reused
CUDA Graph id 19503 reused
CUDA Graph id 19503 reused
CUDA Graph id 19503 reused
CUDA Graph id 19503 reused
CUDA Graph id 19503 reused
CUDA Graph id 19503 reused
CUDA Graph id 19503 reused
CUDA Graph id 19503 reused
CUDA Graph id 19503 reused
CUDA Graph id 19503 reused
CUDA Graph id 19503 reused
CUDA Graph id 19503 reused
CUDA Graph id 19503 reused
CUDA Graph id 19503 reused
CUDA Graph id 19503 reused
CUDA Graph id 19503 reused
CUDA Graph id 19503 reused
CUDA Graph id 19503 reused
CUDA Graph id 19503 reused
CUDA Graph id 19503 reused
CUDA Graph id 19503 reused
CUDA Graph id 19503 reused
CUDA Graph id 19503 reused
CUDA Graph id 19503 reused
CUDA Graph id 19503 reused
CUDA Graph id 19503 reused
CUDA Graph id 19503 reused
CUDA Graph id 19503 reused
CUDA Graph id 19503 reused
CUDA Graph id 19503 reused
CUDA Graph id 19503 reused
CUDA Graph id 19503 reused
CUDA Graph id 19503 reused
CUDA Graph id 19503 reused
CUDA Graph id 19503 reused
CUDA Graph id 19503 reused
CUDA Graph id 19503 reused
CUDA Graph id 19503 reused
CUDA Graph id 19503 reused
CUDA Graph id 19503 reused
CUDA Graph id 19503 reused
CUDA Graph id 19503 reused
CUDA Graph id 19503 reused
CUDA Graph id 19503 reused
CUDA Graph id 19503 reused
CUDA Graph id 19503 reused
CUDA Graph id 19503 reused
CUDA Graph id 19503 reused
CUDA Graph id 19503 reused
CUDA Graph id 19503 reused
CUDA Graph id 19503 reused
CUDA Graph id 19503 reused
CUDA Graph id 19503 reused
CUDA Graph id 19503 reused
CUDA Graph id 19503 reused
CUDA Graph id 19503 reused
CUDA Graph id 19503 reused
CUDA Graph id 19503 reused
CUDA Graph id 19503 reused
CUDA Graph id 19503 reused
CUDA Graph id 19503 reused
CUDA Graph id 19503 reused
CUDA Graph id 19503 reused
CUDA Graph id 19503 reused
~llama_context:      CUDA0 compute buffer size is 304.0000 MiB, matches expectation of 304.0000 MiB
~llama_context:  CUDA_Host compute buffer size is  15.0137 MiB, matches expectation of  15.0137 MiB
llama_context: constructing llama_context
llama_context: n_seq_max     = 1
llama_context: n_ctx         = 1024
llama_context: n_ctx_seq     = 1024
llama_context: n_batch       = 836
llama_context: n_ubatch      = 512
llama_context: causal_attn   = 1
llama_context: flash_attn    = auto
llama_context: kv_unified    = false
llama_context: freq_base     = 1000000.0
llama_context: freq_scale    = 1
llama_context: n_rs_seq      = 0
llama_context: n_outputs_max = 836
llama_context: n_ctx_seq (1024) < n_ctx_train (32768) -- the full capacity of the model will not be utilized
set_abort_callback: call
llama_context:  CUDA_Host  output buffer size =     0.58 MiB
llama_kv_cache: layer   0: dev = CPU
llama_kv_cache: layer   1: dev = CPU
llama_kv_cache: layer   2: dev = CPU
llama_kv_cache: layer   3: dev = CUDA0
llama_kv_cache: layer   4: dev = CUDA0
llama_kv_cache: layer   5: dev = CUDA0
llama_kv_cache: layer   6: dev = CUDA0
llama_kv_cache: layer   7: dev = CUDA0
llama_kv_cache: layer   8: dev = CUDA0
llama_kv_cache: layer   9: dev = CUDA0
llama_kv_cache: layer  10: dev = CUDA0
llama_kv_cache: layer  11: dev = CUDA0
llama_kv_cache: layer  12: dev = CUDA0
llama_kv_cache: layer  13: dev = CUDA0
llama_kv_cache: layer  14: dev = CUDA0
llama_kv_cache: layer  15: dev = CUDA0
llama_kv_cache: layer  16: dev = CUDA0
llama_kv_cache: layer  17: dev = CUDA0
llama_kv_cache: layer  18: dev = CUDA0
llama_kv_cache: layer  19: dev = CUDA0
llama_kv_cache: layer  20: dev = CUDA0
llama_kv_cache: layer  21: dev = CUDA0
llama_kv_cache: layer  22: dev = CUDA0
llama_kv_cache: layer  23: dev = CUDA0
llama_kv_cache: layer  24: dev = CUDA0
llama_kv_cache: layer  25: dev = CUDA0
llama_kv_cache: layer  26: dev = CUDA0
llama_kv_cache: layer  27: dev = CUDA0
llama_kv_cache:        CPU KV buffer size =     6.00 MiB
llama_kv_cache:      CUDA0 KV buffer size =    50.00 MiB
llama_kv_cache: size =   56.00 MiB (  1024 cells,  28 layers,  1/1 seqs), K (f16):   28.00 MiB, V (f16):   28.00 MiB
llama_kv_cache: attn_rot_k = 0, n_embd_head_k_all = 128
llama_kv_cache: attn_rot_v = 0, n_embd_head_k_all = 128
llama_context: enumerating backends
llama_context: backend_ptrs.size() = 2
sched_reserve: reserving ...
sched_reserve: max_nodes = 2712
sched_reserve: reserving full memory module
sched_reserve: worst-case: n_tokens = 512, n_seqs = 1, n_outputs = 1
graph_reserve: reserving a graph for ubatch with n_tokens =    1, n_seqs =  1, n_outputs =    1
sched_reserve: Flash Attention was auto, set to enabled
sched_reserve: resolving fused Gated Delta Net support:
graph_reserve: reserving a graph for ubatch with n_tokens =    1, n_seqs =  1, n_outputs =    1
sched_reserve: fused Gated Delta Net (autoregressive) enabled
graph_reserve: reserving a graph for ubatch with n_tokens =   16, n_seqs =  1, n_outputs =   16
sched_reserve: fused Gated Delta Net (chunked) enabled
graph_reserve: reserving a graph for ubatch with n_tokens =  512, n_seqs =  1, n_outputs =  512
graph_reserve: reserving a graph for ubatch with n_tokens =    1, n_seqs =  1, n_outputs =    1
graph_reserve: reserving a graph for ubatch with n_tokens =  512, n_seqs =  1, n_outputs =  512
sched_reserve:      CUDA0 compute buffer size =   304.00 MiB
sched_reserve:  CUDA_Host compute buffer size =    15.01 MiB
sched_reserve: graph nodes  = 958
sched_reserve: graph splits = 44 (with bs=512), 2 (with bs=1)
sched_reserve: reserve took 16.93 ms, sched copies = 1
CUDA Graph id 19653 reused
ggml_backend_cuda_graph_compute: CUDA graph warmup complete
CUDA Graph id 19653 reused
CUDA Graph id 19653 reused
CUDA Graph id 19653 reused
CUDA Graph id 19653 reused
CUDA Graph id 19653 reused
CUDA Graph id 19653 reused
CUDA Graph id 19653 reused
CUDA Graph id 19653 reused
CUDA Graph id 19653 reused
CUDA Graph id 19653 reused
CUDA Graph id 19653 reused
CUDA Graph id 19653 reused
CUDA Graph id 19653 reused
CUDA Graph id 19653 reused
CUDA Graph id 19653 reused
CUDA Graph id 19653 reused
CUDA Graph id 19653 reused
CUDA Graph id 19653 reused
CUDA Graph id 19653 reused
CUDA Graph id 19653 reused
CUDA Graph id 19653 reused
CUDA Graph id 19653 reused
CUDA Graph id 19653 reused
CUDA Graph id 19653 reused
CUDA Graph id 19653 reused
CUDA Graph id 19653 reused
CUDA Graph id 19653 reused
CUDA Graph id 19653 reused
CUDA Graph id 19653 reused
CUDA Graph id 19653 reused
CUDA Graph id 19653 reused
CUDA Graph id 19653 reused
CUDA Graph id 19653 reused
CUDA Graph id 19653 reused
CUDA Graph id 19653 reused
CUDA Graph id 19653 reused
CUDA Graph id 19653 reused
CUDA Graph id 19653 reused
CUDA Graph id 19653 reused
CUDA Graph id 19653 reused
CUDA Graph id 19653 reused
CUDA Graph id 19653 reused
CUDA Graph id 19653 reused
CUDA Graph id 19653 reused
CUDA Graph id 19653 reused
CUDA Graph id 19653 reused
CUDA Graph id 19653 reused
CUDA Graph id 19653 reused
CUDA Graph id 19653 reused
CUDA Graph id 19653 reused
CUDA Graph id 19653 reused
CUDA Graph id 19653 reused
CUDA Graph id 19653 reused
CUDA Graph id 19653 reused
CUDA Graph id 19653 reused
CUDA Graph id 19653 reused
CUDA Graph id 19653 reused
CUDA Graph id 19653 reused
CUDA Graph id 19653 reused
CUDA Graph id 19653 reused
CUDA Graph id 19653 reused
CUDA Graph id 19653 reused
CUDA Graph id 19653 reused
CUDA Graph id 19653 reused
CUDA Graph id 19653 reused
CUDA Graph id 19653 reused
CUDA Graph id 19653 reused
CUDA Graph id 19653 reused
CUDA Graph id 19653 reused
CUDA Graph id 19653 reused
CUDA Graph id 19653 reused
CUDA Graph id 19653 reused
CUDA Graph id 19653 reused
CUDA Graph id 19653 reused
CUDA Graph id 19653 reused
CUDA Graph id 19653 reused
CUDA Graph id 19653 reused
CUDA Graph id 19653 reused
CUDA Graph id 19653 reused
CUDA Graph id 19653 reused
CUDA Graph id 19653 reused
CUDA Graph id 19653 reused
CUDA Graph id 19653 reused
CUDA Graph id 19653 reused
CUDA Graph id 19653 reused
CUDA Graph id 19653 reused
CUDA Graph id 19653 reused
CUDA Graph id 19653 reused
CUDA Graph id 19653 reused
CUDA Graph id 19653 reused
CUDA Graph id 19653 reused
CUDA Graph id 19653 reused
CUDA Graph id 19653 reused
CUDA Graph id 19653 reused
CUDA Graph id 19653 reused
CUDA Graph id 19653 reused
CUDA Graph id 19653 reused
CUDA Graph id 19653 reused
CUDA Graph id 19653 reused
CUDA Graph id 19653 reused
CUDA Graph id 19653 reused
CUDA Graph id 19653 reused
CUDA Graph id 19653 reused
CUDA Graph id 19653 reused
CUDA Graph id 19653 reused
CUDA Graph id 19653 reused
CUDA Graph id 19653 reused
CUDA Graph id 19653 reused
CUDA Graph id 19653 reused
CUDA Graph id 19653 reused
CUDA Graph id 19653 reused
CUDA Graph id 19653 reused
CUDA Graph id 19653 reused
CUDA Graph id 19653 reused
CUDA Graph id 19653 reused
CUDA Graph id 19653 reused
CUDA Graph id 19653 reused
CUDA Graph id 19653 reused
CUDA Graph id 19653 reused
CUDA Graph id 19653 reused
CUDA Graph id 19653 reused
CUDA Graph id 19653 reused
CUDA Graph id 19653 reused
CUDA Graph id 19653 reused
CUDA Graph id 19653 reused
CUDA Graph id 19653 reused
CUDA Graph id 19653 reused
CUDA Graph id 19653 reused
CUDA Graph id 19653 reused
CUDA Graph id 19653 reused
CUDA Graph id 19653 reused
CUDA Graph id 19653 reused
CUDA Graph id 19653 reused
CUDA Graph id 19653 reused
CUDA Graph id 19653 reused
CUDA Graph id 19653 reused
CUDA Graph id 19653 reused
CUDA Graph id 19653 reused
CUDA Graph id 19653 reused
CUDA Graph id 19653 reused
CUDA Graph id 19653 reused
CUDA Graph id 19653 reused
CUDA Graph id 19653 reused
CUDA Graph id 19653 reused
CUDA Graph id 19653 reused
CUDA Graph id 19653 reused
CUDA Graph id 19653 reused
CUDA Graph id 19653 reused
CUDA Graph id 19653 reused
CUDA Graph id 19653 reused
CUDA Graph id 19653 reused
CUDA Graph id 19653 reused
CUDA Graph id 19653 reused
CUDA Graph id 19653 reused
CUDA Graph id 19653 reused
CUDA Graph id 19653 reused
CUDA Graph id 19653 reused
CUDA Graph id 19653 reused
CUDA Graph id 19653 reused
CUDA Graph id 19653 reused
CUDA Graph id 19653 reused
CUDA Graph id 19653 reused
CUDA Graph id 19653 reused
CUDA Graph id 19653 reused
CUDA Graph id 19653 reused
CUDA Graph id 19653 reused
CUDA Graph id 19653 reused
CUDA Graph id 19653 reused
CUDA Graph id 19653 reused
CUDA Graph id 19653 reused
CUDA Graph id 19653 reused
CUDA Graph id 19653 reused
CUDA Graph id 19653 reused
CUDA Graph id 19653 reused
CUDA Graph id 19653 reused
CUDA Graph id 19653 reused
CUDA Graph id 19653 reused
CUDA Graph id 19653 reused
CUDA Graph id 19653 reused
CUDA Graph id 19653 reused
CUDA Graph id 19653 reused
CUDA Graph id 19653 reused
CUDA Graph id 19653 reused
CUDA Graph id 19653 reused
CUDA Graph id 19653 reused
CUDA Graph id 19653 reused
CUDA Graph id 19653 reused
CUDA Graph id 19653 reused
CUDA Graph id 19653 reused
CUDA Graph id 19653 reused
CUDA Graph id 19653 reused
CUDA Graph id 19653 reused
CUDA Graph id 19653 reused
CUDA Graph id 19653 reused
ggml_backend_cuda_graph_compute: CUDA graph warmup reset
CUDA Graph id 19656 reused
ggml_backend_cuda_graph_compute: CUDA graph warmup complete
CUDA Graph id 19656 reused
CUDA Graph id 19656 reused
CUDA Graph id 19656 reused
CUDA Graph id 19656 reused
CUDA Graph id 19656 reused
CUDA Graph id 19656 reused
CUDA Graph id 19656 reused
CUDA Graph id 19656 reused
CUDA Graph id 19656 reused
CUDA Graph id 19656 reused
CUDA Graph id 19656 reused
CUDA Graph id 19656 reused
CUDA Graph id 19656 reused
CUDA Graph id 19656 reused
CUDA Graph id 19656 reused
CUDA Graph id 19656 reused
CUDA Graph id 19656 reused
CUDA Graph id 19656 reused
CUDA Graph id 19656 reused
CUDA Graph id 19656 reused
CUDA Graph id 19656 reused
CUDA Graph id 19656 reused
CUDA Graph id 19656 reused
CUDA Graph id 19656 reused
CUDA Graph id 19656 reused
CUDA Graph id 19656 reused
CUDA Graph id 19656 reused
CUDA Graph id 19656 reused
CUDA Graph id 19656 reused
CUDA Graph id 19656 reused
CUDA Graph id 19656 reused
CUDA Graph id 19656 reused
CUDA Graph id 19656 reused
CUDA Graph id 19656 reused
CUDA Graph id 19656 reused
CUDA Graph id 19656 reused
CUDA Graph id 19656 reused
CUDA Graph id 19656 reused
CUDA Graph id 19656 reused
CUDA Graph id 19656 reused
CUDA Graph id 19656 reused
CUDA Graph id 19656 reused
CUDA Graph id 19656 reused
CUDA Graph id 19656 reused
CUDA Graph id 19656 reused
CUDA Graph id 19656 reused
CUDA Graph id 19656 reused
CUDA Graph id 19656 reused
CUDA Graph id 19656 reused
CUDA Graph id 19656 reused
CUDA Graph id 19656 reused
CUDA Graph id 19656 reused
CUDA Graph id 19656 reused
CUDA Graph id 19656 reused
CUDA Graph id 19656 reused
CUDA Graph id 19656 reused
CUDA Graph id 19656 reused
CUDA Graph id 19656 reused
CUDA Graph id 19656 reused
CUDA Graph id 19656 reused
~llama_context:      CUDA0 compute buffer size is 304.0000 MiB, matches expectation of 304.0000 MiB
~llama_context:  CUDA_Host compute buffer size is  15.0137 MiB, matches expectation of  15.0137 MiB
llama_context: constructing llama_context
llama_context: n_seq_max     = 1
llama_context: n_ctx         = 1024
llama_context: n_ctx_seq     = 1024
llama_context: n_batch       = 836
llama_context: n_ubatch      = 512
llama_context: causal_attn   = 1
llama_context: flash_attn    = auto
llama_context: kv_unified    = false
llama_context: freq_base     = 1000000.0
llama_context: freq_scale    = 1
llama_context: n_rs_seq      = 0
llama_context: n_outputs_max = 836
llama_context: n_ctx_seq (1024) < n_ctx_train (32768) -- the full capacity of the model will not be utilized
set_abort_callback: call
llama_context:  CUDA_Host  output buffer size =     0.58 MiB
llama_kv_cache: layer   0: dev = CPU
llama_kv_cache: layer   1: dev = CPU
llama_kv_cache: layer   2: dev = CPU
llama_kv_cache: layer   3: dev = CUDA0
llama_kv_cache: layer   4: dev = CUDA0
llama_kv_cache: layer   5: dev = CUDA0
llama_kv_cache: layer   6: dev = CUDA0
llama_kv_cache: layer   7: dev = CUDA0
llama_kv_cache: layer   8: dev = CUDA0
llama_kv_cache: layer   9: dev = CUDA0
llama_kv_cache: layer  10: dev = CUDA0
llama_kv_cache: layer  11: dev = CUDA0
llama_kv_cache: layer  12: dev = CUDA0
llama_kv_cache: layer  13: dev = CUDA0
llama_kv_cache: layer  14: dev = CUDA0
llama_kv_cache: layer  15: dev = CUDA0
llama_kv_cache: layer  16: dev = CUDA0
llama_kv_cache: layer  17: dev = CUDA0
llama_kv_cache: layer  18: dev = CUDA0
llama_kv_cache: layer  19: dev = CUDA0
llama_kv_cache: layer  20: dev = CUDA0
llama_kv_cache: layer  21: dev = CUDA0
llama_kv_cache: layer  22: dev = CUDA0
llama_kv_cache: layer  23: dev = CUDA0
llama_kv_cache: layer  24: dev = CUDA0
llama_kv_cache: layer  25: dev = CUDA0
llama_kv_cache: layer  26: dev = CUDA0
llama_kv_cache: layer  27: dev = CUDA0
llama_kv_cache:        CPU KV buffer size =     6.00 MiB
llama_kv_cache:      CUDA0 KV buffer size =    50.00 MiB
llama_kv_cache: size =   56.00 MiB (  1024 cells,  28 layers,  1/1 seqs), K (f16):   28.00 MiB, V (f16):   28.00 MiB
llama_kv_cache: attn_rot_k = 0, n_embd_head_k_all = 128
llama_kv_cache: attn_rot_v = 0, n_embd_head_k_all = 128
llama_context: enumerating backends
llama_context: backend_ptrs.size() = 2
sched_reserve: reserving ...
sched_reserve: max_nodes = 2712
sched_reserve: reserving full memory module
sched_reserve: worst-case: n_tokens = 512, n_seqs = 1, n_outputs = 1
graph_reserve: reserving a graph for ubatch with n_tokens =    1, n_seqs =  1, n_outputs =    1
sched_reserve: Flash Attention was auto, set to enabled
sched_reserve: resolving fused Gated Delta Net support:
graph_reserve: reserving a graph for ubatch with n_tokens =    1, n_seqs =  1, n_outputs =    1
sched_reserve: fused Gated Delta Net (autoregressive) enabled
graph_reserve: reserving a graph for ubatch with n_tokens =   16, n_seqs =  1, n_outputs =   16
sched_reserve: fused Gated Delta Net (chunked) enabled
graph_reserve: reserving a graph for ubatch with n_tokens =  512, n_seqs =  1, n_outputs =  512
graph_reserve: reserving a graph for ubatch with n_tokens =    1, n_seqs =  1, n_outputs =    1
graph_reserve: reserving a graph for ubatch with n_tokens =  512, n_seqs =  1, n_outputs =  512
sched_reserve:      CUDA0 compute buffer size =   304.00 MiB
sched_reserve:  CUDA_Host compute buffer size =    15.01 MiB
sched_reserve: graph nodes  = 958
sched_reserve: graph splits = 44 (with bs=512), 2 (with bs=1)
sched_reserve: reserve took 13.04 ms, sched copies = 1
CUDA Graph id 19806 reused
ggml_backend_cuda_graph_compute: CUDA graph warmup complete
CUDA Graph id 19806 reused
CUDA Graph id 19806 reused
CUDA Graph id 19806 reused
CUDA Graph id 19806 reused
CUDA Graph id 19806 reused
CUDA Graph id 19806 reused
CUDA Graph id 19806 reused
CUDA Graph id 19806 reused
CUDA Graph id 19806 reused
CUDA Graph id 19806 reused
CUDA Graph id 19806 reused
CUDA Graph id 19806 reused
CUDA Graph id 19806 reused
CUDA Graph id 19806 reused
CUDA Graph id 19806 reused
CUDA Graph id 19806 reused
CUDA Graph id 19806 reused
CUDA Graph id 19806 reused
CUDA Graph id 19806 reused
CUDA Graph id 19806 reused
CUDA Graph id 19806 reused
CUDA Graph id 19806 reused
CUDA Graph id 19806 reused
CUDA Graph id 19806 reused
CUDA Graph id 19806 reused
CUDA Graph id 19806 reused
CUDA Graph id 19806 reused
CUDA Graph id 19806 reused
CUDA Graph id 19806 reused
CUDA Graph id 19806 reused
CUDA Graph id 19806 reused
CUDA Graph id 19806 reused
CUDA Graph id 19806 reused
CUDA Graph id 19806 reused
CUDA Graph id 19806 reused
CUDA Graph id 19806 reused
CUDA Graph id 19806 reused
CUDA Graph id 19806 reused
CUDA Graph id 19806 reused
CUDA Graph id 19806 reused
CUDA Graph id 19806 reused
CUDA Graph id 19806 reused
CUDA Graph id 19806 reused
CUDA Graph id 19806 reused
CUDA Graph id 19806 reused
CUDA Graph id 19806 reused
CUDA Graph id 19806 reused
CUDA Graph id 19806 reused
CUDA Graph id 19806 reused
CUDA Graph id 19806 reused
CUDA Graph id 19806 reused
CUDA Graph id 19806 reused
CUDA Graph id 19806 reused
CUDA Graph id 19806 reused
CUDA Graph id 19806 reused
CUDA Graph id 19806 reused
CUDA Graph id 19806 reused
CUDA Graph id 19806 reused
CUDA Graph id 19806 reused
CUDA Graph id 19806 reused
CUDA Graph id 19806 reused
CUDA Graph id 19806 reused
CUDA Graph id 19806 reused
CUDA Graph id 19806 reused
CUDA Graph id 19806 reused
CUDA Graph id 19806 reused
CUDA Graph id 19806 reused
CUDA Graph id 19806 reused
CUDA Graph id 19806 reused
CUDA Graph id 19806 reused
CUDA Graph id 19806 reused
CUDA Graph id 19806 reused
CUDA Graph id 19806 reused
CUDA Graph id 19806 reused
CUDA Graph id 19806 reused
CUDA Graph id 19806 reused
CUDA Graph id 19806 reused
CUDA Graph id 19806 reused
CUDA Graph id 19806 reused
CUDA Graph id 19806 reused
CUDA Graph id 19806 reused
CUDA Graph id 19806 reused
CUDA Graph id 19806 reused
CUDA Graph id 19806 reused
CUDA Graph id 19806 reused
CUDA Graph id 19806 reused
CUDA Graph id 19806 reused
CUDA Graph id 19806 reused
CUDA Graph id 19806 reused
CUDA Graph id 19806 reused
CUDA Graph id 19806 reused
CUDA Graph id 19806 reused
CUDA Graph id 19806 reused
CUDA Graph id 19806 reused
CUDA Graph id 19806 reused
CUDA Graph id 19806 reused
CUDA Graph id 19806 reused
CUDA Graph id 19806 reused
CUDA Graph id 19806 reused
CUDA Graph id 19806 reused
CUDA Graph id 19806 reused
CUDA Graph id 19806 reused
CUDA Graph id 19806 reused
CUDA Graph id 19806 reused
CUDA Graph id 19806 reused
CUDA Graph id 19806 reused
CUDA Graph id 19806 reused
CUDA Graph id 19806 reused
CUDA Graph id 19806 reused
CUDA Graph id 19806 reused
CUDA Graph id 19806 reused
CUDA Graph id 19806 reused
CUDA Graph id 19806 reused
CUDA Graph id 19806 reused
CUDA Graph id 19806 reused
CUDA Graph id 19806 reused
CUDA Graph id 19806 reused
CUDA Graph id 19806 reused
CUDA Graph id 19806 reused
CUDA Graph id 19806 reused
CUDA Graph id 19806 reused
CUDA Graph id 19806 reused
CUDA Graph id 19806 reused
CUDA Graph id 19806 reused
CUDA Graph id 19806 reused
CUDA Graph id 19806 reused
CUDA Graph id 19806 reused
CUDA Graph id 19806 reused
CUDA Graph id 19806 reused
CUDA Graph id 19806 reused
CUDA Graph id 19806 reused
CUDA Graph id 19806 reused
CUDA Graph id 19806 reused
CUDA Graph id 19806 reused
CUDA Graph id 19806 reused
CUDA Graph id 19806 reused
CUDA Graph id 19806 reused
CUDA Graph id 19806 reused
CUDA Graph id 19806 reused
CUDA Graph id 19806 reused
CUDA Graph id 19806 reused
CUDA Graph id 19806 reused
CUDA Graph id 19806 reused
CUDA Graph id 19806 reused
CUDA Graph id 19806 reused
CUDA Graph id 19806 reused
CUDA Graph id 19806 reused
CUDA Graph id 19806 reused
CUDA Graph id 19806 reused
CUDA Graph id 19806 reused
CUDA Graph id 19806 reused
CUDA Graph id 19806 reused
CUDA Graph id 19806 reused
CUDA Graph id 19806 reused
CUDA Graph id 19806 reused
CUDA Graph id 19806 reused
CUDA Graph id 19806 reused
CUDA Graph id 19806 reused
CUDA Graph id 19806 reused
CUDA Graph id 19806 reused
CUDA Graph id 19806 reused
CUDA Graph id 19806 reused
CUDA Graph id 19806 reused
CUDA Graph id 19806 reused
CUDA Graph id 19806 reused
CUDA Graph id 19806 reused
CUDA Graph id 19806 reused
CUDA Graph id 19806 reused
CUDA Graph id 19806 reused
CUDA Graph id 19806 reused
CUDA Graph id 19806 reused
CUDA Graph id 19806 reused
CUDA Graph id 19806 reused
CUDA Graph id 19806 reused
CUDA Graph id 19806 reused
CUDA Graph id 19806 reused
CUDA Graph id 19806 reused
CUDA Graph id 19806 reused
CUDA Graph id 19806 reused
CUDA Graph id 19806 reused
CUDA Graph id 19806 reused
CUDA Graph id 19806 reused
CUDA Graph id 19806 reused
CUDA Graph id 19806 reused
CUDA Graph id 19806 reused
CUDA Graph id 19806 reused
CUDA Graph id 19806 reused
CUDA Graph id 19806 reused
CUDA Graph id 19806 reused
CUDA Graph id 19806 reused
CUDA Graph id 19806 reused
CUDA Graph id 19806 reused
CUDA Graph id 19806 reused
CUDA Graph id 19806 reused
ggml_backend_cuda_graph_compute: CUDA graph warmup reset
CUDA Graph id 19809 reused
ggml_backend_cuda_graph_compute: CUDA graph warmup complete
CUDA Graph id 19809 reused
CUDA Graph id 19809 reused
CUDA Graph id 19809 reused
CUDA Graph id 19809 reused
CUDA Graph id 19809 reused
CUDA Graph id 19809 reused
CUDA Graph id 19809 reused
CUDA Graph id 19809 reused
CUDA Graph id 19809 reused
CUDA Graph id 19809 reused
CUDA Graph id 19809 reused
CUDA Graph id 19809 reused
CUDA Graph id 19809 reused
CUDA Graph id 19809 reused
CUDA Graph id 19809 reused
CUDA Graph id 19809 reused
CUDA Graph id 19809 reused
CUDA Graph id 19809 reused
CUDA Graph id 19809 reused
CUDA Graph id 19809 reused
CUDA Graph id 19809 reused
CUDA Graph id 19809 reused
CUDA Graph id 19809 reused
CUDA Graph id 19809 reused
CUDA Graph id 19809 reused
CUDA Graph id 19809 reused
CUDA Graph id 19809 reused
CUDA Graph id 19809 reused
CUDA Graph id 19809 reused
CUDA Graph id 19809 reused
CUDA Graph id 19809 reused
CUDA Graph id 19809 reused
CUDA Graph id 19809 reused
CUDA Graph id 19809 reused
CUDA Graph id 19809 reused
CUDA Graph id 19809 reused
CUDA Graph id 19809 reused
CUDA Graph id 19809 reused
CUDA Graph id 19809 reused
CUDA Graph id 19809 reused
CUDA Graph id 19809 reused
CUDA Graph id 19809 reused
CUDA Graph id 19809 reused
CUDA Graph id 19809 reused
CUDA Graph id 19809 reused
CUDA Graph id 19809 reused
CUDA Graph id 19809 reused
CUDA Graph id 19809 reused
CUDA Graph id 19809 reused
CUDA Graph id 19809 reused
CUDA Graph id 19809 reused
CUDA Graph id 19809 reused
CUDA Graph id 19809 reused
CUDA Graph id 19809 reused
CUDA Graph id 19809 reused
CUDA Graph id 19809 reused
CUDA Graph id 19809 reused
CUDA Graph id 19809 reused
CUDA Graph id 19809 reused
CUDA Graph id 19809 reused
CUDA Graph id 19809 reused
~llama_context:      CUDA0 compute buffer size is 304.0000 MiB, matches expectation of 304.0000 MiB
~llama_context:  CUDA_Host compute buffer size is  15.0137 MiB, matches expectation of  15.0137 MiB
llama_context: constructing llama_context
llama_context: n_seq_max     = 1
llama_context: n_ctx         = 1024
llama_context: n_ctx_seq     = 1024
llama_context: n_batch       = 836
llama_context: n_ubatch      = 512
llama_context: causal_attn   = 1
llama_context: flash_attn    = auto
llama_context: kv_unified    = false
llama_context: freq_base     = 1000000.0
llama_context: freq_scale    = 1
llama_context: n_rs_seq      = 0
llama_context: n_outputs_max = 836
llama_context: n_ctx_seq (1024) < n_ctx_train (32768) -- the full capacity of the model will not be utilized
set_abort_callback: call
llama_context:  CUDA_Host  output buffer size =     0.58 MiB
llama_kv_cache: layer   0: dev = CPU
llama_kv_cache: layer   1: dev = CPU
llama_kv_cache: layer   2: dev = CPU
llama_kv_cache: layer   3: dev = CUDA0
llama_kv_cache: layer   4: dev = CUDA0
llama_kv_cache: layer   5: dev = CUDA0
llama_kv_cache: layer   6: dev = CUDA0
llama_kv_cache: layer   7: dev = CUDA0
llama_kv_cache: layer   8: dev = CUDA0
llama_kv_cache: layer   9: dev = CUDA0
llama_kv_cache: layer  10: dev = CUDA0
llama_kv_cache: layer  11: dev = CUDA0
llama_kv_cache: layer  12: dev = CUDA0
llama_kv_cache: layer  13: dev = CUDA0
llama_kv_cache: layer  14: dev = CUDA0
llama_kv_cache: layer  15: dev = CUDA0
llama_kv_cache: layer  16: dev = CUDA0
llama_kv_cache: layer  17: dev = CUDA0
llama_kv_cache: layer  18: dev = CUDA0
llama_kv_cache: layer  19: dev = CUDA0
llama_kv_cache: layer  20: dev = CUDA0
llama_kv_cache: layer  21: dev = CUDA0
llama_kv_cache: layer  22: dev = CUDA0
llama_kv_cache: layer  23: dev = CUDA0
llama_kv_cache: layer  24: dev = CUDA0
llama_kv_cache: layer  25: dev = CUDA0
llama_kv_cache: layer  26: dev = CUDA0
llama_kv_cache: layer  27: dev = CUDA0
llama_kv_cache:        CPU KV buffer size =     6.00 MiB
llama_kv_cache:      CUDA0 KV buffer size =    50.00 MiB
llama_kv_cache: size =   56.00 MiB (  1024 cells,  28 layers,  1/1 seqs), K (f16):   28.00 MiB, V (f16):   28.00 MiB
llama_kv_cache: attn_rot_k = 0, n_embd_head_k_all = 128
llama_kv_cache: attn_rot_v = 0, n_embd_head_k_all = 128
llama_context: enumerating backends
llama_context: backend_ptrs.size() = 2
sched_reserve: reserving ...
sched_reserve: max_nodes = 2712
sched_reserve: reserving full memory module
sched_reserve: worst-case: n_tokens = 512, n_seqs = 1, n_outputs = 1
graph_reserve: reserving a graph for ubatch with n_tokens =    1, n_seqs =  1, n_outputs =    1
sched_reserve: Flash Attention was auto, set to enabled
sched_reserve: resolving fused Gated Delta Net support:
graph_reserve: reserving a graph for ubatch with n_tokens =    1, n_seqs =  1, n_outputs =    1
sched_reserve: fused Gated Delta Net (autoregressive) enabled
graph_reserve: reserving a graph for ubatch with n_tokens =   16, n_seqs =  1, n_outputs =   16
sched_reserve: fused Gated Delta Net (chunked) enabled
graph_reserve: reserving a graph for ubatch with n_tokens =  512, n_seqs =  1, n_outputs =  512
graph_reserve: reserving a graph for ubatch with n_tokens =    1, n_seqs =  1, n_outputs =    1
graph_reserve: reserving a graph for ubatch with n_tokens =  512, n_seqs =  1, n_outputs =  512
sched_reserve:      CUDA0 compute buffer size =   304.00 MiB
sched_reserve:  CUDA_Host compute buffer size =    15.01 MiB
sched_reserve: graph nodes  = 958
sched_reserve: graph splits = 44 (with bs=512), 2 (with bs=1)
sched_reserve: reserve took 13.27 ms, sched copies = 1
CUDA Graph id 19959 reused
ggml_backend_cuda_graph_compute: CUDA graph warmup complete
CUDA Graph id 19959 reused
CUDA Graph id 19959 reused
CUDA Graph id 19959 reused
CUDA Graph id 19959 reused
CUDA Graph id 19959 reused
CUDA Graph id 19959 reused
CUDA Graph id 19959 reused
CUDA Graph id 19959 reused
CUDA Graph id 19959 reused
CUDA Graph id 19959 reused
CUDA Graph id 19959 reused
CUDA Graph id 19959 reused
CUDA Graph id 19959 reused
CUDA Graph id 19959 reused
CUDA Graph id 19959 reused
CUDA Graph id 19959 reused
CUDA Graph id 19959 reused
CUDA Graph id 19959 reused
CUDA Graph id 19959 reused
CUDA Graph id 19959 reused
CUDA Graph id 19959 reused
CUDA Graph id 19959 reused
CUDA Graph id 19959 reused
CUDA Graph id 19959 reused
CUDA Graph id 19959 reused
CUDA Graph id 19959 reused
CUDA Graph id 19959 reused
CUDA Graph id 19959 reused
CUDA Graph id 19959 reused
CUDA Graph id 19959 reused
CUDA Graph id 19959 reused
CUDA Graph id 19959 reused
CUDA Graph id 19959 reused
CUDA Graph id 19959 reused
~llama_context:      CUDA0 compute buffer size is 304.0000 MiB, matches expectation of 304.0000 MiB
~llama_context:  CUDA_Host compute buffer size is  15.0137 MiB, matches expectation of  15.0137 MiB
llama_context: constructing llama_context
llama_context: n_seq_max     = 1
llama_context: n_ctx         = 1024
llama_context: n_ctx_seq     = 1024
llama_context: n_batch       = 836
llama_context: n_ubatch      = 512
llama_context: causal_attn   = 1
llama_context: flash_attn    = auto
llama_context: kv_unified    = false
llama_context: freq_base     = 1000000.0
llama_context: freq_scale    = 1
llama_context: n_rs_seq      = 0
llama_context: n_outputs_max = 836
llama_context: n_ctx_seq (1024) < n_ctx_train (32768) -- the full capacity of the model will not be utilized
set_abort_callback: call
llama_context:  CUDA_Host  output buffer size =     0.58 MiB
llama_kv_cache: layer   0: dev = CPU
llama_kv_cache: layer   1: dev = CPU
llama_kv_cache: layer   2: dev = CPU
llama_kv_cache: layer   3: dev = CUDA0
llama_kv_cache: layer   4: dev = CUDA0
llama_kv_cache: layer   5: dev = CUDA0
llama_kv_cache: layer   6: dev = CUDA0
llama_kv_cache: layer   7: dev = CUDA0
llama_kv_cache: layer   8: dev = CUDA0
llama_kv_cache: layer   9: dev = CUDA0
llama_kv_cache: layer  10: dev = CUDA0
llama_kv_cache: layer  11: dev = CUDA0
llama_kv_cache: layer  12: dev = CUDA0
llama_kv_cache: layer  13: dev = CUDA0
llama_kv_cache: layer  14: dev = CUDA0
llama_kv_cache: layer  15: dev = CUDA0
llama_kv_cache: layer  16: dev = CUDA0
llama_kv_cache: layer  17: dev = CUDA0
llama_kv_cache: layer  18: dev = CUDA0
llama_kv_cache: layer  19: dev = CUDA0
llama_kv_cache: layer  20: dev = CUDA0
llama_kv_cache: layer  21: dev = CUDA0
llama_kv_cache: layer  22: dev = CUDA0
llama_kv_cache: layer  23: dev = CUDA0
llama_kv_cache: layer  24: dev = CUDA0
llama_kv_cache: layer  25: dev = CUDA0
llama_kv_cache: layer  26: dev = CUDA0
llama_kv_cache: layer  27: dev = CUDA0
llama_kv_cache:        CPU KV buffer size =     6.00 MiB
llama_kv_cache:      CUDA0 KV buffer size =    50.00 MiB
llama_kv_cache: size =   56.00 MiB (  1024 cells,  28 layers,  1/1 seqs), K (f16):   28.00 MiB, V (f16):   28.00 MiB
llama_kv_cache: attn_rot_k = 0, n_embd_head_k_all = 128
llama_kv_cache: attn_rot_v = 0, n_embd_head_k_all = 128
llama_context: enumerating backends
llama_context: backend_ptrs.size() = 2
sched_reserve: reserving ...
sched_reserve: max_nodes = 2712
sched_reserve: reserving full memory module
sched_reserve: worst-case: n_tokens = 512, n_seqs = 1, n_outputs = 1
graph_reserve: reserving a graph for ubatch with n_tokens =    1, n_seqs =  1, n_outputs =    1
sched_reserve: Flash Attention was auto, set to enabled
sched_reserve: resolving fused Gated Delta Net support:
graph_reserve: reserving a graph for ubatch with n_tokens =    1, n_seqs =  1, n_outputs =    1
sched_reserve: fused Gated Delta Net (autoregressive) enabled
graph_reserve: reserving a graph for ubatch with n_tokens =   16, n_seqs =  1, n_outputs =   16
sched_reserve: fused Gated Delta Net (chunked) enabled
graph_reserve: reserving a graph for ubatch with n_tokens =  512, n_seqs =  1, n_outputs =  512
graph_reserve: reserving a graph for ubatch with n_tokens =    1, n_seqs =  1, n_outputs =    1
graph_reserve: reserving a graph for ubatch with n_tokens =  512, n_seqs =  1, n_outputs =  512
sched_reserve:      CUDA0 compute buffer size =   304.00 MiB
sched_reserve:  CUDA_Host compute buffer size =    15.01 MiB
sched_reserve: graph nodes  = 958
sched_reserve: graph splits = 44 (with bs=512), 2 (with bs=1)
sched_reserve: reserve took 17.03 ms, sched copies = 1
CUDA Graph id 20109 reused
ggml_backend_cuda_graph_compute: CUDA graph warmup complete
CUDA Graph id 20109 reused
CUDA Graph id 20109 reused
CUDA Graph id 20109 reused
CUDA Graph id 20109 reused
CUDA Graph id 20109 reused
CUDA Graph id 20109 reused
CUDA Graph id 20109 reused
CUDA Graph id 20109 reused
CUDA Graph id 20109 reused
CUDA Graph id 20109 reused
CUDA Graph id 20109 reused
CUDA Graph id 20109 reused
CUDA Graph id 20109 reused
CUDA Graph id 20109 reused
CUDA Graph id 20109 reused
CUDA Graph id 20109 reused
CUDA Graph id 20109 reused
CUDA Graph id 20109 reused
CUDA Graph id 20109 reused
CUDA Graph id 20109 reused
CUDA Graph id 20109 reused
CUDA Graph id 20109 reused
CUDA Graph id 20109 reused
CUDA Graph id 20109 reused
CUDA Graph id 20109 reused
CUDA Graph id 20109 reused
CUDA Graph id 20109 reused
CUDA Graph id 20109 reused
CUDA Graph id 20109 reused
CUDA Graph id 20109 reused
CUDA Graph id 20109 reused
CUDA Graph id 20109 reused
CUDA Graph id 20109 reused
CUDA Graph id 20109 reused
CUDA Graph id 20109 reused
CUDA Graph id 20109 reused
CUDA Graph id 20109 reused
CUDA Graph id 20109 reused
CUDA Graph id 20109 reused
CUDA Graph id 20109 reused
CUDA Graph id 20109 reused
CUDA Graph id 20109 reused
CUDA Graph id 20109 reused
CUDA Graph id 20109 reused
CUDA Graph id 20109 reused
CUDA Graph id 20109 reused
CUDA Graph id 20109 reused
CUDA Graph id 20109 reused
CUDA Graph id 20109 reused
CUDA Graph id 20109 reused
CUDA Graph id 20109 reused
CUDA Graph id 20109 reused
CUDA Graph id 20109 reused
CUDA Graph id 20109 reused
CUDA Graph id 20109 reused
CUDA Graph id 20109 reused
CUDA Graph id 20109 reused
CUDA Graph id 20109 reused
CUDA Graph id 20109 reused
CUDA Graph id 20109 reused
CUDA Graph id 20109 reused
CUDA Graph id 20109 reused
CUDA Graph id 20109 reused
CUDA Graph id 20109 reused
CUDA Graph id 20109 reused
CUDA Graph id 20109 reused
CUDA Graph id 20109 reused
CUDA Graph id 20109 reused
CUDA Graph id 20109 reused
CUDA Graph id 20109 reused
CUDA Graph id 20109 reused
CUDA Graph id 20109 reused
CUDA Graph id 20109 reused
CUDA Graph id 20109 reused
CUDA Graph id 20109 reused
CUDA Graph id 20109 reused
CUDA Graph id 20109 reused
CUDA Graph id 20109 reused
CUDA Graph id 20109 reused
CUDA Graph id 20109 reused
CUDA Graph id 20109 reused
CUDA Graph id 20109 reused
CUDA Graph id 20109 reused
CUDA Graph id 20109 reused
CUDA Graph id 20109 reused
CUDA Graph id 20109 reused
CUDA Graph id 20109 reused
CUDA Graph id 20109 reused
CUDA Graph id 20109 reused
CUDA Graph id 20109 reused
CUDA Graph id 20109 reused
CUDA Graph id 20109 reused
CUDA Graph id 20109 reused
CUDA Graph id 20109 reused
CUDA Graph id 20109 reused
CUDA Graph id 20109 reused
CUDA Graph id 20109 reused
CUDA Graph id 20109 reused
CUDA Graph id 20109 reused
CUDA Graph id 20109 reused
CUDA Graph id 20109 reused
CUDA Graph id 20109 reused
CUDA Graph id 20109 reused
CUDA Graph id 20109 reused
CUDA Graph id 20109 reused
CUDA Graph id 20109 reused
CUDA Graph id 20109 reused
CUDA Graph id 20109 reused
CUDA Graph id 20109 reused
CUDA Graph id 20109 reused
CUDA Graph id 20109 reused
CUDA Graph id 20109 reused
CUDA Graph id 20109 reused
CUDA Graph id 20109 reused
CUDA Graph id 20109 reused
CUDA Graph id 20109 reused
CUDA Graph id 20109 reused
CUDA Graph id 20109 reused
CUDA Graph id 20109 reused
CUDA Graph id 20109 reused
CUDA Graph id 20109 reused
CUDA Graph id 20109 reused
CUDA Graph id 20109 reused
CUDA Graph id 20109 reused
CUDA Graph id 20109 reused
CUDA Graph id 20109 reused
CUDA Graph id 20109 reused
CUDA Graph id 20109 reused
CUDA Graph id 20109 reused
CUDA Graph id 20109 reused
CUDA Graph id 20109 reused
CUDA Graph id 20109 reused
CUDA Graph id 20109 reused
CUDA Graph id 20109 reused
CUDA Graph id 20109 reused
CUDA Graph id 20109 reused
CUDA Graph id 20109 reused
CUDA Graph id 20109 reused
CUDA Graph id 20109 reused
CUDA Graph id 20109 reused
CUDA Graph id 20109 reused
CUDA Graph id 20109 reused
CUDA Graph id 20109 reused
CUDA Graph id 20109 reused
CUDA Graph id 20109 reused
CUDA Graph id 20109 reused
CUDA Graph id 20109 reused
CUDA Graph id 20109 reused
CUDA Graph id 20109 reused
CUDA Graph id 20109 reused
CUDA Graph id 20109 reused
CUDA Graph id 20109 reused
CUDA Graph id 20109 reused
CUDA Graph id 20109 reused
CUDA Graph id 20109 reused
CUDA Graph id 20109 reused
CUDA Graph id 20109 reused
CUDA Graph id 20109 reused
CUDA Graph id 20109 reused
CUDA Graph id 20109 reused
CUDA Graph id 20109 reused
CUDA Graph id 20109 reused
CUDA Graph id 20109 reused
CUDA Graph id 20109 reused
CUDA Graph id 20109 reused
CUDA Graph id 20109 reused
CUDA Graph id 20109 reused
CUDA Graph id 20109 reused
CUDA Graph id 20109 reused
CUDA Graph id 20109 reused
CUDA Graph id 20109 reused
CUDA Graph id 20109 reused
CUDA Graph id 20109 reused
CUDA Graph id 20109 reused
CUDA Graph id 20109 reused
CUDA Graph id 20109 reused
CUDA Graph id 20109 reused
CUDA Graph id 20109 reused
CUDA Graph id 20109 reused
CUDA Graph id 20109 reused
CUDA Graph id 20109 reused
CUDA Graph id 20109 reused
CUDA Graph id 20109 reused
CUDA Graph id 20109 reused
CUDA Graph id 20109 reused
CUDA Graph id 20109 reused
CUDA Graph id 20109 reused
CUDA Graph id 20109 reused
CUDA Graph id 20109 reused
CUDA Graph id 20109 reused
CUDA Graph id 20109 reused
CUDA Graph id 20109 reused
CUDA Graph id 20109 reused
CUDA Graph id 20109 reused
ggml_backend_cuda_graph_compute: CUDA graph warmup reset
CUDA Graph id 20112 reused
ggml_backend_cuda_graph_compute: CUDA graph warmup complete
CUDA Graph id 20112 reused
CUDA Graph id 20112 reused
CUDA Graph id 20112 reused
CUDA Graph id 20112 reused
CUDA Graph id 20112 reused
CUDA Graph id 20112 reused
CUDA Graph id 20112 reused
CUDA Graph id 20112 reused
CUDA Graph id 20112 reused
CUDA Graph id 20112 reused
CUDA Graph id 20112 reused
CUDA Graph id 20112 reused
CUDA Graph id 20112 reused
CUDA Graph id 20112 reused
CUDA Graph id 20112 reused
CUDA Graph id 20112 reused
CUDA Graph id 20112 reused
CUDA Graph id 20112 reused
CUDA Graph id 20112 reused
CUDA Graph id 20112 reused
CUDA Graph id 20112 reused
CUDA Graph id 20112 reused
CUDA Graph id 20112 reused
CUDA Graph id 20112 reused
CUDA Graph id 20112 reused
CUDA Graph id 20112 reused
CUDA Graph id 20112 reused
CUDA Graph id 20112 reused
CUDA Graph id 20112 reused
CUDA Graph id 20112 reused
CUDA Graph id 20112 reused
CUDA Graph id 20112 reused
CUDA Graph id 20112 reused
CUDA Graph id 20112 reused
CUDA Graph id 20112 reused
CUDA Graph id 20112 reused
CUDA Graph id 20112 reused
CUDA Graph id 20112 reused
CUDA Graph id 20112 reused
CUDA Graph id 20112 reused
~llama_context:      CUDA0 compute buffer size is 304.0000 MiB, matches expectation of 304.0000 MiB
~llama_context:  CUDA_Host compute buffer size is  15.0137 MiB, matches expectation of  15.0137 MiB
schema 172/175 done
llama_context: constructing llama_context
llama_context: n_seq_max     = 1
llama_context: n_ctx         = 1024
llama_context: n_ctx_seq     = 1024
llama_context: n_batch       = 774
llama_context: n_ubatch      = 512
llama_context: causal_attn   = 1
llama_context: flash_attn    = auto
llama_context: kv_unified    = false
llama_context: freq_base     = 1000000.0
llama_context: freq_scale    = 1
llama_context: n_rs_seq      = 0
llama_context: n_outputs_max = 774
llama_context: n_ctx_seq (1024) < n_ctx_train (32768) -- the full capacity of the model will not be utilized
set_abort_callback: call
llama_context:  CUDA_Host  output buffer size =     0.58 MiB
llama_kv_cache: layer   0: dev = CPU
llama_kv_cache: layer   1: dev = CPU
llama_kv_cache: layer   2: dev = CPU
llama_kv_cache: layer   3: dev = CUDA0
llama_kv_cache: layer   4: dev = CUDA0
llama_kv_cache: layer   5: dev = CUDA0
llama_kv_cache: layer   6: dev = CUDA0
llama_kv_cache: layer   7: dev = CUDA0
llama_kv_cache: layer   8: dev = CUDA0
llama_kv_cache: layer   9: dev = CUDA0
llama_kv_cache: layer  10: dev = CUDA0
llama_kv_cache: layer  11: dev = CUDA0
llama_kv_cache: layer  12: dev = CUDA0
llama_kv_cache: layer  13: dev = CUDA0
llama_kv_cache: layer  14: dev = CUDA0
llama_kv_cache: layer  15: dev = CUDA0
llama_kv_cache: layer  16: dev = CUDA0
llama_kv_cache: layer  17: dev = CUDA0
llama_kv_cache: layer  18: dev = CUDA0
llama_kv_cache: layer  19: dev = CUDA0
llama_kv_cache: layer  20: dev = CUDA0
llama_kv_cache: layer  21: dev = CUDA0
llama_kv_cache: layer  22: dev = CUDA0
llama_kv_cache: layer  23: dev = CUDA0
llama_kv_cache: layer  24: dev = CUDA0
llama_kv_cache: layer  25: dev = CUDA0
llama_kv_cache: layer  26: dev = CUDA0
llama_kv_cache: layer  27: dev = CUDA0
llama_kv_cache:        CPU KV buffer size =     6.00 MiB
llama_kv_cache:      CUDA0 KV buffer size =    50.00 MiB
llama_kv_cache: size =   56.00 MiB (  1024 cells,  28 layers,  1/1 seqs), K (f16):   28.00 MiB, V (f16):   28.00 MiB
llama_kv_cache: attn_rot_k = 0, n_embd_head_k_all = 128
llama_kv_cache: attn_rot_v = 0, n_embd_head_k_all = 128
llama_context: enumerating backends
llama_context: backend_ptrs.size() = 2
sched_reserve: reserving ...
sched_reserve: max_nodes = 2712
sched_reserve: reserving full memory module
sched_reserve: worst-case: n_tokens = 512, n_seqs = 1, n_outputs = 1
graph_reserve: reserving a graph for ubatch with n_tokens =    1, n_seqs =  1, n_outputs =    1
sched_reserve: Flash Attention was auto, set to enabled
sched_reserve: resolving fused Gated Delta Net support:
graph_reserve: reserving a graph for ubatch with n_tokens =    1, n_seqs =  1, n_outputs =    1
sched_reserve: fused Gated Delta Net (autoregressive) enabled
graph_reserve: reserving a graph for ubatch with n_tokens =   16, n_seqs =  1, n_outputs =   16
sched_reserve: fused Gated Delta Net (chunked) enabled
graph_reserve: reserving a graph for ubatch with n_tokens =  512, n_seqs =  1, n_outputs =  512
graph_reserve: reserving a graph for ubatch with n_tokens =    1, n_seqs =  1, n_outputs =    1
graph_reserve: reserving a graph for ubatch with n_tokens =  512, n_seqs =  1, n_outputs =  512
sched_reserve:      CUDA0 compute buffer size =   304.00 MiB
sched_reserve:  CUDA_Host compute buffer size =    15.01 MiB
sched_reserve: graph nodes  = 958
sched_reserve: graph splits = 44 (with bs=512), 2 (with bs=1)
sched_reserve: reserve took 12.08 ms, sched copies = 1
CUDA Graph id 20262 reused
ggml_backend_cuda_graph_compute: CUDA graph warmup complete
ggml_backend_cuda_graph_compute: CUDA graph warmup reset
CUDA Graph id 20265 reused
ggml_backend_cuda_graph_compute: CUDA graph warmup complete
CUDA Graph id 20265 reused
CUDA Graph id 20265 reused
CUDA Graph id 20265 reused
CUDA Graph id 20265 reused
CUDA Graph id 20265 reused
CUDA Graph id 20265 reused
CUDA Graph id 20265 reused
CUDA Graph id 20265 reused
CUDA Graph id 20265 reused
CUDA Graph id 20265 reused
CUDA Graph id 20265 reused
CUDA Graph id 20265 reused
CUDA Graph id 20265 reused
CUDA Graph id 20265 reused
CUDA Graph id 20265 reused
CUDA Graph id 20265 reused
CUDA Graph id 20265 reused
CUDA Graph id 20265 reused
CUDA Graph id 20265 reused
CUDA Graph id 20265 reused
CUDA Graph id 20265 reused
CUDA Graph id 20265 reused
CUDA Graph id 20265 reused
CUDA Graph id 20265 reused
CUDA Graph id 20265 reused
CUDA Graph id 20265 reused
CUDA Graph id 20265 reused
CUDA Graph id 20265 reused
CUDA Graph id 20265 reused
CUDA Graph id 20265 reused
CUDA Graph id 20265 reused
CUDA Graph id 20265 reused
CUDA Graph id 20265 reused
CUDA Graph id 20265 reused
CUDA Graph id 20265 reused
CUDA Graph id 20265 reused
CUDA Graph id 20265 reused
CUDA Graph id 20265 reused
CUDA Graph id 20265 reused
~llama_context:      CUDA0 compute buffer size is 304.0000 MiB, matches expectation of 304.0000 MiB
~llama_context:  CUDA_Host compute buffer size is  15.0137 MiB, matches expectation of  15.0137 MiB
llama_context: constructing llama_context
llama_context: n_seq_max     = 1
llama_context: n_ctx         = 1024
llama_context: n_ctx_seq     = 1024
llama_context: n_batch       = 774
llama_context: n_ubatch      = 512
llama_context: causal_attn   = 1
llama_context: flash_attn    = auto
llama_context: kv_unified    = false
llama_context: freq_base     = 1000000.0
llama_context: freq_scale    = 1
llama_context: n_rs_seq      = 0
llama_context: n_outputs_max = 774
llama_context: n_ctx_seq (1024) < n_ctx_train (32768) -- the full capacity of the model will not be utilized
set_abort_callback: call
llama_context:  CUDA_Host  output buffer size =     0.58 MiB
llama_kv_cache: layer   0: dev = CPU
llama_kv_cache: layer   1: dev = CPU
llama_kv_cache: layer   2: dev = CPU
llama_kv_cache: layer   3: dev = CUDA0
llama_kv_cache: layer   4: dev = CUDA0
llama_kv_cache: layer   5: dev = CUDA0
llama_kv_cache: layer   6: dev = CUDA0
llama_kv_cache: layer   7: dev = CUDA0
llama_kv_cache: layer   8: dev = CUDA0
llama_kv_cache: layer   9: dev = CUDA0
llama_kv_cache: layer  10: dev = CUDA0
llama_kv_cache: layer  11: dev = CUDA0
llama_kv_cache: layer  12: dev = CUDA0
llama_kv_cache: layer  13: dev = CUDA0
llama_kv_cache: layer  14: dev = CUDA0
llama_kv_cache: layer  15: dev = CUDA0
llama_kv_cache: layer  16: dev = CUDA0
llama_kv_cache: layer  17: dev = CUDA0
llama_kv_cache: layer  18: dev = CUDA0
llama_kv_cache: layer  19: dev = CUDA0
llama_kv_cache: layer  20: dev = CUDA0
llama_kv_cache: layer  21: dev = CUDA0
llama_kv_cache: layer  22: dev = CUDA0
llama_kv_cache: layer  23: dev = CUDA0
llama_kv_cache: layer  24: dev = CUDA0
llama_kv_cache: layer  25: dev = CUDA0
llama_kv_cache: layer  26: dev = CUDA0
llama_kv_cache: layer  27: dev = CUDA0
llama_kv_cache:        CPU KV buffer size =     6.00 MiB
llama_kv_cache:      CUDA0 KV buffer size =    50.00 MiB
llama_kv_cache: size =   56.00 MiB (  1024 cells,  28 layers,  1/1 seqs), K (f16):   28.00 MiB, V (f16):   28.00 MiB
llama_kv_cache: attn_rot_k = 0, n_embd_head_k_all = 128
llama_kv_cache: attn_rot_v = 0, n_embd_head_k_all = 128
llama_context: enumerating backends
llama_context: backend_ptrs.size() = 2
sched_reserve: reserving ...
sched_reserve: max_nodes = 2712
sched_reserve: reserving full memory module
sched_reserve: worst-case: n_tokens = 512, n_seqs = 1, n_outputs = 1
graph_reserve: reserving a graph for ubatch with n_tokens =    1, n_seqs =  1, n_outputs =    1
sched_reserve: Flash Attention was auto, set to enabled
sched_reserve: resolving fused Gated Delta Net support:
graph_reserve: reserving a graph for ubatch with n_tokens =    1, n_seqs =  1, n_outputs =    1
sched_reserve: fused Gated Delta Net (autoregressive) enabled
graph_reserve: reserving a graph for ubatch with n_tokens =   16, n_seqs =  1, n_outputs =   16
sched_reserve: fused Gated Delta Net (chunked) enabled
graph_reserve: reserving a graph for ubatch with n_tokens =  512, n_seqs =  1, n_outputs =  512
graph_reserve: reserving a graph for ubatch with n_tokens =    1, n_seqs =  1, n_outputs =    1
graph_reserve: reserving a graph for ubatch with n_tokens =  512, n_seqs =  1, n_outputs =  512
sched_reserve:      CUDA0 compute buffer size =   304.00 MiB
sched_reserve:  CUDA_Host compute buffer size =    15.01 MiB
sched_reserve: graph nodes  = 958
sched_reserve: graph splits = 44 (with bs=512), 2 (with bs=1)
sched_reserve: reserve took 13.55 ms, sched copies = 1
CUDA Graph id 20415 reused
ggml_backend_cuda_graph_compute: CUDA graph warmup complete
ggml_backend_cuda_graph_compute: CUDA graph warmup reset
CUDA Graph id 20418 reused
ggml_backend_cuda_graph_compute: CUDA graph warmup complete
CUDA Graph id 20418 reused
CUDA Graph id 20418 reused
CUDA Graph id 20418 reused
CUDA Graph id 20418 reused
CUDA Graph id 20418 reused
CUDA Graph id 20418 reused
CUDA Graph id 20418 reused
CUDA Graph id 20418 reused
CUDA Graph id 20418 reused
CUDA Graph id 20418 reused
CUDA Graph id 20418 reused
CUDA Graph id 20418 reused
CUDA Graph id 20418 reused
CUDA Graph id 20418 reused
CUDA Graph id 20418 reused
CUDA Graph id 20418 reused
CUDA Graph id 20418 reused
CUDA Graph id 20418 reused
CUDA Graph id 20418 reused
CUDA Graph id 20418 reused
CUDA Graph id 20418 reused
CUDA Graph id 20418 reused
CUDA Graph id 20418 reused
CUDA Graph id 20418 reused
CUDA Graph id 20418 reused
CUDA Graph id 20418 reused
CUDA Graph id 20418 reused
CUDA Graph id 20418 reused
CUDA Graph id 20418 reused
CUDA Graph id 20418 reused
CUDA Graph id 20418 reused
CUDA Graph id 20418 reused
CUDA Graph id 20418 reused
CUDA Graph id 20418 reused
CUDA Graph id 20418 reused
CUDA Graph id 20418 reused
CUDA Graph id 20418 reused
CUDA Graph id 20418 reused
CUDA Graph id 20418 reused
~llama_context:      CUDA0 compute buffer size is 304.0000 MiB, matches expectation of 304.0000 MiB
~llama_context:  CUDA_Host compute buffer size is  15.0137 MiB, matches expectation of  15.0137 MiB
llama_context: constructing llama_context
llama_context: n_seq_max     = 1
llama_context: n_ctx         = 1024
llama_context: n_ctx_seq     = 1024
llama_context: n_batch       = 774
llama_context: n_ubatch      = 512
llama_context: causal_attn   = 1
llama_context: flash_attn    = auto
llama_context: kv_unified    = false
llama_context: freq_base     = 1000000.0
llama_context: freq_scale    = 1
llama_context: n_rs_seq      = 0
llama_context: n_outputs_max = 774
llama_context: n_ctx_seq (1024) < n_ctx_train (32768) -- the full capacity of the model will not be utilized
set_abort_callback: call
llama_context:  CUDA_Host  output buffer size =     0.58 MiB
llama_kv_cache: layer   0: dev = CPU
llama_kv_cache: layer   1: dev = CPU
llama_kv_cache: layer   2: dev = CPU
llama_kv_cache: layer   3: dev = CUDA0
llama_kv_cache: layer   4: dev = CUDA0
llama_kv_cache: layer   5: dev = CUDA0
llama_kv_cache: layer   6: dev = CUDA0
llama_kv_cache: layer   7: dev = CUDA0
llama_kv_cache: layer   8: dev = CUDA0
llama_kv_cache: layer   9: dev = CUDA0
llama_kv_cache: layer  10: dev = CUDA0
llama_kv_cache: layer  11: dev = CUDA0
llama_kv_cache: layer  12: dev = CUDA0
llama_kv_cache: layer  13: dev = CUDA0
llama_kv_cache: layer  14: dev = CUDA0
llama_kv_cache: layer  15: dev = CUDA0
llama_kv_cache: layer  16: dev = CUDA0
llama_kv_cache: layer  17: dev = CUDA0
llama_kv_cache: layer  18: dev = CUDA0
llama_kv_cache: layer  19: dev = CUDA0
llama_kv_cache: layer  20: dev = CUDA0
llama_kv_cache: layer  21: dev = CUDA0
llama_kv_cache: layer  22: dev = CUDA0
llama_kv_cache: layer  23: dev = CUDA0
llama_kv_cache: layer  24: dev = CUDA0
llama_kv_cache: layer  25: dev = CUDA0
llama_kv_cache: layer  26: dev = CUDA0
llama_kv_cache: layer  27: dev = CUDA0
llama_kv_cache:        CPU KV buffer size =     6.00 MiB
llama_kv_cache:      CUDA0 KV buffer size =    50.00 MiB
llama_kv_cache: size =   56.00 MiB (  1024 cells,  28 layers,  1/1 seqs), K (f16):   28.00 MiB, V (f16):   28.00 MiB
llama_kv_cache: attn_rot_k = 0, n_embd_head_k_all = 128
llama_kv_cache: attn_rot_v = 0, n_embd_head_k_all = 128
llama_context: enumerating backends
llama_context: backend_ptrs.size() = 2
sched_reserve: reserving ...
sched_reserve: max_nodes = 2712
sched_reserve: reserving full memory module
sched_reserve: worst-case: n_tokens = 512, n_seqs = 1, n_outputs = 1
graph_reserve: reserving a graph for ubatch with n_tokens =    1, n_seqs =  1, n_outputs =    1
sched_reserve: Flash Attention was auto, set to enabled
sched_reserve: resolving fused Gated Delta Net support:
graph_reserve: reserving a graph for ubatch with n_tokens =    1, n_seqs =  1, n_outputs =    1
sched_reserve: fused Gated Delta Net (autoregressive) enabled
graph_reserve: reserving a graph for ubatch with n_tokens =   16, n_seqs =  1, n_outputs =   16
sched_reserve: fused Gated Delta Net (chunked) enabled
graph_reserve: reserving a graph for ubatch with n_tokens =  512, n_seqs =  1, n_outputs =  512
graph_reserve: reserving a graph for ubatch with n_tokens =    1, n_seqs =  1, n_outputs =    1
graph_reserve: reserving a graph for ubatch with n_tokens =  512, n_seqs =  1, n_outputs =  512
sched_reserve:      CUDA0 compute buffer size =   304.00 MiB
sched_reserve:  CUDA_Host compute buffer size =    15.01 MiB
sched_reserve: graph nodes  = 958
sched_reserve: graph splits = 44 (with bs=512), 2 (with bs=1)
sched_reserve: reserve took 16.44 ms, sched copies = 1
CUDA Graph id 20568 reused
ggml_backend_cuda_graph_compute: CUDA graph warmup complete
ggml_backend_cuda_graph_compute: CUDA graph warmup reset
CUDA Graph id 20571 reused
ggml_backend_cuda_graph_compute: CUDA graph warmup complete
CUDA Graph id 20571 reused
CUDA Graph id 20571 reused
CUDA Graph id 20571 reused
CUDA Graph id 20571 reused
CUDA Graph id 20571 reused
CUDA Graph id 20571 reused
CUDA Graph id 20571 reused
CUDA Graph id 20571 reused
CUDA Graph id 20571 reused
CUDA Graph id 20571 reused
CUDA Graph id 20571 reused
CUDA Graph id 20571 reused
CUDA Graph id 20571 reused
CUDA Graph id 20571 reused
CUDA Graph id 20571 reused
CUDA Graph id 20571 reused
CUDA Graph id 20571 reused
CUDA Graph id 20571 reused
CUDA Graph id 20571 reused
CUDA Graph id 20571 reused
CUDA Graph id 20571 reused
CUDA Graph id 20571 reused
CUDA Graph id 20571 reused
CUDA Graph id 20571 reused
CUDA Graph id 20571 reused
CUDA Graph id 20571 reused
CUDA Graph id 20571 reused
CUDA Graph id 20571 reused
CUDA Graph id 20571 reused
CUDA Graph id 20571 reused
CUDA Graph id 20571 reused
CUDA Graph id 20571 reused
CUDA Graph id 20571 reused
CUDA Graph id 20571 reused
CUDA Graph id 20571 reused
CUDA Graph id 20571 reused
CUDA Graph id 20571 reused
CUDA Graph id 20571 reused
CUDA Graph id 20571 reused
~llama_context:      CUDA0 compute buffer size is 304.0000 MiB, matches expectation of 304.0000 MiB
~llama_context:  CUDA_Host compute buffer size is  15.0137 MiB, matches expectation of  15.0137 MiB
llama_context: constructing llama_context
llama_context: n_seq_max     = 1
llama_context: n_ctx         = 1024
llama_context: n_ctx_seq     = 1024
llama_context: n_batch       = 774
llama_context: n_ubatch      = 512
llama_context: causal_attn   = 1
llama_context: flash_attn    = auto
llama_context: kv_unified    = false
llama_context: freq_base     = 1000000.0
llama_context: freq_scale    = 1
llama_context: n_rs_seq      = 0
llama_context: n_outputs_max = 774
llama_context: n_ctx_seq (1024) < n_ctx_train (32768) -- the full capacity of the model will not be utilized
set_abort_callback: call
llama_context:  CUDA_Host  output buffer size =     0.58 MiB
llama_kv_cache: layer   0: dev = CPU
llama_kv_cache: layer   1: dev = CPU
llama_kv_cache: layer   2: dev = CPU
llama_kv_cache: layer   3: dev = CUDA0
llama_kv_cache: layer   4: dev = CUDA0
llama_kv_cache: layer   5: dev = CUDA0
llama_kv_cache: layer   6: dev = CUDA0
llama_kv_cache: layer   7: dev = CUDA0
llama_kv_cache: layer   8: dev = CUDA0
llama_kv_cache: layer   9: dev = CUDA0
llama_kv_cache: layer  10: dev = CUDA0
llama_kv_cache: layer  11: dev = CUDA0
llama_kv_cache: layer  12: dev = CUDA0
llama_kv_cache: layer  13: dev = CUDA0
llama_kv_cache: layer  14: dev = CUDA0
llama_kv_cache: layer  15: dev = CUDA0
llama_kv_cache: layer  16: dev = CUDA0
llama_kv_cache: layer  17: dev = CUDA0
llama_kv_cache: layer  18: dev = CUDA0
llama_kv_cache: layer  19: dev = CUDA0
llama_kv_cache: layer  20: dev = CUDA0
llama_kv_cache: layer  21: dev = CUDA0
llama_kv_cache: layer  22: dev = CUDA0
llama_kv_cache: layer  23: dev = CUDA0
llama_kv_cache: layer  24: dev = CUDA0
llama_kv_cache: layer  25: dev = CUDA0
llama_kv_cache: layer  26: dev = CUDA0
llama_kv_cache: layer  27: dev = CUDA0
llama_kv_cache:        CPU KV buffer size =     6.00 MiB
llama_kv_cache:      CUDA0 KV buffer size =    50.00 MiB
llama_kv_cache: size =   56.00 MiB (  1024 cells,  28 layers,  1/1 seqs), K (f16):   28.00 MiB, V (f16):   28.00 MiB
llama_kv_cache: attn_rot_k = 0, n_embd_head_k_all = 128
llama_kv_cache: attn_rot_v = 0, n_embd_head_k_all = 128
llama_context: enumerating backends
llama_context: backend_ptrs.size() = 2
sched_reserve: reserving ...
sched_reserve: max_nodes = 2712
sched_reserve: reserving full memory module
sched_reserve: worst-case: n_tokens = 512, n_seqs = 1, n_outputs = 1
graph_reserve: reserving a graph for ubatch with n_tokens =    1, n_seqs =  1, n_outputs =    1
sched_reserve: Flash Attention was auto, set to enabled
sched_reserve: resolving fused Gated Delta Net support:
graph_reserve: reserving a graph for ubatch with n_tokens =    1, n_seqs =  1, n_outputs =    1
sched_reserve: fused Gated Delta Net (autoregressive) enabled
graph_reserve: reserving a graph for ubatch with n_tokens =   16, n_seqs =  1, n_outputs =   16
sched_reserve: fused Gated Delta Net (chunked) enabled
graph_reserve: reserving a graph for ubatch with n_tokens =  512, n_seqs =  1, n_outputs =  512
graph_reserve: reserving a graph for ubatch with n_tokens =    1, n_seqs =  1, n_outputs =    1
graph_reserve: reserving a graph for ubatch with n_tokens =  512, n_seqs =  1, n_outputs =  512
sched_reserve:      CUDA0 compute buffer size =   304.00 MiB
sched_reserve:  CUDA_Host compute buffer size =    15.01 MiB
sched_reserve: graph nodes  = 958
sched_reserve: graph splits = 44 (with bs=512), 2 (with bs=1)
sched_reserve: reserve took 13.86 ms, sched copies = 1
CUDA Graph id 20721 reused
ggml_backend_cuda_graph_compute: CUDA graph warmup complete
ggml_backend_cuda_graph_compute: CUDA graph warmup reset
CUDA Graph id 20724 reused
ggml_backend_cuda_graph_compute: CUDA graph warmup complete
CUDA Graph id 20724 reused
CUDA Graph id 20724 reused
CUDA Graph id 20724 reused
CUDA Graph id 20724 reused
CUDA Graph id 20724 reused
CUDA Graph id 20724 reused
CUDA Graph id 20724 reused
CUDA Graph id 20724 reused
CUDA Graph id 20724 reused
CUDA Graph id 20724 reused
CUDA Graph id 20724 reused
CUDA Graph id 20724 reused
CUDA Graph id 20724 reused
CUDA Graph id 20724 reused
CUDA Graph id 20724 reused
CUDA Graph id 20724 reused
CUDA Graph id 20724 reused
CUDA Graph id 20724 reused
CUDA Graph id 20724 reused
CUDA Graph id 20724 reused
CUDA Graph id 20724 reused
CUDA Graph id 20724 reused
CUDA Graph id 20724 reused
CUDA Graph id 20724 reused
CUDA Graph id 20724 reused
CUDA Graph id 20724 reused
CUDA Graph id 20724 reused
CUDA Graph id 20724 reused
CUDA Graph id 20724 reused
CUDA Graph id 20724 reused
CUDA Graph id 20724 reused
CUDA Graph id 20724 reused
CUDA Graph id 20724 reused
CUDA Graph id 20724 reused
CUDA Graph id 20724 reused
CUDA Graph id 20724 reused
CUDA Graph id 20724 reused
CUDA Graph id 20724 reused
CUDA Graph id 20724 reused
~llama_context:      CUDA0 compute buffer size is 304.0000 MiB, matches expectation of 304.0000 MiB
~llama_context:  CUDA_Host compute buffer size is  15.0137 MiB, matches expectation of  15.0137 MiB
llama_context: constructing llama_context
llama_context: n_seq_max     = 1
llama_context: n_ctx         = 1024
llama_context: n_ctx_seq     = 1024
llama_context: n_batch       = 774
llama_context: n_ubatch      = 512
llama_context: causal_attn   = 1
llama_context: flash_attn    = auto
llama_context: kv_unified    = false
llama_context: freq_base     = 1000000.0
llama_context: freq_scale    = 1
llama_context: n_rs_seq      = 0
llama_context: n_outputs_max = 774
llama_context: n_ctx_seq (1024) < n_ctx_train (32768) -- the full capacity of the model will not be utilized
set_abort_callback: call
llama_context:  CUDA_Host  output buffer size =     0.58 MiB
llama_kv_cache: layer   0: dev = CPU
llama_kv_cache: layer   1: dev = CPU
llama_kv_cache: layer   2: dev = CPU
llama_kv_cache: layer   3: dev = CUDA0
llama_kv_cache: layer   4: dev = CUDA0
llama_kv_cache: layer   5: dev = CUDA0
llama_kv_cache: layer   6: dev = CUDA0
llama_kv_cache: layer   7: dev = CUDA0
llama_kv_cache: layer   8: dev = CUDA0
llama_kv_cache: layer   9: dev = CUDA0
llama_kv_cache: layer  10: dev = CUDA0
llama_kv_cache: layer  11: dev = CUDA0
llama_kv_cache: layer  12: dev = CUDA0
llama_kv_cache: layer  13: dev = CUDA0
llama_kv_cache: layer  14: dev = CUDA0
llama_kv_cache: layer  15: dev = CUDA0
llama_kv_cache: layer  16: dev = CUDA0
llama_kv_cache: layer  17: dev = CUDA0
llama_kv_cache: layer  18: dev = CUDA0
llama_kv_cache: layer  19: dev = CUDA0
llama_kv_cache: layer  20: dev = CUDA0
llama_kv_cache: layer  21: dev = CUDA0
llama_kv_cache: layer  22: dev = CUDA0
llama_kv_cache: layer  23: dev = CUDA0
llama_kv_cache: layer  24: dev = CUDA0
llama_kv_cache: layer  25: dev = CUDA0
llama_kv_cache: layer  26: dev = CUDA0
llama_kv_cache: layer  27: dev = CUDA0
llama_kv_cache:        CPU KV buffer size =     6.00 MiB
llama_kv_cache:      CUDA0 KV buffer size =    50.00 MiB
llama_kv_cache: size =   56.00 MiB (  1024 cells,  28 layers,  1/1 seqs), K (f16):   28.00 MiB, V (f16):   28.00 MiB
llama_kv_cache: attn_rot_k = 0, n_embd_head_k_all = 128
llama_kv_cache: attn_rot_v = 0, n_embd_head_k_all = 128
llama_context: enumerating backends
llama_context: backend_ptrs.size() = 2
sched_reserve: reserving ...
sched_reserve: max_nodes = 2712
sched_reserve: reserving full memory module
sched_reserve: worst-case: n_tokens = 512, n_seqs = 1, n_outputs = 1
graph_reserve: reserving a graph for ubatch with n_tokens =    1, n_seqs =  1, n_outputs =    1
sched_reserve: Flash Attention was auto, set to enabled
sched_reserve: resolving fused Gated Delta Net support:
graph_reserve: reserving a graph for ubatch with n_tokens =    1, n_seqs =  1, n_outputs =    1
sched_reserve: fused Gated Delta Net (autoregressive) enabled
graph_reserve: reserving a graph for ubatch with n_tokens =   16, n_seqs =  1, n_outputs =   16
sched_reserve: fused Gated Delta Net (chunked) enabled
graph_reserve: reserving a graph for ubatch with n_tokens =  512, n_seqs =  1, n_outputs =  512
graph_reserve: reserving a graph for ubatch with n_tokens =    1, n_seqs =  1, n_outputs =    1
graph_reserve: reserving a graph for ubatch with n_tokens =  512, n_seqs =  1, n_outputs =  512
sched_reserve:      CUDA0 compute buffer size =   304.00 MiB
sched_reserve:  CUDA_Host compute buffer size =    15.01 MiB
sched_reserve: graph nodes  = 958
sched_reserve: graph splits = 44 (with bs=512), 2 (with bs=1)
sched_reserve: reserve took 13.38 ms, sched copies = 1
CUDA Graph id 20874 reused
ggml_backend_cuda_graph_compute: CUDA graph warmup complete
ggml_backend_cuda_graph_compute: CUDA graph warmup reset
CUDA Graph id 20877 reused
ggml_backend_cuda_graph_compute: CUDA graph warmup complete
CUDA Graph id 20877 reused
CUDA Graph id 20877 reused
CUDA Graph id 20877 reused
CUDA Graph id 20877 reused
CUDA Graph id 20877 reused
CUDA Graph id 20877 reused
CUDA Graph id 20877 reused
CUDA Graph id 20877 reused
CUDA Graph id 20877 reused
CUDA Graph id 20877 reused
CUDA Graph id 20877 reused
~llama_context:      CUDA0 compute buffer size is 304.0000 MiB, matches expectation of 304.0000 MiB
~llama_context:  CUDA_Host compute buffer size is  15.0137 MiB, matches expectation of  15.0137 MiB
llama_context: constructing llama_context
llama_context: n_seq_max     = 1
llama_context: n_ctx         = 1024
llama_context: n_ctx_seq     = 1024
llama_context: n_batch       = 774
llama_context: n_ubatch      = 512
llama_context: causal_attn   = 1
llama_context: flash_attn    = auto
llama_context: kv_unified    = false
llama_context: freq_base     = 1000000.0
llama_context: freq_scale    = 1
llama_context: n_rs_seq      = 0
llama_context: n_outputs_max = 774
llama_context: n_ctx_seq (1024) < n_ctx_train (32768) -- the full capacity of the model will not be utilized
set_abort_callback: call
llama_context:  CUDA_Host  output buffer size =     0.58 MiB
llama_kv_cache: layer   0: dev = CPU
llama_kv_cache: layer   1: dev = CPU
llama_kv_cache: layer   2: dev = CPU
llama_kv_cache: layer   3: dev = CUDA0
llama_kv_cache: layer   4: dev = CUDA0
llama_kv_cache: layer   5: dev = CUDA0
llama_kv_cache: layer   6: dev = CUDA0
llama_kv_cache: layer   7: dev = CUDA0
llama_kv_cache: layer   8: dev = CUDA0
llama_kv_cache: layer   9: dev = CUDA0
llama_kv_cache: layer  10: dev = CUDA0
llama_kv_cache: layer  11: dev = CUDA0
llama_kv_cache: layer  12: dev = CUDA0
llama_kv_cache: layer  13: dev = CUDA0
llama_kv_cache: layer  14: dev = CUDA0
llama_kv_cache: layer  15: dev = CUDA0
llama_kv_cache: layer  16: dev = CUDA0
llama_kv_cache: layer  17: dev = CUDA0
llama_kv_cache: layer  18: dev = CUDA0
llama_kv_cache: layer  19: dev = CUDA0
llama_kv_cache: layer  20: dev = CUDA0
llama_kv_cache: layer  21: dev = CUDA0
llama_kv_cache: layer  22: dev = CUDA0
llama_kv_cache: layer  23: dev = CUDA0
llama_kv_cache: layer  24: dev = CUDA0
llama_kv_cache: layer  25: dev = CUDA0
llama_kv_cache: layer  26: dev = CUDA0
llama_kv_cache: layer  27: dev = CUDA0
llama_kv_cache:        CPU KV buffer size =     6.00 MiB
llama_kv_cache:      CUDA0 KV buffer size =    50.00 MiB
llama_kv_cache: size =   56.00 MiB (  1024 cells,  28 layers,  1/1 seqs), K (f16):   28.00 MiB, V (f16):   28.00 MiB
llama_kv_cache: attn_rot_k = 0, n_embd_head_k_all = 128
llama_kv_cache: attn_rot_v = 0, n_embd_head_k_all = 128
llama_context: enumerating backends
llama_context: backend_ptrs.size() = 2
sched_reserve: reserving ...
sched_reserve: max_nodes = 2712
sched_reserve: reserving full memory module
sched_reserve: worst-case: n_tokens = 512, n_seqs = 1, n_outputs = 1
graph_reserve: reserving a graph for ubatch with n_tokens =    1, n_seqs =  1, n_outputs =    1
sched_reserve: Flash Attention was auto, set to enabled
sched_reserve: resolving fused Gated Delta Net support:
graph_reserve: reserving a graph for ubatch with n_tokens =    1, n_seqs =  1, n_outputs =    1
sched_reserve: fused Gated Delta Net (autoregressive) enabled
graph_reserve: reserving a graph for ubatch with n_tokens =   16, n_seqs =  1, n_outputs =   16
sched_reserve: fused Gated Delta Net (chunked) enabled
graph_reserve: reserving a graph for ubatch with n_tokens =  512, n_seqs =  1, n_outputs =  512
graph_reserve: reserving a graph for ubatch with n_tokens =    1, n_seqs =  1, n_outputs =    1
graph_reserve: reserving a graph for ubatch with n_tokens =  512, n_seqs =  1, n_outputs =  512
sched_reserve:      CUDA0 compute buffer size =   304.00 MiB
sched_reserve:  CUDA_Host compute buffer size =    15.01 MiB
sched_reserve: graph nodes  = 958
sched_reserve: graph splits = 44 (with bs=512), 2 (with bs=1)
sched_reserve: reserve took 12.91 ms, sched copies = 1
CUDA Graph id 21027 reused
ggml_backend_cuda_graph_compute: CUDA graph warmup complete
ggml_backend_cuda_graph_compute: CUDA graph warmup reset
CUDA Graph id 21030 reused
ggml_backend_cuda_graph_compute: CUDA graph warmup complete
CUDA Graph id 21030 reused
CUDA Graph id 21030 reused
CUDA Graph id 21030 reused
CUDA Graph id 21030 reused
CUDA Graph id 21030 reused
CUDA Graph id 21030 reused
CUDA Graph id 21030 reused
CUDA Graph id 21030 reused
CUDA Graph id 21030 reused
CUDA Graph id 21030 reused
CUDA Graph id 21030 reused
CUDA Graph id 21030 reused
CUDA Graph id 21030 reused
CUDA Graph id 21030 reused
CUDA Graph id 21030 reused
CUDA Graph id 21030 reused
CUDA Graph id 21030 reused
CUDA Graph id 21030 reused
CUDA Graph id 21030 reused
CUDA Graph id 21030 reused
~llama_context:      CUDA0 compute buffer size is 304.0000 MiB, matches expectation of 304.0000 MiB
~llama_context:  CUDA_Host compute buffer size is  15.0137 MiB, matches expectation of  15.0137 MiB
schema 173/175 done
llama_context: constructing llama_context
llama_context: n_seq_max     = 1
llama_context: n_ctx         = 768
llama_context: n_ctx_seq     = 768
llama_context: n_batch       = 727
llama_context: n_ubatch      = 512
llama_context: causal_attn   = 1
llama_context: flash_attn    = auto
llama_context: kv_unified    = false
llama_context: freq_base     = 1000000.0
llama_context: freq_scale    = 1
llama_context: n_rs_seq      = 0
llama_context: n_outputs_max = 727
llama_context: n_ctx_seq (768) < n_ctx_train (32768) -- the full capacity of the model will not be utilized
set_abort_callback: call
llama_context:  CUDA_Host  output buffer size =     0.58 MiB
llama_kv_cache: layer   0: dev = CPU
llama_kv_cache: layer   1: dev = CPU
llama_kv_cache: layer   2: dev = CPU
llama_kv_cache: layer   3: dev = CUDA0
llama_kv_cache: layer   4: dev = CUDA0
llama_kv_cache: layer   5: dev = CUDA0
llama_kv_cache: layer   6: dev = CUDA0
llama_kv_cache: layer   7: dev = CUDA0
llama_kv_cache: layer   8: dev = CUDA0
llama_kv_cache: layer   9: dev = CUDA0
llama_kv_cache: layer  10: dev = CUDA0
llama_kv_cache: layer  11: dev = CUDA0
llama_kv_cache: layer  12: dev = CUDA0
llama_kv_cache: layer  13: dev = CUDA0
llama_kv_cache: layer  14: dev = CUDA0
llama_kv_cache: layer  15: dev = CUDA0
llama_kv_cache: layer  16: dev = CUDA0
llama_kv_cache: layer  17: dev = CUDA0
llama_kv_cache: layer  18: dev = CUDA0
llama_kv_cache: layer  19: dev = CUDA0
llama_kv_cache: layer  20: dev = CUDA0
llama_kv_cache: layer  21: dev = CUDA0
llama_kv_cache: layer  22: dev = CUDA0
llama_kv_cache: layer  23: dev = CUDA0
llama_kv_cache: layer  24: dev = CUDA0
llama_kv_cache: layer  25: dev = CUDA0
llama_kv_cache: layer  26: dev = CUDA0
llama_kv_cache: layer  27: dev = CUDA0
llama_kv_cache:        CPU KV buffer size =     4.50 MiB
llama_kv_cache:      CUDA0 KV buffer size =    37.50 MiB
llama_kv_cache: size =   42.00 MiB (   768 cells,  28 layers,  1/1 seqs), K (f16):   21.00 MiB, V (f16):   21.00 MiB
llama_kv_cache: attn_rot_k = 0, n_embd_head_k_all = 128
llama_kv_cache: attn_rot_v = 0, n_embd_head_k_all = 128
llama_context: enumerating backends
llama_context: backend_ptrs.size() = 2
sched_reserve: reserving ...
sched_reserve: max_nodes = 2712
sched_reserve: reserving full memory module
sched_reserve: worst-case: n_tokens = 512, n_seqs = 1, n_outputs = 1
graph_reserve: reserving a graph for ubatch with n_tokens =    1, n_seqs =  1, n_outputs =    1
sched_reserve: Flash Attention was auto, set to enabled
sched_reserve: resolving fused Gated Delta Net support:
graph_reserve: reserving a graph for ubatch with n_tokens =    1, n_seqs =  1, n_outputs =    1
sched_reserve: fused Gated Delta Net (autoregressive) enabled
graph_reserve: reserving a graph for ubatch with n_tokens =   16, n_seqs =  1, n_outputs =   16
sched_reserve: fused Gated Delta Net (chunked) enabled
graph_reserve: reserving a graph for ubatch with n_tokens =  512, n_seqs =  1, n_outputs =  512
graph_reserve: reserving a graph for ubatch with n_tokens =    1, n_seqs =  1, n_outputs =    1
graph_reserve: reserving a graph for ubatch with n_tokens =  512, n_seqs =  1, n_outputs =  512
sched_reserve:      CUDA0 compute buffer size =   304.00 MiB
sched_reserve:  CUDA_Host compute buffer size =    14.76 MiB
sched_reserve: graph nodes  = 958
sched_reserve: graph splits = 44 (with bs=512), 2 (with bs=1)
sched_reserve: reserve took 10.57 ms, sched copies = 1
CUDA Graph id 21180 reused
ggml_backend_cuda_graph_compute: CUDA graph warmup complete
CUDA Graph id 21180 reused
CUDA Graph id 21180 reused
CUDA Graph id 21180 reused
CUDA Graph id 21180 reused
CUDA Graph id 21180 reused
CUDA Graph id 21180 reused
CUDA Graph id 21180 reused
CUDA Graph id 21180 reused
CUDA Graph id 21180 reused
CUDA Graph id 21180 reused
CUDA Graph id 21180 reused
CUDA Graph id 21180 reused
CUDA Graph id 21180 reused
CUDA Graph id 21180 reused
CUDA Graph id 21180 reused
CUDA Graph id 21180 reused
CUDA Graph id 21180 reused
CUDA Graph id 21180 reused
CUDA Graph id 21180 reused
CUDA Graph id 21180 reused
CUDA Graph id 21180 reused
CUDA Graph id 21180 reused
CUDA Graph id 21180 reused
CUDA Graph id 21180 reused
CUDA Graph id 21180 reused
CUDA Graph id 21180 reused
CUDA Graph id 21180 reused
CUDA Graph id 21180 reused
CUDA Graph id 21180 reused
CUDA Graph id 21180 reused
CUDA Graph id 21180 reused
CUDA Graph id 21180 reused
CUDA Graph id 21180 reused
CUDA Graph id 21180 reused
CUDA Graph id 21180 reused
CUDA Graph id 21180 reused
CUDA Graph id 21180 reused
CUDA Graph id 21180 reused
CUDA Graph id 21180 reused
CUDA Graph id 21180 reused
CUDA Graph id 21180 reused
CUDA Graph id 21180 reused
CUDA Graph id 21180 reused
CUDA Graph id 21180 reused
CUDA Graph id 21180 reused
CUDA Graph id 21180 reused
CUDA Graph id 21180 reused
ggml_backend_cuda_graph_compute: CUDA graph warmup reset
CUDA Graph id 21183 reused
ggml_backend_cuda_graph_compute: CUDA graph warmup complete
CUDA Graph id 21183 reused
CUDA Graph id 21183 reused
CUDA Graph id 21183 reused
CUDA Graph id 21183 reused
CUDA Graph id 21183 reused
~llama_context:      CUDA0 compute buffer size is 304.0000 MiB, matches expectation of 304.0000 MiB
~llama_context:  CUDA_Host compute buffer size is  14.7637 MiB, matches expectation of  14.7637 MiB
llama_context: constructing llama_context
llama_context: n_seq_max     = 1
llama_context: n_ctx         = 768
llama_context: n_ctx_seq     = 768
llama_context: n_batch       = 727
llama_context: n_ubatch      = 512
llama_context: causal_attn   = 1
llama_context: flash_attn    = auto
llama_context: kv_unified    = false
llama_context: freq_base     = 1000000.0
llama_context: freq_scale    = 1
llama_context: n_rs_seq      = 0
llama_context: n_outputs_max = 727
llama_context: n_ctx_seq (768) < n_ctx_train (32768) -- the full capacity of the model will not be utilized
set_abort_callback: call
llama_context:  CUDA_Host  output buffer size =     0.58 MiB
llama_kv_cache: layer   0: dev = CPU
llama_kv_cache: layer   1: dev = CPU
llama_kv_cache: layer   2: dev = CPU
llama_kv_cache: layer   3: dev = CUDA0
llama_kv_cache: layer   4: dev = CUDA0
llama_kv_cache: layer   5: dev = CUDA0
llama_kv_cache: layer   6: dev = CUDA0
llama_kv_cache: layer   7: dev = CUDA0
llama_kv_cache: layer   8: dev = CUDA0
llama_kv_cache: layer   9: dev = CUDA0
llama_kv_cache: layer  10: dev = CUDA0
llama_kv_cache: layer  11: dev = CUDA0
llama_kv_cache: layer  12: dev = CUDA0
llama_kv_cache: layer  13: dev = CUDA0
llama_kv_cache: layer  14: dev = CUDA0
llama_kv_cache: layer  15: dev = CUDA0
llama_kv_cache: layer  16: dev = CUDA0
llama_kv_cache: layer  17: dev = CUDA0
llama_kv_cache: layer  18: dev = CUDA0
llama_kv_cache: layer  19: dev = CUDA0
llama_kv_cache: layer  20: dev = CUDA0
llama_kv_cache: layer  21: dev = CUDA0
llama_kv_cache: layer  22: dev = CUDA0
llama_kv_cache: layer  23: dev = CUDA0
llama_kv_cache: layer  24: dev = CUDA0
llama_kv_cache: layer  25: dev = CUDA0
llama_kv_cache: layer  26: dev = CUDA0
llama_kv_cache: layer  27: dev = CUDA0
llama_kv_cache:        CPU KV buffer size =     4.50 MiB
llama_kv_cache:      CUDA0 KV buffer size =    37.50 MiB
llama_kv_cache: size =   42.00 MiB (   768 cells,  28 layers,  1/1 seqs), K (f16):   21.00 MiB, V (f16):   21.00 MiB
llama_kv_cache: attn_rot_k = 0, n_embd_head_k_all = 128
llama_kv_cache: attn_rot_v = 0, n_embd_head_k_all = 128
llama_context: enumerating backends
llama_context: backend_ptrs.size() = 2
sched_reserve: reserving ...
sched_reserve: max_nodes = 2712
sched_reserve: reserving full memory module
sched_reserve: worst-case: n_tokens = 512, n_seqs = 1, n_outputs = 1
graph_reserve: reserving a graph for ubatch with n_tokens =    1, n_seqs =  1, n_outputs =    1
sched_reserve: Flash Attention was auto, set to enabled
sched_reserve: resolving fused Gated Delta Net support:
graph_reserve: reserving a graph for ubatch with n_tokens =    1, n_seqs =  1, n_outputs =    1
sched_reserve: fused Gated Delta Net (autoregressive) enabled
graph_reserve: reserving a graph for ubatch with n_tokens =   16, n_seqs =  1, n_outputs =   16
sched_reserve: fused Gated Delta Net (chunked) enabled
graph_reserve: reserving a graph for ubatch with n_tokens =  512, n_seqs =  1, n_outputs =  512
graph_reserve: reserving a graph for ubatch with n_tokens =    1, n_seqs =  1, n_outputs =    1
graph_reserve: reserving a graph for ubatch with n_tokens =  512, n_seqs =  1, n_outputs =  512
sched_reserve:      CUDA0 compute buffer size =   304.00 MiB
sched_reserve:  CUDA_Host compute buffer size =    14.76 MiB
sched_reserve: graph nodes  = 958
sched_reserve: graph splits = 44 (with bs=512), 2 (with bs=1)
sched_reserve: reserve took 12.49 ms, sched copies = 1
CUDA Graph id 21333 reused
ggml_backend_cuda_graph_compute: CUDA graph warmup complete
CUDA Graph id 21333 reused
CUDA Graph id 21333 reused
CUDA Graph id 21333 reused
CUDA Graph id 21333 reused
CUDA Graph id 21333 reused
CUDA Graph id 21333 reused
CUDA Graph id 21333 reused
CUDA Graph id 21333 reused
CUDA Graph id 21333 reused
CUDA Graph id 21333 reused
CUDA Graph id 21333 reused
CUDA Graph id 21333 reused
CUDA Graph id 21333 reused
CUDA Graph id 21333 reused
CUDA Graph id 21333 reused
CUDA Graph id 21333 reused
CUDA Graph id 21333 reused
CUDA Graph id 21333 reused
CUDA Graph id 21333 reused
CUDA Graph id 21333 reused
CUDA Graph id 21333 reused
CUDA Graph id 21333 reused
CUDA Graph id 21333 reused
CUDA Graph id 21333 reused
CUDA Graph id 21333 reused
CUDA Graph id 21333 reused
CUDA Graph id 21333 reused
CUDA Graph id 21333 reused
CUDA Graph id 21333 reused
CUDA Graph id 21333 reused
CUDA Graph id 21333 reused
CUDA Graph id 21333 reused
CUDA Graph id 21333 reused
CUDA Graph id 21333 reused
CUDA Graph id 21333 reused
CUDA Graph id 21333 reused
CUDA Graph id 21333 reused
CUDA Graph id 21333 reused
CUDA Graph id 21333 reused
CUDA Graph id 21333 reused
CUDA Graph id 21333 reused
CUDA Graph id 21333 reused
CUDA Graph id 21333 reused
CUDA Graph id 21333 reused
CUDA Graph id 21333 reused
CUDA Graph id 21333 reused
CUDA Graph id 21333 reused
ggml_backend_cuda_graph_compute: CUDA graph warmup reset
CUDA Graph id 21336 reused
ggml_backend_cuda_graph_compute: CUDA graph warmup complete
CUDA Graph id 21336 reused
CUDA Graph id 21336 reused
CUDA Graph id 21336 reused
CUDA Graph id 21336 reused
CUDA Graph id 21336 reused
~llama_context:      CUDA0 compute buffer size is 304.0000 MiB, matches expectation of 304.0000 MiB
~llama_context:  CUDA_Host compute buffer size is  14.7637 MiB, matches expectation of  14.7637 MiB
llama_context: constructing llama_context
llama_context: n_seq_max     = 1
llama_context: n_ctx         = 768
llama_context: n_ctx_seq     = 768
llama_context: n_batch       = 727
llama_context: n_ubatch      = 512
llama_context: causal_attn   = 1
llama_context: flash_attn    = auto
llama_context: kv_unified    = false
llama_context: freq_base     = 1000000.0
llama_context: freq_scale    = 1
llama_context: n_rs_seq      = 0
llama_context: n_outputs_max = 727
llama_context: n_ctx_seq (768) < n_ctx_train (32768) -- the full capacity of the model will not be utilized
set_abort_callback: call
llama_context:  CUDA_Host  output buffer size =     0.58 MiB
llama_kv_cache: layer   0: dev = CPU
llama_kv_cache: layer   1: dev = CPU
llama_kv_cache: layer   2: dev = CPU
llama_kv_cache: layer   3: dev = CUDA0
llama_kv_cache: layer   4: dev = CUDA0
llama_kv_cache: layer   5: dev = CUDA0
llama_kv_cache: layer   6: dev = CUDA0
llama_kv_cache: layer   7: dev = CUDA0
llama_kv_cache: layer   8: dev = CUDA0
llama_kv_cache: layer   9: dev = CUDA0
llama_kv_cache: layer  10: dev = CUDA0
llama_kv_cache: layer  11: dev = CUDA0
llama_kv_cache: layer  12: dev = CUDA0
llama_kv_cache: layer  13: dev = CUDA0
llama_kv_cache: layer  14: dev = CUDA0
llama_kv_cache: layer  15: dev = CUDA0
llama_kv_cache: layer  16: dev = CUDA0
llama_kv_cache: layer  17: dev = CUDA0
llama_kv_cache: layer  18: dev = CUDA0
llama_kv_cache: layer  19: dev = CUDA0
llama_kv_cache: layer  20: dev = CUDA0
llama_kv_cache: layer  21: dev = CUDA0
llama_kv_cache: layer  22: dev = CUDA0
llama_kv_cache: layer  23: dev = CUDA0
llama_kv_cache: layer  24: dev = CUDA0
llama_kv_cache: layer  25: dev = CUDA0
llama_kv_cache: layer  26: dev = CUDA0
llama_kv_cache: layer  27: dev = CUDA0
llama_kv_cache:        CPU KV buffer size =     4.50 MiB
llama_kv_cache:      CUDA0 KV buffer size =    37.50 MiB
llama_kv_cache: size =   42.00 MiB (   768 cells,  28 layers,  1/1 seqs), K (f16):   21.00 MiB, V (f16):   21.00 MiB
llama_kv_cache: attn_rot_k = 0, n_embd_head_k_all = 128
llama_kv_cache: attn_rot_v = 0, n_embd_head_k_all = 128
llama_context: enumerating backends
llama_context: backend_ptrs.size() = 2
sched_reserve: reserving ...
sched_reserve: max_nodes = 2712
sched_reserve: reserving full memory module
sched_reserve: worst-case: n_tokens = 512, n_seqs = 1, n_outputs = 1
graph_reserve: reserving a graph for ubatch with n_tokens =    1, n_seqs =  1, n_outputs =    1
sched_reserve: Flash Attention was auto, set to enabled
sched_reserve: resolving fused Gated Delta Net support:
graph_reserve: reserving a graph for ubatch with n_tokens =    1, n_seqs =  1, n_outputs =    1
sched_reserve: fused Gated Delta Net (autoregressive) enabled
graph_reserve: reserving a graph for ubatch with n_tokens =   16, n_seqs =  1, n_outputs =   16
sched_reserve: fused Gated Delta Net (chunked) enabled
graph_reserve: reserving a graph for ubatch with n_tokens =  512, n_seqs =  1, n_outputs =  512
graph_reserve: reserving a graph for ubatch with n_tokens =    1, n_seqs =  1, n_outputs =    1
graph_reserve: reserving a graph for ubatch with n_tokens =  512, n_seqs =  1, n_outputs =  512
sched_reserve:      CUDA0 compute buffer size =   304.00 MiB
sched_reserve:  CUDA_Host compute buffer size =    14.76 MiB
sched_reserve: graph nodes  = 958
sched_reserve: graph splits = 44 (with bs=512), 2 (with bs=1)
sched_reserve: reserve took 10.76 ms, sched copies = 1
CUDA Graph id 21486 reused
ggml_backend_cuda_graph_compute: CUDA graph warmup complete
CUDA Graph id 21486 reused
CUDA Graph id 21486 reused
CUDA Graph id 21486 reused
CUDA Graph id 21486 reused
CUDA Graph id 21486 reused
CUDA Graph id 21486 reused
CUDA Graph id 21486 reused
CUDA Graph id 21486 reused
CUDA Graph id 21486 reused
CUDA Graph id 21486 reused
CUDA Graph id 21486 reused
CUDA Graph id 21486 reused
CUDA Graph id 21486 reused
CUDA Graph id 21486 reused
CUDA Graph id 21486 reused
CUDA Graph id 21486 reused
CUDA Graph id 21486 reused
CUDA Graph id 21486 reused
CUDA Graph id 21486 reused
CUDA Graph id 21486 reused
CUDA Graph id 21486 reused
CUDA Graph id 21486 reused
CUDA Graph id 21486 reused
CUDA Graph id 21486 reused
CUDA Graph id 21486 reused
CUDA Graph id 21486 reused
CUDA Graph id 21486 reused
CUDA Graph id 21486 reused
CUDA Graph id 21486 reused
CUDA Graph id 21486 reused
~llama_context:      CUDA0 compute buffer size is 304.0000 MiB, matches expectation of 304.0000 MiB
~llama_context:  CUDA_Host compute buffer size is  14.7637 MiB, matches expectation of  14.7637 MiB
llama_context: constructing llama_context
llama_context: n_seq_max     = 1
llama_context: n_ctx         = 768
llama_context: n_ctx_seq     = 768
llama_context: n_batch       = 727
llama_context: n_ubatch      = 512
llama_context: causal_attn   = 1
llama_context: flash_attn    = auto
llama_context: kv_unified    = false
llama_context: freq_base     = 1000000.0
llama_context: freq_scale    = 1
llama_context: n_rs_seq      = 0
llama_context: n_outputs_max = 727
llama_context: n_ctx_seq (768) < n_ctx_train (32768) -- the full capacity of the model will not be utilized
set_abort_callback: call
llama_context:  CUDA_Host  output buffer size =     0.58 MiB
llama_kv_cache: layer   0: dev = CPU
llama_kv_cache: layer   1: dev = CPU
llama_kv_cache: layer   2: dev = CPU
llama_kv_cache: layer   3: dev = CUDA0
llama_kv_cache: layer   4: dev = CUDA0
llama_kv_cache: layer   5: dev = CUDA0
llama_kv_cache: layer   6: dev = CUDA0
llama_kv_cache: layer   7: dev = CUDA0
llama_kv_cache: layer   8: dev = CUDA0
llama_kv_cache: layer   9: dev = CUDA0
llama_kv_cache: layer  10: dev = CUDA0
llama_kv_cache: layer  11: dev = CUDA0
llama_kv_cache: layer  12: dev = CUDA0
llama_kv_cache: layer  13: dev = CUDA0
llama_kv_cache: layer  14: dev = CUDA0
llama_kv_cache: layer  15: dev = CUDA0
llama_kv_cache: layer  16: dev = CUDA0
llama_kv_cache: layer  17: dev = CUDA0
llama_kv_cache: layer  18: dev = CUDA0
llama_kv_cache: layer  19: dev = CUDA0
llama_kv_cache: layer  20: dev = CUDA0
llama_kv_cache: layer  21: dev = CUDA0
llama_kv_cache: layer  22: dev = CUDA0
llama_kv_cache: layer  23: dev = CUDA0
llama_kv_cache: layer  24: dev = CUDA0
llama_kv_cache: layer  25: dev = CUDA0
llama_kv_cache: layer  26: dev = CUDA0
llama_kv_cache: layer  27: dev = CUDA0
llama_kv_cache:        CPU KV buffer size =     4.50 MiB
llama_kv_cache:      CUDA0 KV buffer size =    37.50 MiB
llama_kv_cache: size =   42.00 MiB (   768 cells,  28 layers,  1/1 seqs), K (f16):   21.00 MiB, V (f16):   21.00 MiB
llama_kv_cache: attn_rot_k = 0, n_embd_head_k_all = 128
llama_kv_cache: attn_rot_v = 0, n_embd_head_k_all = 128
llama_context: enumerating backends
llama_context: backend_ptrs.size() = 2
sched_reserve: reserving ...
sched_reserve: max_nodes = 2712
sched_reserve: reserving full memory module
sched_reserve: worst-case: n_tokens = 512, n_seqs = 1, n_outputs = 1
graph_reserve: reserving a graph for ubatch with n_tokens =    1, n_seqs =  1, n_outputs =    1
sched_reserve: Flash Attention was auto, set to enabled
sched_reserve: resolving fused Gated Delta Net support:
graph_reserve: reserving a graph for ubatch with n_tokens =    1, n_seqs =  1, n_outputs =    1
sched_reserve: fused Gated Delta Net (autoregressive) enabled
graph_reserve: reserving a graph for ubatch with n_tokens =   16, n_seqs =  1, n_outputs =   16
sched_reserve: fused Gated Delta Net (chunked) enabled
graph_reserve: reserving a graph for ubatch with n_tokens =  512, n_seqs =  1, n_outputs =  512
graph_reserve: reserving a graph for ubatch with n_tokens =    1, n_seqs =  1, n_outputs =    1
graph_reserve: reserving a graph for ubatch with n_tokens =  512, n_seqs =  1, n_outputs =  512
sched_reserve:      CUDA0 compute buffer size =   304.00 MiB
sched_reserve:  CUDA_Host compute buffer size =    14.76 MiB
sched_reserve: graph nodes  = 958
sched_reserve: graph splits = 44 (with bs=512), 2 (with bs=1)
sched_reserve: reserve took 18.84 ms, sched copies = 1
CUDA Graph id 21636 reused
ggml_backend_cuda_graph_compute: CUDA graph warmup complete
CUDA Graph id 21636 reused
CUDA Graph id 21636 reused
CUDA Graph id 21636 reused
CUDA Graph id 21636 reused
CUDA Graph id 21636 reused
CUDA Graph id 21636 reused
CUDA Graph id 21636 reused
CUDA Graph id 21636 reused
CUDA Graph id 21636 reused
CUDA Graph id 21636 reused
CUDA Graph id 21636 reused
CUDA Graph id 21636 reused
CUDA Graph id 21636 reused
CUDA Graph id 21636 reused
CUDA Graph id 21636 reused
CUDA Graph id 21636 reused
CUDA Graph id 21636 reused
CUDA Graph id 21636 reused
CUDA Graph id 21636 reused
CUDA Graph id 21636 reused
CUDA Graph id 21636 reused
CUDA Graph id 21636 reused
CUDA Graph id 21636 reused
CUDA Graph id 21636 reused
CUDA Graph id 21636 reused
CUDA Graph id 21636 reused
CUDA Graph id 21636 reused
CUDA Graph id 21636 reused
CUDA Graph id 21636 reused
CUDA Graph id 21636 reused
CUDA Graph id 21636 reused
CUDA Graph id 21636 reused
CUDA Graph id 21636 reused
CUDA Graph id 21636 reused
CUDA Graph id 21636 reused
CUDA Graph id 21636 reused
CUDA Graph id 21636 reused
CUDA Graph id 21636 reused
CUDA Graph id 21636 reused
CUDA Graph id 21636 reused
CUDA Graph id 21636 reused
CUDA Graph id 21636 reused
CUDA Graph id 21636 reused
CUDA Graph id 21636 reused
CUDA Graph id 21636 reused
CUDA Graph id 21636 reused
CUDA Graph id 21636 reused
ggml_backend_cuda_graph_compute: CUDA graph warmup reset
CUDA Graph id 21639 reused
ggml_backend_cuda_graph_compute: CUDA graph warmup complete
CUDA Graph id 21639 reused
CUDA Graph id 21639 reused
CUDA Graph id 21639 reused
CUDA Graph id 21639 reused
CUDA Graph id 21639 reused
CUDA Graph id 21639 reused
CUDA Graph id 21639 reused
CUDA Graph id 21639 reused
CUDA Graph id 21639 reused
CUDA Graph id 21639 reused
CUDA Graph id 21639 reused
CUDA Graph id 21639 reused
CUDA Graph id 21639 reused
CUDA Graph id 21639 reused
CUDA Graph id 21639 reused
CUDA Graph id 21639 reused
CUDA Graph id 21639 reused
CUDA Graph id 21639 reused
CUDA Graph id 21639 reused
CUDA Graph id 21639 reused
CUDA Graph id 21639 reused
CUDA Graph id 21639 reused
CUDA Graph id 21639 reused
~llama_context:      CUDA0 compute buffer size is 304.0000 MiB, matches expectation of 304.0000 MiB
~llama_context:  CUDA_Host compute buffer size is  14.7637 MiB, matches expectation of  14.7637 MiB
llama_context: constructing llama_context
llama_context: n_seq_max     = 1
llama_context: n_ctx         = 768
llama_context: n_ctx_seq     = 768
llama_context: n_batch       = 727
llama_context: n_ubatch      = 512
llama_context: causal_attn   = 1
llama_context: flash_attn    = auto
llama_context: kv_unified    = false
llama_context: freq_base     = 1000000.0
llama_context: freq_scale    = 1
llama_context: n_rs_seq      = 0
llama_context: n_outputs_max = 727
llama_context: n_ctx_seq (768) < n_ctx_train (32768) -- the full capacity of the model will not be utilized
set_abort_callback: call
llama_context:  CUDA_Host  output buffer size =     0.58 MiB
llama_kv_cache: layer   0: dev = CPU
llama_kv_cache: layer   1: dev = CPU
llama_kv_cache: layer   2: dev = CPU
llama_kv_cache: layer   3: dev = CUDA0
llama_kv_cache: layer   4: dev = CUDA0
llama_kv_cache: layer   5: dev = CUDA0
llama_kv_cache: layer   6: dev = CUDA0
llama_kv_cache: layer   7: dev = CUDA0
llama_kv_cache: layer   8: dev = CUDA0
llama_kv_cache: layer   9: dev = CUDA0
llama_kv_cache: layer  10: dev = CUDA0
llama_kv_cache: layer  11: dev = CUDA0
llama_kv_cache: layer  12: dev = CUDA0
llama_kv_cache: layer  13: dev = CUDA0
llama_kv_cache: layer  14: dev = CUDA0
llama_kv_cache: layer  15: dev = CUDA0
llama_kv_cache: layer  16: dev = CUDA0
llama_kv_cache: layer  17: dev = CUDA0
llama_kv_cache: layer  18: dev = CUDA0
llama_kv_cache: layer  19: dev = CUDA0
llama_kv_cache: layer  20: dev = CUDA0
llama_kv_cache: layer  21: dev = CUDA0
llama_kv_cache: layer  22: dev = CUDA0
llama_kv_cache: layer  23: dev = CUDA0
llama_kv_cache: layer  24: dev = CUDA0
llama_kv_cache: layer  25: dev = CUDA0
llama_kv_cache: layer  26: dev = CUDA0
llama_kv_cache: layer  27: dev = CUDA0
llama_kv_cache:        CPU KV buffer size =     4.50 MiB
llama_kv_cache:      CUDA0 KV buffer size =    37.50 MiB
llama_kv_cache: size =   42.00 MiB (   768 cells,  28 layers,  1/1 seqs), K (f16):   21.00 MiB, V (f16):   21.00 MiB
llama_kv_cache: attn_rot_k = 0, n_embd_head_k_all = 128
llama_kv_cache: attn_rot_v = 0, n_embd_head_k_all = 128
llama_context: enumerating backends
llama_context: backend_ptrs.size() = 2
sched_reserve: reserving ...
sched_reserve: max_nodes = 2712
sched_reserve: reserving full memory module
sched_reserve: worst-case: n_tokens = 512, n_seqs = 1, n_outputs = 1
graph_reserve: reserving a graph for ubatch with n_tokens =    1, n_seqs =  1, n_outputs =    1
sched_reserve: Flash Attention was auto, set to enabled
sched_reserve: resolving fused Gated Delta Net support:
graph_reserve: reserving a graph for ubatch with n_tokens =    1, n_seqs =  1, n_outputs =    1
sched_reserve: fused Gated Delta Net (autoregressive) enabled
graph_reserve: reserving a graph for ubatch with n_tokens =   16, n_seqs =  1, n_outputs =   16
sched_reserve: fused Gated Delta Net (chunked) enabled
graph_reserve: reserving a graph for ubatch with n_tokens =  512, n_seqs =  1, n_outputs =  512
graph_reserve: reserving a graph for ubatch with n_tokens =    1, n_seqs =  1, n_outputs =    1
graph_reserve: reserving a graph for ubatch with n_tokens =  512, n_seqs =  1, n_outputs =  512
sched_reserve:      CUDA0 compute buffer size =   304.00 MiB
sched_reserve:  CUDA_Host compute buffer size =    14.76 MiB
sched_reserve: graph nodes  = 958
sched_reserve: graph splits = 44 (with bs=512), 2 (with bs=1)
sched_reserve: reserve took 15.29 ms, sched copies = 1
CUDA Graph id 21789 reused
ggml_backend_cuda_graph_compute: CUDA graph warmup complete
CUDA Graph id 21789 reused
CUDA Graph id 21789 reused
CUDA Graph id 21789 reused
CUDA Graph id 21789 reused
CUDA Graph id 21789 reused
CUDA Graph id 21789 reused
CUDA Graph id 21789 reused
CUDA Graph id 21789 reused
CUDA Graph id 21789 reused
CUDA Graph id 21789 reused
CUDA Graph id 21789 reused
CUDA Graph id 21789 reused
CUDA Graph id 21789 reused
CUDA Graph id 21789 reused
CUDA Graph id 21789 reused
CUDA Graph id 21789 reused
CUDA Graph id 21789 reused
CUDA Graph id 21789 reused
CUDA Graph id 21789 reused
CUDA Graph id 21789 reused
CUDA Graph id 21789 reused
CUDA Graph id 21789 reused
CUDA Graph id 21789 reused
CUDA Graph id 21789 reused
CUDA Graph id 21789 reused
CUDA Graph id 21789 reused
CUDA Graph id 21789 reused
CUDA Graph id 21789 reused
CUDA Graph id 21789 reused
CUDA Graph id 21789 reused
CUDA Graph id 21789 reused
CUDA Graph id 21789 reused
CUDA Graph id 21789 reused
CUDA Graph id 21789 reused
CUDA Graph id 21789 reused
~llama_context:      CUDA0 compute buffer size is 304.0000 MiB, matches expectation of 304.0000 MiB
~llama_context:  CUDA_Host compute buffer size is  14.7637 MiB, matches expectation of  14.7637 MiB
llama_context: constructing llama_context
llama_context: n_seq_max     = 1
llama_context: n_ctx         = 768
llama_context: n_ctx_seq     = 768
llama_context: n_batch       = 727
llama_context: n_ubatch      = 512
llama_context: causal_attn   = 1
llama_context: flash_attn    = auto
llama_context: kv_unified    = false
llama_context: freq_base     = 1000000.0
llama_context: freq_scale    = 1
llama_context: n_rs_seq      = 0
llama_context: n_outputs_max = 727
llama_context: n_ctx_seq (768) < n_ctx_train (32768) -- the full capacity of the model will not be utilized
set_abort_callback: call
llama_context:  CUDA_Host  output buffer size =     0.58 MiB
llama_kv_cache: layer   0: dev = CPU
llama_kv_cache: layer   1: dev = CPU
llama_kv_cache: layer   2: dev = CPU
llama_kv_cache: layer   3: dev = CUDA0
llama_kv_cache: layer   4: dev = CUDA0
llama_kv_cache: layer   5: dev = CUDA0
llama_kv_cache: layer   6: dev = CUDA0
llama_kv_cache: layer   7: dev = CUDA0
llama_kv_cache: layer   8: dev = CUDA0
llama_kv_cache: layer   9: dev = CUDA0
llama_kv_cache: layer  10: dev = CUDA0
llama_kv_cache: layer  11: dev = CUDA0
llama_kv_cache: layer  12: dev = CUDA0
llama_kv_cache: layer  13: dev = CUDA0
llama_kv_cache: layer  14: dev = CUDA0
llama_kv_cache: layer  15: dev = CUDA0
llama_kv_cache: layer  16: dev = CUDA0
llama_kv_cache: layer  17: dev = CUDA0
llama_kv_cache: layer  18: dev = CUDA0
llama_kv_cache: layer  19: dev = CUDA0
llama_kv_cache: layer  20: dev = CUDA0
llama_kv_cache: layer  21: dev = CUDA0
llama_kv_cache: layer  22: dev = CUDA0
llama_kv_cache: layer  23: dev = CUDA0
llama_kv_cache: layer  24: dev = CUDA0
llama_kv_cache: layer  25: dev = CUDA0
llama_kv_cache: layer  26: dev = CUDA0
llama_kv_cache: layer  27: dev = CUDA0
llama_kv_cache:        CPU KV buffer size =     4.50 MiB
llama_kv_cache:      CUDA0 KV buffer size =    37.50 MiB
llama_kv_cache: size =   42.00 MiB (   768 cells,  28 layers,  1/1 seqs), K (f16):   21.00 MiB, V (f16):   21.00 MiB
llama_kv_cache: attn_rot_k = 0, n_embd_head_k_all = 128
llama_kv_cache: attn_rot_v = 0, n_embd_head_k_all = 128
llama_context: enumerating backends
llama_context: backend_ptrs.size() = 2
sched_reserve: reserving ...
sched_reserve: max_nodes = 2712
sched_reserve: reserving full memory module
sched_reserve: worst-case: n_tokens = 512, n_seqs = 1, n_outputs = 1
graph_reserve: reserving a graph for ubatch with n_tokens =    1, n_seqs =  1, n_outputs =    1
sched_reserve: Flash Attention was auto, set to enabled
sched_reserve: resolving fused Gated Delta Net support:
graph_reserve: reserving a graph for ubatch with n_tokens =    1, n_seqs =  1, n_outputs =    1
sched_reserve: fused Gated Delta Net (autoregressive) enabled
graph_reserve: reserving a graph for ubatch with n_tokens =   16, n_seqs =  1, n_outputs =   16
sched_reserve: fused Gated Delta Net (chunked) enabled
graph_reserve: reserving a graph for ubatch with n_tokens =  512, n_seqs =  1, n_outputs =  512
graph_reserve: reserving a graph for ubatch with n_tokens =    1, n_seqs =  1, n_outputs =    1
graph_reserve: reserving a graph for ubatch with n_tokens =  512, n_seqs =  1, n_outputs =  512
sched_reserve:      CUDA0 compute buffer size =   304.00 MiB
sched_reserve:  CUDA_Host compute buffer size =    14.76 MiB
sched_reserve: graph nodes  = 958
sched_reserve: graph splits = 44 (with bs=512), 2 (with bs=1)
sched_reserve: reserve took 15.66 ms, sched copies = 1
CUDA Graph id 21939 reused
ggml_backend_cuda_graph_compute: CUDA graph warmup complete
CUDA Graph id 21939 reused
CUDA Graph id 21939 reused
CUDA Graph id 21939 reused
CUDA Graph id 21939 reused
CUDA Graph id 21939 reused
CUDA Graph id 21939 reused
CUDA Graph id 21939 reused
CUDA Graph id 21939 reused
CUDA Graph id 21939 reused
CUDA Graph id 21939 reused
CUDA Graph id 21939 reused
CUDA Graph id 21939 reused
CUDA Graph id 21939 reused
CUDA Graph id 21939 reused
CUDA Graph id 21939 reused
CUDA Graph id 21939 reused
CUDA Graph id 21939 reused
CUDA Graph id 21939 reused
CUDA Graph id 21939 reused
CUDA Graph id 21939 reused
CUDA Graph id 21939 reused
CUDA Graph id 21939 reused
CUDA Graph id 21939 reused
CUDA Graph id 21939 reused
CUDA Graph id 21939 reused
CUDA Graph id 21939 reused
CUDA Graph id 21939 reused
CUDA Graph id 21939 reused
CUDA Graph id 21939 reused
CUDA Graph id 21939 reused
CUDA Graph id 21939 reused
CUDA Graph id 21939 reused
CUDA Graph id 21939 reused
CUDA Graph id 21939 reused
CUDA Graph id 21939 reused
CUDA Graph id 21939 reused
CUDA Graph id 21939 reused
CUDA Graph id 21939 reused
CUDA Graph id 21939 reused
CUDA Graph id 21939 reused
CUDA Graph id 21939 reused
~llama_context:      CUDA0 compute buffer size is 304.0000 MiB, matches expectation of 304.0000 MiB
~llama_context:  CUDA_Host compute buffer size is  14.7637 MiB, matches expectation of  14.7637 MiB
schema 174/175 done
llama_context: constructing llama_context
llama_context: n_seq_max     = 1
llama_context: n_ctx         = 768
llama_context: n_ctx_seq     = 768
llama_context: n_batch       = 723
llama_context: n_ubatch      = 512
llama_context: causal_attn   = 1
llama_context: flash_attn    = auto
llama_context: kv_unified    = false
llama_context: freq_base     = 1000000.0
llama_context: freq_scale    = 1
llama_context: n_rs_seq      = 0
llama_context: n_outputs_max = 723
llama_context: n_ctx_seq (768) < n_ctx_train (32768) -- the full capacity of the model will not be utilized
set_abort_callback: call
llama_context:  CUDA_Host  output buffer size =     0.58 MiB
llama_kv_cache: layer   0: dev = CPU
llama_kv_cache: layer   1: dev = CPU
llama_kv_cache: layer   2: dev = CPU
llama_kv_cache: layer   3: dev = CUDA0
llama_kv_cache: layer   4: dev = CUDA0
llama_kv_cache: layer   5: dev = CUDA0
llama_kv_cache: layer   6: dev = CUDA0
llama_kv_cache: layer   7: dev = CUDA0
llama_kv_cache: layer   8: dev = CUDA0
llama_kv_cache: layer   9: dev = CUDA0
llama_kv_cache: layer  10: dev = CUDA0
llama_kv_cache: layer  11: dev = CUDA0
llama_kv_cache: layer  12: dev = CUDA0
llama_kv_cache: layer  13: dev = CUDA0
llama_kv_cache: layer  14: dev = CUDA0
llama_kv_cache: layer  15: dev = CUDA0
llama_kv_cache: layer  16: dev = CUDA0
llama_kv_cache: layer  17: dev = CUDA0
llama_kv_cache: layer  18: dev = CUDA0
llama_kv_cache: layer  19: dev = CUDA0
llama_kv_cache: layer  20: dev = CUDA0
llama_kv_cache: layer  21: dev = CUDA0
llama_kv_cache: layer  22: dev = CUDA0
llama_kv_cache: layer  23: dev = CUDA0
llama_kv_cache: layer  24: dev = CUDA0
llama_kv_cache: layer  25: dev = CUDA0
llama_kv_cache: layer  26: dev = CUDA0
llama_kv_cache: layer  27: dev = CUDA0
llama_kv_cache:        CPU KV buffer size =     4.50 MiB
llama_kv_cache:      CUDA0 KV buffer size =    37.50 MiB
llama_kv_cache: size =   42.00 MiB (   768 cells,  28 layers,  1/1 seqs), K (f16):   21.00 MiB, V (f16):   21.00 MiB
llama_kv_cache: attn_rot_k = 0, n_embd_head_k_all = 128
llama_kv_cache: attn_rot_v = 0, n_embd_head_k_all = 128
llama_context: enumerating backends
llama_context: backend_ptrs.size() = 2
sched_reserve: reserving ...
sched_reserve: max_nodes = 2712
sched_reserve: reserving full memory module
sched_reserve: worst-case: n_tokens = 512, n_seqs = 1, n_outputs = 1
graph_reserve: reserving a graph for ubatch with n_tokens =    1, n_seqs =  1, n_outputs =    1
sched_reserve: Flash Attention was auto, set to enabled
sched_reserve: resolving fused Gated Delta Net support:
graph_reserve: reserving a graph for ubatch with n_tokens =    1, n_seqs =  1, n_outputs =    1
sched_reserve: fused Gated Delta Net (autoregressive) enabled
graph_reserve: reserving a graph for ubatch with n_tokens =   16, n_seqs =  1, n_outputs =   16
sched_reserve: fused Gated Delta Net (chunked) enabled
graph_reserve: reserving a graph for ubatch with n_tokens =  512, n_seqs =  1, n_outputs =  512
graph_reserve: reserving a graph for ubatch with n_tokens =    1, n_seqs =  1, n_outputs =    1
graph_reserve: reserving a graph for ubatch with n_tokens =  512, n_seqs =  1, n_outputs =  512
sched_reserve:      CUDA0 compute buffer size =   304.00 MiB
sched_reserve:  CUDA_Host compute buffer size =    14.76 MiB
sched_reserve: graph nodes  = 958
sched_reserve: graph splits = 44 (with bs=512), 2 (with bs=1)
sched_reserve: reserve took 12.70 ms, sched copies = 1
CUDA Graph id 22089 reused
ggml_backend_cuda_graph_compute: CUDA graph warmup complete
CUDA Graph id 22089 reused
CUDA Graph id 22089 reused
CUDA Graph id 22089 reused
CUDA Graph id 22089 reused
CUDA Graph id 22089 reused
CUDA Graph id 22089 reused
CUDA Graph id 22089 reused
CUDA Graph id 22089 reused
CUDA Graph id 22089 reused
CUDA Graph id 22089 reused
CUDA Graph id 22089 reused
CUDA Graph id 22089 reused
CUDA Graph id 22089 reused
CUDA Graph id 22089 reused
CUDA Graph id 22089 reused
CUDA Graph id 22089 reused
CUDA Graph id 22089 reused
CUDA Graph id 22089 reused
CUDA Graph id 22089 reused
CUDA Graph id 22089 reused
CUDA Graph id 22089 reused
CUDA Graph id 22089 reused
CUDA Graph id 22089 reused
CUDA Graph id 22089 reused
CUDA Graph id 22089 reused
CUDA Graph id 22089 reused
CUDA Graph id 22089 reused
CUDA Graph id 22089 reused
CUDA Graph id 22089 reused
CUDA Graph id 22089 reused
CUDA Graph id 22089 reused
~llama_context:      CUDA0 compute buffer size is 304.0000 MiB, matches expectation of 304.0000 MiB
~llama_context:  CUDA_Host compute buffer size is  14.7637 MiB, matches expectation of  14.7637 MiB
llama_context: constructing llama_context
llama_context: n_seq_max     = 1
llama_context: n_ctx         = 768
llama_context: n_ctx_seq     = 768
llama_context: n_batch       = 723
llama_context: n_ubatch      = 512
llama_context: causal_attn   = 1
llama_context: flash_attn    = auto
llama_context: kv_unified    = false
llama_context: freq_base     = 1000000.0
llama_context: freq_scale    = 1
llama_context: n_rs_seq      = 0
llama_context: n_outputs_max = 723
llama_context: n_ctx_seq (768) < n_ctx_train (32768) -- the full capacity of the model will not be utilized
set_abort_callback: call
llama_context:  CUDA_Host  output buffer size =     0.58 MiB
llama_kv_cache: layer   0: dev = CPU
llama_kv_cache: layer   1: dev = CPU
llama_kv_cache: layer   2: dev = CPU
llama_kv_cache: layer   3: dev = CUDA0
llama_kv_cache: layer   4: dev = CUDA0
llama_kv_cache: layer   5: dev = CUDA0
llama_kv_cache: layer   6: dev = CUDA0
llama_kv_cache: layer   7: dev = CUDA0
llama_kv_cache: layer   8: dev = CUDA0
llama_kv_cache: layer   9: dev = CUDA0
llama_kv_cache: layer  10: dev = CUDA0
llama_kv_cache: layer  11: dev = CUDA0
llama_kv_cache: layer  12: dev = CUDA0
llama_kv_cache: layer  13: dev = CUDA0
llama_kv_cache: layer  14: dev = CUDA0
llama_kv_cache: layer  15: dev = CUDA0
llama_kv_cache: layer  16: dev = CUDA0
llama_kv_cache: layer  17: dev = CUDA0
llama_kv_cache: layer  18: dev = CUDA0
llama_kv_cache: layer  19: dev = CUDA0
llama_kv_cache: layer  20: dev = CUDA0
llama_kv_cache: layer  21: dev = CUDA0
llama_kv_cache: layer  22: dev = CUDA0
llama_kv_cache: layer  23: dev = CUDA0
llama_kv_cache: layer  24: dev = CUDA0
llama_kv_cache: layer  25: dev = CUDA0
llama_kv_cache: layer  26: dev = CUDA0
llama_kv_cache: layer  27: dev = CUDA0
llama_kv_cache:        CPU KV buffer size =     4.50 MiB
llama_kv_cache:      CUDA0 KV buffer size =    37.50 MiB
llama_kv_cache: size =   42.00 MiB (   768 cells,  28 layers,  1/1 seqs), K (f16):   21.00 MiB, V (f16):   21.00 MiB
llama_kv_cache: attn_rot_k = 0, n_embd_head_k_all = 128
llama_kv_cache: attn_rot_v = 0, n_embd_head_k_all = 128
llama_context: enumerating backends
llama_context: backend_ptrs.size() = 2
sched_reserve: reserving ...
sched_reserve: max_nodes = 2712
sched_reserve: reserving full memory module
sched_reserve: worst-case: n_tokens = 512, n_seqs = 1, n_outputs = 1
graph_reserve: reserving a graph for ubatch with n_tokens =    1, n_seqs =  1, n_outputs =    1
sched_reserve: Flash Attention was auto, set to enabled
sched_reserve: resolving fused Gated Delta Net support:
graph_reserve: reserving a graph for ubatch with n_tokens =    1, n_seqs =  1, n_outputs =    1
sched_reserve: fused Gated Delta Net (autoregressive) enabled
graph_reserve: reserving a graph for ubatch with n_tokens =   16, n_seqs =  1, n_outputs =   16
sched_reserve: fused Gated Delta Net (chunked) enabled
graph_reserve: reserving a graph for ubatch with n_tokens =  512, n_seqs =  1, n_outputs =  512
graph_reserve: reserving a graph for ubatch with n_tokens =    1, n_seqs =  1, n_outputs =    1
graph_reserve: reserving a graph for ubatch with n_tokens =  512, n_seqs =  1, n_outputs =  512
sched_reserve:      CUDA0 compute buffer size =   304.00 MiB
sched_reserve:  CUDA_Host compute buffer size =    14.76 MiB
sched_reserve: graph nodes  = 958
sched_reserve: graph splits = 44 (with bs=512), 2 (with bs=1)
sched_reserve: reserve took 17.51 ms, sched copies = 1
CUDA Graph id 22239 reused
ggml_backend_cuda_graph_compute: CUDA graph warmup complete
CUDA Graph id 22239 reused
CUDA Graph id 22239 reused
CUDA Graph id 22239 reused
CUDA Graph id 22239 reused
CUDA Graph id 22239 reused
CUDA Graph id 22239 reused
CUDA Graph id 22239 reused
CUDA Graph id 22239 reused
CUDA Graph id 22239 reused
CUDA Graph id 22239 reused
CUDA Graph id 22239 reused
CUDA Graph id 22239 reused
CUDA Graph id 22239 reused
CUDA Graph id 22239 reused
CUDA Graph id 22239 reused
CUDA Graph id 22239 reused
CUDA Graph id 22239 reused
CUDA Graph id 22239 reused
CUDA Graph id 22239 reused
CUDA Graph id 22239 reused
CUDA Graph id 22239 reused
CUDA Graph id 22239 reused
CUDA Graph id 22239 reused
CUDA Graph id 22239 reused
CUDA Graph id 22239 reused
CUDA Graph id 22239 reused
CUDA Graph id 22239 reused
CUDA Graph id 22239 reused
CUDA Graph id 22239 reused
CUDA Graph id 22239 reused
CUDA Graph id 22239 reused
~llama_context:      CUDA0 compute buffer size is 304.0000 MiB, matches expectation of 304.0000 MiB
~llama_context:  CUDA_Host compute buffer size is  14.7637 MiB, matches expectation of  14.7637 MiB
llama_context: constructing llama_context
llama_context: n_seq_max     = 1
llama_context: n_ctx         = 768
llama_context: n_ctx_seq     = 768
llama_context: n_batch       = 723
llama_context: n_ubatch      = 512
llama_context: causal_attn   = 1
llama_context: flash_attn    = auto
llama_context: kv_unified    = false
llama_context: freq_base     = 1000000.0
llama_context: freq_scale    = 1
llama_context: n_rs_seq      = 0
llama_context: n_outputs_max = 723
llama_context: n_ctx_seq (768) < n_ctx_train (32768) -- the full capacity of the model will not be utilized
set_abort_callback: call
llama_context:  CUDA_Host  output buffer size =     0.58 MiB
llama_kv_cache: layer   0: dev = CPU
llama_kv_cache: layer   1: dev = CPU
llama_kv_cache: layer   2: dev = CPU
llama_kv_cache: layer   3: dev = CUDA0
llama_kv_cache: layer   4: dev = CUDA0
llama_kv_cache: layer   5: dev = CUDA0
llama_kv_cache: layer   6: dev = CUDA0
llama_kv_cache: layer   7: dev = CUDA0
llama_kv_cache: layer   8: dev = CUDA0
llama_kv_cache: layer   9: dev = CUDA0
llama_kv_cache: layer  10: dev = CUDA0
llama_kv_cache: layer  11: dev = CUDA0
llama_kv_cache: layer  12: dev = CUDA0
llama_kv_cache: layer  13: dev = CUDA0
llama_kv_cache: layer  14: dev = CUDA0
llama_kv_cache: layer  15: dev = CUDA0
llama_kv_cache: layer  16: dev = CUDA0
llama_kv_cache: layer  17: dev = CUDA0
llama_kv_cache: layer  18: dev = CUDA0
llama_kv_cache: layer  19: dev = CUDA0
llama_kv_cache: layer  20: dev = CUDA0
llama_kv_cache: layer  21: dev = CUDA0
llama_kv_cache: layer  22: dev = CUDA0
llama_kv_cache: layer  23: dev = CUDA0
llama_kv_cache: layer  24: dev = CUDA0
llama_kv_cache: layer  25: dev = CUDA0
llama_kv_cache: layer  26: dev = CUDA0
llama_kv_cache: layer  27: dev = CUDA0
llama_kv_cache:        CPU KV buffer size =     4.50 MiB
llama_kv_cache:      CUDA0 KV buffer size =    37.50 MiB
llama_kv_cache: size =   42.00 MiB (   768 cells,  28 layers,  1/1 seqs), K (f16):   21.00 MiB, V (f16):   21.00 MiB
llama_kv_cache: attn_rot_k = 0, n_embd_head_k_all = 128
llama_kv_cache: attn_rot_v = 0, n_embd_head_k_all = 128
llama_context: enumerating backends
llama_context: backend_ptrs.size() = 2
sched_reserve: reserving ...
sched_reserve: max_nodes = 2712
sched_reserve: reserving full memory module
sched_reserve: worst-case: n_tokens = 512, n_seqs = 1, n_outputs = 1
graph_reserve: reserving a graph for ubatch with n_tokens =    1, n_seqs =  1, n_outputs =    1
sched_reserve: Flash Attention was auto, set to enabled
sched_reserve: resolving fused Gated Delta Net support:
graph_reserve: reserving a graph for ubatch with n_tokens =    1, n_seqs =  1, n_outputs =    1
sched_reserve: fused Gated Delta Net (autoregressive) enabled
graph_reserve: reserving a graph for ubatch with n_tokens =   16, n_seqs =  1, n_outputs =   16
sched_reserve: fused Gated Delta Net (chunked) enabled
graph_reserve: reserving a graph for ubatch with n_tokens =  512, n_seqs =  1, n_outputs =  512
graph_reserve: reserving a graph for ubatch with n_tokens =    1, n_seqs =  1, n_outputs =    1
graph_reserve: reserving a graph for ubatch with n_tokens =  512, n_seqs =  1, n_outputs =  512
sched_reserve:      CUDA0 compute buffer size =   304.00 MiB
sched_reserve:  CUDA_Host compute buffer size =    14.76 MiB
sched_reserve: graph nodes  = 958
sched_reserve: graph splits = 44 (with bs=512), 2 (with bs=1)
sched_reserve: reserve took 17.00 ms, sched copies = 1
CUDA Graph id 22389 reused
ggml_backend_cuda_graph_compute: CUDA graph warmup complete
CUDA Graph id 22389 reused
CUDA Graph id 22389 reused
CUDA Graph id 22389 reused
CUDA Graph id 22389 reused
CUDA Graph id 22389 reused
CUDA Graph id 22389 reused
CUDA Graph id 22389 reused
CUDA Graph id 22389 reused
CUDA Graph id 22389 reused
CUDA Graph id 22389 reused
CUDA Graph id 22389 reused
CUDA Graph id 22389 reused
CUDA Graph id 22389 reused
CUDA Graph id 22389 reused
CUDA Graph id 22389 reused
CUDA Graph id 22389 reused
CUDA Graph id 22389 reused
CUDA Graph id 22389 reused
CUDA Graph id 22389 reused
CUDA Graph id 22389 reused
CUDA Graph id 22389 reused
CUDA Graph id 22389 reused
CUDA Graph id 22389 reused
CUDA Graph id 22389 reused
CUDA Graph id 22389 reused
CUDA Graph id 22389 reused
CUDA Graph id 22389 reused
CUDA Graph id 22389 reused
CUDA Graph id 22389 reused
CUDA Graph id 22389 reused
CUDA Graph id 22389 reused
CUDA Graph id 22389 reused
CUDA Graph id 22389 reused
CUDA Graph id 22389 reused
CUDA Graph id 22389 reused
CUDA Graph id 22389 reused
CUDA Graph id 22389 reused
CUDA Graph id 22389 reused
~llama_context:      CUDA0 compute buffer size is 304.0000 MiB, matches expectation of 304.0000 MiB
~llama_context:  CUDA_Host compute buffer size is  14.7637 MiB, matches expectation of  14.7637 MiB
llama_context: constructing llama_context
llama_context: n_seq_max     = 1
llama_context: n_ctx         = 768
llama_context: n_ctx_seq     = 768
llama_context: n_batch       = 723
llama_context: n_ubatch      = 512
llama_context: causal_attn   = 1
llama_context: flash_attn    = auto
llama_context: kv_unified    = false
llama_context: freq_base     = 1000000.0
llama_context: freq_scale    = 1
llama_context: n_rs_seq      = 0
llama_context: n_outputs_max = 723
llama_context: n_ctx_seq (768) < n_ctx_train (32768) -- the full capacity of the model will not be utilized
set_abort_callback: call
llama_context:  CUDA_Host  output buffer size =     0.58 MiB
llama_kv_cache: layer   0: dev = CPU
llama_kv_cache: layer   1: dev = CPU
llama_kv_cache: layer   2: dev = CPU
llama_kv_cache: layer   3: dev = CUDA0
llama_kv_cache: layer   4: dev = CUDA0
llama_kv_cache: layer   5: dev = CUDA0
llama_kv_cache: layer   6: dev = CUDA0
llama_kv_cache: layer   7: dev = CUDA0
llama_kv_cache: layer   8: dev = CUDA0
llama_kv_cache: layer   9: dev = CUDA0
llama_kv_cache: layer  10: dev = CUDA0
llama_kv_cache: layer  11: dev = CUDA0
llama_kv_cache: layer  12: dev = CUDA0
llama_kv_cache: layer  13: dev = CUDA0
llama_kv_cache: layer  14: dev = CUDA0
llama_kv_cache: layer  15: dev = CUDA0
llama_kv_cache: layer  16: dev = CUDA0
llama_kv_cache: layer  17: dev = CUDA0
llama_kv_cache: layer  18: dev = CUDA0
llama_kv_cache: layer  19: dev = CUDA0
llama_kv_cache: layer  20: dev = CUDA0
llama_kv_cache: layer  21: dev = CUDA0
llama_kv_cache: layer  22: dev = CUDA0
llama_kv_cache: layer  23: dev = CUDA0
llama_kv_cache: layer  24: dev = CUDA0
llama_kv_cache: layer  25: dev = CUDA0
llama_kv_cache: layer  26: dev = CUDA0
llama_kv_cache: layer  27: dev = CUDA0
llama_kv_cache:        CPU KV buffer size =     4.50 MiB
llama_kv_cache:      CUDA0 KV buffer size =    37.50 MiB
llama_kv_cache: size =   42.00 MiB (   768 cells,  28 layers,  1/1 seqs), K (f16):   21.00 MiB, V (f16):   21.00 MiB
llama_kv_cache: attn_rot_k = 0, n_embd_head_k_all = 128
llama_kv_cache: attn_rot_v = 0, n_embd_head_k_all = 128
llama_context: enumerating backends
llama_context: backend_ptrs.size() = 2
sched_reserve: reserving ...
sched_reserve: max_nodes = 2712
sched_reserve: reserving full memory module
sched_reserve: worst-case: n_tokens = 512, n_seqs = 1, n_outputs = 1
graph_reserve: reserving a graph for ubatch with n_tokens =    1, n_seqs =  1, n_outputs =    1
sched_reserve: Flash Attention was auto, set to enabled
sched_reserve: resolving fused Gated Delta Net support:
graph_reserve: reserving a graph for ubatch with n_tokens =    1, n_seqs =  1, n_outputs =    1
sched_reserve: fused Gated Delta Net (autoregressive) enabled
graph_reserve: reserving a graph for ubatch with n_tokens =   16, n_seqs =  1, n_outputs =   16
sched_reserve: fused Gated Delta Net (chunked) enabled
graph_reserve: reserving a graph for ubatch with n_tokens =  512, n_seqs =  1, n_outputs =  512
graph_reserve: reserving a graph for ubatch with n_tokens =    1, n_seqs =  1, n_outputs =    1
graph_reserve: reserving a graph for ubatch with n_tokens =  512, n_seqs =  1, n_outputs =  512
sched_reserve:      CUDA0 compute buffer size =   304.00 MiB
sched_reserve:  CUDA_Host compute buffer size =    14.76 MiB
sched_reserve: graph nodes  = 958
sched_reserve: graph splits = 44 (with bs=512), 2 (with bs=1)
sched_reserve: reserve took 11.88 ms, sched copies = 1
CUDA Graph id 22539 reused
ggml_backend_cuda_graph_compute: CUDA graph warmup complete
CUDA Graph id 22539 reused
CUDA Graph id 22539 reused
CUDA Graph id 22539 reused
CUDA Graph id 22539 reused
CUDA Graph id 22539 reused
CUDA Graph id 22539 reused
CUDA Graph id 22539 reused
CUDA Graph id 22539 reused
CUDA Graph id 22539 reused
CUDA Graph id 22539 reused
CUDA Graph id 22539 reused
CUDA Graph id 22539 reused
CUDA Graph id 22539 reused
CUDA Graph id 22539 reused
CUDA Graph id 22539 reused
CUDA Graph id 22539 reused
CUDA Graph id 22539 reused
CUDA Graph id 22539 reused
CUDA Graph id 22539 reused
CUDA Graph id 22539 reused
CUDA Graph id 22539 reused
CUDA Graph id 22539 reused
CUDA Graph id 22539 reused
CUDA Graph id 22539 reused
CUDA Graph id 22539 reused
CUDA Graph id 22539 reused
CUDA Graph id 22539 reused
CUDA Graph id 22539 reused
CUDA Graph id 22539 reused
CUDA Graph id 22539 reused
CUDA Graph id 22539 reused
CUDA Graph id 22539 reused
CUDA Graph id 22539 reused
CUDA Graph id 22539 reused
CUDA Graph id 22539 reused
CUDA Graph id 22539 reused
CUDA Graph id 22539 reused
CUDA Graph id 22539 reused
CUDA Graph id 22539 reused
CUDA Graph id 22539 reused
~llama_context:      CUDA0 compute buffer size is 304.0000 MiB, matches expectation of 304.0000 MiB
~llama_context:  CUDA_Host compute buffer size is  14.7637 MiB, matches expectation of  14.7637 MiB
llama_context: constructing llama_context
llama_context: n_seq_max     = 1
llama_context: n_ctx         = 768
llama_context: n_ctx_seq     = 768
llama_context: n_batch       = 723
llama_context: n_ubatch      = 512
llama_context: causal_attn   = 1
llama_context: flash_attn    = auto
llama_context: kv_unified    = false
llama_context: freq_base     = 1000000.0
llama_context: freq_scale    = 1
llama_context: n_rs_seq      = 0
llama_context: n_outputs_max = 723
llama_context: n_ctx_seq (768) < n_ctx_train (32768) -- the full capacity of the model will not be utilized
set_abort_callback: call
llama_context:  CUDA_Host  output buffer size =     0.58 MiB
llama_kv_cache: layer   0: dev = CPU
llama_kv_cache: layer   1: dev = CPU
llama_kv_cache: layer   2: dev = CPU
llama_kv_cache: layer   3: dev = CUDA0
llama_kv_cache: layer   4: dev = CUDA0
llama_kv_cache: layer   5: dev = CUDA0
llama_kv_cache: layer   6: dev = CUDA0
llama_kv_cache: layer   7: dev = CUDA0
llama_kv_cache: layer   8: dev = CUDA0
llama_kv_cache: layer   9: dev = CUDA0
llama_kv_cache: layer  10: dev = CUDA0
llama_kv_cache: layer  11: dev = CUDA0
llama_kv_cache: layer  12: dev = CUDA0
llama_kv_cache: layer  13: dev = CUDA0
llama_kv_cache: layer  14: dev = CUDA0
llama_kv_cache: layer  15: dev = CUDA0
llama_kv_cache: layer  16: dev = CUDA0
llama_kv_cache: layer  17: dev = CUDA0
llama_kv_cache: layer  18: dev = CUDA0
llama_kv_cache: layer  19: dev = CUDA0
llama_kv_cache: layer  20: dev = CUDA0
llama_kv_cache: layer  21: dev = CUDA0
llama_kv_cache: layer  22: dev = CUDA0
llama_kv_cache: layer  23: dev = CUDA0
llama_kv_cache: layer  24: dev = CUDA0
llama_kv_cache: layer  25: dev = CUDA0
llama_kv_cache: layer  26: dev = CUDA0
llama_kv_cache: layer  27: dev = CUDA0
llama_kv_cache:        CPU KV buffer size =     4.50 MiB
llama_kv_cache:      CUDA0 KV buffer size =    37.50 MiB
llama_kv_cache: size =   42.00 MiB (   768 cells,  28 layers,  1/1 seqs), K (f16):   21.00 MiB, V (f16):   21.00 MiB
llama_kv_cache: attn_rot_k = 0, n_embd_head_k_all = 128
llama_kv_cache: attn_rot_v = 0, n_embd_head_k_all = 128
llama_context: enumerating backends
llama_context: backend_ptrs.size() = 2
sched_reserve: reserving ...
sched_reserve: max_nodes = 2712
sched_reserve: reserving full memory module
sched_reserve: worst-case: n_tokens = 512, n_seqs = 1, n_outputs = 1
graph_reserve: reserving a graph for ubatch with n_tokens =    1, n_seqs =  1, n_outputs =    1
sched_reserve: Flash Attention was auto, set to enabled
sched_reserve: resolving fused Gated Delta Net support:
graph_reserve: reserving a graph for ubatch with n_tokens =    1, n_seqs =  1, n_outputs =    1
sched_reserve: fused Gated Delta Net (autoregressive) enabled
graph_reserve: reserving a graph for ubatch with n_tokens =   16, n_seqs =  1, n_outputs =   16
sched_reserve: fused Gated Delta Net (chunked) enabled
graph_reserve: reserving a graph for ubatch with n_tokens =  512, n_seqs =  1, n_outputs =  512
graph_reserve: reserving a graph for ubatch with n_tokens =    1, n_seqs =  1, n_outputs =    1
graph_reserve: reserving a graph for ubatch with n_tokens =  512, n_seqs =  1, n_outputs =  512
sched_reserve:      CUDA0 compute buffer size =   304.00 MiB
sched_reserve:  CUDA_Host compute buffer size =    14.76 MiB
sched_reserve: graph nodes  = 958
sched_reserve: graph splits = 44 (with bs=512), 2 (with bs=1)
sched_reserve: reserve took 18.00 ms, sched copies = 1
CUDA Graph id 22689 reused
ggml_backend_cuda_graph_compute: CUDA graph warmup complete
CUDA Graph id 22689 reused
CUDA Graph id 22689 reused
CUDA Graph id 22689 reused
CUDA Graph id 22689 reused
CUDA Graph id 22689 reused
CUDA Graph id 22689 reused
CUDA Graph id 22689 reused
CUDA Graph id 22689 reused
CUDA Graph id 22689 reused
CUDA Graph id 22689 reused
CUDA Graph id 22689 reused
CUDA Graph id 22689 reused
CUDA Graph id 22689 reused
CUDA Graph id 22689 reused
CUDA Graph id 22689 reused
CUDA Graph id 22689 reused
CUDA Graph id 22689 reused
CUDA Graph id 22689 reused
CUDA Graph id 22689 reused
CUDA Graph id 22689 reused
CUDA Graph id 22689 reused
CUDA Graph id 22689 reused
CUDA Graph id 22689 reused
~llama_context:      CUDA0 compute buffer size is 304.0000 MiB, matches expectation of 304.0000 MiB
~llama_context:  CUDA_Host compute buffer size is  14.7637 MiB, matches expectation of  14.7637 MiB
llama_context: constructing llama_context
llama_context: n_seq_max     = 1
llama_context: n_ctx         = 768
llama_context: n_ctx_seq     = 768
llama_context: n_batch       = 723
llama_context: n_ubatch      = 512
llama_context: causal_attn   = 1
llama_context: flash_attn    = auto
llama_context: kv_unified    = false
llama_context: freq_base     = 1000000.0
llama_context: freq_scale    = 1
llama_context: n_rs_seq      = 0
llama_context: n_outputs_max = 723
llama_context: n_ctx_seq (768) < n_ctx_train (32768) -- the full capacity of the model will not be utilized
set_abort_callback: call
llama_context:  CUDA_Host  output buffer size =     0.58 MiB
llama_kv_cache: layer   0: dev = CPU
llama_kv_cache: layer   1: dev = CPU
llama_kv_cache: layer   2: dev = CPU
llama_kv_cache: layer   3: dev = CUDA0
llama_kv_cache: layer   4: dev = CUDA0
llama_kv_cache: layer   5: dev = CUDA0
llama_kv_cache: layer   6: dev = CUDA0
llama_kv_cache: layer   7: dev = CUDA0
llama_kv_cache: layer   8: dev = CUDA0
llama_kv_cache: layer   9: dev = CUDA0
llama_kv_cache: layer  10: dev = CUDA0
llama_kv_cache: layer  11: dev = CUDA0
llama_kv_cache: layer  12: dev = CUDA0
llama_kv_cache: layer  13: dev = CUDA0
llama_kv_cache: layer  14: dev = CUDA0
llama_kv_cache: layer  15: dev = CUDA0
llama_kv_cache: layer  16: dev = CUDA0
llama_kv_cache: layer  17: dev = CUDA0
llama_kv_cache: layer  18: dev = CUDA0
llama_kv_cache: layer  19: dev = CUDA0
llama_kv_cache: layer  20: dev = CUDA0
llama_kv_cache: layer  21: dev = CUDA0
llama_kv_cache: layer  22: dev = CUDA0
llama_kv_cache: layer  23: dev = CUDA0
llama_kv_cache: layer  24: dev = CUDA0
llama_kv_cache: layer  25: dev = CUDA0
llama_kv_cache: layer  26: dev = CUDA0
llama_kv_cache: layer  27: dev = CUDA0
llama_kv_cache:        CPU KV buffer size =     4.50 MiB
llama_kv_cache:      CUDA0 KV buffer size =    37.50 MiB
llama_kv_cache: size =   42.00 MiB (   768 cells,  28 layers,  1/1 seqs), K (f16):   21.00 MiB, V (f16):   21.00 MiB
llama_kv_cache: attn_rot_k = 0, n_embd_head_k_all = 128
llama_kv_cache: attn_rot_v = 0, n_embd_head_k_all = 128
llama_context: enumerating backends
llama_context: backend_ptrs.size() = 2
sched_reserve: reserving ...
sched_reserve: max_nodes = 2712
sched_reserve: reserving full memory module
sched_reserve: worst-case: n_tokens = 512, n_seqs = 1, n_outputs = 1
graph_reserve: reserving a graph for ubatch with n_tokens =    1, n_seqs =  1, n_outputs =    1
sched_reserve: Flash Attention was auto, set to enabled
sched_reserve: resolving fused Gated Delta Net support:
graph_reserve: reserving a graph for ubatch with n_tokens =    1, n_seqs =  1, n_outputs =    1
sched_reserve: fused Gated Delta Net (autoregressive) enabled
graph_reserve: reserving a graph for ubatch with n_tokens =   16, n_seqs =  1, n_outputs =   16
sched_reserve: fused Gated Delta Net (chunked) enabled
graph_reserve: reserving a graph for ubatch with n_tokens =  512, n_seqs =  1, n_outputs =  512
graph_reserve: reserving a graph for ubatch with n_tokens =    1, n_seqs =  1, n_outputs =    1
graph_reserve: reserving a graph for ubatch with n_tokens =  512, n_seqs =  1, n_outputs =  512
sched_reserve:      CUDA0 compute buffer size =   304.00 MiB
sched_reserve:  CUDA_Host compute buffer size =    14.76 MiB
sched_reserve: graph nodes  = 958
sched_reserve: graph splits = 44 (with bs=512), 2 (with bs=1)
sched_reserve: reserve took 10.54 ms, sched copies = 1
CUDA Graph id 22839 reused
ggml_backend_cuda_graph_compute: CUDA graph warmup complete
CUDA Graph id 22839 reused
CUDA Graph id 22839 reused
CUDA Graph id 22839 reused
CUDA Graph id 22839 reused
CUDA Graph id 22839 reused
CUDA Graph id 22839 reused
CUDA Graph id 22839 reused
CUDA Graph id 22839 reused
CUDA Graph id 22839 reused
CUDA Graph id 22839 reused
CUDA Graph id 22839 reused
CUDA Graph id 22839 reused
CUDA Graph id 22839 reused
CUDA Graph id 22839 reused
CUDA Graph id 22839 reused
CUDA Graph id 22839 reused
CUDA Graph id 22839 reused
CUDA Graph id 22839 reused
CUDA Graph id 22839 reused
CUDA Graph id 22839 reused
CUDA Graph id 22839 reused
CUDA Graph id 22839 reused
CUDA Graph id 22839 reused
CUDA Graph id 22839 reused
CUDA Graph id 22839 reused
CUDA Graph id 22839 reused
CUDA Graph id 22839 reused
CUDA Graph id 22839 reused
CUDA Graph id 22839 reused
CUDA Graph id 22839 reused
CUDA Graph id 22839 reused
CUDA Graph id 22839 reused
CUDA Graph id 22839 reused
CUDA Graph id 22839 reused
CUDA Graph id 22839 reused
CUDA Graph id 22839 reused
~llama_context:      CUDA0 compute buffer size is 304.0000 MiB, matches expectation of 304.0000 MiB
~llama_context:  CUDA_Host compute buffer size is  14.7637 MiB, matches expectation of  14.7637 MiB
schema 175/175 done
wrote results/smoke_llamacpp_bench/a2_chunks/a2_raw_150.json
