ggml_cuda_init: found 1 CUDA devices (Total VRAM: 24121 MiB):
  Device 0: NVIDIA GeForce RTX 3090, compute capability 8.6, VMM: yes, VRAM: 24121 MiB
llama_model_loader: loaded meta data with 33 key-value pairs and 339 tensors from models/qwen2.5-coder-7b-bf16.gguf (version GGUF V3 (latest))
llama_model_loader: Dumping metadata keys/values. Note: KV overrides do not apply in this output.
llama_model_loader: - kv   0:                       general.architecture str              = qwen2
llama_model_loader: - kv   1:                               general.type str              = model
llama_model_loader: - kv   2:                               general.name str              = 0396a76181e127dfc13e5c5ec48a8cee09938b02
llama_model_loader: - kv   3:                           general.finetune str              = 0396a76181e127dfc13e5c5ec48a8cee09938b02
llama_model_loader: - kv   4:                         general.size_label str              = 7.6B
llama_model_loader: - kv   5:                            general.license str              = apache-2.0
llama_model_loader: - kv   6:                       general.license.link str              = https://huggingface.co/Qwen/Qwen2.5-C...
llama_model_loader: - kv   7:                   general.base_model.count u32              = 1
llama_model_loader: - kv   8:                  general.base_model.0.name str              = Qwen2.5 7B
llama_model_loader: - kv   9:          general.base_model.0.organization str              = Qwen
llama_model_loader: - kv  10:              general.base_model.0.repo_url str              = https://huggingface.co/Qwen/Qwen2.5-7B
llama_model_loader: - kv  11:                               general.tags arr[str,5]       = ["code", "qwen", "qwen-coder", "codeq...
llama_model_loader: - kv  12:                          general.languages arr[str,1]       = ["en"]
llama_model_loader: - kv  13:                          qwen2.block_count u32              = 28
llama_model_loader: - kv  14:                       qwen2.context_length u32              = 32768
llama_model_loader: - kv  15:                     qwen2.embedding_length u32              = 3584
llama_model_loader: - kv  16:                  qwen2.feed_forward_length u32              = 18944
llama_model_loader: - kv  17:                 qwen2.attention.head_count u32              = 28
llama_model_loader: - kv  18:              qwen2.attention.head_count_kv u32              = 4
llama_model_loader: - kv  19:                       qwen2.rope.freq_base f32              = 1000000.000000
llama_model_loader: - kv  20:     qwen2.attention.layer_norm_rms_epsilon f32              = 0.000001
llama_model_loader: - kv  21:                          general.file_type u32              = 32
llama_model_loader: - kv  22:               general.quantization_version u32              = 2
llama_model_loader: - kv  23:                       tokenizer.ggml.model str              = gpt2
llama_model_loader: - kv  24:                         tokenizer.ggml.pre str              = qwen2
llama_model_loader: - kv  25:                      tokenizer.ggml.tokens arr[str,152064]  = ["!", "\"", "#", "$", "%", "&", "'", ...
llama_model_loader: - kv  26:                  tokenizer.ggml.token_type arr[i32,152064]  = [1, 1, 1, 1, 1, 1, 1, 1, 1, 1, 1, 1, ...
llama_model_loader: - kv  27:                      tokenizer.ggml.merges arr[str,151387]  = ["Ġ Ġ", "ĠĠ ĠĠ", "i n", "Ġ t",...
llama_model_loader: - kv  28:                tokenizer.ggml.eos_token_id u32              = 151643
llama_model_loader: - kv  29:            tokenizer.ggml.padding_token_id u32              = 151643
llama_model_loader: - kv  30:                tokenizer.ggml.bos_token_id u32              = 151643
llama_model_loader: - kv  31:               tokenizer.ggml.add_bos_token bool             = false
llama_model_loader: - kv  32:                    tokenizer.chat_template str              = {%- if tools %}\n    {{- '<|im_start|>...
llama_model_loader: - type  f32:  141 tensors
llama_model_loader: - type bf16:  198 tensors
print_info: file format = GGUF V3 (latest)
print_info: file type   = BF16
print_info: file size   = 14.19 GiB (16.00 BPW) 
llama_prepare_model_devices: using device CUDA0 (NVIDIA GeForce RTX 3090) (0000:61:00.0) - 18146 MiB free
init_tokenizer: initializing tokenizer for type 2
load: 0 unused tokens
load: control token: 151660 '<|fim_middle|>' is not marked as EOG
load: control token: 151659 '<|fim_prefix|>' is not marked as EOG
load: control token: 151653 '<|vision_end|>' is not marked as EOG
load: control token: 151648 '<|box_start|>' is not marked as EOG
load: control token: 151646 '<|object_ref_start|>' is not marked as EOG
load: control token: 151649 '<|box_end|>' is not marked as EOG
load: control-looking token: 128247 '</s>' was not control-type; this is probably a bug in the model. its type will be overridden
load: control token: 151655 '<|image_pad|>' is not marked as EOG
load: control token: 151651 '<|quad_end|>' is not marked as EOG
load: control token: 151647 '<|object_ref_end|>' is not marked as EOG
load: control token: 151652 '<|vision_start|>' is not marked as EOG
load: control token: 151654 '<|vision_pad|>' is not marked as EOG
load: control token: 151656 '<|video_pad|>' is not marked as EOG
load: control token: 151644 '<|im_start|>' is not marked as EOG
load: control token: 151661 '<|fim_suffix|>' is not marked as EOG
load: control token: 151650 '<|quad_start|>' is not marked as EOG
load: printing all EOG tokens:
load:   - 128247 ('</s>')
load:   - 151643 ('<|endoftext|>')
load:   - 151645 ('<|im_end|>')
load:   - 151662 ('<|fim_pad|>')
load:   - 151663 ('<|repo_name|>')
load:   - 151664 ('<|file_sep|>')
load: special tokens cache size = 23
load: token to piece cache size = 0.9310 MB
print_info: arch                  = qwen2
print_info: vocab_only            = 0
print_info: no_alloc              = 0
print_info: n_ctx_train           = 32768
print_info: n_embd_inp            = 3584
print_info: n_embd                = 3584
print_info: n_embd_out            = 3584
print_info: n_layer               = 28
print_info: n_layer_all           = 28
print_info: n_head                = 28
print_info: n_head_kv             = 4
print_info: n_rot                 = 128
print_info: n_swa                 = 0
print_info: is_swa_any            = 0
print_info: n_embd_head_k         = 128
print_info: n_embd_head_v         = 128
print_info: n_gqa                 = 7
print_info: n_embd_k_gqa          = 512
print_info: n_embd_v_gqa          = 512
print_info: f_norm_eps            = 0.0e+00
print_info: f_norm_rms_eps        = 1.0e-06
print_info: f_clamp_kqv           = 0.0e+00
print_info: f_max_alibi_bias      = 0.0e+00
print_info: f_logit_scale         = 0.0e+00
print_info: f_attn_scale          = 0.0e+00
print_info: f_attn_value_scale    = 0.0000
print_info: n_ff                  = 18944
print_info: n_expert              = 0
print_info: n_expert_used         = 0
print_info: n_expert_groups       = 0
print_info: n_group_used          = 0
print_info: causal attn           = 1
print_info: pooling type          = -1
print_info: rope type             = 2
print_info: rope scaling          = linear
print_info: freq_base_train       = 1000000.0
print_info: freq_scale_train      = 1
print_info: n_ctx_orig_yarn       = 32768
print_info: rope_yarn_log_mul     = 0.0000
print_info: rope_finetuned        = unknown
print_info: model type            = 7B
print_info: model params          = 7.62 B
print_info: general.name          = 0396a76181e127dfc13e5c5ec48a8cee09938b02
print_info: vocab type            = BPE
print_info: n_vocab               = 152064
print_info: n_merges              = 151387
print_info: BOS token             = 151643 '<|endoftext|>'
print_info: EOS token             = 151643 '<|endoftext|>'
print_info: EOT token             = 151645 '<|im_end|>'
print_info: PAD token             = 151643 '<|endoftext|>'
print_info: LF token              = 198 'Ċ'
print_info: FIM PRE token         = 151659 '<|fim_prefix|>'
print_info: FIM SUF token         = 151661 '<|fim_suffix|>'
print_info: FIM MID token         = 151660 '<|fim_middle|>'
print_info: FIM PAD token         = 151662 '<|fim_pad|>'
print_info: FIM REP token         = 151663 '<|repo_name|>'
print_info: FIM SEP token         = 151664 '<|file_sep|>'
print_info: EOG token             = 128247 '</s>'
print_info: EOG token             = 151643 '<|endoftext|>'
print_info: EOG token             = 151645 '<|im_end|>'
print_info: EOG token             = 151662 '<|fim_pad|>'
print_info: EOG token             = 151663 '<|repo_name|>'
print_info: EOG token             = 151664 '<|file_sep|>'
print_info: max token length      = 256
load_tensors: loading model tensors, this can take a while... (mmap = true, direct_io = false)
load_tensors: layer   0 assigned to device CPU, is_swa = 0
load_tensors: layer   1 assigned to device CPU, is_swa = 0
load_tensors: layer   2 assigned to device CPU, is_swa = 0
load_tensors: layer   3 assigned to device CUDA0, is_swa = 0
load_tensors: layer   4 assigned to device CUDA0, is_swa = 0
load_tensors: layer   5 assigned to device CUDA0, is_swa = 0
load_tensors: layer   6 assigned to device CUDA0, is_swa = 0
load_tensors: layer   7 assigned to device CUDA0, is_swa = 0
load_tensors: layer   8 assigned to device CUDA0, is_swa = 0
load_tensors: layer   9 assigned to device CUDA0, is_swa = 0
load_tensors: layer  10 assigned to device CUDA0, is_swa = 0
load_tensors: layer  11 assigned to device CUDA0, is_swa = 0
load_tensors: layer  12 assigned to device CUDA0, is_swa = 0
load_tensors: layer  13 assigned to device CUDA0, is_swa = 0
load_tensors: layer  14 assigned to device CUDA0, is_swa = 0
load_tensors: layer  15 assigned to device CUDA0, is_swa = 0
load_tensors: layer  16 assigned to device CUDA0, is_swa = 0
load_tensors: layer  17 assigned to device CUDA0, is_swa = 0
load_tensors: layer  18 assigned to device CUDA0, is_swa = 0
load_tensors: layer  19 assigned to device CUDA0, is_swa = 0
load_tensors: layer  20 assigned to device CUDA0, is_swa = 0
load_tensors: layer  21 assigned to device CUDA0, is_swa = 0
load_tensors: layer  22 assigned to device CUDA0, is_swa = 0
load_tensors: layer  23 assigned to device CUDA0, is_swa = 0
load_tensors: layer  24 assigned to device CUDA0, is_swa = 0
load_tensors: layer  25 assigned to device CUDA0, is_swa = 0
load_tensors: layer  26 assigned to device CUDA0, is_swa = 0
load_tensors: layer  27 assigned to device CUDA0, is_swa = 0
load_tensors: layer  28 assigned to device CUDA0, is_swa = 0
create_tensor: loading tensor token_embd.weight
create_tensor: loading tensor output_norm.weight
create_tensor: loading tensor output.weight
create_tensor: loading tensor blk.0.attn_norm.weight
create_tensor: loading tensor blk.0.attn_q.weight
create_tensor: loading tensor blk.0.attn_k.weight
create_tensor: loading tensor blk.0.attn_v.weight
create_tensor: loading tensor blk.0.attn_q.bias
create_tensor: loading tensor blk.0.attn_k.bias
create_tensor: loading tensor blk.0.attn_v.bias
create_tensor: loading tensor blk.0.attn_output.weight
create_tensor: loading tensor blk.0.ffn_norm.weight
create_tensor: loading tensor blk.0.ffn_gate.weight
create_tensor: loading tensor blk.0.ffn_down.weight
create_tensor: loading tensor blk.0.ffn_up.weight
create_tensor: loading tensor blk.1.attn_norm.weight
create_tensor: loading tensor blk.1.attn_q.weight
create_tensor: loading tensor blk.1.attn_k.weight
create_tensor: loading tensor blk.1.attn_v.weight
create_tensor: loading tensor blk.1.attn_q.bias
create_tensor: loading tensor blk.1.attn_k.bias
create_tensor: loading tensor blk.1.attn_v.bias
create_tensor: loading tensor blk.1.attn_output.weight
create_tensor: loading tensor blk.1.ffn_norm.weight
create_tensor: loading tensor blk.1.ffn_gate.weight
create_tensor: loading tensor blk.1.ffn_down.weight
create_tensor: loading tensor blk.1.ffn_up.weight
create_tensor: loading tensor blk.2.attn_norm.weight
create_tensor: loading tensor blk.2.attn_q.weight
create_tensor: loading tensor blk.2.attn_k.weight
create_tensor: loading tensor blk.2.attn_v.weight
create_tensor: loading tensor blk.2.attn_q.bias
create_tensor: loading tensor blk.2.attn_k.bias
create_tensor: loading tensor blk.2.attn_v.bias
create_tensor: loading tensor blk.2.attn_output.weight
create_tensor: loading tensor blk.2.ffn_norm.weight
create_tensor: loading tensor blk.2.ffn_gate.weight
create_tensor: loading tensor blk.2.ffn_down.weight
create_tensor: loading tensor blk.2.ffn_up.weight
create_tensor: loading tensor blk.3.attn_norm.weight
create_tensor: loading tensor blk.3.attn_q.weight
create_tensor: loading tensor blk.3.attn_k.weight
create_tensor: loading tensor blk.3.attn_v.weight
create_tensor: loading tensor blk.3.attn_q.bias
create_tensor: loading tensor blk.3.attn_k.bias
create_tensor: loading tensor blk.3.attn_v.bias
create_tensor: loading tensor blk.3.attn_output.weight
create_tensor: loading tensor blk.3.ffn_norm.weight
create_tensor: loading tensor blk.3.ffn_gate.weight
create_tensor: loading tensor blk.3.ffn_down.weight
create_tensor: loading tensor blk.3.ffn_up.weight
create_tensor: loading tensor blk.4.attn_norm.weight
create_tensor: loading tensor blk.4.attn_q.weight
create_tensor: loading tensor blk.4.attn_k.weight
create_tensor: loading tensor blk.4.attn_v.weight
create_tensor: loading tensor blk.4.attn_q.bias
create_tensor: loading tensor blk.4.attn_k.bias
create_tensor: loading tensor blk.4.attn_v.bias
create_tensor: loading tensor blk.4.attn_output.weight
create_tensor: loading tensor blk.4.ffn_norm.weight
create_tensor: loading tensor blk.4.ffn_gate.weight
create_tensor: loading tensor blk.4.ffn_down.weight
create_tensor: loading tensor blk.4.ffn_up.weight
create_tensor: loading tensor blk.5.attn_norm.weight
create_tensor: loading tensor blk.5.attn_q.weight
create_tensor: loading tensor blk.5.attn_k.weight
create_tensor: loading tensor blk.5.attn_v.weight
create_tensor: loading tensor blk.5.attn_q.bias
create_tensor: loading tensor blk.5.attn_k.bias
create_tensor: loading tensor blk.5.attn_v.bias
create_tensor: loading tensor blk.5.attn_output.weight
create_tensor: loading tensor blk.5.ffn_norm.weight
create_tensor: loading tensor blk.5.ffn_gate.weight
create_tensor: loading tensor blk.5.ffn_down.weight
create_tensor: loading tensor blk.5.ffn_up.weight
create_tensor: loading tensor blk.6.attn_norm.weight
create_tensor: loading tensor blk.6.attn_q.weight
create_tensor: loading tensor blk.6.attn_k.weight
create_tensor: loading tensor blk.6.attn_v.weight
create_tensor: loading tensor blk.6.attn_q.bias
create_tensor: loading tensor blk.6.attn_k.bias
create_tensor: loading tensor blk.6.attn_v.bias
create_tensor: loading tensor blk.6.attn_output.weight
create_tensor: loading tensor blk.6.ffn_norm.weight
create_tensor: loading tensor blk.6.ffn_gate.weight
create_tensor: loading tensor blk.6.ffn_down.weight
create_tensor: loading tensor blk.6.ffn_up.weight
create_tensor: loading tensor blk.7.attn_norm.weight
create_tensor: loading tensor blk.7.attn_q.weight
create_tensor: loading tensor blk.7.attn_k.weight
create_tensor: loading tensor blk.7.attn_v.weight
create_tensor: loading tensor blk.7.attn_q.bias
create_tensor: loading tensor blk.7.attn_k.bias
create_tensor: loading tensor blk.7.attn_v.bias
create_tensor: loading tensor blk.7.attn_output.weight
create_tensor: loading tensor blk.7.ffn_norm.weight
create_tensor: loading tensor blk.7.ffn_gate.weight
create_tensor: loading tensor blk.7.ffn_down.weight
create_tensor: loading tensor blk.7.ffn_up.weight
create_tensor: loading tensor blk.8.attn_norm.weight
create_tensor: loading tensor blk.8.attn_q.weight
create_tensor: loading tensor blk.8.attn_k.weight
create_tensor: loading tensor blk.8.attn_v.weight
create_tensor: loading tensor blk.8.attn_q.bias
create_tensor: loading tensor blk.8.attn_k.bias
create_tensor: loading tensor blk.8.attn_v.bias
create_tensor: loading tensor blk.8.attn_output.weight
create_tensor: loading tensor blk.8.ffn_norm.weight
create_tensor: loading tensor blk.8.ffn_gate.weight
create_tensor: loading tensor blk.8.ffn_down.weight
create_tensor: loading tensor blk.8.ffn_up.weight
create_tensor: loading tensor blk.9.attn_norm.weight
create_tensor: loading tensor blk.9.attn_q.weight
create_tensor: loading tensor blk.9.attn_k.weight
create_tensor: loading tensor blk.9.attn_v.weight
create_tensor: loading tensor blk.9.attn_q.bias
create_tensor: loading tensor blk.9.attn_k.bias
create_tensor: loading tensor blk.9.attn_v.bias
create_tensor: loading tensor blk.9.attn_output.weight
create_tensor: loading tensor blk.9.ffn_norm.weight
create_tensor: loading tensor blk.9.ffn_gate.weight
create_tensor: loading tensor blk.9.ffn_down.weight
create_tensor: loading tensor blk.9.ffn_up.weight
create_tensor: loading tensor blk.10.attn_norm.weight
create_tensor: loading tensor blk.10.attn_q.weight
create_tensor: loading tensor blk.10.attn_k.weight
create_tensor: loading tensor blk.10.attn_v.weight
create_tensor: loading tensor blk.10.attn_q.bias
create_tensor: loading tensor blk.10.attn_k.bias
create_tensor: loading tensor blk.10.attn_v.bias
create_tensor: loading tensor blk.10.attn_output.weight
create_tensor: loading tensor blk.10.ffn_norm.weight
create_tensor: loading tensor blk.10.ffn_gate.weight
create_tensor: loading tensor blk.10.ffn_down.weight
create_tensor: loading tensor blk.10.ffn_up.weight
create_tensor: loading tensor blk.11.attn_norm.weight
create_tensor: loading tensor blk.11.attn_q.weight
create_tensor: loading tensor blk.11.attn_k.weight
create_tensor: loading tensor blk.11.attn_v.weight
create_tensor: loading tensor blk.11.attn_q.bias
create_tensor: loading tensor blk.11.attn_k.bias
create_tensor: loading tensor blk.11.attn_v.bias
create_tensor: loading tensor blk.11.attn_output.weight
create_tensor: loading tensor blk.11.ffn_norm.weight
create_tensor: loading tensor blk.11.ffn_gate.weight
create_tensor: loading tensor blk.11.ffn_down.weight
create_tensor: loading tensor blk.11.ffn_up.weight
create_tensor: loading tensor blk.12.attn_norm.weight
create_tensor: loading tensor blk.12.attn_q.weight
create_tensor: loading tensor blk.12.attn_k.weight
create_tensor: loading tensor blk.12.attn_v.weight
create_tensor: loading tensor blk.12.attn_q.bias
create_tensor: loading tensor blk.12.attn_k.bias
create_tensor: loading tensor blk.12.attn_v.bias
create_tensor: loading tensor blk.12.attn_output.weight
create_tensor: loading tensor blk.12.ffn_norm.weight
create_tensor: loading tensor blk.12.ffn_gate.weight
create_tensor: loading tensor blk.12.ffn_down.weight
create_tensor: loading tensor blk.12.ffn_up.weight
create_tensor: loading tensor blk.13.attn_norm.weight
create_tensor: loading tensor blk.13.attn_q.weight
create_tensor: loading tensor blk.13.attn_k.weight
create_tensor: loading tensor blk.13.attn_v.weight
create_tensor: loading tensor blk.13.attn_q.bias
create_tensor: loading tensor blk.13.attn_k.bias
create_tensor: loading tensor blk.13.attn_v.bias
create_tensor: loading tensor blk.13.attn_output.weight
create_tensor: loading tensor blk.13.ffn_norm.weight
create_tensor: loading tensor blk.13.ffn_gate.weight
create_tensor: loading tensor blk.13.ffn_down.weight
create_tensor: loading tensor blk.13.ffn_up.weight
create_tensor: loading tensor blk.14.attn_norm.weight
create_tensor: loading tensor blk.14.attn_q.weight
create_tensor: loading tensor blk.14.attn_k.weight
create_tensor: loading tensor blk.14.attn_v.weight
create_tensor: loading tensor blk.14.attn_q.bias
create_tensor: loading tensor blk.14.attn_k.bias
create_tensor: loading tensor blk.14.attn_v.bias
create_tensor: loading tensor blk.14.attn_output.weight
create_tensor: loading tensor blk.14.ffn_norm.weight
create_tensor: loading tensor blk.14.ffn_gate.weight
create_tensor: loading tensor blk.14.ffn_down.weight
create_tensor: loading tensor blk.14.ffn_up.weight
create_tensor: loading tensor blk.15.attn_norm.weight
create_tensor: loading tensor blk.15.attn_q.weight
create_tensor: loading tensor blk.15.attn_k.weight
create_tensor: loading tensor blk.15.attn_v.weight
create_tensor: loading tensor blk.15.attn_q.bias
create_tensor: loading tensor blk.15.attn_k.bias
create_tensor: loading tensor blk.15.attn_v.bias
create_tensor: loading tensor blk.15.attn_output.weight
create_tensor: loading tensor blk.15.ffn_norm.weight
create_tensor: loading tensor blk.15.ffn_gate.weight
create_tensor: loading tensor blk.15.ffn_down.weight
create_tensor: loading tensor blk.15.ffn_up.weight
create_tensor: loading tensor blk.16.attn_norm.weight
create_tensor: loading tensor blk.16.attn_q.weight
create_tensor: loading tensor blk.16.attn_k.weight
create_tensor: loading tensor blk.16.attn_v.weight
create_tensor: loading tensor blk.16.attn_q.bias
create_tensor: loading tensor blk.16.attn_k.bias
create_tensor: loading tensor blk.16.attn_v.bias
create_tensor: loading tensor blk.16.attn_output.weight
create_tensor: loading tensor blk.16.ffn_norm.weight
create_tensor: loading tensor blk.16.ffn_gate.weight
create_tensor: loading tensor blk.16.ffn_down.weight
create_tensor: loading tensor blk.16.ffn_up.weight
create_tensor: loading tensor blk.17.attn_norm.weight
create_tensor: loading tensor blk.17.attn_q.weight
create_tensor: loading tensor blk.17.attn_k.weight
create_tensor: loading tensor blk.17.attn_v.weight
create_tensor: loading tensor blk.17.attn_q.bias
create_tensor: loading tensor blk.17.attn_k.bias
create_tensor: loading tensor blk.17.attn_v.bias
create_tensor: loading tensor blk.17.attn_output.weight
create_tensor: loading tensor blk.17.ffn_norm.weight
create_tensor: loading tensor blk.17.ffn_gate.weight
create_tensor: loading tensor blk.17.ffn_down.weight
create_tensor: loading tensor blk.17.ffn_up.weight
create_tensor: loading tensor blk.18.attn_norm.weight
create_tensor: loading tensor blk.18.attn_q.weight
create_tensor: loading tensor blk.18.attn_k.weight
create_tensor: loading tensor blk.18.attn_v.weight
create_tensor: loading tensor blk.18.attn_q.bias
create_tensor: loading tensor blk.18.attn_k.bias
create_tensor: loading tensor blk.18.attn_v.bias
create_tensor: loading tensor blk.18.attn_output.weight
create_tensor: loading tensor blk.18.ffn_norm.weight
create_tensor: loading tensor blk.18.ffn_gate.weight
create_tensor: loading tensor blk.18.ffn_down.weight
create_tensor: loading tensor blk.18.ffn_up.weight
create_tensor: loading tensor blk.19.attn_norm.weight
create_tensor: loading tensor blk.19.attn_q.weight
create_tensor: loading tensor blk.19.attn_k.weight
create_tensor: loading tensor blk.19.attn_v.weight
create_tensor: loading tensor blk.19.attn_q.bias
create_tensor: loading tensor blk.19.attn_k.bias
create_tensor: loading tensor blk.19.attn_v.bias
create_tensor: loading tensor blk.19.attn_output.weight
create_tensor: loading tensor blk.19.ffn_norm.weight
create_tensor: loading tensor blk.19.ffn_gate.weight
create_tensor: loading tensor blk.19.ffn_down.weight
create_tensor: loading tensor blk.19.ffn_up.weight
create_tensor: loading tensor blk.20.attn_norm.weight
create_tensor: loading tensor blk.20.attn_q.weight
create_tensor: loading tensor blk.20.attn_k.weight
create_tensor: loading tensor blk.20.attn_v.weight
create_tensor: loading tensor blk.20.attn_q.bias
create_tensor: loading tensor blk.20.attn_k.bias
create_tensor: loading tensor blk.20.attn_v.bias
create_tensor: loading tensor blk.20.attn_output.weight
create_tensor: loading tensor blk.20.ffn_norm.weight
create_tensor: loading tensor blk.20.ffn_gate.weight
create_tensor: loading tensor blk.20.ffn_down.weight
create_tensor: loading tensor blk.20.ffn_up.weight
create_tensor: loading tensor blk.21.attn_norm.weight
create_tensor: loading tensor blk.21.attn_q.weight
create_tensor: loading tensor blk.21.attn_k.weight
create_tensor: loading tensor blk.21.attn_v.weight
create_tensor: loading tensor blk.21.attn_q.bias
create_tensor: loading tensor blk.21.attn_k.bias
create_tensor: loading tensor blk.21.attn_v.bias
create_tensor: loading tensor blk.21.attn_output.weight
create_tensor: loading tensor blk.21.ffn_norm.weight
create_tensor: loading tensor blk.21.ffn_gate.weight
create_tensor: loading tensor blk.21.ffn_down.weight
create_tensor: loading tensor blk.21.ffn_up.weight
create_tensor: loading tensor blk.22.attn_norm.weight
create_tensor: loading tensor blk.22.attn_q.weight
create_tensor: loading tensor blk.22.attn_k.weight
create_tensor: loading tensor blk.22.attn_v.weight
create_tensor: loading tensor blk.22.attn_q.bias
create_tensor: loading tensor blk.22.attn_k.bias
create_tensor: loading tensor blk.22.attn_v.bias
create_tensor: loading tensor blk.22.attn_output.weight
create_tensor: loading tensor blk.22.ffn_norm.weight
create_tensor: loading tensor blk.22.ffn_gate.weight
create_tensor: loading tensor blk.22.ffn_down.weight
create_tensor: loading tensor blk.22.ffn_up.weight
create_tensor: loading tensor blk.23.attn_norm.weight
create_tensor: loading tensor blk.23.attn_q.weight
create_tensor: loading tensor blk.23.attn_k.weight
create_tensor: loading tensor blk.23.attn_v.weight
create_tensor: loading tensor blk.23.attn_q.bias
create_tensor: loading tensor blk.23.attn_k.bias
create_tensor: loading tensor blk.23.attn_v.bias
create_tensor: loading tensor blk.23.attn_output.weight
create_tensor: loading tensor blk.23.ffn_norm.weight
create_tensor: loading tensor blk.23.ffn_gate.weight
create_tensor: loading tensor blk.23.ffn_down.weight
create_tensor: loading tensor blk.23.ffn_up.weight
create_tensor: loading tensor blk.24.attn_norm.weight
create_tensor: loading tensor blk.24.attn_q.weight
create_tensor: loading tensor blk.24.attn_k.weight
create_tensor: loading tensor blk.24.attn_v.weight
create_tensor: loading tensor blk.24.attn_q.bias
create_tensor: loading tensor blk.24.attn_k.bias
create_tensor: loading tensor blk.24.attn_v.bias
create_tensor: loading tensor blk.24.attn_output.weight
create_tensor: loading tensor blk.24.ffn_norm.weight
create_tensor: loading tensor blk.24.ffn_gate.weight
create_tensor: loading tensor blk.24.ffn_down.weight
create_tensor: loading tensor blk.24.ffn_up.weight
create_tensor: loading tensor blk.25.attn_norm.weight
create_tensor: loading tensor blk.25.attn_q.weight
create_tensor: loading tensor blk.25.attn_k.weight
create_tensor: loading tensor blk.25.attn_v.weight
create_tensor: loading tensor blk.25.attn_q.bias
create_tensor: loading tensor blk.25.attn_k.bias
create_tensor: loading tensor blk.25.attn_v.bias
create_tensor: loading tensor blk.25.attn_output.weight
create_tensor: loading tensor blk.25.ffn_norm.weight
create_tensor: loading tensor blk.25.ffn_gate.weight
create_tensor: loading tensor blk.25.ffn_down.weight
create_tensor: loading tensor blk.25.ffn_up.weight
create_tensor: loading tensor blk.26.attn_norm.weight
create_tensor: loading tensor blk.26.attn_q.weight
create_tensor: loading tensor blk.26.attn_k.weight
create_tensor: loading tensor blk.26.attn_v.weight
create_tensor: loading tensor blk.26.attn_q.bias
create_tensor: loading tensor blk.26.attn_k.bias
create_tensor: loading tensor blk.26.attn_v.bias
create_tensor: loading tensor blk.26.attn_output.weight
create_tensor: loading tensor blk.26.ffn_norm.weight
create_tensor: loading tensor blk.26.ffn_gate.weight
create_tensor: loading tensor blk.26.ffn_down.weight
create_tensor: loading tensor blk.26.ffn_up.weight
create_tensor: loading tensor blk.27.attn_norm.weight
create_tensor: loading tensor blk.27.attn_q.weight
create_tensor: loading tensor blk.27.attn_k.weight
create_tensor: loading tensor blk.27.attn_v.weight
create_tensor: loading tensor blk.27.attn_q.bias
create_tensor: loading tensor blk.27.attn_k.bias
create_tensor: loading tensor blk.27.attn_v.bias
create_tensor: loading tensor blk.27.attn_output.weight
create_tensor: loading tensor blk.27.ffn_norm.weight
create_tensor: loading tensor blk.27.ffn_gate.weight
create_tensor: loading tensor blk.27.ffn_down.weight
create_tensor: loading tensor blk.27.ffn_up.weight
done_getting_tensors: tensor 'token_embd.weight' (bf16) (and 36 others) cannot be used with preferred buffer type CUDA_Host, using CPU instead
load_tensors: offloading output layer to GPU
load_tensors: offloading 25 repeating layers to GPU
load_tensors: offloaded 26/29 layers to GPU
load_tensors:   CPU_Mapped model buffer size =  2373.13 MiB
load_tensors:        CUDA0 model buffer size = 12153.14 MiB
........................................................................................
llama_context: constructing llama_context
llama_context: n_seq_max     = 1
llama_context: n_ctx         = 768
llama_context: n_ctx_seq     = 768
llama_context: n_batch       = 746
llama_context: n_ubatch      = 512
llama_context: causal_attn   = 1
llama_context: flash_attn    = auto
llama_context: kv_unified    = false
llama_context: freq_base     = 1000000.0
llama_context: freq_scale    = 1
llama_context: n_rs_seq      = 0
llama_context: n_outputs_max = 746
llama_context: n_ctx_seq (768) < n_ctx_train (32768) -- the full capacity of the model will not be utilized
set_abort_callback: call
llama_context:  CUDA_Host  output buffer size =     0.58 MiB
llama_kv_cache: layer   0: dev = CPU
llama_kv_cache: layer   1: dev = CPU
llama_kv_cache: layer   2: dev = CPU
llama_kv_cache: layer   3: dev = CUDA0
llama_kv_cache: layer   4: dev = CUDA0
llama_kv_cache: layer   5: dev = CUDA0
llama_kv_cache: layer   6: dev = CUDA0
llama_kv_cache: layer   7: dev = CUDA0
llama_kv_cache: layer   8: dev = CUDA0
llama_kv_cache: layer   9: dev = CUDA0
llama_kv_cache: layer  10: dev = CUDA0
llama_kv_cache: layer  11: dev = CUDA0
llama_kv_cache: layer  12: dev = CUDA0
llama_kv_cache: layer  13: dev = CUDA0
llama_kv_cache: layer  14: dev = CUDA0
llama_kv_cache: layer  15: dev = CUDA0
llama_kv_cache: layer  16: dev = CUDA0
llama_kv_cache: layer  17: dev = CUDA0
llama_kv_cache: layer  18: dev = CUDA0
llama_kv_cache: layer  19: dev = CUDA0
llama_kv_cache: layer  20: dev = CUDA0
llama_kv_cache: layer  21: dev = CUDA0
llama_kv_cache: layer  22: dev = CUDA0
llama_kv_cache: layer  23: dev = CUDA0
llama_kv_cache: layer  24: dev = CUDA0
llama_kv_cache: layer  25: dev = CUDA0
llama_kv_cache: layer  26: dev = CUDA0
llama_kv_cache: layer  27: dev = CUDA0
llama_kv_cache:        CPU KV buffer size =     4.50 MiB
llama_kv_cache:      CUDA0 KV buffer size =    37.50 MiB
llama_kv_cache: size =   42.00 MiB (   768 cells,  28 layers,  1/1 seqs), K (f16):   21.00 MiB, V (f16):   21.00 MiB
llama_kv_cache: attn_rot_k = 0, n_embd_head_k_all = 128
llama_kv_cache: attn_rot_v = 0, n_embd_head_k_all = 128
llama_context: enumerating backends
llama_context: backend_ptrs.size() = 2
sched_reserve: reserving ...
sched_reserve: max_nodes = 2712
sched_reserve: reserving full memory module
sched_reserve: worst-case: n_tokens = 512, n_seqs = 1, n_outputs = 1
graph_reserve: reserving a graph for ubatch with n_tokens =    1, n_seqs =  1, n_outputs =    1
sched_reserve: Flash Attention was auto, set to enabled
sched_reserve: resolving fused Gated Delta Net support:
graph_reserve: reserving a graph for ubatch with n_tokens =    1, n_seqs =  1, n_outputs =    1
sched_reserve: fused Gated Delta Net (autoregressive) enabled
graph_reserve: reserving a graph for ubatch with n_tokens =   16, n_seqs =  1, n_outputs =   16
sched_reserve: fused Gated Delta Net (chunked) enabled
graph_reserve: reserving a graph for ubatch with n_tokens =  512, n_seqs =  1, n_outputs =  512
graph_reserve: reserving a graph for ubatch with n_tokens =    1, n_seqs =  1, n_outputs =    1
graph_reserve: reserving a graph for ubatch with n_tokens =  512, n_seqs =  1, n_outputs =  512
sched_reserve:      CUDA0 compute buffer size =   304.00 MiB
sched_reserve:  CUDA_Host compute buffer size =    14.76 MiB
sched_reserve: graph nodes  = 958
sched_reserve: graph splits = 44 (with bs=512), 2 (with bs=1)
sched_reserve: reserve took 18.59 ms, sched copies = 1
CUDA Graph id 150 reused
ggml_backend_cuda_graph_compute: CUDA graph warmup complete
CUDA Graph id 150 reused
CUDA Graph id 150 reused
CUDA Graph id 150 reused
CUDA Graph id 150 reused
CUDA Graph id 150 reused
CUDA Graph id 150 reused
CUDA Graph id 150 reused
CUDA Graph id 150 reused
CUDA Graph id 150 reused
~llama_context:      CUDA0 compute buffer size is 304.0000 MiB, matches expectation of 304.0000 MiB
~llama_context:  CUDA_Host compute buffer size is  14.7637 MiB, matches expectation of  14.7637 MiB
llama_context: constructing llama_context
llama_context: n_seq_max     = 1
llama_context: n_ctx         = 768
llama_context: n_ctx_seq     = 768
llama_context: n_batch       = 746
llama_context: n_ubatch      = 512
llama_context: causal_attn   = 1
llama_context: flash_attn    = auto
llama_context: kv_unified    = false
llama_context: freq_base     = 1000000.0
llama_context: freq_scale    = 1
llama_context: n_rs_seq      = 0
llama_context: n_outputs_max = 746
llama_context: n_ctx_seq (768) < n_ctx_train (32768) -- the full capacity of the model will not be utilized
set_abort_callback: call
llama_context:  CUDA_Host  output buffer size =     0.58 MiB
llama_kv_cache: layer   0: dev = CPU
llama_kv_cache: layer   1: dev = CPU
llama_kv_cache: layer   2: dev = CPU
llama_kv_cache: layer   3: dev = CUDA0
llama_kv_cache: layer   4: dev = CUDA0
llama_kv_cache: layer   5: dev = CUDA0
llama_kv_cache: layer   6: dev = CUDA0
llama_kv_cache: layer   7: dev = CUDA0
llama_kv_cache: layer   8: dev = CUDA0
llama_kv_cache: layer   9: dev = CUDA0
llama_kv_cache: layer  10: dev = CUDA0
llama_kv_cache: layer  11: dev = CUDA0
llama_kv_cache: layer  12: dev = CUDA0
llama_kv_cache: layer  13: dev = CUDA0
llama_kv_cache: layer  14: dev = CUDA0
llama_kv_cache: layer  15: dev = CUDA0
llama_kv_cache: layer  16: dev = CUDA0
llama_kv_cache: layer  17: dev = CUDA0
llama_kv_cache: layer  18: dev = CUDA0
llama_kv_cache: layer  19: dev = CUDA0
llama_kv_cache: layer  20: dev = CUDA0
llama_kv_cache: layer  21: dev = CUDA0
llama_kv_cache: layer  22: dev = CUDA0
llama_kv_cache: layer  23: dev = CUDA0
llama_kv_cache: layer  24: dev = CUDA0
llama_kv_cache: layer  25: dev = CUDA0
llama_kv_cache: layer  26: dev = CUDA0
llama_kv_cache: layer  27: dev = CUDA0
llama_kv_cache:        CPU KV buffer size =     4.50 MiB
llama_kv_cache:      CUDA0 KV buffer size =    37.50 MiB
llama_kv_cache: size =   42.00 MiB (   768 cells,  28 layers,  1/1 seqs), K (f16):   21.00 MiB, V (f16):   21.00 MiB
llama_kv_cache: attn_rot_k = 0, n_embd_head_k_all = 128
llama_kv_cache: attn_rot_v = 0, n_embd_head_k_all = 128
llama_context: enumerating backends
llama_context: backend_ptrs.size() = 2
sched_reserve: reserving ...
sched_reserve: max_nodes = 2712
sched_reserve: reserving full memory module
sched_reserve: worst-case: n_tokens = 512, n_seqs = 1, n_outputs = 1
graph_reserve: reserving a graph for ubatch with n_tokens =    1, n_seqs =  1, n_outputs =    1
sched_reserve: Flash Attention was auto, set to enabled
sched_reserve: resolving fused Gated Delta Net support:
graph_reserve: reserving a graph for ubatch with n_tokens =    1, n_seqs =  1, n_outputs =    1
sched_reserve: fused Gated Delta Net (autoregressive) enabled
graph_reserve: reserving a graph for ubatch with n_tokens =   16, n_seqs =  1, n_outputs =   16
sched_reserve: fused Gated Delta Net (chunked) enabled
graph_reserve: reserving a graph for ubatch with n_tokens =  512, n_seqs =  1, n_outputs =  512
graph_reserve: reserving a graph for ubatch with n_tokens =    1, n_seqs =  1, n_outputs =    1
graph_reserve: reserving a graph for ubatch with n_tokens =  512, n_seqs =  1, n_outputs =  512
sched_reserve:      CUDA0 compute buffer size =   304.00 MiB
sched_reserve:  CUDA_Host compute buffer size =    14.76 MiB
sched_reserve: graph nodes  = 958
sched_reserve: graph splits = 44 (with bs=512), 2 (with bs=1)
sched_reserve: reserve took 17.29 ms, sched copies = 1
CUDA Graph id 300 reused
ggml_backend_cuda_graph_compute: CUDA graph warmup complete
CUDA Graph id 300 reused
CUDA Graph id 300 reused
CUDA Graph id 300 reused
CUDA Graph id 300 reused
CUDA Graph id 300 reused
CUDA Graph id 300 reused
CUDA Graph id 300 reused
CUDA Graph id 300 reused
CUDA Graph id 300 reused
~llama_context:      CUDA0 compute buffer size is 304.0000 MiB, matches expectation of 304.0000 MiB
~llama_context:  CUDA_Host compute buffer size is  14.7637 MiB, matches expectation of  14.7637 MiB
llama_context: constructing llama_context
llama_context: n_seq_max     = 1
llama_context: n_ctx         = 768
llama_context: n_ctx_seq     = 768
llama_context: n_batch       = 746
llama_context: n_ubatch      = 512
llama_context: causal_attn   = 1
llama_context: flash_attn    = auto
llama_context: kv_unified    = false
llama_context: freq_base     = 1000000.0
llama_context: freq_scale    = 1
llama_context: n_rs_seq      = 0
llama_context: n_outputs_max = 746
llama_context: n_ctx_seq (768) < n_ctx_train (32768) -- the full capacity of the model will not be utilized
set_abort_callback: call
llama_context:  CUDA_Host  output buffer size =     0.58 MiB
llama_kv_cache: layer   0: dev = CPU
llama_kv_cache: layer   1: dev = CPU
llama_kv_cache: layer   2: dev = CPU
llama_kv_cache: layer   3: dev = CUDA0
llama_kv_cache: layer   4: dev = CUDA0
llama_kv_cache: layer   5: dev = CUDA0
llama_kv_cache: layer   6: dev = CUDA0
llama_kv_cache: layer   7: dev = CUDA0
llama_kv_cache: layer   8: dev = CUDA0
llama_kv_cache: layer   9: dev = CUDA0
llama_kv_cache: layer  10: dev = CUDA0
llama_kv_cache: layer  11: dev = CUDA0
llama_kv_cache: layer  12: dev = CUDA0
llama_kv_cache: layer  13: dev = CUDA0
llama_kv_cache: layer  14: dev = CUDA0
llama_kv_cache: layer  15: dev = CUDA0
llama_kv_cache: layer  16: dev = CUDA0
llama_kv_cache: layer  17: dev = CUDA0
llama_kv_cache: layer  18: dev = CUDA0
llama_kv_cache: layer  19: dev = CUDA0
llama_kv_cache: layer  20: dev = CUDA0
llama_kv_cache: layer  21: dev = CUDA0
llama_kv_cache: layer  22: dev = CUDA0
llama_kv_cache: layer  23: dev = CUDA0
llama_kv_cache: layer  24: dev = CUDA0
llama_kv_cache: layer  25: dev = CUDA0
llama_kv_cache: layer  26: dev = CUDA0
llama_kv_cache: layer  27: dev = CUDA0
llama_kv_cache:        CPU KV buffer size =     4.50 MiB
llama_kv_cache:      CUDA0 KV buffer size =    37.50 MiB
llama_kv_cache: size =   42.00 MiB (   768 cells,  28 layers,  1/1 seqs), K (f16):   21.00 MiB, V (f16):   21.00 MiB
llama_kv_cache: attn_rot_k = 0, n_embd_head_k_all = 128
llama_kv_cache: attn_rot_v = 0, n_embd_head_k_all = 128
llama_context: enumerating backends
llama_context: backend_ptrs.size() = 2
sched_reserve: reserving ...
sched_reserve: max_nodes = 2712
sched_reserve: reserving full memory module
sched_reserve: worst-case: n_tokens = 512, n_seqs = 1, n_outputs = 1
graph_reserve: reserving a graph for ubatch with n_tokens =    1, n_seqs =  1, n_outputs =    1
sched_reserve: Flash Attention was auto, set to enabled
sched_reserve: resolving fused Gated Delta Net support:
graph_reserve: reserving a graph for ubatch with n_tokens =    1, n_seqs =  1, n_outputs =    1
sched_reserve: fused Gated Delta Net (autoregressive) enabled
graph_reserve: reserving a graph for ubatch with n_tokens =   16, n_seqs =  1, n_outputs =   16
sched_reserve: fused Gated Delta Net (chunked) enabled
graph_reserve: reserving a graph for ubatch with n_tokens =  512, n_seqs =  1, n_outputs =  512
graph_reserve: reserving a graph for ubatch with n_tokens =    1, n_seqs =  1, n_outputs =    1
graph_reserve: reserving a graph for ubatch with n_tokens =  512, n_seqs =  1, n_outputs =  512
sched_reserve:      CUDA0 compute buffer size =   304.00 MiB
sched_reserve:  CUDA_Host compute buffer size =    14.76 MiB
sched_reserve: graph nodes  = 958
sched_reserve: graph splits = 44 (with bs=512), 2 (with bs=1)
sched_reserve: reserve took 25.34 ms, sched copies = 1
CUDA Graph id 450 reused
ggml_backend_cuda_graph_compute: CUDA graph warmup complete
CUDA Graph id 450 reused
CUDA Graph id 450 reused
CUDA Graph id 450 reused
CUDA Graph id 450 reused
CUDA Graph id 450 reused
CUDA Graph id 450 reused
CUDA Graph id 450 reused
~llama_context:      CUDA0 compute buffer size is 304.0000 MiB, matches expectation of 304.0000 MiB
~llama_context:  CUDA_Host compute buffer size is  14.7637 MiB, matches expectation of  14.7637 MiB
llama_context: constructing llama_context
llama_context: n_seq_max     = 1
llama_context: n_ctx         = 768
llama_context: n_ctx_seq     = 768
llama_context: n_batch       = 746
llama_context: n_ubatch      = 512
llama_context: causal_attn   = 1
llama_context: flash_attn    = auto
llama_context: kv_unified    = false
llama_context: freq_base     = 1000000.0
llama_context: freq_scale    = 1
llama_context: n_rs_seq      = 0
llama_context: n_outputs_max = 746
llama_context: n_ctx_seq (768) < n_ctx_train (32768) -- the full capacity of the model will not be utilized
set_abort_callback: call
llama_context:  CUDA_Host  output buffer size =     0.58 MiB
llama_kv_cache: layer   0: dev = CPU
llama_kv_cache: layer   1: dev = CPU
llama_kv_cache: layer   2: dev = CPU
llama_kv_cache: layer   3: dev = CUDA0
llama_kv_cache: layer   4: dev = CUDA0
llama_kv_cache: layer   5: dev = CUDA0
llama_kv_cache: layer   6: dev = CUDA0
llama_kv_cache: layer   7: dev = CUDA0
llama_kv_cache: layer   8: dev = CUDA0
llama_kv_cache: layer   9: dev = CUDA0
llama_kv_cache: layer  10: dev = CUDA0
llama_kv_cache: layer  11: dev = CUDA0
llama_kv_cache: layer  12: dev = CUDA0
llama_kv_cache: layer  13: dev = CUDA0
llama_kv_cache: layer  14: dev = CUDA0
llama_kv_cache: layer  15: dev = CUDA0
llama_kv_cache: layer  16: dev = CUDA0
llama_kv_cache: layer  17: dev = CUDA0
llama_kv_cache: layer  18: dev = CUDA0
llama_kv_cache: layer  19: dev = CUDA0
llama_kv_cache: layer  20: dev = CUDA0
llama_kv_cache: layer  21: dev = CUDA0
llama_kv_cache: layer  22: dev = CUDA0
llama_kv_cache: layer  23: dev = CUDA0
llama_kv_cache: layer  24: dev = CUDA0
llama_kv_cache: layer  25: dev = CUDA0
llama_kv_cache: layer  26: dev = CUDA0
llama_kv_cache: layer  27: dev = CUDA0
llama_kv_cache:        CPU KV buffer size =     4.50 MiB
llama_kv_cache:      CUDA0 KV buffer size =    37.50 MiB
llama_kv_cache: size =   42.00 MiB (   768 cells,  28 layers,  1/1 seqs), K (f16):   21.00 MiB, V (f16):   21.00 MiB
llama_kv_cache: attn_rot_k = 0, n_embd_head_k_all = 128
llama_kv_cache: attn_rot_v = 0, n_embd_head_k_all = 128
llama_context: enumerating backends
llama_context: backend_ptrs.size() = 2
sched_reserve: reserving ...
sched_reserve: max_nodes = 2712
sched_reserve: reserving full memory module
sched_reserve: worst-case: n_tokens = 512, n_seqs = 1, n_outputs = 1
graph_reserve: reserving a graph for ubatch with n_tokens =    1, n_seqs =  1, n_outputs =    1
sched_reserve: Flash Attention was auto, set to enabled
sched_reserve: resolving fused Gated Delta Net support:
graph_reserve: reserving a graph for ubatch with n_tokens =    1, n_seqs =  1, n_outputs =    1
sched_reserve: fused Gated Delta Net (autoregressive) enabled
graph_reserve: reserving a graph for ubatch with n_tokens =   16, n_seqs =  1, n_outputs =   16
sched_reserve: fused Gated Delta Net (chunked) enabled
graph_reserve: reserving a graph for ubatch with n_tokens =  512, n_seqs =  1, n_outputs =  512
graph_reserve: reserving a graph for ubatch with n_tokens =    1, n_seqs =  1, n_outputs =    1
graph_reserve: reserving a graph for ubatch with n_tokens =  512, n_seqs =  1, n_outputs =  512
sched_reserve:      CUDA0 compute buffer size =   304.00 MiB
sched_reserve:  CUDA_Host compute buffer size =    14.76 MiB
sched_reserve: graph nodes  = 958
sched_reserve: graph splits = 44 (with bs=512), 2 (with bs=1)
sched_reserve: reserve took 16.91 ms, sched copies = 1
CUDA Graph id 600 reused
ggml_backend_cuda_graph_compute: CUDA graph warmup complete
CUDA Graph id 600 reused
CUDA Graph id 600 reused
CUDA Graph id 600 reused
CUDA Graph id 600 reused
CUDA Graph id 600 reused
CUDA Graph id 600 reused
CUDA Graph id 600 reused
CUDA Graph id 600 reused
CUDA Graph id 600 reused
~llama_context:      CUDA0 compute buffer size is 304.0000 MiB, matches expectation of 304.0000 MiB
~llama_context:  CUDA_Host compute buffer size is  14.7637 MiB, matches expectation of  14.7637 MiB
llama_context: constructing llama_context
llama_context: n_seq_max     = 1
llama_context: n_ctx         = 768
llama_context: n_ctx_seq     = 768
llama_context: n_batch       = 746
llama_context: n_ubatch      = 512
llama_context: causal_attn   = 1
llama_context: flash_attn    = auto
llama_context: kv_unified    = false
llama_context: freq_base     = 1000000.0
llama_context: freq_scale    = 1
llama_context: n_rs_seq      = 0
llama_context: n_outputs_max = 746
llama_context: n_ctx_seq (768) < n_ctx_train (32768) -- the full capacity of the model will not be utilized
set_abort_callback: call
llama_context:  CUDA_Host  output buffer size =     0.58 MiB
llama_kv_cache: layer   0: dev = CPU
llama_kv_cache: layer   1: dev = CPU
llama_kv_cache: layer   2: dev = CPU
llama_kv_cache: layer   3: dev = CUDA0
llama_kv_cache: layer   4: dev = CUDA0
llama_kv_cache: layer   5: dev = CUDA0
llama_kv_cache: layer   6: dev = CUDA0
llama_kv_cache: layer   7: dev = CUDA0
llama_kv_cache: layer   8: dev = CUDA0
llama_kv_cache: layer   9: dev = CUDA0
llama_kv_cache: layer  10: dev = CUDA0
llama_kv_cache: layer  11: dev = CUDA0
llama_kv_cache: layer  12: dev = CUDA0
llama_kv_cache: layer  13: dev = CUDA0
llama_kv_cache: layer  14: dev = CUDA0
llama_kv_cache: layer  15: dev = CUDA0
llama_kv_cache: layer  16: dev = CUDA0
llama_kv_cache: layer  17: dev = CUDA0
llama_kv_cache: layer  18: dev = CUDA0
llama_kv_cache: layer  19: dev = CUDA0
llama_kv_cache: layer  20: dev = CUDA0
llama_kv_cache: layer  21: dev = CUDA0
llama_kv_cache: layer  22: dev = CUDA0
llama_kv_cache: layer  23: dev = CUDA0
llama_kv_cache: layer  24: dev = CUDA0
llama_kv_cache: layer  25: dev = CUDA0
llama_kv_cache: layer  26: dev = CUDA0
llama_kv_cache: layer  27: dev = CUDA0
llama_kv_cache:        CPU KV buffer size =     4.50 MiB
llama_kv_cache:      CUDA0 KV buffer size =    37.50 MiB
llama_kv_cache: size =   42.00 MiB (   768 cells,  28 layers,  1/1 seqs), K (f16):   21.00 MiB, V (f16):   21.00 MiB
llama_kv_cache: attn_rot_k = 0, n_embd_head_k_all = 128
llama_kv_cache: attn_rot_v = 0, n_embd_head_k_all = 128
llama_context: enumerating backends
llama_context: backend_ptrs.size() = 2
sched_reserve: reserving ...
sched_reserve: max_nodes = 2712
sched_reserve: reserving full memory module
sched_reserve: worst-case: n_tokens = 512, n_seqs = 1, n_outputs = 1
graph_reserve: reserving a graph for ubatch with n_tokens =    1, n_seqs =  1, n_outputs =    1
sched_reserve: Flash Attention was auto, set to enabled
sched_reserve: resolving fused Gated Delta Net support:
graph_reserve: reserving a graph for ubatch with n_tokens =    1, n_seqs =  1, n_outputs =    1
sched_reserve: fused Gated Delta Net (autoregressive) enabled
graph_reserve: reserving a graph for ubatch with n_tokens =   16, n_seqs =  1, n_outputs =   16
sched_reserve: fused Gated Delta Net (chunked) enabled
graph_reserve: reserving a graph for ubatch with n_tokens =  512, n_seqs =  1, n_outputs =  512
graph_reserve: reserving a graph for ubatch with n_tokens =    1, n_seqs =  1, n_outputs =    1
graph_reserve: reserving a graph for ubatch with n_tokens =  512, n_seqs =  1, n_outputs =  512
sched_reserve:      CUDA0 compute buffer size =   304.00 MiB
sched_reserve:  CUDA_Host compute buffer size =    14.76 MiB
sched_reserve: graph nodes  = 958
sched_reserve: graph splits = 44 (with bs=512), 2 (with bs=1)
sched_reserve: reserve took 25.96 ms, sched copies = 1
CUDA Graph id 750 reused
ggml_backend_cuda_graph_compute: CUDA graph warmup complete
CUDA Graph id 750 reused
CUDA Graph id 750 reused
CUDA Graph id 750 reused
CUDA Graph id 750 reused
CUDA Graph id 750 reused
CUDA Graph id 750 reused
~llama_context:      CUDA0 compute buffer size is 304.0000 MiB, matches expectation of 304.0000 MiB
~llama_context:  CUDA_Host compute buffer size is  14.7637 MiB, matches expectation of  14.7637 MiB
llama_context: constructing llama_context
llama_context: n_seq_max     = 1
llama_context: n_ctx         = 768
llama_context: n_ctx_seq     = 768
llama_context: n_batch       = 746
llama_context: n_ubatch      = 512
llama_context: causal_attn   = 1
llama_context: flash_attn    = auto
llama_context: kv_unified    = false
llama_context: freq_base     = 1000000.0
llama_context: freq_scale    = 1
llama_context: n_rs_seq      = 0
llama_context: n_outputs_max = 746
llama_context: n_ctx_seq (768) < n_ctx_train (32768) -- the full capacity of the model will not be utilized
set_abort_callback: call
llama_context:  CUDA_Host  output buffer size =     0.58 MiB
llama_kv_cache: layer   0: dev = CPU
llama_kv_cache: layer   1: dev = CPU
llama_kv_cache: layer   2: dev = CPU
llama_kv_cache: layer   3: dev = CUDA0
llama_kv_cache: layer   4: dev = CUDA0
llama_kv_cache: layer   5: dev = CUDA0
llama_kv_cache: layer   6: dev = CUDA0
llama_kv_cache: layer   7: dev = CUDA0
llama_kv_cache: layer   8: dev = CUDA0
llama_kv_cache: layer   9: dev = CUDA0
llama_kv_cache: layer  10: dev = CUDA0
llama_kv_cache: layer  11: dev = CUDA0
llama_kv_cache: layer  12: dev = CUDA0
llama_kv_cache: layer  13: dev = CUDA0
llama_kv_cache: layer  14: dev = CUDA0
llama_kv_cache: layer  15: dev = CUDA0
llama_kv_cache: layer  16: dev = CUDA0
llama_kv_cache: layer  17: dev = CUDA0
llama_kv_cache: layer  18: dev = CUDA0
llama_kv_cache: layer  19: dev = CUDA0
llama_kv_cache: layer  20: dev = CUDA0
llama_kv_cache: layer  21: dev = CUDA0
llama_kv_cache: layer  22: dev = CUDA0
llama_kv_cache: layer  23: dev = CUDA0
llama_kv_cache: layer  24: dev = CUDA0
llama_kv_cache: layer  25: dev = CUDA0
llama_kv_cache: layer  26: dev = CUDA0
llama_kv_cache: layer  27: dev = CUDA0
llama_kv_cache:        CPU KV buffer size =     4.50 MiB
llama_kv_cache:      CUDA0 KV buffer size =    37.50 MiB
llama_kv_cache: size =   42.00 MiB (   768 cells,  28 layers,  1/1 seqs), K (f16):   21.00 MiB, V (f16):   21.00 MiB
llama_kv_cache: attn_rot_k = 0, n_embd_head_k_all = 128
llama_kv_cache: attn_rot_v = 0, n_embd_head_k_all = 128
llama_context: enumerating backends
llama_context: backend_ptrs.size() = 2
sched_reserve: reserving ...
sched_reserve: max_nodes = 2712
sched_reserve: reserving full memory module
sched_reserve: worst-case: n_tokens = 512, n_seqs = 1, n_outputs = 1
graph_reserve: reserving a graph for ubatch with n_tokens =    1, n_seqs =  1, n_outputs =    1
sched_reserve: Flash Attention was auto, set to enabled
sched_reserve: resolving fused Gated Delta Net support:
graph_reserve: reserving a graph for ubatch with n_tokens =    1, n_seqs =  1, n_outputs =    1
sched_reserve: fused Gated Delta Net (autoregressive) enabled
graph_reserve: reserving a graph for ubatch with n_tokens =   16, n_seqs =  1, n_outputs =   16
sched_reserve: fused Gated Delta Net (chunked) enabled
graph_reserve: reserving a graph for ubatch with n_tokens =  512, n_seqs =  1, n_outputs =  512
graph_reserve: reserving a graph for ubatch with n_tokens =    1, n_seqs =  1, n_outputs =    1
graph_reserve: reserving a graph for ubatch with n_tokens =  512, n_seqs =  1, n_outputs =  512
sched_reserve:      CUDA0 compute buffer size =   304.00 MiB
sched_reserve:  CUDA_Host compute buffer size =    14.76 MiB
sched_reserve: graph nodes  = 958
sched_reserve: graph splits = 44 (with bs=512), 2 (with bs=1)
sched_reserve: reserve took 28.18 ms, sched copies = 1
CUDA Graph id 900 reused
ggml_backend_cuda_graph_compute: CUDA graph warmup complete
CUDA Graph id 900 reused
CUDA Graph id 900 reused
CUDA Graph id 900 reused
CUDA Graph id 900 reused
CUDA Graph id 900 reused
CUDA Graph id 900 reused
CUDA Graph id 900 reused
CUDA Graph id 900 reused
CUDA Graph id 900 reused
CUDA Graph id 900 reused
CUDA Graph id 900 reused
CUDA Graph id 900 reused
CUDA Graph id 900 reused
CUDA Graph id 900 reused
CUDA Graph id 900 reused
CUDA Graph id 900 reused
CUDA Graph id 900 reused
~llama_context:      CUDA0 compute buffer size is 304.0000 MiB, matches expectation of 304.0000 MiB
~llama_context:  CUDA_Host compute buffer size is  14.7637 MiB, matches expectation of  14.7637 MiB
schema 1/25 done
llama_context: constructing llama_context
llama_context: n_seq_max     = 1
llama_context: n_ctx         = 768
llama_context: n_ctx_seq     = 768
llama_context: n_batch       = 759
llama_context: n_ubatch      = 512
llama_context: causal_attn   = 1
llama_context: flash_attn    = auto
llama_context: kv_unified    = false
llama_context: freq_base     = 1000000.0
llama_context: freq_scale    = 1
llama_context: n_rs_seq      = 0
llama_context: n_outputs_max = 759
llama_context: n_ctx_seq (768) < n_ctx_train (32768) -- the full capacity of the model will not be utilized
set_abort_callback: call
llama_context:  CUDA_Host  output buffer size =     0.58 MiB
llama_kv_cache: layer   0: dev = CPU
llama_kv_cache: layer   1: dev = CPU
llama_kv_cache: layer   2: dev = CPU
llama_kv_cache: layer   3: dev = CUDA0
llama_kv_cache: layer   4: dev = CUDA0
llama_kv_cache: layer   5: dev = CUDA0
llama_kv_cache: layer   6: dev = CUDA0
llama_kv_cache: layer   7: dev = CUDA0
llama_kv_cache: layer   8: dev = CUDA0
llama_kv_cache: layer   9: dev = CUDA0
llama_kv_cache: layer  10: dev = CUDA0
llama_kv_cache: layer  11: dev = CUDA0
llama_kv_cache: layer  12: dev = CUDA0
llama_kv_cache: layer  13: dev = CUDA0
llama_kv_cache: layer  14: dev = CUDA0
llama_kv_cache: layer  15: dev = CUDA0
llama_kv_cache: layer  16: dev = CUDA0
llama_kv_cache: layer  17: dev = CUDA0
llama_kv_cache: layer  18: dev = CUDA0
llama_kv_cache: layer  19: dev = CUDA0
llama_kv_cache: layer  20: dev = CUDA0
llama_kv_cache: layer  21: dev = CUDA0
llama_kv_cache: layer  22: dev = CUDA0
llama_kv_cache: layer  23: dev = CUDA0
llama_kv_cache: layer  24: dev = CUDA0
llama_kv_cache: layer  25: dev = CUDA0
llama_kv_cache: layer  26: dev = CUDA0
llama_kv_cache: layer  27: dev = CUDA0
llama_kv_cache:        CPU KV buffer size =     4.50 MiB
llama_kv_cache:      CUDA0 KV buffer size =    37.50 MiB
llama_kv_cache: size =   42.00 MiB (   768 cells,  28 layers,  1/1 seqs), K (f16):   21.00 MiB, V (f16):   21.00 MiB
llama_kv_cache: attn_rot_k = 0, n_embd_head_k_all = 128
llama_kv_cache: attn_rot_v = 0, n_embd_head_k_all = 128
llama_context: enumerating backends
llama_context: backend_ptrs.size() = 2
sched_reserve: reserving ...
sched_reserve: max_nodes = 2712
sched_reserve: reserving full memory module
sched_reserve: worst-case: n_tokens = 512, n_seqs = 1, n_outputs = 1
graph_reserve: reserving a graph for ubatch with n_tokens =    1, n_seqs =  1, n_outputs =    1
sched_reserve: Flash Attention was auto, set to enabled
sched_reserve: resolving fused Gated Delta Net support:
graph_reserve: reserving a graph for ubatch with n_tokens =    1, n_seqs =  1, n_outputs =    1
sched_reserve: fused Gated Delta Net (autoregressive) enabled
graph_reserve: reserving a graph for ubatch with n_tokens =   16, n_seqs =  1, n_outputs =   16
sched_reserve: fused Gated Delta Net (chunked) enabled
graph_reserve: reserving a graph for ubatch with n_tokens =  512, n_seqs =  1, n_outputs =  512
graph_reserve: reserving a graph for ubatch with n_tokens =    1, n_seqs =  1, n_outputs =    1
graph_reserve: reserving a graph for ubatch with n_tokens =  512, n_seqs =  1, n_outputs =  512
sched_reserve:      CUDA0 compute buffer size =   304.00 MiB
sched_reserve:  CUDA_Host compute buffer size =    14.76 MiB
sched_reserve: graph nodes  = 958
sched_reserve: graph splits = 44 (with bs=512), 2 (with bs=1)
sched_reserve: reserve took 19.71 ms, sched copies = 1
CUDA Graph id 1050 reused
ggml_backend_cuda_graph_compute: CUDA graph warmup complete
CUDA Graph id 1050 reused
CUDA Graph id 1050 reused
CUDA Graph id 1050 reused
CUDA Graph id 1050 reused
CUDA Graph id 1050 reused
CUDA Graph id 1050 reused
CUDA Graph id 1050 reused
CUDA Graph id 1050 reused
CUDA Graph id 1050 reused
CUDA Graph id 1050 reused
CUDA Graph id 1050 reused
CUDA Graph id 1050 reused
CUDA Graph id 1050 reused
CUDA Graph id 1050 reused
CUDA Graph id 1050 reused
ggml_backend_cuda_graph_compute: CUDA graph warmup reset
CUDA Graph id 1053 reused
ggml_backend_cuda_graph_compute: CUDA graph warmup complete
CUDA Graph id 1053 reused
CUDA Graph id 1053 reused
CUDA Graph id 1053 reused
CUDA Graph id 1053 reused
CUDA Graph id 1053 reused
CUDA Graph id 1053 reused
CUDA Graph id 1053 reused
CUDA Graph id 1053 reused
CUDA Graph id 1053 reused
CUDA Graph id 1053 reused
CUDA Graph id 1053 reused
CUDA Graph id 1053 reused
CUDA Graph id 1053 reused
CUDA Graph id 1053 reused
CUDA Graph id 1053 reused
CUDA Graph id 1053 reused
CUDA Graph id 1053 reused
CUDA Graph id 1053 reused
CUDA Graph id 1053 reused
CUDA Graph id 1053 reused
CUDA Graph id 1053 reused
~llama_context:      CUDA0 compute buffer size is 304.0000 MiB, matches expectation of 304.0000 MiB
~llama_context:  CUDA_Host compute buffer size is  14.7637 MiB, matches expectation of  14.7637 MiB
llama_context: constructing llama_context
llama_context: n_seq_max     = 1
llama_context: n_ctx         = 768
llama_context: n_ctx_seq     = 768
llama_context: n_batch       = 759
llama_context: n_ubatch      = 512
llama_context: causal_attn   = 1
llama_context: flash_attn    = auto
llama_context: kv_unified    = false
llama_context: freq_base     = 1000000.0
llama_context: freq_scale    = 1
llama_context: n_rs_seq      = 0
llama_context: n_outputs_max = 759
llama_context: n_ctx_seq (768) < n_ctx_train (32768) -- the full capacity of the model will not be utilized
set_abort_callback: call
llama_context:  CUDA_Host  output buffer size =     0.58 MiB
llama_kv_cache: layer   0: dev = CPU
llama_kv_cache: layer   1: dev = CPU
llama_kv_cache: layer   2: dev = CPU
llama_kv_cache: layer   3: dev = CUDA0
llama_kv_cache: layer   4: dev = CUDA0
llama_kv_cache: layer   5: dev = CUDA0
llama_kv_cache: layer   6: dev = CUDA0
llama_kv_cache: layer   7: dev = CUDA0
llama_kv_cache: layer   8: dev = CUDA0
llama_kv_cache: layer   9: dev = CUDA0
llama_kv_cache: layer  10: dev = CUDA0
llama_kv_cache: layer  11: dev = CUDA0
llama_kv_cache: layer  12: dev = CUDA0
llama_kv_cache: layer  13: dev = CUDA0
llama_kv_cache: layer  14: dev = CUDA0
llama_kv_cache: layer  15: dev = CUDA0
llama_kv_cache: layer  16: dev = CUDA0
llama_kv_cache: layer  17: dev = CUDA0
llama_kv_cache: layer  18: dev = CUDA0
llama_kv_cache: layer  19: dev = CUDA0
llama_kv_cache: layer  20: dev = CUDA0
llama_kv_cache: layer  21: dev = CUDA0
llama_kv_cache: layer  22: dev = CUDA0
llama_kv_cache: layer  23: dev = CUDA0
llama_kv_cache: layer  24: dev = CUDA0
llama_kv_cache: layer  25: dev = CUDA0
llama_kv_cache: layer  26: dev = CUDA0
llama_kv_cache: layer  27: dev = CUDA0
llama_kv_cache:        CPU KV buffer size =     4.50 MiB
llama_kv_cache:      CUDA0 KV buffer size =    37.50 MiB
llama_kv_cache: size =   42.00 MiB (   768 cells,  28 layers,  1/1 seqs), K (f16):   21.00 MiB, V (f16):   21.00 MiB
llama_kv_cache: attn_rot_k = 0, n_embd_head_k_all = 128
llama_kv_cache: attn_rot_v = 0, n_embd_head_k_all = 128
llama_context: enumerating backends
llama_context: backend_ptrs.size() = 2
sched_reserve: reserving ...
sched_reserve: max_nodes = 2712
sched_reserve: reserving full memory module
sched_reserve: worst-case: n_tokens = 512, n_seqs = 1, n_outputs = 1
graph_reserve: reserving a graph for ubatch with n_tokens =    1, n_seqs =  1, n_outputs =    1
sched_reserve: Flash Attention was auto, set to enabled
sched_reserve: resolving fused Gated Delta Net support:
graph_reserve: reserving a graph for ubatch with n_tokens =    1, n_seqs =  1, n_outputs =    1
sched_reserve: fused Gated Delta Net (autoregressive) enabled
graph_reserve: reserving a graph for ubatch with n_tokens =   16, n_seqs =  1, n_outputs =   16
sched_reserve: fused Gated Delta Net (chunked) enabled
graph_reserve: reserving a graph for ubatch with n_tokens =  512, n_seqs =  1, n_outputs =  512
graph_reserve: reserving a graph for ubatch with n_tokens =    1, n_seqs =  1, n_outputs =    1
graph_reserve: reserving a graph for ubatch with n_tokens =  512, n_seqs =  1, n_outputs =  512
sched_reserve:      CUDA0 compute buffer size =   304.00 MiB
sched_reserve:  CUDA_Host compute buffer size =    14.76 MiB
sched_reserve: graph nodes  = 958
sched_reserve: graph splits = 44 (with bs=512), 2 (with bs=1)
sched_reserve: reserve took 26.59 ms, sched copies = 1
CUDA Graph id 1203 reused
ggml_backend_cuda_graph_compute: CUDA graph warmup complete
CUDA Graph id 1203 reused
CUDA Graph id 1203 reused
CUDA Graph id 1203 reused
CUDA Graph id 1203 reused
CUDA Graph id 1203 reused
CUDA Graph id 1203 reused
CUDA Graph id 1203 reused
CUDA Graph id 1203 reused
CUDA Graph id 1203 reused
CUDA Graph id 1203 reused
CUDA Graph id 1203 reused
CUDA Graph id 1203 reused
CUDA Graph id 1203 reused
CUDA Graph id 1203 reused
CUDA Graph id 1203 reused
ggml_backend_cuda_graph_compute: CUDA graph warmup reset
CUDA Graph id 1206 reused
ggml_backend_cuda_graph_compute: CUDA graph warmup complete
CUDA Graph id 1206 reused
CUDA Graph id 1206 reused
CUDA Graph id 1206 reused
CUDA Graph id 1206 reused
CUDA Graph id 1206 reused
CUDA Graph id 1206 reused
CUDA Graph id 1206 reused
CUDA Graph id 1206 reused
CUDA Graph id 1206 reused
CUDA Graph id 1206 reused
CUDA Graph id 1206 reused
CUDA Graph id 1206 reused
CUDA Graph id 1206 reused
CUDA Graph id 1206 reused
CUDA Graph id 1206 reused
CUDA Graph id 1206 reused
CUDA Graph id 1206 reused
CUDA Graph id 1206 reused
CUDA Graph id 1206 reused
CUDA Graph id 1206 reused
CUDA Graph id 1206 reused
~llama_context:      CUDA0 compute buffer size is 304.0000 MiB, matches expectation of 304.0000 MiB
~llama_context:  CUDA_Host compute buffer size is  14.7637 MiB, matches expectation of  14.7637 MiB
llama_context: constructing llama_context
llama_context: n_seq_max     = 1
llama_context: n_ctx         = 768
llama_context: n_ctx_seq     = 768
llama_context: n_batch       = 759
llama_context: n_ubatch      = 512
llama_context: causal_attn   = 1
llama_context: flash_attn    = auto
llama_context: kv_unified    = false
llama_context: freq_base     = 1000000.0
llama_context: freq_scale    = 1
llama_context: n_rs_seq      = 0
llama_context: n_outputs_max = 759
llama_context: n_ctx_seq (768) < n_ctx_train (32768) -- the full capacity of the model will not be utilized
set_abort_callback: call
llama_context:  CUDA_Host  output buffer size =     0.58 MiB
llama_kv_cache: layer   0: dev = CPU
llama_kv_cache: layer   1: dev = CPU
llama_kv_cache: layer   2: dev = CPU
llama_kv_cache: layer   3: dev = CUDA0
llama_kv_cache: layer   4: dev = CUDA0
llama_kv_cache: layer   5: dev = CUDA0
llama_kv_cache: layer   6: dev = CUDA0
llama_kv_cache: layer   7: dev = CUDA0
llama_kv_cache: layer   8: dev = CUDA0
llama_kv_cache: layer   9: dev = CUDA0
llama_kv_cache: layer  10: dev = CUDA0
llama_kv_cache: layer  11: dev = CUDA0
llama_kv_cache: layer  12: dev = CUDA0
llama_kv_cache: layer  13: dev = CUDA0
llama_kv_cache: layer  14: dev = CUDA0
llama_kv_cache: layer  15: dev = CUDA0
llama_kv_cache: layer  16: dev = CUDA0
llama_kv_cache: layer  17: dev = CUDA0
llama_kv_cache: layer  18: dev = CUDA0
llama_kv_cache: layer  19: dev = CUDA0
llama_kv_cache: layer  20: dev = CUDA0
llama_kv_cache: layer  21: dev = CUDA0
llama_kv_cache: layer  22: dev = CUDA0
llama_kv_cache: layer  23: dev = CUDA0
llama_kv_cache: layer  24: dev = CUDA0
llama_kv_cache: layer  25: dev = CUDA0
llama_kv_cache: layer  26: dev = CUDA0
llama_kv_cache: layer  27: dev = CUDA0
llama_kv_cache:        CPU KV buffer size =     4.50 MiB
llama_kv_cache:      CUDA0 KV buffer size =    37.50 MiB
llama_kv_cache: size =   42.00 MiB (   768 cells,  28 layers,  1/1 seqs), K (f16):   21.00 MiB, V (f16):   21.00 MiB
llama_kv_cache: attn_rot_k = 0, n_embd_head_k_all = 128
llama_kv_cache: attn_rot_v = 0, n_embd_head_k_all = 128
llama_context: enumerating backends
llama_context: backend_ptrs.size() = 2
sched_reserve: reserving ...
sched_reserve: max_nodes = 2712
sched_reserve: reserving full memory module
sched_reserve: worst-case: n_tokens = 512, n_seqs = 1, n_outputs = 1
graph_reserve: reserving a graph for ubatch with n_tokens =    1, n_seqs =  1, n_outputs =    1
sched_reserve: Flash Attention was auto, set to enabled
sched_reserve: resolving fused Gated Delta Net support:
graph_reserve: reserving a graph for ubatch with n_tokens =    1, n_seqs =  1, n_outputs =    1
sched_reserve: fused Gated Delta Net (autoregressive) enabled
graph_reserve: reserving a graph for ubatch with n_tokens =   16, n_seqs =  1, n_outputs =   16
sched_reserve: fused Gated Delta Net (chunked) enabled
graph_reserve: reserving a graph for ubatch with n_tokens =  512, n_seqs =  1, n_outputs =  512
graph_reserve: reserving a graph for ubatch with n_tokens =    1, n_seqs =  1, n_outputs =    1
graph_reserve: reserving a graph for ubatch with n_tokens =  512, n_seqs =  1, n_outputs =  512
sched_reserve:      CUDA0 compute buffer size =   304.00 MiB
sched_reserve:  CUDA_Host compute buffer size =    14.76 MiB
sched_reserve: graph nodes  = 958
sched_reserve: graph splits = 44 (with bs=512), 2 (with bs=1)
sched_reserve: reserve took 21.73 ms, sched copies = 1
CUDA Graph id 1356 reused
ggml_backend_cuda_graph_compute: CUDA graph warmup complete
CUDA Graph id 1356 reused
CUDA Graph id 1356 reused
CUDA Graph id 1356 reused
CUDA Graph id 1356 reused
CUDA Graph id 1356 reused
CUDA Graph id 1356 reused
CUDA Graph id 1356 reused
CUDA Graph id 1356 reused
CUDA Graph id 1356 reused
CUDA Graph id 1356 reused
CUDA Graph id 1356 reused
CUDA Graph id 1356 reused
CUDA Graph id 1356 reused
CUDA Graph id 1356 reused
CUDA Graph id 1356 reused
ggml_backend_cuda_graph_compute: CUDA graph warmup reset
CUDA Graph id 1359 reused
ggml_backend_cuda_graph_compute: CUDA graph warmup complete
CUDA Graph id 1359 reused
CUDA Graph id 1359 reused
CUDA Graph id 1359 reused
CUDA Graph id 1359 reused
CUDA Graph id 1359 reused
CUDA Graph id 1359 reused
CUDA Graph id 1359 reused
CUDA Graph id 1359 reused
CUDA Graph id 1359 reused
CUDA Graph id 1359 reused
CUDA Graph id 1359 reused
CUDA Graph id 1359 reused
CUDA Graph id 1359 reused
CUDA Graph id 1359 reused
CUDA Graph id 1359 reused
CUDA Graph id 1359 reused
CUDA Graph id 1359 reused
CUDA Graph id 1359 reused
CUDA Graph id 1359 reused
CUDA Graph id 1359 reused
CUDA Graph id 1359 reused
~llama_context:      CUDA0 compute buffer size is 304.0000 MiB, matches expectation of 304.0000 MiB
~llama_context:  CUDA_Host compute buffer size is  14.7637 MiB, matches expectation of  14.7637 MiB
llama_context: constructing llama_context
llama_context: n_seq_max     = 1
llama_context: n_ctx         = 768
llama_context: n_ctx_seq     = 768
llama_context: n_batch       = 759
llama_context: n_ubatch      = 512
llama_context: causal_attn   = 1
llama_context: flash_attn    = auto
llama_context: kv_unified    = false
llama_context: freq_base     = 1000000.0
llama_context: freq_scale    = 1
llama_context: n_rs_seq      = 0
llama_context: n_outputs_max = 759
llama_context: n_ctx_seq (768) < n_ctx_train (32768) -- the full capacity of the model will not be utilized
set_abort_callback: call
llama_context:  CUDA_Host  output buffer size =     0.58 MiB
llama_kv_cache: layer   0: dev = CPU
llama_kv_cache: layer   1: dev = CPU
llama_kv_cache: layer   2: dev = CPU
llama_kv_cache: layer   3: dev = CUDA0
llama_kv_cache: layer   4: dev = CUDA0
llama_kv_cache: layer   5: dev = CUDA0
llama_kv_cache: layer   6: dev = CUDA0
llama_kv_cache: layer   7: dev = CUDA0
llama_kv_cache: layer   8: dev = CUDA0
llama_kv_cache: layer   9: dev = CUDA0
llama_kv_cache: layer  10: dev = CUDA0
llama_kv_cache: layer  11: dev = CUDA0
llama_kv_cache: layer  12: dev = CUDA0
llama_kv_cache: layer  13: dev = CUDA0
llama_kv_cache: layer  14: dev = CUDA0
llama_kv_cache: layer  15: dev = CUDA0
llama_kv_cache: layer  16: dev = CUDA0
llama_kv_cache: layer  17: dev = CUDA0
llama_kv_cache: layer  18: dev = CUDA0
llama_kv_cache: layer  19: dev = CUDA0
llama_kv_cache: layer  20: dev = CUDA0
llama_kv_cache: layer  21: dev = CUDA0
llama_kv_cache: layer  22: dev = CUDA0
llama_kv_cache: layer  23: dev = CUDA0
llama_kv_cache: layer  24: dev = CUDA0
llama_kv_cache: layer  25: dev = CUDA0
llama_kv_cache: layer  26: dev = CUDA0
llama_kv_cache: layer  27: dev = CUDA0
llama_kv_cache:        CPU KV buffer size =     4.50 MiB
llama_kv_cache:      CUDA0 KV buffer size =    37.50 MiB
llama_kv_cache: size =   42.00 MiB (   768 cells,  28 layers,  1/1 seqs), K (f16):   21.00 MiB, V (f16):   21.00 MiB
llama_kv_cache: attn_rot_k = 0, n_embd_head_k_all = 128
llama_kv_cache: attn_rot_v = 0, n_embd_head_k_all = 128
llama_context: enumerating backends
llama_context: backend_ptrs.size() = 2
sched_reserve: reserving ...
sched_reserve: max_nodes = 2712
sched_reserve: reserving full memory module
sched_reserve: worst-case: n_tokens = 512, n_seqs = 1, n_outputs = 1
graph_reserve: reserving a graph for ubatch with n_tokens =    1, n_seqs =  1, n_outputs =    1
sched_reserve: Flash Attention was auto, set to enabled
sched_reserve: resolving fused Gated Delta Net support:
graph_reserve: reserving a graph for ubatch with n_tokens =    1, n_seqs =  1, n_outputs =    1
sched_reserve: fused Gated Delta Net (autoregressive) enabled
graph_reserve: reserving a graph for ubatch with n_tokens =   16, n_seqs =  1, n_outputs =   16
sched_reserve: fused Gated Delta Net (chunked) enabled
graph_reserve: reserving a graph for ubatch with n_tokens =  512, n_seqs =  1, n_outputs =  512
graph_reserve: reserving a graph for ubatch with n_tokens =    1, n_seqs =  1, n_outputs =    1
graph_reserve: reserving a graph for ubatch with n_tokens =  512, n_seqs =  1, n_outputs =  512
sched_reserve:      CUDA0 compute buffer size =   304.00 MiB
sched_reserve:  CUDA_Host compute buffer size =    14.76 MiB
sched_reserve: graph nodes  = 958
sched_reserve: graph splits = 44 (with bs=512), 2 (with bs=1)
sched_reserve: reserve took 19.70 ms, sched copies = 1
CUDA Graph id 1509 reused
ggml_backend_cuda_graph_compute: CUDA graph warmup complete
CUDA Graph id 1509 reused
CUDA Graph id 1509 reused
CUDA Graph id 1509 reused
CUDA Graph id 1509 reused
CUDA Graph id 1509 reused
CUDA Graph id 1509 reused
CUDA Graph id 1509 reused
CUDA Graph id 1509 reused
CUDA Graph id 1509 reused
CUDA Graph id 1509 reused
CUDA Graph id 1509 reused
CUDA Graph id 1509 reused
CUDA Graph id 1509 reused
CUDA Graph id 1509 reused
CUDA Graph id 1509 reused
ggml_backend_cuda_graph_compute: CUDA graph warmup reset
CUDA Graph id 1512 reused
ggml_backend_cuda_graph_compute: CUDA graph warmup complete
CUDA Graph id 1512 reused
CUDA Graph id 1512 reused
CUDA Graph id 1512 reused
CUDA Graph id 1512 reused
CUDA Graph id 1512 reused
CUDA Graph id 1512 reused
CUDA Graph id 1512 reused
CUDA Graph id 1512 reused
CUDA Graph id 1512 reused
CUDA Graph id 1512 reused
CUDA Graph id 1512 reused
CUDA Graph id 1512 reused
CUDA Graph id 1512 reused
CUDA Graph id 1512 reused
CUDA Graph id 1512 reused
CUDA Graph id 1512 reused
CUDA Graph id 1512 reused
CUDA Graph id 1512 reused
CUDA Graph id 1512 reused
CUDA Graph id 1512 reused
CUDA Graph id 1512 reused
~llama_context:      CUDA0 compute buffer size is 304.0000 MiB, matches expectation of 304.0000 MiB
~llama_context:  CUDA_Host compute buffer size is  14.7637 MiB, matches expectation of  14.7637 MiB
llama_context: constructing llama_context
llama_context: n_seq_max     = 1
llama_context: n_ctx         = 768
llama_context: n_ctx_seq     = 768
llama_context: n_batch       = 759
llama_context: n_ubatch      = 512
llama_context: causal_attn   = 1
llama_context: flash_attn    = auto
llama_context: kv_unified    = false
llama_context: freq_base     = 1000000.0
llama_context: freq_scale    = 1
llama_context: n_rs_seq      = 0
llama_context: n_outputs_max = 759
llama_context: n_ctx_seq (768) < n_ctx_train (32768) -- the full capacity of the model will not be utilized
set_abort_callback: call
llama_context:  CUDA_Host  output buffer size =     0.58 MiB
llama_kv_cache: layer   0: dev = CPU
llama_kv_cache: layer   1: dev = CPU
llama_kv_cache: layer   2: dev = CPU
llama_kv_cache: layer   3: dev = CUDA0
llama_kv_cache: layer   4: dev = CUDA0
llama_kv_cache: layer   5: dev = CUDA0
llama_kv_cache: layer   6: dev = CUDA0
llama_kv_cache: layer   7: dev = CUDA0
llama_kv_cache: layer   8: dev = CUDA0
llama_kv_cache: layer   9: dev = CUDA0
llama_kv_cache: layer  10: dev = CUDA0
llama_kv_cache: layer  11: dev = CUDA0
llama_kv_cache: layer  12: dev = CUDA0
llama_kv_cache: layer  13: dev = CUDA0
llama_kv_cache: layer  14: dev = CUDA0
llama_kv_cache: layer  15: dev = CUDA0
llama_kv_cache: layer  16: dev = CUDA0
llama_kv_cache: layer  17: dev = CUDA0
llama_kv_cache: layer  18: dev = CUDA0
llama_kv_cache: layer  19: dev = CUDA0
llama_kv_cache: layer  20: dev = CUDA0
llama_kv_cache: layer  21: dev = CUDA0
llama_kv_cache: layer  22: dev = CUDA0
llama_kv_cache: layer  23: dev = CUDA0
llama_kv_cache: layer  24: dev = CUDA0
llama_kv_cache: layer  25: dev = CUDA0
llama_kv_cache: layer  26: dev = CUDA0
llama_kv_cache: layer  27: dev = CUDA0
llama_kv_cache:        CPU KV buffer size =     4.50 MiB
llama_kv_cache:      CUDA0 KV buffer size =    37.50 MiB
llama_kv_cache: size =   42.00 MiB (   768 cells,  28 layers,  1/1 seqs), K (f16):   21.00 MiB, V (f16):   21.00 MiB
llama_kv_cache: attn_rot_k = 0, n_embd_head_k_all = 128
llama_kv_cache: attn_rot_v = 0, n_embd_head_k_all = 128
llama_context: enumerating backends
llama_context: backend_ptrs.size() = 2
sched_reserve: reserving ...
sched_reserve: max_nodes = 2712
sched_reserve: reserving full memory module
sched_reserve: worst-case: n_tokens = 512, n_seqs = 1, n_outputs = 1
graph_reserve: reserving a graph for ubatch with n_tokens =    1, n_seqs =  1, n_outputs =    1
sched_reserve: Flash Attention was auto, set to enabled
sched_reserve: resolving fused Gated Delta Net support:
graph_reserve: reserving a graph for ubatch with n_tokens =    1, n_seqs =  1, n_outputs =    1
sched_reserve: fused Gated Delta Net (autoregressive) enabled
graph_reserve: reserving a graph for ubatch with n_tokens =   16, n_seqs =  1, n_outputs =   16
sched_reserve: fused Gated Delta Net (chunked) enabled
graph_reserve: reserving a graph for ubatch with n_tokens =  512, n_seqs =  1, n_outputs =  512
graph_reserve: reserving a graph for ubatch with n_tokens =    1, n_seqs =  1, n_outputs =    1
graph_reserve: reserving a graph for ubatch with n_tokens =  512, n_seqs =  1, n_outputs =  512
sched_reserve:      CUDA0 compute buffer size =   304.00 MiB
sched_reserve:  CUDA_Host compute buffer size =    14.76 MiB
sched_reserve: graph nodes  = 958
sched_reserve: graph splits = 44 (with bs=512), 2 (with bs=1)
sched_reserve: reserve took 24.06 ms, sched copies = 1
CUDA Graph id 1662 reused
ggml_backend_cuda_graph_compute: CUDA graph warmup complete
CUDA Graph id 1662 reused
CUDA Graph id 1662 reused
CUDA Graph id 1662 reused
CUDA Graph id 1662 reused
CUDA Graph id 1662 reused
CUDA Graph id 1662 reused
CUDA Graph id 1662 reused
CUDA Graph id 1662 reused
CUDA Graph id 1662 reused
CUDA Graph id 1662 reused
CUDA Graph id 1662 reused
CUDA Graph id 1662 reused
CUDA Graph id 1662 reused
CUDA Graph id 1662 reused
CUDA Graph id 1662 reused
ggml_backend_cuda_graph_compute: CUDA graph warmup reset
CUDA Graph id 1665 reused
ggml_backend_cuda_graph_compute: CUDA graph warmup complete
CUDA Graph id 1665 reused
CUDA Graph id 1665 reused
CUDA Graph id 1665 reused
CUDA Graph id 1665 reused
CUDA Graph id 1665 reused
CUDA Graph id 1665 reused
CUDA Graph id 1665 reused
CUDA Graph id 1665 reused
CUDA Graph id 1665 reused
CUDA Graph id 1665 reused
CUDA Graph id 1665 reused
CUDA Graph id 1665 reused
CUDA Graph id 1665 reused
CUDA Graph id 1665 reused
CUDA Graph id 1665 reused
CUDA Graph id 1665 reused
CUDA Graph id 1665 reused
CUDA Graph id 1665 reused
CUDA Graph id 1665 reused
CUDA Graph id 1665 reused
CUDA Graph id 1665 reused
CUDA Graph id 1665 reused
CUDA Graph id 1665 reused
CUDA Graph id 1665 reused
CUDA Graph id 1665 reused
CUDA Graph id 1665 reused
CUDA Graph id 1665 reused
CUDA Graph id 1665 reused
CUDA Graph id 1665 reused
CUDA Graph id 1665 reused
CUDA Graph id 1665 reused
CUDA Graph id 1665 reused
CUDA Graph id 1665 reused
CUDA Graph id 1665 reused
CUDA Graph id 1665 reused
CUDA Graph id 1665 reused
CUDA Graph id 1665 reused
CUDA Graph id 1665 reused
~llama_context:      CUDA0 compute buffer size is 304.0000 MiB, matches expectation of 304.0000 MiB
~llama_context:  CUDA_Host compute buffer size is  14.7637 MiB, matches expectation of  14.7637 MiB
llama_context: constructing llama_context
llama_context: n_seq_max     = 1
llama_context: n_ctx         = 768
llama_context: n_ctx_seq     = 768
llama_context: n_batch       = 759
llama_context: n_ubatch      = 512
llama_context: causal_attn   = 1
llama_context: flash_attn    = auto
llama_context: kv_unified    = false
llama_context: freq_base     = 1000000.0
llama_context: freq_scale    = 1
llama_context: n_rs_seq      = 0
llama_context: n_outputs_max = 759
llama_context: n_ctx_seq (768) < n_ctx_train (32768) -- the full capacity of the model will not be utilized
set_abort_callback: call
llama_context:  CUDA_Host  output buffer size =     0.58 MiB
llama_kv_cache: layer   0: dev = CPU
llama_kv_cache: layer   1: dev = CPU
llama_kv_cache: layer   2: dev = CPU
llama_kv_cache: layer   3: dev = CUDA0
llama_kv_cache: layer   4: dev = CUDA0
llama_kv_cache: layer   5: dev = CUDA0
llama_kv_cache: layer   6: dev = CUDA0
llama_kv_cache: layer   7: dev = CUDA0
llama_kv_cache: layer   8: dev = CUDA0
llama_kv_cache: layer   9: dev = CUDA0
llama_kv_cache: layer  10: dev = CUDA0
llama_kv_cache: layer  11: dev = CUDA0
llama_kv_cache: layer  12: dev = CUDA0
llama_kv_cache: layer  13: dev = CUDA0
llama_kv_cache: layer  14: dev = CUDA0
llama_kv_cache: layer  15: dev = CUDA0
llama_kv_cache: layer  16: dev = CUDA0
llama_kv_cache: layer  17: dev = CUDA0
llama_kv_cache: layer  18: dev = CUDA0
llama_kv_cache: layer  19: dev = CUDA0
llama_kv_cache: layer  20: dev = CUDA0
llama_kv_cache: layer  21: dev = CUDA0
llama_kv_cache: layer  22: dev = CUDA0
llama_kv_cache: layer  23: dev = CUDA0
llama_kv_cache: layer  24: dev = CUDA0
llama_kv_cache: layer  25: dev = CUDA0
llama_kv_cache: layer  26: dev = CUDA0
llama_kv_cache: layer  27: dev = CUDA0
llama_kv_cache:        CPU KV buffer size =     4.50 MiB
llama_kv_cache:      CUDA0 KV buffer size =    37.50 MiB
llama_kv_cache: size =   42.00 MiB (   768 cells,  28 layers,  1/1 seqs), K (f16):   21.00 MiB, V (f16):   21.00 MiB
llama_kv_cache: attn_rot_k = 0, n_embd_head_k_all = 128
llama_kv_cache: attn_rot_v = 0, n_embd_head_k_all = 128
llama_context: enumerating backends
llama_context: backend_ptrs.size() = 2
sched_reserve: reserving ...
sched_reserve: max_nodes = 2712
sched_reserve: reserving full memory module
sched_reserve: worst-case: n_tokens = 512, n_seqs = 1, n_outputs = 1
graph_reserve: reserving a graph for ubatch with n_tokens =    1, n_seqs =  1, n_outputs =    1
sched_reserve: Flash Attention was auto, set to enabled
sched_reserve: resolving fused Gated Delta Net support:
graph_reserve: reserving a graph for ubatch with n_tokens =    1, n_seqs =  1, n_outputs =    1
sched_reserve: fused Gated Delta Net (autoregressive) enabled
graph_reserve: reserving a graph for ubatch with n_tokens =   16, n_seqs =  1, n_outputs =   16
sched_reserve: fused Gated Delta Net (chunked) enabled
graph_reserve: reserving a graph for ubatch with n_tokens =  512, n_seqs =  1, n_outputs =  512
graph_reserve: reserving a graph for ubatch with n_tokens =    1, n_seqs =  1, n_outputs =    1
graph_reserve: reserving a graph for ubatch with n_tokens =  512, n_seqs =  1, n_outputs =  512
sched_reserve:      CUDA0 compute buffer size =   304.00 MiB
sched_reserve:  CUDA_Host compute buffer size =    14.76 MiB
sched_reserve: graph nodes  = 958
sched_reserve: graph splits = 44 (with bs=512), 2 (with bs=1)
sched_reserve: reserve took 28.30 ms, sched copies = 1
CUDA Graph id 1815 reused
ggml_backend_cuda_graph_compute: CUDA graph warmup complete
CUDA Graph id 1815 reused
CUDA Graph id 1815 reused
CUDA Graph id 1815 reused
CUDA Graph id 1815 reused
CUDA Graph id 1815 reused
CUDA Graph id 1815 reused
CUDA Graph id 1815 reused
CUDA Graph id 1815 reused
CUDA Graph id 1815 reused
CUDA Graph id 1815 reused
CUDA Graph id 1815 reused
CUDA Graph id 1815 reused
CUDA Graph id 1815 reused
CUDA Graph id 1815 reused
CUDA Graph id 1815 reused
ggml_backend_cuda_graph_compute: CUDA graph warmup reset
CUDA Graph id 1818 reused
ggml_backend_cuda_graph_compute: CUDA graph warmup complete
CUDA Graph id 1818 reused
CUDA Graph id 1818 reused
CUDA Graph id 1818 reused
CUDA Graph id 1818 reused
CUDA Graph id 1818 reused
CUDA Graph id 1818 reused
~llama_context:      CUDA0 compute buffer size is 304.0000 MiB, matches expectation of 304.0000 MiB
~llama_context:  CUDA_Host compute buffer size is  14.7637 MiB, matches expectation of  14.7637 MiB
schema 2/25 done
llama_context: constructing llama_context
llama_context: n_seq_max     = 1
llama_context: n_ctx         = 768
llama_context: n_ctx_seq     = 768
llama_context: n_batch       = 653
llama_context: n_ubatch      = 512
llama_context: causal_attn   = 1
llama_context: flash_attn    = auto
llama_context: kv_unified    = false
llama_context: freq_base     = 1000000.0
llama_context: freq_scale    = 1
llama_context: n_rs_seq      = 0
llama_context: n_outputs_max = 653
llama_context: n_ctx_seq (768) < n_ctx_train (32768) -- the full capacity of the model will not be utilized
set_abort_callback: call
llama_context:  CUDA_Host  output buffer size =     0.58 MiB
llama_kv_cache: layer   0: dev = CPU
llama_kv_cache: layer   1: dev = CPU
llama_kv_cache: layer   2: dev = CPU
llama_kv_cache: layer   3: dev = CUDA0
llama_kv_cache: layer   4: dev = CUDA0
llama_kv_cache: layer   5: dev = CUDA0
llama_kv_cache: layer   6: dev = CUDA0
llama_kv_cache: layer   7: dev = CUDA0
llama_kv_cache: layer   8: dev = CUDA0
llama_kv_cache: layer   9: dev = CUDA0
llama_kv_cache: layer  10: dev = CUDA0
llama_kv_cache: layer  11: dev = CUDA0
llama_kv_cache: layer  12: dev = CUDA0
llama_kv_cache: layer  13: dev = CUDA0
llama_kv_cache: layer  14: dev = CUDA0
llama_kv_cache: layer  15: dev = CUDA0
llama_kv_cache: layer  16: dev = CUDA0
llama_kv_cache: layer  17: dev = CUDA0
llama_kv_cache: layer  18: dev = CUDA0
llama_kv_cache: layer  19: dev = CUDA0
llama_kv_cache: layer  20: dev = CUDA0
llama_kv_cache: layer  21: dev = CUDA0
llama_kv_cache: layer  22: dev = CUDA0
llama_kv_cache: layer  23: dev = CUDA0
llama_kv_cache: layer  24: dev = CUDA0
llama_kv_cache: layer  25: dev = CUDA0
llama_kv_cache: layer  26: dev = CUDA0
llama_kv_cache: layer  27: dev = CUDA0
llama_kv_cache:        CPU KV buffer size =     4.50 MiB
llama_kv_cache:      CUDA0 KV buffer size =    37.50 MiB
llama_kv_cache: size =   42.00 MiB (   768 cells,  28 layers,  1/1 seqs), K (f16):   21.00 MiB, V (f16):   21.00 MiB
llama_kv_cache: attn_rot_k = 0, n_embd_head_k_all = 128
llama_kv_cache: attn_rot_v = 0, n_embd_head_k_all = 128
llama_context: enumerating backends
llama_context: backend_ptrs.size() = 2
sched_reserve: reserving ...
sched_reserve: max_nodes = 2712
sched_reserve: reserving full memory module
sched_reserve: worst-case: n_tokens = 512, n_seqs = 1, n_outputs = 1
graph_reserve: reserving a graph for ubatch with n_tokens =    1, n_seqs =  1, n_outputs =    1
sched_reserve: Flash Attention was auto, set to enabled
sched_reserve: resolving fused Gated Delta Net support:
graph_reserve: reserving a graph for ubatch with n_tokens =    1, n_seqs =  1, n_outputs =    1
sched_reserve: fused Gated Delta Net (autoregressive) enabled
graph_reserve: reserving a graph for ubatch with n_tokens =   16, n_seqs =  1, n_outputs =   16
sched_reserve: fused Gated Delta Net (chunked) enabled
graph_reserve: reserving a graph for ubatch with n_tokens =  512, n_seqs =  1, n_outputs =  512
graph_reserve: reserving a graph for ubatch with n_tokens =    1, n_seqs =  1, n_outputs =    1
graph_reserve: reserving a graph for ubatch with n_tokens =  512, n_seqs =  1, n_outputs =  512
sched_reserve:      CUDA0 compute buffer size =   304.00 MiB
sched_reserve:  CUDA_Host compute buffer size =    14.76 MiB
sched_reserve: graph nodes  = 958
sched_reserve: graph splits = 44 (with bs=512), 2 (with bs=1)
sched_reserve: reserve took 16.75 ms, sched copies = 1
CUDA Graph id 1968 reused
ggml_backend_cuda_graph_compute: CUDA graph warmup complete
CUDA Graph id 1968 reused
CUDA Graph id 1968 reused
CUDA Graph id 1968 reused
CUDA Graph id 1968 reused
CUDA Graph id 1968 reused
CUDA Graph id 1968 reused
CUDA Graph id 1968 reused
CUDA Graph id 1968 reused
CUDA Graph id 1968 reused
CUDA Graph id 1968 reused
CUDA Graph id 1968 reused
CUDA Graph id 1968 reused
CUDA Graph id 1968 reused
CUDA Graph id 1968 reused
CUDA Graph id 1968 reused
CUDA Graph id 1968 reused
CUDA Graph id 1968 reused
CUDA Graph id 1968 reused
CUDA Graph id 1968 reused
CUDA Graph id 1968 reused
CUDA Graph id 1968 reused
CUDA Graph id 1968 reused
~llama_context:      CUDA0 compute buffer size is 304.0000 MiB, matches expectation of 304.0000 MiB
~llama_context:  CUDA_Host compute buffer size is  14.7637 MiB, matches expectation of  14.7637 MiB
llama_context: constructing llama_context
llama_context: n_seq_max     = 1
llama_context: n_ctx         = 768
llama_context: n_ctx_seq     = 768
llama_context: n_batch       = 653
llama_context: n_ubatch      = 512
llama_context: causal_attn   = 1
llama_context: flash_attn    = auto
llama_context: kv_unified    = false
llama_context: freq_base     = 1000000.0
llama_context: freq_scale    = 1
llama_context: n_rs_seq      = 0
llama_context: n_outputs_max = 653
llama_context: n_ctx_seq (768) < n_ctx_train (32768) -- the full capacity of the model will not be utilized
set_abort_callback: call
llama_context:  CUDA_Host  output buffer size =     0.58 MiB
llama_kv_cache: layer   0: dev = CPU
llama_kv_cache: layer   1: dev = CPU
llama_kv_cache: layer   2: dev = CPU
llama_kv_cache: layer   3: dev = CUDA0
llama_kv_cache: layer   4: dev = CUDA0
llama_kv_cache: layer   5: dev = CUDA0
llama_kv_cache: layer   6: dev = CUDA0
llama_kv_cache: layer   7: dev = CUDA0
llama_kv_cache: layer   8: dev = CUDA0
llama_kv_cache: layer   9: dev = CUDA0
llama_kv_cache: layer  10: dev = CUDA0
llama_kv_cache: layer  11: dev = CUDA0
llama_kv_cache: layer  12: dev = CUDA0
llama_kv_cache: layer  13: dev = CUDA0
llama_kv_cache: layer  14: dev = CUDA0
llama_kv_cache: layer  15: dev = CUDA0
llama_kv_cache: layer  16: dev = CUDA0
llama_kv_cache: layer  17: dev = CUDA0
llama_kv_cache: layer  18: dev = CUDA0
llama_kv_cache: layer  19: dev = CUDA0
llama_kv_cache: layer  20: dev = CUDA0
llama_kv_cache: layer  21: dev = CUDA0
llama_kv_cache: layer  22: dev = CUDA0
llama_kv_cache: layer  23: dev = CUDA0
llama_kv_cache: layer  24: dev = CUDA0
llama_kv_cache: layer  25: dev = CUDA0
llama_kv_cache: layer  26: dev = CUDA0
llama_kv_cache: layer  27: dev = CUDA0
llama_kv_cache:        CPU KV buffer size =     4.50 MiB
llama_kv_cache:      CUDA0 KV buffer size =    37.50 MiB
llama_kv_cache: size =   42.00 MiB (   768 cells,  28 layers,  1/1 seqs), K (f16):   21.00 MiB, V (f16):   21.00 MiB
llama_kv_cache: attn_rot_k = 0, n_embd_head_k_all = 128
llama_kv_cache: attn_rot_v = 0, n_embd_head_k_all = 128
llama_context: enumerating backends
llama_context: backend_ptrs.size() = 2
sched_reserve: reserving ...
sched_reserve: max_nodes = 2712
sched_reserve: reserving full memory module
sched_reserve: worst-case: n_tokens = 512, n_seqs = 1, n_outputs = 1
graph_reserve: reserving a graph for ubatch with n_tokens =    1, n_seqs =  1, n_outputs =    1
sched_reserve: Flash Attention was auto, set to enabled
sched_reserve: resolving fused Gated Delta Net support:
graph_reserve: reserving a graph for ubatch with n_tokens =    1, n_seqs =  1, n_outputs =    1
sched_reserve: fused Gated Delta Net (autoregressive) enabled
graph_reserve: reserving a graph for ubatch with n_tokens =   16, n_seqs =  1, n_outputs =   16
sched_reserve: fused Gated Delta Net (chunked) enabled
graph_reserve: reserving a graph for ubatch with n_tokens =  512, n_seqs =  1, n_outputs =  512
graph_reserve: reserving a graph for ubatch with n_tokens =    1, n_seqs =  1, n_outputs =    1
graph_reserve: reserving a graph for ubatch with n_tokens =  512, n_seqs =  1, n_outputs =  512
sched_reserve:      CUDA0 compute buffer size =   304.00 MiB
sched_reserve:  CUDA_Host compute buffer size =    14.76 MiB
sched_reserve: graph nodes  = 958
sched_reserve: graph splits = 44 (with bs=512), 2 (with bs=1)
sched_reserve: reserve took 19.86 ms, sched copies = 1
CUDA Graph id 2118 reused
ggml_backend_cuda_graph_compute: CUDA graph warmup complete
CUDA Graph id 2118 reused
CUDA Graph id 2118 reused
CUDA Graph id 2118 reused
CUDA Graph id 2118 reused
CUDA Graph id 2118 reused
CUDA Graph id 2118 reused
CUDA Graph id 2118 reused
CUDA Graph id 2118 reused
CUDA Graph id 2118 reused
CUDA Graph id 2118 reused
CUDA Graph id 2118 reused
CUDA Graph id 2118 reused
CUDA Graph id 2118 reused
CUDA Graph id 2118 reused
CUDA Graph id 2118 reused
CUDA Graph id 2118 reused
CUDA Graph id 2118 reused
CUDA Graph id 2118 reused
CUDA Graph id 2118 reused
CUDA Graph id 2118 reused
CUDA Graph id 2118 reused
CUDA Graph id 2118 reused
~llama_context:      CUDA0 compute buffer size is 304.0000 MiB, matches expectation of 304.0000 MiB
~llama_context:  CUDA_Host compute buffer size is  14.7637 MiB, matches expectation of  14.7637 MiB
llama_context: constructing llama_context
llama_context: n_seq_max     = 1
llama_context: n_ctx         = 768
llama_context: n_ctx_seq     = 768
llama_context: n_batch       = 653
llama_context: n_ubatch      = 512
llama_context: causal_attn   = 1
llama_context: flash_attn    = auto
llama_context: kv_unified    = false
llama_context: freq_base     = 1000000.0
llama_context: freq_scale    = 1
llama_context: n_rs_seq      = 0
llama_context: n_outputs_max = 653
llama_context: n_ctx_seq (768) < n_ctx_train (32768) -- the full capacity of the model will not be utilized
set_abort_callback: call
llama_context:  CUDA_Host  output buffer size =     0.58 MiB
llama_kv_cache: layer   0: dev = CPU
llama_kv_cache: layer   1: dev = CPU
llama_kv_cache: layer   2: dev = CPU
llama_kv_cache: layer   3: dev = CUDA0
llama_kv_cache: layer   4: dev = CUDA0
llama_kv_cache: layer   5: dev = CUDA0
llama_kv_cache: layer   6: dev = CUDA0
llama_kv_cache: layer   7: dev = CUDA0
llama_kv_cache: layer   8: dev = CUDA0
llama_kv_cache: layer   9: dev = CUDA0
llama_kv_cache: layer  10: dev = CUDA0
llama_kv_cache: layer  11: dev = CUDA0
llama_kv_cache: layer  12: dev = CUDA0
llama_kv_cache: layer  13: dev = CUDA0
llama_kv_cache: layer  14: dev = CUDA0
llama_kv_cache: layer  15: dev = CUDA0
llama_kv_cache: layer  16: dev = CUDA0
llama_kv_cache: layer  17: dev = CUDA0
llama_kv_cache: layer  18: dev = CUDA0
llama_kv_cache: layer  19: dev = CUDA0
llama_kv_cache: layer  20: dev = CUDA0
llama_kv_cache: layer  21: dev = CUDA0
llama_kv_cache: layer  22: dev = CUDA0
llama_kv_cache: layer  23: dev = CUDA0
llama_kv_cache: layer  24: dev = CUDA0
llama_kv_cache: layer  25: dev = CUDA0
llama_kv_cache: layer  26: dev = CUDA0
llama_kv_cache: layer  27: dev = CUDA0
llama_kv_cache:        CPU KV buffer size =     4.50 MiB
llama_kv_cache:      CUDA0 KV buffer size =    37.50 MiB
llama_kv_cache: size =   42.00 MiB (   768 cells,  28 layers,  1/1 seqs), K (f16):   21.00 MiB, V (f16):   21.00 MiB
llama_kv_cache: attn_rot_k = 0, n_embd_head_k_all = 128
llama_kv_cache: attn_rot_v = 0, n_embd_head_k_all = 128
llama_context: enumerating backends
llama_context: backend_ptrs.size() = 2
sched_reserve: reserving ...
sched_reserve: max_nodes = 2712
sched_reserve: reserving full memory module
sched_reserve: worst-case: n_tokens = 512, n_seqs = 1, n_outputs = 1
graph_reserve: reserving a graph for ubatch with n_tokens =    1, n_seqs =  1, n_outputs =    1
sched_reserve: Flash Attention was auto, set to enabled
sched_reserve: resolving fused Gated Delta Net support:
graph_reserve: reserving a graph for ubatch with n_tokens =    1, n_seqs =  1, n_outputs =    1
sched_reserve: fused Gated Delta Net (autoregressive) enabled
graph_reserve: reserving a graph for ubatch with n_tokens =   16, n_seqs =  1, n_outputs =   16
sched_reserve: fused Gated Delta Net (chunked) enabled
graph_reserve: reserving a graph for ubatch with n_tokens =  512, n_seqs =  1, n_outputs =  512
graph_reserve: reserving a graph for ubatch with n_tokens =    1, n_seqs =  1, n_outputs =    1
graph_reserve: reserving a graph for ubatch with n_tokens =  512, n_seqs =  1, n_outputs =  512
sched_reserve:      CUDA0 compute buffer size =   304.00 MiB
sched_reserve:  CUDA_Host compute buffer size =    14.76 MiB
sched_reserve: graph nodes  = 958
sched_reserve: graph splits = 44 (with bs=512), 2 (with bs=1)
sched_reserve: reserve took 28.45 ms, sched copies = 1
CUDA Graph id 2268 reused
ggml_backend_cuda_graph_compute: CUDA graph warmup complete
CUDA Graph id 2268 reused
CUDA Graph id 2268 reused
CUDA Graph id 2268 reused
CUDA Graph id 2268 reused
CUDA Graph id 2268 reused
CUDA Graph id 2268 reused
CUDA Graph id 2268 reused
CUDA Graph id 2268 reused
CUDA Graph id 2268 reused
CUDA Graph id 2268 reused
CUDA Graph id 2268 reused
CUDA Graph id 2268 reused
CUDA Graph id 2268 reused
CUDA Graph id 2268 reused
CUDA Graph id 2268 reused
CUDA Graph id 2268 reused
CUDA Graph id 2268 reused
CUDA Graph id 2268 reused
~llama_context:      CUDA0 compute buffer size is 304.0000 MiB, matches expectation of 304.0000 MiB
~llama_context:  CUDA_Host compute buffer size is  14.7637 MiB, matches expectation of  14.7637 MiB
llama_context: constructing llama_context
llama_context: n_seq_max     = 1
llama_context: n_ctx         = 768
llama_context: n_ctx_seq     = 768
llama_context: n_batch       = 653
llama_context: n_ubatch      = 512
llama_context: causal_attn   = 1
llama_context: flash_attn    = auto
llama_context: kv_unified    = false
llama_context: freq_base     = 1000000.0
llama_context: freq_scale    = 1
llama_context: n_rs_seq      = 0
llama_context: n_outputs_max = 653
llama_context: n_ctx_seq (768) < n_ctx_train (32768) -- the full capacity of the model will not be utilized
set_abort_callback: call
llama_context:  CUDA_Host  output buffer size =     0.58 MiB
llama_kv_cache: layer   0: dev = CPU
llama_kv_cache: layer   1: dev = CPU
llama_kv_cache: layer   2: dev = CPU
llama_kv_cache: layer   3: dev = CUDA0
llama_kv_cache: layer   4: dev = CUDA0
llama_kv_cache: layer   5: dev = CUDA0
llama_kv_cache: layer   6: dev = CUDA0
llama_kv_cache: layer   7: dev = CUDA0
llama_kv_cache: layer   8: dev = CUDA0
llama_kv_cache: layer   9: dev = CUDA0
llama_kv_cache: layer  10: dev = CUDA0
llama_kv_cache: layer  11: dev = CUDA0
llama_kv_cache: layer  12: dev = CUDA0
llama_kv_cache: layer  13: dev = CUDA0
llama_kv_cache: layer  14: dev = CUDA0
llama_kv_cache: layer  15: dev = CUDA0
llama_kv_cache: layer  16: dev = CUDA0
llama_kv_cache: layer  17: dev = CUDA0
llama_kv_cache: layer  18: dev = CUDA0
llama_kv_cache: layer  19: dev = CUDA0
llama_kv_cache: layer  20: dev = CUDA0
llama_kv_cache: layer  21: dev = CUDA0
llama_kv_cache: layer  22: dev = CUDA0
llama_kv_cache: layer  23: dev = CUDA0
llama_kv_cache: layer  24: dev = CUDA0
llama_kv_cache: layer  25: dev = CUDA0
llama_kv_cache: layer  26: dev = CUDA0
llama_kv_cache: layer  27: dev = CUDA0
llama_kv_cache:        CPU KV buffer size =     4.50 MiB
llama_kv_cache:      CUDA0 KV buffer size =    37.50 MiB
llama_kv_cache: size =   42.00 MiB (   768 cells,  28 layers,  1/1 seqs), K (f16):   21.00 MiB, V (f16):   21.00 MiB
llama_kv_cache: attn_rot_k = 0, n_embd_head_k_all = 128
llama_kv_cache: attn_rot_v = 0, n_embd_head_k_all = 128
llama_context: enumerating backends
llama_context: backend_ptrs.size() = 2
sched_reserve: reserving ...
sched_reserve: max_nodes = 2712
sched_reserve: reserving full memory module
sched_reserve: worst-case: n_tokens = 512, n_seqs = 1, n_outputs = 1
graph_reserve: reserving a graph for ubatch with n_tokens =    1, n_seqs =  1, n_outputs =    1
sched_reserve: Flash Attention was auto, set to enabled
sched_reserve: resolving fused Gated Delta Net support:
graph_reserve: reserving a graph for ubatch with n_tokens =    1, n_seqs =  1, n_outputs =    1
sched_reserve: fused Gated Delta Net (autoregressive) enabled
graph_reserve: reserving a graph for ubatch with n_tokens =   16, n_seqs =  1, n_outputs =   16
sched_reserve: fused Gated Delta Net (chunked) enabled
graph_reserve: reserving a graph for ubatch with n_tokens =  512, n_seqs =  1, n_outputs =  512
graph_reserve: reserving a graph for ubatch with n_tokens =    1, n_seqs =  1, n_outputs =    1
graph_reserve: reserving a graph for ubatch with n_tokens =  512, n_seqs =  1, n_outputs =  512
sched_reserve:      CUDA0 compute buffer size =   304.00 MiB
sched_reserve:  CUDA_Host compute buffer size =    14.76 MiB
sched_reserve: graph nodes  = 958
sched_reserve: graph splits = 44 (with bs=512), 2 (with bs=1)
sched_reserve: reserve took 19.13 ms, sched copies = 1
CUDA Graph id 2418 reused
ggml_backend_cuda_graph_compute: CUDA graph warmup complete
CUDA Graph id 2418 reused
CUDA Graph id 2418 reused
CUDA Graph id 2418 reused
CUDA Graph id 2418 reused
CUDA Graph id 2418 reused
CUDA Graph id 2418 reused
CUDA Graph id 2418 reused
CUDA Graph id 2418 reused
CUDA Graph id 2418 reused
CUDA Graph id 2418 reused
CUDA Graph id 2418 reused
CUDA Graph id 2418 reused
CUDA Graph id 2418 reused
CUDA Graph id 2418 reused
CUDA Graph id 2418 reused
CUDA Graph id 2418 reused
CUDA Graph id 2418 reused
CUDA Graph id 2418 reused
CUDA Graph id 2418 reused
CUDA Graph id 2418 reused
CUDA Graph id 2418 reused
CUDA Graph id 2418 reused
~llama_context:      CUDA0 compute buffer size is 304.0000 MiB, matches expectation of 304.0000 MiB
~llama_context:  CUDA_Host compute buffer size is  14.7637 MiB, matches expectation of  14.7637 MiB
llama_context: constructing llama_context
llama_context: n_seq_max     = 1
llama_context: n_ctx         = 768
llama_context: n_ctx_seq     = 768
llama_context: n_batch       = 653
llama_context: n_ubatch      = 512
llama_context: causal_attn   = 1
llama_context: flash_attn    = auto
llama_context: kv_unified    = false
llama_context: freq_base     = 1000000.0
llama_context: freq_scale    = 1
llama_context: n_rs_seq      = 0
llama_context: n_outputs_max = 653
llama_context: n_ctx_seq (768) < n_ctx_train (32768) -- the full capacity of the model will not be utilized
set_abort_callback: call
llama_context:  CUDA_Host  output buffer size =     0.58 MiB
llama_kv_cache: layer   0: dev = CPU
llama_kv_cache: layer   1: dev = CPU
llama_kv_cache: layer   2: dev = CPU
llama_kv_cache: layer   3: dev = CUDA0
llama_kv_cache: layer   4: dev = CUDA0
llama_kv_cache: layer   5: dev = CUDA0
llama_kv_cache: layer   6: dev = CUDA0
llama_kv_cache: layer   7: dev = CUDA0
llama_kv_cache: layer   8: dev = CUDA0
llama_kv_cache: layer   9: dev = CUDA0
llama_kv_cache: layer  10: dev = CUDA0
llama_kv_cache: layer  11: dev = CUDA0
llama_kv_cache: layer  12: dev = CUDA0
llama_kv_cache: layer  13: dev = CUDA0
llama_kv_cache: layer  14: dev = CUDA0
llama_kv_cache: layer  15: dev = CUDA0
llama_kv_cache: layer  16: dev = CUDA0
llama_kv_cache: layer  17: dev = CUDA0
llama_kv_cache: layer  18: dev = CUDA0
llama_kv_cache: layer  19: dev = CUDA0
llama_kv_cache: layer  20: dev = CUDA0
llama_kv_cache: layer  21: dev = CUDA0
llama_kv_cache: layer  22: dev = CUDA0
llama_kv_cache: layer  23: dev = CUDA0
llama_kv_cache: layer  24: dev = CUDA0
llama_kv_cache: layer  25: dev = CUDA0
llama_kv_cache: layer  26: dev = CUDA0
llama_kv_cache: layer  27: dev = CUDA0
llama_kv_cache:        CPU KV buffer size =     4.50 MiB
llama_kv_cache:      CUDA0 KV buffer size =    37.50 MiB
llama_kv_cache: size =   42.00 MiB (   768 cells,  28 layers,  1/1 seqs), K (f16):   21.00 MiB, V (f16):   21.00 MiB
llama_kv_cache: attn_rot_k = 0, n_embd_head_k_all = 128
llama_kv_cache: attn_rot_v = 0, n_embd_head_k_all = 128
llama_context: enumerating backends
llama_context: backend_ptrs.size() = 2
sched_reserve: reserving ...
sched_reserve: max_nodes = 2712
sched_reserve: reserving full memory module
sched_reserve: worst-case: n_tokens = 512, n_seqs = 1, n_outputs = 1
graph_reserve: reserving a graph for ubatch with n_tokens =    1, n_seqs =  1, n_outputs =    1
sched_reserve: Flash Attention was auto, set to enabled
sched_reserve: resolving fused Gated Delta Net support:
graph_reserve: reserving a graph for ubatch with n_tokens =    1, n_seqs =  1, n_outputs =    1
sched_reserve: fused Gated Delta Net (autoregressive) enabled
graph_reserve: reserving a graph for ubatch with n_tokens =   16, n_seqs =  1, n_outputs =   16
sched_reserve: fused Gated Delta Net (chunked) enabled
graph_reserve: reserving a graph for ubatch with n_tokens =  512, n_seqs =  1, n_outputs =  512
graph_reserve: reserving a graph for ubatch with n_tokens =    1, n_seqs =  1, n_outputs =    1
graph_reserve: reserving a graph for ubatch with n_tokens =  512, n_seqs =  1, n_outputs =  512
sched_reserve:      CUDA0 compute buffer size =   304.00 MiB
sched_reserve:  CUDA_Host compute buffer size =    14.76 MiB
sched_reserve: graph nodes  = 958
sched_reserve: graph splits = 44 (with bs=512), 2 (with bs=1)
sched_reserve: reserve took 16.67 ms, sched copies = 1
CUDA Graph id 2568 reused
ggml_backend_cuda_graph_compute: CUDA graph warmup complete
CUDA Graph id 2568 reused
CUDA Graph id 2568 reused
CUDA Graph id 2568 reused
CUDA Graph id 2568 reused
CUDA Graph id 2568 reused
CUDA Graph id 2568 reused
CUDA Graph id 2568 reused
CUDA Graph id 2568 reused
CUDA Graph id 2568 reused
~llama_context:      CUDA0 compute buffer size is 304.0000 MiB, matches expectation of 304.0000 MiB
~llama_context:  CUDA_Host compute buffer size is  14.7637 MiB, matches expectation of  14.7637 MiB
llama_context: constructing llama_context
llama_context: n_seq_max     = 1
llama_context: n_ctx         = 768
llama_context: n_ctx_seq     = 768
llama_context: n_batch       = 653
llama_context: n_ubatch      = 512
llama_context: causal_attn   = 1
llama_context: flash_attn    = auto
llama_context: kv_unified    = false
llama_context: freq_base     = 1000000.0
llama_context: freq_scale    = 1
llama_context: n_rs_seq      = 0
llama_context: n_outputs_max = 653
llama_context: n_ctx_seq (768) < n_ctx_train (32768) -- the full capacity of the model will not be utilized
set_abort_callback: call
llama_context:  CUDA_Host  output buffer size =     0.58 MiB
llama_kv_cache: layer   0: dev = CPU
llama_kv_cache: layer   1: dev = CPU
llama_kv_cache: layer   2: dev = CPU
llama_kv_cache: layer   3: dev = CUDA0
llama_kv_cache: layer   4: dev = CUDA0
llama_kv_cache: layer   5: dev = CUDA0
llama_kv_cache: layer   6: dev = CUDA0
llama_kv_cache: layer   7: dev = CUDA0
llama_kv_cache: layer   8: dev = CUDA0
llama_kv_cache: layer   9: dev = CUDA0
llama_kv_cache: layer  10: dev = CUDA0
llama_kv_cache: layer  11: dev = CUDA0
llama_kv_cache: layer  12: dev = CUDA0
llama_kv_cache: layer  13: dev = CUDA0
llama_kv_cache: layer  14: dev = CUDA0
llama_kv_cache: layer  15: dev = CUDA0
llama_kv_cache: layer  16: dev = CUDA0
llama_kv_cache: layer  17: dev = CUDA0
llama_kv_cache: layer  18: dev = CUDA0
llama_kv_cache: layer  19: dev = CUDA0
llama_kv_cache: layer  20: dev = CUDA0
llama_kv_cache: layer  21: dev = CUDA0
llama_kv_cache: layer  22: dev = CUDA0
llama_kv_cache: layer  23: dev = CUDA0
llama_kv_cache: layer  24: dev = CUDA0
llama_kv_cache: layer  25: dev = CUDA0
llama_kv_cache: layer  26: dev = CUDA0
llama_kv_cache: layer  27: dev = CUDA0
llama_kv_cache:        CPU KV buffer size =     4.50 MiB
llama_kv_cache:      CUDA0 KV buffer size =    37.50 MiB
llama_kv_cache: size =   42.00 MiB (   768 cells,  28 layers,  1/1 seqs), K (f16):   21.00 MiB, V (f16):   21.00 MiB
llama_kv_cache: attn_rot_k = 0, n_embd_head_k_all = 128
llama_kv_cache: attn_rot_v = 0, n_embd_head_k_all = 128
llama_context: enumerating backends
llama_context: backend_ptrs.size() = 2
sched_reserve: reserving ...
sched_reserve: max_nodes = 2712
sched_reserve: reserving full memory module
sched_reserve: worst-case: n_tokens = 512, n_seqs = 1, n_outputs = 1
graph_reserve: reserving a graph for ubatch with n_tokens =    1, n_seqs =  1, n_outputs =    1
sched_reserve: Flash Attention was auto, set to enabled
sched_reserve: resolving fused Gated Delta Net support:
graph_reserve: reserving a graph for ubatch with n_tokens =    1, n_seqs =  1, n_outputs =    1
sched_reserve: fused Gated Delta Net (autoregressive) enabled
graph_reserve: reserving a graph for ubatch with n_tokens =   16, n_seqs =  1, n_outputs =   16
sched_reserve: fused Gated Delta Net (chunked) enabled
graph_reserve: reserving a graph for ubatch with n_tokens =  512, n_seqs =  1, n_outputs =  512
graph_reserve: reserving a graph for ubatch with n_tokens =    1, n_seqs =  1, n_outputs =    1
graph_reserve: reserving a graph for ubatch with n_tokens =  512, n_seqs =  1, n_outputs =  512
sched_reserve:      CUDA0 compute buffer size =   304.00 MiB
sched_reserve:  CUDA_Host compute buffer size =    14.76 MiB
sched_reserve: graph nodes  = 958
sched_reserve: graph splits = 44 (with bs=512), 2 (with bs=1)
sched_reserve: reserve took 22.89 ms, sched copies = 1
CUDA Graph id 2718 reused
ggml_backend_cuda_graph_compute: CUDA graph warmup complete
CUDA Graph id 2718 reused
CUDA Graph id 2718 reused
CUDA Graph id 2718 reused
CUDA Graph id 2718 reused
CUDA Graph id 2718 reused
CUDA Graph id 2718 reused
CUDA Graph id 2718 reused
CUDA Graph id 2718 reused
CUDA Graph id 2718 reused
CUDA Graph id 2718 reused
CUDA Graph id 2718 reused
CUDA Graph id 2718 reused
CUDA Graph id 2718 reused
CUDA Graph id 2718 reused
CUDA Graph id 2718 reused
CUDA Graph id 2718 reused
CUDA Graph id 2718 reused
CUDA Graph id 2718 reused
CUDA Graph id 2718 reused
CUDA Graph id 2718 reused
CUDA Graph id 2718 reused
CUDA Graph id 2718 reused
CUDA Graph id 2718 reused
CUDA Graph id 2718 reused
CUDA Graph id 2718 reused
CUDA Graph id 2718 reused
CUDA Graph id 2718 reused
CUDA Graph id 2718 reused
CUDA Graph id 2718 reused
CUDA Graph id 2718 reused
CUDA Graph id 2718 reused
CUDA Graph id 2718 reused
CUDA Graph id 2718 reused
CUDA Graph id 2718 reused
CUDA Graph id 2718 reused
CUDA Graph id 2718 reused
CUDA Graph id 2718 reused
CUDA Graph id 2718 reused
CUDA Graph id 2718 reused
CUDA Graph id 2718 reused
CUDA Graph id 2718 reused
CUDA Graph id 2718 reused
CUDA Graph id 2718 reused
CUDA Graph id 2718 reused
CUDA Graph id 2718 reused
CUDA Graph id 2718 reused
CUDA Graph id 2718 reused
CUDA Graph id 2718 reused
CUDA Graph id 2718 reused
CUDA Graph id 2718 reused
CUDA Graph id 2718 reused
CUDA Graph id 2718 reused
CUDA Graph id 2718 reused
CUDA Graph id 2718 reused
CUDA Graph id 2718 reused
CUDA Graph id 2718 reused
CUDA Graph id 2718 reused
CUDA Graph id 2718 reused
CUDA Graph id 2718 reused
CUDA Graph id 2718 reused
CUDA Graph id 2718 reused
CUDA Graph id 2718 reused
CUDA Graph id 2718 reused
CUDA Graph id 2718 reused
CUDA Graph id 2718 reused
CUDA Graph id 2718 reused
CUDA Graph id 2718 reused
CUDA Graph id 2718 reused
CUDA Graph id 2718 reused
CUDA Graph id 2718 reused
CUDA Graph id 2718 reused
CUDA Graph id 2718 reused
CUDA Graph id 2718 reused
CUDA Graph id 2718 reused
CUDA Graph id 2718 reused
CUDA Graph id 2718 reused
CUDA Graph id 2718 reused
CUDA Graph id 2718 reused
CUDA Graph id 2718 reused
CUDA Graph id 2718 reused
CUDA Graph id 2718 reused
CUDA Graph id 2718 reused
CUDA Graph id 2718 reused
CUDA Graph id 2718 reused
CUDA Graph id 2718 reused
CUDA Graph id 2718 reused
CUDA Graph id 2718 reused
CUDA Graph id 2718 reused
CUDA Graph id 2718 reused
CUDA Graph id 2718 reused
CUDA Graph id 2718 reused
CUDA Graph id 2718 reused
CUDA Graph id 2718 reused
CUDA Graph id 2718 reused
CUDA Graph id 2718 reused
CUDA Graph id 2718 reused
CUDA Graph id 2718 reused
CUDA Graph id 2718 reused
CUDA Graph id 2718 reused
CUDA Graph id 2718 reused
CUDA Graph id 2718 reused
CUDA Graph id 2718 reused
CUDA Graph id 2718 reused
CUDA Graph id 2718 reused
CUDA Graph id 2718 reused
CUDA Graph id 2718 reused
CUDA Graph id 2718 reused
CUDA Graph id 2718 reused
CUDA Graph id 2718 reused
CUDA Graph id 2718 reused
CUDA Graph id 2718 reused
CUDA Graph id 2718 reused
CUDA Graph id 2718 reused
CUDA Graph id 2718 reused
CUDA Graph id 2718 reused
CUDA Graph id 2718 reused
CUDA Graph id 2718 reused
CUDA Graph id 2718 reused
CUDA Graph id 2718 reused
CUDA Graph id 2718 reused
CUDA Graph id 2718 reused
ggml_backend_cuda_graph_compute: CUDA graph warmup reset
CUDA Graph id 2721 reused
ggml_backend_cuda_graph_compute: CUDA graph warmup complete
CUDA Graph id 2721 reused
CUDA Graph id 2721 reused
CUDA Graph id 2721 reused
CUDA Graph id 2721 reused
CUDA Graph id 2721 reused
CUDA Graph id 2721 reused
CUDA Graph id 2721 reused
CUDA Graph id 2721 reused
CUDA Graph id 2721 reused
CUDA Graph id 2721 reused
CUDA Graph id 2721 reused
CUDA Graph id 2721 reused
CUDA Graph id 2721 reused
CUDA Graph id 2721 reused
CUDA Graph id 2721 reused
CUDA Graph id 2721 reused
CUDA Graph id 2721 reused
CUDA Graph id 2721 reused
CUDA Graph id 2721 reused
CUDA Graph id 2721 reused
CUDA Graph id 2721 reused
CUDA Graph id 2721 reused
CUDA Graph id 2721 reused
CUDA Graph id 2721 reused
CUDA Graph id 2721 reused
CUDA Graph id 2721 reused
CUDA Graph id 2721 reused
CUDA Graph id 2721 reused
CUDA Graph id 2721 reused
CUDA Graph id 2721 reused
CUDA Graph id 2721 reused
CUDA Graph id 2721 reused
CUDA Graph id 2721 reused
CUDA Graph id 2721 reused
CUDA Graph id 2721 reused
CUDA Graph id 2721 reused
CUDA Graph id 2721 reused
CUDA Graph id 2721 reused
CUDA Graph id 2721 reused
CUDA Graph id 2721 reused
CUDA Graph id 2721 reused
CUDA Graph id 2721 reused
CUDA Graph id 2721 reused
CUDA Graph id 2721 reused
CUDA Graph id 2721 reused
CUDA Graph id 2721 reused
CUDA Graph id 2721 reused
CUDA Graph id 2721 reused
CUDA Graph id 2721 reused
CUDA Graph id 2721 reused
CUDA Graph id 2721 reused
CUDA Graph id 2721 reused
CUDA Graph id 2721 reused
CUDA Graph id 2721 reused
CUDA Graph id 2721 reused
CUDA Graph id 2721 reused
CUDA Graph id 2721 reused
CUDA Graph id 2721 reused
CUDA Graph id 2721 reused
CUDA Graph id 2721 reused
CUDA Graph id 2721 reused
CUDA Graph id 2721 reused
CUDA Graph id 2721 reused
CUDA Graph id 2721 reused
CUDA Graph id 2721 reused
CUDA Graph id 2721 reused
CUDA Graph id 2721 reused
CUDA Graph id 2721 reused
CUDA Graph id 2721 reused
CUDA Graph id 2721 reused
CUDA Graph id 2721 reused
CUDA Graph id 2721 reused
CUDA Graph id 2721 reused
CUDA Graph id 2721 reused
CUDA Graph id 2721 reused
CUDA Graph id 2721 reused
CUDA Graph id 2721 reused
CUDA Graph id 2721 reused
CUDA Graph id 2721 reused
CUDA Graph id 2721 reused
CUDA Graph id 2721 reused
CUDA Graph id 2721 reused
CUDA Graph id 2721 reused
CUDA Graph id 2721 reused
CUDA Graph id 2721 reused
CUDA Graph id 2721 reused
CUDA Graph id 2721 reused
CUDA Graph id 2721 reused
CUDA Graph id 2721 reused
CUDA Graph id 2721 reused
CUDA Graph id 2721 reused
CUDA Graph id 2721 reused
CUDA Graph id 2721 reused
CUDA Graph id 2721 reused
CUDA Graph id 2721 reused
CUDA Graph id 2721 reused
CUDA Graph id 2721 reused
CUDA Graph id 2721 reused
CUDA Graph id 2721 reused
CUDA Graph id 2721 reused
CUDA Graph id 2721 reused
CUDA Graph id 2721 reused
CUDA Graph id 2721 reused
CUDA Graph id 2721 reused
CUDA Graph id 2721 reused
CUDA Graph id 2721 reused
CUDA Graph id 2721 reused
CUDA Graph id 2721 reused
CUDA Graph id 2721 reused
CUDA Graph id 2721 reused
CUDA Graph id 2721 reused
CUDA Graph id 2721 reused
CUDA Graph id 2721 reused
CUDA Graph id 2721 reused
CUDA Graph id 2721 reused
CUDA Graph id 2721 reused
CUDA Graph id 2721 reused
CUDA Graph id 2721 reused
CUDA Graph id 2721 reused
CUDA Graph id 2721 reused
CUDA Graph id 2721 reused
CUDA Graph id 2721 reused
CUDA Graph id 2721 reused
CUDA Graph id 2721 reused
CUDA Graph id 2721 reused
CUDA Graph id 2721 reused
CUDA Graph id 2721 reused
CUDA Graph id 2721 reused
CUDA Graph id 2721 reused
CUDA Graph id 2721 reused
CUDA Graph id 2721 reused
CUDA Graph id 2721 reused
CUDA Graph id 2721 reused
CUDA Graph id 2721 reused
CUDA Graph id 2721 reused
CUDA Graph id 2721 reused
CUDA Graph id 2721 reused
CUDA Graph id 2721 reused
CUDA Graph id 2721 reused
CUDA Graph id 2721 reused
CUDA Graph id 2721 reused
CUDA Graph id 2721 reused
CUDA Graph id 2721 reused
CUDA Graph id 2721 reused
CUDA Graph id 2721 reused
CUDA Graph id 2721 reused
CUDA Graph id 2721 reused
CUDA Graph id 2721 reused
CUDA Graph id 2721 reused
CUDA Graph id 2721 reused
CUDA Graph id 2721 reused
CUDA Graph id 2721 reused
CUDA Graph id 2721 reused
CUDA Graph id 2721 reused
CUDA Graph id 2721 reused
CUDA Graph id 2721 reused
CUDA Graph id 2721 reused
CUDA Graph id 2721 reused
CUDA Graph id 2721 reused
CUDA Graph id 2721 reused
CUDA Graph id 2721 reused
CUDA Graph id 2721 reused
CUDA Graph id 2721 reused
CUDA Graph id 2721 reused
CUDA Graph id 2721 reused
CUDA Graph id 2721 reused
CUDA Graph id 2721 reused
CUDA Graph id 2721 reused
CUDA Graph id 2721 reused
CUDA Graph id 2721 reused
CUDA Graph id 2721 reused
CUDA Graph id 2721 reused
CUDA Graph id 2721 reused
CUDA Graph id 2721 reused
CUDA Graph id 2721 reused
CUDA Graph id 2721 reused
CUDA Graph id 2721 reused
CUDA Graph id 2721 reused
CUDA Graph id 2721 reused
CUDA Graph id 2721 reused
CUDA Graph id 2721 reused
CUDA Graph id 2721 reused
CUDA Graph id 2721 reused
CUDA Graph id 2721 reused
CUDA Graph id 2721 reused
CUDA Graph id 2721 reused
CUDA Graph id 2721 reused
CUDA Graph id 2721 reused
CUDA Graph id 2721 reused
CUDA Graph id 2721 reused
CUDA Graph id 2721 reused
CUDA Graph id 2721 reused
CUDA Graph id 2721 reused
CUDA Graph id 2721 reused
CUDA Graph id 2721 reused
CUDA Graph id 2721 reused
CUDA Graph id 2721 reused
CUDA Graph id 2721 reused
CUDA Graph id 2721 reused
CUDA Graph id 2721 reused
CUDA Graph id 2721 reused
CUDA Graph id 2721 reused
CUDA Graph id 2721 reused
CUDA Graph id 2721 reused
CUDA Graph id 2721 reused
CUDA Graph id 2721 reused
CUDA Graph id 2721 reused
CUDA Graph id 2721 reused
CUDA Graph id 2721 reused
CUDA Graph id 2721 reused
CUDA Graph id 2721 reused
CUDA Graph id 2721 reused
CUDA Graph id 2721 reused
CUDA Graph id 2721 reused
CUDA Graph id 2721 reused
CUDA Graph id 2721 reused
CUDA Graph id 2721 reused
CUDA Graph id 2721 reused
CUDA Graph id 2721 reused
CUDA Graph id 2721 reused
CUDA Graph id 2721 reused
CUDA Graph id 2721 reused
CUDA Graph id 2721 reused
CUDA Graph id 2721 reused
CUDA Graph id 2721 reused
CUDA Graph id 2721 reused
CUDA Graph id 2721 reused
CUDA Graph id 2721 reused
CUDA Graph id 2721 reused
CUDA Graph id 2721 reused
CUDA Graph id 2721 reused
CUDA Graph id 2721 reused
CUDA Graph id 2721 reused
CUDA Graph id 2721 reused
CUDA Graph id 2721 reused
CUDA Graph id 2721 reused
CUDA Graph id 2721 reused
CUDA Graph id 2721 reused
CUDA Graph id 2721 reused
CUDA Graph id 2721 reused
CUDA Graph id 2721 reused
CUDA Graph id 2721 reused
CUDA Graph id 2721 reused
CUDA Graph id 2721 reused
CUDA Graph id 2721 reused
CUDA Graph id 2721 reused
CUDA Graph id 2721 reused
CUDA Graph id 2721 reused
CUDA Graph id 2721 reused
CUDA Graph id 2721 reused
CUDA Graph id 2721 reused
CUDA Graph id 2721 reused
CUDA Graph id 2721 reused
CUDA Graph id 2721 reused
ggml_backend_cuda_graph_compute: CUDA graph warmup reset
CUDA Graph id 2724 reused
ggml_backend_cuda_graph_compute: CUDA graph warmup complete
CUDA Graph id 2724 reused
CUDA Graph id 2724 reused
CUDA Graph id 2724 reused
CUDA Graph id 2724 reused
CUDA Graph id 2724 reused
CUDA Graph id 2724 reused
CUDA Graph id 2724 reused
CUDA Graph id 2724 reused
CUDA Graph id 2724 reused
CUDA Graph id 2724 reused
CUDA Graph id 2724 reused
CUDA Graph id 2724 reused
CUDA Graph id 2724 reused
CUDA Graph id 2724 reused
CUDA Graph id 2724 reused
CUDA Graph id 2724 reused
CUDA Graph id 2724 reused
CUDA Graph id 2724 reused
CUDA Graph id 2724 reused
CUDA Graph id 2724 reused
CUDA Graph id 2724 reused
CUDA Graph id 2724 reused
CUDA Graph id 2724 reused
CUDA Graph id 2724 reused
CUDA Graph id 2724 reused
CUDA Graph id 2724 reused
CUDA Graph id 2724 reused
CUDA Graph id 2724 reused
CUDA Graph id 2724 reused
CUDA Graph id 2724 reused
CUDA Graph id 2724 reused
CUDA Graph id 2724 reused
CUDA Graph id 2724 reused
CUDA Graph id 2724 reused
CUDA Graph id 2724 reused
CUDA Graph id 2724 reused
CUDA Graph id 2724 reused
CUDA Graph id 2724 reused
CUDA Graph id 2724 reused
CUDA Graph id 2724 reused
CUDA Graph id 2724 reused
CUDA Graph id 2724 reused
CUDA Graph id 2724 reused
CUDA Graph id 2724 reused
CUDA Graph id 2724 reused
CUDA Graph id 2724 reused
CUDA Graph id 2724 reused
CUDA Graph id 2724 reused
CUDA Graph id 2724 reused
CUDA Graph id 2724 reused
CUDA Graph id 2724 reused
CUDA Graph id 2724 reused
CUDA Graph id 2724 reused
CUDA Graph id 2724 reused
CUDA Graph id 2724 reused
CUDA Graph id 2724 reused
CUDA Graph id 2724 reused
CUDA Graph id 2724 reused
CUDA Graph id 2724 reused
CUDA Graph id 2724 reused
CUDA Graph id 2724 reused
CUDA Graph id 2724 reused
CUDA Graph id 2724 reused
CUDA Graph id 2724 reused
CUDA Graph id 2724 reused
CUDA Graph id 2724 reused
CUDA Graph id 2724 reused
CUDA Graph id 2724 reused
CUDA Graph id 2724 reused
CUDA Graph id 2724 reused
CUDA Graph id 2724 reused
CUDA Graph id 2724 reused
CUDA Graph id 2724 reused
CUDA Graph id 2724 reused
CUDA Graph id 2724 reused
CUDA Graph id 2724 reused
CUDA Graph id 2724 reused
CUDA Graph id 2724 reused
CUDA Graph id 2724 reused
CUDA Graph id 2724 reused
CUDA Graph id 2724 reused
CUDA Graph id 2724 reused
CUDA Graph id 2724 reused
CUDA Graph id 2724 reused
CUDA Graph id 2724 reused
CUDA Graph id 2724 reused
CUDA Graph id 2724 reused
CUDA Graph id 2724 reused
CUDA Graph id 2724 reused
CUDA Graph id 2724 reused
CUDA Graph id 2724 reused
CUDA Graph id 2724 reused
CUDA Graph id 2724 reused
CUDA Graph id 2724 reused
CUDA Graph id 2724 reused
CUDA Graph id 2724 reused
CUDA Graph id 2724 reused
CUDA Graph id 2724 reused
CUDA Graph id 2724 reused
CUDA Graph id 2724 reused
CUDA Graph id 2724 reused
CUDA Graph id 2724 reused
CUDA Graph id 2724 reused
CUDA Graph id 2724 reused
CUDA Graph id 2724 reused
CUDA Graph id 2724 reused
CUDA Graph id 2724 reused
CUDA Graph id 2724 reused
CUDA Graph id 2724 reused
CUDA Graph id 2724 reused
CUDA Graph id 2724 reused
CUDA Graph id 2724 reused
CUDA Graph id 2724 reused
CUDA Graph id 2724 reused
CUDA Graph id 2724 reused
CUDA Graph id 2724 reused
CUDA Graph id 2724 reused
CUDA Graph id 2724 reused
CUDA Graph id 2724 reused
CUDA Graph id 2724 reused
CUDA Graph id 2724 reused
CUDA Graph id 2724 reused
CUDA Graph id 2724 reused
CUDA Graph id 2724 reused
CUDA Graph id 2724 reused
CUDA Graph id 2724 reused
CUDA Graph id 2724 reused
CUDA Graph id 2724 reused
CUDA Graph id 2724 reused
CUDA Graph id 2724 reused
CUDA Graph id 2724 reused
~llama_context:      CUDA0 compute buffer size is 304.0000 MiB, matches expectation of 304.0000 MiB
~llama_context:  CUDA_Host compute buffer size is  14.7637 MiB, matches expectation of  14.7637 MiB
schema 3/25 done
llama_context: constructing llama_context
llama_context: n_seq_max     = 1
llama_context: n_ctx         = 768
llama_context: n_ctx_seq     = 768
llama_context: n_batch       = 653
llama_context: n_ubatch      = 512
llama_context: causal_attn   = 1
llama_context: flash_attn    = auto
llama_context: kv_unified    = false
llama_context: freq_base     = 1000000.0
llama_context: freq_scale    = 1
llama_context: n_rs_seq      = 0
llama_context: n_outputs_max = 653
llama_context: n_ctx_seq (768) < n_ctx_train (32768) -- the full capacity of the model will not be utilized
set_abort_callback: call
llama_context:  CUDA_Host  output buffer size =     0.58 MiB
llama_kv_cache: layer   0: dev = CPU
llama_kv_cache: layer   1: dev = CPU
llama_kv_cache: layer   2: dev = CPU
llama_kv_cache: layer   3: dev = CUDA0
llama_kv_cache: layer   4: dev = CUDA0
llama_kv_cache: layer   5: dev = CUDA0
llama_kv_cache: layer   6: dev = CUDA0
llama_kv_cache: layer   7: dev = CUDA0
llama_kv_cache: layer   8: dev = CUDA0
llama_kv_cache: layer   9: dev = CUDA0
llama_kv_cache: layer  10: dev = CUDA0
llama_kv_cache: layer  11: dev = CUDA0
llama_kv_cache: layer  12: dev = CUDA0
llama_kv_cache: layer  13: dev = CUDA0
llama_kv_cache: layer  14: dev = CUDA0
llama_kv_cache: layer  15: dev = CUDA0
llama_kv_cache: layer  16: dev = CUDA0
llama_kv_cache: layer  17: dev = CUDA0
llama_kv_cache: layer  18: dev = CUDA0
llama_kv_cache: layer  19: dev = CUDA0
llama_kv_cache: layer  20: dev = CUDA0
llama_kv_cache: layer  21: dev = CUDA0
llama_kv_cache: layer  22: dev = CUDA0
llama_kv_cache: layer  23: dev = CUDA0
llama_kv_cache: layer  24: dev = CUDA0
llama_kv_cache: layer  25: dev = CUDA0
llama_kv_cache: layer  26: dev = CUDA0
llama_kv_cache: layer  27: dev = CUDA0
llama_kv_cache:        CPU KV buffer size =     4.50 MiB
llama_kv_cache:      CUDA0 KV buffer size =    37.50 MiB
llama_kv_cache: size =   42.00 MiB (   768 cells,  28 layers,  1/1 seqs), K (f16):   21.00 MiB, V (f16):   21.00 MiB
llama_kv_cache: attn_rot_k = 0, n_embd_head_k_all = 128
llama_kv_cache: attn_rot_v = 0, n_embd_head_k_all = 128
llama_context: enumerating backends
llama_context: backend_ptrs.size() = 2
sched_reserve: reserving ...
sched_reserve: max_nodes = 2712
sched_reserve: reserving full memory module
sched_reserve: worst-case: n_tokens = 512, n_seqs = 1, n_outputs = 1
graph_reserve: reserving a graph for ubatch with n_tokens =    1, n_seqs =  1, n_outputs =    1
sched_reserve: Flash Attention was auto, set to enabled
sched_reserve: resolving fused Gated Delta Net support:
graph_reserve: reserving a graph for ubatch with n_tokens =    1, n_seqs =  1, n_outputs =    1
sched_reserve: fused Gated Delta Net (autoregressive) enabled
graph_reserve: reserving a graph for ubatch with n_tokens =   16, n_seqs =  1, n_outputs =   16
sched_reserve: fused Gated Delta Net (chunked) enabled
graph_reserve: reserving a graph for ubatch with n_tokens =  512, n_seqs =  1, n_outputs =  512
graph_reserve: reserving a graph for ubatch with n_tokens =    1, n_seqs =  1, n_outputs =    1
graph_reserve: reserving a graph for ubatch with n_tokens =  512, n_seqs =  1, n_outputs =  512
sched_reserve:      CUDA0 compute buffer size =   304.00 MiB
sched_reserve:  CUDA_Host compute buffer size =    14.76 MiB
sched_reserve: graph nodes  = 958
sched_reserve: graph splits = 44 (with bs=512), 2 (with bs=1)
sched_reserve: reserve took 15.58 ms, sched copies = 1
CUDA Graph id 2874 reused
ggml_backend_cuda_graph_compute: CUDA graph warmup complete
CUDA Graph id 2874 reused
CUDA Graph id 2874 reused
CUDA Graph id 2874 reused
CUDA Graph id 2874 reused
CUDA Graph id 2874 reused
CUDA Graph id 2874 reused
CUDA Graph id 2874 reused
CUDA Graph id 2874 reused
CUDA Graph id 2874 reused
CUDA Graph id 2874 reused
CUDA Graph id 2874 reused
CUDA Graph id 2874 reused
CUDA Graph id 2874 reused
CUDA Graph id 2874 reused
CUDA Graph id 2874 reused
CUDA Graph id 2874 reused
CUDA Graph id 2874 reused
CUDA Graph id 2874 reused
CUDA Graph id 2874 reused
~llama_context:      CUDA0 compute buffer size is 304.0000 MiB, matches expectation of 304.0000 MiB
~llama_context:  CUDA_Host compute buffer size is  14.7637 MiB, matches expectation of  14.7637 MiB
llama_context: constructing llama_context
llama_context: n_seq_max     = 1
llama_context: n_ctx         = 768
llama_context: n_ctx_seq     = 768
llama_context: n_batch       = 653
llama_context: n_ubatch      = 512
llama_context: causal_attn   = 1
llama_context: flash_attn    = auto
llama_context: kv_unified    = false
llama_context: freq_base     = 1000000.0
llama_context: freq_scale    = 1
llama_context: n_rs_seq      = 0
llama_context: n_outputs_max = 653
llama_context: n_ctx_seq (768) < n_ctx_train (32768) -- the full capacity of the model will not be utilized
set_abort_callback: call
llama_context:  CUDA_Host  output buffer size =     0.58 MiB
llama_kv_cache: layer   0: dev = CPU
llama_kv_cache: layer   1: dev = CPU
llama_kv_cache: layer   2: dev = CPU
llama_kv_cache: layer   3: dev = CUDA0
llama_kv_cache: layer   4: dev = CUDA0
llama_kv_cache: layer   5: dev = CUDA0
llama_kv_cache: layer   6: dev = CUDA0
llama_kv_cache: layer   7: dev = CUDA0
llama_kv_cache: layer   8: dev = CUDA0
llama_kv_cache: layer   9: dev = CUDA0
llama_kv_cache: layer  10: dev = CUDA0
llama_kv_cache: layer  11: dev = CUDA0
llama_kv_cache: layer  12: dev = CUDA0
llama_kv_cache: layer  13: dev = CUDA0
llama_kv_cache: layer  14: dev = CUDA0
llama_kv_cache: layer  15: dev = CUDA0
llama_kv_cache: layer  16: dev = CUDA0
llama_kv_cache: layer  17: dev = CUDA0
llama_kv_cache: layer  18: dev = CUDA0
llama_kv_cache: layer  19: dev = CUDA0
llama_kv_cache: layer  20: dev = CUDA0
llama_kv_cache: layer  21: dev = CUDA0
llama_kv_cache: layer  22: dev = CUDA0
llama_kv_cache: layer  23: dev = CUDA0
llama_kv_cache: layer  24: dev = CUDA0
llama_kv_cache: layer  25: dev = CUDA0
llama_kv_cache: layer  26: dev = CUDA0
llama_kv_cache: layer  27: dev = CUDA0
llama_kv_cache:        CPU KV buffer size =     4.50 MiB
llama_kv_cache:      CUDA0 KV buffer size =    37.50 MiB
llama_kv_cache: size =   42.00 MiB (   768 cells,  28 layers,  1/1 seqs), K (f16):   21.00 MiB, V (f16):   21.00 MiB
llama_kv_cache: attn_rot_k = 0, n_embd_head_k_all = 128
llama_kv_cache: attn_rot_v = 0, n_embd_head_k_all = 128
llama_context: enumerating backends
llama_context: backend_ptrs.size() = 2
sched_reserve: reserving ...
sched_reserve: max_nodes = 2712
sched_reserve: reserving full memory module
sched_reserve: worst-case: n_tokens = 512, n_seqs = 1, n_outputs = 1
graph_reserve: reserving a graph for ubatch with n_tokens =    1, n_seqs =  1, n_outputs =    1
sched_reserve: Flash Attention was auto, set to enabled
sched_reserve: resolving fused Gated Delta Net support:
graph_reserve: reserving a graph for ubatch with n_tokens =    1, n_seqs =  1, n_outputs =    1
sched_reserve: fused Gated Delta Net (autoregressive) enabled
graph_reserve: reserving a graph for ubatch with n_tokens =   16, n_seqs =  1, n_outputs =   16
sched_reserve: fused Gated Delta Net (chunked) enabled
graph_reserve: reserving a graph for ubatch with n_tokens =  512, n_seqs =  1, n_outputs =  512
graph_reserve: reserving a graph for ubatch with n_tokens =    1, n_seqs =  1, n_outputs =    1
graph_reserve: reserving a graph for ubatch with n_tokens =  512, n_seqs =  1, n_outputs =  512
sched_reserve:      CUDA0 compute buffer size =   304.00 MiB
sched_reserve:  CUDA_Host compute buffer size =    14.76 MiB
sched_reserve: graph nodes  = 958
sched_reserve: graph splits = 44 (with bs=512), 2 (with bs=1)
sched_reserve: reserve took 17.29 ms, sched copies = 1
CUDA Graph id 3024 reused
ggml_backend_cuda_graph_compute: CUDA graph warmup complete
CUDA Graph id 3024 reused
CUDA Graph id 3024 reused
CUDA Graph id 3024 reused
CUDA Graph id 3024 reused
CUDA Graph id 3024 reused
CUDA Graph id 3024 reused
CUDA Graph id 3024 reused
CUDA Graph id 3024 reused
CUDA Graph id 3024 reused
CUDA Graph id 3024 reused
CUDA Graph id 3024 reused
CUDA Graph id 3024 reused
CUDA Graph id 3024 reused
CUDA Graph id 3024 reused
CUDA Graph id 3024 reused
CUDA Graph id 3024 reused
CUDA Graph id 3024 reused
CUDA Graph id 3024 reused
CUDA Graph id 3024 reused
~llama_context:      CUDA0 compute buffer size is 304.0000 MiB, matches expectation of 304.0000 MiB
~llama_context:  CUDA_Host compute buffer size is  14.7637 MiB, matches expectation of  14.7637 MiB
llama_context: constructing llama_context
llama_context: n_seq_max     = 1
llama_context: n_ctx         = 768
llama_context: n_ctx_seq     = 768
llama_context: n_batch       = 653
llama_context: n_ubatch      = 512
llama_context: causal_attn   = 1
llama_context: flash_attn    = auto
llama_context: kv_unified    = false
llama_context: freq_base     = 1000000.0
llama_context: freq_scale    = 1
llama_context: n_rs_seq      = 0
llama_context: n_outputs_max = 653
llama_context: n_ctx_seq (768) < n_ctx_train (32768) -- the full capacity of the model will not be utilized
set_abort_callback: call
llama_context:  CUDA_Host  output buffer size =     0.58 MiB
llama_kv_cache: layer   0: dev = CPU
llama_kv_cache: layer   1: dev = CPU
llama_kv_cache: layer   2: dev = CPU
llama_kv_cache: layer   3: dev = CUDA0
llama_kv_cache: layer   4: dev = CUDA0
llama_kv_cache: layer   5: dev = CUDA0
llama_kv_cache: layer   6: dev = CUDA0
llama_kv_cache: layer   7: dev = CUDA0
llama_kv_cache: layer   8: dev = CUDA0
llama_kv_cache: layer   9: dev = CUDA0
llama_kv_cache: layer  10: dev = CUDA0
llama_kv_cache: layer  11: dev = CUDA0
llama_kv_cache: layer  12: dev = CUDA0
llama_kv_cache: layer  13: dev = CUDA0
llama_kv_cache: layer  14: dev = CUDA0
llama_kv_cache: layer  15: dev = CUDA0
llama_kv_cache: layer  16: dev = CUDA0
llama_kv_cache: layer  17: dev = CUDA0
llama_kv_cache: layer  18: dev = CUDA0
llama_kv_cache: layer  19: dev = CUDA0
llama_kv_cache: layer  20: dev = CUDA0
llama_kv_cache: layer  21: dev = CUDA0
llama_kv_cache: layer  22: dev = CUDA0
llama_kv_cache: layer  23: dev = CUDA0
llama_kv_cache: layer  24: dev = CUDA0
llama_kv_cache: layer  25: dev = CUDA0
llama_kv_cache: layer  26: dev = CUDA0
llama_kv_cache: layer  27: dev = CUDA0
llama_kv_cache:        CPU KV buffer size =     4.50 MiB
llama_kv_cache:      CUDA0 KV buffer size =    37.50 MiB
llama_kv_cache: size =   42.00 MiB (   768 cells,  28 layers,  1/1 seqs), K (f16):   21.00 MiB, V (f16):   21.00 MiB
llama_kv_cache: attn_rot_k = 0, n_embd_head_k_all = 128
llama_kv_cache: attn_rot_v = 0, n_embd_head_k_all = 128
llama_context: enumerating backends
llama_context: backend_ptrs.size() = 2
sched_reserve: reserving ...
sched_reserve: max_nodes = 2712
sched_reserve: reserving full memory module
sched_reserve: worst-case: n_tokens = 512, n_seqs = 1, n_outputs = 1
graph_reserve: reserving a graph for ubatch with n_tokens =    1, n_seqs =  1, n_outputs =    1
sched_reserve: Flash Attention was auto, set to enabled
sched_reserve: resolving fused Gated Delta Net support:
graph_reserve: reserving a graph for ubatch with n_tokens =    1, n_seqs =  1, n_outputs =    1
sched_reserve: fused Gated Delta Net (autoregressive) enabled
graph_reserve: reserving a graph for ubatch with n_tokens =   16, n_seqs =  1, n_outputs =   16
sched_reserve: fused Gated Delta Net (chunked) enabled
graph_reserve: reserving a graph for ubatch with n_tokens =  512, n_seqs =  1, n_outputs =  512
graph_reserve: reserving a graph for ubatch with n_tokens =    1, n_seqs =  1, n_outputs =    1
graph_reserve: reserving a graph for ubatch with n_tokens =  512, n_seqs =  1, n_outputs =  512
sched_reserve:      CUDA0 compute buffer size =   304.00 MiB
sched_reserve:  CUDA_Host compute buffer size =    14.76 MiB
sched_reserve: graph nodes  = 958
sched_reserve: graph splits = 44 (with bs=512), 2 (with bs=1)
sched_reserve: reserve took 17.48 ms, sched copies = 1
CUDA Graph id 3174 reused
ggml_backend_cuda_graph_compute: CUDA graph warmup complete
CUDA Graph id 3174 reused
CUDA Graph id 3174 reused
CUDA Graph id 3174 reused
CUDA Graph id 3174 reused
CUDA Graph id 3174 reused
~llama_context:      CUDA0 compute buffer size is 304.0000 MiB, matches expectation of 304.0000 MiB
~llama_context:  CUDA_Host compute buffer size is  14.7637 MiB, matches expectation of  14.7637 MiB
llama_context: constructing llama_context
llama_context: n_seq_max     = 1
llama_context: n_ctx         = 768
llama_context: n_ctx_seq     = 768
llama_context: n_batch       = 653
llama_context: n_ubatch      = 512
llama_context: causal_attn   = 1
llama_context: flash_attn    = auto
llama_context: kv_unified    = false
llama_context: freq_base     = 1000000.0
llama_context: freq_scale    = 1
llama_context: n_rs_seq      = 0
llama_context: n_outputs_max = 653
llama_context: n_ctx_seq (768) < n_ctx_train (32768) -- the full capacity of the model will not be utilized
set_abort_callback: call
llama_context:  CUDA_Host  output buffer size =     0.58 MiB
llama_kv_cache: layer   0: dev = CPU
llama_kv_cache: layer   1: dev = CPU
llama_kv_cache: layer   2: dev = CPU
llama_kv_cache: layer   3: dev = CUDA0
llama_kv_cache: layer   4: dev = CUDA0
llama_kv_cache: layer   5: dev = CUDA0
llama_kv_cache: layer   6: dev = CUDA0
llama_kv_cache: layer   7: dev = CUDA0
llama_kv_cache: layer   8: dev = CUDA0
llama_kv_cache: layer   9: dev = CUDA0
llama_kv_cache: layer  10: dev = CUDA0
llama_kv_cache: layer  11: dev = CUDA0
llama_kv_cache: layer  12: dev = CUDA0
llama_kv_cache: layer  13: dev = CUDA0
llama_kv_cache: layer  14: dev = CUDA0
llama_kv_cache: layer  15: dev = CUDA0
llama_kv_cache: layer  16: dev = CUDA0
llama_kv_cache: layer  17: dev = CUDA0
llama_kv_cache: layer  18: dev = CUDA0
llama_kv_cache: layer  19: dev = CUDA0
llama_kv_cache: layer  20: dev = CUDA0
llama_kv_cache: layer  21: dev = CUDA0
llama_kv_cache: layer  22: dev = CUDA0
llama_kv_cache: layer  23: dev = CUDA0
llama_kv_cache: layer  24: dev = CUDA0
llama_kv_cache: layer  25: dev = CUDA0
llama_kv_cache: layer  26: dev = CUDA0
llama_kv_cache: layer  27: dev = CUDA0
llama_kv_cache:        CPU KV buffer size =     4.50 MiB
llama_kv_cache:      CUDA0 KV buffer size =    37.50 MiB
llama_kv_cache: size =   42.00 MiB (   768 cells,  28 layers,  1/1 seqs), K (f16):   21.00 MiB, V (f16):   21.00 MiB
llama_kv_cache: attn_rot_k = 0, n_embd_head_k_all = 128
llama_kv_cache: attn_rot_v = 0, n_embd_head_k_all = 128
llama_context: enumerating backends
llama_context: backend_ptrs.size() = 2
sched_reserve: reserving ...
sched_reserve: max_nodes = 2712
sched_reserve: reserving full memory module
sched_reserve: worst-case: n_tokens = 512, n_seqs = 1, n_outputs = 1
graph_reserve: reserving a graph for ubatch with n_tokens =    1, n_seqs =  1, n_outputs =    1
sched_reserve: Flash Attention was auto, set to enabled
sched_reserve: resolving fused Gated Delta Net support:
graph_reserve: reserving a graph for ubatch with n_tokens =    1, n_seqs =  1, n_outputs =    1
sched_reserve: fused Gated Delta Net (autoregressive) enabled
graph_reserve: reserving a graph for ubatch with n_tokens =   16, n_seqs =  1, n_outputs =   16
sched_reserve: fused Gated Delta Net (chunked) enabled
graph_reserve: reserving a graph for ubatch with n_tokens =  512, n_seqs =  1, n_outputs =  512
graph_reserve: reserving a graph for ubatch with n_tokens =    1, n_seqs =  1, n_outputs =    1
graph_reserve: reserving a graph for ubatch with n_tokens =  512, n_seqs =  1, n_outputs =  512
sched_reserve:      CUDA0 compute buffer size =   304.00 MiB
sched_reserve:  CUDA_Host compute buffer size =    14.76 MiB
sched_reserve: graph nodes  = 958
sched_reserve: graph splits = 44 (with bs=512), 2 (with bs=1)
sched_reserve: reserve took 23.21 ms, sched copies = 1
CUDA Graph id 3324 reused
ggml_backend_cuda_graph_compute: CUDA graph warmup complete
CUDA Graph id 3324 reused
CUDA Graph id 3324 reused
CUDA Graph id 3324 reused
CUDA Graph id 3324 reused
CUDA Graph id 3324 reused
CUDA Graph id 3324 reused
CUDA Graph id 3324 reused
CUDA Graph id 3324 reused
CUDA Graph id 3324 reused
CUDA Graph id 3324 reused
CUDA Graph id 3324 reused
CUDA Graph id 3324 reused
CUDA Graph id 3324 reused
CUDA Graph id 3324 reused
CUDA Graph id 3324 reused
CUDA Graph id 3324 reused
~llama_context:      CUDA0 compute buffer size is 304.0000 MiB, matches expectation of 304.0000 MiB
~llama_context:  CUDA_Host compute buffer size is  14.7637 MiB, matches expectation of  14.7637 MiB
llama_context: constructing llama_context
llama_context: n_seq_max     = 1
llama_context: n_ctx         = 768
llama_context: n_ctx_seq     = 768
llama_context: n_batch       = 653
llama_context: n_ubatch      = 512
llama_context: causal_attn   = 1
llama_context: flash_attn    = auto
llama_context: kv_unified    = false
llama_context: freq_base     = 1000000.0
llama_context: freq_scale    = 1
llama_context: n_rs_seq      = 0
llama_context: n_outputs_max = 653
llama_context: n_ctx_seq (768) < n_ctx_train (32768) -- the full capacity of the model will not be utilized
set_abort_callback: call
llama_context:  CUDA_Host  output buffer size =     0.58 MiB
llama_kv_cache: layer   0: dev = CPU
llama_kv_cache: layer   1: dev = CPU
llama_kv_cache: layer   2: dev = CPU
llama_kv_cache: layer   3: dev = CUDA0
llama_kv_cache: layer   4: dev = CUDA0
llama_kv_cache: layer   5: dev = CUDA0
llama_kv_cache: layer   6: dev = CUDA0
llama_kv_cache: layer   7: dev = CUDA0
llama_kv_cache: layer   8: dev = CUDA0
llama_kv_cache: layer   9: dev = CUDA0
llama_kv_cache: layer  10: dev = CUDA0
llama_kv_cache: layer  11: dev = CUDA0
llama_kv_cache: layer  12: dev = CUDA0
llama_kv_cache: layer  13: dev = CUDA0
llama_kv_cache: layer  14: dev = CUDA0
llama_kv_cache: layer  15: dev = CUDA0
llama_kv_cache: layer  16: dev = CUDA0
llama_kv_cache: layer  17: dev = CUDA0
llama_kv_cache: layer  18: dev = CUDA0
llama_kv_cache: layer  19: dev = CUDA0
llama_kv_cache: layer  20: dev = CUDA0
llama_kv_cache: layer  21: dev = CUDA0
llama_kv_cache: layer  22: dev = CUDA0
llama_kv_cache: layer  23: dev = CUDA0
llama_kv_cache: layer  24: dev = CUDA0
llama_kv_cache: layer  25: dev = CUDA0
llama_kv_cache: layer  26: dev = CUDA0
llama_kv_cache: layer  27: dev = CUDA0
llama_kv_cache:        CPU KV buffer size =     4.50 MiB
llama_kv_cache:      CUDA0 KV buffer size =    37.50 MiB
llama_kv_cache: size =   42.00 MiB (   768 cells,  28 layers,  1/1 seqs), K (f16):   21.00 MiB, V (f16):   21.00 MiB
llama_kv_cache: attn_rot_k = 0, n_embd_head_k_all = 128
llama_kv_cache: attn_rot_v = 0, n_embd_head_k_all = 128
llama_context: enumerating backends
llama_context: backend_ptrs.size() = 2
sched_reserve: reserving ...
sched_reserve: max_nodes = 2712
sched_reserve: reserving full memory module
sched_reserve: worst-case: n_tokens = 512, n_seqs = 1, n_outputs = 1
graph_reserve: reserving a graph for ubatch with n_tokens =    1, n_seqs =  1, n_outputs =    1
sched_reserve: Flash Attention was auto, set to enabled
sched_reserve: resolving fused Gated Delta Net support:
graph_reserve: reserving a graph for ubatch with n_tokens =    1, n_seqs =  1, n_outputs =    1
sched_reserve: fused Gated Delta Net (autoregressive) enabled
graph_reserve: reserving a graph for ubatch with n_tokens =   16, n_seqs =  1, n_outputs =   16
sched_reserve: fused Gated Delta Net (chunked) enabled
graph_reserve: reserving a graph for ubatch with n_tokens =  512, n_seqs =  1, n_outputs =  512
graph_reserve: reserving a graph for ubatch with n_tokens =    1, n_seqs =  1, n_outputs =    1
graph_reserve: reserving a graph for ubatch with n_tokens =  512, n_seqs =  1, n_outputs =  512
sched_reserve:      CUDA0 compute buffer size =   304.00 MiB
sched_reserve:  CUDA_Host compute buffer size =    14.76 MiB
sched_reserve: graph nodes  = 958
sched_reserve: graph splits = 44 (with bs=512), 2 (with bs=1)
sched_reserve: reserve took 24.83 ms, sched copies = 1
CUDA Graph id 3474 reused
ggml_backend_cuda_graph_compute: CUDA graph warmup complete
CUDA Graph id 3474 reused
CUDA Graph id 3474 reused
CUDA Graph id 3474 reused
CUDA Graph id 3474 reused
CUDA Graph id 3474 reused
CUDA Graph id 3474 reused
CUDA Graph id 3474 reused
CUDA Graph id 3474 reused
~llama_context:      CUDA0 compute buffer size is 304.0000 MiB, matches expectation of 304.0000 MiB
~llama_context:  CUDA_Host compute buffer size is  14.7637 MiB, matches expectation of  14.7637 MiB
llama_context: constructing llama_context
llama_context: n_seq_max     = 1
llama_context: n_ctx         = 768
llama_context: n_ctx_seq     = 768
llama_context: n_batch       = 653
llama_context: n_ubatch      = 512
llama_context: causal_attn   = 1
llama_context: flash_attn    = auto
llama_context: kv_unified    = false
llama_context: freq_base     = 1000000.0
llama_context: freq_scale    = 1
llama_context: n_rs_seq      = 0
llama_context: n_outputs_max = 653
llama_context: n_ctx_seq (768) < n_ctx_train (32768) -- the full capacity of the model will not be utilized
set_abort_callback: call
llama_context:  CUDA_Host  output buffer size =     0.58 MiB
llama_kv_cache: layer   0: dev = CPU
llama_kv_cache: layer   1: dev = CPU
llama_kv_cache: layer   2: dev = CPU
llama_kv_cache: layer   3: dev = CUDA0
llama_kv_cache: layer   4: dev = CUDA0
llama_kv_cache: layer   5: dev = CUDA0
llama_kv_cache: layer   6: dev = CUDA0
llama_kv_cache: layer   7: dev = CUDA0
llama_kv_cache: layer   8: dev = CUDA0
llama_kv_cache: layer   9: dev = CUDA0
llama_kv_cache: layer  10: dev = CUDA0
llama_kv_cache: layer  11: dev = CUDA0
llama_kv_cache: layer  12: dev = CUDA0
llama_kv_cache: layer  13: dev = CUDA0
llama_kv_cache: layer  14: dev = CUDA0
llama_kv_cache: layer  15: dev = CUDA0
llama_kv_cache: layer  16: dev = CUDA0
llama_kv_cache: layer  17: dev = CUDA0
llama_kv_cache: layer  18: dev = CUDA0
llama_kv_cache: layer  19: dev = CUDA0
llama_kv_cache: layer  20: dev = CUDA0
llama_kv_cache: layer  21: dev = CUDA0
llama_kv_cache: layer  22: dev = CUDA0
llama_kv_cache: layer  23: dev = CUDA0
llama_kv_cache: layer  24: dev = CUDA0
llama_kv_cache: layer  25: dev = CUDA0
llama_kv_cache: layer  26: dev = CUDA0
llama_kv_cache: layer  27: dev = CUDA0
llama_kv_cache:        CPU KV buffer size =     4.50 MiB
llama_kv_cache:      CUDA0 KV buffer size =    37.50 MiB
llama_kv_cache: size =   42.00 MiB (   768 cells,  28 layers,  1/1 seqs), K (f16):   21.00 MiB, V (f16):   21.00 MiB
llama_kv_cache: attn_rot_k = 0, n_embd_head_k_all = 128
llama_kv_cache: attn_rot_v = 0, n_embd_head_k_all = 128
llama_context: enumerating backends
llama_context: backend_ptrs.size() = 2
sched_reserve: reserving ...
sched_reserve: max_nodes = 2712
sched_reserve: reserving full memory module
sched_reserve: worst-case: n_tokens = 512, n_seqs = 1, n_outputs = 1
graph_reserve: reserving a graph for ubatch with n_tokens =    1, n_seqs =  1, n_outputs =    1
sched_reserve: Flash Attention was auto, set to enabled
sched_reserve: resolving fused Gated Delta Net support:
graph_reserve: reserving a graph for ubatch with n_tokens =    1, n_seqs =  1, n_outputs =    1
sched_reserve: fused Gated Delta Net (autoregressive) enabled
graph_reserve: reserving a graph for ubatch with n_tokens =   16, n_seqs =  1, n_outputs =   16
sched_reserve: fused Gated Delta Net (chunked) enabled
graph_reserve: reserving a graph for ubatch with n_tokens =  512, n_seqs =  1, n_outputs =  512
graph_reserve: reserving a graph for ubatch with n_tokens =    1, n_seqs =  1, n_outputs =    1
graph_reserve: reserving a graph for ubatch with n_tokens =  512, n_seqs =  1, n_outputs =  512
sched_reserve:      CUDA0 compute buffer size =   304.00 MiB
sched_reserve:  CUDA_Host compute buffer size =    14.76 MiB
sched_reserve: graph nodes  = 958
sched_reserve: graph splits = 44 (with bs=512), 2 (with bs=1)
sched_reserve: reserve took 17.56 ms, sched copies = 1
CUDA Graph id 3624 reused
ggml_backend_cuda_graph_compute: CUDA graph warmup complete
CUDA Graph id 3624 reused
CUDA Graph id 3624 reused
CUDA Graph id 3624 reused
CUDA Graph id 3624 reused
CUDA Graph id 3624 reused
CUDA Graph id 3624 reused
CUDA Graph id 3624 reused
~llama_context:      CUDA0 compute buffer size is 304.0000 MiB, matches expectation of 304.0000 MiB
~llama_context:  CUDA_Host compute buffer size is  14.7637 MiB, matches expectation of  14.7637 MiB
schema 4/25 done
llama_context: constructing llama_context
llama_context: n_seq_max     = 1
llama_context: n_ctx         = 768
llama_context: n_ctx_seq     = 768
llama_context: n_batch       = 747
llama_context: n_ubatch      = 512
llama_context: causal_attn   = 1
llama_context: flash_attn    = auto
llama_context: kv_unified    = false
llama_context: freq_base     = 1000000.0
llama_context: freq_scale    = 1
llama_context: n_rs_seq      = 0
llama_context: n_outputs_max = 747
llama_context: n_ctx_seq (768) < n_ctx_train (32768) -- the full capacity of the model will not be utilized
set_abort_callback: call
llama_context:  CUDA_Host  output buffer size =     0.58 MiB
llama_kv_cache: layer   0: dev = CPU
llama_kv_cache: layer   1: dev = CPU
llama_kv_cache: layer   2: dev = CPU
llama_kv_cache: layer   3: dev = CUDA0
llama_kv_cache: layer   4: dev = CUDA0
llama_kv_cache: layer   5: dev = CUDA0
llama_kv_cache: layer   6: dev = CUDA0
llama_kv_cache: layer   7: dev = CUDA0
llama_kv_cache: layer   8: dev = CUDA0
llama_kv_cache: layer   9: dev = CUDA0
llama_kv_cache: layer  10: dev = CUDA0
llama_kv_cache: layer  11: dev = CUDA0
llama_kv_cache: layer  12: dev = CUDA0
llama_kv_cache: layer  13: dev = CUDA0
llama_kv_cache: layer  14: dev = CUDA0
llama_kv_cache: layer  15: dev = CUDA0
llama_kv_cache: layer  16: dev = CUDA0
llama_kv_cache: layer  17: dev = CUDA0
llama_kv_cache: layer  18: dev = CUDA0
llama_kv_cache: layer  19: dev = CUDA0
llama_kv_cache: layer  20: dev = CUDA0
llama_kv_cache: layer  21: dev = CUDA0
llama_kv_cache: layer  22: dev = CUDA0
llama_kv_cache: layer  23: dev = CUDA0
llama_kv_cache: layer  24: dev = CUDA0
llama_kv_cache: layer  25: dev = CUDA0
llama_kv_cache: layer  26: dev = CUDA0
llama_kv_cache: layer  27: dev = CUDA0
llama_kv_cache:        CPU KV buffer size =     4.50 MiB
llama_kv_cache:      CUDA0 KV buffer size =    37.50 MiB
llama_kv_cache: size =   42.00 MiB (   768 cells,  28 layers,  1/1 seqs), K (f16):   21.00 MiB, V (f16):   21.00 MiB
llama_kv_cache: attn_rot_k = 0, n_embd_head_k_all = 128
llama_kv_cache: attn_rot_v = 0, n_embd_head_k_all = 128
llama_context: enumerating backends
llama_context: backend_ptrs.size() = 2
sched_reserve: reserving ...
sched_reserve: max_nodes = 2712
sched_reserve: reserving full memory module
sched_reserve: worst-case: n_tokens = 512, n_seqs = 1, n_outputs = 1
graph_reserve: reserving a graph for ubatch with n_tokens =    1, n_seqs =  1, n_outputs =    1
sched_reserve: Flash Attention was auto, set to enabled
sched_reserve: resolving fused Gated Delta Net support:
graph_reserve: reserving a graph for ubatch with n_tokens =    1, n_seqs =  1, n_outputs =    1
sched_reserve: fused Gated Delta Net (autoregressive) enabled
graph_reserve: reserving a graph for ubatch with n_tokens =   16, n_seqs =  1, n_outputs =   16
sched_reserve: fused Gated Delta Net (chunked) enabled
graph_reserve: reserving a graph for ubatch with n_tokens =  512, n_seqs =  1, n_outputs =  512
graph_reserve: reserving a graph for ubatch with n_tokens =    1, n_seqs =  1, n_outputs =    1
graph_reserve: reserving a graph for ubatch with n_tokens =  512, n_seqs =  1, n_outputs =  512
sched_reserve:      CUDA0 compute buffer size =   304.00 MiB
sched_reserve:  CUDA_Host compute buffer size =    14.76 MiB
sched_reserve: graph nodes  = 958
sched_reserve: graph splits = 44 (with bs=512), 2 (with bs=1)
sched_reserve: reserve took 22.91 ms, sched copies = 1
CUDA Graph id 3774 reused
ggml_backend_cuda_graph_compute: CUDA graph warmup complete
CUDA Graph id 3774 reused
CUDA Graph id 3774 reused
CUDA Graph id 3774 reused
CUDA Graph id 3774 reused
CUDA Graph id 3774 reused
CUDA Graph id 3774 reused
CUDA Graph id 3774 reused
CUDA Graph id 3774 reused
CUDA Graph id 3774 reused
CUDA Graph id 3774 reused
CUDA Graph id 3774 reused
CUDA Graph id 3774 reused
CUDA Graph id 3774 reused
CUDA Graph id 3774 reused
CUDA Graph id 3774 reused
CUDA Graph id 3774 reused
CUDA Graph id 3774 reused
CUDA Graph id 3774 reused
CUDA Graph id 3774 reused
CUDA Graph id 3774 reused
CUDA Graph id 3774 reused
CUDA Graph id 3774 reused
CUDA Graph id 3774 reused
CUDA Graph id 3774 reused
CUDA Graph id 3774 reused
CUDA Graph id 3774 reused
CUDA Graph id 3774 reused
ggml_backend_cuda_graph_compute: CUDA graph warmup reset
CUDA Graph id 3777 reused
ggml_backend_cuda_graph_compute: CUDA graph warmup complete
CUDA Graph id 3777 reused
CUDA Graph id 3777 reused
CUDA Graph id 3777 reused
CUDA Graph id 3777 reused
CUDA Graph id 3777 reused
CUDA Graph id 3777 reused
CUDA Graph id 3777 reused
CUDA Graph id 3777 reused
CUDA Graph id 3777 reused
CUDA Graph id 3777 reused
CUDA Graph id 3777 reused
CUDA Graph id 3777 reused
CUDA Graph id 3777 reused
CUDA Graph id 3777 reused
CUDA Graph id 3777 reused
CUDA Graph id 3777 reused
CUDA Graph id 3777 reused
CUDA Graph id 3777 reused
CUDA Graph id 3777 reused
CUDA Graph id 3777 reused
CUDA Graph id 3777 reused
CUDA Graph id 3777 reused
CUDA Graph id 3777 reused
CUDA Graph id 3777 reused
CUDA Graph id 3777 reused
CUDA Graph id 3777 reused
CUDA Graph id 3777 reused
CUDA Graph id 3777 reused
CUDA Graph id 3777 reused
CUDA Graph id 3777 reused
CUDA Graph id 3777 reused
CUDA Graph id 3777 reused
CUDA Graph id 3777 reused
CUDA Graph id 3777 reused
CUDA Graph id 3777 reused
CUDA Graph id 3777 reused
CUDA Graph id 3777 reused
CUDA Graph id 3777 reused
CUDA Graph id 3777 reused
CUDA Graph id 3777 reused
CUDA Graph id 3777 reused
CUDA Graph id 3777 reused
CUDA Graph id 3777 reused
CUDA Graph id 3777 reused
CUDA Graph id 3777 reused
CUDA Graph id 3777 reused
CUDA Graph id 3777 reused
CUDA Graph id 3777 reused
CUDA Graph id 3777 reused
CUDA Graph id 3777 reused
CUDA Graph id 3777 reused
CUDA Graph id 3777 reused
CUDA Graph id 3777 reused
CUDA Graph id 3777 reused
CUDA Graph id 3777 reused
CUDA Graph id 3777 reused
CUDA Graph id 3777 reused
CUDA Graph id 3777 reused
CUDA Graph id 3777 reused
CUDA Graph id 3777 reused
CUDA Graph id 3777 reused
CUDA Graph id 3777 reused
CUDA Graph id 3777 reused
CUDA Graph id 3777 reused
CUDA Graph id 3777 reused
CUDA Graph id 3777 reused
CUDA Graph id 3777 reused
CUDA Graph id 3777 reused
CUDA Graph id 3777 reused
CUDA Graph id 3777 reused
CUDA Graph id 3777 reused
~llama_context:      CUDA0 compute buffer size is 304.0000 MiB, matches expectation of 304.0000 MiB
~llama_context:  CUDA_Host compute buffer size is  14.7637 MiB, matches expectation of  14.7637 MiB
llama_context: constructing llama_context
llama_context: n_seq_max     = 1
llama_context: n_ctx         = 768
llama_context: n_ctx_seq     = 768
llama_context: n_batch       = 747
llama_context: n_ubatch      = 512
llama_context: causal_attn   = 1
llama_context: flash_attn    = auto
llama_context: kv_unified    = false
llama_context: freq_base     = 1000000.0
llama_context: freq_scale    = 1
llama_context: n_rs_seq      = 0
llama_context: n_outputs_max = 747
llama_context: n_ctx_seq (768) < n_ctx_train (32768) -- the full capacity of the model will not be utilized
set_abort_callback: call
llama_context:  CUDA_Host  output buffer size =     0.58 MiB
llama_kv_cache: layer   0: dev = CPU
llama_kv_cache: layer   1: dev = CPU
llama_kv_cache: layer   2: dev = CPU
llama_kv_cache: layer   3: dev = CUDA0
llama_kv_cache: layer   4: dev = CUDA0
llama_kv_cache: layer   5: dev = CUDA0
llama_kv_cache: layer   6: dev = CUDA0
llama_kv_cache: layer   7: dev = CUDA0
llama_kv_cache: layer   8: dev = CUDA0
llama_kv_cache: layer   9: dev = CUDA0
llama_kv_cache: layer  10: dev = CUDA0
llama_kv_cache: layer  11: dev = CUDA0
llama_kv_cache: layer  12: dev = CUDA0
llama_kv_cache: layer  13: dev = CUDA0
llama_kv_cache: layer  14: dev = CUDA0
llama_kv_cache: layer  15: dev = CUDA0
llama_kv_cache: layer  16: dev = CUDA0
llama_kv_cache: layer  17: dev = CUDA0
llama_kv_cache: layer  18: dev = CUDA0
llama_kv_cache: layer  19: dev = CUDA0
llama_kv_cache: layer  20: dev = CUDA0
llama_kv_cache: layer  21: dev = CUDA0
llama_kv_cache: layer  22: dev = CUDA0
llama_kv_cache: layer  23: dev = CUDA0
llama_kv_cache: layer  24: dev = CUDA0
llama_kv_cache: layer  25: dev = CUDA0
llama_kv_cache: layer  26: dev = CUDA0
llama_kv_cache: layer  27: dev = CUDA0
llama_kv_cache:        CPU KV buffer size =     4.50 MiB
llama_kv_cache:      CUDA0 KV buffer size =    37.50 MiB
llama_kv_cache: size =   42.00 MiB (   768 cells,  28 layers,  1/1 seqs), K (f16):   21.00 MiB, V (f16):   21.00 MiB
llama_kv_cache: attn_rot_k = 0, n_embd_head_k_all = 128
llama_kv_cache: attn_rot_v = 0, n_embd_head_k_all = 128
llama_context: enumerating backends
llama_context: backend_ptrs.size() = 2
sched_reserve: reserving ...
sched_reserve: max_nodes = 2712
sched_reserve: reserving full memory module
sched_reserve: worst-case: n_tokens = 512, n_seqs = 1, n_outputs = 1
graph_reserve: reserving a graph for ubatch with n_tokens =    1, n_seqs =  1, n_outputs =    1
sched_reserve: Flash Attention was auto, set to enabled
sched_reserve: resolving fused Gated Delta Net support:
graph_reserve: reserving a graph for ubatch with n_tokens =    1, n_seqs =  1, n_outputs =    1
sched_reserve: fused Gated Delta Net (autoregressive) enabled
graph_reserve: reserving a graph for ubatch with n_tokens =   16, n_seqs =  1, n_outputs =   16
sched_reserve: fused Gated Delta Net (chunked) enabled
graph_reserve: reserving a graph for ubatch with n_tokens =  512, n_seqs =  1, n_outputs =  512
graph_reserve: reserving a graph for ubatch with n_tokens =    1, n_seqs =  1, n_outputs =    1
graph_reserve: reserving a graph for ubatch with n_tokens =  512, n_seqs =  1, n_outputs =  512
sched_reserve:      CUDA0 compute buffer size =   304.00 MiB
sched_reserve:  CUDA_Host compute buffer size =    14.76 MiB
sched_reserve: graph nodes  = 958
sched_reserve: graph splits = 44 (with bs=512), 2 (with bs=1)
sched_reserve: reserve took 13.36 ms, sched copies = 1
CUDA Graph id 3927 reused
ggml_backend_cuda_graph_compute: CUDA graph warmup complete
CUDA Graph id 3927 reused
CUDA Graph id 3927 reused
CUDA Graph id 3927 reused
CUDA Graph id 3927 reused
CUDA Graph id 3927 reused
CUDA Graph id 3927 reused
CUDA Graph id 3927 reused
CUDA Graph id 3927 reused
CUDA Graph id 3927 reused
CUDA Graph id 3927 reused
CUDA Graph id 3927 reused
CUDA Graph id 3927 reused
CUDA Graph id 3927 reused
CUDA Graph id 3927 reused
CUDA Graph id 3927 reused
CUDA Graph id 3927 reused
CUDA Graph id 3927 reused
CUDA Graph id 3927 reused
CUDA Graph id 3927 reused
CUDA Graph id 3927 reused
CUDA Graph id 3927 reused
CUDA Graph id 3927 reused
CUDA Graph id 3927 reused
CUDA Graph id 3927 reused
CUDA Graph id 3927 reused
CUDA Graph id 3927 reused
CUDA Graph id 3927 reused
ggml_backend_cuda_graph_compute: CUDA graph warmup reset
CUDA Graph id 3930 reused
ggml_backend_cuda_graph_compute: CUDA graph warmup complete
CUDA Graph id 3930 reused
CUDA Graph id 3930 reused
CUDA Graph id 3930 reused
CUDA Graph id 3930 reused
CUDA Graph id 3930 reused
CUDA Graph id 3930 reused
CUDA Graph id 3930 reused
CUDA Graph id 3930 reused
CUDA Graph id 3930 reused
CUDA Graph id 3930 reused
CUDA Graph id 3930 reused
CUDA Graph id 3930 reused
CUDA Graph id 3930 reused
CUDA Graph id 3930 reused
CUDA Graph id 3930 reused
CUDA Graph id 3930 reused
CUDA Graph id 3930 reused
CUDA Graph id 3930 reused
CUDA Graph id 3930 reused
CUDA Graph id 3930 reused
CUDA Graph id 3930 reused
CUDA Graph id 3930 reused
CUDA Graph id 3930 reused
CUDA Graph id 3930 reused
CUDA Graph id 3930 reused
CUDA Graph id 3930 reused
CUDA Graph id 3930 reused
CUDA Graph id 3930 reused
CUDA Graph id 3930 reused
CUDA Graph id 3930 reused
CUDA Graph id 3930 reused
CUDA Graph id 3930 reused
CUDA Graph id 3930 reused
CUDA Graph id 3930 reused
CUDA Graph id 3930 reused
CUDA Graph id 3930 reused
CUDA Graph id 3930 reused
CUDA Graph id 3930 reused
CUDA Graph id 3930 reused
CUDA Graph id 3930 reused
CUDA Graph id 3930 reused
CUDA Graph id 3930 reused
CUDA Graph id 3930 reused
CUDA Graph id 3930 reused
CUDA Graph id 3930 reused
CUDA Graph id 3930 reused
CUDA Graph id 3930 reused
CUDA Graph id 3930 reused
CUDA Graph id 3930 reused
CUDA Graph id 3930 reused
CUDA Graph id 3930 reused
CUDA Graph id 3930 reused
CUDA Graph id 3930 reused
CUDA Graph id 3930 reused
CUDA Graph id 3930 reused
CUDA Graph id 3930 reused
CUDA Graph id 3930 reused
CUDA Graph id 3930 reused
CUDA Graph id 3930 reused
CUDA Graph id 3930 reused
CUDA Graph id 3930 reused
CUDA Graph id 3930 reused
CUDA Graph id 3930 reused
CUDA Graph id 3930 reused
CUDA Graph id 3930 reused
CUDA Graph id 3930 reused
CUDA Graph id 3930 reused
CUDA Graph id 3930 reused
CUDA Graph id 3930 reused
CUDA Graph id 3930 reused
CUDA Graph id 3930 reused
~llama_context:      CUDA0 compute buffer size is 304.0000 MiB, matches expectation of 304.0000 MiB
~llama_context:  CUDA_Host compute buffer size is  14.7637 MiB, matches expectation of  14.7637 MiB
llama_context: constructing llama_context
llama_context: n_seq_max     = 1
llama_context: n_ctx         = 768
llama_context: n_ctx_seq     = 768
llama_context: n_batch       = 747
llama_context: n_ubatch      = 512
llama_context: causal_attn   = 1
llama_context: flash_attn    = auto
llama_context: kv_unified    = false
llama_context: freq_base     = 1000000.0
llama_context: freq_scale    = 1
llama_context: n_rs_seq      = 0
llama_context: n_outputs_max = 747
llama_context: n_ctx_seq (768) < n_ctx_train (32768) -- the full capacity of the model will not be utilized
set_abort_callback: call
llama_context:  CUDA_Host  output buffer size =     0.58 MiB
llama_kv_cache: layer   0: dev = CPU
llama_kv_cache: layer   1: dev = CPU
llama_kv_cache: layer   2: dev = CPU
llama_kv_cache: layer   3: dev = CUDA0
llama_kv_cache: layer   4: dev = CUDA0
llama_kv_cache: layer   5: dev = CUDA0
llama_kv_cache: layer   6: dev = CUDA0
llama_kv_cache: layer   7: dev = CUDA0
llama_kv_cache: layer   8: dev = CUDA0
llama_kv_cache: layer   9: dev = CUDA0
llama_kv_cache: layer  10: dev = CUDA0
llama_kv_cache: layer  11: dev = CUDA0
llama_kv_cache: layer  12: dev = CUDA0
llama_kv_cache: layer  13: dev = CUDA0
llama_kv_cache: layer  14: dev = CUDA0
llama_kv_cache: layer  15: dev = CUDA0
llama_kv_cache: layer  16: dev = CUDA0
llama_kv_cache: layer  17: dev = CUDA0
llama_kv_cache: layer  18: dev = CUDA0
llama_kv_cache: layer  19: dev = CUDA0
llama_kv_cache: layer  20: dev = CUDA0
llama_kv_cache: layer  21: dev = CUDA0
llama_kv_cache: layer  22: dev = CUDA0
llama_kv_cache: layer  23: dev = CUDA0
llama_kv_cache: layer  24: dev = CUDA0
llama_kv_cache: layer  25: dev = CUDA0
llama_kv_cache: layer  26: dev = CUDA0
llama_kv_cache: layer  27: dev = CUDA0
llama_kv_cache:        CPU KV buffer size =     4.50 MiB
llama_kv_cache:      CUDA0 KV buffer size =    37.50 MiB
llama_kv_cache: size =   42.00 MiB (   768 cells,  28 layers,  1/1 seqs), K (f16):   21.00 MiB, V (f16):   21.00 MiB
llama_kv_cache: attn_rot_k = 0, n_embd_head_k_all = 128
llama_kv_cache: attn_rot_v = 0, n_embd_head_k_all = 128
llama_context: enumerating backends
llama_context: backend_ptrs.size() = 2
sched_reserve: reserving ...
sched_reserve: max_nodes = 2712
sched_reserve: reserving full memory module
sched_reserve: worst-case: n_tokens = 512, n_seqs = 1, n_outputs = 1
graph_reserve: reserving a graph for ubatch with n_tokens =    1, n_seqs =  1, n_outputs =    1
sched_reserve: Flash Attention was auto, set to enabled
sched_reserve: resolving fused Gated Delta Net support:
graph_reserve: reserving a graph for ubatch with n_tokens =    1, n_seqs =  1, n_outputs =    1
sched_reserve: fused Gated Delta Net (autoregressive) enabled
graph_reserve: reserving a graph for ubatch with n_tokens =   16, n_seqs =  1, n_outputs =   16
sched_reserve: fused Gated Delta Net (chunked) enabled
graph_reserve: reserving a graph for ubatch with n_tokens =  512, n_seqs =  1, n_outputs =  512
graph_reserve: reserving a graph for ubatch with n_tokens =    1, n_seqs =  1, n_outputs =    1
graph_reserve: reserving a graph for ubatch with n_tokens =  512, n_seqs =  1, n_outputs =  512
sched_reserve:      CUDA0 compute buffer size =   304.00 MiB
sched_reserve:  CUDA_Host compute buffer size =    14.76 MiB
sched_reserve: graph nodes  = 958
sched_reserve: graph splits = 44 (with bs=512), 2 (with bs=1)
sched_reserve: reserve took 23.35 ms, sched copies = 1
CUDA Graph id 4080 reused
ggml_backend_cuda_graph_compute: CUDA graph warmup complete
CUDA Graph id 4080 reused
CUDA Graph id 4080 reused
CUDA Graph id 4080 reused
CUDA Graph id 4080 reused
CUDA Graph id 4080 reused
CUDA Graph id 4080 reused
CUDA Graph id 4080 reused
CUDA Graph id 4080 reused
CUDA Graph id 4080 reused
CUDA Graph id 4080 reused
CUDA Graph id 4080 reused
CUDA Graph id 4080 reused
CUDA Graph id 4080 reused
CUDA Graph id 4080 reused
CUDA Graph id 4080 reused
CUDA Graph id 4080 reused
CUDA Graph id 4080 reused
CUDA Graph id 4080 reused
CUDA Graph id 4080 reused
CUDA Graph id 4080 reused
CUDA Graph id 4080 reused
CUDA Graph id 4080 reused
CUDA Graph id 4080 reused
CUDA Graph id 4080 reused
CUDA Graph id 4080 reused
CUDA Graph id 4080 reused
CUDA Graph id 4080 reused
ggml_backend_cuda_graph_compute: CUDA graph warmup reset
CUDA Graph id 4083 reused
ggml_backend_cuda_graph_compute: CUDA graph warmup complete
CUDA Graph id 4083 reused
CUDA Graph id 4083 reused
CUDA Graph id 4083 reused
CUDA Graph id 4083 reused
CUDA Graph id 4083 reused
CUDA Graph id 4083 reused
CUDA Graph id 4083 reused
CUDA Graph id 4083 reused
CUDA Graph id 4083 reused
CUDA Graph id 4083 reused
CUDA Graph id 4083 reused
CUDA Graph id 4083 reused
CUDA Graph id 4083 reused
CUDA Graph id 4083 reused
CUDA Graph id 4083 reused
CUDA Graph id 4083 reused
CUDA Graph id 4083 reused
CUDA Graph id 4083 reused
CUDA Graph id 4083 reused
CUDA Graph id 4083 reused
CUDA Graph id 4083 reused
CUDA Graph id 4083 reused
CUDA Graph id 4083 reused
CUDA Graph id 4083 reused
CUDA Graph id 4083 reused
CUDA Graph id 4083 reused
CUDA Graph id 4083 reused
CUDA Graph id 4083 reused
CUDA Graph id 4083 reused
CUDA Graph id 4083 reused
CUDA Graph id 4083 reused
CUDA Graph id 4083 reused
CUDA Graph id 4083 reused
CUDA Graph id 4083 reused
CUDA Graph id 4083 reused
CUDA Graph id 4083 reused
CUDA Graph id 4083 reused
CUDA Graph id 4083 reused
CUDA Graph id 4083 reused
CUDA Graph id 4083 reused
CUDA Graph id 4083 reused
CUDA Graph id 4083 reused
CUDA Graph id 4083 reused
CUDA Graph id 4083 reused
CUDA Graph id 4083 reused
CUDA Graph id 4083 reused
CUDA Graph id 4083 reused
CUDA Graph id 4083 reused
CUDA Graph id 4083 reused
CUDA Graph id 4083 reused
CUDA Graph id 4083 reused
CUDA Graph id 4083 reused
CUDA Graph id 4083 reused
CUDA Graph id 4083 reused
CUDA Graph id 4083 reused
CUDA Graph id 4083 reused
CUDA Graph id 4083 reused
CUDA Graph id 4083 reused
CUDA Graph id 4083 reused
CUDA Graph id 4083 reused
CUDA Graph id 4083 reused
CUDA Graph id 4083 reused
CUDA Graph id 4083 reused
CUDA Graph id 4083 reused
CUDA Graph id 4083 reused
CUDA Graph id 4083 reused
CUDA Graph id 4083 reused
CUDA Graph id 4083 reused
CUDA Graph id 4083 reused
CUDA Graph id 4083 reused
CUDA Graph id 4083 reused
CUDA Graph id 4083 reused
CUDA Graph id 4083 reused
CUDA Graph id 4083 reused
CUDA Graph id 4083 reused
CUDA Graph id 4083 reused
CUDA Graph id 4083 reused
CUDA Graph id 4083 reused
CUDA Graph id 4083 reused
CUDA Graph id 4083 reused
CUDA Graph id 4083 reused
CUDA Graph id 4083 reused
CUDA Graph id 4083 reused
CUDA Graph id 4083 reused
CUDA Graph id 4083 reused
CUDA Graph id 4083 reused
CUDA Graph id 4083 reused
CUDA Graph id 4083 reused
CUDA Graph id 4083 reused
~llama_context:      CUDA0 compute buffer size is 304.0000 MiB, matches expectation of 304.0000 MiB
~llama_context:  CUDA_Host compute buffer size is  14.7637 MiB, matches expectation of  14.7637 MiB
llama_context: constructing llama_context
llama_context: n_seq_max     = 1
llama_context: n_ctx         = 768
llama_context: n_ctx_seq     = 768
llama_context: n_batch       = 747
llama_context: n_ubatch      = 512
llama_context: causal_attn   = 1
llama_context: flash_attn    = auto
llama_context: kv_unified    = false
llama_context: freq_base     = 1000000.0
llama_context: freq_scale    = 1
llama_context: n_rs_seq      = 0
llama_context: n_outputs_max = 747
llama_context: n_ctx_seq (768) < n_ctx_train (32768) -- the full capacity of the model will not be utilized
set_abort_callback: call
llama_context:  CUDA_Host  output buffer size =     0.58 MiB
llama_kv_cache: layer   0: dev = CPU
llama_kv_cache: layer   1: dev = CPU
llama_kv_cache: layer   2: dev = CPU
llama_kv_cache: layer   3: dev = CUDA0
llama_kv_cache: layer   4: dev = CUDA0
llama_kv_cache: layer   5: dev = CUDA0
llama_kv_cache: layer   6: dev = CUDA0
llama_kv_cache: layer   7: dev = CUDA0
llama_kv_cache: layer   8: dev = CUDA0
llama_kv_cache: layer   9: dev = CUDA0
llama_kv_cache: layer  10: dev = CUDA0
llama_kv_cache: layer  11: dev = CUDA0
llama_kv_cache: layer  12: dev = CUDA0
llama_kv_cache: layer  13: dev = CUDA0
llama_kv_cache: layer  14: dev = CUDA0
llama_kv_cache: layer  15: dev = CUDA0
llama_kv_cache: layer  16: dev = CUDA0
llama_kv_cache: layer  17: dev = CUDA0
llama_kv_cache: layer  18: dev = CUDA0
llama_kv_cache: layer  19: dev = CUDA0
llama_kv_cache: layer  20: dev = CUDA0
llama_kv_cache: layer  21: dev = CUDA0
llama_kv_cache: layer  22: dev = CUDA0
llama_kv_cache: layer  23: dev = CUDA0
llama_kv_cache: layer  24: dev = CUDA0
llama_kv_cache: layer  25: dev = CUDA0
llama_kv_cache: layer  26: dev = CUDA0
llama_kv_cache: layer  27: dev = CUDA0
llama_kv_cache:        CPU KV buffer size =     4.50 MiB
llama_kv_cache:      CUDA0 KV buffer size =    37.50 MiB
llama_kv_cache: size =   42.00 MiB (   768 cells,  28 layers,  1/1 seqs), K (f16):   21.00 MiB, V (f16):   21.00 MiB
llama_kv_cache: attn_rot_k = 0, n_embd_head_k_all = 128
llama_kv_cache: attn_rot_v = 0, n_embd_head_k_all = 128
llama_context: enumerating backends
llama_context: backend_ptrs.size() = 2
sched_reserve: reserving ...
sched_reserve: max_nodes = 2712
sched_reserve: reserving full memory module
sched_reserve: worst-case: n_tokens = 512, n_seqs = 1, n_outputs = 1
graph_reserve: reserving a graph for ubatch with n_tokens =    1, n_seqs =  1, n_outputs =    1
sched_reserve: Flash Attention was auto, set to enabled
sched_reserve: resolving fused Gated Delta Net support:
graph_reserve: reserving a graph for ubatch with n_tokens =    1, n_seqs =  1, n_outputs =    1
sched_reserve: fused Gated Delta Net (autoregressive) enabled
graph_reserve: reserving a graph for ubatch with n_tokens =   16, n_seqs =  1, n_outputs =   16
sched_reserve: fused Gated Delta Net (chunked) enabled
graph_reserve: reserving a graph for ubatch with n_tokens =  512, n_seqs =  1, n_outputs =  512
graph_reserve: reserving a graph for ubatch with n_tokens =    1, n_seqs =  1, n_outputs =    1
graph_reserve: reserving a graph for ubatch with n_tokens =  512, n_seqs =  1, n_outputs =  512
sched_reserve:      CUDA0 compute buffer size =   304.00 MiB
sched_reserve:  CUDA_Host compute buffer size =    14.76 MiB
sched_reserve: graph nodes  = 958
sched_reserve: graph splits = 44 (with bs=512), 2 (with bs=1)
sched_reserve: reserve took 13.40 ms, sched copies = 1
CUDA Graph id 4233 reused
ggml_backend_cuda_graph_compute: CUDA graph warmup complete
CUDA Graph id 4233 reused
CUDA Graph id 4233 reused
CUDA Graph id 4233 reused
CUDA Graph id 4233 reused
CUDA Graph id 4233 reused
CUDA Graph id 4233 reused
CUDA Graph id 4233 reused
CUDA Graph id 4233 reused
CUDA Graph id 4233 reused
CUDA Graph id 4233 reused
CUDA Graph id 4233 reused
CUDA Graph id 4233 reused
CUDA Graph id 4233 reused
CUDA Graph id 4233 reused
CUDA Graph id 4233 reused
CUDA Graph id 4233 reused
CUDA Graph id 4233 reused
CUDA Graph id 4233 reused
CUDA Graph id 4233 reused
CUDA Graph id 4233 reused
CUDA Graph id 4233 reused
CUDA Graph id 4233 reused
CUDA Graph id 4233 reused
CUDA Graph id 4233 reused
CUDA Graph id 4233 reused
CUDA Graph id 4233 reused
CUDA Graph id 4233 reused
ggml_backend_cuda_graph_compute: CUDA graph warmup reset
CUDA Graph id 4236 reused
ggml_backend_cuda_graph_compute: CUDA graph warmup complete
CUDA Graph id 4236 reused
CUDA Graph id 4236 reused
CUDA Graph id 4236 reused
CUDA Graph id 4236 reused
CUDA Graph id 4236 reused
CUDA Graph id 4236 reused
CUDA Graph id 4236 reused
CUDA Graph id 4236 reused
CUDA Graph id 4236 reused
CUDA Graph id 4236 reused
CUDA Graph id 4236 reused
CUDA Graph id 4236 reused
CUDA Graph id 4236 reused
CUDA Graph id 4236 reused
CUDA Graph id 4236 reused
CUDA Graph id 4236 reused
CUDA Graph id 4236 reused
CUDA Graph id 4236 reused
CUDA Graph id 4236 reused
CUDA Graph id 4236 reused
CUDA Graph id 4236 reused
CUDA Graph id 4236 reused
CUDA Graph id 4236 reused
CUDA Graph id 4236 reused
CUDA Graph id 4236 reused
CUDA Graph id 4236 reused
CUDA Graph id 4236 reused
CUDA Graph id 4236 reused
CUDA Graph id 4236 reused
CUDA Graph id 4236 reused
CUDA Graph id 4236 reused
CUDA Graph id 4236 reused
CUDA Graph id 4236 reused
CUDA Graph id 4236 reused
CUDA Graph id 4236 reused
CUDA Graph id 4236 reused
CUDA Graph id 4236 reused
CUDA Graph id 4236 reused
CUDA Graph id 4236 reused
CUDA Graph id 4236 reused
CUDA Graph id 4236 reused
CUDA Graph id 4236 reused
CUDA Graph id 4236 reused
CUDA Graph id 4236 reused
CUDA Graph id 4236 reused
CUDA Graph id 4236 reused
CUDA Graph id 4236 reused
CUDA Graph id 4236 reused
CUDA Graph id 4236 reused
CUDA Graph id 4236 reused
CUDA Graph id 4236 reused
CUDA Graph id 4236 reused
CUDA Graph id 4236 reused
CUDA Graph id 4236 reused
CUDA Graph id 4236 reused
CUDA Graph id 4236 reused
CUDA Graph id 4236 reused
CUDA Graph id 4236 reused
CUDA Graph id 4236 reused
CUDA Graph id 4236 reused
CUDA Graph id 4236 reused
CUDA Graph id 4236 reused
CUDA Graph id 4236 reused
CUDA Graph id 4236 reused
CUDA Graph id 4236 reused
CUDA Graph id 4236 reused
CUDA Graph id 4236 reused
CUDA Graph id 4236 reused
CUDA Graph id 4236 reused
CUDA Graph id 4236 reused
CUDA Graph id 4236 reused
CUDA Graph id 4236 reused
CUDA Graph id 4236 reused
CUDA Graph id 4236 reused
CUDA Graph id 4236 reused
CUDA Graph id 4236 reused
CUDA Graph id 4236 reused
CUDA Graph id 4236 reused
CUDA Graph id 4236 reused
CUDA Graph id 4236 reused
CUDA Graph id 4236 reused
CUDA Graph id 4236 reused
CUDA Graph id 4236 reused
CUDA Graph id 4236 reused
CUDA Graph id 4236 reused
CUDA Graph id 4236 reused
~llama_context:      CUDA0 compute buffer size is 304.0000 MiB, matches expectation of 304.0000 MiB
~llama_context:  CUDA_Host compute buffer size is  14.7637 MiB, matches expectation of  14.7637 MiB
llama_context: constructing llama_context
llama_context: n_seq_max     = 1
llama_context: n_ctx         = 768
llama_context: n_ctx_seq     = 768
llama_context: n_batch       = 747
llama_context: n_ubatch      = 512
llama_context: causal_attn   = 1
llama_context: flash_attn    = auto
llama_context: kv_unified    = false
llama_context: freq_base     = 1000000.0
llama_context: freq_scale    = 1
llama_context: n_rs_seq      = 0
llama_context: n_outputs_max = 747
llama_context: n_ctx_seq (768) < n_ctx_train (32768) -- the full capacity of the model will not be utilized
set_abort_callback: call
llama_context:  CUDA_Host  output buffer size =     0.58 MiB
llama_kv_cache: layer   0: dev = CPU
llama_kv_cache: layer   1: dev = CPU
llama_kv_cache: layer   2: dev = CPU
llama_kv_cache: layer   3: dev = CUDA0
llama_kv_cache: layer   4: dev = CUDA0
llama_kv_cache: layer   5: dev = CUDA0
llama_kv_cache: layer   6: dev = CUDA0
llama_kv_cache: layer   7: dev = CUDA0
llama_kv_cache: layer   8: dev = CUDA0
llama_kv_cache: layer   9: dev = CUDA0
llama_kv_cache: layer  10: dev = CUDA0
llama_kv_cache: layer  11: dev = CUDA0
llama_kv_cache: layer  12: dev = CUDA0
llama_kv_cache: layer  13: dev = CUDA0
llama_kv_cache: layer  14: dev = CUDA0
llama_kv_cache: layer  15: dev = CUDA0
llama_kv_cache: layer  16: dev = CUDA0
llama_kv_cache: layer  17: dev = CUDA0
llama_kv_cache: layer  18: dev = CUDA0
llama_kv_cache: layer  19: dev = CUDA0
llama_kv_cache: layer  20: dev = CUDA0
llama_kv_cache: layer  21: dev = CUDA0
llama_kv_cache: layer  22: dev = CUDA0
llama_kv_cache: layer  23: dev = CUDA0
llama_kv_cache: layer  24: dev = CUDA0
llama_kv_cache: layer  25: dev = CUDA0
llama_kv_cache: layer  26: dev = CUDA0
llama_kv_cache: layer  27: dev = CUDA0
llama_kv_cache:        CPU KV buffer size =     4.50 MiB
llama_kv_cache:      CUDA0 KV buffer size =    37.50 MiB
llama_kv_cache: size =   42.00 MiB (   768 cells,  28 layers,  1/1 seqs), K (f16):   21.00 MiB, V (f16):   21.00 MiB
llama_kv_cache: attn_rot_k = 0, n_embd_head_k_all = 128
llama_kv_cache: attn_rot_v = 0, n_embd_head_k_all = 128
llama_context: enumerating backends
llama_context: backend_ptrs.size() = 2
sched_reserve: reserving ...
sched_reserve: max_nodes = 2712
sched_reserve: reserving full memory module
sched_reserve: worst-case: n_tokens = 512, n_seqs = 1, n_outputs = 1
graph_reserve: reserving a graph for ubatch with n_tokens =    1, n_seqs =  1, n_outputs =    1
sched_reserve: Flash Attention was auto, set to enabled
sched_reserve: resolving fused Gated Delta Net support:
graph_reserve: reserving a graph for ubatch with n_tokens =    1, n_seqs =  1, n_outputs =    1
sched_reserve: fused Gated Delta Net (autoregressive) enabled
graph_reserve: reserving a graph for ubatch with n_tokens =   16, n_seqs =  1, n_outputs =   16
sched_reserve: fused Gated Delta Net (chunked) enabled
graph_reserve: reserving a graph for ubatch with n_tokens =  512, n_seqs =  1, n_outputs =  512
graph_reserve: reserving a graph for ubatch with n_tokens =    1, n_seqs =  1, n_outputs =    1
graph_reserve: reserving a graph for ubatch with n_tokens =  512, n_seqs =  1, n_outputs =  512
sched_reserve:      CUDA0 compute buffer size =   304.00 MiB
sched_reserve:  CUDA_Host compute buffer size =    14.76 MiB
sched_reserve: graph nodes  = 958
sched_reserve: graph splits = 44 (with bs=512), 2 (with bs=1)
sched_reserve: reserve took 16.45 ms, sched copies = 1
CUDA Graph id 4386 reused
ggml_backend_cuda_graph_compute: CUDA graph warmup complete
CUDA Graph id 4386 reused
CUDA Graph id 4386 reused
CUDA Graph id 4386 reused
CUDA Graph id 4386 reused
CUDA Graph id 4386 reused
CUDA Graph id 4386 reused
CUDA Graph id 4386 reused
CUDA Graph id 4386 reused
CUDA Graph id 4386 reused
CUDA Graph id 4386 reused
CUDA Graph id 4386 reused
CUDA Graph id 4386 reused
CUDA Graph id 4386 reused
CUDA Graph id 4386 reused
CUDA Graph id 4386 reused
CUDA Graph id 4386 reused
CUDA Graph id 4386 reused
CUDA Graph id 4386 reused
CUDA Graph id 4386 reused
CUDA Graph id 4386 reused
CUDA Graph id 4386 reused
CUDA Graph id 4386 reused
CUDA Graph id 4386 reused
CUDA Graph id 4386 reused
CUDA Graph id 4386 reused
CUDA Graph id 4386 reused
CUDA Graph id 4386 reused
ggml_backend_cuda_graph_compute: CUDA graph warmup reset
CUDA Graph id 4389 reused
ggml_backend_cuda_graph_compute: CUDA graph warmup complete
CUDA Graph id 4389 reused
CUDA Graph id 4389 reused
CUDA Graph id 4389 reused
CUDA Graph id 4389 reused
CUDA Graph id 4389 reused
CUDA Graph id 4389 reused
CUDA Graph id 4389 reused
CUDA Graph id 4389 reused
CUDA Graph id 4389 reused
CUDA Graph id 4389 reused
CUDA Graph id 4389 reused
CUDA Graph id 4389 reused
CUDA Graph id 4389 reused
CUDA Graph id 4389 reused
CUDA Graph id 4389 reused
CUDA Graph id 4389 reused
CUDA Graph id 4389 reused
CUDA Graph id 4389 reused
CUDA Graph id 4389 reused
CUDA Graph id 4389 reused
CUDA Graph id 4389 reused
CUDA Graph id 4389 reused
CUDA Graph id 4389 reused
CUDA Graph id 4389 reused
CUDA Graph id 4389 reused
CUDA Graph id 4389 reused
CUDA Graph id 4389 reused
CUDA Graph id 4389 reused
CUDA Graph id 4389 reused
CUDA Graph id 4389 reused
CUDA Graph id 4389 reused
CUDA Graph id 4389 reused
CUDA Graph id 4389 reused
CUDA Graph id 4389 reused
CUDA Graph id 4389 reused
CUDA Graph id 4389 reused
CUDA Graph id 4389 reused
CUDA Graph id 4389 reused
CUDA Graph id 4389 reused
CUDA Graph id 4389 reused
CUDA Graph id 4389 reused
CUDA Graph id 4389 reused
~llama_context:      CUDA0 compute buffer size is 304.0000 MiB, matches expectation of 304.0000 MiB
~llama_context:  CUDA_Host compute buffer size is  14.7637 MiB, matches expectation of  14.7637 MiB
llama_context: constructing llama_context
llama_context: n_seq_max     = 1
llama_context: n_ctx         = 768
llama_context: n_ctx_seq     = 768
llama_context: n_batch       = 747
llama_context: n_ubatch      = 512
llama_context: causal_attn   = 1
llama_context: flash_attn    = auto
llama_context: kv_unified    = false
llama_context: freq_base     = 1000000.0
llama_context: freq_scale    = 1
llama_context: n_rs_seq      = 0
llama_context: n_outputs_max = 747
llama_context: n_ctx_seq (768) < n_ctx_train (32768) -- the full capacity of the model will not be utilized
set_abort_callback: call
llama_context:  CUDA_Host  output buffer size =     0.58 MiB
llama_kv_cache: layer   0: dev = CPU
llama_kv_cache: layer   1: dev = CPU
llama_kv_cache: layer   2: dev = CPU
llama_kv_cache: layer   3: dev = CUDA0
llama_kv_cache: layer   4: dev = CUDA0
llama_kv_cache: layer   5: dev = CUDA0
llama_kv_cache: layer   6: dev = CUDA0
llama_kv_cache: layer   7: dev = CUDA0
llama_kv_cache: layer   8: dev = CUDA0
llama_kv_cache: layer   9: dev = CUDA0
llama_kv_cache: layer  10: dev = CUDA0
llama_kv_cache: layer  11: dev = CUDA0
llama_kv_cache: layer  12: dev = CUDA0
llama_kv_cache: layer  13: dev = CUDA0
llama_kv_cache: layer  14: dev = CUDA0
llama_kv_cache: layer  15: dev = CUDA0
llama_kv_cache: layer  16: dev = CUDA0
llama_kv_cache: layer  17: dev = CUDA0
llama_kv_cache: layer  18: dev = CUDA0
llama_kv_cache: layer  19: dev = CUDA0
llama_kv_cache: layer  20: dev = CUDA0
llama_kv_cache: layer  21: dev = CUDA0
llama_kv_cache: layer  22: dev = CUDA0
llama_kv_cache: layer  23: dev = CUDA0
llama_kv_cache: layer  24: dev = CUDA0
llama_kv_cache: layer  25: dev = CUDA0
llama_kv_cache: layer  26: dev = CUDA0
llama_kv_cache: layer  27: dev = CUDA0
llama_kv_cache:        CPU KV buffer size =     4.50 MiB
llama_kv_cache:      CUDA0 KV buffer size =    37.50 MiB
llama_kv_cache: size =   42.00 MiB (   768 cells,  28 layers,  1/1 seqs), K (f16):   21.00 MiB, V (f16):   21.00 MiB
llama_kv_cache: attn_rot_k = 0, n_embd_head_k_all = 128
llama_kv_cache: attn_rot_v = 0, n_embd_head_k_all = 128
llama_context: enumerating backends
llama_context: backend_ptrs.size() = 2
sched_reserve: reserving ...
sched_reserve: max_nodes = 2712
sched_reserve: reserving full memory module
sched_reserve: worst-case: n_tokens = 512, n_seqs = 1, n_outputs = 1
graph_reserve: reserving a graph for ubatch with n_tokens =    1, n_seqs =  1, n_outputs =    1
sched_reserve: Flash Attention was auto, set to enabled
sched_reserve: resolving fused Gated Delta Net support:
graph_reserve: reserving a graph for ubatch with n_tokens =    1, n_seqs =  1, n_outputs =    1
sched_reserve: fused Gated Delta Net (autoregressive) enabled
graph_reserve: reserving a graph for ubatch with n_tokens =   16, n_seqs =  1, n_outputs =   16
sched_reserve: fused Gated Delta Net (chunked) enabled
graph_reserve: reserving a graph for ubatch with n_tokens =  512, n_seqs =  1, n_outputs =  512
graph_reserve: reserving a graph for ubatch with n_tokens =    1, n_seqs =  1, n_outputs =    1
graph_reserve: reserving a graph for ubatch with n_tokens =  512, n_seqs =  1, n_outputs =  512
sched_reserve:      CUDA0 compute buffer size =   304.00 MiB
sched_reserve:  CUDA_Host compute buffer size =    14.76 MiB
sched_reserve: graph nodes  = 958
sched_reserve: graph splits = 44 (with bs=512), 2 (with bs=1)
sched_reserve: reserve took 14.34 ms, sched copies = 1
CUDA Graph id 4539 reused
ggml_backend_cuda_graph_compute: CUDA graph warmup complete
CUDA Graph id 4539 reused
CUDA Graph id 4539 reused
CUDA Graph id 4539 reused
CUDA Graph id 4539 reused
CUDA Graph id 4539 reused
CUDA Graph id 4539 reused
CUDA Graph id 4539 reused
CUDA Graph id 4539 reused
CUDA Graph id 4539 reused
CUDA Graph id 4539 reused
CUDA Graph id 4539 reused
CUDA Graph id 4539 reused
CUDA Graph id 4539 reused
CUDA Graph id 4539 reused
CUDA Graph id 4539 reused
CUDA Graph id 4539 reused
CUDA Graph id 4539 reused
CUDA Graph id 4539 reused
CUDA Graph id 4539 reused
CUDA Graph id 4539 reused
CUDA Graph id 4539 reused
CUDA Graph id 4539 reused
CUDA Graph id 4539 reused
CUDA Graph id 4539 reused
CUDA Graph id 4539 reused
CUDA Graph id 4539 reused
CUDA Graph id 4539 reused
ggml_backend_cuda_graph_compute: CUDA graph warmup reset
CUDA Graph id 4542 reused
ggml_backend_cuda_graph_compute: CUDA graph warmup complete
CUDA Graph id 4542 reused
CUDA Graph id 4542 reused
CUDA Graph id 4542 reused
CUDA Graph id 4542 reused
CUDA Graph id 4542 reused
CUDA Graph id 4542 reused
CUDA Graph id 4542 reused
CUDA Graph id 4542 reused
CUDA Graph id 4542 reused
CUDA Graph id 4542 reused
CUDA Graph id 4542 reused
CUDA Graph id 4542 reused
CUDA Graph id 4542 reused
CUDA Graph id 4542 reused
CUDA Graph id 4542 reused
CUDA Graph id 4542 reused
CUDA Graph id 4542 reused
CUDA Graph id 4542 reused
CUDA Graph id 4542 reused
CUDA Graph id 4542 reused
CUDA Graph id 4542 reused
CUDA Graph id 4542 reused
CUDA Graph id 4542 reused
CUDA Graph id 4542 reused
CUDA Graph id 4542 reused
CUDA Graph id 4542 reused
CUDA Graph id 4542 reused
CUDA Graph id 4542 reused
CUDA Graph id 4542 reused
CUDA Graph id 4542 reused
CUDA Graph id 4542 reused
CUDA Graph id 4542 reused
CUDA Graph id 4542 reused
CUDA Graph id 4542 reused
CUDA Graph id 4542 reused
~llama_context:      CUDA0 compute buffer size is 304.0000 MiB, matches expectation of 304.0000 MiB
~llama_context:  CUDA_Host compute buffer size is  14.7637 MiB, matches expectation of  14.7637 MiB
schema 5/25 done
llama_context: constructing llama_context
llama_context: n_seq_max     = 1
llama_context: n_ctx         = 768
llama_context: n_ctx_seq     = 768
llama_context: n_batch       = 747
llama_context: n_ubatch      = 512
llama_context: causal_attn   = 1
llama_context: flash_attn    = auto
llama_context: kv_unified    = false
llama_context: freq_base     = 1000000.0
llama_context: freq_scale    = 1
llama_context: n_rs_seq      = 0
llama_context: n_outputs_max = 747
llama_context: n_ctx_seq (768) < n_ctx_train (32768) -- the full capacity of the model will not be utilized
set_abort_callback: call
llama_context:  CUDA_Host  output buffer size =     0.58 MiB
llama_kv_cache: layer   0: dev = CPU
llama_kv_cache: layer   1: dev = CPU
llama_kv_cache: layer   2: dev = CPU
llama_kv_cache: layer   3: dev = CUDA0
llama_kv_cache: layer   4: dev = CUDA0
llama_kv_cache: layer   5: dev = CUDA0
llama_kv_cache: layer   6: dev = CUDA0
llama_kv_cache: layer   7: dev = CUDA0
llama_kv_cache: layer   8: dev = CUDA0
llama_kv_cache: layer   9: dev = CUDA0
llama_kv_cache: layer  10: dev = CUDA0
llama_kv_cache: layer  11: dev = CUDA0
llama_kv_cache: layer  12: dev = CUDA0
llama_kv_cache: layer  13: dev = CUDA0
llama_kv_cache: layer  14: dev = CUDA0
llama_kv_cache: layer  15: dev = CUDA0
llama_kv_cache: layer  16: dev = CUDA0
llama_kv_cache: layer  17: dev = CUDA0
llama_kv_cache: layer  18: dev = CUDA0
llama_kv_cache: layer  19: dev = CUDA0
llama_kv_cache: layer  20: dev = CUDA0
llama_kv_cache: layer  21: dev = CUDA0
llama_kv_cache: layer  22: dev = CUDA0
llama_kv_cache: layer  23: dev = CUDA0
llama_kv_cache: layer  24: dev = CUDA0
llama_kv_cache: layer  25: dev = CUDA0
llama_kv_cache: layer  26: dev = CUDA0
llama_kv_cache: layer  27: dev = CUDA0
llama_kv_cache:        CPU KV buffer size =     4.50 MiB
llama_kv_cache:      CUDA0 KV buffer size =    37.50 MiB
llama_kv_cache: size =   42.00 MiB (   768 cells,  28 layers,  1/1 seqs), K (f16):   21.00 MiB, V (f16):   21.00 MiB
llama_kv_cache: attn_rot_k = 0, n_embd_head_k_all = 128
llama_kv_cache: attn_rot_v = 0, n_embd_head_k_all = 128
llama_context: enumerating backends
llama_context: backend_ptrs.size() = 2
sched_reserve: reserving ...
sched_reserve: max_nodes = 2712
sched_reserve: reserving full memory module
sched_reserve: worst-case: n_tokens = 512, n_seqs = 1, n_outputs = 1
graph_reserve: reserving a graph for ubatch with n_tokens =    1, n_seqs =  1, n_outputs =    1
sched_reserve: Flash Attention was auto, set to enabled
sched_reserve: resolving fused Gated Delta Net support:
graph_reserve: reserving a graph for ubatch with n_tokens =    1, n_seqs =  1, n_outputs =    1
sched_reserve: fused Gated Delta Net (autoregressive) enabled
graph_reserve: reserving a graph for ubatch with n_tokens =   16, n_seqs =  1, n_outputs =   16
sched_reserve: fused Gated Delta Net (chunked) enabled
graph_reserve: reserving a graph for ubatch with n_tokens =  512, n_seqs =  1, n_outputs =  512
graph_reserve: reserving a graph for ubatch with n_tokens =    1, n_seqs =  1, n_outputs =    1
graph_reserve: reserving a graph for ubatch with n_tokens =  512, n_seqs =  1, n_outputs =  512
sched_reserve:      CUDA0 compute buffer size =   304.00 MiB
sched_reserve:  CUDA_Host compute buffer size =    14.76 MiB
sched_reserve: graph nodes  = 958
sched_reserve: graph splits = 44 (with bs=512), 2 (with bs=1)
sched_reserve: reserve took 25.70 ms, sched copies = 1
CUDA Graph id 4692 reused
ggml_backend_cuda_graph_compute: CUDA graph warmup complete
CUDA Graph id 4692 reused
CUDA Graph id 4692 reused
CUDA Graph id 4692 reused
CUDA Graph id 4692 reused
CUDA Graph id 4692 reused
CUDA Graph id 4692 reused
CUDA Graph id 4692 reused
CUDA Graph id 4692 reused
CUDA Graph id 4692 reused
CUDA Graph id 4692 reused
CUDA Graph id 4692 reused
CUDA Graph id 4692 reused
CUDA Graph id 4692 reused
CUDA Graph id 4692 reused
CUDA Graph id 4692 reused
CUDA Graph id 4692 reused
CUDA Graph id 4692 reused
CUDA Graph id 4692 reused
CUDA Graph id 4692 reused
CUDA Graph id 4692 reused
CUDA Graph id 4692 reused
CUDA Graph id 4692 reused
CUDA Graph id 4692 reused
CUDA Graph id 4692 reused
~llama_context:      CUDA0 compute buffer size is 304.0000 MiB, matches expectation of 304.0000 MiB
~llama_context:  CUDA_Host compute buffer size is  14.7637 MiB, matches expectation of  14.7637 MiB
llama_context: constructing llama_context
llama_context: n_seq_max     = 1
llama_context: n_ctx         = 768
llama_context: n_ctx_seq     = 768
llama_context: n_batch       = 747
llama_context: n_ubatch      = 512
llama_context: causal_attn   = 1
llama_context: flash_attn    = auto
llama_context: kv_unified    = false
llama_context: freq_base     = 1000000.0
llama_context: freq_scale    = 1
llama_context: n_rs_seq      = 0
llama_context: n_outputs_max = 747
llama_context: n_ctx_seq (768) < n_ctx_train (32768) -- the full capacity of the model will not be utilized
set_abort_callback: call
llama_context:  CUDA_Host  output buffer size =     0.58 MiB
llama_kv_cache: layer   0: dev = CPU
llama_kv_cache: layer   1: dev = CPU
llama_kv_cache: layer   2: dev = CPU
llama_kv_cache: layer   3: dev = CUDA0
llama_kv_cache: layer   4: dev = CUDA0
llama_kv_cache: layer   5: dev = CUDA0
llama_kv_cache: layer   6: dev = CUDA0
llama_kv_cache: layer   7: dev = CUDA0
llama_kv_cache: layer   8: dev = CUDA0
llama_kv_cache: layer   9: dev = CUDA0
llama_kv_cache: layer  10: dev = CUDA0
llama_kv_cache: layer  11: dev = CUDA0
llama_kv_cache: layer  12: dev = CUDA0
llama_kv_cache: layer  13: dev = CUDA0
llama_kv_cache: layer  14: dev = CUDA0
llama_kv_cache: layer  15: dev = CUDA0
llama_kv_cache: layer  16: dev = CUDA0
llama_kv_cache: layer  17: dev = CUDA0
llama_kv_cache: layer  18: dev = CUDA0
llama_kv_cache: layer  19: dev = CUDA0
llama_kv_cache: layer  20: dev = CUDA0
llama_kv_cache: layer  21: dev = CUDA0
llama_kv_cache: layer  22: dev = CUDA0
llama_kv_cache: layer  23: dev = CUDA0
llama_kv_cache: layer  24: dev = CUDA0
llama_kv_cache: layer  25: dev = CUDA0
llama_kv_cache: layer  26: dev = CUDA0
llama_kv_cache: layer  27: dev = CUDA0
llama_kv_cache:        CPU KV buffer size =     4.50 MiB
llama_kv_cache:      CUDA0 KV buffer size =    37.50 MiB
llama_kv_cache: size =   42.00 MiB (   768 cells,  28 layers,  1/1 seqs), K (f16):   21.00 MiB, V (f16):   21.00 MiB
llama_kv_cache: attn_rot_k = 0, n_embd_head_k_all = 128
llama_kv_cache: attn_rot_v = 0, n_embd_head_k_all = 128
llama_context: enumerating backends
llama_context: backend_ptrs.size() = 2
sched_reserve: reserving ...
sched_reserve: max_nodes = 2712
sched_reserve: reserving full memory module
sched_reserve: worst-case: n_tokens = 512, n_seqs = 1, n_outputs = 1
graph_reserve: reserving a graph for ubatch with n_tokens =    1, n_seqs =  1, n_outputs =    1
sched_reserve: Flash Attention was auto, set to enabled
sched_reserve: resolving fused Gated Delta Net support:
graph_reserve: reserving a graph for ubatch with n_tokens =    1, n_seqs =  1, n_outputs =    1
sched_reserve: fused Gated Delta Net (autoregressive) enabled
graph_reserve: reserving a graph for ubatch with n_tokens =   16, n_seqs =  1, n_outputs =   16
sched_reserve: fused Gated Delta Net (chunked) enabled
graph_reserve: reserving a graph for ubatch with n_tokens =  512, n_seqs =  1, n_outputs =  512
graph_reserve: reserving a graph for ubatch with n_tokens =    1, n_seqs =  1, n_outputs =    1
graph_reserve: reserving a graph for ubatch with n_tokens =  512, n_seqs =  1, n_outputs =  512
sched_reserve:      CUDA0 compute buffer size =   304.00 MiB
sched_reserve:  CUDA_Host compute buffer size =    14.76 MiB
sched_reserve: graph nodes  = 958
sched_reserve: graph splits = 44 (with bs=512), 2 (with bs=1)
sched_reserve: reserve took 22.27 ms, sched copies = 1
CUDA Graph id 4842 reused
ggml_backend_cuda_graph_compute: CUDA graph warmup complete
CUDA Graph id 4842 reused
CUDA Graph id 4842 reused
CUDA Graph id 4842 reused
CUDA Graph id 4842 reused
CUDA Graph id 4842 reused
CUDA Graph id 4842 reused
CUDA Graph id 4842 reused
CUDA Graph id 4842 reused
CUDA Graph id 4842 reused
CUDA Graph id 4842 reused
CUDA Graph id 4842 reused
CUDA Graph id 4842 reused
CUDA Graph id 4842 reused
CUDA Graph id 4842 reused
CUDA Graph id 4842 reused
CUDA Graph id 4842 reused
CUDA Graph id 4842 reused
CUDA Graph id 4842 reused
CUDA Graph id 4842 reused
CUDA Graph id 4842 reused
CUDA Graph id 4842 reused
CUDA Graph id 4842 reused
CUDA Graph id 4842 reused
CUDA Graph id 4842 reused
~llama_context:      CUDA0 compute buffer size is 304.0000 MiB, matches expectation of 304.0000 MiB
~llama_context:  CUDA_Host compute buffer size is  14.7637 MiB, matches expectation of  14.7637 MiB
llama_context: constructing llama_context
llama_context: n_seq_max     = 1
llama_context: n_ctx         = 768
llama_context: n_ctx_seq     = 768
llama_context: n_batch       = 747
llama_context: n_ubatch      = 512
llama_context: causal_attn   = 1
llama_context: flash_attn    = auto
llama_context: kv_unified    = false
llama_context: freq_base     = 1000000.0
llama_context: freq_scale    = 1
llama_context: n_rs_seq      = 0
llama_context: n_outputs_max = 747
llama_context: n_ctx_seq (768) < n_ctx_train (32768) -- the full capacity of the model will not be utilized
set_abort_callback: call
llama_context:  CUDA_Host  output buffer size =     0.58 MiB
llama_kv_cache: layer   0: dev = CPU
llama_kv_cache: layer   1: dev = CPU
llama_kv_cache: layer   2: dev = CPU
llama_kv_cache: layer   3: dev = CUDA0
llama_kv_cache: layer   4: dev = CUDA0
llama_kv_cache: layer   5: dev = CUDA0
llama_kv_cache: layer   6: dev = CUDA0
llama_kv_cache: layer   7: dev = CUDA0
llama_kv_cache: layer   8: dev = CUDA0
llama_kv_cache: layer   9: dev = CUDA0
llama_kv_cache: layer  10: dev = CUDA0
llama_kv_cache: layer  11: dev = CUDA0
llama_kv_cache: layer  12: dev = CUDA0
llama_kv_cache: layer  13: dev = CUDA0
llama_kv_cache: layer  14: dev = CUDA0
llama_kv_cache: layer  15: dev = CUDA0
llama_kv_cache: layer  16: dev = CUDA0
llama_kv_cache: layer  17: dev = CUDA0
llama_kv_cache: layer  18: dev = CUDA0
llama_kv_cache: layer  19: dev = CUDA0
llama_kv_cache: layer  20: dev = CUDA0
llama_kv_cache: layer  21: dev = CUDA0
llama_kv_cache: layer  22: dev = CUDA0
llama_kv_cache: layer  23: dev = CUDA0
llama_kv_cache: layer  24: dev = CUDA0
llama_kv_cache: layer  25: dev = CUDA0
llama_kv_cache: layer  26: dev = CUDA0
llama_kv_cache: layer  27: dev = CUDA0
llama_kv_cache:        CPU KV buffer size =     4.50 MiB
llama_kv_cache:      CUDA0 KV buffer size =    37.50 MiB
llama_kv_cache: size =   42.00 MiB (   768 cells,  28 layers,  1/1 seqs), K (f16):   21.00 MiB, V (f16):   21.00 MiB
llama_kv_cache: attn_rot_k = 0, n_embd_head_k_all = 128
llama_kv_cache: attn_rot_v = 0, n_embd_head_k_all = 128
llama_context: enumerating backends
llama_context: backend_ptrs.size() = 2
sched_reserve: reserving ...
sched_reserve: max_nodes = 2712
sched_reserve: reserving full memory module
sched_reserve: worst-case: n_tokens = 512, n_seqs = 1, n_outputs = 1
graph_reserve: reserving a graph for ubatch with n_tokens =    1, n_seqs =  1, n_outputs =    1
sched_reserve: Flash Attention was auto, set to enabled
sched_reserve: resolving fused Gated Delta Net support:
graph_reserve: reserving a graph for ubatch with n_tokens =    1, n_seqs =  1, n_outputs =    1
sched_reserve: fused Gated Delta Net (autoregressive) enabled
graph_reserve: reserving a graph for ubatch with n_tokens =   16, n_seqs =  1, n_outputs =   16
sched_reserve: fused Gated Delta Net (chunked) enabled
graph_reserve: reserving a graph for ubatch with n_tokens =  512, n_seqs =  1, n_outputs =  512
graph_reserve: reserving a graph for ubatch with n_tokens =    1, n_seqs =  1, n_outputs =    1
graph_reserve: reserving a graph for ubatch with n_tokens =  512, n_seqs =  1, n_outputs =  512
sched_reserve:      CUDA0 compute buffer size =   304.00 MiB
sched_reserve:  CUDA_Host compute buffer size =    14.76 MiB
sched_reserve: graph nodes  = 958
sched_reserve: graph splits = 44 (with bs=512), 2 (with bs=1)
sched_reserve: reserve took 17.36 ms, sched copies = 1
CUDA Graph id 4992 reused
ggml_backend_cuda_graph_compute: CUDA graph warmup complete
CUDA Graph id 4992 reused
CUDA Graph id 4992 reused
CUDA Graph id 4992 reused
CUDA Graph id 4992 reused
CUDA Graph id 4992 reused
CUDA Graph id 4992 reused
CUDA Graph id 4992 reused
CUDA Graph id 4992 reused
CUDA Graph id 4992 reused
CUDA Graph id 4992 reused
CUDA Graph id 4992 reused
CUDA Graph id 4992 reused
CUDA Graph id 4992 reused
CUDA Graph id 4992 reused
CUDA Graph id 4992 reused
CUDA Graph id 4992 reused
CUDA Graph id 4992 reused
CUDA Graph id 4992 reused
CUDA Graph id 4992 reused
CUDA Graph id 4992 reused
CUDA Graph id 4992 reused
CUDA Graph id 4992 reused
CUDA Graph id 4992 reused
CUDA Graph id 4992 reused
~llama_context:      CUDA0 compute buffer size is 304.0000 MiB, matches expectation of 304.0000 MiB
~llama_context:  CUDA_Host compute buffer size is  14.7637 MiB, matches expectation of  14.7637 MiB
llama_context: constructing llama_context
llama_context: n_seq_max     = 1
llama_context: n_ctx         = 768
llama_context: n_ctx_seq     = 768
llama_context: n_batch       = 747
llama_context: n_ubatch      = 512
llama_context: causal_attn   = 1
llama_context: flash_attn    = auto
llama_context: kv_unified    = false
llama_context: freq_base     = 1000000.0
llama_context: freq_scale    = 1
llama_context: n_rs_seq      = 0
llama_context: n_outputs_max = 747
llama_context: n_ctx_seq (768) < n_ctx_train (32768) -- the full capacity of the model will not be utilized
set_abort_callback: call
llama_context:  CUDA_Host  output buffer size =     0.58 MiB
llama_kv_cache: layer   0: dev = CPU
llama_kv_cache: layer   1: dev = CPU
llama_kv_cache: layer   2: dev = CPU
llama_kv_cache: layer   3: dev = CUDA0
llama_kv_cache: layer   4: dev = CUDA0
llama_kv_cache: layer   5: dev = CUDA0
llama_kv_cache: layer   6: dev = CUDA0
llama_kv_cache: layer   7: dev = CUDA0
llama_kv_cache: layer   8: dev = CUDA0
llama_kv_cache: layer   9: dev = CUDA0
llama_kv_cache: layer  10: dev = CUDA0
llama_kv_cache: layer  11: dev = CUDA0
llama_kv_cache: layer  12: dev = CUDA0
llama_kv_cache: layer  13: dev = CUDA0
llama_kv_cache: layer  14: dev = CUDA0
llama_kv_cache: layer  15: dev = CUDA0
llama_kv_cache: layer  16: dev = CUDA0
llama_kv_cache: layer  17: dev = CUDA0
llama_kv_cache: layer  18: dev = CUDA0
llama_kv_cache: layer  19: dev = CUDA0
llama_kv_cache: layer  20: dev = CUDA0
llama_kv_cache: layer  21: dev = CUDA0
llama_kv_cache: layer  22: dev = CUDA0
llama_kv_cache: layer  23: dev = CUDA0
llama_kv_cache: layer  24: dev = CUDA0
llama_kv_cache: layer  25: dev = CUDA0
llama_kv_cache: layer  26: dev = CUDA0
llama_kv_cache: layer  27: dev = CUDA0
llama_kv_cache:        CPU KV buffer size =     4.50 MiB
llama_kv_cache:      CUDA0 KV buffer size =    37.50 MiB
llama_kv_cache: size =   42.00 MiB (   768 cells,  28 layers,  1/1 seqs), K (f16):   21.00 MiB, V (f16):   21.00 MiB
llama_kv_cache: attn_rot_k = 0, n_embd_head_k_all = 128
llama_kv_cache: attn_rot_v = 0, n_embd_head_k_all = 128
llama_context: enumerating backends
llama_context: backend_ptrs.size() = 2
sched_reserve: reserving ...
sched_reserve: max_nodes = 2712
sched_reserve: reserving full memory module
sched_reserve: worst-case: n_tokens = 512, n_seqs = 1, n_outputs = 1
graph_reserve: reserving a graph for ubatch with n_tokens =    1, n_seqs =  1, n_outputs =    1
sched_reserve: Flash Attention was auto, set to enabled
sched_reserve: resolving fused Gated Delta Net support:
graph_reserve: reserving a graph for ubatch with n_tokens =    1, n_seqs =  1, n_outputs =    1
sched_reserve: fused Gated Delta Net (autoregressive) enabled
graph_reserve: reserving a graph for ubatch with n_tokens =   16, n_seqs =  1, n_outputs =   16
sched_reserve: fused Gated Delta Net (chunked) enabled
graph_reserve: reserving a graph for ubatch with n_tokens =  512, n_seqs =  1, n_outputs =  512
graph_reserve: reserving a graph for ubatch with n_tokens =    1, n_seqs =  1, n_outputs =    1
graph_reserve: reserving a graph for ubatch with n_tokens =  512, n_seqs =  1, n_outputs =  512
sched_reserve:      CUDA0 compute buffer size =   304.00 MiB
sched_reserve:  CUDA_Host compute buffer size =    14.76 MiB
sched_reserve: graph nodes  = 958
sched_reserve: graph splits = 44 (with bs=512), 2 (with bs=1)
sched_reserve: reserve took 18.73 ms, sched copies = 1
CUDA Graph id 5142 reused
ggml_backend_cuda_graph_compute: CUDA graph warmup complete
CUDA Graph id 5142 reused
CUDA Graph id 5142 reused
CUDA Graph id 5142 reused
CUDA Graph id 5142 reused
CUDA Graph id 5142 reused
CUDA Graph id 5142 reused
CUDA Graph id 5142 reused
CUDA Graph id 5142 reused
CUDA Graph id 5142 reused
CUDA Graph id 5142 reused
CUDA Graph id 5142 reused
CUDA Graph id 5142 reused
CUDA Graph id 5142 reused
CUDA Graph id 5142 reused
CUDA Graph id 5142 reused
CUDA Graph id 5142 reused
CUDA Graph id 5142 reused
CUDA Graph id 5142 reused
CUDA Graph id 5142 reused
CUDA Graph id 5142 reused
CUDA Graph id 5142 reused
CUDA Graph id 5142 reused
CUDA Graph id 5142 reused
CUDA Graph id 5142 reused
~llama_context:      CUDA0 compute buffer size is 304.0000 MiB, matches expectation of 304.0000 MiB
~llama_context:  CUDA_Host compute buffer size is  14.7637 MiB, matches expectation of  14.7637 MiB
llama_context: constructing llama_context
llama_context: n_seq_max     = 1
llama_context: n_ctx         = 768
llama_context: n_ctx_seq     = 768
llama_context: n_batch       = 747
llama_context: n_ubatch      = 512
llama_context: causal_attn   = 1
llama_context: flash_attn    = auto
llama_context: kv_unified    = false
llama_context: freq_base     = 1000000.0
llama_context: freq_scale    = 1
llama_context: n_rs_seq      = 0
llama_context: n_outputs_max = 747
llama_context: n_ctx_seq (768) < n_ctx_train (32768) -- the full capacity of the model will not be utilized
set_abort_callback: call
llama_context:  CUDA_Host  output buffer size =     0.58 MiB
llama_kv_cache: layer   0: dev = CPU
llama_kv_cache: layer   1: dev = CPU
llama_kv_cache: layer   2: dev = CPU
llama_kv_cache: layer   3: dev = CUDA0
llama_kv_cache: layer   4: dev = CUDA0
llama_kv_cache: layer   5: dev = CUDA0
llama_kv_cache: layer   6: dev = CUDA0
llama_kv_cache: layer   7: dev = CUDA0
llama_kv_cache: layer   8: dev = CUDA0
llama_kv_cache: layer   9: dev = CUDA0
llama_kv_cache: layer  10: dev = CUDA0
llama_kv_cache: layer  11: dev = CUDA0
llama_kv_cache: layer  12: dev = CUDA0
llama_kv_cache: layer  13: dev = CUDA0
llama_kv_cache: layer  14: dev = CUDA0
llama_kv_cache: layer  15: dev = CUDA0
llama_kv_cache: layer  16: dev = CUDA0
llama_kv_cache: layer  17: dev = CUDA0
llama_kv_cache: layer  18: dev = CUDA0
llama_kv_cache: layer  19: dev = CUDA0
llama_kv_cache: layer  20: dev = CUDA0
llama_kv_cache: layer  21: dev = CUDA0
llama_kv_cache: layer  22: dev = CUDA0
llama_kv_cache: layer  23: dev = CUDA0
llama_kv_cache: layer  24: dev = CUDA0
llama_kv_cache: layer  25: dev = CUDA0
llama_kv_cache: layer  26: dev = CUDA0
llama_kv_cache: layer  27: dev = CUDA0
llama_kv_cache:        CPU KV buffer size =     4.50 MiB
llama_kv_cache:      CUDA0 KV buffer size =    37.50 MiB
llama_kv_cache: size =   42.00 MiB (   768 cells,  28 layers,  1/1 seqs), K (f16):   21.00 MiB, V (f16):   21.00 MiB
llama_kv_cache: attn_rot_k = 0, n_embd_head_k_all = 128
llama_kv_cache: attn_rot_v = 0, n_embd_head_k_all = 128
llama_context: enumerating backends
llama_context: backend_ptrs.size() = 2
sched_reserve: reserving ...
sched_reserve: max_nodes = 2712
sched_reserve: reserving full memory module
sched_reserve: worst-case: n_tokens = 512, n_seqs = 1, n_outputs = 1
graph_reserve: reserving a graph for ubatch with n_tokens =    1, n_seqs =  1, n_outputs =    1
sched_reserve: Flash Attention was auto, set to enabled
sched_reserve: resolving fused Gated Delta Net support:
graph_reserve: reserving a graph for ubatch with n_tokens =    1, n_seqs =  1, n_outputs =    1
sched_reserve: fused Gated Delta Net (autoregressive) enabled
graph_reserve: reserving a graph for ubatch with n_tokens =   16, n_seqs =  1, n_outputs =   16
sched_reserve: fused Gated Delta Net (chunked) enabled
graph_reserve: reserving a graph for ubatch with n_tokens =  512, n_seqs =  1, n_outputs =  512
graph_reserve: reserving a graph for ubatch with n_tokens =    1, n_seqs =  1, n_outputs =    1
graph_reserve: reserving a graph for ubatch with n_tokens =  512, n_seqs =  1, n_outputs =  512
sched_reserve:      CUDA0 compute buffer size =   304.00 MiB
sched_reserve:  CUDA_Host compute buffer size =    14.76 MiB
sched_reserve: graph nodes  = 958
sched_reserve: graph splits = 44 (with bs=512), 2 (with bs=1)
sched_reserve: reserve took 24.01 ms, sched copies = 1
CUDA Graph id 5292 reused
ggml_backend_cuda_graph_compute: CUDA graph warmup complete
CUDA Graph id 5292 reused
CUDA Graph id 5292 reused
CUDA Graph id 5292 reused
CUDA Graph id 5292 reused
CUDA Graph id 5292 reused
CUDA Graph id 5292 reused
CUDA Graph id 5292 reused
CUDA Graph id 5292 reused
CUDA Graph id 5292 reused
CUDA Graph id 5292 reused
CUDA Graph id 5292 reused
CUDA Graph id 5292 reused
CUDA Graph id 5292 reused
CUDA Graph id 5292 reused
CUDA Graph id 5292 reused
CUDA Graph id 5292 reused
CUDA Graph id 5292 reused
CUDA Graph id 5292 reused
CUDA Graph id 5292 reused
CUDA Graph id 5292 reused
~llama_context:      CUDA0 compute buffer size is 304.0000 MiB, matches expectation of 304.0000 MiB
~llama_context:  CUDA_Host compute buffer size is  14.7637 MiB, matches expectation of  14.7637 MiB
llama_context: constructing llama_context
llama_context: n_seq_max     = 1
llama_context: n_ctx         = 768
llama_context: n_ctx_seq     = 768
llama_context: n_batch       = 747
llama_context: n_ubatch      = 512
llama_context: causal_attn   = 1
llama_context: flash_attn    = auto
llama_context: kv_unified    = false
llama_context: freq_base     = 1000000.0
llama_context: freq_scale    = 1
llama_context: n_rs_seq      = 0
llama_context: n_outputs_max = 747
llama_context: n_ctx_seq (768) < n_ctx_train (32768) -- the full capacity of the model will not be utilized
set_abort_callback: call
llama_context:  CUDA_Host  output buffer size =     0.58 MiB
llama_kv_cache: layer   0: dev = CPU
llama_kv_cache: layer   1: dev = CPU
llama_kv_cache: layer   2: dev = CPU
llama_kv_cache: layer   3: dev = CUDA0
llama_kv_cache: layer   4: dev = CUDA0
llama_kv_cache: layer   5: dev = CUDA0
llama_kv_cache: layer   6: dev = CUDA0
llama_kv_cache: layer   7: dev = CUDA0
llama_kv_cache: layer   8: dev = CUDA0
llama_kv_cache: layer   9: dev = CUDA0
llama_kv_cache: layer  10: dev = CUDA0
llama_kv_cache: layer  11: dev = CUDA0
llama_kv_cache: layer  12: dev = CUDA0
llama_kv_cache: layer  13: dev = CUDA0
llama_kv_cache: layer  14: dev = CUDA0
llama_kv_cache: layer  15: dev = CUDA0
llama_kv_cache: layer  16: dev = CUDA0
llama_kv_cache: layer  17: dev = CUDA0
llama_kv_cache: layer  18: dev = CUDA0
llama_kv_cache: layer  19: dev = CUDA0
llama_kv_cache: layer  20: dev = CUDA0
llama_kv_cache: layer  21: dev = CUDA0
llama_kv_cache: layer  22: dev = CUDA0
llama_kv_cache: layer  23: dev = CUDA0
llama_kv_cache: layer  24: dev = CUDA0
llama_kv_cache: layer  25: dev = CUDA0
llama_kv_cache: layer  26: dev = CUDA0
llama_kv_cache: layer  27: dev = CUDA0
llama_kv_cache:        CPU KV buffer size =     4.50 MiB
llama_kv_cache:      CUDA0 KV buffer size =    37.50 MiB
llama_kv_cache: size =   42.00 MiB (   768 cells,  28 layers,  1/1 seqs), K (f16):   21.00 MiB, V (f16):   21.00 MiB
llama_kv_cache: attn_rot_k = 0, n_embd_head_k_all = 128
llama_kv_cache: attn_rot_v = 0, n_embd_head_k_all = 128
llama_context: enumerating backends
llama_context: backend_ptrs.size() = 2
sched_reserve: reserving ...
sched_reserve: max_nodes = 2712
sched_reserve: reserving full memory module
sched_reserve: worst-case: n_tokens = 512, n_seqs = 1, n_outputs = 1
graph_reserve: reserving a graph for ubatch with n_tokens =    1, n_seqs =  1, n_outputs =    1
sched_reserve: Flash Attention was auto, set to enabled
sched_reserve: resolving fused Gated Delta Net support:
graph_reserve: reserving a graph for ubatch with n_tokens =    1, n_seqs =  1, n_outputs =    1
sched_reserve: fused Gated Delta Net (autoregressive) enabled
graph_reserve: reserving a graph for ubatch with n_tokens =   16, n_seqs =  1, n_outputs =   16
sched_reserve: fused Gated Delta Net (chunked) enabled
graph_reserve: reserving a graph for ubatch with n_tokens =  512, n_seqs =  1, n_outputs =  512
graph_reserve: reserving a graph for ubatch with n_tokens =    1, n_seqs =  1, n_outputs =    1
graph_reserve: reserving a graph for ubatch with n_tokens =  512, n_seqs =  1, n_outputs =  512
sched_reserve:      CUDA0 compute buffer size =   304.00 MiB
sched_reserve:  CUDA_Host compute buffer size =    14.76 MiB
sched_reserve: graph nodes  = 958
sched_reserve: graph splits = 44 (with bs=512), 2 (with bs=1)
sched_reserve: reserve took 22.58 ms, sched copies = 1
CUDA Graph id 5442 reused
ggml_backend_cuda_graph_compute: CUDA graph warmup complete
CUDA Graph id 5442 reused
CUDA Graph id 5442 reused
CUDA Graph id 5442 reused
CUDA Graph id 5442 reused
CUDA Graph id 5442 reused
CUDA Graph id 5442 reused
CUDA Graph id 5442 reused
CUDA Graph id 5442 reused
CUDA Graph id 5442 reused
CUDA Graph id 5442 reused
~llama_context:      CUDA0 compute buffer size is 304.0000 MiB, matches expectation of 304.0000 MiB
~llama_context:  CUDA_Host compute buffer size is  14.7637 MiB, matches expectation of  14.7637 MiB
schema 6/25 done
llama_context: constructing llama_context
llama_context: n_seq_max     = 1
llama_context: n_ctx         = 768
llama_context: n_ctx_seq     = 768
llama_context: n_batch       = 636
llama_context: n_ubatch      = 512
llama_context: causal_attn   = 1
llama_context: flash_attn    = auto
llama_context: kv_unified    = false
llama_context: freq_base     = 1000000.0
llama_context: freq_scale    = 1
llama_context: n_rs_seq      = 0
llama_context: n_outputs_max = 636
llama_context: n_ctx_seq (768) < n_ctx_train (32768) -- the full capacity of the model will not be utilized
set_abort_callback: call
llama_context:  CUDA_Host  output buffer size =     0.58 MiB
llama_kv_cache: layer   0: dev = CPU
llama_kv_cache: layer   1: dev = CPU
llama_kv_cache: layer   2: dev = CPU
llama_kv_cache: layer   3: dev = CUDA0
llama_kv_cache: layer   4: dev = CUDA0
llama_kv_cache: layer   5: dev = CUDA0
llama_kv_cache: layer   6: dev = CUDA0
llama_kv_cache: layer   7: dev = CUDA0
llama_kv_cache: layer   8: dev = CUDA0
llama_kv_cache: layer   9: dev = CUDA0
llama_kv_cache: layer  10: dev = CUDA0
llama_kv_cache: layer  11: dev = CUDA0
llama_kv_cache: layer  12: dev = CUDA0
llama_kv_cache: layer  13: dev = CUDA0
llama_kv_cache: layer  14: dev = CUDA0
llama_kv_cache: layer  15: dev = CUDA0
llama_kv_cache: layer  16: dev = CUDA0
llama_kv_cache: layer  17: dev = CUDA0
llama_kv_cache: layer  18: dev = CUDA0
llama_kv_cache: layer  19: dev = CUDA0
llama_kv_cache: layer  20: dev = CUDA0
llama_kv_cache: layer  21: dev = CUDA0
llama_kv_cache: layer  22: dev = CUDA0
llama_kv_cache: layer  23: dev = CUDA0
llama_kv_cache: layer  24: dev = CUDA0
llama_kv_cache: layer  25: dev = CUDA0
llama_kv_cache: layer  26: dev = CUDA0
llama_kv_cache: layer  27: dev = CUDA0
llama_kv_cache:        CPU KV buffer size =     4.50 MiB
llama_kv_cache:      CUDA0 KV buffer size =    37.50 MiB
llama_kv_cache: size =   42.00 MiB (   768 cells,  28 layers,  1/1 seqs), K (f16):   21.00 MiB, V (f16):   21.00 MiB
llama_kv_cache: attn_rot_k = 0, n_embd_head_k_all = 128
llama_kv_cache: attn_rot_v = 0, n_embd_head_k_all = 128
llama_context: enumerating backends
llama_context: backend_ptrs.size() = 2
sched_reserve: reserving ...
sched_reserve: max_nodes = 2712
sched_reserve: reserving full memory module
sched_reserve: worst-case: n_tokens = 512, n_seqs = 1, n_outputs = 1
graph_reserve: reserving a graph for ubatch with n_tokens =    1, n_seqs =  1, n_outputs =    1
sched_reserve: Flash Attention was auto, set to enabled
sched_reserve: resolving fused Gated Delta Net support:
graph_reserve: reserving a graph for ubatch with n_tokens =    1, n_seqs =  1, n_outputs =    1
sched_reserve: fused Gated Delta Net (autoregressive) enabled
graph_reserve: reserving a graph for ubatch with n_tokens =   16, n_seqs =  1, n_outputs =   16
sched_reserve: fused Gated Delta Net (chunked) enabled
graph_reserve: reserving a graph for ubatch with n_tokens =  512, n_seqs =  1, n_outputs =  512
graph_reserve: reserving a graph for ubatch with n_tokens =    1, n_seqs =  1, n_outputs =    1
graph_reserve: reserving a graph for ubatch with n_tokens =  512, n_seqs =  1, n_outputs =  512
sched_reserve:      CUDA0 compute buffer size =   304.00 MiB
sched_reserve:  CUDA_Host compute buffer size =    14.76 MiB
sched_reserve: graph nodes  = 958
sched_reserve: graph splits = 44 (with bs=512), 2 (with bs=1)
sched_reserve: reserve took 21.05 ms, sched copies = 1
CUDA Graph id 5592 reused
ggml_backend_cuda_graph_compute: CUDA graph warmup complete
CUDA Graph id 5592 reused
CUDA Graph id 5592 reused
CUDA Graph id 5592 reused
CUDA Graph id 5592 reused
CUDA Graph id 5592 reused
CUDA Graph id 5592 reused
CUDA Graph id 5592 reused
~llama_context:      CUDA0 compute buffer size is 304.0000 MiB, matches expectation of 304.0000 MiB
~llama_context:  CUDA_Host compute buffer size is  14.7637 MiB, matches expectation of  14.7637 MiB
llama_context: constructing llama_context
llama_context: n_seq_max     = 1
llama_context: n_ctx         = 768
llama_context: n_ctx_seq     = 768
llama_context: n_batch       = 636
llama_context: n_ubatch      = 512
llama_context: causal_attn   = 1
llama_context: flash_attn    = auto
llama_context: kv_unified    = false
llama_context: freq_base     = 1000000.0
llama_context: freq_scale    = 1
llama_context: n_rs_seq      = 0
llama_context: n_outputs_max = 636
llama_context: n_ctx_seq (768) < n_ctx_train (32768) -- the full capacity of the model will not be utilized
set_abort_callback: call
llama_context:  CUDA_Host  output buffer size =     0.58 MiB
llama_kv_cache: layer   0: dev = CPU
llama_kv_cache: layer   1: dev = CPU
llama_kv_cache: layer   2: dev = CPU
llama_kv_cache: layer   3: dev = CUDA0
llama_kv_cache: layer   4: dev = CUDA0
llama_kv_cache: layer   5: dev = CUDA0
llama_kv_cache: layer   6: dev = CUDA0
llama_kv_cache: layer   7: dev = CUDA0
llama_kv_cache: layer   8: dev = CUDA0
llama_kv_cache: layer   9: dev = CUDA0
llama_kv_cache: layer  10: dev = CUDA0
llama_kv_cache: layer  11: dev = CUDA0
llama_kv_cache: layer  12: dev = CUDA0
llama_kv_cache: layer  13: dev = CUDA0
llama_kv_cache: layer  14: dev = CUDA0
llama_kv_cache: layer  15: dev = CUDA0
llama_kv_cache: layer  16: dev = CUDA0
llama_kv_cache: layer  17: dev = CUDA0
llama_kv_cache: layer  18: dev = CUDA0
llama_kv_cache: layer  19: dev = CUDA0
llama_kv_cache: layer  20: dev = CUDA0
llama_kv_cache: layer  21: dev = CUDA0
llama_kv_cache: layer  22: dev = CUDA0
llama_kv_cache: layer  23: dev = CUDA0
llama_kv_cache: layer  24: dev = CUDA0
llama_kv_cache: layer  25: dev = CUDA0
llama_kv_cache: layer  26: dev = CUDA0
llama_kv_cache: layer  27: dev = CUDA0
llama_kv_cache:        CPU KV buffer size =     4.50 MiB
llama_kv_cache:      CUDA0 KV buffer size =    37.50 MiB
llama_kv_cache: size =   42.00 MiB (   768 cells,  28 layers,  1/1 seqs), K (f16):   21.00 MiB, V (f16):   21.00 MiB
llama_kv_cache: attn_rot_k = 0, n_embd_head_k_all = 128
llama_kv_cache: attn_rot_v = 0, n_embd_head_k_all = 128
llama_context: enumerating backends
llama_context: backend_ptrs.size() = 2
sched_reserve: reserving ...
sched_reserve: max_nodes = 2712
sched_reserve: reserving full memory module
sched_reserve: worst-case: n_tokens = 512, n_seqs = 1, n_outputs = 1
graph_reserve: reserving a graph for ubatch with n_tokens =    1, n_seqs =  1, n_outputs =    1
sched_reserve: Flash Attention was auto, set to enabled
sched_reserve: resolving fused Gated Delta Net support:
graph_reserve: reserving a graph for ubatch with n_tokens =    1, n_seqs =  1, n_outputs =    1
sched_reserve: fused Gated Delta Net (autoregressive) enabled
graph_reserve: reserving a graph for ubatch with n_tokens =   16, n_seqs =  1, n_outputs =   16
sched_reserve: fused Gated Delta Net (chunked) enabled
graph_reserve: reserving a graph for ubatch with n_tokens =  512, n_seqs =  1, n_outputs =  512
graph_reserve: reserving a graph for ubatch with n_tokens =    1, n_seqs =  1, n_outputs =    1
graph_reserve: reserving a graph for ubatch with n_tokens =  512, n_seqs =  1, n_outputs =  512
sched_reserve:      CUDA0 compute buffer size =   304.00 MiB
sched_reserve:  CUDA_Host compute buffer size =    14.76 MiB
sched_reserve: graph nodes  = 958
sched_reserve: graph splits = 44 (with bs=512), 2 (with bs=1)
sched_reserve: reserve took 27.93 ms, sched copies = 1
CUDA Graph id 5742 reused
ggml_backend_cuda_graph_compute: CUDA graph warmup complete
CUDA Graph id 5742 reused
CUDA Graph id 5742 reused
CUDA Graph id 5742 reused
CUDA Graph id 5742 reused
CUDA Graph id 5742 reused
CUDA Graph id 5742 reused
CUDA Graph id 5742 reused
~llama_context:      CUDA0 compute buffer size is 304.0000 MiB, matches expectation of 304.0000 MiB
~llama_context:  CUDA_Host compute buffer size is  14.7637 MiB, matches expectation of  14.7637 MiB
llama_context: constructing llama_context
llama_context: n_seq_max     = 1
llama_context: n_ctx         = 768
llama_context: n_ctx_seq     = 768
llama_context: n_batch       = 636
llama_context: n_ubatch      = 512
llama_context: causal_attn   = 1
llama_context: flash_attn    = auto
llama_context: kv_unified    = false
llama_context: freq_base     = 1000000.0
llama_context: freq_scale    = 1
llama_context: n_rs_seq      = 0
llama_context: n_outputs_max = 636
llama_context: n_ctx_seq (768) < n_ctx_train (32768) -- the full capacity of the model will not be utilized
set_abort_callback: call
llama_context:  CUDA_Host  output buffer size =     0.58 MiB
llama_kv_cache: layer   0: dev = CPU
llama_kv_cache: layer   1: dev = CPU
llama_kv_cache: layer   2: dev = CPU
llama_kv_cache: layer   3: dev = CUDA0
llama_kv_cache: layer   4: dev = CUDA0
llama_kv_cache: layer   5: dev = CUDA0
llama_kv_cache: layer   6: dev = CUDA0
llama_kv_cache: layer   7: dev = CUDA0
llama_kv_cache: layer   8: dev = CUDA0
llama_kv_cache: layer   9: dev = CUDA0
llama_kv_cache: layer  10: dev = CUDA0
llama_kv_cache: layer  11: dev = CUDA0
llama_kv_cache: layer  12: dev = CUDA0
llama_kv_cache: layer  13: dev = CUDA0
llama_kv_cache: layer  14: dev = CUDA0
llama_kv_cache: layer  15: dev = CUDA0
llama_kv_cache: layer  16: dev = CUDA0
llama_kv_cache: layer  17: dev = CUDA0
llama_kv_cache: layer  18: dev = CUDA0
llama_kv_cache: layer  19: dev = CUDA0
llama_kv_cache: layer  20: dev = CUDA0
llama_kv_cache: layer  21: dev = CUDA0
llama_kv_cache: layer  22: dev = CUDA0
llama_kv_cache: layer  23: dev = CUDA0
llama_kv_cache: layer  24: dev = CUDA0
llama_kv_cache: layer  25: dev = CUDA0
llama_kv_cache: layer  26: dev = CUDA0
llama_kv_cache: layer  27: dev = CUDA0
llama_kv_cache:        CPU KV buffer size =     4.50 MiB
llama_kv_cache:      CUDA0 KV buffer size =    37.50 MiB
llama_kv_cache: size =   42.00 MiB (   768 cells,  28 layers,  1/1 seqs), K (f16):   21.00 MiB, V (f16):   21.00 MiB
llama_kv_cache: attn_rot_k = 0, n_embd_head_k_all = 128
llama_kv_cache: attn_rot_v = 0, n_embd_head_k_all = 128
llama_context: enumerating backends
llama_context: backend_ptrs.size() = 2
sched_reserve: reserving ...
sched_reserve: max_nodes = 2712
sched_reserve: reserving full memory module
sched_reserve: worst-case: n_tokens = 512, n_seqs = 1, n_outputs = 1
graph_reserve: reserving a graph for ubatch with n_tokens =    1, n_seqs =  1, n_outputs =    1
sched_reserve: Flash Attention was auto, set to enabled
sched_reserve: resolving fused Gated Delta Net support:
graph_reserve: reserving a graph for ubatch with n_tokens =    1, n_seqs =  1, n_outputs =    1
sched_reserve: fused Gated Delta Net (autoregressive) enabled
graph_reserve: reserving a graph for ubatch with n_tokens =   16, n_seqs =  1, n_outputs =   16
sched_reserve: fused Gated Delta Net (chunked) enabled
graph_reserve: reserving a graph for ubatch with n_tokens =  512, n_seqs =  1, n_outputs =  512
graph_reserve: reserving a graph for ubatch with n_tokens =    1, n_seqs =  1, n_outputs =    1
graph_reserve: reserving a graph for ubatch with n_tokens =  512, n_seqs =  1, n_outputs =  512
sched_reserve:      CUDA0 compute buffer size =   304.00 MiB
sched_reserve:  CUDA_Host compute buffer size =    14.76 MiB
sched_reserve: graph nodes  = 958
sched_reserve: graph splits = 44 (with bs=512), 2 (with bs=1)
sched_reserve: reserve took 16.59 ms, sched copies = 1
CUDA Graph id 5892 reused
ggml_backend_cuda_graph_compute: CUDA graph warmup complete
CUDA Graph id 5892 reused
CUDA Graph id 5892 reused
CUDA Graph id 5892 reused
~llama_context:      CUDA0 compute buffer size is 304.0000 MiB, matches expectation of 304.0000 MiB
~llama_context:  CUDA_Host compute buffer size is  14.7637 MiB, matches expectation of  14.7637 MiB
llama_context: constructing llama_context
llama_context: n_seq_max     = 1
llama_context: n_ctx         = 768
llama_context: n_ctx_seq     = 768
llama_context: n_batch       = 636
llama_context: n_ubatch      = 512
llama_context: causal_attn   = 1
llama_context: flash_attn    = auto
llama_context: kv_unified    = false
llama_context: freq_base     = 1000000.0
llama_context: freq_scale    = 1
llama_context: n_rs_seq      = 0
llama_context: n_outputs_max = 636
llama_context: n_ctx_seq (768) < n_ctx_train (32768) -- the full capacity of the model will not be utilized
set_abort_callback: call
llama_context:  CUDA_Host  output buffer size =     0.58 MiB
llama_kv_cache: layer   0: dev = CPU
llama_kv_cache: layer   1: dev = CPU
llama_kv_cache: layer   2: dev = CPU
llama_kv_cache: layer   3: dev = CUDA0
llama_kv_cache: layer   4: dev = CUDA0
llama_kv_cache: layer   5: dev = CUDA0
llama_kv_cache: layer   6: dev = CUDA0
llama_kv_cache: layer   7: dev = CUDA0
llama_kv_cache: layer   8: dev = CUDA0
llama_kv_cache: layer   9: dev = CUDA0
llama_kv_cache: layer  10: dev = CUDA0
llama_kv_cache: layer  11: dev = CUDA0
llama_kv_cache: layer  12: dev = CUDA0
llama_kv_cache: layer  13: dev = CUDA0
llama_kv_cache: layer  14: dev = CUDA0
llama_kv_cache: layer  15: dev = CUDA0
llama_kv_cache: layer  16: dev = CUDA0
llama_kv_cache: layer  17: dev = CUDA0
llama_kv_cache: layer  18: dev = CUDA0
llama_kv_cache: layer  19: dev = CUDA0
llama_kv_cache: layer  20: dev = CUDA0
llama_kv_cache: layer  21: dev = CUDA0
llama_kv_cache: layer  22: dev = CUDA0
llama_kv_cache: layer  23: dev = CUDA0
llama_kv_cache: layer  24: dev = CUDA0
llama_kv_cache: layer  25: dev = CUDA0
llama_kv_cache: layer  26: dev = CUDA0
llama_kv_cache: layer  27: dev = CUDA0
llama_kv_cache:        CPU KV buffer size =     4.50 MiB
llama_kv_cache:      CUDA0 KV buffer size =    37.50 MiB
llama_kv_cache: size =   42.00 MiB (   768 cells,  28 layers,  1/1 seqs), K (f16):   21.00 MiB, V (f16):   21.00 MiB
llama_kv_cache: attn_rot_k = 0, n_embd_head_k_all = 128
llama_kv_cache: attn_rot_v = 0, n_embd_head_k_all = 128
llama_context: enumerating backends
llama_context: backend_ptrs.size() = 2
sched_reserve: reserving ...
sched_reserve: max_nodes = 2712
sched_reserve: reserving full memory module
sched_reserve: worst-case: n_tokens = 512, n_seqs = 1, n_outputs = 1
graph_reserve: reserving a graph for ubatch with n_tokens =    1, n_seqs =  1, n_outputs =    1
sched_reserve: Flash Attention was auto, set to enabled
sched_reserve: resolving fused Gated Delta Net support:
graph_reserve: reserving a graph for ubatch with n_tokens =    1, n_seqs =  1, n_outputs =    1
sched_reserve: fused Gated Delta Net (autoregressive) enabled
graph_reserve: reserving a graph for ubatch with n_tokens =   16, n_seqs =  1, n_outputs =   16
sched_reserve: fused Gated Delta Net (chunked) enabled
graph_reserve: reserving a graph for ubatch with n_tokens =  512, n_seqs =  1, n_outputs =  512
graph_reserve: reserving a graph for ubatch with n_tokens =    1, n_seqs =  1, n_outputs =    1
graph_reserve: reserving a graph for ubatch with n_tokens =  512, n_seqs =  1, n_outputs =  512
sched_reserve:      CUDA0 compute buffer size =   304.00 MiB
sched_reserve:  CUDA_Host compute buffer size =    14.76 MiB
sched_reserve: graph nodes  = 958
sched_reserve: graph splits = 44 (with bs=512), 2 (with bs=1)
sched_reserve: reserve took 16.88 ms, sched copies = 1
CUDA Graph id 6042 reused
ggml_backend_cuda_graph_compute: CUDA graph warmup complete
CUDA Graph id 6042 reused
CUDA Graph id 6042 reused
CUDA Graph id 6042 reused
CUDA Graph id 6042 reused
CUDA Graph id 6042 reused
CUDA Graph id 6042 reused
CUDA Graph id 6042 reused
~llama_context:      CUDA0 compute buffer size is 304.0000 MiB, matches expectation of 304.0000 MiB
~llama_context:  CUDA_Host compute buffer size is  14.7637 MiB, matches expectation of  14.7637 MiB
llama_context: constructing llama_context
llama_context: n_seq_max     = 1
llama_context: n_ctx         = 768
llama_context: n_ctx_seq     = 768
llama_context: n_batch       = 636
llama_context: n_ubatch      = 512
llama_context: causal_attn   = 1
llama_context: flash_attn    = auto
llama_context: kv_unified    = false
llama_context: freq_base     = 1000000.0
llama_context: freq_scale    = 1
llama_context: n_rs_seq      = 0
llama_context: n_outputs_max = 636
llama_context: n_ctx_seq (768) < n_ctx_train (32768) -- the full capacity of the model will not be utilized
set_abort_callback: call
llama_context:  CUDA_Host  output buffer size =     0.58 MiB
llama_kv_cache: layer   0: dev = CPU
llama_kv_cache: layer   1: dev = CPU
llama_kv_cache: layer   2: dev = CPU
llama_kv_cache: layer   3: dev = CUDA0
llama_kv_cache: layer   4: dev = CUDA0
llama_kv_cache: layer   5: dev = CUDA0
llama_kv_cache: layer   6: dev = CUDA0
llama_kv_cache: layer   7: dev = CUDA0
llama_kv_cache: layer   8: dev = CUDA0
llama_kv_cache: layer   9: dev = CUDA0
llama_kv_cache: layer  10: dev = CUDA0
llama_kv_cache: layer  11: dev = CUDA0
llama_kv_cache: layer  12: dev = CUDA0
llama_kv_cache: layer  13: dev = CUDA0
llama_kv_cache: layer  14: dev = CUDA0
llama_kv_cache: layer  15: dev = CUDA0
llama_kv_cache: layer  16: dev = CUDA0
llama_kv_cache: layer  17: dev = CUDA0
llama_kv_cache: layer  18: dev = CUDA0
llama_kv_cache: layer  19: dev = CUDA0
llama_kv_cache: layer  20: dev = CUDA0
llama_kv_cache: layer  21: dev = CUDA0
llama_kv_cache: layer  22: dev = CUDA0
llama_kv_cache: layer  23: dev = CUDA0
llama_kv_cache: layer  24: dev = CUDA0
llama_kv_cache: layer  25: dev = CUDA0
llama_kv_cache: layer  26: dev = CUDA0
llama_kv_cache: layer  27: dev = CUDA0
llama_kv_cache:        CPU KV buffer size =     4.50 MiB
llama_kv_cache:      CUDA0 KV buffer size =    37.50 MiB
llama_kv_cache: size =   42.00 MiB (   768 cells,  28 layers,  1/1 seqs), K (f16):   21.00 MiB, V (f16):   21.00 MiB
llama_kv_cache: attn_rot_k = 0, n_embd_head_k_all = 128
llama_kv_cache: attn_rot_v = 0, n_embd_head_k_all = 128
llama_context: enumerating backends
llama_context: backend_ptrs.size() = 2
sched_reserve: reserving ...
sched_reserve: max_nodes = 2712
sched_reserve: reserving full memory module
sched_reserve: worst-case: n_tokens = 512, n_seqs = 1, n_outputs = 1
graph_reserve: reserving a graph for ubatch with n_tokens =    1, n_seqs =  1, n_outputs =    1
sched_reserve: Flash Attention was auto, set to enabled
sched_reserve: resolving fused Gated Delta Net support:
graph_reserve: reserving a graph for ubatch with n_tokens =    1, n_seqs =  1, n_outputs =    1
sched_reserve: fused Gated Delta Net (autoregressive) enabled
graph_reserve: reserving a graph for ubatch with n_tokens =   16, n_seqs =  1, n_outputs =   16
sched_reserve: fused Gated Delta Net (chunked) enabled
graph_reserve: reserving a graph for ubatch with n_tokens =  512, n_seqs =  1, n_outputs =  512
graph_reserve: reserving a graph for ubatch with n_tokens =    1, n_seqs =  1, n_outputs =    1
graph_reserve: reserving a graph for ubatch with n_tokens =  512, n_seqs =  1, n_outputs =  512
sched_reserve:      CUDA0 compute buffer size =   304.00 MiB
sched_reserve:  CUDA_Host compute buffer size =    14.76 MiB
sched_reserve: graph nodes  = 958
sched_reserve: graph splits = 44 (with bs=512), 2 (with bs=1)
sched_reserve: reserve took 16.97 ms, sched copies = 1
CUDA Graph id 6192 reused
ggml_backend_cuda_graph_compute: CUDA graph warmup complete
CUDA Graph id 6192 reused
CUDA Graph id 6192 reused
CUDA Graph id 6192 reused
~llama_context:      CUDA0 compute buffer size is 304.0000 MiB, matches expectation of 304.0000 MiB
~llama_context:  CUDA_Host compute buffer size is  14.7637 MiB, matches expectation of  14.7637 MiB
llama_context: constructing llama_context
llama_context: n_seq_max     = 1
llama_context: n_ctx         = 768
llama_context: n_ctx_seq     = 768
llama_context: n_batch       = 636
llama_context: n_ubatch      = 512
llama_context: causal_attn   = 1
llama_context: flash_attn    = auto
llama_context: kv_unified    = false
llama_context: freq_base     = 1000000.0
llama_context: freq_scale    = 1
llama_context: n_rs_seq      = 0
llama_context: n_outputs_max = 636
llama_context: n_ctx_seq (768) < n_ctx_train (32768) -- the full capacity of the model will not be utilized
set_abort_callback: call
llama_context:  CUDA_Host  output buffer size =     0.58 MiB
llama_kv_cache: layer   0: dev = CPU
llama_kv_cache: layer   1: dev = CPU
llama_kv_cache: layer   2: dev = CPU
llama_kv_cache: layer   3: dev = CUDA0
llama_kv_cache: layer   4: dev = CUDA0
llama_kv_cache: layer   5: dev = CUDA0
llama_kv_cache: layer   6: dev = CUDA0
llama_kv_cache: layer   7: dev = CUDA0
llama_kv_cache: layer   8: dev = CUDA0
llama_kv_cache: layer   9: dev = CUDA0
llama_kv_cache: layer  10: dev = CUDA0
llama_kv_cache: layer  11: dev = CUDA0
llama_kv_cache: layer  12: dev = CUDA0
llama_kv_cache: layer  13: dev = CUDA0
llama_kv_cache: layer  14: dev = CUDA0
llama_kv_cache: layer  15: dev = CUDA0
llama_kv_cache: layer  16: dev = CUDA0
llama_kv_cache: layer  17: dev = CUDA0
llama_kv_cache: layer  18: dev = CUDA0
llama_kv_cache: layer  19: dev = CUDA0
llama_kv_cache: layer  20: dev = CUDA0
llama_kv_cache: layer  21: dev = CUDA0
llama_kv_cache: layer  22: dev = CUDA0
llama_kv_cache: layer  23: dev = CUDA0
llama_kv_cache: layer  24: dev = CUDA0
llama_kv_cache: layer  25: dev = CUDA0
llama_kv_cache: layer  26: dev = CUDA0
llama_kv_cache: layer  27: dev = CUDA0
llama_kv_cache:        CPU KV buffer size =     4.50 MiB
llama_kv_cache:      CUDA0 KV buffer size =    37.50 MiB
llama_kv_cache: size =   42.00 MiB (   768 cells,  28 layers,  1/1 seqs), K (f16):   21.00 MiB, V (f16):   21.00 MiB
llama_kv_cache: attn_rot_k = 0, n_embd_head_k_all = 128
llama_kv_cache: attn_rot_v = 0, n_embd_head_k_all = 128
llama_context: enumerating backends
llama_context: backend_ptrs.size() = 2
sched_reserve: reserving ...
sched_reserve: max_nodes = 2712
sched_reserve: reserving full memory module
sched_reserve: worst-case: n_tokens = 512, n_seqs = 1, n_outputs = 1
graph_reserve: reserving a graph for ubatch with n_tokens =    1, n_seqs =  1, n_outputs =    1
sched_reserve: Flash Attention was auto, set to enabled
sched_reserve: resolving fused Gated Delta Net support:
graph_reserve: reserving a graph for ubatch with n_tokens =    1, n_seqs =  1, n_outputs =    1
sched_reserve: fused Gated Delta Net (autoregressive) enabled
graph_reserve: reserving a graph for ubatch with n_tokens =   16, n_seqs =  1, n_outputs =   16
sched_reserve: fused Gated Delta Net (chunked) enabled
graph_reserve: reserving a graph for ubatch with n_tokens =  512, n_seqs =  1, n_outputs =  512
graph_reserve: reserving a graph for ubatch with n_tokens =    1, n_seqs =  1, n_outputs =    1
graph_reserve: reserving a graph for ubatch with n_tokens =  512, n_seqs =  1, n_outputs =  512
sched_reserve:      CUDA0 compute buffer size =   304.00 MiB
sched_reserve:  CUDA_Host compute buffer size =    14.76 MiB
sched_reserve: graph nodes  = 958
sched_reserve: graph splits = 44 (with bs=512), 2 (with bs=1)
sched_reserve: reserve took 27.30 ms, sched copies = 1
CUDA Graph id 6342 reused
ggml_backend_cuda_graph_compute: CUDA graph warmup complete
CUDA Graph id 6342 reused
CUDA Graph id 6342 reused
CUDA Graph id 6342 reused
CUDA Graph id 6342 reused
CUDA Graph id 6342 reused
CUDA Graph id 6342 reused
CUDA Graph id 6342 reused
CUDA Graph id 6342 reused
CUDA Graph id 6342 reused
CUDA Graph id 6342 reused
CUDA Graph id 6342 reused
CUDA Graph id 6342 reused
CUDA Graph id 6342 reused
CUDA Graph id 6342 reused
CUDA Graph id 6342 reused
CUDA Graph id 6342 reused
CUDA Graph id 6342 reused
CUDA Graph id 6342 reused
CUDA Graph id 6342 reused
CUDA Graph id 6342 reused
CUDA Graph id 6342 reused
CUDA Graph id 6342 reused
CUDA Graph id 6342 reused
CUDA Graph id 6342 reused
CUDA Graph id 6342 reused
CUDA Graph id 6342 reused
CUDA Graph id 6342 reused
CUDA Graph id 6342 reused
CUDA Graph id 6342 reused
CUDA Graph id 6342 reused
CUDA Graph id 6342 reused
CUDA Graph id 6342 reused
CUDA Graph id 6342 reused
CUDA Graph id 6342 reused
CUDA Graph id 6342 reused
CUDA Graph id 6342 reused
CUDA Graph id 6342 reused
CUDA Graph id 6342 reused
CUDA Graph id 6342 reused
CUDA Graph id 6342 reused
CUDA Graph id 6342 reused
CUDA Graph id 6342 reused
CUDA Graph id 6342 reused
CUDA Graph id 6342 reused
CUDA Graph id 6342 reused
CUDA Graph id 6342 reused
CUDA Graph id 6342 reused
CUDA Graph id 6342 reused
CUDA Graph id 6342 reused
CUDA Graph id 6342 reused
CUDA Graph id 6342 reused
CUDA Graph id 6342 reused
CUDA Graph id 6342 reused
CUDA Graph id 6342 reused
CUDA Graph id 6342 reused
CUDA Graph id 6342 reused
CUDA Graph id 6342 reused
CUDA Graph id 6342 reused
CUDA Graph id 6342 reused
CUDA Graph id 6342 reused
CUDA Graph id 6342 reused
CUDA Graph id 6342 reused
CUDA Graph id 6342 reused
CUDA Graph id 6342 reused
CUDA Graph id 6342 reused
CUDA Graph id 6342 reused
CUDA Graph id 6342 reused
CUDA Graph id 6342 reused
CUDA Graph id 6342 reused
CUDA Graph id 6342 reused
CUDA Graph id 6342 reused
CUDA Graph id 6342 reused
CUDA Graph id 6342 reused
CUDA Graph id 6342 reused
CUDA Graph id 6342 reused
~llama_context:      CUDA0 compute buffer size is 304.0000 MiB, matches expectation of 304.0000 MiB
~llama_context:  CUDA_Host compute buffer size is  14.7637 MiB, matches expectation of  14.7637 MiB
schema 7/25 done
llama_context: constructing llama_context
llama_context: n_seq_max     = 1
llama_context: n_ctx         = 1024
llama_context: n_ctx_seq     = 1024
llama_context: n_batch       = 805
llama_context: n_ubatch      = 512
llama_context: causal_attn   = 1
llama_context: flash_attn    = auto
llama_context: kv_unified    = false
llama_context: freq_base     = 1000000.0
llama_context: freq_scale    = 1
llama_context: n_rs_seq      = 0
llama_context: n_outputs_max = 805
llama_context: n_ctx_seq (1024) < n_ctx_train (32768) -- the full capacity of the model will not be utilized
set_abort_callback: call
llama_context:  CUDA_Host  output buffer size =     0.58 MiB
llama_kv_cache: layer   0: dev = CPU
llama_kv_cache: layer   1: dev = CPU
llama_kv_cache: layer   2: dev = CPU
llama_kv_cache: layer   3: dev = CUDA0
llama_kv_cache: layer   4: dev = CUDA0
llama_kv_cache: layer   5: dev = CUDA0
llama_kv_cache: layer   6: dev = CUDA0
llama_kv_cache: layer   7: dev = CUDA0
llama_kv_cache: layer   8: dev = CUDA0
llama_kv_cache: layer   9: dev = CUDA0
llama_kv_cache: layer  10: dev = CUDA0
llama_kv_cache: layer  11: dev = CUDA0
llama_kv_cache: layer  12: dev = CUDA0
llama_kv_cache: layer  13: dev = CUDA0
llama_kv_cache: layer  14: dev = CUDA0
llama_kv_cache: layer  15: dev = CUDA0
llama_kv_cache: layer  16: dev = CUDA0
llama_kv_cache: layer  17: dev = CUDA0
llama_kv_cache: layer  18: dev = CUDA0
llama_kv_cache: layer  19: dev = CUDA0
llama_kv_cache: layer  20: dev = CUDA0
llama_kv_cache: layer  21: dev = CUDA0
llama_kv_cache: layer  22: dev = CUDA0
llama_kv_cache: layer  23: dev = CUDA0
llama_kv_cache: layer  24: dev = CUDA0
llama_kv_cache: layer  25: dev = CUDA0
llama_kv_cache: layer  26: dev = CUDA0
llama_kv_cache: layer  27: dev = CUDA0
llama_kv_cache:        CPU KV buffer size =     6.00 MiB
llama_kv_cache:      CUDA0 KV buffer size =    50.00 MiB
llama_kv_cache: size =   56.00 MiB (  1024 cells,  28 layers,  1/1 seqs), K (f16):   28.00 MiB, V (f16):   28.00 MiB
llama_kv_cache: attn_rot_k = 0, n_embd_head_k_all = 128
llama_kv_cache: attn_rot_v = 0, n_embd_head_k_all = 128
llama_context: enumerating backends
llama_context: backend_ptrs.size() = 2
sched_reserve: reserving ...
sched_reserve: max_nodes = 2712
sched_reserve: reserving full memory module
sched_reserve: worst-case: n_tokens = 512, n_seqs = 1, n_outputs = 1
graph_reserve: reserving a graph for ubatch with n_tokens =    1, n_seqs =  1, n_outputs =    1
sched_reserve: Flash Attention was auto, set to enabled
sched_reserve: resolving fused Gated Delta Net support:
graph_reserve: reserving a graph for ubatch with n_tokens =    1, n_seqs =  1, n_outputs =    1
sched_reserve: fused Gated Delta Net (autoregressive) enabled
graph_reserve: reserving a graph for ubatch with n_tokens =   16, n_seqs =  1, n_outputs =   16
sched_reserve: fused Gated Delta Net (chunked) enabled
graph_reserve: reserving a graph for ubatch with n_tokens =  512, n_seqs =  1, n_outputs =  512
graph_reserve: reserving a graph for ubatch with n_tokens =    1, n_seqs =  1, n_outputs =    1
graph_reserve: reserving a graph for ubatch with n_tokens =  512, n_seqs =  1, n_outputs =  512
sched_reserve:      CUDA0 compute buffer size =   304.00 MiB
sched_reserve:  CUDA_Host compute buffer size =    15.01 MiB
sched_reserve: graph nodes  = 958
sched_reserve: graph splits = 44 (with bs=512), 2 (with bs=1)
sched_reserve: reserve took 26.72 ms, sched copies = 1
CUDA Graph id 6492 reused
ggml_backend_cuda_graph_compute: CUDA graph warmup complete
CUDA Graph id 6492 reused
CUDA Graph id 6492 reused
CUDA Graph id 6492 reused
CUDA Graph id 6492 reused
CUDA Graph id 6492 reused
CUDA Graph id 6492 reused
CUDA Graph id 6492 reused
CUDA Graph id 6492 reused
CUDA Graph id 6492 reused
CUDA Graph id 6492 reused
CUDA Graph id 6492 reused
CUDA Graph id 6492 reused
CUDA Graph id 6492 reused
CUDA Graph id 6492 reused
CUDA Graph id 6492 reused
CUDA Graph id 6492 reused
CUDA Graph id 6492 reused
CUDA Graph id 6492 reused
CUDA Graph id 6492 reused
CUDA Graph id 6492 reused
CUDA Graph id 6492 reused
CUDA Graph id 6492 reused
CUDA Graph id 6492 reused
CUDA Graph id 6492 reused
CUDA Graph id 6492 reused
CUDA Graph id 6492 reused
CUDA Graph id 6492 reused
CUDA Graph id 6492 reused
CUDA Graph id 6492 reused
CUDA Graph id 6492 reused
CUDA Graph id 6492 reused
CUDA Graph id 6492 reused
CUDA Graph id 6492 reused
CUDA Graph id 6492 reused
CUDA Graph id 6492 reused
CUDA Graph id 6492 reused
CUDA Graph id 6492 reused
CUDA Graph id 6492 reused
CUDA Graph id 6492 reused
CUDA Graph id 6492 reused
CUDA Graph id 6492 reused
CUDA Graph id 6492 reused
CUDA Graph id 6492 reused
CUDA Graph id 6492 reused
CUDA Graph id 6492 reused
CUDA Graph id 6492 reused
CUDA Graph id 6492 reused
CUDA Graph id 6492 reused
CUDA Graph id 6492 reused
CUDA Graph id 6492 reused
CUDA Graph id 6492 reused
CUDA Graph id 6492 reused
CUDA Graph id 6492 reused
CUDA Graph id 6492 reused
CUDA Graph id 6492 reused
CUDA Graph id 6492 reused
CUDA Graph id 6492 reused
CUDA Graph id 6492 reused
CUDA Graph id 6492 reused
CUDA Graph id 6492 reused
CUDA Graph id 6492 reused
CUDA Graph id 6492 reused
~llama_context:      CUDA0 compute buffer size is 304.0000 MiB, matches expectation of 304.0000 MiB
~llama_context:  CUDA_Host compute buffer size is  15.0137 MiB, matches expectation of  15.0137 MiB
llama_context: constructing llama_context
llama_context: n_seq_max     = 1
llama_context: n_ctx         = 1024
llama_context: n_ctx_seq     = 1024
llama_context: n_batch       = 805
llama_context: n_ubatch      = 512
llama_context: causal_attn   = 1
llama_context: flash_attn    = auto
llama_context: kv_unified    = false
llama_context: freq_base     = 1000000.0
llama_context: freq_scale    = 1
llama_context: n_rs_seq      = 0
llama_context: n_outputs_max = 805
llama_context: n_ctx_seq (1024) < n_ctx_train (32768) -- the full capacity of the model will not be utilized
set_abort_callback: call
llama_context:  CUDA_Host  output buffer size =     0.58 MiB
llama_kv_cache: layer   0: dev = CPU
llama_kv_cache: layer   1: dev = CPU
llama_kv_cache: layer   2: dev = CPU
llama_kv_cache: layer   3: dev = CUDA0
llama_kv_cache: layer   4: dev = CUDA0
llama_kv_cache: layer   5: dev = CUDA0
llama_kv_cache: layer   6: dev = CUDA0
llama_kv_cache: layer   7: dev = CUDA0
llama_kv_cache: layer   8: dev = CUDA0
llama_kv_cache: layer   9: dev = CUDA0
llama_kv_cache: layer  10: dev = CUDA0
llama_kv_cache: layer  11: dev = CUDA0
llama_kv_cache: layer  12: dev = CUDA0
llama_kv_cache: layer  13: dev = CUDA0
llama_kv_cache: layer  14: dev = CUDA0
llama_kv_cache: layer  15: dev = CUDA0
llama_kv_cache: layer  16: dev = CUDA0
llama_kv_cache: layer  17: dev = CUDA0
llama_kv_cache: layer  18: dev = CUDA0
llama_kv_cache: layer  19: dev = CUDA0
llama_kv_cache: layer  20: dev = CUDA0
llama_kv_cache: layer  21: dev = CUDA0
llama_kv_cache: layer  22: dev = CUDA0
llama_kv_cache: layer  23: dev = CUDA0
llama_kv_cache: layer  24: dev = CUDA0
llama_kv_cache: layer  25: dev = CUDA0
llama_kv_cache: layer  26: dev = CUDA0
llama_kv_cache: layer  27: dev = CUDA0
llama_kv_cache:        CPU KV buffer size =     6.00 MiB
llama_kv_cache:      CUDA0 KV buffer size =    50.00 MiB
llama_kv_cache: size =   56.00 MiB (  1024 cells,  28 layers,  1/1 seqs), K (f16):   28.00 MiB, V (f16):   28.00 MiB
llama_kv_cache: attn_rot_k = 0, n_embd_head_k_all = 128
llama_kv_cache: attn_rot_v = 0, n_embd_head_k_all = 128
llama_context: enumerating backends
llama_context: backend_ptrs.size() = 2
sched_reserve: reserving ...
sched_reserve: max_nodes = 2712
sched_reserve: reserving full memory module
sched_reserve: worst-case: n_tokens = 512, n_seqs = 1, n_outputs = 1
graph_reserve: reserving a graph for ubatch with n_tokens =    1, n_seqs =  1, n_outputs =    1
sched_reserve: Flash Attention was auto, set to enabled
sched_reserve: resolving fused Gated Delta Net support:
graph_reserve: reserving a graph for ubatch with n_tokens =    1, n_seqs =  1, n_outputs =    1
sched_reserve: fused Gated Delta Net (autoregressive) enabled
graph_reserve: reserving a graph for ubatch with n_tokens =   16, n_seqs =  1, n_outputs =   16
sched_reserve: fused Gated Delta Net (chunked) enabled
graph_reserve: reserving a graph for ubatch with n_tokens =  512, n_seqs =  1, n_outputs =  512
graph_reserve: reserving a graph for ubatch with n_tokens =    1, n_seqs =  1, n_outputs =    1
graph_reserve: reserving a graph for ubatch with n_tokens =  512, n_seqs =  1, n_outputs =  512
sched_reserve:      CUDA0 compute buffer size =   304.00 MiB
sched_reserve:  CUDA_Host compute buffer size =    15.01 MiB
sched_reserve: graph nodes  = 958
sched_reserve: graph splits = 44 (with bs=512), 2 (with bs=1)
sched_reserve: reserve took 17.70 ms, sched copies = 1
CUDA Graph id 6642 reused
ggml_backend_cuda_graph_compute: CUDA graph warmup complete
CUDA Graph id 6642 reused
CUDA Graph id 6642 reused
CUDA Graph id 6642 reused
CUDA Graph id 6642 reused
CUDA Graph id 6642 reused
CUDA Graph id 6642 reused
CUDA Graph id 6642 reused
CUDA Graph id 6642 reused
CUDA Graph id 6642 reused
CUDA Graph id 6642 reused
CUDA Graph id 6642 reused
CUDA Graph id 6642 reused
CUDA Graph id 6642 reused
CUDA Graph id 6642 reused
CUDA Graph id 6642 reused
CUDA Graph id 6642 reused
CUDA Graph id 6642 reused
CUDA Graph id 6642 reused
CUDA Graph id 6642 reused
CUDA Graph id 6642 reused
CUDA Graph id 6642 reused
CUDA Graph id 6642 reused
CUDA Graph id 6642 reused
CUDA Graph id 6642 reused
CUDA Graph id 6642 reused
CUDA Graph id 6642 reused
CUDA Graph id 6642 reused
CUDA Graph id 6642 reused
CUDA Graph id 6642 reused
CUDA Graph id 6642 reused
CUDA Graph id 6642 reused
CUDA Graph id 6642 reused
CUDA Graph id 6642 reused
CUDA Graph id 6642 reused
CUDA Graph id 6642 reused
CUDA Graph id 6642 reused
CUDA Graph id 6642 reused
CUDA Graph id 6642 reused
CUDA Graph id 6642 reused
CUDA Graph id 6642 reused
CUDA Graph id 6642 reused
CUDA Graph id 6642 reused
CUDA Graph id 6642 reused
CUDA Graph id 6642 reused
CUDA Graph id 6642 reused
CUDA Graph id 6642 reused
CUDA Graph id 6642 reused
CUDA Graph id 6642 reused
CUDA Graph id 6642 reused
CUDA Graph id 6642 reused
CUDA Graph id 6642 reused
CUDA Graph id 6642 reused
CUDA Graph id 6642 reused
CUDA Graph id 6642 reused
CUDA Graph id 6642 reused
CUDA Graph id 6642 reused
CUDA Graph id 6642 reused
CUDA Graph id 6642 reused
CUDA Graph id 6642 reused
CUDA Graph id 6642 reused
CUDA Graph id 6642 reused
CUDA Graph id 6642 reused
~llama_context:      CUDA0 compute buffer size is 304.0000 MiB, matches expectation of 304.0000 MiB
~llama_context:  CUDA_Host compute buffer size is  15.0137 MiB, matches expectation of  15.0137 MiB
llama_context: constructing llama_context
llama_context: n_seq_max     = 1
llama_context: n_ctx         = 1024
llama_context: n_ctx_seq     = 1024
llama_context: n_batch       = 805
llama_context: n_ubatch      = 512
llama_context: causal_attn   = 1
llama_context: flash_attn    = auto
llama_context: kv_unified    = false
llama_context: freq_base     = 1000000.0
llama_context: freq_scale    = 1
llama_context: n_rs_seq      = 0
llama_context: n_outputs_max = 805
llama_context: n_ctx_seq (1024) < n_ctx_train (32768) -- the full capacity of the model will not be utilized
set_abort_callback: call
llama_context:  CUDA_Host  output buffer size =     0.58 MiB
llama_kv_cache: layer   0: dev = CPU
llama_kv_cache: layer   1: dev = CPU
llama_kv_cache: layer   2: dev = CPU
llama_kv_cache: layer   3: dev = CUDA0
llama_kv_cache: layer   4: dev = CUDA0
llama_kv_cache: layer   5: dev = CUDA0
llama_kv_cache: layer   6: dev = CUDA0
llama_kv_cache: layer   7: dev = CUDA0
llama_kv_cache: layer   8: dev = CUDA0
llama_kv_cache: layer   9: dev = CUDA0
llama_kv_cache: layer  10: dev = CUDA0
llama_kv_cache: layer  11: dev = CUDA0
llama_kv_cache: layer  12: dev = CUDA0
llama_kv_cache: layer  13: dev = CUDA0
llama_kv_cache: layer  14: dev = CUDA0
llama_kv_cache: layer  15: dev = CUDA0
llama_kv_cache: layer  16: dev = CUDA0
llama_kv_cache: layer  17: dev = CUDA0
llama_kv_cache: layer  18: dev = CUDA0
llama_kv_cache: layer  19: dev = CUDA0
llama_kv_cache: layer  20: dev = CUDA0
llama_kv_cache: layer  21: dev = CUDA0
llama_kv_cache: layer  22: dev = CUDA0
llama_kv_cache: layer  23: dev = CUDA0
llama_kv_cache: layer  24: dev = CUDA0
llama_kv_cache: layer  25: dev = CUDA0
llama_kv_cache: layer  26: dev = CUDA0
llama_kv_cache: layer  27: dev = CUDA0
llama_kv_cache:        CPU KV buffer size =     6.00 MiB
llama_kv_cache:      CUDA0 KV buffer size =    50.00 MiB
llama_kv_cache: size =   56.00 MiB (  1024 cells,  28 layers,  1/1 seqs), K (f16):   28.00 MiB, V (f16):   28.00 MiB
llama_kv_cache: attn_rot_k = 0, n_embd_head_k_all = 128
llama_kv_cache: attn_rot_v = 0, n_embd_head_k_all = 128
llama_context: enumerating backends
llama_context: backend_ptrs.size() = 2
sched_reserve: reserving ...
sched_reserve: max_nodes = 2712
sched_reserve: reserving full memory module
sched_reserve: worst-case: n_tokens = 512, n_seqs = 1, n_outputs = 1
graph_reserve: reserving a graph for ubatch with n_tokens =    1, n_seqs =  1, n_outputs =    1
sched_reserve: Flash Attention was auto, set to enabled
sched_reserve: resolving fused Gated Delta Net support:
graph_reserve: reserving a graph for ubatch with n_tokens =    1, n_seqs =  1, n_outputs =    1
sched_reserve: fused Gated Delta Net (autoregressive) enabled
graph_reserve: reserving a graph for ubatch with n_tokens =   16, n_seqs =  1, n_outputs =   16
sched_reserve: fused Gated Delta Net (chunked) enabled
graph_reserve: reserving a graph for ubatch with n_tokens =  512, n_seqs =  1, n_outputs =  512
graph_reserve: reserving a graph for ubatch with n_tokens =    1, n_seqs =  1, n_outputs =    1
graph_reserve: reserving a graph for ubatch with n_tokens =  512, n_seqs =  1, n_outputs =  512
sched_reserve:      CUDA0 compute buffer size =   304.00 MiB
sched_reserve:  CUDA_Host compute buffer size =    15.01 MiB
sched_reserve: graph nodes  = 958
sched_reserve: graph splits = 44 (with bs=512), 2 (with bs=1)
sched_reserve: reserve took 13.23 ms, sched copies = 1
CUDA Graph id 6792 reused
ggml_backend_cuda_graph_compute: CUDA graph warmup complete
CUDA Graph id 6792 reused
CUDA Graph id 6792 reused
CUDA Graph id 6792 reused
CUDA Graph id 6792 reused
CUDA Graph id 6792 reused
CUDA Graph id 6792 reused
CUDA Graph id 6792 reused
CUDA Graph id 6792 reused
CUDA Graph id 6792 reused
CUDA Graph id 6792 reused
CUDA Graph id 6792 reused
CUDA Graph id 6792 reused
CUDA Graph id 6792 reused
CUDA Graph id 6792 reused
CUDA Graph id 6792 reused
CUDA Graph id 6792 reused
CUDA Graph id 6792 reused
CUDA Graph id 6792 reused
CUDA Graph id 6792 reused
CUDA Graph id 6792 reused
CUDA Graph id 6792 reused
CUDA Graph id 6792 reused
CUDA Graph id 6792 reused
CUDA Graph id 6792 reused
CUDA Graph id 6792 reused
CUDA Graph id 6792 reused
CUDA Graph id 6792 reused
CUDA Graph id 6792 reused
CUDA Graph id 6792 reused
CUDA Graph id 6792 reused
CUDA Graph id 6792 reused
CUDA Graph id 6792 reused
CUDA Graph id 6792 reused
CUDA Graph id 6792 reused
CUDA Graph id 6792 reused
CUDA Graph id 6792 reused
CUDA Graph id 6792 reused
CUDA Graph id 6792 reused
CUDA Graph id 6792 reused
CUDA Graph id 6792 reused
CUDA Graph id 6792 reused
CUDA Graph id 6792 reused
CUDA Graph id 6792 reused
CUDA Graph id 6792 reused
CUDA Graph id 6792 reused
CUDA Graph id 6792 reused
CUDA Graph id 6792 reused
CUDA Graph id 6792 reused
CUDA Graph id 6792 reused
CUDA Graph id 6792 reused
CUDA Graph id 6792 reused
CUDA Graph id 6792 reused
CUDA Graph id 6792 reused
CUDA Graph id 6792 reused
CUDA Graph id 6792 reused
CUDA Graph id 6792 reused
CUDA Graph id 6792 reused
CUDA Graph id 6792 reused
CUDA Graph id 6792 reused
CUDA Graph id 6792 reused
CUDA Graph id 6792 reused
CUDA Graph id 6792 reused
CUDA Graph id 6792 reused
CUDA Graph id 6792 reused
CUDA Graph id 6792 reused
~llama_context:      CUDA0 compute buffer size is 304.0000 MiB, matches expectation of 304.0000 MiB
~llama_context:  CUDA_Host compute buffer size is  15.0137 MiB, matches expectation of  15.0137 MiB
llama_context: constructing llama_context
llama_context: n_seq_max     = 1
llama_context: n_ctx         = 1024
llama_context: n_ctx_seq     = 1024
llama_context: n_batch       = 805
llama_context: n_ubatch      = 512
llama_context: causal_attn   = 1
llama_context: flash_attn    = auto
llama_context: kv_unified    = false
llama_context: freq_base     = 1000000.0
llama_context: freq_scale    = 1
llama_context: n_rs_seq      = 0
llama_context: n_outputs_max = 805
llama_context: n_ctx_seq (1024) < n_ctx_train (32768) -- the full capacity of the model will not be utilized
set_abort_callback: call
llama_context:  CUDA_Host  output buffer size =     0.58 MiB
llama_kv_cache: layer   0: dev = CPU
llama_kv_cache: layer   1: dev = CPU
llama_kv_cache: layer   2: dev = CPU
llama_kv_cache: layer   3: dev = CUDA0
llama_kv_cache: layer   4: dev = CUDA0
llama_kv_cache: layer   5: dev = CUDA0
llama_kv_cache: layer   6: dev = CUDA0
llama_kv_cache: layer   7: dev = CUDA0
llama_kv_cache: layer   8: dev = CUDA0
llama_kv_cache: layer   9: dev = CUDA0
llama_kv_cache: layer  10: dev = CUDA0
llama_kv_cache: layer  11: dev = CUDA0
llama_kv_cache: layer  12: dev = CUDA0
llama_kv_cache: layer  13: dev = CUDA0
llama_kv_cache: layer  14: dev = CUDA0
llama_kv_cache: layer  15: dev = CUDA0
llama_kv_cache: layer  16: dev = CUDA0
llama_kv_cache: layer  17: dev = CUDA0
llama_kv_cache: layer  18: dev = CUDA0
llama_kv_cache: layer  19: dev = CUDA0
llama_kv_cache: layer  20: dev = CUDA0
llama_kv_cache: layer  21: dev = CUDA0
llama_kv_cache: layer  22: dev = CUDA0
llama_kv_cache: layer  23: dev = CUDA0
llama_kv_cache: layer  24: dev = CUDA0
llama_kv_cache: layer  25: dev = CUDA0
llama_kv_cache: layer  26: dev = CUDA0
llama_kv_cache: layer  27: dev = CUDA0
llama_kv_cache:        CPU KV buffer size =     6.00 MiB
llama_kv_cache:      CUDA0 KV buffer size =    50.00 MiB
llama_kv_cache: size =   56.00 MiB (  1024 cells,  28 layers,  1/1 seqs), K (f16):   28.00 MiB, V (f16):   28.00 MiB
llama_kv_cache: attn_rot_k = 0, n_embd_head_k_all = 128
llama_kv_cache: attn_rot_v = 0, n_embd_head_k_all = 128
llama_context: enumerating backends
llama_context: backend_ptrs.size() = 2
sched_reserve: reserving ...
sched_reserve: max_nodes = 2712
sched_reserve: reserving full memory module
sched_reserve: worst-case: n_tokens = 512, n_seqs = 1, n_outputs = 1
graph_reserve: reserving a graph for ubatch with n_tokens =    1, n_seqs =  1, n_outputs =    1
sched_reserve: Flash Attention was auto, set to enabled
sched_reserve: resolving fused Gated Delta Net support:
graph_reserve: reserving a graph for ubatch with n_tokens =    1, n_seqs =  1, n_outputs =    1
sched_reserve: fused Gated Delta Net (autoregressive) enabled
graph_reserve: reserving a graph for ubatch with n_tokens =   16, n_seqs =  1, n_outputs =   16
sched_reserve: fused Gated Delta Net (chunked) enabled
graph_reserve: reserving a graph for ubatch with n_tokens =  512, n_seqs =  1, n_outputs =  512
graph_reserve: reserving a graph for ubatch with n_tokens =    1, n_seqs =  1, n_outputs =    1
graph_reserve: reserving a graph for ubatch with n_tokens =  512, n_seqs =  1, n_outputs =  512
sched_reserve:      CUDA0 compute buffer size =   304.00 MiB
sched_reserve:  CUDA_Host compute buffer size =    15.01 MiB
sched_reserve: graph nodes  = 958
sched_reserve: graph splits = 44 (with bs=512), 2 (with bs=1)
sched_reserve: reserve took 16.80 ms, sched copies = 1
CUDA Graph id 6942 reused
ggml_backend_cuda_graph_compute: CUDA graph warmup complete
CUDA Graph id 6942 reused
CUDA Graph id 6942 reused
CUDA Graph id 6942 reused
CUDA Graph id 6942 reused
CUDA Graph id 6942 reused
CUDA Graph id 6942 reused
CUDA Graph id 6942 reused
CUDA Graph id 6942 reused
CUDA Graph id 6942 reused
CUDA Graph id 6942 reused
CUDA Graph id 6942 reused
CUDA Graph id 6942 reused
CUDA Graph id 6942 reused
CUDA Graph id 6942 reused
CUDA Graph id 6942 reused
CUDA Graph id 6942 reused
CUDA Graph id 6942 reused
CUDA Graph id 6942 reused
CUDA Graph id 6942 reused
CUDA Graph id 6942 reused
CUDA Graph id 6942 reused
CUDA Graph id 6942 reused
CUDA Graph id 6942 reused
CUDA Graph id 6942 reused
CUDA Graph id 6942 reused
CUDA Graph id 6942 reused
CUDA Graph id 6942 reused
CUDA Graph id 6942 reused
CUDA Graph id 6942 reused
CUDA Graph id 6942 reused
CUDA Graph id 6942 reused
CUDA Graph id 6942 reused
CUDA Graph id 6942 reused
CUDA Graph id 6942 reused
CUDA Graph id 6942 reused
CUDA Graph id 6942 reused
CUDA Graph id 6942 reused
CUDA Graph id 6942 reused
CUDA Graph id 6942 reused
CUDA Graph id 6942 reused
CUDA Graph id 6942 reused
CUDA Graph id 6942 reused
CUDA Graph id 6942 reused
CUDA Graph id 6942 reused
CUDA Graph id 6942 reused
CUDA Graph id 6942 reused
CUDA Graph id 6942 reused
CUDA Graph id 6942 reused
CUDA Graph id 6942 reused
CUDA Graph id 6942 reused
CUDA Graph id 6942 reused
CUDA Graph id 6942 reused
CUDA Graph id 6942 reused
CUDA Graph id 6942 reused
CUDA Graph id 6942 reused
CUDA Graph id 6942 reused
CUDA Graph id 6942 reused
CUDA Graph id 6942 reused
CUDA Graph id 6942 reused
CUDA Graph id 6942 reused
~llama_context:      CUDA0 compute buffer size is 304.0000 MiB, matches expectation of 304.0000 MiB
~llama_context:  CUDA_Host compute buffer size is  15.0137 MiB, matches expectation of  15.0137 MiB
llama_context: constructing llama_context
llama_context: n_seq_max     = 1
llama_context: n_ctx         = 1024
llama_context: n_ctx_seq     = 1024
llama_context: n_batch       = 805
llama_context: n_ubatch      = 512
llama_context: causal_attn   = 1
llama_context: flash_attn    = auto
llama_context: kv_unified    = false
llama_context: freq_base     = 1000000.0
llama_context: freq_scale    = 1
llama_context: n_rs_seq      = 0
llama_context: n_outputs_max = 805
llama_context: n_ctx_seq (1024) < n_ctx_train (32768) -- the full capacity of the model will not be utilized
set_abort_callback: call
llama_context:  CUDA_Host  output buffer size =     0.58 MiB
llama_kv_cache: layer   0: dev = CPU
llama_kv_cache: layer   1: dev = CPU
llama_kv_cache: layer   2: dev = CPU
llama_kv_cache: layer   3: dev = CUDA0
llama_kv_cache: layer   4: dev = CUDA0
llama_kv_cache: layer   5: dev = CUDA0
llama_kv_cache: layer   6: dev = CUDA0
llama_kv_cache: layer   7: dev = CUDA0
llama_kv_cache: layer   8: dev = CUDA0
llama_kv_cache: layer   9: dev = CUDA0
llama_kv_cache: layer  10: dev = CUDA0
llama_kv_cache: layer  11: dev = CUDA0
llama_kv_cache: layer  12: dev = CUDA0
llama_kv_cache: layer  13: dev = CUDA0
llama_kv_cache: layer  14: dev = CUDA0
llama_kv_cache: layer  15: dev = CUDA0
llama_kv_cache: layer  16: dev = CUDA0
llama_kv_cache: layer  17: dev = CUDA0
llama_kv_cache: layer  18: dev = CUDA0
llama_kv_cache: layer  19: dev = CUDA0
llama_kv_cache: layer  20: dev = CUDA0
llama_kv_cache: layer  21: dev = CUDA0
llama_kv_cache: layer  22: dev = CUDA0
llama_kv_cache: layer  23: dev = CUDA0
llama_kv_cache: layer  24: dev = CUDA0
llama_kv_cache: layer  25: dev = CUDA0
llama_kv_cache: layer  26: dev = CUDA0
llama_kv_cache: layer  27: dev = CUDA0
llama_kv_cache:        CPU KV buffer size =     6.00 MiB
llama_kv_cache:      CUDA0 KV buffer size =    50.00 MiB
llama_kv_cache: size =   56.00 MiB (  1024 cells,  28 layers,  1/1 seqs), K (f16):   28.00 MiB, V (f16):   28.00 MiB
llama_kv_cache: attn_rot_k = 0, n_embd_head_k_all = 128
llama_kv_cache: attn_rot_v = 0, n_embd_head_k_all = 128
llama_context: enumerating backends
llama_context: backend_ptrs.size() = 2
sched_reserve: reserving ...
sched_reserve: max_nodes = 2712
sched_reserve: reserving full memory module
sched_reserve: worst-case: n_tokens = 512, n_seqs = 1, n_outputs = 1
graph_reserve: reserving a graph for ubatch with n_tokens =    1, n_seqs =  1, n_outputs =    1
sched_reserve: Flash Attention was auto, set to enabled
sched_reserve: resolving fused Gated Delta Net support:
graph_reserve: reserving a graph for ubatch with n_tokens =    1, n_seqs =  1, n_outputs =    1
sched_reserve: fused Gated Delta Net (autoregressive) enabled
graph_reserve: reserving a graph for ubatch with n_tokens =   16, n_seqs =  1, n_outputs =   16
sched_reserve: fused Gated Delta Net (chunked) enabled
graph_reserve: reserving a graph for ubatch with n_tokens =  512, n_seqs =  1, n_outputs =  512
graph_reserve: reserving a graph for ubatch with n_tokens =    1, n_seqs =  1, n_outputs =    1
graph_reserve: reserving a graph for ubatch with n_tokens =  512, n_seqs =  1, n_outputs =  512
sched_reserve:      CUDA0 compute buffer size =   304.00 MiB
sched_reserve:  CUDA_Host compute buffer size =    15.01 MiB
sched_reserve: graph nodes  = 958
sched_reserve: graph splits = 44 (with bs=512), 2 (with bs=1)
sched_reserve: reserve took 20.12 ms, sched copies = 1
CUDA Graph id 7092 reused
ggml_backend_cuda_graph_compute: CUDA graph warmup complete
CUDA Graph id 7092 reused
CUDA Graph id 7092 reused
CUDA Graph id 7092 reused
CUDA Graph id 7092 reused
CUDA Graph id 7092 reused
CUDA Graph id 7092 reused
CUDA Graph id 7092 reused
CUDA Graph id 7092 reused
CUDA Graph id 7092 reused
CUDA Graph id 7092 reused
CUDA Graph id 7092 reused
CUDA Graph id 7092 reused
CUDA Graph id 7092 reused
CUDA Graph id 7092 reused
CUDA Graph id 7092 reused
CUDA Graph id 7092 reused
CUDA Graph id 7092 reused
CUDA Graph id 7092 reused
CUDA Graph id 7092 reused
CUDA Graph id 7092 reused
CUDA Graph id 7092 reused
CUDA Graph id 7092 reused
CUDA Graph id 7092 reused
CUDA Graph id 7092 reused
CUDA Graph id 7092 reused
CUDA Graph id 7092 reused
CUDA Graph id 7092 reused
CUDA Graph id 7092 reused
CUDA Graph id 7092 reused
CUDA Graph id 7092 reused
CUDA Graph id 7092 reused
CUDA Graph id 7092 reused
CUDA Graph id 7092 reused
CUDA Graph id 7092 reused
CUDA Graph id 7092 reused
CUDA Graph id 7092 reused
CUDA Graph id 7092 reused
CUDA Graph id 7092 reused
CUDA Graph id 7092 reused
CUDA Graph id 7092 reused
CUDA Graph id 7092 reused
CUDA Graph id 7092 reused
CUDA Graph id 7092 reused
CUDA Graph id 7092 reused
~llama_context:      CUDA0 compute buffer size is 304.0000 MiB, matches expectation of 304.0000 MiB
~llama_context:  CUDA_Host compute buffer size is  15.0137 MiB, matches expectation of  15.0137 MiB
llama_context: constructing llama_context
llama_context: n_seq_max     = 1
llama_context: n_ctx         = 1024
llama_context: n_ctx_seq     = 1024
llama_context: n_batch       = 805
llama_context: n_ubatch      = 512
llama_context: causal_attn   = 1
llama_context: flash_attn    = auto
llama_context: kv_unified    = false
llama_context: freq_base     = 1000000.0
llama_context: freq_scale    = 1
llama_context: n_rs_seq      = 0
llama_context: n_outputs_max = 805
llama_context: n_ctx_seq (1024) < n_ctx_train (32768) -- the full capacity of the model will not be utilized
set_abort_callback: call
llama_context:  CUDA_Host  output buffer size =     0.58 MiB
llama_kv_cache: layer   0: dev = CPU
llama_kv_cache: layer   1: dev = CPU
llama_kv_cache: layer   2: dev = CPU
llama_kv_cache: layer   3: dev = CUDA0
llama_kv_cache: layer   4: dev = CUDA0
llama_kv_cache: layer   5: dev = CUDA0
llama_kv_cache: layer   6: dev = CUDA0
llama_kv_cache: layer   7: dev = CUDA0
llama_kv_cache: layer   8: dev = CUDA0
llama_kv_cache: layer   9: dev = CUDA0
llama_kv_cache: layer  10: dev = CUDA0
llama_kv_cache: layer  11: dev = CUDA0
llama_kv_cache: layer  12: dev = CUDA0
llama_kv_cache: layer  13: dev = CUDA0
llama_kv_cache: layer  14: dev = CUDA0
llama_kv_cache: layer  15: dev = CUDA0
llama_kv_cache: layer  16: dev = CUDA0
llama_kv_cache: layer  17: dev = CUDA0
llama_kv_cache: layer  18: dev = CUDA0
llama_kv_cache: layer  19: dev = CUDA0
llama_kv_cache: layer  20: dev = CUDA0
llama_kv_cache: layer  21: dev = CUDA0
llama_kv_cache: layer  22: dev = CUDA0
llama_kv_cache: layer  23: dev = CUDA0
llama_kv_cache: layer  24: dev = CUDA0
llama_kv_cache: layer  25: dev = CUDA0
llama_kv_cache: layer  26: dev = CUDA0
llama_kv_cache: layer  27: dev = CUDA0
llama_kv_cache:        CPU KV buffer size =     6.00 MiB
llama_kv_cache:      CUDA0 KV buffer size =    50.00 MiB
llama_kv_cache: size =   56.00 MiB (  1024 cells,  28 layers,  1/1 seqs), K (f16):   28.00 MiB, V (f16):   28.00 MiB
llama_kv_cache: attn_rot_k = 0, n_embd_head_k_all = 128
llama_kv_cache: attn_rot_v = 0, n_embd_head_k_all = 128
llama_context: enumerating backends
llama_context: backend_ptrs.size() = 2
sched_reserve: reserving ...
sched_reserve: max_nodes = 2712
sched_reserve: reserving full memory module
sched_reserve: worst-case: n_tokens = 512, n_seqs = 1, n_outputs = 1
graph_reserve: reserving a graph for ubatch with n_tokens =    1, n_seqs =  1, n_outputs =    1
sched_reserve: Flash Attention was auto, set to enabled
sched_reserve: resolving fused Gated Delta Net support:
graph_reserve: reserving a graph for ubatch with n_tokens =    1, n_seqs =  1, n_outputs =    1
sched_reserve: fused Gated Delta Net (autoregressive) enabled
graph_reserve: reserving a graph for ubatch with n_tokens =   16, n_seqs =  1, n_outputs =   16
sched_reserve: fused Gated Delta Net (chunked) enabled
graph_reserve: reserving a graph for ubatch with n_tokens =  512, n_seqs =  1, n_outputs =  512
graph_reserve: reserving a graph for ubatch with n_tokens =    1, n_seqs =  1, n_outputs =    1
graph_reserve: reserving a graph for ubatch with n_tokens =  512, n_seqs =  1, n_outputs =  512
sched_reserve:      CUDA0 compute buffer size =   304.00 MiB
sched_reserve:  CUDA_Host compute buffer size =    15.01 MiB
sched_reserve: graph nodes  = 958
sched_reserve: graph splits = 44 (with bs=512), 2 (with bs=1)
sched_reserve: reserve took 20.17 ms, sched copies = 1
CUDA Graph id 7242 reused
ggml_backend_cuda_graph_compute: CUDA graph warmup complete
CUDA Graph id 7242 reused
CUDA Graph id 7242 reused
CUDA Graph id 7242 reused
CUDA Graph id 7242 reused
CUDA Graph id 7242 reused
CUDA Graph id 7242 reused
CUDA Graph id 7242 reused
CUDA Graph id 7242 reused
CUDA Graph id 7242 reused
CUDA Graph id 7242 reused
CUDA Graph id 7242 reused
CUDA Graph id 7242 reused
CUDA Graph id 7242 reused
CUDA Graph id 7242 reused
CUDA Graph id 7242 reused
CUDA Graph id 7242 reused
CUDA Graph id 7242 reused
CUDA Graph id 7242 reused
CUDA Graph id 7242 reused
CUDA Graph id 7242 reused
CUDA Graph id 7242 reused
CUDA Graph id 7242 reused
CUDA Graph id 7242 reused
CUDA Graph id 7242 reused
CUDA Graph id 7242 reused
CUDA Graph id 7242 reused
CUDA Graph id 7242 reused
CUDA Graph id 7242 reused
CUDA Graph id 7242 reused
CUDA Graph id 7242 reused
CUDA Graph id 7242 reused
CUDA Graph id 7242 reused
CUDA Graph id 7242 reused
CUDA Graph id 7242 reused
CUDA Graph id 7242 reused
CUDA Graph id 7242 reused
CUDA Graph id 7242 reused
CUDA Graph id 7242 reused
CUDA Graph id 7242 reused
CUDA Graph id 7242 reused
CUDA Graph id 7242 reused
CUDA Graph id 7242 reused
CUDA Graph id 7242 reused
CUDA Graph id 7242 reused
CUDA Graph id 7242 reused
CUDA Graph id 7242 reused
CUDA Graph id 7242 reused
CUDA Graph id 7242 reused
CUDA Graph id 7242 reused
CUDA Graph id 7242 reused
CUDA Graph id 7242 reused
CUDA Graph id 7242 reused
CUDA Graph id 7242 reused
CUDA Graph id 7242 reused
CUDA Graph id 7242 reused
CUDA Graph id 7242 reused
~llama_context:      CUDA0 compute buffer size is 304.0000 MiB, matches expectation of 304.0000 MiB
~llama_context:  CUDA_Host compute buffer size is  15.0137 MiB, matches expectation of  15.0137 MiB
schema 8/25 done
llama_context: constructing llama_context
llama_context: n_seq_max     = 1
llama_context: n_ctx         = 768
llama_context: n_ctx_seq     = 768
llama_context: n_batch       = 730
llama_context: n_ubatch      = 512
llama_context: causal_attn   = 1
llama_context: flash_attn    = auto
llama_context: kv_unified    = false
llama_context: freq_base     = 1000000.0
llama_context: freq_scale    = 1
llama_context: n_rs_seq      = 0
llama_context: n_outputs_max = 730
llama_context: n_ctx_seq (768) < n_ctx_train (32768) -- the full capacity of the model will not be utilized
set_abort_callback: call
llama_context:  CUDA_Host  output buffer size =     0.58 MiB
llama_kv_cache: layer   0: dev = CPU
llama_kv_cache: layer   1: dev = CPU
llama_kv_cache: layer   2: dev = CPU
llama_kv_cache: layer   3: dev = CUDA0
llama_kv_cache: layer   4: dev = CUDA0
llama_kv_cache: layer   5: dev = CUDA0
llama_kv_cache: layer   6: dev = CUDA0
llama_kv_cache: layer   7: dev = CUDA0
llama_kv_cache: layer   8: dev = CUDA0
llama_kv_cache: layer   9: dev = CUDA0
llama_kv_cache: layer  10: dev = CUDA0
llama_kv_cache: layer  11: dev = CUDA0
llama_kv_cache: layer  12: dev = CUDA0
llama_kv_cache: layer  13: dev = CUDA0
llama_kv_cache: layer  14: dev = CUDA0
llama_kv_cache: layer  15: dev = CUDA0
llama_kv_cache: layer  16: dev = CUDA0
llama_kv_cache: layer  17: dev = CUDA0
llama_kv_cache: layer  18: dev = CUDA0
llama_kv_cache: layer  19: dev = CUDA0
llama_kv_cache: layer  20: dev = CUDA0
llama_kv_cache: layer  21: dev = CUDA0
llama_kv_cache: layer  22: dev = CUDA0
llama_kv_cache: layer  23: dev = CUDA0
llama_kv_cache: layer  24: dev = CUDA0
llama_kv_cache: layer  25: dev = CUDA0
llama_kv_cache: layer  26: dev = CUDA0
llama_kv_cache: layer  27: dev = CUDA0
llama_kv_cache:        CPU KV buffer size =     4.50 MiB
llama_kv_cache:      CUDA0 KV buffer size =    37.50 MiB
llama_kv_cache: size =   42.00 MiB (   768 cells,  28 layers,  1/1 seqs), K (f16):   21.00 MiB, V (f16):   21.00 MiB
llama_kv_cache: attn_rot_k = 0, n_embd_head_k_all = 128
llama_kv_cache: attn_rot_v = 0, n_embd_head_k_all = 128
llama_context: enumerating backends
llama_context: backend_ptrs.size() = 2
sched_reserve: reserving ...
sched_reserve: max_nodes = 2712
sched_reserve: reserving full memory module
sched_reserve: worst-case: n_tokens = 512, n_seqs = 1, n_outputs = 1
graph_reserve: reserving a graph for ubatch with n_tokens =    1, n_seqs =  1, n_outputs =    1
sched_reserve: Flash Attention was auto, set to enabled
sched_reserve: resolving fused Gated Delta Net support:
graph_reserve: reserving a graph for ubatch with n_tokens =    1, n_seqs =  1, n_outputs =    1
sched_reserve: fused Gated Delta Net (autoregressive) enabled
graph_reserve: reserving a graph for ubatch with n_tokens =   16, n_seqs =  1, n_outputs =   16
sched_reserve: fused Gated Delta Net (chunked) enabled
graph_reserve: reserving a graph for ubatch with n_tokens =  512, n_seqs =  1, n_outputs =  512
graph_reserve: reserving a graph for ubatch with n_tokens =    1, n_seqs =  1, n_outputs =    1
graph_reserve: reserving a graph for ubatch with n_tokens =  512, n_seqs =  1, n_outputs =  512
sched_reserve:      CUDA0 compute buffer size =   304.00 MiB
sched_reserve:  CUDA_Host compute buffer size =    14.76 MiB
sched_reserve: graph nodes  = 958
sched_reserve: graph splits = 44 (with bs=512), 2 (with bs=1)
sched_reserve: reserve took 19.67 ms, sched copies = 1
CUDA Graph id 7392 reused
ggml_backend_cuda_graph_compute: CUDA graph warmup complete
CUDA Graph id 7392 reused
CUDA Graph id 7392 reused
CUDA Graph id 7392 reused
CUDA Graph id 7392 reused
CUDA Graph id 7392 reused
CUDA Graph id 7392 reused
CUDA Graph id 7392 reused
CUDA Graph id 7392 reused
CUDA Graph id 7392 reused
CUDA Graph id 7392 reused
CUDA Graph id 7392 reused
CUDA Graph id 7392 reused
CUDA Graph id 7392 reused
CUDA Graph id 7392 reused
CUDA Graph id 7392 reused
CUDA Graph id 7392 reused
~llama_context:      CUDA0 compute buffer size is 304.0000 MiB, matches expectation of 304.0000 MiB
~llama_context:  CUDA_Host compute buffer size is  14.7637 MiB, matches expectation of  14.7637 MiB
llama_context: constructing llama_context
llama_context: n_seq_max     = 1
llama_context: n_ctx         = 768
llama_context: n_ctx_seq     = 768
llama_context: n_batch       = 730
llama_context: n_ubatch      = 512
llama_context: causal_attn   = 1
llama_context: flash_attn    = auto
llama_context: kv_unified    = false
llama_context: freq_base     = 1000000.0
llama_context: freq_scale    = 1
llama_context: n_rs_seq      = 0
llama_context: n_outputs_max = 730
llama_context: n_ctx_seq (768) < n_ctx_train (32768) -- the full capacity of the model will not be utilized
set_abort_callback: call
llama_context:  CUDA_Host  output buffer size =     0.58 MiB
llama_kv_cache: layer   0: dev = CPU
llama_kv_cache: layer   1: dev = CPU
llama_kv_cache: layer   2: dev = CPU
llama_kv_cache: layer   3: dev = CUDA0
llama_kv_cache: layer   4: dev = CUDA0
llama_kv_cache: layer   5: dev = CUDA0
llama_kv_cache: layer   6: dev = CUDA0
llama_kv_cache: layer   7: dev = CUDA0
llama_kv_cache: layer   8: dev = CUDA0
llama_kv_cache: layer   9: dev = CUDA0
llama_kv_cache: layer  10: dev = CUDA0
llama_kv_cache: layer  11: dev = CUDA0
llama_kv_cache: layer  12: dev = CUDA0
llama_kv_cache: layer  13: dev = CUDA0
llama_kv_cache: layer  14: dev = CUDA0
llama_kv_cache: layer  15: dev = CUDA0
llama_kv_cache: layer  16: dev = CUDA0
llama_kv_cache: layer  17: dev = CUDA0
llama_kv_cache: layer  18: dev = CUDA0
llama_kv_cache: layer  19: dev = CUDA0
llama_kv_cache: layer  20: dev = CUDA0
llama_kv_cache: layer  21: dev = CUDA0
llama_kv_cache: layer  22: dev = CUDA0
llama_kv_cache: layer  23: dev = CUDA0
llama_kv_cache: layer  24: dev = CUDA0
llama_kv_cache: layer  25: dev = CUDA0
llama_kv_cache: layer  26: dev = CUDA0
llama_kv_cache: layer  27: dev = CUDA0
llama_kv_cache:        CPU KV buffer size =     4.50 MiB
llama_kv_cache:      CUDA0 KV buffer size =    37.50 MiB
llama_kv_cache: size =   42.00 MiB (   768 cells,  28 layers,  1/1 seqs), K (f16):   21.00 MiB, V (f16):   21.00 MiB
llama_kv_cache: attn_rot_k = 0, n_embd_head_k_all = 128
llama_kv_cache: attn_rot_v = 0, n_embd_head_k_all = 128
llama_context: enumerating backends
llama_context: backend_ptrs.size() = 2
sched_reserve: reserving ...
sched_reserve: max_nodes = 2712
sched_reserve: reserving full memory module
sched_reserve: worst-case: n_tokens = 512, n_seqs = 1, n_outputs = 1
graph_reserve: reserving a graph for ubatch with n_tokens =    1, n_seqs =  1, n_outputs =    1
sched_reserve: Flash Attention was auto, set to enabled
sched_reserve: resolving fused Gated Delta Net support:
graph_reserve: reserving a graph for ubatch with n_tokens =    1, n_seqs =  1, n_outputs =    1
sched_reserve: fused Gated Delta Net (autoregressive) enabled
graph_reserve: reserving a graph for ubatch with n_tokens =   16, n_seqs =  1, n_outputs =   16
sched_reserve: fused Gated Delta Net (chunked) enabled
graph_reserve: reserving a graph for ubatch with n_tokens =  512, n_seqs =  1, n_outputs =  512
graph_reserve: reserving a graph for ubatch with n_tokens =    1, n_seqs =  1, n_outputs =    1
graph_reserve: reserving a graph for ubatch with n_tokens =  512, n_seqs =  1, n_outputs =  512
sched_reserve:      CUDA0 compute buffer size =   304.00 MiB
sched_reserve:  CUDA_Host compute buffer size =    14.76 MiB
sched_reserve: graph nodes  = 958
sched_reserve: graph splits = 44 (with bs=512), 2 (with bs=1)
sched_reserve: reserve took 29.56 ms, sched copies = 1
CUDA Graph id 7542 reused
ggml_backend_cuda_graph_compute: CUDA graph warmup complete
CUDA Graph id 7542 reused
CUDA Graph id 7542 reused
CUDA Graph id 7542 reused
CUDA Graph id 7542 reused
CUDA Graph id 7542 reused
CUDA Graph id 7542 reused
CUDA Graph id 7542 reused
CUDA Graph id 7542 reused
CUDA Graph id 7542 reused
CUDA Graph id 7542 reused
CUDA Graph id 7542 reused
CUDA Graph id 7542 reused
CUDA Graph id 7542 reused
CUDA Graph id 7542 reused
CUDA Graph id 7542 reused
CUDA Graph id 7542 reused
~llama_context:      CUDA0 compute buffer size is 304.0000 MiB, matches expectation of 304.0000 MiB
~llama_context:  CUDA_Host compute buffer size is  14.7637 MiB, matches expectation of  14.7637 MiB
llama_context: constructing llama_context
llama_context: n_seq_max     = 1
llama_context: n_ctx         = 768
llama_context: n_ctx_seq     = 768
llama_context: n_batch       = 730
llama_context: n_ubatch      = 512
llama_context: causal_attn   = 1
llama_context: flash_attn    = auto
llama_context: kv_unified    = false
llama_context: freq_base     = 1000000.0
llama_context: freq_scale    = 1
llama_context: n_rs_seq      = 0
llama_context: n_outputs_max = 730
llama_context: n_ctx_seq (768) < n_ctx_train (32768) -- the full capacity of the model will not be utilized
set_abort_callback: call
llama_context:  CUDA_Host  output buffer size =     0.58 MiB
llama_kv_cache: layer   0: dev = CPU
llama_kv_cache: layer   1: dev = CPU
llama_kv_cache: layer   2: dev = CPU
llama_kv_cache: layer   3: dev = CUDA0
llama_kv_cache: layer   4: dev = CUDA0
llama_kv_cache: layer   5: dev = CUDA0
llama_kv_cache: layer   6: dev = CUDA0
llama_kv_cache: layer   7: dev = CUDA0
llama_kv_cache: layer   8: dev = CUDA0
llama_kv_cache: layer   9: dev = CUDA0
llama_kv_cache: layer  10: dev = CUDA0
llama_kv_cache: layer  11: dev = CUDA0
llama_kv_cache: layer  12: dev = CUDA0
llama_kv_cache: layer  13: dev = CUDA0
llama_kv_cache: layer  14: dev = CUDA0
llama_kv_cache: layer  15: dev = CUDA0
llama_kv_cache: layer  16: dev = CUDA0
llama_kv_cache: layer  17: dev = CUDA0
llama_kv_cache: layer  18: dev = CUDA0
llama_kv_cache: layer  19: dev = CUDA0
llama_kv_cache: layer  20: dev = CUDA0
llama_kv_cache: layer  21: dev = CUDA0
llama_kv_cache: layer  22: dev = CUDA0
llama_kv_cache: layer  23: dev = CUDA0
llama_kv_cache: layer  24: dev = CUDA0
llama_kv_cache: layer  25: dev = CUDA0
llama_kv_cache: layer  26: dev = CUDA0
llama_kv_cache: layer  27: dev = CUDA0
llama_kv_cache:        CPU KV buffer size =     4.50 MiB
llama_kv_cache:      CUDA0 KV buffer size =    37.50 MiB
llama_kv_cache: size =   42.00 MiB (   768 cells,  28 layers,  1/1 seqs), K (f16):   21.00 MiB, V (f16):   21.00 MiB
llama_kv_cache: attn_rot_k = 0, n_embd_head_k_all = 128
llama_kv_cache: attn_rot_v = 0, n_embd_head_k_all = 128
llama_context: enumerating backends
llama_context: backend_ptrs.size() = 2
sched_reserve: reserving ...
sched_reserve: max_nodes = 2712
sched_reserve: reserving full memory module
sched_reserve: worst-case: n_tokens = 512, n_seqs = 1, n_outputs = 1
graph_reserve: reserving a graph for ubatch with n_tokens =    1, n_seqs =  1, n_outputs =    1
sched_reserve: Flash Attention was auto, set to enabled
sched_reserve: resolving fused Gated Delta Net support:
graph_reserve: reserving a graph for ubatch with n_tokens =    1, n_seqs =  1, n_outputs =    1
sched_reserve: fused Gated Delta Net (autoregressive) enabled
graph_reserve: reserving a graph for ubatch with n_tokens =   16, n_seqs =  1, n_outputs =   16
sched_reserve: fused Gated Delta Net (chunked) enabled
graph_reserve: reserving a graph for ubatch with n_tokens =  512, n_seqs =  1, n_outputs =  512
graph_reserve: reserving a graph for ubatch with n_tokens =    1, n_seqs =  1, n_outputs =    1
graph_reserve: reserving a graph for ubatch with n_tokens =  512, n_seqs =  1, n_outputs =  512
sched_reserve:      CUDA0 compute buffer size =   304.00 MiB
sched_reserve:  CUDA_Host compute buffer size =    14.76 MiB
sched_reserve: graph nodes  = 958
sched_reserve: graph splits = 44 (with bs=512), 2 (with bs=1)
sched_reserve: reserve took 12.83 ms, sched copies = 1
CUDA Graph id 7692 reused
ggml_backend_cuda_graph_compute: CUDA graph warmup complete
CUDA Graph id 7692 reused
CUDA Graph id 7692 reused
CUDA Graph id 7692 reused
CUDA Graph id 7692 reused
CUDA Graph id 7692 reused
CUDA Graph id 7692 reused
CUDA Graph id 7692 reused
CUDA Graph id 7692 reused
CUDA Graph id 7692 reused
~llama_context:      CUDA0 compute buffer size is 304.0000 MiB, matches expectation of 304.0000 MiB
~llama_context:  CUDA_Host compute buffer size is  14.7637 MiB, matches expectation of  14.7637 MiB
llama_context: constructing llama_context
llama_context: n_seq_max     = 1
llama_context: n_ctx         = 768
llama_context: n_ctx_seq     = 768
llama_context: n_batch       = 730
llama_context: n_ubatch      = 512
llama_context: causal_attn   = 1
llama_context: flash_attn    = auto
llama_context: kv_unified    = false
llama_context: freq_base     = 1000000.0
llama_context: freq_scale    = 1
llama_context: n_rs_seq      = 0
llama_context: n_outputs_max = 730
llama_context: n_ctx_seq (768) < n_ctx_train (32768) -- the full capacity of the model will not be utilized
set_abort_callback: call
llama_context:  CUDA_Host  output buffer size =     0.58 MiB
llama_kv_cache: layer   0: dev = CPU
llama_kv_cache: layer   1: dev = CPU
llama_kv_cache: layer   2: dev = CPU
llama_kv_cache: layer   3: dev = CUDA0
llama_kv_cache: layer   4: dev = CUDA0
llama_kv_cache: layer   5: dev = CUDA0
llama_kv_cache: layer   6: dev = CUDA0
llama_kv_cache: layer   7: dev = CUDA0
llama_kv_cache: layer   8: dev = CUDA0
llama_kv_cache: layer   9: dev = CUDA0
llama_kv_cache: layer  10: dev = CUDA0
llama_kv_cache: layer  11: dev = CUDA0
llama_kv_cache: layer  12: dev = CUDA0
llama_kv_cache: layer  13: dev = CUDA0
llama_kv_cache: layer  14: dev = CUDA0
llama_kv_cache: layer  15: dev = CUDA0
llama_kv_cache: layer  16: dev = CUDA0
llama_kv_cache: layer  17: dev = CUDA0
llama_kv_cache: layer  18: dev = CUDA0
llama_kv_cache: layer  19: dev = CUDA0
llama_kv_cache: layer  20: dev = CUDA0
llama_kv_cache: layer  21: dev = CUDA0
llama_kv_cache: layer  22: dev = CUDA0
llama_kv_cache: layer  23: dev = CUDA0
llama_kv_cache: layer  24: dev = CUDA0
llama_kv_cache: layer  25: dev = CUDA0
llama_kv_cache: layer  26: dev = CUDA0
llama_kv_cache: layer  27: dev = CUDA0
llama_kv_cache:        CPU KV buffer size =     4.50 MiB
llama_kv_cache:      CUDA0 KV buffer size =    37.50 MiB
llama_kv_cache: size =   42.00 MiB (   768 cells,  28 layers,  1/1 seqs), K (f16):   21.00 MiB, V (f16):   21.00 MiB
llama_kv_cache: attn_rot_k = 0, n_embd_head_k_all = 128
llama_kv_cache: attn_rot_v = 0, n_embd_head_k_all = 128
llama_context: enumerating backends
llama_context: backend_ptrs.size() = 2
sched_reserve: reserving ...
sched_reserve: max_nodes = 2712
sched_reserve: reserving full memory module
sched_reserve: worst-case: n_tokens = 512, n_seqs = 1, n_outputs = 1
graph_reserve: reserving a graph for ubatch with n_tokens =    1, n_seqs =  1, n_outputs =    1
sched_reserve: Flash Attention was auto, set to enabled
sched_reserve: resolving fused Gated Delta Net support:
graph_reserve: reserving a graph for ubatch with n_tokens =    1, n_seqs =  1, n_outputs =    1
sched_reserve: fused Gated Delta Net (autoregressive) enabled
graph_reserve: reserving a graph for ubatch with n_tokens =   16, n_seqs =  1, n_outputs =   16
sched_reserve: fused Gated Delta Net (chunked) enabled
graph_reserve: reserving a graph for ubatch with n_tokens =  512, n_seqs =  1, n_outputs =  512
graph_reserve: reserving a graph for ubatch with n_tokens =    1, n_seqs =  1, n_outputs =    1
graph_reserve: reserving a graph for ubatch with n_tokens =  512, n_seqs =  1, n_outputs =  512
sched_reserve:      CUDA0 compute buffer size =   304.00 MiB
sched_reserve:  CUDA_Host compute buffer size =    14.76 MiB
sched_reserve: graph nodes  = 958
sched_reserve: graph splits = 44 (with bs=512), 2 (with bs=1)
sched_reserve: reserve took 15.30 ms, sched copies = 1
CUDA Graph id 7842 reused
ggml_backend_cuda_graph_compute: CUDA graph warmup complete
CUDA Graph id 7842 reused
CUDA Graph id 7842 reused
CUDA Graph id 7842 reused
CUDA Graph id 7842 reused
CUDA Graph id 7842 reused
CUDA Graph id 7842 reused
CUDA Graph id 7842 reused
CUDA Graph id 7842 reused
CUDA Graph id 7842 reused
CUDA Graph id 7842 reused
CUDA Graph id 7842 reused
CUDA Graph id 7842 reused
CUDA Graph id 7842 reused
CUDA Graph id 7842 reused
CUDA Graph id 7842 reused
CUDA Graph id 7842 reused
~llama_context:      CUDA0 compute buffer size is 304.0000 MiB, matches expectation of 304.0000 MiB
~llama_context:  CUDA_Host compute buffer size is  14.7637 MiB, matches expectation of  14.7637 MiB
llama_context: constructing llama_context
llama_context: n_seq_max     = 1
llama_context: n_ctx         = 768
llama_context: n_ctx_seq     = 768
llama_context: n_batch       = 730
llama_context: n_ubatch      = 512
llama_context: causal_attn   = 1
llama_context: flash_attn    = auto
llama_context: kv_unified    = false
llama_context: freq_base     = 1000000.0
llama_context: freq_scale    = 1
llama_context: n_rs_seq      = 0
llama_context: n_outputs_max = 730
llama_context: n_ctx_seq (768) < n_ctx_train (32768) -- the full capacity of the model will not be utilized
set_abort_callback: call
llama_context:  CUDA_Host  output buffer size =     0.58 MiB
llama_kv_cache: layer   0: dev = CPU
llama_kv_cache: layer   1: dev = CPU
llama_kv_cache: layer   2: dev = CPU
llama_kv_cache: layer   3: dev = CUDA0
llama_kv_cache: layer   4: dev = CUDA0
llama_kv_cache: layer   5: dev = CUDA0
llama_kv_cache: layer   6: dev = CUDA0
llama_kv_cache: layer   7: dev = CUDA0
llama_kv_cache: layer   8: dev = CUDA0
llama_kv_cache: layer   9: dev = CUDA0
llama_kv_cache: layer  10: dev = CUDA0
llama_kv_cache: layer  11: dev = CUDA0
llama_kv_cache: layer  12: dev = CUDA0
llama_kv_cache: layer  13: dev = CUDA0
llama_kv_cache: layer  14: dev = CUDA0
llama_kv_cache: layer  15: dev = CUDA0
llama_kv_cache: layer  16: dev = CUDA0
llama_kv_cache: layer  17: dev = CUDA0
llama_kv_cache: layer  18: dev = CUDA0
llama_kv_cache: layer  19: dev = CUDA0
llama_kv_cache: layer  20: dev = CUDA0
llama_kv_cache: layer  21: dev = CUDA0
llama_kv_cache: layer  22: dev = CUDA0
llama_kv_cache: layer  23: dev = CUDA0
llama_kv_cache: layer  24: dev = CUDA0
llama_kv_cache: layer  25: dev = CUDA0
llama_kv_cache: layer  26: dev = CUDA0
llama_kv_cache: layer  27: dev = CUDA0
llama_kv_cache:        CPU KV buffer size =     4.50 MiB
llama_kv_cache:      CUDA0 KV buffer size =    37.50 MiB
llama_kv_cache: size =   42.00 MiB (   768 cells,  28 layers,  1/1 seqs), K (f16):   21.00 MiB, V (f16):   21.00 MiB
llama_kv_cache: attn_rot_k = 0, n_embd_head_k_all = 128
llama_kv_cache: attn_rot_v = 0, n_embd_head_k_all = 128
llama_context: enumerating backends
llama_context: backend_ptrs.size() = 2
sched_reserve: reserving ...
sched_reserve: max_nodes = 2712
sched_reserve: reserving full memory module
sched_reserve: worst-case: n_tokens = 512, n_seqs = 1, n_outputs = 1
graph_reserve: reserving a graph for ubatch with n_tokens =    1, n_seqs =  1, n_outputs =    1
sched_reserve: Flash Attention was auto, set to enabled
sched_reserve: resolving fused Gated Delta Net support:
graph_reserve: reserving a graph for ubatch with n_tokens =    1, n_seqs =  1, n_outputs =    1
sched_reserve: fused Gated Delta Net (autoregressive) enabled
graph_reserve: reserving a graph for ubatch with n_tokens =   16, n_seqs =  1, n_outputs =   16
sched_reserve: fused Gated Delta Net (chunked) enabled
graph_reserve: reserving a graph for ubatch with n_tokens =  512, n_seqs =  1, n_outputs =  512
graph_reserve: reserving a graph for ubatch with n_tokens =    1, n_seqs =  1, n_outputs =    1
graph_reserve: reserving a graph for ubatch with n_tokens =  512, n_seqs =  1, n_outputs =  512
sched_reserve:      CUDA0 compute buffer size =   304.00 MiB
sched_reserve:  CUDA_Host compute buffer size =    14.76 MiB
sched_reserve: graph nodes  = 958
sched_reserve: graph splits = 44 (with bs=512), 2 (with bs=1)
sched_reserve: reserve took 17.95 ms, sched copies = 1
CUDA Graph id 7992 reused
ggml_backend_cuda_graph_compute: CUDA graph warmup complete
CUDA Graph id 7992 reused
CUDA Graph id 7992 reused
CUDA Graph id 7992 reused
CUDA Graph id 7992 reused
CUDA Graph id 7992 reused
CUDA Graph id 7992 reused
CUDA Graph id 7992 reused
CUDA Graph id 7992 reused
CUDA Graph id 7992 reused
~llama_context:      CUDA0 compute buffer size is 304.0000 MiB, matches expectation of 304.0000 MiB
~llama_context:  CUDA_Host compute buffer size is  14.7637 MiB, matches expectation of  14.7637 MiB
llama_context: constructing llama_context
llama_context: n_seq_max     = 1
llama_context: n_ctx         = 768
llama_context: n_ctx_seq     = 768
llama_context: n_batch       = 730
llama_context: n_ubatch      = 512
llama_context: causal_attn   = 1
llama_context: flash_attn    = auto
llama_context: kv_unified    = false
llama_context: freq_base     = 1000000.0
llama_context: freq_scale    = 1
llama_context: n_rs_seq      = 0
llama_context: n_outputs_max = 730
llama_context: n_ctx_seq (768) < n_ctx_train (32768) -- the full capacity of the model will not be utilized
set_abort_callback: call
llama_context:  CUDA_Host  output buffer size =     0.58 MiB
llama_kv_cache: layer   0: dev = CPU
llama_kv_cache: layer   1: dev = CPU
llama_kv_cache: layer   2: dev = CPU
llama_kv_cache: layer   3: dev = CUDA0
llama_kv_cache: layer   4: dev = CUDA0
llama_kv_cache: layer   5: dev = CUDA0
llama_kv_cache: layer   6: dev = CUDA0
llama_kv_cache: layer   7: dev = CUDA0
llama_kv_cache: layer   8: dev = CUDA0
llama_kv_cache: layer   9: dev = CUDA0
llama_kv_cache: layer  10: dev = CUDA0
llama_kv_cache: layer  11: dev = CUDA0
llama_kv_cache: layer  12: dev = CUDA0
llama_kv_cache: layer  13: dev = CUDA0
llama_kv_cache: layer  14: dev = CUDA0
llama_kv_cache: layer  15: dev = CUDA0
llama_kv_cache: layer  16: dev = CUDA0
llama_kv_cache: layer  17: dev = CUDA0
llama_kv_cache: layer  18: dev = CUDA0
llama_kv_cache: layer  19: dev = CUDA0
llama_kv_cache: layer  20: dev = CUDA0
llama_kv_cache: layer  21: dev = CUDA0
llama_kv_cache: layer  22: dev = CUDA0
llama_kv_cache: layer  23: dev = CUDA0
llama_kv_cache: layer  24: dev = CUDA0
llama_kv_cache: layer  25: dev = CUDA0
llama_kv_cache: layer  26: dev = CUDA0
llama_kv_cache: layer  27: dev = CUDA0
llama_kv_cache:        CPU KV buffer size =     4.50 MiB
llama_kv_cache:      CUDA0 KV buffer size =    37.50 MiB
llama_kv_cache: size =   42.00 MiB (   768 cells,  28 layers,  1/1 seqs), K (f16):   21.00 MiB, V (f16):   21.00 MiB
llama_kv_cache: attn_rot_k = 0, n_embd_head_k_all = 128
llama_kv_cache: attn_rot_v = 0, n_embd_head_k_all = 128
llama_context: enumerating backends
llama_context: backend_ptrs.size() = 2
sched_reserve: reserving ...
sched_reserve: max_nodes = 2712
sched_reserve: reserving full memory module
sched_reserve: worst-case: n_tokens = 512, n_seqs = 1, n_outputs = 1
graph_reserve: reserving a graph for ubatch with n_tokens =    1, n_seqs =  1, n_outputs =    1
sched_reserve: Flash Attention was auto, set to enabled
sched_reserve: resolving fused Gated Delta Net support:
graph_reserve: reserving a graph for ubatch with n_tokens =    1, n_seqs =  1, n_outputs =    1
sched_reserve: fused Gated Delta Net (autoregressive) enabled
graph_reserve: reserving a graph for ubatch with n_tokens =   16, n_seqs =  1, n_outputs =   16
sched_reserve: fused Gated Delta Net (chunked) enabled
graph_reserve: reserving a graph for ubatch with n_tokens =  512, n_seqs =  1, n_outputs =  512
graph_reserve: reserving a graph for ubatch with n_tokens =    1, n_seqs =  1, n_outputs =    1
graph_reserve: reserving a graph for ubatch with n_tokens =  512, n_seqs =  1, n_outputs =  512
sched_reserve:      CUDA0 compute buffer size =   304.00 MiB
sched_reserve:  CUDA_Host compute buffer size =    14.76 MiB
sched_reserve: graph nodes  = 958
sched_reserve: graph splits = 44 (with bs=512), 2 (with bs=1)
sched_reserve: reserve took 16.82 ms, sched copies = 1
CUDA Graph id 8142 reused
ggml_backend_cuda_graph_compute: CUDA graph warmup complete
CUDA Graph id 8142 reused
CUDA Graph id 8142 reused
CUDA Graph id 8142 reused
CUDA Graph id 8142 reused
CUDA Graph id 8142 reused
CUDA Graph id 8142 reused
CUDA Graph id 8142 reused
CUDA Graph id 8142 reused
CUDA Graph id 8142 reused
~llama_context:      CUDA0 compute buffer size is 304.0000 MiB, matches expectation of 304.0000 MiB
~llama_context:  CUDA_Host compute buffer size is  14.7637 MiB, matches expectation of  14.7637 MiB
schema 9/25 done
llama_context: constructing llama_context
llama_context: n_seq_max     = 1
llama_context: n_ctx         = 768
llama_context: n_ctx_seq     = 768
llama_context: n_batch       = 653
llama_context: n_ubatch      = 512
llama_context: causal_attn   = 1
llama_context: flash_attn    = auto
llama_context: kv_unified    = false
llama_context: freq_base     = 1000000.0
llama_context: freq_scale    = 1
llama_context: n_rs_seq      = 0
llama_context: n_outputs_max = 653
llama_context: n_ctx_seq (768) < n_ctx_train (32768) -- the full capacity of the model will not be utilized
set_abort_callback: call
llama_context:  CUDA_Host  output buffer size =     0.58 MiB
llama_kv_cache: layer   0: dev = CPU
llama_kv_cache: layer   1: dev = CPU
llama_kv_cache: layer   2: dev = CPU
llama_kv_cache: layer   3: dev = CUDA0
llama_kv_cache: layer   4: dev = CUDA0
llama_kv_cache: layer   5: dev = CUDA0
llama_kv_cache: layer   6: dev = CUDA0
llama_kv_cache: layer   7: dev = CUDA0
llama_kv_cache: layer   8: dev = CUDA0
llama_kv_cache: layer   9: dev = CUDA0
llama_kv_cache: layer  10: dev = CUDA0
llama_kv_cache: layer  11: dev = CUDA0
llama_kv_cache: layer  12: dev = CUDA0
llama_kv_cache: layer  13: dev = CUDA0
llama_kv_cache: layer  14: dev = CUDA0
llama_kv_cache: layer  15: dev = CUDA0
llama_kv_cache: layer  16: dev = CUDA0
llama_kv_cache: layer  17: dev = CUDA0
llama_kv_cache: layer  18: dev = CUDA0
llama_kv_cache: layer  19: dev = CUDA0
llama_kv_cache: layer  20: dev = CUDA0
llama_kv_cache: layer  21: dev = CUDA0
llama_kv_cache: layer  22: dev = CUDA0
llama_kv_cache: layer  23: dev = CUDA0
llama_kv_cache: layer  24: dev = CUDA0
llama_kv_cache: layer  25: dev = CUDA0
llama_kv_cache: layer  26: dev = CUDA0
llama_kv_cache: layer  27: dev = CUDA0
llama_kv_cache:        CPU KV buffer size =     4.50 MiB
llama_kv_cache:      CUDA0 KV buffer size =    37.50 MiB
llama_kv_cache: size =   42.00 MiB (   768 cells,  28 layers,  1/1 seqs), K (f16):   21.00 MiB, V (f16):   21.00 MiB
llama_kv_cache: attn_rot_k = 0, n_embd_head_k_all = 128
llama_kv_cache: attn_rot_v = 0, n_embd_head_k_all = 128
llama_context: enumerating backends
llama_context: backend_ptrs.size() = 2
sched_reserve: reserving ...
sched_reserve: max_nodes = 2712
sched_reserve: reserving full memory module
sched_reserve: worst-case: n_tokens = 512, n_seqs = 1, n_outputs = 1
graph_reserve: reserving a graph for ubatch with n_tokens =    1, n_seqs =  1, n_outputs =    1
sched_reserve: Flash Attention was auto, set to enabled
sched_reserve: resolving fused Gated Delta Net support:
graph_reserve: reserving a graph for ubatch with n_tokens =    1, n_seqs =  1, n_outputs =    1
sched_reserve: fused Gated Delta Net (autoregressive) enabled
graph_reserve: reserving a graph for ubatch with n_tokens =   16, n_seqs =  1, n_outputs =   16
sched_reserve: fused Gated Delta Net (chunked) enabled
graph_reserve: reserving a graph for ubatch with n_tokens =  512, n_seqs =  1, n_outputs =  512
graph_reserve: reserving a graph for ubatch with n_tokens =    1, n_seqs =  1, n_outputs =    1
graph_reserve: reserving a graph for ubatch with n_tokens =  512, n_seqs =  1, n_outputs =  512
sched_reserve:      CUDA0 compute buffer size =   304.00 MiB
sched_reserve:  CUDA_Host compute buffer size =    14.76 MiB
sched_reserve: graph nodes  = 958
sched_reserve: graph splits = 44 (with bs=512), 2 (with bs=1)
sched_reserve: reserve took 17.68 ms, sched copies = 1
CUDA Graph id 8292 reused
ggml_backend_cuda_graph_compute: CUDA graph warmup complete
CUDA Graph id 8292 reused
CUDA Graph id 8292 reused
CUDA Graph id 8292 reused
CUDA Graph id 8292 reused
CUDA Graph id 8292 reused
CUDA Graph id 8292 reused
CUDA Graph id 8292 reused
CUDA Graph id 8292 reused
CUDA Graph id 8292 reused
CUDA Graph id 8292 reused
CUDA Graph id 8292 reused
CUDA Graph id 8292 reused
CUDA Graph id 8292 reused
CUDA Graph id 8292 reused
CUDA Graph id 8292 reused
CUDA Graph id 8292 reused
CUDA Graph id 8292 reused
CUDA Graph id 8292 reused
CUDA Graph id 8292 reused
CUDA Graph id 8292 reused
CUDA Graph id 8292 reused
CUDA Graph id 8292 reused
CUDA Graph id 8292 reused
CUDA Graph id 8292 reused
CUDA Graph id 8292 reused
~llama_context:      CUDA0 compute buffer size is 304.0000 MiB, matches expectation of 304.0000 MiB
~llama_context:  CUDA_Host compute buffer size is  14.7637 MiB, matches expectation of  14.7637 MiB
llama_context: constructing llama_context
llama_context: n_seq_max     = 1
llama_context: n_ctx         = 768
llama_context: n_ctx_seq     = 768
llama_context: n_batch       = 653
llama_context: n_ubatch      = 512
llama_context: causal_attn   = 1
llama_context: flash_attn    = auto
llama_context: kv_unified    = false
llama_context: freq_base     = 1000000.0
llama_context: freq_scale    = 1
llama_context: n_rs_seq      = 0
llama_context: n_outputs_max = 653
llama_context: n_ctx_seq (768) < n_ctx_train (32768) -- the full capacity of the model will not be utilized
set_abort_callback: call
llama_context:  CUDA_Host  output buffer size =     0.58 MiB
llama_kv_cache: layer   0: dev = CPU
llama_kv_cache: layer   1: dev = CPU
llama_kv_cache: layer   2: dev = CPU
llama_kv_cache: layer   3: dev = CUDA0
llama_kv_cache: layer   4: dev = CUDA0
llama_kv_cache: layer   5: dev = CUDA0
llama_kv_cache: layer   6: dev = CUDA0
llama_kv_cache: layer   7: dev = CUDA0
llama_kv_cache: layer   8: dev = CUDA0
llama_kv_cache: layer   9: dev = CUDA0
llama_kv_cache: layer  10: dev = CUDA0
llama_kv_cache: layer  11: dev = CUDA0
llama_kv_cache: layer  12: dev = CUDA0
llama_kv_cache: layer  13: dev = CUDA0
llama_kv_cache: layer  14: dev = CUDA0
llama_kv_cache: layer  15: dev = CUDA0
llama_kv_cache: layer  16: dev = CUDA0
llama_kv_cache: layer  17: dev = CUDA0
llama_kv_cache: layer  18: dev = CUDA0
llama_kv_cache: layer  19: dev = CUDA0
llama_kv_cache: layer  20: dev = CUDA0
llama_kv_cache: layer  21: dev = CUDA0
llama_kv_cache: layer  22: dev = CUDA0
llama_kv_cache: layer  23: dev = CUDA0
llama_kv_cache: layer  24: dev = CUDA0
llama_kv_cache: layer  25: dev = CUDA0
llama_kv_cache: layer  26: dev = CUDA0
llama_kv_cache: layer  27: dev = CUDA0
llama_kv_cache:        CPU KV buffer size =     4.50 MiB
llama_kv_cache:      CUDA0 KV buffer size =    37.50 MiB
llama_kv_cache: size =   42.00 MiB (   768 cells,  28 layers,  1/1 seqs), K (f16):   21.00 MiB, V (f16):   21.00 MiB
llama_kv_cache: attn_rot_k = 0, n_embd_head_k_all = 128
llama_kv_cache: attn_rot_v = 0, n_embd_head_k_all = 128
llama_context: enumerating backends
llama_context: backend_ptrs.size() = 2
sched_reserve: reserving ...
sched_reserve: max_nodes = 2712
sched_reserve: reserving full memory module
sched_reserve: worst-case: n_tokens = 512, n_seqs = 1, n_outputs = 1
graph_reserve: reserving a graph for ubatch with n_tokens =    1, n_seqs =  1, n_outputs =    1
sched_reserve: Flash Attention was auto, set to enabled
sched_reserve: resolving fused Gated Delta Net support:
graph_reserve: reserving a graph for ubatch with n_tokens =    1, n_seqs =  1, n_outputs =    1
sched_reserve: fused Gated Delta Net (autoregressive) enabled
graph_reserve: reserving a graph for ubatch with n_tokens =   16, n_seqs =  1, n_outputs =   16
sched_reserve: fused Gated Delta Net (chunked) enabled
graph_reserve: reserving a graph for ubatch with n_tokens =  512, n_seqs =  1, n_outputs =  512
graph_reserve: reserving a graph for ubatch with n_tokens =    1, n_seqs =  1, n_outputs =    1
graph_reserve: reserving a graph for ubatch with n_tokens =  512, n_seqs =  1, n_outputs =  512
sched_reserve:      CUDA0 compute buffer size =   304.00 MiB
sched_reserve:  CUDA_Host compute buffer size =    14.76 MiB
sched_reserve: graph nodes  = 958
sched_reserve: graph splits = 44 (with bs=512), 2 (with bs=1)
sched_reserve: reserve took 26.52 ms, sched copies = 1
CUDA Graph id 8442 reused
ggml_backend_cuda_graph_compute: CUDA graph warmup complete
CUDA Graph id 8442 reused
CUDA Graph id 8442 reused
CUDA Graph id 8442 reused
CUDA Graph id 8442 reused
CUDA Graph id 8442 reused
CUDA Graph id 8442 reused
CUDA Graph id 8442 reused
CUDA Graph id 8442 reused
CUDA Graph id 8442 reused
CUDA Graph id 8442 reused
CUDA Graph id 8442 reused
CUDA Graph id 8442 reused
CUDA Graph id 8442 reused
CUDA Graph id 8442 reused
CUDA Graph id 8442 reused
CUDA Graph id 8442 reused
CUDA Graph id 8442 reused
CUDA Graph id 8442 reused
CUDA Graph id 8442 reused
CUDA Graph id 8442 reused
CUDA Graph id 8442 reused
CUDA Graph id 8442 reused
CUDA Graph id 8442 reused
CUDA Graph id 8442 reused
CUDA Graph id 8442 reused
~llama_context:      CUDA0 compute buffer size is 304.0000 MiB, matches expectation of 304.0000 MiB
~llama_context:  CUDA_Host compute buffer size is  14.7637 MiB, matches expectation of  14.7637 MiB
llama_context: constructing llama_context
llama_context: n_seq_max     = 1
llama_context: n_ctx         = 768
llama_context: n_ctx_seq     = 768
llama_context: n_batch       = 653
llama_context: n_ubatch      = 512
llama_context: causal_attn   = 1
llama_context: flash_attn    = auto
llama_context: kv_unified    = false
llama_context: freq_base     = 1000000.0
llama_context: freq_scale    = 1
llama_context: n_rs_seq      = 0
llama_context: n_outputs_max = 653
llama_context: n_ctx_seq (768) < n_ctx_train (32768) -- the full capacity of the model will not be utilized
set_abort_callback: call
llama_context:  CUDA_Host  output buffer size =     0.58 MiB
llama_kv_cache: layer   0: dev = CPU
llama_kv_cache: layer   1: dev = CPU
llama_kv_cache: layer   2: dev = CPU
llama_kv_cache: layer   3: dev = CUDA0
llama_kv_cache: layer   4: dev = CUDA0
llama_kv_cache: layer   5: dev = CUDA0
llama_kv_cache: layer   6: dev = CUDA0
llama_kv_cache: layer   7: dev = CUDA0
llama_kv_cache: layer   8: dev = CUDA0
llama_kv_cache: layer   9: dev = CUDA0
llama_kv_cache: layer  10: dev = CUDA0
llama_kv_cache: layer  11: dev = CUDA0
llama_kv_cache: layer  12: dev = CUDA0
llama_kv_cache: layer  13: dev = CUDA0
llama_kv_cache: layer  14: dev = CUDA0
llama_kv_cache: layer  15: dev = CUDA0
llama_kv_cache: layer  16: dev = CUDA0
llama_kv_cache: layer  17: dev = CUDA0
llama_kv_cache: layer  18: dev = CUDA0
llama_kv_cache: layer  19: dev = CUDA0
llama_kv_cache: layer  20: dev = CUDA0
llama_kv_cache: layer  21: dev = CUDA0
llama_kv_cache: layer  22: dev = CUDA0
llama_kv_cache: layer  23: dev = CUDA0
llama_kv_cache: layer  24: dev = CUDA0
llama_kv_cache: layer  25: dev = CUDA0
llama_kv_cache: layer  26: dev = CUDA0
llama_kv_cache: layer  27: dev = CUDA0
llama_kv_cache:        CPU KV buffer size =     4.50 MiB
llama_kv_cache:      CUDA0 KV buffer size =    37.50 MiB
llama_kv_cache: size =   42.00 MiB (   768 cells,  28 layers,  1/1 seqs), K (f16):   21.00 MiB, V (f16):   21.00 MiB
llama_kv_cache: attn_rot_k = 0, n_embd_head_k_all = 128
llama_kv_cache: attn_rot_v = 0, n_embd_head_k_all = 128
llama_context: enumerating backends
llama_context: backend_ptrs.size() = 2
sched_reserve: reserving ...
sched_reserve: max_nodes = 2712
sched_reserve: reserving full memory module
sched_reserve: worst-case: n_tokens = 512, n_seqs = 1, n_outputs = 1
graph_reserve: reserving a graph for ubatch with n_tokens =    1, n_seqs =  1, n_outputs =    1
sched_reserve: Flash Attention was auto, set to enabled
sched_reserve: resolving fused Gated Delta Net support:
graph_reserve: reserving a graph for ubatch with n_tokens =    1, n_seqs =  1, n_outputs =    1
sched_reserve: fused Gated Delta Net (autoregressive) enabled
graph_reserve: reserving a graph for ubatch with n_tokens =   16, n_seqs =  1, n_outputs =   16
sched_reserve: fused Gated Delta Net (chunked) enabled
graph_reserve: reserving a graph for ubatch with n_tokens =  512, n_seqs =  1, n_outputs =  512
graph_reserve: reserving a graph for ubatch with n_tokens =    1, n_seqs =  1, n_outputs =    1
graph_reserve: reserving a graph for ubatch with n_tokens =  512, n_seqs =  1, n_outputs =  512
sched_reserve:      CUDA0 compute buffer size =   304.00 MiB
sched_reserve:  CUDA_Host compute buffer size =    14.76 MiB
sched_reserve: graph nodes  = 958
sched_reserve: graph splits = 44 (with bs=512), 2 (with bs=1)
sched_reserve: reserve took 13.63 ms, sched copies = 1
CUDA Graph id 8592 reused
ggml_backend_cuda_graph_compute: CUDA graph warmup complete
CUDA Graph id 8592 reused
CUDA Graph id 8592 reused
CUDA Graph id 8592 reused
CUDA Graph id 8592 reused
CUDA Graph id 8592 reused
CUDA Graph id 8592 reused
CUDA Graph id 8592 reused
CUDA Graph id 8592 reused
CUDA Graph id 8592 reused
CUDA Graph id 8592 reused
CUDA Graph id 8592 reused
CUDA Graph id 8592 reused
CUDA Graph id 8592 reused
CUDA Graph id 8592 reused
CUDA Graph id 8592 reused
CUDA Graph id 8592 reused
CUDA Graph id 8592 reused
CUDA Graph id 8592 reused
CUDA Graph id 8592 reused
CUDA Graph id 8592 reused
CUDA Graph id 8592 reused
CUDA Graph id 8592 reused
CUDA Graph id 8592 reused
CUDA Graph id 8592 reused
CUDA Graph id 8592 reused
~llama_context:      CUDA0 compute buffer size is 304.0000 MiB, matches expectation of 304.0000 MiB
~llama_context:  CUDA_Host compute buffer size is  14.7637 MiB, matches expectation of  14.7637 MiB
llama_context: constructing llama_context
llama_context: n_seq_max     = 1
llama_context: n_ctx         = 768
llama_context: n_ctx_seq     = 768
llama_context: n_batch       = 653
llama_context: n_ubatch      = 512
llama_context: causal_attn   = 1
llama_context: flash_attn    = auto
llama_context: kv_unified    = false
llama_context: freq_base     = 1000000.0
llama_context: freq_scale    = 1
llama_context: n_rs_seq      = 0
llama_context: n_outputs_max = 653
llama_context: n_ctx_seq (768) < n_ctx_train (32768) -- the full capacity of the model will not be utilized
set_abort_callback: call
llama_context:  CUDA_Host  output buffer size =     0.58 MiB
llama_kv_cache: layer   0: dev = CPU
llama_kv_cache: layer   1: dev = CPU
llama_kv_cache: layer   2: dev = CPU
llama_kv_cache: layer   3: dev = CUDA0
llama_kv_cache: layer   4: dev = CUDA0
llama_kv_cache: layer   5: dev = CUDA0
llama_kv_cache: layer   6: dev = CUDA0
llama_kv_cache: layer   7: dev = CUDA0
llama_kv_cache: layer   8: dev = CUDA0
llama_kv_cache: layer   9: dev = CUDA0
llama_kv_cache: layer  10: dev = CUDA0
llama_kv_cache: layer  11: dev = CUDA0
llama_kv_cache: layer  12: dev = CUDA0
llama_kv_cache: layer  13: dev = CUDA0
llama_kv_cache: layer  14: dev = CUDA0
llama_kv_cache: layer  15: dev = CUDA0
llama_kv_cache: layer  16: dev = CUDA0
llama_kv_cache: layer  17: dev = CUDA0
llama_kv_cache: layer  18: dev = CUDA0
llama_kv_cache: layer  19: dev = CUDA0
llama_kv_cache: layer  20: dev = CUDA0
llama_kv_cache: layer  21: dev = CUDA0
llama_kv_cache: layer  22: dev = CUDA0
llama_kv_cache: layer  23: dev = CUDA0
llama_kv_cache: layer  24: dev = CUDA0
llama_kv_cache: layer  25: dev = CUDA0
llama_kv_cache: layer  26: dev = CUDA0
llama_kv_cache: layer  27: dev = CUDA0
llama_kv_cache:        CPU KV buffer size =     4.50 MiB
llama_kv_cache:      CUDA0 KV buffer size =    37.50 MiB
llama_kv_cache: size =   42.00 MiB (   768 cells,  28 layers,  1/1 seqs), K (f16):   21.00 MiB, V (f16):   21.00 MiB
llama_kv_cache: attn_rot_k = 0, n_embd_head_k_all = 128
llama_kv_cache: attn_rot_v = 0, n_embd_head_k_all = 128
llama_context: enumerating backends
llama_context: backend_ptrs.size() = 2
sched_reserve: reserving ...
sched_reserve: max_nodes = 2712
sched_reserve: reserving full memory module
sched_reserve: worst-case: n_tokens = 512, n_seqs = 1, n_outputs = 1
graph_reserve: reserving a graph for ubatch with n_tokens =    1, n_seqs =  1, n_outputs =    1
sched_reserve: Flash Attention was auto, set to enabled
sched_reserve: resolving fused Gated Delta Net support:
graph_reserve: reserving a graph for ubatch with n_tokens =    1, n_seqs =  1, n_outputs =    1
sched_reserve: fused Gated Delta Net (autoregressive) enabled
graph_reserve: reserving a graph for ubatch with n_tokens =   16, n_seqs =  1, n_outputs =   16
sched_reserve: fused Gated Delta Net (chunked) enabled
graph_reserve: reserving a graph for ubatch with n_tokens =  512, n_seqs =  1, n_outputs =  512
graph_reserve: reserving a graph for ubatch with n_tokens =    1, n_seqs =  1, n_outputs =    1
graph_reserve: reserving a graph for ubatch with n_tokens =  512, n_seqs =  1, n_outputs =  512
sched_reserve:      CUDA0 compute buffer size =   304.00 MiB
sched_reserve:  CUDA_Host compute buffer size =    14.76 MiB
sched_reserve: graph nodes  = 958
sched_reserve: graph splits = 44 (with bs=512), 2 (with bs=1)
sched_reserve: reserve took 24.87 ms, sched copies = 1
CUDA Graph id 8742 reused
ggml_backend_cuda_graph_compute: CUDA graph warmup complete
CUDA Graph id 8742 reused
CUDA Graph id 8742 reused
CUDA Graph id 8742 reused
CUDA Graph id 8742 reused
CUDA Graph id 8742 reused
CUDA Graph id 8742 reused
CUDA Graph id 8742 reused
CUDA Graph id 8742 reused
CUDA Graph id 8742 reused
CUDA Graph id 8742 reused
CUDA Graph id 8742 reused
CUDA Graph id 8742 reused
CUDA Graph id 8742 reused
CUDA Graph id 8742 reused
CUDA Graph id 8742 reused
CUDA Graph id 8742 reused
CUDA Graph id 8742 reused
CUDA Graph id 8742 reused
CUDA Graph id 8742 reused
CUDA Graph id 8742 reused
CUDA Graph id 8742 reused
CUDA Graph id 8742 reused
CUDA Graph id 8742 reused
CUDA Graph id 8742 reused
CUDA Graph id 8742 reused
~llama_context:      CUDA0 compute buffer size is 304.0000 MiB, matches expectation of 304.0000 MiB
~llama_context:  CUDA_Host compute buffer size is  14.7637 MiB, matches expectation of  14.7637 MiB
llama_context: constructing llama_context
llama_context: n_seq_max     = 1
llama_context: n_ctx         = 768
llama_context: n_ctx_seq     = 768
llama_context: n_batch       = 653
llama_context: n_ubatch      = 512
llama_context: causal_attn   = 1
llama_context: flash_attn    = auto
llama_context: kv_unified    = false
llama_context: freq_base     = 1000000.0
llama_context: freq_scale    = 1
llama_context: n_rs_seq      = 0
llama_context: n_outputs_max = 653
llama_context: n_ctx_seq (768) < n_ctx_train (32768) -- the full capacity of the model will not be utilized
set_abort_callback: call
llama_context:  CUDA_Host  output buffer size =     0.58 MiB
llama_kv_cache: layer   0: dev = CPU
llama_kv_cache: layer   1: dev = CPU
llama_kv_cache: layer   2: dev = CPU
llama_kv_cache: layer   3: dev = CUDA0
llama_kv_cache: layer   4: dev = CUDA0
llama_kv_cache: layer   5: dev = CUDA0
llama_kv_cache: layer   6: dev = CUDA0
llama_kv_cache: layer   7: dev = CUDA0
llama_kv_cache: layer   8: dev = CUDA0
llama_kv_cache: layer   9: dev = CUDA0
llama_kv_cache: layer  10: dev = CUDA0
llama_kv_cache: layer  11: dev = CUDA0
llama_kv_cache: layer  12: dev = CUDA0
llama_kv_cache: layer  13: dev = CUDA0
llama_kv_cache: layer  14: dev = CUDA0
llama_kv_cache: layer  15: dev = CUDA0
llama_kv_cache: layer  16: dev = CUDA0
llama_kv_cache: layer  17: dev = CUDA0
llama_kv_cache: layer  18: dev = CUDA0
llama_kv_cache: layer  19: dev = CUDA0
llama_kv_cache: layer  20: dev = CUDA0
llama_kv_cache: layer  21: dev = CUDA0
llama_kv_cache: layer  22: dev = CUDA0
llama_kv_cache: layer  23: dev = CUDA0
llama_kv_cache: layer  24: dev = CUDA0
llama_kv_cache: layer  25: dev = CUDA0
llama_kv_cache: layer  26: dev = CUDA0
llama_kv_cache: layer  27: dev = CUDA0
llama_kv_cache:        CPU KV buffer size =     4.50 MiB
llama_kv_cache:      CUDA0 KV buffer size =    37.50 MiB
llama_kv_cache: size =   42.00 MiB (   768 cells,  28 layers,  1/1 seqs), K (f16):   21.00 MiB, V (f16):   21.00 MiB
llama_kv_cache: attn_rot_k = 0, n_embd_head_k_all = 128
llama_kv_cache: attn_rot_v = 0, n_embd_head_k_all = 128
llama_context: enumerating backends
llama_context: backend_ptrs.size() = 2
sched_reserve: reserving ...
sched_reserve: max_nodes = 2712
sched_reserve: reserving full memory module
sched_reserve: worst-case: n_tokens = 512, n_seqs = 1, n_outputs = 1
graph_reserve: reserving a graph for ubatch with n_tokens =    1, n_seqs =  1, n_outputs =    1
sched_reserve: Flash Attention was auto, set to enabled
sched_reserve: resolving fused Gated Delta Net support:
graph_reserve: reserving a graph for ubatch with n_tokens =    1, n_seqs =  1, n_outputs =    1
sched_reserve: fused Gated Delta Net (autoregressive) enabled
graph_reserve: reserving a graph for ubatch with n_tokens =   16, n_seqs =  1, n_outputs =   16
sched_reserve: fused Gated Delta Net (chunked) enabled
graph_reserve: reserving a graph for ubatch with n_tokens =  512, n_seqs =  1, n_outputs =  512
graph_reserve: reserving a graph for ubatch with n_tokens =    1, n_seqs =  1, n_outputs =    1
graph_reserve: reserving a graph for ubatch with n_tokens =  512, n_seqs =  1, n_outputs =  512
sched_reserve:      CUDA0 compute buffer size =   304.00 MiB
sched_reserve:  CUDA_Host compute buffer size =    14.76 MiB
sched_reserve: graph nodes  = 958
sched_reserve: graph splits = 44 (with bs=512), 2 (with bs=1)
sched_reserve: reserve took 14.17 ms, sched copies = 1
CUDA Graph id 8892 reused
ggml_backend_cuda_graph_compute: CUDA graph warmup complete
CUDA Graph id 8892 reused
CUDA Graph id 8892 reused
CUDA Graph id 8892 reused
CUDA Graph id 8892 reused
CUDA Graph id 8892 reused
CUDA Graph id 8892 reused
CUDA Graph id 8892 reused
CUDA Graph id 8892 reused
CUDA Graph id 8892 reused
CUDA Graph id 8892 reused
CUDA Graph id 8892 reused
CUDA Graph id 8892 reused
CUDA Graph id 8892 reused
CUDA Graph id 8892 reused
CUDA Graph id 8892 reused
CUDA Graph id 8892 reused
~llama_context:      CUDA0 compute buffer size is 304.0000 MiB, matches expectation of 304.0000 MiB
~llama_context:  CUDA_Host compute buffer size is  14.7637 MiB, matches expectation of  14.7637 MiB
llama_context: constructing llama_context
llama_context: n_seq_max     = 1
llama_context: n_ctx         = 768
llama_context: n_ctx_seq     = 768
llama_context: n_batch       = 653
llama_context: n_ubatch      = 512
llama_context: causal_attn   = 1
llama_context: flash_attn    = auto
llama_context: kv_unified    = false
llama_context: freq_base     = 1000000.0
llama_context: freq_scale    = 1
llama_context: n_rs_seq      = 0
llama_context: n_outputs_max = 653
llama_context: n_ctx_seq (768) < n_ctx_train (32768) -- the full capacity of the model will not be utilized
set_abort_callback: call
llama_context:  CUDA_Host  output buffer size =     0.58 MiB
llama_kv_cache: layer   0: dev = CPU
llama_kv_cache: layer   1: dev = CPU
llama_kv_cache: layer   2: dev = CPU
llama_kv_cache: layer   3: dev = CUDA0
llama_kv_cache: layer   4: dev = CUDA0
llama_kv_cache: layer   5: dev = CUDA0
llama_kv_cache: layer   6: dev = CUDA0
llama_kv_cache: layer   7: dev = CUDA0
llama_kv_cache: layer   8: dev = CUDA0
llama_kv_cache: layer   9: dev = CUDA0
llama_kv_cache: layer  10: dev = CUDA0
llama_kv_cache: layer  11: dev = CUDA0
llama_kv_cache: layer  12: dev = CUDA0
llama_kv_cache: layer  13: dev = CUDA0
llama_kv_cache: layer  14: dev = CUDA0
llama_kv_cache: layer  15: dev = CUDA0
llama_kv_cache: layer  16: dev = CUDA0
llama_kv_cache: layer  17: dev = CUDA0
llama_kv_cache: layer  18: dev = CUDA0
llama_kv_cache: layer  19: dev = CUDA0
llama_kv_cache: layer  20: dev = CUDA0
llama_kv_cache: layer  21: dev = CUDA0
llama_kv_cache: layer  22: dev = CUDA0
llama_kv_cache: layer  23: dev = CUDA0
llama_kv_cache: layer  24: dev = CUDA0
llama_kv_cache: layer  25: dev = CUDA0
llama_kv_cache: layer  26: dev = CUDA0
llama_kv_cache: layer  27: dev = CUDA0
llama_kv_cache:        CPU KV buffer size =     4.50 MiB
llama_kv_cache:      CUDA0 KV buffer size =    37.50 MiB
llama_kv_cache: size =   42.00 MiB (   768 cells,  28 layers,  1/1 seqs), K (f16):   21.00 MiB, V (f16):   21.00 MiB
llama_kv_cache: attn_rot_k = 0, n_embd_head_k_all = 128
llama_kv_cache: attn_rot_v = 0, n_embd_head_k_all = 128
llama_context: enumerating backends
llama_context: backend_ptrs.size() = 2
sched_reserve: reserving ...
sched_reserve: max_nodes = 2712
sched_reserve: reserving full memory module
sched_reserve: worst-case: n_tokens = 512, n_seqs = 1, n_outputs = 1
graph_reserve: reserving a graph for ubatch with n_tokens =    1, n_seqs =  1, n_outputs =    1
sched_reserve: Flash Attention was auto, set to enabled
sched_reserve: resolving fused Gated Delta Net support:
graph_reserve: reserving a graph for ubatch with n_tokens =    1, n_seqs =  1, n_outputs =    1
sched_reserve: fused Gated Delta Net (autoregressive) enabled
graph_reserve: reserving a graph for ubatch with n_tokens =   16, n_seqs =  1, n_outputs =   16
sched_reserve: fused Gated Delta Net (chunked) enabled
graph_reserve: reserving a graph for ubatch with n_tokens =  512, n_seqs =  1, n_outputs =  512
graph_reserve: reserving a graph for ubatch with n_tokens =    1, n_seqs =  1, n_outputs =    1
graph_reserve: reserving a graph for ubatch with n_tokens =  512, n_seqs =  1, n_outputs =  512
sched_reserve:      CUDA0 compute buffer size =   304.00 MiB
sched_reserve:  CUDA_Host compute buffer size =    14.76 MiB
sched_reserve: graph nodes  = 958
sched_reserve: graph splits = 44 (with bs=512), 2 (with bs=1)
sched_reserve: reserve took 21.23 ms, sched copies = 1
CUDA Graph id 9042 reused
ggml_backend_cuda_graph_compute: CUDA graph warmup complete
CUDA Graph id 9042 reused
CUDA Graph id 9042 reused
CUDA Graph id 9042 reused
CUDA Graph id 9042 reused
CUDA Graph id 9042 reused
CUDA Graph id 9042 reused
CUDA Graph id 9042 reused
CUDA Graph id 9042 reused
CUDA Graph id 9042 reused
CUDA Graph id 9042 reused
CUDA Graph id 9042 reused
CUDA Graph id 9042 reused
CUDA Graph id 9042 reused
CUDA Graph id 9042 reused
CUDA Graph id 9042 reused
CUDA Graph id 9042 reused
CUDA Graph id 9042 reused
CUDA Graph id 9042 reused
CUDA Graph id 9042 reused
CUDA Graph id 9042 reused
CUDA Graph id 9042 reused
CUDA Graph id 9042 reused
CUDA Graph id 9042 reused
CUDA Graph id 9042 reused
CUDA Graph id 9042 reused
~llama_context:      CUDA0 compute buffer size is 304.0000 MiB, matches expectation of 304.0000 MiB
~llama_context:  CUDA_Host compute buffer size is  14.7637 MiB, matches expectation of  14.7637 MiB
schema 10/25 done
llama_context: constructing llama_context
llama_context: n_seq_max     = 1
llama_context: n_ctx         = 768
llama_context: n_ctx_seq     = 768
llama_context: n_batch       = 734
llama_context: n_ubatch      = 512
llama_context: causal_attn   = 1
llama_context: flash_attn    = auto
llama_context: kv_unified    = false
llama_context: freq_base     = 1000000.0
llama_context: freq_scale    = 1
llama_context: n_rs_seq      = 0
llama_context: n_outputs_max = 734
llama_context: n_ctx_seq (768) < n_ctx_train (32768) -- the full capacity of the model will not be utilized
set_abort_callback: call
llama_context:  CUDA_Host  output buffer size =     0.58 MiB
llama_kv_cache: layer   0: dev = CPU
llama_kv_cache: layer   1: dev = CPU
llama_kv_cache: layer   2: dev = CPU
llama_kv_cache: layer   3: dev = CUDA0
llama_kv_cache: layer   4: dev = CUDA0
llama_kv_cache: layer   5: dev = CUDA0
llama_kv_cache: layer   6: dev = CUDA0
llama_kv_cache: layer   7: dev = CUDA0
llama_kv_cache: layer   8: dev = CUDA0
llama_kv_cache: layer   9: dev = CUDA0
llama_kv_cache: layer  10: dev = CUDA0
llama_kv_cache: layer  11: dev = CUDA0
llama_kv_cache: layer  12: dev = CUDA0
llama_kv_cache: layer  13: dev = CUDA0
llama_kv_cache: layer  14: dev = CUDA0
llama_kv_cache: layer  15: dev = CUDA0
llama_kv_cache: layer  16: dev = CUDA0
llama_kv_cache: layer  17: dev = CUDA0
llama_kv_cache: layer  18: dev = CUDA0
llama_kv_cache: layer  19: dev = CUDA0
llama_kv_cache: layer  20: dev = CUDA0
llama_kv_cache: layer  21: dev = CUDA0
llama_kv_cache: layer  22: dev = CUDA0
llama_kv_cache: layer  23: dev = CUDA0
llama_kv_cache: layer  24: dev = CUDA0
llama_kv_cache: layer  25: dev = CUDA0
llama_kv_cache: layer  26: dev = CUDA0
llama_kv_cache: layer  27: dev = CUDA0
llama_kv_cache:        CPU KV buffer size =     4.50 MiB
llama_kv_cache:      CUDA0 KV buffer size =    37.50 MiB
llama_kv_cache: size =   42.00 MiB (   768 cells,  28 layers,  1/1 seqs), K (f16):   21.00 MiB, V (f16):   21.00 MiB
llama_kv_cache: attn_rot_k = 0, n_embd_head_k_all = 128
llama_kv_cache: attn_rot_v = 0, n_embd_head_k_all = 128
llama_context: enumerating backends
llama_context: backend_ptrs.size() = 2
sched_reserve: reserving ...
sched_reserve: max_nodes = 2712
sched_reserve: reserving full memory module
sched_reserve: worst-case: n_tokens = 512, n_seqs = 1, n_outputs = 1
graph_reserve: reserving a graph for ubatch with n_tokens =    1, n_seqs =  1, n_outputs =    1
sched_reserve: Flash Attention was auto, set to enabled
sched_reserve: resolving fused Gated Delta Net support:
graph_reserve: reserving a graph for ubatch with n_tokens =    1, n_seqs =  1, n_outputs =    1
sched_reserve: fused Gated Delta Net (autoregressive) enabled
graph_reserve: reserving a graph for ubatch with n_tokens =   16, n_seqs =  1, n_outputs =   16
sched_reserve: fused Gated Delta Net (chunked) enabled
graph_reserve: reserving a graph for ubatch with n_tokens =  512, n_seqs =  1, n_outputs =  512
graph_reserve: reserving a graph for ubatch with n_tokens =    1, n_seqs =  1, n_outputs =    1
graph_reserve: reserving a graph for ubatch with n_tokens =  512, n_seqs =  1, n_outputs =  512
sched_reserve:      CUDA0 compute buffer size =   304.00 MiB
sched_reserve:  CUDA_Host compute buffer size =    14.76 MiB
sched_reserve: graph nodes  = 958
sched_reserve: graph splits = 44 (with bs=512), 2 (with bs=1)
sched_reserve: reserve took 22.07 ms, sched copies = 1
CUDA Graph id 9192 reused
ggml_backend_cuda_graph_compute: CUDA graph warmup complete
CUDA Graph id 9192 reused
CUDA Graph id 9192 reused
CUDA Graph id 9192 reused
CUDA Graph id 9192 reused
CUDA Graph id 9192 reused
CUDA Graph id 9192 reused
CUDA Graph id 9192 reused
CUDA Graph id 9192 reused
CUDA Graph id 9192 reused
CUDA Graph id 9192 reused
CUDA Graph id 9192 reused
CUDA Graph id 9192 reused
CUDA Graph id 9192 reused
CUDA Graph id 9192 reused
CUDA Graph id 9192 reused
CUDA Graph id 9192 reused
CUDA Graph id 9192 reused
CUDA Graph id 9192 reused
CUDA Graph id 9192 reused
CUDA Graph id 9192 reused
CUDA Graph id 9192 reused
CUDA Graph id 9192 reused
CUDA Graph id 9192 reused
CUDA Graph id 9192 reused
CUDA Graph id 9192 reused
CUDA Graph id 9192 reused
CUDA Graph id 9192 reused
CUDA Graph id 9192 reused
CUDA Graph id 9192 reused
~llama_context:      CUDA0 compute buffer size is 304.0000 MiB, matches expectation of 304.0000 MiB
~llama_context:  CUDA_Host compute buffer size is  14.7637 MiB, matches expectation of  14.7637 MiB
llama_context: constructing llama_context
llama_context: n_seq_max     = 1
llama_context: n_ctx         = 768
llama_context: n_ctx_seq     = 768
llama_context: n_batch       = 734
llama_context: n_ubatch      = 512
llama_context: causal_attn   = 1
llama_context: flash_attn    = auto
llama_context: kv_unified    = false
llama_context: freq_base     = 1000000.0
llama_context: freq_scale    = 1
llama_context: n_rs_seq      = 0
llama_context: n_outputs_max = 734
llama_context: n_ctx_seq (768) < n_ctx_train (32768) -- the full capacity of the model will not be utilized
set_abort_callback: call
llama_context:  CUDA_Host  output buffer size =     0.58 MiB
llama_kv_cache: layer   0: dev = CPU
llama_kv_cache: layer   1: dev = CPU
llama_kv_cache: layer   2: dev = CPU
llama_kv_cache: layer   3: dev = CUDA0
llama_kv_cache: layer   4: dev = CUDA0
llama_kv_cache: layer   5: dev = CUDA0
llama_kv_cache: layer   6: dev = CUDA0
llama_kv_cache: layer   7: dev = CUDA0
llama_kv_cache: layer   8: dev = CUDA0
llama_kv_cache: layer   9: dev = CUDA0
llama_kv_cache: layer  10: dev = CUDA0
llama_kv_cache: layer  11: dev = CUDA0
llama_kv_cache: layer  12: dev = CUDA0
llama_kv_cache: layer  13: dev = CUDA0
llama_kv_cache: layer  14: dev = CUDA0
llama_kv_cache: layer  15: dev = CUDA0
llama_kv_cache: layer  16: dev = CUDA0
llama_kv_cache: layer  17: dev = CUDA0
llama_kv_cache: layer  18: dev = CUDA0
llama_kv_cache: layer  19: dev = CUDA0
llama_kv_cache: layer  20: dev = CUDA0
llama_kv_cache: layer  21: dev = CUDA0
llama_kv_cache: layer  22: dev = CUDA0
llama_kv_cache: layer  23: dev = CUDA0
llama_kv_cache: layer  24: dev = CUDA0
llama_kv_cache: layer  25: dev = CUDA0
llama_kv_cache: layer  26: dev = CUDA0
llama_kv_cache: layer  27: dev = CUDA0
llama_kv_cache:        CPU KV buffer size =     4.50 MiB
llama_kv_cache:      CUDA0 KV buffer size =    37.50 MiB
llama_kv_cache: size =   42.00 MiB (   768 cells,  28 layers,  1/1 seqs), K (f16):   21.00 MiB, V (f16):   21.00 MiB
llama_kv_cache: attn_rot_k = 0, n_embd_head_k_all = 128
llama_kv_cache: attn_rot_v = 0, n_embd_head_k_all = 128
llama_context: enumerating backends
llama_context: backend_ptrs.size() = 2
sched_reserve: reserving ...
sched_reserve: max_nodes = 2712
sched_reserve: reserving full memory module
sched_reserve: worst-case: n_tokens = 512, n_seqs = 1, n_outputs = 1
graph_reserve: reserving a graph for ubatch with n_tokens =    1, n_seqs =  1, n_outputs =    1
sched_reserve: Flash Attention was auto, set to enabled
sched_reserve: resolving fused Gated Delta Net support:
graph_reserve: reserving a graph for ubatch with n_tokens =    1, n_seqs =  1, n_outputs =    1
sched_reserve: fused Gated Delta Net (autoregressive) enabled
graph_reserve: reserving a graph for ubatch with n_tokens =   16, n_seqs =  1, n_outputs =   16
sched_reserve: fused Gated Delta Net (chunked) enabled
graph_reserve: reserving a graph for ubatch with n_tokens =  512, n_seqs =  1, n_outputs =  512
graph_reserve: reserving a graph for ubatch with n_tokens =    1, n_seqs =  1, n_outputs =    1
graph_reserve: reserving a graph for ubatch with n_tokens =  512, n_seqs =  1, n_outputs =  512
sched_reserve:      CUDA0 compute buffer size =   304.00 MiB
sched_reserve:  CUDA_Host compute buffer size =    14.76 MiB
sched_reserve: graph nodes  = 958
sched_reserve: graph splits = 44 (with bs=512), 2 (with bs=1)
sched_reserve: reserve took 15.43 ms, sched copies = 1
CUDA Graph id 9342 reused
ggml_backend_cuda_graph_compute: CUDA graph warmup complete
CUDA Graph id 9342 reused
CUDA Graph id 9342 reused
CUDA Graph id 9342 reused
CUDA Graph id 9342 reused
CUDA Graph id 9342 reused
CUDA Graph id 9342 reused
CUDA Graph id 9342 reused
CUDA Graph id 9342 reused
CUDA Graph id 9342 reused
CUDA Graph id 9342 reused
CUDA Graph id 9342 reused
CUDA Graph id 9342 reused
CUDA Graph id 9342 reused
CUDA Graph id 9342 reused
CUDA Graph id 9342 reused
CUDA Graph id 9342 reused
CUDA Graph id 9342 reused
CUDA Graph id 9342 reused
CUDA Graph id 9342 reused
CUDA Graph id 9342 reused
CUDA Graph id 9342 reused
CUDA Graph id 9342 reused
CUDA Graph id 9342 reused
CUDA Graph id 9342 reused
CUDA Graph id 9342 reused
CUDA Graph id 9342 reused
CUDA Graph id 9342 reused
CUDA Graph id 9342 reused
CUDA Graph id 9342 reused
~llama_context:      CUDA0 compute buffer size is 304.0000 MiB, matches expectation of 304.0000 MiB
~llama_context:  CUDA_Host compute buffer size is  14.7637 MiB, matches expectation of  14.7637 MiB
llama_context: constructing llama_context
llama_context: n_seq_max     = 1
llama_context: n_ctx         = 768
llama_context: n_ctx_seq     = 768
llama_context: n_batch       = 734
llama_context: n_ubatch      = 512
llama_context: causal_attn   = 1
llama_context: flash_attn    = auto
llama_context: kv_unified    = false
llama_context: freq_base     = 1000000.0
llama_context: freq_scale    = 1
llama_context: n_rs_seq      = 0
llama_context: n_outputs_max = 734
llama_context: n_ctx_seq (768) < n_ctx_train (32768) -- the full capacity of the model will not be utilized
set_abort_callback: call
llama_context:  CUDA_Host  output buffer size =     0.58 MiB
llama_kv_cache: layer   0: dev = CPU
llama_kv_cache: layer   1: dev = CPU
llama_kv_cache: layer   2: dev = CPU
llama_kv_cache: layer   3: dev = CUDA0
llama_kv_cache: layer   4: dev = CUDA0
llama_kv_cache: layer   5: dev = CUDA0
llama_kv_cache: layer   6: dev = CUDA0
llama_kv_cache: layer   7: dev = CUDA0
llama_kv_cache: layer   8: dev = CUDA0
llama_kv_cache: layer   9: dev = CUDA0
llama_kv_cache: layer  10: dev = CUDA0
llama_kv_cache: layer  11: dev = CUDA0
llama_kv_cache: layer  12: dev = CUDA0
llama_kv_cache: layer  13: dev = CUDA0
llama_kv_cache: layer  14: dev = CUDA0
llama_kv_cache: layer  15: dev = CUDA0
llama_kv_cache: layer  16: dev = CUDA0
llama_kv_cache: layer  17: dev = CUDA0
llama_kv_cache: layer  18: dev = CUDA0
llama_kv_cache: layer  19: dev = CUDA0
llama_kv_cache: layer  20: dev = CUDA0
llama_kv_cache: layer  21: dev = CUDA0
llama_kv_cache: layer  22: dev = CUDA0
llama_kv_cache: layer  23: dev = CUDA0
llama_kv_cache: layer  24: dev = CUDA0
llama_kv_cache: layer  25: dev = CUDA0
llama_kv_cache: layer  26: dev = CUDA0
llama_kv_cache: layer  27: dev = CUDA0
llama_kv_cache:        CPU KV buffer size =     4.50 MiB
llama_kv_cache:      CUDA0 KV buffer size =    37.50 MiB
llama_kv_cache: size =   42.00 MiB (   768 cells,  28 layers,  1/1 seqs), K (f16):   21.00 MiB, V (f16):   21.00 MiB
llama_kv_cache: attn_rot_k = 0, n_embd_head_k_all = 128
llama_kv_cache: attn_rot_v = 0, n_embd_head_k_all = 128
llama_context: enumerating backends
llama_context: backend_ptrs.size() = 2
sched_reserve: reserving ...
sched_reserve: max_nodes = 2712
sched_reserve: reserving full memory module
sched_reserve: worst-case: n_tokens = 512, n_seqs = 1, n_outputs = 1
graph_reserve: reserving a graph for ubatch with n_tokens =    1, n_seqs =  1, n_outputs =    1
sched_reserve: Flash Attention was auto, set to enabled
sched_reserve: resolving fused Gated Delta Net support:
graph_reserve: reserving a graph for ubatch with n_tokens =    1, n_seqs =  1, n_outputs =    1
sched_reserve: fused Gated Delta Net (autoregressive) enabled
graph_reserve: reserving a graph for ubatch with n_tokens =   16, n_seqs =  1, n_outputs =   16
sched_reserve: fused Gated Delta Net (chunked) enabled
graph_reserve: reserving a graph for ubatch with n_tokens =  512, n_seqs =  1, n_outputs =  512
graph_reserve: reserving a graph for ubatch with n_tokens =    1, n_seqs =  1, n_outputs =    1
graph_reserve: reserving a graph for ubatch with n_tokens =  512, n_seqs =  1, n_outputs =  512
sched_reserve:      CUDA0 compute buffer size =   304.00 MiB
sched_reserve:  CUDA_Host compute buffer size =    14.76 MiB
sched_reserve: graph nodes  = 958
sched_reserve: graph splits = 44 (with bs=512), 2 (with bs=1)
sched_reserve: reserve took 21.48 ms, sched copies = 1
CUDA Graph id 9492 reused
ggml_backend_cuda_graph_compute: CUDA graph warmup complete
CUDA Graph id 9492 reused
CUDA Graph id 9492 reused
CUDA Graph id 9492 reused
CUDA Graph id 9492 reused
CUDA Graph id 9492 reused
CUDA Graph id 9492 reused
CUDA Graph id 9492 reused
CUDA Graph id 9492 reused
CUDA Graph id 9492 reused
CUDA Graph id 9492 reused
CUDA Graph id 9492 reused
CUDA Graph id 9492 reused
CUDA Graph id 9492 reused
CUDA Graph id 9492 reused
CUDA Graph id 9492 reused
CUDA Graph id 9492 reused
CUDA Graph id 9492 reused
CUDA Graph id 9492 reused
CUDA Graph id 9492 reused
CUDA Graph id 9492 reused
CUDA Graph id 9492 reused
CUDA Graph id 9492 reused
CUDA Graph id 9492 reused
~llama_context:      CUDA0 compute buffer size is 304.0000 MiB, matches expectation of 304.0000 MiB
~llama_context:  CUDA_Host compute buffer size is  14.7637 MiB, matches expectation of  14.7637 MiB
llama_context: constructing llama_context
llama_context: n_seq_max     = 1
llama_context: n_ctx         = 768
llama_context: n_ctx_seq     = 768
llama_context: n_batch       = 734
llama_context: n_ubatch      = 512
llama_context: causal_attn   = 1
llama_context: flash_attn    = auto
llama_context: kv_unified    = false
llama_context: freq_base     = 1000000.0
llama_context: freq_scale    = 1
llama_context: n_rs_seq      = 0
llama_context: n_outputs_max = 734
llama_context: n_ctx_seq (768) < n_ctx_train (32768) -- the full capacity of the model will not be utilized
set_abort_callback: call
llama_context:  CUDA_Host  output buffer size =     0.58 MiB
llama_kv_cache: layer   0: dev = CPU
llama_kv_cache: layer   1: dev = CPU
llama_kv_cache: layer   2: dev = CPU
llama_kv_cache: layer   3: dev = CUDA0
llama_kv_cache: layer   4: dev = CUDA0
llama_kv_cache: layer   5: dev = CUDA0
llama_kv_cache: layer   6: dev = CUDA0
llama_kv_cache: layer   7: dev = CUDA0
llama_kv_cache: layer   8: dev = CUDA0
llama_kv_cache: layer   9: dev = CUDA0
llama_kv_cache: layer  10: dev = CUDA0
llama_kv_cache: layer  11: dev = CUDA0
llama_kv_cache: layer  12: dev = CUDA0
llama_kv_cache: layer  13: dev = CUDA0
llama_kv_cache: layer  14: dev = CUDA0
llama_kv_cache: layer  15: dev = CUDA0
llama_kv_cache: layer  16: dev = CUDA0
llama_kv_cache: layer  17: dev = CUDA0
llama_kv_cache: layer  18: dev = CUDA0
llama_kv_cache: layer  19: dev = CUDA0
llama_kv_cache: layer  20: dev = CUDA0
llama_kv_cache: layer  21: dev = CUDA0
llama_kv_cache: layer  22: dev = CUDA0
llama_kv_cache: layer  23: dev = CUDA0
llama_kv_cache: layer  24: dev = CUDA0
llama_kv_cache: layer  25: dev = CUDA0
llama_kv_cache: layer  26: dev = CUDA0
llama_kv_cache: layer  27: dev = CUDA0
llama_kv_cache:        CPU KV buffer size =     4.50 MiB
llama_kv_cache:      CUDA0 KV buffer size =    37.50 MiB
llama_kv_cache: size =   42.00 MiB (   768 cells,  28 layers,  1/1 seqs), K (f16):   21.00 MiB, V (f16):   21.00 MiB
llama_kv_cache: attn_rot_k = 0, n_embd_head_k_all = 128
llama_kv_cache: attn_rot_v = 0, n_embd_head_k_all = 128
llama_context: enumerating backends
llama_context: backend_ptrs.size() = 2
sched_reserve: reserving ...
sched_reserve: max_nodes = 2712
sched_reserve: reserving full memory module
sched_reserve: worst-case: n_tokens = 512, n_seqs = 1, n_outputs = 1
graph_reserve: reserving a graph for ubatch with n_tokens =    1, n_seqs =  1, n_outputs =    1
sched_reserve: Flash Attention was auto, set to enabled
sched_reserve: resolving fused Gated Delta Net support:
graph_reserve: reserving a graph for ubatch with n_tokens =    1, n_seqs =  1, n_outputs =    1
sched_reserve: fused Gated Delta Net (autoregressive) enabled
graph_reserve: reserving a graph for ubatch with n_tokens =   16, n_seqs =  1, n_outputs =   16
sched_reserve: fused Gated Delta Net (chunked) enabled
graph_reserve: reserving a graph for ubatch with n_tokens =  512, n_seqs =  1, n_outputs =  512
graph_reserve: reserving a graph for ubatch with n_tokens =    1, n_seqs =  1, n_outputs =    1
graph_reserve: reserving a graph for ubatch with n_tokens =  512, n_seqs =  1, n_outputs =  512
sched_reserve:      CUDA0 compute buffer size =   304.00 MiB
sched_reserve:  CUDA_Host compute buffer size =    14.76 MiB
sched_reserve: graph nodes  = 958
sched_reserve: graph splits = 44 (with bs=512), 2 (with bs=1)
sched_reserve: reserve took 26.48 ms, sched copies = 1
CUDA Graph id 9642 reused
ggml_backend_cuda_graph_compute: CUDA graph warmup complete
CUDA Graph id 9642 reused
CUDA Graph id 9642 reused
CUDA Graph id 9642 reused
CUDA Graph id 9642 reused
CUDA Graph id 9642 reused
CUDA Graph id 9642 reused
CUDA Graph id 9642 reused
CUDA Graph id 9642 reused
CUDA Graph id 9642 reused
CUDA Graph id 9642 reused
CUDA Graph id 9642 reused
CUDA Graph id 9642 reused
CUDA Graph id 9642 reused
CUDA Graph id 9642 reused
CUDA Graph id 9642 reused
CUDA Graph id 9642 reused
CUDA Graph id 9642 reused
CUDA Graph id 9642 reused
CUDA Graph id 9642 reused
CUDA Graph id 9642 reused
CUDA Graph id 9642 reused
CUDA Graph id 9642 reused
CUDA Graph id 9642 reused
~llama_context:      CUDA0 compute buffer size is 304.0000 MiB, matches expectation of 304.0000 MiB
~llama_context:  CUDA_Host compute buffer size is  14.7637 MiB, matches expectation of  14.7637 MiB
llama_context: constructing llama_context
llama_context: n_seq_max     = 1
llama_context: n_ctx         = 768
llama_context: n_ctx_seq     = 768
llama_context: n_batch       = 734
llama_context: n_ubatch      = 512
llama_context: causal_attn   = 1
llama_context: flash_attn    = auto
llama_context: kv_unified    = false
llama_context: freq_base     = 1000000.0
llama_context: freq_scale    = 1
llama_context: n_rs_seq      = 0
llama_context: n_outputs_max = 734
llama_context: n_ctx_seq (768) < n_ctx_train (32768) -- the full capacity of the model will not be utilized
set_abort_callback: call
llama_context:  CUDA_Host  output buffer size =     0.58 MiB
llama_kv_cache: layer   0: dev = CPU
llama_kv_cache: layer   1: dev = CPU
llama_kv_cache: layer   2: dev = CPU
llama_kv_cache: layer   3: dev = CUDA0
llama_kv_cache: layer   4: dev = CUDA0
llama_kv_cache: layer   5: dev = CUDA0
llama_kv_cache: layer   6: dev = CUDA0
llama_kv_cache: layer   7: dev = CUDA0
llama_kv_cache: layer   8: dev = CUDA0
llama_kv_cache: layer   9: dev = CUDA0
llama_kv_cache: layer  10: dev = CUDA0
llama_kv_cache: layer  11: dev = CUDA0
llama_kv_cache: layer  12: dev = CUDA0
llama_kv_cache: layer  13: dev = CUDA0
llama_kv_cache: layer  14: dev = CUDA0
llama_kv_cache: layer  15: dev = CUDA0
llama_kv_cache: layer  16: dev = CUDA0
llama_kv_cache: layer  17: dev = CUDA0
llama_kv_cache: layer  18: dev = CUDA0
llama_kv_cache: layer  19: dev = CUDA0
llama_kv_cache: layer  20: dev = CUDA0
llama_kv_cache: layer  21: dev = CUDA0
llama_kv_cache: layer  22: dev = CUDA0
llama_kv_cache: layer  23: dev = CUDA0
llama_kv_cache: layer  24: dev = CUDA0
llama_kv_cache: layer  25: dev = CUDA0
llama_kv_cache: layer  26: dev = CUDA0
llama_kv_cache: layer  27: dev = CUDA0
llama_kv_cache:        CPU KV buffer size =     4.50 MiB
llama_kv_cache:      CUDA0 KV buffer size =    37.50 MiB
llama_kv_cache: size =   42.00 MiB (   768 cells,  28 layers,  1/1 seqs), K (f16):   21.00 MiB, V (f16):   21.00 MiB
llama_kv_cache: attn_rot_k = 0, n_embd_head_k_all = 128
llama_kv_cache: attn_rot_v = 0, n_embd_head_k_all = 128
llama_context: enumerating backends
llama_context: backend_ptrs.size() = 2
sched_reserve: reserving ...
sched_reserve: max_nodes = 2712
sched_reserve: reserving full memory module
sched_reserve: worst-case: n_tokens = 512, n_seqs = 1, n_outputs = 1
graph_reserve: reserving a graph for ubatch with n_tokens =    1, n_seqs =  1, n_outputs =    1
sched_reserve: Flash Attention was auto, set to enabled
sched_reserve: resolving fused Gated Delta Net support:
graph_reserve: reserving a graph for ubatch with n_tokens =    1, n_seqs =  1, n_outputs =    1
sched_reserve: fused Gated Delta Net (autoregressive) enabled
graph_reserve: reserving a graph for ubatch with n_tokens =   16, n_seqs =  1, n_outputs =   16
sched_reserve: fused Gated Delta Net (chunked) enabled
graph_reserve: reserving a graph for ubatch with n_tokens =  512, n_seqs =  1, n_outputs =  512
graph_reserve: reserving a graph for ubatch with n_tokens =    1, n_seqs =  1, n_outputs =    1
graph_reserve: reserving a graph for ubatch with n_tokens =  512, n_seqs =  1, n_outputs =  512
sched_reserve:      CUDA0 compute buffer size =   304.00 MiB
sched_reserve:  CUDA_Host compute buffer size =    14.76 MiB
sched_reserve: graph nodes  = 958
sched_reserve: graph splits = 44 (with bs=512), 2 (with bs=1)
sched_reserve: reserve took 23.85 ms, sched copies = 1
CUDA Graph id 9792 reused
ggml_backend_cuda_graph_compute: CUDA graph warmup complete
CUDA Graph id 9792 reused
CUDA Graph id 9792 reused
CUDA Graph id 9792 reused
CUDA Graph id 9792 reused
CUDA Graph id 9792 reused
CUDA Graph id 9792 reused
CUDA Graph id 9792 reused
CUDA Graph id 9792 reused
CUDA Graph id 9792 reused
CUDA Graph id 9792 reused
CUDA Graph id 9792 reused
CUDA Graph id 9792 reused
CUDA Graph id 9792 reused
CUDA Graph id 9792 reused
CUDA Graph id 9792 reused
CUDA Graph id 9792 reused
CUDA Graph id 9792 reused
CUDA Graph id 9792 reused
CUDA Graph id 9792 reused
~llama_context:      CUDA0 compute buffer size is 304.0000 MiB, matches expectation of 304.0000 MiB
~llama_context:  CUDA_Host compute buffer size is  14.7637 MiB, matches expectation of  14.7637 MiB
llama_context: constructing llama_context
llama_context: n_seq_max     = 1
llama_context: n_ctx         = 768
llama_context: n_ctx_seq     = 768
llama_context: n_batch       = 734
llama_context: n_ubatch      = 512
llama_context: causal_attn   = 1
llama_context: flash_attn    = auto
llama_context: kv_unified    = false
llama_context: freq_base     = 1000000.0
llama_context: freq_scale    = 1
llama_context: n_rs_seq      = 0
llama_context: n_outputs_max = 734
llama_context: n_ctx_seq (768) < n_ctx_train (32768) -- the full capacity of the model will not be utilized
set_abort_callback: call
llama_context:  CUDA_Host  output buffer size =     0.58 MiB
llama_kv_cache: layer   0: dev = CPU
llama_kv_cache: layer   1: dev = CPU
llama_kv_cache: layer   2: dev = CPU
llama_kv_cache: layer   3: dev = CUDA0
llama_kv_cache: layer   4: dev = CUDA0
llama_kv_cache: layer   5: dev = CUDA0
llama_kv_cache: layer   6: dev = CUDA0
llama_kv_cache: layer   7: dev = CUDA0
llama_kv_cache: layer   8: dev = CUDA0
llama_kv_cache: layer   9: dev = CUDA0
llama_kv_cache: layer  10: dev = CUDA0
llama_kv_cache: layer  11: dev = CUDA0
llama_kv_cache: layer  12: dev = CUDA0
llama_kv_cache: layer  13: dev = CUDA0
llama_kv_cache: layer  14: dev = CUDA0
llama_kv_cache: layer  15: dev = CUDA0
llama_kv_cache: layer  16: dev = CUDA0
llama_kv_cache: layer  17: dev = CUDA0
llama_kv_cache: layer  18: dev = CUDA0
llama_kv_cache: layer  19: dev = CUDA0
llama_kv_cache: layer  20: dev = CUDA0
llama_kv_cache: layer  21: dev = CUDA0
llama_kv_cache: layer  22: dev = CUDA0
llama_kv_cache: layer  23: dev = CUDA0
llama_kv_cache: layer  24: dev = CUDA0
llama_kv_cache: layer  25: dev = CUDA0
llama_kv_cache: layer  26: dev = CUDA0
llama_kv_cache: layer  27: dev = CUDA0
llama_kv_cache:        CPU KV buffer size =     4.50 MiB
llama_kv_cache:      CUDA0 KV buffer size =    37.50 MiB
llama_kv_cache: size =   42.00 MiB (   768 cells,  28 layers,  1/1 seqs), K (f16):   21.00 MiB, V (f16):   21.00 MiB
llama_kv_cache: attn_rot_k = 0, n_embd_head_k_all = 128
llama_kv_cache: attn_rot_v = 0, n_embd_head_k_all = 128
llama_context: enumerating backends
llama_context: backend_ptrs.size() = 2
sched_reserve: reserving ...
sched_reserve: max_nodes = 2712
sched_reserve: reserving full memory module
sched_reserve: worst-case: n_tokens = 512, n_seqs = 1, n_outputs = 1
graph_reserve: reserving a graph for ubatch with n_tokens =    1, n_seqs =  1, n_outputs =    1
sched_reserve: Flash Attention was auto, set to enabled
sched_reserve: resolving fused Gated Delta Net support:
graph_reserve: reserving a graph for ubatch with n_tokens =    1, n_seqs =  1, n_outputs =    1
sched_reserve: fused Gated Delta Net (autoregressive) enabled
graph_reserve: reserving a graph for ubatch with n_tokens =   16, n_seqs =  1, n_outputs =   16
sched_reserve: fused Gated Delta Net (chunked) enabled
graph_reserve: reserving a graph for ubatch with n_tokens =  512, n_seqs =  1, n_outputs =  512
graph_reserve: reserving a graph for ubatch with n_tokens =    1, n_seqs =  1, n_outputs =    1
graph_reserve: reserving a graph for ubatch with n_tokens =  512, n_seqs =  1, n_outputs =  512
sched_reserve:      CUDA0 compute buffer size =   304.00 MiB
sched_reserve:  CUDA_Host compute buffer size =    14.76 MiB
sched_reserve: graph nodes  = 958
sched_reserve: graph splits = 44 (with bs=512), 2 (with bs=1)
sched_reserve: reserve took 30.19 ms, sched copies = 1
CUDA Graph id 9942 reused
ggml_backend_cuda_graph_compute: CUDA graph warmup complete
CUDA Graph id 9942 reused
CUDA Graph id 9942 reused
CUDA Graph id 9942 reused
CUDA Graph id 9942 reused
CUDA Graph id 9942 reused
CUDA Graph id 9942 reused
CUDA Graph id 9942 reused
CUDA Graph id 9942 reused
CUDA Graph id 9942 reused
CUDA Graph id 9942 reused
CUDA Graph id 9942 reused
CUDA Graph id 9942 reused
~llama_context:      CUDA0 compute buffer size is 304.0000 MiB, matches expectation of 304.0000 MiB
~llama_context:  CUDA_Host compute buffer size is  14.7637 MiB, matches expectation of  14.7637 MiB
schema 11/25 done
llama_context: constructing llama_context
llama_context: n_seq_max     = 1
llama_context: n_ctx         = 768
llama_context: n_ctx_seq     = 768
llama_context: n_batch       = 724
llama_context: n_ubatch      = 512
llama_context: causal_attn   = 1
llama_context: flash_attn    = auto
llama_context: kv_unified    = false
llama_context: freq_base     = 1000000.0
llama_context: freq_scale    = 1
llama_context: n_rs_seq      = 0
llama_context: n_outputs_max = 724
llama_context: n_ctx_seq (768) < n_ctx_train (32768) -- the full capacity of the model will not be utilized
set_abort_callback: call
llama_context:  CUDA_Host  output buffer size =     0.58 MiB
llama_kv_cache: layer   0: dev = CPU
llama_kv_cache: layer   1: dev = CPU
llama_kv_cache: layer   2: dev = CPU
llama_kv_cache: layer   3: dev = CUDA0
llama_kv_cache: layer   4: dev = CUDA0
llama_kv_cache: layer   5: dev = CUDA0
llama_kv_cache: layer   6: dev = CUDA0
llama_kv_cache: layer   7: dev = CUDA0
llama_kv_cache: layer   8: dev = CUDA0
llama_kv_cache: layer   9: dev = CUDA0
llama_kv_cache: layer  10: dev = CUDA0
llama_kv_cache: layer  11: dev = CUDA0
llama_kv_cache: layer  12: dev = CUDA0
llama_kv_cache: layer  13: dev = CUDA0
llama_kv_cache: layer  14: dev = CUDA0
llama_kv_cache: layer  15: dev = CUDA0
llama_kv_cache: layer  16: dev = CUDA0
llama_kv_cache: layer  17: dev = CUDA0
llama_kv_cache: layer  18: dev = CUDA0
llama_kv_cache: layer  19: dev = CUDA0
llama_kv_cache: layer  20: dev = CUDA0
llama_kv_cache: layer  21: dev = CUDA0
llama_kv_cache: layer  22: dev = CUDA0
llama_kv_cache: layer  23: dev = CUDA0
llama_kv_cache: layer  24: dev = CUDA0
llama_kv_cache: layer  25: dev = CUDA0
llama_kv_cache: layer  26: dev = CUDA0
llama_kv_cache: layer  27: dev = CUDA0
llama_kv_cache:        CPU KV buffer size =     4.50 MiB
llama_kv_cache:      CUDA0 KV buffer size =    37.50 MiB
llama_kv_cache: size =   42.00 MiB (   768 cells,  28 layers,  1/1 seqs), K (f16):   21.00 MiB, V (f16):   21.00 MiB
llama_kv_cache: attn_rot_k = 0, n_embd_head_k_all = 128
llama_kv_cache: attn_rot_v = 0, n_embd_head_k_all = 128
llama_context: enumerating backends
llama_context: backend_ptrs.size() = 2
sched_reserve: reserving ...
sched_reserve: max_nodes = 2712
sched_reserve: reserving full memory module
sched_reserve: worst-case: n_tokens = 512, n_seqs = 1, n_outputs = 1
graph_reserve: reserving a graph for ubatch with n_tokens =    1, n_seqs =  1, n_outputs =    1
sched_reserve: Flash Attention was auto, set to enabled
sched_reserve: resolving fused Gated Delta Net support:
graph_reserve: reserving a graph for ubatch with n_tokens =    1, n_seqs =  1, n_outputs =    1
sched_reserve: fused Gated Delta Net (autoregressive) enabled
graph_reserve: reserving a graph for ubatch with n_tokens =   16, n_seqs =  1, n_outputs =   16
sched_reserve: fused Gated Delta Net (chunked) enabled
graph_reserve: reserving a graph for ubatch with n_tokens =  512, n_seqs =  1, n_outputs =  512
graph_reserve: reserving a graph for ubatch with n_tokens =    1, n_seqs =  1, n_outputs =    1
graph_reserve: reserving a graph for ubatch with n_tokens =  512, n_seqs =  1, n_outputs =  512
sched_reserve:      CUDA0 compute buffer size =   304.00 MiB
sched_reserve:  CUDA_Host compute buffer size =    14.76 MiB
sched_reserve: graph nodes  = 958
sched_reserve: graph splits = 44 (with bs=512), 2 (with bs=1)
sched_reserve: reserve took 21.65 ms, sched copies = 1
CUDA Graph id 10092 reused
ggml_backend_cuda_graph_compute: CUDA graph warmup complete
CUDA Graph id 10092 reused
CUDA Graph id 10092 reused
CUDA Graph id 10092 reused
CUDA Graph id 10092 reused
CUDA Graph id 10092 reused
CUDA Graph id 10092 reused
CUDA Graph id 10092 reused
CUDA Graph id 10092 reused
CUDA Graph id 10092 reused
CUDA Graph id 10092 reused
CUDA Graph id 10092 reused
CUDA Graph id 10092 reused
CUDA Graph id 10092 reused
CUDA Graph id 10092 reused
CUDA Graph id 10092 reused
CUDA Graph id 10092 reused
CUDA Graph id 10092 reused
CUDA Graph id 10092 reused
CUDA Graph id 10092 reused
CUDA Graph id 10092 reused
CUDA Graph id 10092 reused
CUDA Graph id 10092 reused
CUDA Graph id 10092 reused
CUDA Graph id 10092 reused
CUDA Graph id 10092 reused
CUDA Graph id 10092 reused
CUDA Graph id 10092 reused
CUDA Graph id 10092 reused
CUDA Graph id 10092 reused
CUDA Graph id 10092 reused
CUDA Graph id 10092 reused
CUDA Graph id 10092 reused
CUDA Graph id 10092 reused
CUDA Graph id 10092 reused
CUDA Graph id 10092 reused
CUDA Graph id 10092 reused
CUDA Graph id 10092 reused
CUDA Graph id 10092 reused
CUDA Graph id 10092 reused
CUDA Graph id 10092 reused
CUDA Graph id 10092 reused
CUDA Graph id 10092 reused
CUDA Graph id 10092 reused
CUDA Graph id 10092 reused
CUDA Graph id 10092 reused
CUDA Graph id 10092 reused
CUDA Graph id 10092 reused
CUDA Graph id 10092 reused
CUDA Graph id 10092 reused
CUDA Graph id 10092 reused
ggml_backend_cuda_graph_compute: CUDA graph warmup reset
CUDA Graph id 10095 reused
ggml_backend_cuda_graph_compute: CUDA graph warmup complete
CUDA Graph id 10095 reused
CUDA Graph id 10095 reused
CUDA Graph id 10095 reused
CUDA Graph id 10095 reused
CUDA Graph id 10095 reused
CUDA Graph id 10095 reused
CUDA Graph id 10095 reused
CUDA Graph id 10095 reused
CUDA Graph id 10095 reused
CUDA Graph id 10095 reused
CUDA Graph id 10095 reused
CUDA Graph id 10095 reused
CUDA Graph id 10095 reused
CUDA Graph id 10095 reused
CUDA Graph id 10095 reused
CUDA Graph id 10095 reused
CUDA Graph id 10095 reused
CUDA Graph id 10095 reused
CUDA Graph id 10095 reused
CUDA Graph id 10095 reused
CUDA Graph id 10095 reused
CUDA Graph id 10095 reused
CUDA Graph id 10095 reused
CUDA Graph id 10095 reused
CUDA Graph id 10095 reused
CUDA Graph id 10095 reused
CUDA Graph id 10095 reused
CUDA Graph id 10095 reused
CUDA Graph id 10095 reused
CUDA Graph id 10095 reused
CUDA Graph id 10095 reused
CUDA Graph id 10095 reused
CUDA Graph id 10095 reused
CUDA Graph id 10095 reused
CUDA Graph id 10095 reused
CUDA Graph id 10095 reused
CUDA Graph id 10095 reused
CUDA Graph id 10095 reused
CUDA Graph id 10095 reused
CUDA Graph id 10095 reused
CUDA Graph id 10095 reused
CUDA Graph id 10095 reused
CUDA Graph id 10095 reused
CUDA Graph id 10095 reused
CUDA Graph id 10095 reused
CUDA Graph id 10095 reused
CUDA Graph id 10095 reused
CUDA Graph id 10095 reused
CUDA Graph id 10095 reused
CUDA Graph id 10095 reused
CUDA Graph id 10095 reused
CUDA Graph id 10095 reused
CUDA Graph id 10095 reused
CUDA Graph id 10095 reused
CUDA Graph id 10095 reused
CUDA Graph id 10095 reused
CUDA Graph id 10095 reused
CUDA Graph id 10095 reused
CUDA Graph id 10095 reused
CUDA Graph id 10095 reused
CUDA Graph id 10095 reused
CUDA Graph id 10095 reused
CUDA Graph id 10095 reused
CUDA Graph id 10095 reused
CUDA Graph id 10095 reused
CUDA Graph id 10095 reused
CUDA Graph id 10095 reused
CUDA Graph id 10095 reused
CUDA Graph id 10095 reused
CUDA Graph id 10095 reused
CUDA Graph id 10095 reused
CUDA Graph id 10095 reused
CUDA Graph id 10095 reused
CUDA Graph id 10095 reused
CUDA Graph id 10095 reused
CUDA Graph id 10095 reused
CUDA Graph id 10095 reused
CUDA Graph id 10095 reused
CUDA Graph id 10095 reused
CUDA Graph id 10095 reused
CUDA Graph id 10095 reused
CUDA Graph id 10095 reused
CUDA Graph id 10095 reused
CUDA Graph id 10095 reused
CUDA Graph id 10095 reused
CUDA Graph id 10095 reused
CUDA Graph id 10095 reused
CUDA Graph id 10095 reused
CUDA Graph id 10095 reused
CUDA Graph id 10095 reused
CUDA Graph id 10095 reused
CUDA Graph id 10095 reused
CUDA Graph id 10095 reused
CUDA Graph id 10095 reused
CUDA Graph id 10095 reused
CUDA Graph id 10095 reused
CUDA Graph id 10095 reused
CUDA Graph id 10095 reused
CUDA Graph id 10095 reused
CUDA Graph id 10095 reused
CUDA Graph id 10095 reused
CUDA Graph id 10095 reused
CUDA Graph id 10095 reused
CUDA Graph id 10095 reused
CUDA Graph id 10095 reused
CUDA Graph id 10095 reused
CUDA Graph id 10095 reused
CUDA Graph id 10095 reused
CUDA Graph id 10095 reused
CUDA Graph id 10095 reused
CUDA Graph id 10095 reused
CUDA Graph id 10095 reused
CUDA Graph id 10095 reused
CUDA Graph id 10095 reused
CUDA Graph id 10095 reused
CUDA Graph id 10095 reused
CUDA Graph id 10095 reused
CUDA Graph id 10095 reused
CUDA Graph id 10095 reused
CUDA Graph id 10095 reused
CUDA Graph id 10095 reused
CUDA Graph id 10095 reused
CUDA Graph id 10095 reused
CUDA Graph id 10095 reused
CUDA Graph id 10095 reused
CUDA Graph id 10095 reused
CUDA Graph id 10095 reused
CUDA Graph id 10095 reused
CUDA Graph id 10095 reused
CUDA Graph id 10095 reused
CUDA Graph id 10095 reused
CUDA Graph id 10095 reused
CUDA Graph id 10095 reused
CUDA Graph id 10095 reused
CUDA Graph id 10095 reused
CUDA Graph id 10095 reused
CUDA Graph id 10095 reused
CUDA Graph id 10095 reused
CUDA Graph id 10095 reused
CUDA Graph id 10095 reused
CUDA Graph id 10095 reused
CUDA Graph id 10095 reused
CUDA Graph id 10095 reused
CUDA Graph id 10095 reused
CUDA Graph id 10095 reused
CUDA Graph id 10095 reused
CUDA Graph id 10095 reused
CUDA Graph id 10095 reused
CUDA Graph id 10095 reused
CUDA Graph id 10095 reused
CUDA Graph id 10095 reused
CUDA Graph id 10095 reused
CUDA Graph id 10095 reused
CUDA Graph id 10095 reused
CUDA Graph id 10095 reused
CUDA Graph id 10095 reused
CUDA Graph id 10095 reused
CUDA Graph id 10095 reused
CUDA Graph id 10095 reused
CUDA Graph id 10095 reused
CUDA Graph id 10095 reused
~llama_context:      CUDA0 compute buffer size is 304.0000 MiB, matches expectation of 304.0000 MiB
~llama_context:  CUDA_Host compute buffer size is  14.7637 MiB, matches expectation of  14.7637 MiB
llama_context: constructing llama_context
llama_context: n_seq_max     = 1
llama_context: n_ctx         = 768
llama_context: n_ctx_seq     = 768
llama_context: n_batch       = 724
llama_context: n_ubatch      = 512
llama_context: causal_attn   = 1
llama_context: flash_attn    = auto
llama_context: kv_unified    = false
llama_context: freq_base     = 1000000.0
llama_context: freq_scale    = 1
llama_context: n_rs_seq      = 0
llama_context: n_outputs_max = 724
llama_context: n_ctx_seq (768) < n_ctx_train (32768) -- the full capacity of the model will not be utilized
set_abort_callback: call
llama_context:  CUDA_Host  output buffer size =     0.58 MiB
llama_kv_cache: layer   0: dev = CPU
llama_kv_cache: layer   1: dev = CPU
llama_kv_cache: layer   2: dev = CPU
llama_kv_cache: layer   3: dev = CUDA0
llama_kv_cache: layer   4: dev = CUDA0
llama_kv_cache: layer   5: dev = CUDA0
llama_kv_cache: layer   6: dev = CUDA0
llama_kv_cache: layer   7: dev = CUDA0
llama_kv_cache: layer   8: dev = CUDA0
llama_kv_cache: layer   9: dev = CUDA0
llama_kv_cache: layer  10: dev = CUDA0
llama_kv_cache: layer  11: dev = CUDA0
llama_kv_cache: layer  12: dev = CUDA0
llama_kv_cache: layer  13: dev = CUDA0
llama_kv_cache: layer  14: dev = CUDA0
llama_kv_cache: layer  15: dev = CUDA0
llama_kv_cache: layer  16: dev = CUDA0
llama_kv_cache: layer  17: dev = CUDA0
llama_kv_cache: layer  18: dev = CUDA0
llama_kv_cache: layer  19: dev = CUDA0
llama_kv_cache: layer  20: dev = CUDA0
llama_kv_cache: layer  21: dev = CUDA0
llama_kv_cache: layer  22: dev = CUDA0
llama_kv_cache: layer  23: dev = CUDA0
llama_kv_cache: layer  24: dev = CUDA0
llama_kv_cache: layer  25: dev = CUDA0
llama_kv_cache: layer  26: dev = CUDA0
llama_kv_cache: layer  27: dev = CUDA0
llama_kv_cache:        CPU KV buffer size =     4.50 MiB
llama_kv_cache:      CUDA0 KV buffer size =    37.50 MiB
llama_kv_cache: size =   42.00 MiB (   768 cells,  28 layers,  1/1 seqs), K (f16):   21.00 MiB, V (f16):   21.00 MiB
llama_kv_cache: attn_rot_k = 0, n_embd_head_k_all = 128
llama_kv_cache: attn_rot_v = 0, n_embd_head_k_all = 128
llama_context: enumerating backends
llama_context: backend_ptrs.size() = 2
sched_reserve: reserving ...
sched_reserve: max_nodes = 2712
sched_reserve: reserving full memory module
sched_reserve: worst-case: n_tokens = 512, n_seqs = 1, n_outputs = 1
graph_reserve: reserving a graph for ubatch with n_tokens =    1, n_seqs =  1, n_outputs =    1
sched_reserve: Flash Attention was auto, set to enabled
sched_reserve: resolving fused Gated Delta Net support:
graph_reserve: reserving a graph for ubatch with n_tokens =    1, n_seqs =  1, n_outputs =    1
sched_reserve: fused Gated Delta Net (autoregressive) enabled
graph_reserve: reserving a graph for ubatch with n_tokens =   16, n_seqs =  1, n_outputs =   16
sched_reserve: fused Gated Delta Net (chunked) enabled
graph_reserve: reserving a graph for ubatch with n_tokens =  512, n_seqs =  1, n_outputs =  512
graph_reserve: reserving a graph for ubatch with n_tokens =    1, n_seqs =  1, n_outputs =    1
graph_reserve: reserving a graph for ubatch with n_tokens =  512, n_seqs =  1, n_outputs =  512
sched_reserve:      CUDA0 compute buffer size =   304.00 MiB
sched_reserve:  CUDA_Host compute buffer size =    14.76 MiB
sched_reserve: graph nodes  = 958
sched_reserve: graph splits = 44 (with bs=512), 2 (with bs=1)
sched_reserve: reserve took 14.08 ms, sched copies = 1
CUDA Graph id 10245 reused
ggml_backend_cuda_graph_compute: CUDA graph warmup complete
CUDA Graph id 10245 reused
CUDA Graph id 10245 reused
CUDA Graph id 10245 reused
CUDA Graph id 10245 reused
CUDA Graph id 10245 reused
CUDA Graph id 10245 reused
CUDA Graph id 10245 reused
CUDA Graph id 10245 reused
CUDA Graph id 10245 reused
CUDA Graph id 10245 reused
CUDA Graph id 10245 reused
CUDA Graph id 10245 reused
CUDA Graph id 10245 reused
CUDA Graph id 10245 reused
CUDA Graph id 10245 reused
CUDA Graph id 10245 reused
CUDA Graph id 10245 reused
CUDA Graph id 10245 reused
CUDA Graph id 10245 reused
CUDA Graph id 10245 reused
CUDA Graph id 10245 reused
CUDA Graph id 10245 reused
CUDA Graph id 10245 reused
CUDA Graph id 10245 reused
CUDA Graph id 10245 reused
CUDA Graph id 10245 reused
CUDA Graph id 10245 reused
CUDA Graph id 10245 reused
CUDA Graph id 10245 reused
CUDA Graph id 10245 reused
CUDA Graph id 10245 reused
CUDA Graph id 10245 reused
CUDA Graph id 10245 reused
CUDA Graph id 10245 reused
CUDA Graph id 10245 reused
CUDA Graph id 10245 reused
CUDA Graph id 10245 reused
CUDA Graph id 10245 reused
CUDA Graph id 10245 reused
CUDA Graph id 10245 reused
CUDA Graph id 10245 reused
CUDA Graph id 10245 reused
CUDA Graph id 10245 reused
CUDA Graph id 10245 reused
CUDA Graph id 10245 reused
CUDA Graph id 10245 reused
CUDA Graph id 10245 reused
CUDA Graph id 10245 reused
CUDA Graph id 10245 reused
CUDA Graph id 10245 reused
ggml_backend_cuda_graph_compute: CUDA graph warmup reset
CUDA Graph id 10248 reused
ggml_backend_cuda_graph_compute: CUDA graph warmup complete
CUDA Graph id 10248 reused
CUDA Graph id 10248 reused
CUDA Graph id 10248 reused
CUDA Graph id 10248 reused
CUDA Graph id 10248 reused
CUDA Graph id 10248 reused
CUDA Graph id 10248 reused
CUDA Graph id 10248 reused
CUDA Graph id 10248 reused
CUDA Graph id 10248 reused
CUDA Graph id 10248 reused
CUDA Graph id 10248 reused
CUDA Graph id 10248 reused
CUDA Graph id 10248 reused
CUDA Graph id 10248 reused
CUDA Graph id 10248 reused
CUDA Graph id 10248 reused
CUDA Graph id 10248 reused
CUDA Graph id 10248 reused
CUDA Graph id 10248 reused
CUDA Graph id 10248 reused
CUDA Graph id 10248 reused
CUDA Graph id 10248 reused
CUDA Graph id 10248 reused
CUDA Graph id 10248 reused
CUDA Graph id 10248 reused
CUDA Graph id 10248 reused
CUDA Graph id 10248 reused
CUDA Graph id 10248 reused
CUDA Graph id 10248 reused
CUDA Graph id 10248 reused
CUDA Graph id 10248 reused
CUDA Graph id 10248 reused
CUDA Graph id 10248 reused
CUDA Graph id 10248 reused
CUDA Graph id 10248 reused
CUDA Graph id 10248 reused
CUDA Graph id 10248 reused
CUDA Graph id 10248 reused
CUDA Graph id 10248 reused
CUDA Graph id 10248 reused
CUDA Graph id 10248 reused
CUDA Graph id 10248 reused
CUDA Graph id 10248 reused
CUDA Graph id 10248 reused
CUDA Graph id 10248 reused
CUDA Graph id 10248 reused
CUDA Graph id 10248 reused
CUDA Graph id 10248 reused
CUDA Graph id 10248 reused
CUDA Graph id 10248 reused
CUDA Graph id 10248 reused
CUDA Graph id 10248 reused
CUDA Graph id 10248 reused
CUDA Graph id 10248 reused
CUDA Graph id 10248 reused
CUDA Graph id 10248 reused
CUDA Graph id 10248 reused
CUDA Graph id 10248 reused
CUDA Graph id 10248 reused
CUDA Graph id 10248 reused
CUDA Graph id 10248 reused
CUDA Graph id 10248 reused
CUDA Graph id 10248 reused
CUDA Graph id 10248 reused
CUDA Graph id 10248 reused
CUDA Graph id 10248 reused
CUDA Graph id 10248 reused
CUDA Graph id 10248 reused
CUDA Graph id 10248 reused
CUDA Graph id 10248 reused
CUDA Graph id 10248 reused
CUDA Graph id 10248 reused
CUDA Graph id 10248 reused
CUDA Graph id 10248 reused
CUDA Graph id 10248 reused
CUDA Graph id 10248 reused
CUDA Graph id 10248 reused
CUDA Graph id 10248 reused
CUDA Graph id 10248 reused
CUDA Graph id 10248 reused
CUDA Graph id 10248 reused
CUDA Graph id 10248 reused
CUDA Graph id 10248 reused
CUDA Graph id 10248 reused
CUDA Graph id 10248 reused
CUDA Graph id 10248 reused
CUDA Graph id 10248 reused
CUDA Graph id 10248 reused
CUDA Graph id 10248 reused
CUDA Graph id 10248 reused
CUDA Graph id 10248 reused
CUDA Graph id 10248 reused
CUDA Graph id 10248 reused
CUDA Graph id 10248 reused
CUDA Graph id 10248 reused
CUDA Graph id 10248 reused
CUDA Graph id 10248 reused
CUDA Graph id 10248 reused
CUDA Graph id 10248 reused
CUDA Graph id 10248 reused
CUDA Graph id 10248 reused
CUDA Graph id 10248 reused
CUDA Graph id 10248 reused
CUDA Graph id 10248 reused
CUDA Graph id 10248 reused
CUDA Graph id 10248 reused
CUDA Graph id 10248 reused
CUDA Graph id 10248 reused
CUDA Graph id 10248 reused
CUDA Graph id 10248 reused
CUDA Graph id 10248 reused
CUDA Graph id 10248 reused
CUDA Graph id 10248 reused
CUDA Graph id 10248 reused
CUDA Graph id 10248 reused
CUDA Graph id 10248 reused
CUDA Graph id 10248 reused
CUDA Graph id 10248 reused
CUDA Graph id 10248 reused
CUDA Graph id 10248 reused
CUDA Graph id 10248 reused
CUDA Graph id 10248 reused
CUDA Graph id 10248 reused
CUDA Graph id 10248 reused
CUDA Graph id 10248 reused
CUDA Graph id 10248 reused
CUDA Graph id 10248 reused
CUDA Graph id 10248 reused
CUDA Graph id 10248 reused
CUDA Graph id 10248 reused
CUDA Graph id 10248 reused
CUDA Graph id 10248 reused
CUDA Graph id 10248 reused
CUDA Graph id 10248 reused
CUDA Graph id 10248 reused
CUDA Graph id 10248 reused
CUDA Graph id 10248 reused
CUDA Graph id 10248 reused
CUDA Graph id 10248 reused
CUDA Graph id 10248 reused
CUDA Graph id 10248 reused
CUDA Graph id 10248 reused
CUDA Graph id 10248 reused
CUDA Graph id 10248 reused
CUDA Graph id 10248 reused
CUDA Graph id 10248 reused
CUDA Graph id 10248 reused
CUDA Graph id 10248 reused
CUDA Graph id 10248 reused
CUDA Graph id 10248 reused
CUDA Graph id 10248 reused
CUDA Graph id 10248 reused
CUDA Graph id 10248 reused
CUDA Graph id 10248 reused
CUDA Graph id 10248 reused
CUDA Graph id 10248 reused
CUDA Graph id 10248 reused
CUDA Graph id 10248 reused
CUDA Graph id 10248 reused
CUDA Graph id 10248 reused
~llama_context:      CUDA0 compute buffer size is 304.0000 MiB, matches expectation of 304.0000 MiB
~llama_context:  CUDA_Host compute buffer size is  14.7637 MiB, matches expectation of  14.7637 MiB
llama_context: constructing llama_context
llama_context: n_seq_max     = 1
llama_context: n_ctx         = 768
llama_context: n_ctx_seq     = 768
llama_context: n_batch       = 724
llama_context: n_ubatch      = 512
llama_context: causal_attn   = 1
llama_context: flash_attn    = auto
llama_context: kv_unified    = false
llama_context: freq_base     = 1000000.0
llama_context: freq_scale    = 1
llama_context: n_rs_seq      = 0
llama_context: n_outputs_max = 724
llama_context: n_ctx_seq (768) < n_ctx_train (32768) -- the full capacity of the model will not be utilized
set_abort_callback: call
llama_context:  CUDA_Host  output buffer size =     0.58 MiB
llama_kv_cache: layer   0: dev = CPU
llama_kv_cache: layer   1: dev = CPU
llama_kv_cache: layer   2: dev = CPU
llama_kv_cache: layer   3: dev = CUDA0
llama_kv_cache: layer   4: dev = CUDA0
llama_kv_cache: layer   5: dev = CUDA0
llama_kv_cache: layer   6: dev = CUDA0
llama_kv_cache: layer   7: dev = CUDA0
llama_kv_cache: layer   8: dev = CUDA0
llama_kv_cache: layer   9: dev = CUDA0
llama_kv_cache: layer  10: dev = CUDA0
llama_kv_cache: layer  11: dev = CUDA0
llama_kv_cache: layer  12: dev = CUDA0
llama_kv_cache: layer  13: dev = CUDA0
llama_kv_cache: layer  14: dev = CUDA0
llama_kv_cache: layer  15: dev = CUDA0
llama_kv_cache: layer  16: dev = CUDA0
llama_kv_cache: layer  17: dev = CUDA0
llama_kv_cache: layer  18: dev = CUDA0
llama_kv_cache: layer  19: dev = CUDA0
llama_kv_cache: layer  20: dev = CUDA0
llama_kv_cache: layer  21: dev = CUDA0
llama_kv_cache: layer  22: dev = CUDA0
llama_kv_cache: layer  23: dev = CUDA0
llama_kv_cache: layer  24: dev = CUDA0
llama_kv_cache: layer  25: dev = CUDA0
llama_kv_cache: layer  26: dev = CUDA0
llama_kv_cache: layer  27: dev = CUDA0
llama_kv_cache:        CPU KV buffer size =     4.50 MiB
llama_kv_cache:      CUDA0 KV buffer size =    37.50 MiB
llama_kv_cache: size =   42.00 MiB (   768 cells,  28 layers,  1/1 seqs), K (f16):   21.00 MiB, V (f16):   21.00 MiB
llama_kv_cache: attn_rot_k = 0, n_embd_head_k_all = 128
llama_kv_cache: attn_rot_v = 0, n_embd_head_k_all = 128
llama_context: enumerating backends
llama_context: backend_ptrs.size() = 2
sched_reserve: reserving ...
sched_reserve: max_nodes = 2712
sched_reserve: reserving full memory module
sched_reserve: worst-case: n_tokens = 512, n_seqs = 1, n_outputs = 1
graph_reserve: reserving a graph for ubatch with n_tokens =    1, n_seqs =  1, n_outputs =    1
sched_reserve: Flash Attention was auto, set to enabled
sched_reserve: resolving fused Gated Delta Net support:
graph_reserve: reserving a graph for ubatch with n_tokens =    1, n_seqs =  1, n_outputs =    1
sched_reserve: fused Gated Delta Net (autoregressive) enabled
graph_reserve: reserving a graph for ubatch with n_tokens =   16, n_seqs =  1, n_outputs =   16
sched_reserve: fused Gated Delta Net (chunked) enabled
graph_reserve: reserving a graph for ubatch with n_tokens =  512, n_seqs =  1, n_outputs =  512
graph_reserve: reserving a graph for ubatch with n_tokens =    1, n_seqs =  1, n_outputs =    1
graph_reserve: reserving a graph for ubatch with n_tokens =  512, n_seqs =  1, n_outputs =  512
sched_reserve:      CUDA0 compute buffer size =   304.00 MiB
sched_reserve:  CUDA_Host compute buffer size =    14.76 MiB
sched_reserve: graph nodes  = 958
sched_reserve: graph splits = 44 (with bs=512), 2 (with bs=1)
sched_reserve: reserve took 20.59 ms, sched copies = 1
CUDA Graph id 10398 reused
ggml_backend_cuda_graph_compute: CUDA graph warmup complete
CUDA Graph id 10398 reused
CUDA Graph id 10398 reused
CUDA Graph id 10398 reused
CUDA Graph id 10398 reused
CUDA Graph id 10398 reused
CUDA Graph id 10398 reused
CUDA Graph id 10398 reused
CUDA Graph id 10398 reused
CUDA Graph id 10398 reused
CUDA Graph id 10398 reused
CUDA Graph id 10398 reused
CUDA Graph id 10398 reused
CUDA Graph id 10398 reused
CUDA Graph id 10398 reused
CUDA Graph id 10398 reused
CUDA Graph id 10398 reused
CUDA Graph id 10398 reused
CUDA Graph id 10398 reused
CUDA Graph id 10398 reused
CUDA Graph id 10398 reused
CUDA Graph id 10398 reused
CUDA Graph id 10398 reused
CUDA Graph id 10398 reused
CUDA Graph id 10398 reused
CUDA Graph id 10398 reused
CUDA Graph id 10398 reused
CUDA Graph id 10398 reused
CUDA Graph id 10398 reused
CUDA Graph id 10398 reused
CUDA Graph id 10398 reused
CUDA Graph id 10398 reused
CUDA Graph id 10398 reused
CUDA Graph id 10398 reused
CUDA Graph id 10398 reused
CUDA Graph id 10398 reused
CUDA Graph id 10398 reused
CUDA Graph id 10398 reused
CUDA Graph id 10398 reused
CUDA Graph id 10398 reused
CUDA Graph id 10398 reused
CUDA Graph id 10398 reused
CUDA Graph id 10398 reused
CUDA Graph id 10398 reused
CUDA Graph id 10398 reused
CUDA Graph id 10398 reused
CUDA Graph id 10398 reused
CUDA Graph id 10398 reused
CUDA Graph id 10398 reused
CUDA Graph id 10398 reused
CUDA Graph id 10398 reused
ggml_backend_cuda_graph_compute: CUDA graph warmup reset
CUDA Graph id 10401 reused
ggml_backend_cuda_graph_compute: CUDA graph warmup complete
CUDA Graph id 10401 reused
CUDA Graph id 10401 reused
CUDA Graph id 10401 reused
CUDA Graph id 10401 reused
CUDA Graph id 10401 reused
CUDA Graph id 10401 reused
CUDA Graph id 10401 reused
CUDA Graph id 10401 reused
CUDA Graph id 10401 reused
CUDA Graph id 10401 reused
CUDA Graph id 10401 reused
CUDA Graph id 10401 reused
CUDA Graph id 10401 reused
CUDA Graph id 10401 reused
CUDA Graph id 10401 reused
CUDA Graph id 10401 reused
CUDA Graph id 10401 reused
CUDA Graph id 10401 reused
CUDA Graph id 10401 reused
CUDA Graph id 10401 reused
CUDA Graph id 10401 reused
CUDA Graph id 10401 reused
CUDA Graph id 10401 reused
CUDA Graph id 10401 reused
CUDA Graph id 10401 reused
CUDA Graph id 10401 reused
~llama_context:      CUDA0 compute buffer size is 304.0000 MiB, matches expectation of 304.0000 MiB
~llama_context:  CUDA_Host compute buffer size is  14.7637 MiB, matches expectation of  14.7637 MiB
llama_context: constructing llama_context
llama_context: n_seq_max     = 1
llama_context: n_ctx         = 768
llama_context: n_ctx_seq     = 768
llama_context: n_batch       = 724
llama_context: n_ubatch      = 512
llama_context: causal_attn   = 1
llama_context: flash_attn    = auto
llama_context: kv_unified    = false
llama_context: freq_base     = 1000000.0
llama_context: freq_scale    = 1
llama_context: n_rs_seq      = 0
llama_context: n_outputs_max = 724
llama_context: n_ctx_seq (768) < n_ctx_train (32768) -- the full capacity of the model will not be utilized
set_abort_callback: call
llama_context:  CUDA_Host  output buffer size =     0.58 MiB
llama_kv_cache: layer   0: dev = CPU
llama_kv_cache: layer   1: dev = CPU
llama_kv_cache: layer   2: dev = CPU
llama_kv_cache: layer   3: dev = CUDA0
llama_kv_cache: layer   4: dev = CUDA0
llama_kv_cache: layer   5: dev = CUDA0
llama_kv_cache: layer   6: dev = CUDA0
llama_kv_cache: layer   7: dev = CUDA0
llama_kv_cache: layer   8: dev = CUDA0
llama_kv_cache: layer   9: dev = CUDA0
llama_kv_cache: layer  10: dev = CUDA0
llama_kv_cache: layer  11: dev = CUDA0
llama_kv_cache: layer  12: dev = CUDA0
llama_kv_cache: layer  13: dev = CUDA0
llama_kv_cache: layer  14: dev = CUDA0
llama_kv_cache: layer  15: dev = CUDA0
llama_kv_cache: layer  16: dev = CUDA0
llama_kv_cache: layer  17: dev = CUDA0
llama_kv_cache: layer  18: dev = CUDA0
llama_kv_cache: layer  19: dev = CUDA0
llama_kv_cache: layer  20: dev = CUDA0
llama_kv_cache: layer  21: dev = CUDA0
llama_kv_cache: layer  22: dev = CUDA0
llama_kv_cache: layer  23: dev = CUDA0
llama_kv_cache: layer  24: dev = CUDA0
llama_kv_cache: layer  25: dev = CUDA0
llama_kv_cache: layer  26: dev = CUDA0
llama_kv_cache: layer  27: dev = CUDA0
llama_kv_cache:        CPU KV buffer size =     4.50 MiB
llama_kv_cache:      CUDA0 KV buffer size =    37.50 MiB
llama_kv_cache: size =   42.00 MiB (   768 cells,  28 layers,  1/1 seqs), K (f16):   21.00 MiB, V (f16):   21.00 MiB
llama_kv_cache: attn_rot_k = 0, n_embd_head_k_all = 128
llama_kv_cache: attn_rot_v = 0, n_embd_head_k_all = 128
llama_context: enumerating backends
llama_context: backend_ptrs.size() = 2
sched_reserve: reserving ...
sched_reserve: max_nodes = 2712
sched_reserve: reserving full memory module
sched_reserve: worst-case: n_tokens = 512, n_seqs = 1, n_outputs = 1
graph_reserve: reserving a graph for ubatch with n_tokens =    1, n_seqs =  1, n_outputs =    1
sched_reserve: Flash Attention was auto, set to enabled
sched_reserve: resolving fused Gated Delta Net support:
graph_reserve: reserving a graph for ubatch with n_tokens =    1, n_seqs =  1, n_outputs =    1
sched_reserve: fused Gated Delta Net (autoregressive) enabled
graph_reserve: reserving a graph for ubatch with n_tokens =   16, n_seqs =  1, n_outputs =   16
sched_reserve: fused Gated Delta Net (chunked) enabled
graph_reserve: reserving a graph for ubatch with n_tokens =  512, n_seqs =  1, n_outputs =  512
graph_reserve: reserving a graph for ubatch with n_tokens =    1, n_seqs =  1, n_outputs =    1
graph_reserve: reserving a graph for ubatch with n_tokens =  512, n_seqs =  1, n_outputs =  512
sched_reserve:      CUDA0 compute buffer size =   304.00 MiB
sched_reserve:  CUDA_Host compute buffer size =    14.76 MiB
sched_reserve: graph nodes  = 958
sched_reserve: graph splits = 44 (with bs=512), 2 (with bs=1)
sched_reserve: reserve took 21.13 ms, sched copies = 1
CUDA Graph id 10551 reused
ggml_backend_cuda_graph_compute: CUDA graph warmup complete
CUDA Graph id 10551 reused
CUDA Graph id 10551 reused
CUDA Graph id 10551 reused
CUDA Graph id 10551 reused
CUDA Graph id 10551 reused
CUDA Graph id 10551 reused
CUDA Graph id 10551 reused
CUDA Graph id 10551 reused
CUDA Graph id 10551 reused
CUDA Graph id 10551 reused
CUDA Graph id 10551 reused
CUDA Graph id 10551 reused
CUDA Graph id 10551 reused
CUDA Graph id 10551 reused
CUDA Graph id 10551 reused
CUDA Graph id 10551 reused
CUDA Graph id 10551 reused
CUDA Graph id 10551 reused
CUDA Graph id 10551 reused
CUDA Graph id 10551 reused
CUDA Graph id 10551 reused
CUDA Graph id 10551 reused
CUDA Graph id 10551 reused
CUDA Graph id 10551 reused
CUDA Graph id 10551 reused
CUDA Graph id 10551 reused
CUDA Graph id 10551 reused
CUDA Graph id 10551 reused
CUDA Graph id 10551 reused
CUDA Graph id 10551 reused
CUDA Graph id 10551 reused
CUDA Graph id 10551 reused
CUDA Graph id 10551 reused
CUDA Graph id 10551 reused
CUDA Graph id 10551 reused
CUDA Graph id 10551 reused
CUDA Graph id 10551 reused
CUDA Graph id 10551 reused
CUDA Graph id 10551 reused
CUDA Graph id 10551 reused
CUDA Graph id 10551 reused
CUDA Graph id 10551 reused
CUDA Graph id 10551 reused
CUDA Graph id 10551 reused
CUDA Graph id 10551 reused
CUDA Graph id 10551 reused
CUDA Graph id 10551 reused
CUDA Graph id 10551 reused
CUDA Graph id 10551 reused
CUDA Graph id 10551 reused
ggml_backend_cuda_graph_compute: CUDA graph warmup reset
CUDA Graph id 10554 reused
ggml_backend_cuda_graph_compute: CUDA graph warmup complete
CUDA Graph id 10554 reused
CUDA Graph id 10554 reused
CUDA Graph id 10554 reused
CUDA Graph id 10554 reused
CUDA Graph id 10554 reused
CUDA Graph id 10554 reused
CUDA Graph id 10554 reused
CUDA Graph id 10554 reused
CUDA Graph id 10554 reused
CUDA Graph id 10554 reused
CUDA Graph id 10554 reused
CUDA Graph id 10554 reused
CUDA Graph id 10554 reused
CUDA Graph id 10554 reused
CUDA Graph id 10554 reused
CUDA Graph id 10554 reused
CUDA Graph id 10554 reused
CUDA Graph id 10554 reused
CUDA Graph id 10554 reused
CUDA Graph id 10554 reused
CUDA Graph id 10554 reused
CUDA Graph id 10554 reused
~llama_context:      CUDA0 compute buffer size is 304.0000 MiB, matches expectation of 304.0000 MiB
~llama_context:  CUDA_Host compute buffer size is  14.7637 MiB, matches expectation of  14.7637 MiB
llama_context: constructing llama_context
llama_context: n_seq_max     = 1
llama_context: n_ctx         = 768
llama_context: n_ctx_seq     = 768
llama_context: n_batch       = 724
llama_context: n_ubatch      = 512
llama_context: causal_attn   = 1
llama_context: flash_attn    = auto
llama_context: kv_unified    = false
llama_context: freq_base     = 1000000.0
llama_context: freq_scale    = 1
llama_context: n_rs_seq      = 0
llama_context: n_outputs_max = 724
llama_context: n_ctx_seq (768) < n_ctx_train (32768) -- the full capacity of the model will not be utilized
set_abort_callback: call
llama_context:  CUDA_Host  output buffer size =     0.58 MiB
llama_kv_cache: layer   0: dev = CPU
llama_kv_cache: layer   1: dev = CPU
llama_kv_cache: layer   2: dev = CPU
llama_kv_cache: layer   3: dev = CUDA0
llama_kv_cache: layer   4: dev = CUDA0
llama_kv_cache: layer   5: dev = CUDA0
llama_kv_cache: layer   6: dev = CUDA0
llama_kv_cache: layer   7: dev = CUDA0
llama_kv_cache: layer   8: dev = CUDA0
llama_kv_cache: layer   9: dev = CUDA0
llama_kv_cache: layer  10: dev = CUDA0
llama_kv_cache: layer  11: dev = CUDA0
llama_kv_cache: layer  12: dev = CUDA0
llama_kv_cache: layer  13: dev = CUDA0
llama_kv_cache: layer  14: dev = CUDA0
llama_kv_cache: layer  15: dev = CUDA0
llama_kv_cache: layer  16: dev = CUDA0
llama_kv_cache: layer  17: dev = CUDA0
llama_kv_cache: layer  18: dev = CUDA0
llama_kv_cache: layer  19: dev = CUDA0
llama_kv_cache: layer  20: dev = CUDA0
llama_kv_cache: layer  21: dev = CUDA0
llama_kv_cache: layer  22: dev = CUDA0
llama_kv_cache: layer  23: dev = CUDA0
llama_kv_cache: layer  24: dev = CUDA0
llama_kv_cache: layer  25: dev = CUDA0
llama_kv_cache: layer  26: dev = CUDA0
llama_kv_cache: layer  27: dev = CUDA0
llama_kv_cache:        CPU KV buffer size =     4.50 MiB
llama_kv_cache:      CUDA0 KV buffer size =    37.50 MiB
llama_kv_cache: size =   42.00 MiB (   768 cells,  28 layers,  1/1 seqs), K (f16):   21.00 MiB, V (f16):   21.00 MiB
llama_kv_cache: attn_rot_k = 0, n_embd_head_k_all = 128
llama_kv_cache: attn_rot_v = 0, n_embd_head_k_all = 128
llama_context: enumerating backends
llama_context: backend_ptrs.size() = 2
sched_reserve: reserving ...
sched_reserve: max_nodes = 2712
sched_reserve: reserving full memory module
sched_reserve: worst-case: n_tokens = 512, n_seqs = 1, n_outputs = 1
graph_reserve: reserving a graph for ubatch with n_tokens =    1, n_seqs =  1, n_outputs =    1
sched_reserve: Flash Attention was auto, set to enabled
sched_reserve: resolving fused Gated Delta Net support:
graph_reserve: reserving a graph for ubatch with n_tokens =    1, n_seqs =  1, n_outputs =    1
sched_reserve: fused Gated Delta Net (autoregressive) enabled
graph_reserve: reserving a graph for ubatch with n_tokens =   16, n_seqs =  1, n_outputs =   16
sched_reserve: fused Gated Delta Net (chunked) enabled
graph_reserve: reserving a graph for ubatch with n_tokens =  512, n_seqs =  1, n_outputs =  512
graph_reserve: reserving a graph for ubatch with n_tokens =    1, n_seqs =  1, n_outputs =    1
graph_reserve: reserving a graph for ubatch with n_tokens =  512, n_seqs =  1, n_outputs =  512
sched_reserve:      CUDA0 compute buffer size =   304.00 MiB
sched_reserve:  CUDA_Host compute buffer size =    14.76 MiB
sched_reserve: graph nodes  = 958
sched_reserve: graph splits = 44 (with bs=512), 2 (with bs=1)
sched_reserve: reserve took 23.99 ms, sched copies = 1
CUDA Graph id 10704 reused
ggml_backend_cuda_graph_compute: CUDA graph warmup complete
CUDA Graph id 10704 reused
CUDA Graph id 10704 reused
CUDA Graph id 10704 reused
CUDA Graph id 10704 reused
CUDA Graph id 10704 reused
CUDA Graph id 10704 reused
CUDA Graph id 10704 reused
CUDA Graph id 10704 reused
CUDA Graph id 10704 reused
~llama_context:      CUDA0 compute buffer size is 304.0000 MiB, matches expectation of 304.0000 MiB
~llama_context:  CUDA_Host compute buffer size is  14.7637 MiB, matches expectation of  14.7637 MiB
llama_context: constructing llama_context
llama_context: n_seq_max     = 1
llama_context: n_ctx         = 768
llama_context: n_ctx_seq     = 768
llama_context: n_batch       = 724
llama_context: n_ubatch      = 512
llama_context: causal_attn   = 1
llama_context: flash_attn    = auto
llama_context: kv_unified    = false
llama_context: freq_base     = 1000000.0
llama_context: freq_scale    = 1
llama_context: n_rs_seq      = 0
llama_context: n_outputs_max = 724
llama_context: n_ctx_seq (768) < n_ctx_train (32768) -- the full capacity of the model will not be utilized
set_abort_callback: call
llama_context:  CUDA_Host  output buffer size =     0.58 MiB
llama_kv_cache: layer   0: dev = CPU
llama_kv_cache: layer   1: dev = CPU
llama_kv_cache: layer   2: dev = CPU
llama_kv_cache: layer   3: dev = CUDA0
llama_kv_cache: layer   4: dev = CUDA0
llama_kv_cache: layer   5: dev = CUDA0
llama_kv_cache: layer   6: dev = CUDA0
llama_kv_cache: layer   7: dev = CUDA0
llama_kv_cache: layer   8: dev = CUDA0
llama_kv_cache: layer   9: dev = CUDA0
llama_kv_cache: layer  10: dev = CUDA0
llama_kv_cache: layer  11: dev = CUDA0
llama_kv_cache: layer  12: dev = CUDA0
llama_kv_cache: layer  13: dev = CUDA0
llama_kv_cache: layer  14: dev = CUDA0
llama_kv_cache: layer  15: dev = CUDA0
llama_kv_cache: layer  16: dev = CUDA0
llama_kv_cache: layer  17: dev = CUDA0
llama_kv_cache: layer  18: dev = CUDA0
llama_kv_cache: layer  19: dev = CUDA0
llama_kv_cache: layer  20: dev = CUDA0
llama_kv_cache: layer  21: dev = CUDA0
llama_kv_cache: layer  22: dev = CUDA0
llama_kv_cache: layer  23: dev = CUDA0
llama_kv_cache: layer  24: dev = CUDA0
llama_kv_cache: layer  25: dev = CUDA0
llama_kv_cache: layer  26: dev = CUDA0
llama_kv_cache: layer  27: dev = CUDA0
llama_kv_cache:        CPU KV buffer size =     4.50 MiB
llama_kv_cache:      CUDA0 KV buffer size =    37.50 MiB
llama_kv_cache: size =   42.00 MiB (   768 cells,  28 layers,  1/1 seqs), K (f16):   21.00 MiB, V (f16):   21.00 MiB
llama_kv_cache: attn_rot_k = 0, n_embd_head_k_all = 128
llama_kv_cache: attn_rot_v = 0, n_embd_head_k_all = 128
llama_context: enumerating backends
llama_context: backend_ptrs.size() = 2
sched_reserve: reserving ...
sched_reserve: max_nodes = 2712
sched_reserve: reserving full memory module
sched_reserve: worst-case: n_tokens = 512, n_seqs = 1, n_outputs = 1
graph_reserve: reserving a graph for ubatch with n_tokens =    1, n_seqs =  1, n_outputs =    1
sched_reserve: Flash Attention was auto, set to enabled
sched_reserve: resolving fused Gated Delta Net support:
graph_reserve: reserving a graph for ubatch with n_tokens =    1, n_seqs =  1, n_outputs =    1
sched_reserve: fused Gated Delta Net (autoregressive) enabled
graph_reserve: reserving a graph for ubatch with n_tokens =   16, n_seqs =  1, n_outputs =   16
sched_reserve: fused Gated Delta Net (chunked) enabled
graph_reserve: reserving a graph for ubatch with n_tokens =  512, n_seqs =  1, n_outputs =  512
graph_reserve: reserving a graph for ubatch with n_tokens =    1, n_seqs =  1, n_outputs =    1
graph_reserve: reserving a graph for ubatch with n_tokens =  512, n_seqs =  1, n_outputs =  512
sched_reserve:      CUDA0 compute buffer size =   304.00 MiB
sched_reserve:  CUDA_Host compute buffer size =    14.76 MiB
sched_reserve: graph nodes  = 958
sched_reserve: graph splits = 44 (with bs=512), 2 (with bs=1)
sched_reserve: reserve took 19.43 ms, sched copies = 1
CUDA Graph id 10854 reused
ggml_backend_cuda_graph_compute: CUDA graph warmup complete
CUDA Graph id 10854 reused
CUDA Graph id 10854 reused
CUDA Graph id 10854 reused
CUDA Graph id 10854 reused
CUDA Graph id 10854 reused
CUDA Graph id 10854 reused
CUDA Graph id 10854 reused
CUDA Graph id 10854 reused
CUDA Graph id 10854 reused
CUDA Graph id 10854 reused
CUDA Graph id 10854 reused
CUDA Graph id 10854 reused
CUDA Graph id 10854 reused
CUDA Graph id 10854 reused
CUDA Graph id 10854 reused
CUDA Graph id 10854 reused
CUDA Graph id 10854 reused
CUDA Graph id 10854 reused
CUDA Graph id 10854 reused
CUDA Graph id 10854 reused
CUDA Graph id 10854 reused
CUDA Graph id 10854 reused
CUDA Graph id 10854 reused
CUDA Graph id 10854 reused
CUDA Graph id 10854 reused
CUDA Graph id 10854 reused
CUDA Graph id 10854 reused
CUDA Graph id 10854 reused
CUDA Graph id 10854 reused
CUDA Graph id 10854 reused
CUDA Graph id 10854 reused
CUDA Graph id 10854 reused
CUDA Graph id 10854 reused
CUDA Graph id 10854 reused
CUDA Graph id 10854 reused
CUDA Graph id 10854 reused
CUDA Graph id 10854 reused
CUDA Graph id 10854 reused
CUDA Graph id 10854 reused
CUDA Graph id 10854 reused
CUDA Graph id 10854 reused
CUDA Graph id 10854 reused
CUDA Graph id 10854 reused
CUDA Graph id 10854 reused
CUDA Graph id 10854 reused
CUDA Graph id 10854 reused
CUDA Graph id 10854 reused
CUDA Graph id 10854 reused
CUDA Graph id 10854 reused
CUDA Graph id 10854 reused
ggml_backend_cuda_graph_compute: CUDA graph warmup reset
CUDA Graph id 10857 reused
ggml_backend_cuda_graph_compute: CUDA graph warmup complete
CUDA Graph id 10857 reused
CUDA Graph id 10857 reused
CUDA Graph id 10857 reused
CUDA Graph id 10857 reused
CUDA Graph id 10857 reused
CUDA Graph id 10857 reused
CUDA Graph id 10857 reused
CUDA Graph id 10857 reused
CUDA Graph id 10857 reused
CUDA Graph id 10857 reused
CUDA Graph id 10857 reused
CUDA Graph id 10857 reused
CUDA Graph id 10857 reused
CUDA Graph id 10857 reused
CUDA Graph id 10857 reused
CUDA Graph id 10857 reused
CUDA Graph id 10857 reused
CUDA Graph id 10857 reused
CUDA Graph id 10857 reused
CUDA Graph id 10857 reused
CUDA Graph id 10857 reused
CUDA Graph id 10857 reused
CUDA Graph id 10857 reused
CUDA Graph id 10857 reused
CUDA Graph id 10857 reused
CUDA Graph id 10857 reused
CUDA Graph id 10857 reused
CUDA Graph id 10857 reused
CUDA Graph id 10857 reused
CUDA Graph id 10857 reused
CUDA Graph id 10857 reused
CUDA Graph id 10857 reused
CUDA Graph id 10857 reused
CUDA Graph id 10857 reused
CUDA Graph id 10857 reused
CUDA Graph id 10857 reused
CUDA Graph id 10857 reused
CUDA Graph id 10857 reused
CUDA Graph id 10857 reused
CUDA Graph id 10857 reused
CUDA Graph id 10857 reused
CUDA Graph id 10857 reused
CUDA Graph id 10857 reused
CUDA Graph id 10857 reused
CUDA Graph id 10857 reused
CUDA Graph id 10857 reused
CUDA Graph id 10857 reused
CUDA Graph id 10857 reused
CUDA Graph id 10857 reused
CUDA Graph id 10857 reused
CUDA Graph id 10857 reused
CUDA Graph id 10857 reused
CUDA Graph id 10857 reused
CUDA Graph id 10857 reused
CUDA Graph id 10857 reused
CUDA Graph id 10857 reused
CUDA Graph id 10857 reused
~llama_context:      CUDA0 compute buffer size is 304.0000 MiB, matches expectation of 304.0000 MiB
~llama_context:  CUDA_Host compute buffer size is  14.7637 MiB, matches expectation of  14.7637 MiB
schema 12/25 done
llama_context: constructing llama_context
llama_context: n_seq_max     = 1
llama_context: n_ctx         = 768
llama_context: n_ctx_seq     = 768
llama_context: n_batch       = 646
llama_context: n_ubatch      = 512
llama_context: causal_attn   = 1
llama_context: flash_attn    = auto
llama_context: kv_unified    = false
llama_context: freq_base     = 1000000.0
llama_context: freq_scale    = 1
llama_context: n_rs_seq      = 0
llama_context: n_outputs_max = 646
llama_context: n_ctx_seq (768) < n_ctx_train (32768) -- the full capacity of the model will not be utilized
set_abort_callback: call
llama_context:  CUDA_Host  output buffer size =     0.58 MiB
llama_kv_cache: layer   0: dev = CPU
llama_kv_cache: layer   1: dev = CPU
llama_kv_cache: layer   2: dev = CPU
llama_kv_cache: layer   3: dev = CUDA0
llama_kv_cache: layer   4: dev = CUDA0
llama_kv_cache: layer   5: dev = CUDA0
llama_kv_cache: layer   6: dev = CUDA0
llama_kv_cache: layer   7: dev = CUDA0
llama_kv_cache: layer   8: dev = CUDA0
llama_kv_cache: layer   9: dev = CUDA0
llama_kv_cache: layer  10: dev = CUDA0
llama_kv_cache: layer  11: dev = CUDA0
llama_kv_cache: layer  12: dev = CUDA0
llama_kv_cache: layer  13: dev = CUDA0
llama_kv_cache: layer  14: dev = CUDA0
llama_kv_cache: layer  15: dev = CUDA0
llama_kv_cache: layer  16: dev = CUDA0
llama_kv_cache: layer  17: dev = CUDA0
llama_kv_cache: layer  18: dev = CUDA0
llama_kv_cache: layer  19: dev = CUDA0
llama_kv_cache: layer  20: dev = CUDA0
llama_kv_cache: layer  21: dev = CUDA0
llama_kv_cache: layer  22: dev = CUDA0
llama_kv_cache: layer  23: dev = CUDA0
llama_kv_cache: layer  24: dev = CUDA0
llama_kv_cache: layer  25: dev = CUDA0
llama_kv_cache: layer  26: dev = CUDA0
llama_kv_cache: layer  27: dev = CUDA0
llama_kv_cache:        CPU KV buffer size =     4.50 MiB
llama_kv_cache:      CUDA0 KV buffer size =    37.50 MiB
llama_kv_cache: size =   42.00 MiB (   768 cells,  28 layers,  1/1 seqs), K (f16):   21.00 MiB, V (f16):   21.00 MiB
llama_kv_cache: attn_rot_k = 0, n_embd_head_k_all = 128
llama_kv_cache: attn_rot_v = 0, n_embd_head_k_all = 128
llama_context: enumerating backends
llama_context: backend_ptrs.size() = 2
sched_reserve: reserving ...
sched_reserve: max_nodes = 2712
sched_reserve: reserving full memory module
sched_reserve: worst-case: n_tokens = 512, n_seqs = 1, n_outputs = 1
graph_reserve: reserving a graph for ubatch with n_tokens =    1, n_seqs =  1, n_outputs =    1
sched_reserve: Flash Attention was auto, set to enabled
sched_reserve: resolving fused Gated Delta Net support:
graph_reserve: reserving a graph for ubatch with n_tokens =    1, n_seqs =  1, n_outputs =    1
sched_reserve: fused Gated Delta Net (autoregressive) enabled
graph_reserve: reserving a graph for ubatch with n_tokens =   16, n_seqs =  1, n_outputs =   16
sched_reserve: fused Gated Delta Net (chunked) enabled
graph_reserve: reserving a graph for ubatch with n_tokens =  512, n_seqs =  1, n_outputs =  512
graph_reserve: reserving a graph for ubatch with n_tokens =    1, n_seqs =  1, n_outputs =    1
graph_reserve: reserving a graph for ubatch with n_tokens =  512, n_seqs =  1, n_outputs =  512
sched_reserve:      CUDA0 compute buffer size =   304.00 MiB
sched_reserve:  CUDA_Host compute buffer size =    14.76 MiB
sched_reserve: graph nodes  = 958
sched_reserve: graph splits = 44 (with bs=512), 2 (with bs=1)
sched_reserve: reserve took 15.67 ms, sched copies = 1
CUDA Graph id 11007 reused
ggml_backend_cuda_graph_compute: CUDA graph warmup complete
CUDA Graph id 11007 reused
CUDA Graph id 11007 reused
CUDA Graph id 11007 reused
CUDA Graph id 11007 reused
CUDA Graph id 11007 reused
CUDA Graph id 11007 reused
CUDA Graph id 11007 reused
CUDA Graph id 11007 reused
CUDA Graph id 11007 reused
CUDA Graph id 11007 reused
CUDA Graph id 11007 reused
CUDA Graph id 11007 reused
CUDA Graph id 11007 reused
CUDA Graph id 11007 reused
CUDA Graph id 11007 reused
~llama_context:      CUDA0 compute buffer size is 304.0000 MiB, matches expectation of 304.0000 MiB
~llama_context:  CUDA_Host compute buffer size is  14.7637 MiB, matches expectation of  14.7637 MiB
llama_context: constructing llama_context
llama_context: n_seq_max     = 1
llama_context: n_ctx         = 768
llama_context: n_ctx_seq     = 768
llama_context: n_batch       = 646
llama_context: n_ubatch      = 512
llama_context: causal_attn   = 1
llama_context: flash_attn    = auto
llama_context: kv_unified    = false
llama_context: freq_base     = 1000000.0
llama_context: freq_scale    = 1
llama_context: n_rs_seq      = 0
llama_context: n_outputs_max = 646
llama_context: n_ctx_seq (768) < n_ctx_train (32768) -- the full capacity of the model will not be utilized
set_abort_callback: call
llama_context:  CUDA_Host  output buffer size =     0.58 MiB
llama_kv_cache: layer   0: dev = CPU
llama_kv_cache: layer   1: dev = CPU
llama_kv_cache: layer   2: dev = CPU
llama_kv_cache: layer   3: dev = CUDA0
llama_kv_cache: layer   4: dev = CUDA0
llama_kv_cache: layer   5: dev = CUDA0
llama_kv_cache: layer   6: dev = CUDA0
llama_kv_cache: layer   7: dev = CUDA0
llama_kv_cache: layer   8: dev = CUDA0
llama_kv_cache: layer   9: dev = CUDA0
llama_kv_cache: layer  10: dev = CUDA0
llama_kv_cache: layer  11: dev = CUDA0
llama_kv_cache: layer  12: dev = CUDA0
llama_kv_cache: layer  13: dev = CUDA0
llama_kv_cache: layer  14: dev = CUDA0
llama_kv_cache: layer  15: dev = CUDA0
llama_kv_cache: layer  16: dev = CUDA0
llama_kv_cache: layer  17: dev = CUDA0
llama_kv_cache: layer  18: dev = CUDA0
llama_kv_cache: layer  19: dev = CUDA0
llama_kv_cache: layer  20: dev = CUDA0
llama_kv_cache: layer  21: dev = CUDA0
llama_kv_cache: layer  22: dev = CUDA0
llama_kv_cache: layer  23: dev = CUDA0
llama_kv_cache: layer  24: dev = CUDA0
llama_kv_cache: layer  25: dev = CUDA0
llama_kv_cache: layer  26: dev = CUDA0
llama_kv_cache: layer  27: dev = CUDA0
llama_kv_cache:        CPU KV buffer size =     4.50 MiB
llama_kv_cache:      CUDA0 KV buffer size =    37.50 MiB
llama_kv_cache: size =   42.00 MiB (   768 cells,  28 layers,  1/1 seqs), K (f16):   21.00 MiB, V (f16):   21.00 MiB
llama_kv_cache: attn_rot_k = 0, n_embd_head_k_all = 128
llama_kv_cache: attn_rot_v = 0, n_embd_head_k_all = 128
llama_context: enumerating backends
llama_context: backend_ptrs.size() = 2
sched_reserve: reserving ...
sched_reserve: max_nodes = 2712
sched_reserve: reserving full memory module
sched_reserve: worst-case: n_tokens = 512, n_seqs = 1, n_outputs = 1
graph_reserve: reserving a graph for ubatch with n_tokens =    1, n_seqs =  1, n_outputs =    1
sched_reserve: Flash Attention was auto, set to enabled
sched_reserve: resolving fused Gated Delta Net support:
graph_reserve: reserving a graph for ubatch with n_tokens =    1, n_seqs =  1, n_outputs =    1
sched_reserve: fused Gated Delta Net (autoregressive) enabled
graph_reserve: reserving a graph for ubatch with n_tokens =   16, n_seqs =  1, n_outputs =   16
sched_reserve: fused Gated Delta Net (chunked) enabled
graph_reserve: reserving a graph for ubatch with n_tokens =  512, n_seqs =  1, n_outputs =  512
graph_reserve: reserving a graph for ubatch with n_tokens =    1, n_seqs =  1, n_outputs =    1
graph_reserve: reserving a graph for ubatch with n_tokens =  512, n_seqs =  1, n_outputs =  512
sched_reserve:      CUDA0 compute buffer size =   304.00 MiB
sched_reserve:  CUDA_Host compute buffer size =    14.76 MiB
sched_reserve: graph nodes  = 958
sched_reserve: graph splits = 44 (with bs=512), 2 (with bs=1)
sched_reserve: reserve took 12.06 ms, sched copies = 1
CUDA Graph id 11157 reused
ggml_backend_cuda_graph_compute: CUDA graph warmup complete
CUDA Graph id 11157 reused
CUDA Graph id 11157 reused
CUDA Graph id 11157 reused
CUDA Graph id 11157 reused
CUDA Graph id 11157 reused
CUDA Graph id 11157 reused
CUDA Graph id 11157 reused
CUDA Graph id 11157 reused
CUDA Graph id 11157 reused
CUDA Graph id 11157 reused
CUDA Graph id 11157 reused
CUDA Graph id 11157 reused
CUDA Graph id 11157 reused
CUDA Graph id 11157 reused
CUDA Graph id 11157 reused
~llama_context:      CUDA0 compute buffer size is 304.0000 MiB, matches expectation of 304.0000 MiB
~llama_context:  CUDA_Host compute buffer size is  14.7637 MiB, matches expectation of  14.7637 MiB
llama_context: constructing llama_context
llama_context: n_seq_max     = 1
llama_context: n_ctx         = 768
llama_context: n_ctx_seq     = 768
llama_context: n_batch       = 646
llama_context: n_ubatch      = 512
llama_context: causal_attn   = 1
llama_context: flash_attn    = auto
llama_context: kv_unified    = false
llama_context: freq_base     = 1000000.0
llama_context: freq_scale    = 1
llama_context: n_rs_seq      = 0
llama_context: n_outputs_max = 646
llama_context: n_ctx_seq (768) < n_ctx_train (32768) -- the full capacity of the model will not be utilized
set_abort_callback: call
llama_context:  CUDA_Host  output buffer size =     0.58 MiB
llama_kv_cache: layer   0: dev = CPU
llama_kv_cache: layer   1: dev = CPU
llama_kv_cache: layer   2: dev = CPU
llama_kv_cache: layer   3: dev = CUDA0
llama_kv_cache: layer   4: dev = CUDA0
llama_kv_cache: layer   5: dev = CUDA0
llama_kv_cache: layer   6: dev = CUDA0
llama_kv_cache: layer   7: dev = CUDA0
llama_kv_cache: layer   8: dev = CUDA0
llama_kv_cache: layer   9: dev = CUDA0
llama_kv_cache: layer  10: dev = CUDA0
llama_kv_cache: layer  11: dev = CUDA0
llama_kv_cache: layer  12: dev = CUDA0
llama_kv_cache: layer  13: dev = CUDA0
llama_kv_cache: layer  14: dev = CUDA0
llama_kv_cache: layer  15: dev = CUDA0
llama_kv_cache: layer  16: dev = CUDA0
llama_kv_cache: layer  17: dev = CUDA0
llama_kv_cache: layer  18: dev = CUDA0
llama_kv_cache: layer  19: dev = CUDA0
llama_kv_cache: layer  20: dev = CUDA0
llama_kv_cache: layer  21: dev = CUDA0
llama_kv_cache: layer  22: dev = CUDA0
llama_kv_cache: layer  23: dev = CUDA0
llama_kv_cache: layer  24: dev = CUDA0
llama_kv_cache: layer  25: dev = CUDA0
llama_kv_cache: layer  26: dev = CUDA0
llama_kv_cache: layer  27: dev = CUDA0
llama_kv_cache:        CPU KV buffer size =     4.50 MiB
llama_kv_cache:      CUDA0 KV buffer size =    37.50 MiB
llama_kv_cache: size =   42.00 MiB (   768 cells,  28 layers,  1/1 seqs), K (f16):   21.00 MiB, V (f16):   21.00 MiB
llama_kv_cache: attn_rot_k = 0, n_embd_head_k_all = 128
llama_kv_cache: attn_rot_v = 0, n_embd_head_k_all = 128
llama_context: enumerating backends
llama_context: backend_ptrs.size() = 2
sched_reserve: reserving ...
sched_reserve: max_nodes = 2712
sched_reserve: reserving full memory module
sched_reserve: worst-case: n_tokens = 512, n_seqs = 1, n_outputs = 1
graph_reserve: reserving a graph for ubatch with n_tokens =    1, n_seqs =  1, n_outputs =    1
sched_reserve: Flash Attention was auto, set to enabled
sched_reserve: resolving fused Gated Delta Net support:
graph_reserve: reserving a graph for ubatch with n_tokens =    1, n_seqs =  1, n_outputs =    1
sched_reserve: fused Gated Delta Net (autoregressive) enabled
graph_reserve: reserving a graph for ubatch with n_tokens =   16, n_seqs =  1, n_outputs =   16
sched_reserve: fused Gated Delta Net (chunked) enabled
graph_reserve: reserving a graph for ubatch with n_tokens =  512, n_seqs =  1, n_outputs =  512
graph_reserve: reserving a graph for ubatch with n_tokens =    1, n_seqs =  1, n_outputs =    1
graph_reserve: reserving a graph for ubatch with n_tokens =  512, n_seqs =  1, n_outputs =  512
sched_reserve:      CUDA0 compute buffer size =   304.00 MiB
sched_reserve:  CUDA_Host compute buffer size =    14.76 MiB
sched_reserve: graph nodes  = 958
sched_reserve: graph splits = 44 (with bs=512), 2 (with bs=1)
sched_reserve: reserve took 26.67 ms, sched copies = 1
CUDA Graph id 11307 reused
ggml_backend_cuda_graph_compute: CUDA graph warmup complete
CUDA Graph id 11307 reused
CUDA Graph id 11307 reused
CUDA Graph id 11307 reused
CUDA Graph id 11307 reused
CUDA Graph id 11307 reused
CUDA Graph id 11307 reused
CUDA Graph id 11307 reused
CUDA Graph id 11307 reused
~llama_context:      CUDA0 compute buffer size is 304.0000 MiB, matches expectation of 304.0000 MiB
~llama_context:  CUDA_Host compute buffer size is  14.7637 MiB, matches expectation of  14.7637 MiB
llama_context: constructing llama_context
llama_context: n_seq_max     = 1
llama_context: n_ctx         = 768
llama_context: n_ctx_seq     = 768
llama_context: n_batch       = 646
llama_context: n_ubatch      = 512
llama_context: causal_attn   = 1
llama_context: flash_attn    = auto
llama_context: kv_unified    = false
llama_context: freq_base     = 1000000.0
llama_context: freq_scale    = 1
llama_context: n_rs_seq      = 0
llama_context: n_outputs_max = 646
llama_context: n_ctx_seq (768) < n_ctx_train (32768) -- the full capacity of the model will not be utilized
set_abort_callback: call
llama_context:  CUDA_Host  output buffer size =     0.58 MiB
llama_kv_cache: layer   0: dev = CPU
llama_kv_cache: layer   1: dev = CPU
llama_kv_cache: layer   2: dev = CPU
llama_kv_cache: layer   3: dev = CUDA0
llama_kv_cache: layer   4: dev = CUDA0
llama_kv_cache: layer   5: dev = CUDA0
llama_kv_cache: layer   6: dev = CUDA0
llama_kv_cache: layer   7: dev = CUDA0
llama_kv_cache: layer   8: dev = CUDA0
llama_kv_cache: layer   9: dev = CUDA0
llama_kv_cache: layer  10: dev = CUDA0
llama_kv_cache: layer  11: dev = CUDA0
llama_kv_cache: layer  12: dev = CUDA0
llama_kv_cache: layer  13: dev = CUDA0
llama_kv_cache: layer  14: dev = CUDA0
llama_kv_cache: layer  15: dev = CUDA0
llama_kv_cache: layer  16: dev = CUDA0
llama_kv_cache: layer  17: dev = CUDA0
llama_kv_cache: layer  18: dev = CUDA0
llama_kv_cache: layer  19: dev = CUDA0
llama_kv_cache: layer  20: dev = CUDA0
llama_kv_cache: layer  21: dev = CUDA0
llama_kv_cache: layer  22: dev = CUDA0
llama_kv_cache: layer  23: dev = CUDA0
llama_kv_cache: layer  24: dev = CUDA0
llama_kv_cache: layer  25: dev = CUDA0
llama_kv_cache: layer  26: dev = CUDA0
llama_kv_cache: layer  27: dev = CUDA0
llama_kv_cache:        CPU KV buffer size =     4.50 MiB
llama_kv_cache:      CUDA0 KV buffer size =    37.50 MiB
llama_kv_cache: size =   42.00 MiB (   768 cells,  28 layers,  1/1 seqs), K (f16):   21.00 MiB, V (f16):   21.00 MiB
llama_kv_cache: attn_rot_k = 0, n_embd_head_k_all = 128
llama_kv_cache: attn_rot_v = 0, n_embd_head_k_all = 128
llama_context: enumerating backends
llama_context: backend_ptrs.size() = 2
sched_reserve: reserving ...
sched_reserve: max_nodes = 2712
sched_reserve: reserving full memory module
sched_reserve: worst-case: n_tokens = 512, n_seqs = 1, n_outputs = 1
graph_reserve: reserving a graph for ubatch with n_tokens =    1, n_seqs =  1, n_outputs =    1
sched_reserve: Flash Attention was auto, set to enabled
sched_reserve: resolving fused Gated Delta Net support:
graph_reserve: reserving a graph for ubatch with n_tokens =    1, n_seqs =  1, n_outputs =    1
sched_reserve: fused Gated Delta Net (autoregressive) enabled
graph_reserve: reserving a graph for ubatch with n_tokens =   16, n_seqs =  1, n_outputs =   16
sched_reserve: fused Gated Delta Net (chunked) enabled
graph_reserve: reserving a graph for ubatch with n_tokens =  512, n_seqs =  1, n_outputs =  512
graph_reserve: reserving a graph for ubatch with n_tokens =    1, n_seqs =  1, n_outputs =    1
graph_reserve: reserving a graph for ubatch with n_tokens =  512, n_seqs =  1, n_outputs =  512
sched_reserve:      CUDA0 compute buffer size =   304.00 MiB
sched_reserve:  CUDA_Host compute buffer size =    14.76 MiB
sched_reserve: graph nodes  = 958
sched_reserve: graph splits = 44 (with bs=512), 2 (with bs=1)
sched_reserve: reserve took 22.81 ms, sched copies = 1
CUDA Graph id 11457 reused
ggml_backend_cuda_graph_compute: CUDA graph warmup complete
CUDA Graph id 11457 reused
CUDA Graph id 11457 reused
CUDA Graph id 11457 reused
CUDA Graph id 11457 reused
CUDA Graph id 11457 reused
CUDA Graph id 11457 reused
CUDA Graph id 11457 reused
CUDA Graph id 11457 reused
CUDA Graph id 11457 reused
CUDA Graph id 11457 reused
CUDA Graph id 11457 reused
CUDA Graph id 11457 reused
CUDA Graph id 11457 reused
CUDA Graph id 11457 reused
CUDA Graph id 11457 reused
~llama_context:      CUDA0 compute buffer size is 304.0000 MiB, matches expectation of 304.0000 MiB
~llama_context:  CUDA_Host compute buffer size is  14.7637 MiB, matches expectation of  14.7637 MiB
llama_context: constructing llama_context
llama_context: n_seq_max     = 1
llama_context: n_ctx         = 768
llama_context: n_ctx_seq     = 768
llama_context: n_batch       = 646
llama_context: n_ubatch      = 512
llama_context: causal_attn   = 1
llama_context: flash_attn    = auto
llama_context: kv_unified    = false
llama_context: freq_base     = 1000000.0
llama_context: freq_scale    = 1
llama_context: n_rs_seq      = 0
llama_context: n_outputs_max = 646
llama_context: n_ctx_seq (768) < n_ctx_train (32768) -- the full capacity of the model will not be utilized
set_abort_callback: call
llama_context:  CUDA_Host  output buffer size =     0.58 MiB
llama_kv_cache: layer   0: dev = CPU
llama_kv_cache: layer   1: dev = CPU
llama_kv_cache: layer   2: dev = CPU
llama_kv_cache: layer   3: dev = CUDA0
llama_kv_cache: layer   4: dev = CUDA0
llama_kv_cache: layer   5: dev = CUDA0
llama_kv_cache: layer   6: dev = CUDA0
llama_kv_cache: layer   7: dev = CUDA0
llama_kv_cache: layer   8: dev = CUDA0
llama_kv_cache: layer   9: dev = CUDA0
llama_kv_cache: layer  10: dev = CUDA0
llama_kv_cache: layer  11: dev = CUDA0
llama_kv_cache: layer  12: dev = CUDA0
llama_kv_cache: layer  13: dev = CUDA0
llama_kv_cache: layer  14: dev = CUDA0
llama_kv_cache: layer  15: dev = CUDA0
llama_kv_cache: layer  16: dev = CUDA0
llama_kv_cache: layer  17: dev = CUDA0
llama_kv_cache: layer  18: dev = CUDA0
llama_kv_cache: layer  19: dev = CUDA0
llama_kv_cache: layer  20: dev = CUDA0
llama_kv_cache: layer  21: dev = CUDA0
llama_kv_cache: layer  22: dev = CUDA0
llama_kv_cache: layer  23: dev = CUDA0
llama_kv_cache: layer  24: dev = CUDA0
llama_kv_cache: layer  25: dev = CUDA0
llama_kv_cache: layer  26: dev = CUDA0
llama_kv_cache: layer  27: dev = CUDA0
llama_kv_cache:        CPU KV buffer size =     4.50 MiB
llama_kv_cache:      CUDA0 KV buffer size =    37.50 MiB
llama_kv_cache: size =   42.00 MiB (   768 cells,  28 layers,  1/1 seqs), K (f16):   21.00 MiB, V (f16):   21.00 MiB
llama_kv_cache: attn_rot_k = 0, n_embd_head_k_all = 128
llama_kv_cache: attn_rot_v = 0, n_embd_head_k_all = 128
llama_context: enumerating backends
llama_context: backend_ptrs.size() = 2
sched_reserve: reserving ...
sched_reserve: max_nodes = 2712
sched_reserve: reserving full memory module
sched_reserve: worst-case: n_tokens = 512, n_seqs = 1, n_outputs = 1
graph_reserve: reserving a graph for ubatch with n_tokens =    1, n_seqs =  1, n_outputs =    1
sched_reserve: Flash Attention was auto, set to enabled
sched_reserve: resolving fused Gated Delta Net support:
graph_reserve: reserving a graph for ubatch with n_tokens =    1, n_seqs =  1, n_outputs =    1
sched_reserve: fused Gated Delta Net (autoregressive) enabled
graph_reserve: reserving a graph for ubatch with n_tokens =   16, n_seqs =  1, n_outputs =   16
sched_reserve: fused Gated Delta Net (chunked) enabled
graph_reserve: reserving a graph for ubatch with n_tokens =  512, n_seqs =  1, n_outputs =  512
graph_reserve: reserving a graph for ubatch with n_tokens =    1, n_seqs =  1, n_outputs =    1
graph_reserve: reserving a graph for ubatch with n_tokens =  512, n_seqs =  1, n_outputs =  512
sched_reserve:      CUDA0 compute buffer size =   304.00 MiB
sched_reserve:  CUDA_Host compute buffer size =    14.76 MiB
sched_reserve: graph nodes  = 958
sched_reserve: graph splits = 44 (with bs=512), 2 (with bs=1)
sched_reserve: reserve took 20.02 ms, sched copies = 1
CUDA Graph id 11607 reused
ggml_backend_cuda_graph_compute: CUDA graph warmup complete
CUDA Graph id 11607 reused
CUDA Graph id 11607 reused
CUDA Graph id 11607 reused
CUDA Graph id 11607 reused
CUDA Graph id 11607 reused
CUDA Graph id 11607 reused
CUDA Graph id 11607 reused
CUDA Graph id 11607 reused
~llama_context:      CUDA0 compute buffer size is 304.0000 MiB, matches expectation of 304.0000 MiB
~llama_context:  CUDA_Host compute buffer size is  14.7637 MiB, matches expectation of  14.7637 MiB
llama_context: constructing llama_context
llama_context: n_seq_max     = 1
llama_context: n_ctx         = 768
llama_context: n_ctx_seq     = 768
llama_context: n_batch       = 646
llama_context: n_ubatch      = 512
llama_context: causal_attn   = 1
llama_context: flash_attn    = auto
llama_context: kv_unified    = false
llama_context: freq_base     = 1000000.0
llama_context: freq_scale    = 1
llama_context: n_rs_seq      = 0
llama_context: n_outputs_max = 646
llama_context: n_ctx_seq (768) < n_ctx_train (32768) -- the full capacity of the model will not be utilized
set_abort_callback: call
llama_context:  CUDA_Host  output buffer size =     0.58 MiB
llama_kv_cache: layer   0: dev = CPU
llama_kv_cache: layer   1: dev = CPU
llama_kv_cache: layer   2: dev = CPU
llama_kv_cache: layer   3: dev = CUDA0
llama_kv_cache: layer   4: dev = CUDA0
llama_kv_cache: layer   5: dev = CUDA0
llama_kv_cache: layer   6: dev = CUDA0
llama_kv_cache: layer   7: dev = CUDA0
llama_kv_cache: layer   8: dev = CUDA0
llama_kv_cache: layer   9: dev = CUDA0
llama_kv_cache: layer  10: dev = CUDA0
llama_kv_cache: layer  11: dev = CUDA0
llama_kv_cache: layer  12: dev = CUDA0
llama_kv_cache: layer  13: dev = CUDA0
llama_kv_cache: layer  14: dev = CUDA0
llama_kv_cache: layer  15: dev = CUDA0
llama_kv_cache: layer  16: dev = CUDA0
llama_kv_cache: layer  17: dev = CUDA0
llama_kv_cache: layer  18: dev = CUDA0
llama_kv_cache: layer  19: dev = CUDA0
llama_kv_cache: layer  20: dev = CUDA0
llama_kv_cache: layer  21: dev = CUDA0
llama_kv_cache: layer  22: dev = CUDA0
llama_kv_cache: layer  23: dev = CUDA0
llama_kv_cache: layer  24: dev = CUDA0
llama_kv_cache: layer  25: dev = CUDA0
llama_kv_cache: layer  26: dev = CUDA0
llama_kv_cache: layer  27: dev = CUDA0
llama_kv_cache:        CPU KV buffer size =     4.50 MiB
llama_kv_cache:      CUDA0 KV buffer size =    37.50 MiB
llama_kv_cache: size =   42.00 MiB (   768 cells,  28 layers,  1/1 seqs), K (f16):   21.00 MiB, V (f16):   21.00 MiB
llama_kv_cache: attn_rot_k = 0, n_embd_head_k_all = 128
llama_kv_cache: attn_rot_v = 0, n_embd_head_k_all = 128
llama_context: enumerating backends
llama_context: backend_ptrs.size() = 2
sched_reserve: reserving ...
sched_reserve: max_nodes = 2712
sched_reserve: reserving full memory module
sched_reserve: worst-case: n_tokens = 512, n_seqs = 1, n_outputs = 1
graph_reserve: reserving a graph for ubatch with n_tokens =    1, n_seqs =  1, n_outputs =    1
sched_reserve: Flash Attention was auto, set to enabled
sched_reserve: resolving fused Gated Delta Net support:
graph_reserve: reserving a graph for ubatch with n_tokens =    1, n_seqs =  1, n_outputs =    1
sched_reserve: fused Gated Delta Net (autoregressive) enabled
graph_reserve: reserving a graph for ubatch with n_tokens =   16, n_seqs =  1, n_outputs =   16
sched_reserve: fused Gated Delta Net (chunked) enabled
graph_reserve: reserving a graph for ubatch with n_tokens =  512, n_seqs =  1, n_outputs =  512
graph_reserve: reserving a graph for ubatch with n_tokens =    1, n_seqs =  1, n_outputs =    1
graph_reserve: reserving a graph for ubatch with n_tokens =  512, n_seqs =  1, n_outputs =  512
sched_reserve:      CUDA0 compute buffer size =   304.00 MiB
sched_reserve:  CUDA_Host compute buffer size =    14.76 MiB
sched_reserve: graph nodes  = 958
sched_reserve: graph splits = 44 (with bs=512), 2 (with bs=1)
sched_reserve: reserve took 25.24 ms, sched copies = 1
CUDA Graph id 11757 reused
ggml_backend_cuda_graph_compute: CUDA graph warmup complete
CUDA Graph id 11757 reused
CUDA Graph id 11757 reused
CUDA Graph id 11757 reused
CUDA Graph id 11757 reused
CUDA Graph id 11757 reused
CUDA Graph id 11757 reused
CUDA Graph id 11757 reused
CUDA Graph id 11757 reused
CUDA Graph id 11757 reused
CUDA Graph id 11757 reused
CUDA Graph id 11757 reused
CUDA Graph id 11757 reused
~llama_context:      CUDA0 compute buffer size is 304.0000 MiB, matches expectation of 304.0000 MiB
~llama_context:  CUDA_Host compute buffer size is  14.7637 MiB, matches expectation of  14.7637 MiB
schema 13/25 done
llama_context: constructing llama_context
llama_context: n_seq_max     = 1
llama_context: n_ctx         = 768
llama_context: n_ctx_seq     = 768
llama_context: n_batch       = 728
llama_context: n_ubatch      = 512
llama_context: causal_attn   = 1
llama_context: flash_attn    = auto
llama_context: kv_unified    = false
llama_context: freq_base     = 1000000.0
llama_context: freq_scale    = 1
llama_context: n_rs_seq      = 0
llama_context: n_outputs_max = 728
llama_context: n_ctx_seq (768) < n_ctx_train (32768) -- the full capacity of the model will not be utilized
set_abort_callback: call
llama_context:  CUDA_Host  output buffer size =     0.58 MiB
llama_kv_cache: layer   0: dev = CPU
llama_kv_cache: layer   1: dev = CPU
llama_kv_cache: layer   2: dev = CPU
llama_kv_cache: layer   3: dev = CUDA0
llama_kv_cache: layer   4: dev = CUDA0
llama_kv_cache: layer   5: dev = CUDA0
llama_kv_cache: layer   6: dev = CUDA0
llama_kv_cache: layer   7: dev = CUDA0
llama_kv_cache: layer   8: dev = CUDA0
llama_kv_cache: layer   9: dev = CUDA0
llama_kv_cache: layer  10: dev = CUDA0
llama_kv_cache: layer  11: dev = CUDA0
llama_kv_cache: layer  12: dev = CUDA0
llama_kv_cache: layer  13: dev = CUDA0
llama_kv_cache: layer  14: dev = CUDA0
llama_kv_cache: layer  15: dev = CUDA0
llama_kv_cache: layer  16: dev = CUDA0
llama_kv_cache: layer  17: dev = CUDA0
llama_kv_cache: layer  18: dev = CUDA0
llama_kv_cache: layer  19: dev = CUDA0
llama_kv_cache: layer  20: dev = CUDA0
llama_kv_cache: layer  21: dev = CUDA0
llama_kv_cache: layer  22: dev = CUDA0
llama_kv_cache: layer  23: dev = CUDA0
llama_kv_cache: layer  24: dev = CUDA0
llama_kv_cache: layer  25: dev = CUDA0
llama_kv_cache: layer  26: dev = CUDA0
llama_kv_cache: layer  27: dev = CUDA0
llama_kv_cache:        CPU KV buffer size =     4.50 MiB
llama_kv_cache:      CUDA0 KV buffer size =    37.50 MiB
llama_kv_cache: size =   42.00 MiB (   768 cells,  28 layers,  1/1 seqs), K (f16):   21.00 MiB, V (f16):   21.00 MiB
llama_kv_cache: attn_rot_k = 0, n_embd_head_k_all = 128
llama_kv_cache: attn_rot_v = 0, n_embd_head_k_all = 128
llama_context: enumerating backends
llama_context: backend_ptrs.size() = 2
sched_reserve: reserving ...
sched_reserve: max_nodes = 2712
sched_reserve: reserving full memory module
sched_reserve: worst-case: n_tokens = 512, n_seqs = 1, n_outputs = 1
graph_reserve: reserving a graph for ubatch with n_tokens =    1, n_seqs =  1, n_outputs =    1
sched_reserve: Flash Attention was auto, set to enabled
sched_reserve: resolving fused Gated Delta Net support:
graph_reserve: reserving a graph for ubatch with n_tokens =    1, n_seqs =  1, n_outputs =    1
sched_reserve: fused Gated Delta Net (autoregressive) enabled
graph_reserve: reserving a graph for ubatch with n_tokens =   16, n_seqs =  1, n_outputs =   16
sched_reserve: fused Gated Delta Net (chunked) enabled
graph_reserve: reserving a graph for ubatch with n_tokens =  512, n_seqs =  1, n_outputs =  512
graph_reserve: reserving a graph for ubatch with n_tokens =    1, n_seqs =  1, n_outputs =    1
graph_reserve: reserving a graph for ubatch with n_tokens =  512, n_seqs =  1, n_outputs =  512
sched_reserve:      CUDA0 compute buffer size =   304.00 MiB
sched_reserve:  CUDA_Host compute buffer size =    14.76 MiB
sched_reserve: graph nodes  = 958
sched_reserve: graph splits = 44 (with bs=512), 2 (with bs=1)
sched_reserve: reserve took 19.26 ms, sched copies = 1
CUDA Graph id 11907 reused
ggml_backend_cuda_graph_compute: CUDA graph warmup complete
CUDA Graph id 11907 reused
CUDA Graph id 11907 reused
CUDA Graph id 11907 reused
CUDA Graph id 11907 reused
CUDA Graph id 11907 reused
CUDA Graph id 11907 reused
CUDA Graph id 11907 reused
CUDA Graph id 11907 reused
CUDA Graph id 11907 reused
CUDA Graph id 11907 reused
CUDA Graph id 11907 reused
CUDA Graph id 11907 reused
CUDA Graph id 11907 reused
CUDA Graph id 11907 reused
CUDA Graph id 11907 reused
CUDA Graph id 11907 reused
CUDA Graph id 11907 reused
CUDA Graph id 11907 reused
CUDA Graph id 11907 reused
CUDA Graph id 11907 reused
CUDA Graph id 11907 reused
CUDA Graph id 11907 reused
CUDA Graph id 11907 reused
CUDA Graph id 11907 reused
CUDA Graph id 11907 reused
CUDA Graph id 11907 reused
CUDA Graph id 11907 reused
CUDA Graph id 11907 reused
CUDA Graph id 11907 reused
CUDA Graph id 11907 reused
CUDA Graph id 11907 reused
CUDA Graph id 11907 reused
CUDA Graph id 11907 reused
CUDA Graph id 11907 reused
CUDA Graph id 11907 reused
CUDA Graph id 11907 reused
CUDA Graph id 11907 reused
CUDA Graph id 11907 reused
CUDA Graph id 11907 reused
CUDA Graph id 11907 reused
CUDA Graph id 11907 reused
CUDA Graph id 11907 reused
CUDA Graph id 11907 reused
CUDA Graph id 11907 reused
CUDA Graph id 11907 reused
CUDA Graph id 11907 reused
ggml_backend_cuda_graph_compute: CUDA graph warmup reset
CUDA Graph id 11910 reused
ggml_backend_cuda_graph_compute: CUDA graph warmup complete
CUDA Graph id 11910 reused
CUDA Graph id 11910 reused
CUDA Graph id 11910 reused
CUDA Graph id 11910 reused
CUDA Graph id 11910 reused
CUDA Graph id 11910 reused
CUDA Graph id 11910 reused
CUDA Graph id 11910 reused
CUDA Graph id 11910 reused
CUDA Graph id 11910 reused
CUDA Graph id 11910 reused
CUDA Graph id 11910 reused
CUDA Graph id 11910 reused
CUDA Graph id 11910 reused
CUDA Graph id 11910 reused
CUDA Graph id 11910 reused
CUDA Graph id 11910 reused
CUDA Graph id 11910 reused
CUDA Graph id 11910 reused
CUDA Graph id 11910 reused
CUDA Graph id 11910 reused
CUDA Graph id 11910 reused
CUDA Graph id 11910 reused
CUDA Graph id 11910 reused
CUDA Graph id 11910 reused
CUDA Graph id 11910 reused
CUDA Graph id 11910 reused
CUDA Graph id 11910 reused
CUDA Graph id 11910 reused
CUDA Graph id 11910 reused
CUDA Graph id 11910 reused
CUDA Graph id 11910 reused
CUDA Graph id 11910 reused
CUDA Graph id 11910 reused
CUDA Graph id 11910 reused
CUDA Graph id 11910 reused
CUDA Graph id 11910 reused
CUDA Graph id 11910 reused
CUDA Graph id 11910 reused
CUDA Graph id 11910 reused
CUDA Graph id 11910 reused
CUDA Graph id 11910 reused
CUDA Graph id 11910 reused
CUDA Graph id 11910 reused
CUDA Graph id 11910 reused
CUDA Graph id 11910 reused
CUDA Graph id 11910 reused
CUDA Graph id 11910 reused
CUDA Graph id 11910 reused
CUDA Graph id 11910 reused
CUDA Graph id 11910 reused
CUDA Graph id 11910 reused
CUDA Graph id 11910 reused
CUDA Graph id 11910 reused
CUDA Graph id 11910 reused
CUDA Graph id 11910 reused
CUDA Graph id 11910 reused
CUDA Graph id 11910 reused
CUDA Graph id 11910 reused
CUDA Graph id 11910 reused
CUDA Graph id 11910 reused
CUDA Graph id 11910 reused
CUDA Graph id 11910 reused
CUDA Graph id 11910 reused
CUDA Graph id 11910 reused
CUDA Graph id 11910 reused
CUDA Graph id 11910 reused
CUDA Graph id 11910 reused
CUDA Graph id 11910 reused
CUDA Graph id 11910 reused
CUDA Graph id 11910 reused
CUDA Graph id 11910 reused
CUDA Graph id 11910 reused
CUDA Graph id 11910 reused
CUDA Graph id 11910 reused
CUDA Graph id 11910 reused
CUDA Graph id 11910 reused
CUDA Graph id 11910 reused
CUDA Graph id 11910 reused
CUDA Graph id 11910 reused
CUDA Graph id 11910 reused
CUDA Graph id 11910 reused
CUDA Graph id 11910 reused
CUDA Graph id 11910 reused
CUDA Graph id 11910 reused
CUDA Graph id 11910 reused
CUDA Graph id 11910 reused
CUDA Graph id 11910 reused
CUDA Graph id 11910 reused
CUDA Graph id 11910 reused
CUDA Graph id 11910 reused
CUDA Graph id 11910 reused
CUDA Graph id 11910 reused
CUDA Graph id 11910 reused
CUDA Graph id 11910 reused
CUDA Graph id 11910 reused
CUDA Graph id 11910 reused
CUDA Graph id 11910 reused
CUDA Graph id 11910 reused
CUDA Graph id 11910 reused
CUDA Graph id 11910 reused
CUDA Graph id 11910 reused
CUDA Graph id 11910 reused
CUDA Graph id 11910 reused
CUDA Graph id 11910 reused
CUDA Graph id 11910 reused
CUDA Graph id 11910 reused
CUDA Graph id 11910 reused
CUDA Graph id 11910 reused
CUDA Graph id 11910 reused
CUDA Graph id 11910 reused
CUDA Graph id 11910 reused
CUDA Graph id 11910 reused
CUDA Graph id 11910 reused
CUDA Graph id 11910 reused
CUDA Graph id 11910 reused
CUDA Graph id 11910 reused
CUDA Graph id 11910 reused
CUDA Graph id 11910 reused
CUDA Graph id 11910 reused
CUDA Graph id 11910 reused
CUDA Graph id 11910 reused
CUDA Graph id 11910 reused
CUDA Graph id 11910 reused
CUDA Graph id 11910 reused
CUDA Graph id 11910 reused
CUDA Graph id 11910 reused
CUDA Graph id 11910 reused
CUDA Graph id 11910 reused
CUDA Graph id 11910 reused
CUDA Graph id 11910 reused
CUDA Graph id 11910 reused
CUDA Graph id 11910 reused
CUDA Graph id 11910 reused
CUDA Graph id 11910 reused
CUDA Graph id 11910 reused
CUDA Graph id 11910 reused
CUDA Graph id 11910 reused
CUDA Graph id 11910 reused
CUDA Graph id 11910 reused
CUDA Graph id 11910 reused
CUDA Graph id 11910 reused
CUDA Graph id 11910 reused
CUDA Graph id 11910 reused
CUDA Graph id 11910 reused
CUDA Graph id 11910 reused
CUDA Graph id 11910 reused
CUDA Graph id 11910 reused
CUDA Graph id 11910 reused
CUDA Graph id 11910 reused
CUDA Graph id 11910 reused
CUDA Graph id 11910 reused
CUDA Graph id 11910 reused
CUDA Graph id 11910 reused
CUDA Graph id 11910 reused
CUDA Graph id 11910 reused
CUDA Graph id 11910 reused
CUDA Graph id 11910 reused
CUDA Graph id 11910 reused
CUDA Graph id 11910 reused
CUDA Graph id 11910 reused
CUDA Graph id 11910 reused
CUDA Graph id 11910 reused
CUDA Graph id 11910 reused
CUDA Graph id 11910 reused
CUDA Graph id 11910 reused
CUDA Graph id 11910 reused
CUDA Graph id 11910 reused
CUDA Graph id 11910 reused
CUDA Graph id 11910 reused
CUDA Graph id 11910 reused
CUDA Graph id 11910 reused
CUDA Graph id 11910 reused
CUDA Graph id 11910 reused
CUDA Graph id 11910 reused
CUDA Graph id 11910 reused
CUDA Graph id 11910 reused
CUDA Graph id 11910 reused
CUDA Graph id 11910 reused
CUDA Graph id 11910 reused
CUDA Graph id 11910 reused
CUDA Graph id 11910 reused
CUDA Graph id 11910 reused
CUDA Graph id 11910 reused
CUDA Graph id 11910 reused
CUDA Graph id 11910 reused
CUDA Graph id 11910 reused
CUDA Graph id 11910 reused
CUDA Graph id 11910 reused
CUDA Graph id 11910 reused
CUDA Graph id 11910 reused
~llama_context:      CUDA0 compute buffer size is 304.0000 MiB, matches expectation of 304.0000 MiB
~llama_context:  CUDA_Host compute buffer size is  14.7637 MiB, matches expectation of  14.7637 MiB
llama_context: constructing llama_context
llama_context: n_seq_max     = 1
llama_context: n_ctx         = 768
llama_context: n_ctx_seq     = 768
llama_context: n_batch       = 728
llama_context: n_ubatch      = 512
llama_context: causal_attn   = 1
llama_context: flash_attn    = auto
llama_context: kv_unified    = false
llama_context: freq_base     = 1000000.0
llama_context: freq_scale    = 1
llama_context: n_rs_seq      = 0
llama_context: n_outputs_max = 728
llama_context: n_ctx_seq (768) < n_ctx_train (32768) -- the full capacity of the model will not be utilized
set_abort_callback: call
llama_context:  CUDA_Host  output buffer size =     0.58 MiB
llama_kv_cache: layer   0: dev = CPU
llama_kv_cache: layer   1: dev = CPU
llama_kv_cache: layer   2: dev = CPU
llama_kv_cache: layer   3: dev = CUDA0
llama_kv_cache: layer   4: dev = CUDA0
llama_kv_cache: layer   5: dev = CUDA0
llama_kv_cache: layer   6: dev = CUDA0
llama_kv_cache: layer   7: dev = CUDA0
llama_kv_cache: layer   8: dev = CUDA0
llama_kv_cache: layer   9: dev = CUDA0
llama_kv_cache: layer  10: dev = CUDA0
llama_kv_cache: layer  11: dev = CUDA0
llama_kv_cache: layer  12: dev = CUDA0
llama_kv_cache: layer  13: dev = CUDA0
llama_kv_cache: layer  14: dev = CUDA0
llama_kv_cache: layer  15: dev = CUDA0
llama_kv_cache: layer  16: dev = CUDA0
llama_kv_cache: layer  17: dev = CUDA0
llama_kv_cache: layer  18: dev = CUDA0
llama_kv_cache: layer  19: dev = CUDA0
llama_kv_cache: layer  20: dev = CUDA0
llama_kv_cache: layer  21: dev = CUDA0
llama_kv_cache: layer  22: dev = CUDA0
llama_kv_cache: layer  23: dev = CUDA0
llama_kv_cache: layer  24: dev = CUDA0
llama_kv_cache: layer  25: dev = CUDA0
llama_kv_cache: layer  26: dev = CUDA0
llama_kv_cache: layer  27: dev = CUDA0
llama_kv_cache:        CPU KV buffer size =     4.50 MiB
llama_kv_cache:      CUDA0 KV buffer size =    37.50 MiB
llama_kv_cache: size =   42.00 MiB (   768 cells,  28 layers,  1/1 seqs), K (f16):   21.00 MiB, V (f16):   21.00 MiB
llama_kv_cache: attn_rot_k = 0, n_embd_head_k_all = 128
llama_kv_cache: attn_rot_v = 0, n_embd_head_k_all = 128
llama_context: enumerating backends
llama_context: backend_ptrs.size() = 2
sched_reserve: reserving ...
sched_reserve: max_nodes = 2712
sched_reserve: reserving full memory module
sched_reserve: worst-case: n_tokens = 512, n_seqs = 1, n_outputs = 1
graph_reserve: reserving a graph for ubatch with n_tokens =    1, n_seqs =  1, n_outputs =    1
sched_reserve: Flash Attention was auto, set to enabled
sched_reserve: resolving fused Gated Delta Net support:
graph_reserve: reserving a graph for ubatch with n_tokens =    1, n_seqs =  1, n_outputs =    1
sched_reserve: fused Gated Delta Net (autoregressive) enabled
graph_reserve: reserving a graph for ubatch with n_tokens =   16, n_seqs =  1, n_outputs =   16
sched_reserve: fused Gated Delta Net (chunked) enabled
graph_reserve: reserving a graph for ubatch with n_tokens =  512, n_seqs =  1, n_outputs =  512
graph_reserve: reserving a graph for ubatch with n_tokens =    1, n_seqs =  1, n_outputs =    1
graph_reserve: reserving a graph for ubatch with n_tokens =  512, n_seqs =  1, n_outputs =  512
sched_reserve:      CUDA0 compute buffer size =   304.00 MiB
sched_reserve:  CUDA_Host compute buffer size =    14.76 MiB
sched_reserve: graph nodes  = 958
sched_reserve: graph splits = 44 (with bs=512), 2 (with bs=1)
sched_reserve: reserve took 23.61 ms, sched copies = 1
CUDA Graph id 12060 reused
ggml_backend_cuda_graph_compute: CUDA graph warmup complete
CUDA Graph id 12060 reused
CUDA Graph id 12060 reused
CUDA Graph id 12060 reused
CUDA Graph id 12060 reused
CUDA Graph id 12060 reused
CUDA Graph id 12060 reused
CUDA Graph id 12060 reused
CUDA Graph id 12060 reused
CUDA Graph id 12060 reused
CUDA Graph id 12060 reused
CUDA Graph id 12060 reused
CUDA Graph id 12060 reused
CUDA Graph id 12060 reused
CUDA Graph id 12060 reused
CUDA Graph id 12060 reused
CUDA Graph id 12060 reused
CUDA Graph id 12060 reused
CUDA Graph id 12060 reused
CUDA Graph id 12060 reused
CUDA Graph id 12060 reused
CUDA Graph id 12060 reused
CUDA Graph id 12060 reused
CUDA Graph id 12060 reused
CUDA Graph id 12060 reused
CUDA Graph id 12060 reused
CUDA Graph id 12060 reused
CUDA Graph id 12060 reused
CUDA Graph id 12060 reused
CUDA Graph id 12060 reused
CUDA Graph id 12060 reused
CUDA Graph id 12060 reused
CUDA Graph id 12060 reused
CUDA Graph id 12060 reused
CUDA Graph id 12060 reused
CUDA Graph id 12060 reused
CUDA Graph id 12060 reused
CUDA Graph id 12060 reused
CUDA Graph id 12060 reused
CUDA Graph id 12060 reused
CUDA Graph id 12060 reused
CUDA Graph id 12060 reused
CUDA Graph id 12060 reused
CUDA Graph id 12060 reused
CUDA Graph id 12060 reused
CUDA Graph id 12060 reused
CUDA Graph id 12060 reused
ggml_backend_cuda_graph_compute: CUDA graph warmup reset
CUDA Graph id 12063 reused
ggml_backend_cuda_graph_compute: CUDA graph warmup complete
CUDA Graph id 12063 reused
CUDA Graph id 12063 reused
CUDA Graph id 12063 reused
CUDA Graph id 12063 reused
CUDA Graph id 12063 reused
CUDA Graph id 12063 reused
CUDA Graph id 12063 reused
CUDA Graph id 12063 reused
CUDA Graph id 12063 reused
CUDA Graph id 12063 reused
CUDA Graph id 12063 reused
CUDA Graph id 12063 reused
CUDA Graph id 12063 reused
CUDA Graph id 12063 reused
CUDA Graph id 12063 reused
CUDA Graph id 12063 reused
CUDA Graph id 12063 reused
CUDA Graph id 12063 reused
CUDA Graph id 12063 reused
CUDA Graph id 12063 reused
CUDA Graph id 12063 reused
CUDA Graph id 12063 reused
CUDA Graph id 12063 reused
CUDA Graph id 12063 reused
CUDA Graph id 12063 reused
CUDA Graph id 12063 reused
CUDA Graph id 12063 reused
CUDA Graph id 12063 reused
CUDA Graph id 12063 reused
CUDA Graph id 12063 reused
CUDA Graph id 12063 reused
CUDA Graph id 12063 reused
CUDA Graph id 12063 reused
CUDA Graph id 12063 reused
CUDA Graph id 12063 reused
CUDA Graph id 12063 reused
CUDA Graph id 12063 reused
CUDA Graph id 12063 reused
CUDA Graph id 12063 reused
CUDA Graph id 12063 reused
CUDA Graph id 12063 reused
CUDA Graph id 12063 reused
CUDA Graph id 12063 reused
CUDA Graph id 12063 reused
CUDA Graph id 12063 reused
CUDA Graph id 12063 reused
CUDA Graph id 12063 reused
CUDA Graph id 12063 reused
CUDA Graph id 12063 reused
CUDA Graph id 12063 reused
CUDA Graph id 12063 reused
CUDA Graph id 12063 reused
CUDA Graph id 12063 reused
CUDA Graph id 12063 reused
CUDA Graph id 12063 reused
CUDA Graph id 12063 reused
CUDA Graph id 12063 reused
CUDA Graph id 12063 reused
CUDA Graph id 12063 reused
CUDA Graph id 12063 reused
CUDA Graph id 12063 reused
CUDA Graph id 12063 reused
CUDA Graph id 12063 reused
CUDA Graph id 12063 reused
CUDA Graph id 12063 reused
CUDA Graph id 12063 reused
CUDA Graph id 12063 reused
CUDA Graph id 12063 reused
CUDA Graph id 12063 reused
CUDA Graph id 12063 reused
CUDA Graph id 12063 reused
CUDA Graph id 12063 reused
CUDA Graph id 12063 reused
CUDA Graph id 12063 reused
CUDA Graph id 12063 reused
CUDA Graph id 12063 reused
CUDA Graph id 12063 reused
CUDA Graph id 12063 reused
CUDA Graph id 12063 reused
CUDA Graph id 12063 reused
CUDA Graph id 12063 reused
CUDA Graph id 12063 reused
CUDA Graph id 12063 reused
CUDA Graph id 12063 reused
CUDA Graph id 12063 reused
CUDA Graph id 12063 reused
CUDA Graph id 12063 reused
CUDA Graph id 12063 reused
CUDA Graph id 12063 reused
CUDA Graph id 12063 reused
CUDA Graph id 12063 reused
CUDA Graph id 12063 reused
CUDA Graph id 12063 reused
CUDA Graph id 12063 reused
CUDA Graph id 12063 reused
CUDA Graph id 12063 reused
CUDA Graph id 12063 reused
CUDA Graph id 12063 reused
CUDA Graph id 12063 reused
CUDA Graph id 12063 reused
CUDA Graph id 12063 reused
CUDA Graph id 12063 reused
CUDA Graph id 12063 reused
CUDA Graph id 12063 reused
CUDA Graph id 12063 reused
CUDA Graph id 12063 reused
CUDA Graph id 12063 reused
CUDA Graph id 12063 reused
CUDA Graph id 12063 reused
CUDA Graph id 12063 reused
CUDA Graph id 12063 reused
CUDA Graph id 12063 reused
CUDA Graph id 12063 reused
CUDA Graph id 12063 reused
CUDA Graph id 12063 reused
CUDA Graph id 12063 reused
CUDA Graph id 12063 reused
CUDA Graph id 12063 reused
CUDA Graph id 12063 reused
CUDA Graph id 12063 reused
CUDA Graph id 12063 reused
CUDA Graph id 12063 reused
CUDA Graph id 12063 reused
CUDA Graph id 12063 reused
CUDA Graph id 12063 reused
CUDA Graph id 12063 reused
CUDA Graph id 12063 reused
CUDA Graph id 12063 reused
CUDA Graph id 12063 reused
CUDA Graph id 12063 reused
CUDA Graph id 12063 reused
CUDA Graph id 12063 reused
CUDA Graph id 12063 reused
CUDA Graph id 12063 reused
CUDA Graph id 12063 reused
CUDA Graph id 12063 reused
CUDA Graph id 12063 reused
CUDA Graph id 12063 reused
CUDA Graph id 12063 reused
CUDA Graph id 12063 reused
CUDA Graph id 12063 reused
CUDA Graph id 12063 reused
CUDA Graph id 12063 reused
CUDA Graph id 12063 reused
CUDA Graph id 12063 reused
CUDA Graph id 12063 reused
CUDA Graph id 12063 reused
CUDA Graph id 12063 reused
CUDA Graph id 12063 reused
CUDA Graph id 12063 reused
CUDA Graph id 12063 reused
CUDA Graph id 12063 reused
CUDA Graph id 12063 reused
CUDA Graph id 12063 reused
CUDA Graph id 12063 reused
CUDA Graph id 12063 reused
CUDA Graph id 12063 reused
CUDA Graph id 12063 reused
CUDA Graph id 12063 reused
CUDA Graph id 12063 reused
CUDA Graph id 12063 reused
CUDA Graph id 12063 reused
CUDA Graph id 12063 reused
CUDA Graph id 12063 reused
CUDA Graph id 12063 reused
CUDA Graph id 12063 reused
CUDA Graph id 12063 reused
CUDA Graph id 12063 reused
CUDA Graph id 12063 reused
CUDA Graph id 12063 reused
CUDA Graph id 12063 reused
CUDA Graph id 12063 reused
CUDA Graph id 12063 reused
CUDA Graph id 12063 reused
CUDA Graph id 12063 reused
CUDA Graph id 12063 reused
CUDA Graph id 12063 reused
CUDA Graph id 12063 reused
CUDA Graph id 12063 reused
CUDA Graph id 12063 reused
CUDA Graph id 12063 reused
CUDA Graph id 12063 reused
CUDA Graph id 12063 reused
CUDA Graph id 12063 reused
CUDA Graph id 12063 reused
CUDA Graph id 12063 reused
CUDA Graph id 12063 reused
CUDA Graph id 12063 reused
CUDA Graph id 12063 reused
CUDA Graph id 12063 reused
CUDA Graph id 12063 reused
~llama_context:      CUDA0 compute buffer size is 304.0000 MiB, matches expectation of 304.0000 MiB
~llama_context:  CUDA_Host compute buffer size is  14.7637 MiB, matches expectation of  14.7637 MiB
llama_context: constructing llama_context
llama_context: n_seq_max     = 1
llama_context: n_ctx         = 768
llama_context: n_ctx_seq     = 768
llama_context: n_batch       = 728
llama_context: n_ubatch      = 512
llama_context: causal_attn   = 1
llama_context: flash_attn    = auto
llama_context: kv_unified    = false
llama_context: freq_base     = 1000000.0
llama_context: freq_scale    = 1
llama_context: n_rs_seq      = 0
llama_context: n_outputs_max = 728
llama_context: n_ctx_seq (768) < n_ctx_train (32768) -- the full capacity of the model will not be utilized
set_abort_callback: call
llama_context:  CUDA_Host  output buffer size =     0.58 MiB
llama_kv_cache: layer   0: dev = CPU
llama_kv_cache: layer   1: dev = CPU
llama_kv_cache: layer   2: dev = CPU
llama_kv_cache: layer   3: dev = CUDA0
llama_kv_cache: layer   4: dev = CUDA0
llama_kv_cache: layer   5: dev = CUDA0
llama_kv_cache: layer   6: dev = CUDA0
llama_kv_cache: layer   7: dev = CUDA0
llama_kv_cache: layer   8: dev = CUDA0
llama_kv_cache: layer   9: dev = CUDA0
llama_kv_cache: layer  10: dev = CUDA0
llama_kv_cache: layer  11: dev = CUDA0
llama_kv_cache: layer  12: dev = CUDA0
llama_kv_cache: layer  13: dev = CUDA0
llama_kv_cache: layer  14: dev = CUDA0
llama_kv_cache: layer  15: dev = CUDA0
llama_kv_cache: layer  16: dev = CUDA0
llama_kv_cache: layer  17: dev = CUDA0
llama_kv_cache: layer  18: dev = CUDA0
llama_kv_cache: layer  19: dev = CUDA0
llama_kv_cache: layer  20: dev = CUDA0
llama_kv_cache: layer  21: dev = CUDA0
llama_kv_cache: layer  22: dev = CUDA0
llama_kv_cache: layer  23: dev = CUDA0
llama_kv_cache: layer  24: dev = CUDA0
llama_kv_cache: layer  25: dev = CUDA0
llama_kv_cache: layer  26: dev = CUDA0
llama_kv_cache: layer  27: dev = CUDA0
llama_kv_cache:        CPU KV buffer size =     4.50 MiB
llama_kv_cache:      CUDA0 KV buffer size =    37.50 MiB
llama_kv_cache: size =   42.00 MiB (   768 cells,  28 layers,  1/1 seqs), K (f16):   21.00 MiB, V (f16):   21.00 MiB
llama_kv_cache: attn_rot_k = 0, n_embd_head_k_all = 128
llama_kv_cache: attn_rot_v = 0, n_embd_head_k_all = 128
llama_context: enumerating backends
llama_context: backend_ptrs.size() = 2
sched_reserve: reserving ...
sched_reserve: max_nodes = 2712
sched_reserve: reserving full memory module
sched_reserve: worst-case: n_tokens = 512, n_seqs = 1, n_outputs = 1
graph_reserve: reserving a graph for ubatch with n_tokens =    1, n_seqs =  1, n_outputs =    1
sched_reserve: Flash Attention was auto, set to enabled
sched_reserve: resolving fused Gated Delta Net support:
graph_reserve: reserving a graph for ubatch with n_tokens =    1, n_seqs =  1, n_outputs =    1
sched_reserve: fused Gated Delta Net (autoregressive) enabled
graph_reserve: reserving a graph for ubatch with n_tokens =   16, n_seqs =  1, n_outputs =   16
sched_reserve: fused Gated Delta Net (chunked) enabled
graph_reserve: reserving a graph for ubatch with n_tokens =  512, n_seqs =  1, n_outputs =  512
graph_reserve: reserving a graph for ubatch with n_tokens =    1, n_seqs =  1, n_outputs =    1
graph_reserve: reserving a graph for ubatch with n_tokens =  512, n_seqs =  1, n_outputs =  512
sched_reserve:      CUDA0 compute buffer size =   304.00 MiB
sched_reserve:  CUDA_Host compute buffer size =    14.76 MiB
sched_reserve: graph nodes  = 958
sched_reserve: graph splits = 44 (with bs=512), 2 (with bs=1)
sched_reserve: reserve took 16.09 ms, sched copies = 1
CUDA Graph id 12213 reused
ggml_backend_cuda_graph_compute: CUDA graph warmup complete
CUDA Graph id 12213 reused
CUDA Graph id 12213 reused
CUDA Graph id 12213 reused
CUDA Graph id 12213 reused
CUDA Graph id 12213 reused
CUDA Graph id 12213 reused
CUDA Graph id 12213 reused
CUDA Graph id 12213 reused
CUDA Graph id 12213 reused
CUDA Graph id 12213 reused
CUDA Graph id 12213 reused
CUDA Graph id 12213 reused
CUDA Graph id 12213 reused
CUDA Graph id 12213 reused
CUDA Graph id 12213 reused
CUDA Graph id 12213 reused
CUDA Graph id 12213 reused
CUDA Graph id 12213 reused
CUDA Graph id 12213 reused
CUDA Graph id 12213 reused
CUDA Graph id 12213 reused
CUDA Graph id 12213 reused
CUDA Graph id 12213 reused
CUDA Graph id 12213 reused
CUDA Graph id 12213 reused
CUDA Graph id 12213 reused
CUDA Graph id 12213 reused
CUDA Graph id 12213 reused
CUDA Graph id 12213 reused
CUDA Graph id 12213 reused
CUDA Graph id 12213 reused
CUDA Graph id 12213 reused
CUDA Graph id 12213 reused
CUDA Graph id 12213 reused
CUDA Graph id 12213 reused
CUDA Graph id 12213 reused
CUDA Graph id 12213 reused
CUDA Graph id 12213 reused
CUDA Graph id 12213 reused
CUDA Graph id 12213 reused
CUDA Graph id 12213 reused
CUDA Graph id 12213 reused
CUDA Graph id 12213 reused
CUDA Graph id 12213 reused
CUDA Graph id 12213 reused
CUDA Graph id 12213 reused
ggml_backend_cuda_graph_compute: CUDA graph warmup reset
CUDA Graph id 12216 reused
ggml_backend_cuda_graph_compute: CUDA graph warmup complete
CUDA Graph id 12216 reused
CUDA Graph id 12216 reused
CUDA Graph id 12216 reused
CUDA Graph id 12216 reused
CUDA Graph id 12216 reused
CUDA Graph id 12216 reused
CUDA Graph id 12216 reused
CUDA Graph id 12216 reused
CUDA Graph id 12216 reused
CUDA Graph id 12216 reused
CUDA Graph id 12216 reused
CUDA Graph id 12216 reused
CUDA Graph id 12216 reused
CUDA Graph id 12216 reused
CUDA Graph id 12216 reused
CUDA Graph id 12216 reused
CUDA Graph id 12216 reused
CUDA Graph id 12216 reused
CUDA Graph id 12216 reused
CUDA Graph id 12216 reused
CUDA Graph id 12216 reused
CUDA Graph id 12216 reused
CUDA Graph id 12216 reused
CUDA Graph id 12216 reused
CUDA Graph id 12216 reused
CUDA Graph id 12216 reused
CUDA Graph id 12216 reused
CUDA Graph id 12216 reused
CUDA Graph id 12216 reused
CUDA Graph id 12216 reused
CUDA Graph id 12216 reused
CUDA Graph id 12216 reused
CUDA Graph id 12216 reused
CUDA Graph id 12216 reused
CUDA Graph id 12216 reused
CUDA Graph id 12216 reused
CUDA Graph id 12216 reused
CUDA Graph id 12216 reused
CUDA Graph id 12216 reused
CUDA Graph id 12216 reused
CUDA Graph id 12216 reused
CUDA Graph id 12216 reused
CUDA Graph id 12216 reused
CUDA Graph id 12216 reused
CUDA Graph id 12216 reused
CUDA Graph id 12216 reused
CUDA Graph id 12216 reused
CUDA Graph id 12216 reused
CUDA Graph id 12216 reused
CUDA Graph id 12216 reused
CUDA Graph id 12216 reused
CUDA Graph id 12216 reused
CUDA Graph id 12216 reused
CUDA Graph id 12216 reused
CUDA Graph id 12216 reused
CUDA Graph id 12216 reused
CUDA Graph id 12216 reused
CUDA Graph id 12216 reused
CUDA Graph id 12216 reused
CUDA Graph id 12216 reused
CUDA Graph id 12216 reused
CUDA Graph id 12216 reused
CUDA Graph id 12216 reused
CUDA Graph id 12216 reused
CUDA Graph id 12216 reused
CUDA Graph id 12216 reused
CUDA Graph id 12216 reused
CUDA Graph id 12216 reused
CUDA Graph id 12216 reused
CUDA Graph id 12216 reused
CUDA Graph id 12216 reused
CUDA Graph id 12216 reused
CUDA Graph id 12216 reused
CUDA Graph id 12216 reused
CUDA Graph id 12216 reused
CUDA Graph id 12216 reused
CUDA Graph id 12216 reused
CUDA Graph id 12216 reused
CUDA Graph id 12216 reused
CUDA Graph id 12216 reused
CUDA Graph id 12216 reused
CUDA Graph id 12216 reused
CUDA Graph id 12216 reused
CUDA Graph id 12216 reused
CUDA Graph id 12216 reused
CUDA Graph id 12216 reused
CUDA Graph id 12216 reused
CUDA Graph id 12216 reused
CUDA Graph id 12216 reused
CUDA Graph id 12216 reused
CUDA Graph id 12216 reused
CUDA Graph id 12216 reused
CUDA Graph id 12216 reused
CUDA Graph id 12216 reused
CUDA Graph id 12216 reused
CUDA Graph id 12216 reused
CUDA Graph id 12216 reused
CUDA Graph id 12216 reused
CUDA Graph id 12216 reused
CUDA Graph id 12216 reused
CUDA Graph id 12216 reused
CUDA Graph id 12216 reused
CUDA Graph id 12216 reused
CUDA Graph id 12216 reused
CUDA Graph id 12216 reused
CUDA Graph id 12216 reused
CUDA Graph id 12216 reused
CUDA Graph id 12216 reused
CUDA Graph id 12216 reused
CUDA Graph id 12216 reused
CUDA Graph id 12216 reused
CUDA Graph id 12216 reused
CUDA Graph id 12216 reused
CUDA Graph id 12216 reused
CUDA Graph id 12216 reused
CUDA Graph id 12216 reused
CUDA Graph id 12216 reused
CUDA Graph id 12216 reused
CUDA Graph id 12216 reused
CUDA Graph id 12216 reused
CUDA Graph id 12216 reused
CUDA Graph id 12216 reused
CUDA Graph id 12216 reused
CUDA Graph id 12216 reused
CUDA Graph id 12216 reused
CUDA Graph id 12216 reused
CUDA Graph id 12216 reused
CUDA Graph id 12216 reused
CUDA Graph id 12216 reused
CUDA Graph id 12216 reused
CUDA Graph id 12216 reused
CUDA Graph id 12216 reused
CUDA Graph id 12216 reused
CUDA Graph id 12216 reused
CUDA Graph id 12216 reused
CUDA Graph id 12216 reused
CUDA Graph id 12216 reused
CUDA Graph id 12216 reused
CUDA Graph id 12216 reused
CUDA Graph id 12216 reused
CUDA Graph id 12216 reused
CUDA Graph id 12216 reused
CUDA Graph id 12216 reused
CUDA Graph id 12216 reused
CUDA Graph id 12216 reused
CUDA Graph id 12216 reused
CUDA Graph id 12216 reused
CUDA Graph id 12216 reused
CUDA Graph id 12216 reused
CUDA Graph id 12216 reused
CUDA Graph id 12216 reused
CUDA Graph id 12216 reused
CUDA Graph id 12216 reused
CUDA Graph id 12216 reused
CUDA Graph id 12216 reused
CUDA Graph id 12216 reused
CUDA Graph id 12216 reused
CUDA Graph id 12216 reused
CUDA Graph id 12216 reused
CUDA Graph id 12216 reused
CUDA Graph id 12216 reused
CUDA Graph id 12216 reused
CUDA Graph id 12216 reused
CUDA Graph id 12216 reused
CUDA Graph id 12216 reused
CUDA Graph id 12216 reused
CUDA Graph id 12216 reused
CUDA Graph id 12216 reused
CUDA Graph id 12216 reused
CUDA Graph id 12216 reused
CUDA Graph id 12216 reused
CUDA Graph id 12216 reused
CUDA Graph id 12216 reused
CUDA Graph id 12216 reused
CUDA Graph id 12216 reused
CUDA Graph id 12216 reused
CUDA Graph id 12216 reused
CUDA Graph id 12216 reused
CUDA Graph id 12216 reused
CUDA Graph id 12216 reused
CUDA Graph id 12216 reused
CUDA Graph id 12216 reused
CUDA Graph id 12216 reused
CUDA Graph id 12216 reused
CUDA Graph id 12216 reused
CUDA Graph id 12216 reused
CUDA Graph id 12216 reused
CUDA Graph id 12216 reused
CUDA Graph id 12216 reused
CUDA Graph id 12216 reused
CUDA Graph id 12216 reused
CUDA Graph id 12216 reused
CUDA Graph id 12216 reused
CUDA Graph id 12216 reused
CUDA Graph id 12216 reused
CUDA Graph id 12216 reused
CUDA Graph id 12216 reused
CUDA Graph id 12216 reused
CUDA Graph id 12216 reused
CUDA Graph id 12216 reused
CUDA Graph id 12216 reused
CUDA Graph id 12216 reused
CUDA Graph id 12216 reused
CUDA Graph id 12216 reused
CUDA Graph id 12216 reused
CUDA Graph id 12216 reused
CUDA Graph id 12216 reused
CUDA Graph id 12216 reused
CUDA Graph id 12216 reused
CUDA Graph id 12216 reused
CUDA Graph id 12216 reused
CUDA Graph id 12216 reused
CUDA Graph id 12216 reused
CUDA Graph id 12216 reused
CUDA Graph id 12216 reused
CUDA Graph id 12216 reused
CUDA Graph id 12216 reused
CUDA Graph id 12216 reused
CUDA Graph id 12216 reused
CUDA Graph id 12216 reused
CUDA Graph id 12216 reused
CUDA Graph id 12216 reused
CUDA Graph id 12216 reused
CUDA Graph id 12216 reused
CUDA Graph id 12216 reused
CUDA Graph id 12216 reused
CUDA Graph id 12216 reused
CUDA Graph id 12216 reused
CUDA Graph id 12216 reused
CUDA Graph id 12216 reused
CUDA Graph id 12216 reused
CUDA Graph id 12216 reused
CUDA Graph id 12216 reused
CUDA Graph id 12216 reused
CUDA Graph id 12216 reused
CUDA Graph id 12216 reused
CUDA Graph id 12216 reused
CUDA Graph id 12216 reused
CUDA Graph id 12216 reused
CUDA Graph id 12216 reused
CUDA Graph id 12216 reused
CUDA Graph id 12216 reused
CUDA Graph id 12216 reused
CUDA Graph id 12216 reused
CUDA Graph id 12216 reused
CUDA Graph id 12216 reused
CUDA Graph id 12216 reused
CUDA Graph id 12216 reused
CUDA Graph id 12216 reused
CUDA Graph id 12216 reused
CUDA Graph id 12216 reused
CUDA Graph id 12216 reused
CUDA Graph id 12216 reused
CUDA Graph id 12216 reused
ggml_backend_cuda_graph_compute: CUDA graph warmup reset
CUDA Graph id 12219 reused
ggml_backend_cuda_graph_compute: CUDA graph warmup complete
CUDA Graph id 12219 reused
CUDA Graph id 12219 reused
CUDA Graph id 12219 reused
CUDA Graph id 12219 reused
CUDA Graph id 12219 reused
CUDA Graph id 12219 reused
CUDA Graph id 12219 reused
CUDA Graph id 12219 reused
CUDA Graph id 12219 reused
CUDA Graph id 12219 reused
CUDA Graph id 12219 reused
CUDA Graph id 12219 reused
CUDA Graph id 12219 reused
CUDA Graph id 12219 reused
CUDA Graph id 12219 reused
CUDA Graph id 12219 reused
CUDA Graph id 12219 reused
CUDA Graph id 12219 reused
CUDA Graph id 12219 reused
CUDA Graph id 12219 reused
CUDA Graph id 12219 reused
CUDA Graph id 12219 reused
CUDA Graph id 12219 reused
CUDA Graph id 12219 reused
CUDA Graph id 12219 reused
CUDA Graph id 12219 reused
CUDA Graph id 12219 reused
CUDA Graph id 12219 reused
CUDA Graph id 12219 reused
CUDA Graph id 12219 reused
CUDA Graph id 12219 reused
CUDA Graph id 12219 reused
CUDA Graph id 12219 reused
CUDA Graph id 12219 reused
CUDA Graph id 12219 reused
CUDA Graph id 12219 reused
CUDA Graph id 12219 reused
CUDA Graph id 12219 reused
CUDA Graph id 12219 reused
CUDA Graph id 12219 reused
CUDA Graph id 12219 reused
CUDA Graph id 12219 reused
CUDA Graph id 12219 reused
CUDA Graph id 12219 reused
CUDA Graph id 12219 reused
CUDA Graph id 12219 reused
CUDA Graph id 12219 reused
CUDA Graph id 12219 reused
CUDA Graph id 12219 reused
CUDA Graph id 12219 reused
CUDA Graph id 12219 reused
CUDA Graph id 12219 reused
CUDA Graph id 12219 reused
CUDA Graph id 12219 reused
CUDA Graph id 12219 reused
CUDA Graph id 12219 reused
CUDA Graph id 12219 reused
CUDA Graph id 12219 reused
CUDA Graph id 12219 reused
CUDA Graph id 12219 reused
CUDA Graph id 12219 reused
CUDA Graph id 12219 reused
CUDA Graph id 12219 reused
CUDA Graph id 12219 reused
CUDA Graph id 12219 reused
CUDA Graph id 12219 reused
CUDA Graph id 12219 reused
CUDA Graph id 12219 reused
CUDA Graph id 12219 reused
CUDA Graph id 12219 reused
CUDA Graph id 12219 reused
CUDA Graph id 12219 reused
CUDA Graph id 12219 reused
CUDA Graph id 12219 reused
CUDA Graph id 12219 reused
CUDA Graph id 12219 reused
CUDA Graph id 12219 reused
CUDA Graph id 12219 reused
CUDA Graph id 12219 reused
CUDA Graph id 12219 reused
CUDA Graph id 12219 reused
CUDA Graph id 12219 reused
CUDA Graph id 12219 reused
CUDA Graph id 12219 reused
CUDA Graph id 12219 reused
CUDA Graph id 12219 reused
CUDA Graph id 12219 reused
CUDA Graph id 12219 reused
CUDA Graph id 12219 reused
CUDA Graph id 12219 reused
CUDA Graph id 12219 reused
CUDA Graph id 12219 reused
CUDA Graph id 12219 reused
CUDA Graph id 12219 reused
CUDA Graph id 12219 reused
CUDA Graph id 12219 reused
CUDA Graph id 12219 reused
CUDA Graph id 12219 reused
CUDA Graph id 12219 reused
CUDA Graph id 12219 reused
CUDA Graph id 12219 reused
CUDA Graph id 12219 reused
CUDA Graph id 12219 reused
CUDA Graph id 12219 reused
CUDA Graph id 12219 reused
CUDA Graph id 12219 reused
CUDA Graph id 12219 reused
CUDA Graph id 12219 reused
CUDA Graph id 12219 reused
CUDA Graph id 12219 reused
CUDA Graph id 12219 reused
CUDA Graph id 12219 reused
CUDA Graph id 12219 reused
CUDA Graph id 12219 reused
CUDA Graph id 12219 reused
CUDA Graph id 12219 reused
CUDA Graph id 12219 reused
CUDA Graph id 12219 reused
CUDA Graph id 12219 reused
CUDA Graph id 12219 reused
CUDA Graph id 12219 reused
CUDA Graph id 12219 reused
CUDA Graph id 12219 reused
CUDA Graph id 12219 reused
CUDA Graph id 12219 reused
CUDA Graph id 12219 reused
CUDA Graph id 12219 reused
CUDA Graph id 12219 reused
CUDA Graph id 12219 reused
CUDA Graph id 12219 reused
CUDA Graph id 12219 reused
CUDA Graph id 12219 reused
CUDA Graph id 12219 reused
CUDA Graph id 12219 reused
CUDA Graph id 12219 reused
CUDA Graph id 12219 reused
CUDA Graph id 12219 reused
CUDA Graph id 12219 reused
CUDA Graph id 12219 reused
CUDA Graph id 12219 reused
CUDA Graph id 12219 reused
CUDA Graph id 12219 reused
CUDA Graph id 12219 reused
CUDA Graph id 12219 reused
CUDA Graph id 12219 reused
CUDA Graph id 12219 reused
CUDA Graph id 12219 reused
CUDA Graph id 12219 reused
CUDA Graph id 12219 reused
CUDA Graph id 12219 reused
CUDA Graph id 12219 reused
CUDA Graph id 12219 reused
CUDA Graph id 12219 reused
CUDA Graph id 12219 reused
CUDA Graph id 12219 reused
CUDA Graph id 12219 reused
CUDA Graph id 12219 reused
CUDA Graph id 12219 reused
CUDA Graph id 12219 reused
CUDA Graph id 12219 reused
CUDA Graph id 12219 reused
CUDA Graph id 12219 reused
CUDA Graph id 12219 reused
CUDA Graph id 12219 reused
CUDA Graph id 12219 reused
CUDA Graph id 12219 reused
CUDA Graph id 12219 reused
CUDA Graph id 12219 reused
CUDA Graph id 12219 reused
CUDA Graph id 12219 reused
CUDA Graph id 12219 reused
CUDA Graph id 12219 reused
CUDA Graph id 12219 reused
CUDA Graph id 12219 reused
CUDA Graph id 12219 reused
CUDA Graph id 12219 reused
CUDA Graph id 12219 reused
CUDA Graph id 12219 reused
CUDA Graph id 12219 reused
CUDA Graph id 12219 reused
CUDA Graph id 12219 reused
CUDA Graph id 12219 reused
CUDA Graph id 12219 reused
CUDA Graph id 12219 reused
CUDA Graph id 12219 reused
CUDA Graph id 12219 reused
CUDA Graph id 12219 reused
CUDA Graph id 12219 reused
CUDA Graph id 12219 reused
CUDA Graph id 12219 reused
CUDA Graph id 12219 reused
CUDA Graph id 12219 reused
CUDA Graph id 12219 reused
CUDA Graph id 12219 reused
CUDA Graph id 12219 reused
CUDA Graph id 12219 reused
CUDA Graph id 12219 reused
CUDA Graph id 12219 reused
CUDA Graph id 12219 reused
CUDA Graph id 12219 reused
CUDA Graph id 12219 reused
CUDA Graph id 12219 reused
CUDA Graph id 12219 reused
CUDA Graph id 12219 reused
CUDA Graph id 12219 reused
CUDA Graph id 12219 reused
~llama_context:      CUDA0 compute buffer size is 304.0000 MiB, matches expectation of 304.0000 MiB
~llama_context:  CUDA_Host compute buffer size is  14.7637 MiB, matches expectation of  14.7637 MiB
llama_context: constructing llama_context
llama_context: n_seq_max     = 1
llama_context: n_ctx         = 768
llama_context: n_ctx_seq     = 768
llama_context: n_batch       = 728
llama_context: n_ubatch      = 512
llama_context: causal_attn   = 1
llama_context: flash_attn    = auto
llama_context: kv_unified    = false
llama_context: freq_base     = 1000000.0
llama_context: freq_scale    = 1
llama_context: n_rs_seq      = 0
llama_context: n_outputs_max = 728
llama_context: n_ctx_seq (768) < n_ctx_train (32768) -- the full capacity of the model will not be utilized
set_abort_callback: call
llama_context:  CUDA_Host  output buffer size =     0.58 MiB
llama_kv_cache: layer   0: dev = CPU
llama_kv_cache: layer   1: dev = CPU
llama_kv_cache: layer   2: dev = CPU
llama_kv_cache: layer   3: dev = CUDA0
llama_kv_cache: layer   4: dev = CUDA0
llama_kv_cache: layer   5: dev = CUDA0
llama_kv_cache: layer   6: dev = CUDA0
llama_kv_cache: layer   7: dev = CUDA0
llama_kv_cache: layer   8: dev = CUDA0
llama_kv_cache: layer   9: dev = CUDA0
llama_kv_cache: layer  10: dev = CUDA0
llama_kv_cache: layer  11: dev = CUDA0
llama_kv_cache: layer  12: dev = CUDA0
llama_kv_cache: layer  13: dev = CUDA0
llama_kv_cache: layer  14: dev = CUDA0
llama_kv_cache: layer  15: dev = CUDA0
llama_kv_cache: layer  16: dev = CUDA0
llama_kv_cache: layer  17: dev = CUDA0
llama_kv_cache: layer  18: dev = CUDA0
llama_kv_cache: layer  19: dev = CUDA0
llama_kv_cache: layer  20: dev = CUDA0
llama_kv_cache: layer  21: dev = CUDA0
llama_kv_cache: layer  22: dev = CUDA0
llama_kv_cache: layer  23: dev = CUDA0
llama_kv_cache: layer  24: dev = CUDA0
llama_kv_cache: layer  25: dev = CUDA0
llama_kv_cache: layer  26: dev = CUDA0
llama_kv_cache: layer  27: dev = CUDA0
llama_kv_cache:        CPU KV buffer size =     4.50 MiB
llama_kv_cache:      CUDA0 KV buffer size =    37.50 MiB
llama_kv_cache: size =   42.00 MiB (   768 cells,  28 layers,  1/1 seqs), K (f16):   21.00 MiB, V (f16):   21.00 MiB
llama_kv_cache: attn_rot_k = 0, n_embd_head_k_all = 128
llama_kv_cache: attn_rot_v = 0, n_embd_head_k_all = 128
llama_context: enumerating backends
llama_context: backend_ptrs.size() = 2
sched_reserve: reserving ...
sched_reserve: max_nodes = 2712
sched_reserve: reserving full memory module
sched_reserve: worst-case: n_tokens = 512, n_seqs = 1, n_outputs = 1
graph_reserve: reserving a graph for ubatch with n_tokens =    1, n_seqs =  1, n_outputs =    1
sched_reserve: Flash Attention was auto, set to enabled
sched_reserve: resolving fused Gated Delta Net support:
graph_reserve: reserving a graph for ubatch with n_tokens =    1, n_seqs =  1, n_outputs =    1
sched_reserve: fused Gated Delta Net (autoregressive) enabled
graph_reserve: reserving a graph for ubatch with n_tokens =   16, n_seqs =  1, n_outputs =   16
sched_reserve: fused Gated Delta Net (chunked) enabled
graph_reserve: reserving a graph for ubatch with n_tokens =  512, n_seqs =  1, n_outputs =  512
graph_reserve: reserving a graph for ubatch with n_tokens =    1, n_seqs =  1, n_outputs =    1
graph_reserve: reserving a graph for ubatch with n_tokens =  512, n_seqs =  1, n_outputs =  512
sched_reserve:      CUDA0 compute buffer size =   304.00 MiB
sched_reserve:  CUDA_Host compute buffer size =    14.76 MiB
sched_reserve: graph nodes  = 958
sched_reserve: graph splits = 44 (with bs=512), 2 (with bs=1)
sched_reserve: reserve took 17.04 ms, sched copies = 1
CUDA Graph id 12369 reused
ggml_backend_cuda_graph_compute: CUDA graph warmup complete
CUDA Graph id 12369 reused
CUDA Graph id 12369 reused
CUDA Graph id 12369 reused
CUDA Graph id 12369 reused
CUDA Graph id 12369 reused
CUDA Graph id 12369 reused
CUDA Graph id 12369 reused
CUDA Graph id 12369 reused
CUDA Graph id 12369 reused
CUDA Graph id 12369 reused
CUDA Graph id 12369 reused
CUDA Graph id 12369 reused
CUDA Graph id 12369 reused
CUDA Graph id 12369 reused
CUDA Graph id 12369 reused
CUDA Graph id 12369 reused
CUDA Graph id 12369 reused
CUDA Graph id 12369 reused
CUDA Graph id 12369 reused
CUDA Graph id 12369 reused
CUDA Graph id 12369 reused
CUDA Graph id 12369 reused
CUDA Graph id 12369 reused
CUDA Graph id 12369 reused
CUDA Graph id 12369 reused
CUDA Graph id 12369 reused
CUDA Graph id 12369 reused
CUDA Graph id 12369 reused
CUDA Graph id 12369 reused
CUDA Graph id 12369 reused
CUDA Graph id 12369 reused
CUDA Graph id 12369 reused
CUDA Graph id 12369 reused
CUDA Graph id 12369 reused
CUDA Graph id 12369 reused
CUDA Graph id 12369 reused
CUDA Graph id 12369 reused
CUDA Graph id 12369 reused
CUDA Graph id 12369 reused
CUDA Graph id 12369 reused
CUDA Graph id 12369 reused
CUDA Graph id 12369 reused
CUDA Graph id 12369 reused
CUDA Graph id 12369 reused
CUDA Graph id 12369 reused
CUDA Graph id 12369 reused
ggml_backend_cuda_graph_compute: CUDA graph warmup reset
CUDA Graph id 12372 reused
ggml_backend_cuda_graph_compute: CUDA graph warmup complete
CUDA Graph id 12372 reused
CUDA Graph id 12372 reused
CUDA Graph id 12372 reused
CUDA Graph id 12372 reused
CUDA Graph id 12372 reused
CUDA Graph id 12372 reused
CUDA Graph id 12372 reused
CUDA Graph id 12372 reused
CUDA Graph id 12372 reused
CUDA Graph id 12372 reused
CUDA Graph id 12372 reused
CUDA Graph id 12372 reused
CUDA Graph id 12372 reused
CUDA Graph id 12372 reused
CUDA Graph id 12372 reused
CUDA Graph id 12372 reused
CUDA Graph id 12372 reused
CUDA Graph id 12372 reused
CUDA Graph id 12372 reused
CUDA Graph id 12372 reused
CUDA Graph id 12372 reused
CUDA Graph id 12372 reused
CUDA Graph id 12372 reused
CUDA Graph id 12372 reused
CUDA Graph id 12372 reused
CUDA Graph id 12372 reused
CUDA Graph id 12372 reused
CUDA Graph id 12372 reused
CUDA Graph id 12372 reused
CUDA Graph id 12372 reused
CUDA Graph id 12372 reused
CUDA Graph id 12372 reused
CUDA Graph id 12372 reused
CUDA Graph id 12372 reused
CUDA Graph id 12372 reused
CUDA Graph id 12372 reused
CUDA Graph id 12372 reused
CUDA Graph id 12372 reused
CUDA Graph id 12372 reused
CUDA Graph id 12372 reused
CUDA Graph id 12372 reused
CUDA Graph id 12372 reused
CUDA Graph id 12372 reused
CUDA Graph id 12372 reused
CUDA Graph id 12372 reused
CUDA Graph id 12372 reused
CUDA Graph id 12372 reused
CUDA Graph id 12372 reused
CUDA Graph id 12372 reused
CUDA Graph id 12372 reused
CUDA Graph id 12372 reused
CUDA Graph id 12372 reused
CUDA Graph id 12372 reused
CUDA Graph id 12372 reused
CUDA Graph id 12372 reused
CUDA Graph id 12372 reused
CUDA Graph id 12372 reused
CUDA Graph id 12372 reused
CUDA Graph id 12372 reused
CUDA Graph id 12372 reused
CUDA Graph id 12372 reused
CUDA Graph id 12372 reused
CUDA Graph id 12372 reused
CUDA Graph id 12372 reused
CUDA Graph id 12372 reused
CUDA Graph id 12372 reused
CUDA Graph id 12372 reused
CUDA Graph id 12372 reused
CUDA Graph id 12372 reused
CUDA Graph id 12372 reused
CUDA Graph id 12372 reused
CUDA Graph id 12372 reused
CUDA Graph id 12372 reused
CUDA Graph id 12372 reused
CUDA Graph id 12372 reused
CUDA Graph id 12372 reused
CUDA Graph id 12372 reused
CUDA Graph id 12372 reused
CUDA Graph id 12372 reused
CUDA Graph id 12372 reused
CUDA Graph id 12372 reused
CUDA Graph id 12372 reused
CUDA Graph id 12372 reused
CUDA Graph id 12372 reused
CUDA Graph id 12372 reused
CUDA Graph id 12372 reused
CUDA Graph id 12372 reused
CUDA Graph id 12372 reused
CUDA Graph id 12372 reused
CUDA Graph id 12372 reused
CUDA Graph id 12372 reused
CUDA Graph id 12372 reused
CUDA Graph id 12372 reused
CUDA Graph id 12372 reused
CUDA Graph id 12372 reused
CUDA Graph id 12372 reused
CUDA Graph id 12372 reused
CUDA Graph id 12372 reused
CUDA Graph id 12372 reused
CUDA Graph id 12372 reused
CUDA Graph id 12372 reused
CUDA Graph id 12372 reused
CUDA Graph id 12372 reused
CUDA Graph id 12372 reused
CUDA Graph id 12372 reused
CUDA Graph id 12372 reused
CUDA Graph id 12372 reused
CUDA Graph id 12372 reused
CUDA Graph id 12372 reused
CUDA Graph id 12372 reused
CUDA Graph id 12372 reused
CUDA Graph id 12372 reused
CUDA Graph id 12372 reused
CUDA Graph id 12372 reused
CUDA Graph id 12372 reused
CUDA Graph id 12372 reused
CUDA Graph id 12372 reused
CUDA Graph id 12372 reused
CUDA Graph id 12372 reused
CUDA Graph id 12372 reused
CUDA Graph id 12372 reused
CUDA Graph id 12372 reused
CUDA Graph id 12372 reused
CUDA Graph id 12372 reused
CUDA Graph id 12372 reused
CUDA Graph id 12372 reused
CUDA Graph id 12372 reused
CUDA Graph id 12372 reused
CUDA Graph id 12372 reused
CUDA Graph id 12372 reused
CUDA Graph id 12372 reused
CUDA Graph id 12372 reused
CUDA Graph id 12372 reused
CUDA Graph id 12372 reused
CUDA Graph id 12372 reused
CUDA Graph id 12372 reused
CUDA Graph id 12372 reused
CUDA Graph id 12372 reused
CUDA Graph id 12372 reused
CUDA Graph id 12372 reused
CUDA Graph id 12372 reused
CUDA Graph id 12372 reused
CUDA Graph id 12372 reused
CUDA Graph id 12372 reused
CUDA Graph id 12372 reused
CUDA Graph id 12372 reused
CUDA Graph id 12372 reused
CUDA Graph id 12372 reused
CUDA Graph id 12372 reused
CUDA Graph id 12372 reused
CUDA Graph id 12372 reused
CUDA Graph id 12372 reused
CUDA Graph id 12372 reused
CUDA Graph id 12372 reused
CUDA Graph id 12372 reused
CUDA Graph id 12372 reused
CUDA Graph id 12372 reused
CUDA Graph id 12372 reused
CUDA Graph id 12372 reused
CUDA Graph id 12372 reused
CUDA Graph id 12372 reused
CUDA Graph id 12372 reused
CUDA Graph id 12372 reused
CUDA Graph id 12372 reused
CUDA Graph id 12372 reused
CUDA Graph id 12372 reused
CUDA Graph id 12372 reused
CUDA Graph id 12372 reused
CUDA Graph id 12372 reused
CUDA Graph id 12372 reused
CUDA Graph id 12372 reused
CUDA Graph id 12372 reused
CUDA Graph id 12372 reused
CUDA Graph id 12372 reused
CUDA Graph id 12372 reused
CUDA Graph id 12372 reused
CUDA Graph id 12372 reused
CUDA Graph id 12372 reused
CUDA Graph id 12372 reused
CUDA Graph id 12372 reused
CUDA Graph id 12372 reused
CUDA Graph id 12372 reused
CUDA Graph id 12372 reused
CUDA Graph id 12372 reused
CUDA Graph id 12372 reused
CUDA Graph id 12372 reused
CUDA Graph id 12372 reused
CUDA Graph id 12372 reused
CUDA Graph id 12372 reused
CUDA Graph id 12372 reused
CUDA Graph id 12372 reused
CUDA Graph id 12372 reused
CUDA Graph id 12372 reused
CUDA Graph id 12372 reused
CUDA Graph id 12372 reused
CUDA Graph id 12372 reused
CUDA Graph id 12372 reused
CUDA Graph id 12372 reused
CUDA Graph id 12372 reused
CUDA Graph id 12372 reused
CUDA Graph id 12372 reused
CUDA Graph id 12372 reused
CUDA Graph id 12372 reused
CUDA Graph id 12372 reused
CUDA Graph id 12372 reused
CUDA Graph id 12372 reused
CUDA Graph id 12372 reused
CUDA Graph id 12372 reused
CUDA Graph id 12372 reused
CUDA Graph id 12372 reused
CUDA Graph id 12372 reused
CUDA Graph id 12372 reused
CUDA Graph id 12372 reused
CUDA Graph id 12372 reused
CUDA Graph id 12372 reused
CUDA Graph id 12372 reused
CUDA Graph id 12372 reused
CUDA Graph id 12372 reused
CUDA Graph id 12372 reused
CUDA Graph id 12372 reused
CUDA Graph id 12372 reused
CUDA Graph id 12372 reused
CUDA Graph id 12372 reused
CUDA Graph id 12372 reused
CUDA Graph id 12372 reused
CUDA Graph id 12372 reused
CUDA Graph id 12372 reused
CUDA Graph id 12372 reused
CUDA Graph id 12372 reused
CUDA Graph id 12372 reused
CUDA Graph id 12372 reused
CUDA Graph id 12372 reused
CUDA Graph id 12372 reused
CUDA Graph id 12372 reused
CUDA Graph id 12372 reused
CUDA Graph id 12372 reused
CUDA Graph id 12372 reused
CUDA Graph id 12372 reused
CUDA Graph id 12372 reused
CUDA Graph id 12372 reused
CUDA Graph id 12372 reused
CUDA Graph id 12372 reused
CUDA Graph id 12372 reused
CUDA Graph id 12372 reused
CUDA Graph id 12372 reused
CUDA Graph id 12372 reused
CUDA Graph id 12372 reused
CUDA Graph id 12372 reused
CUDA Graph id 12372 reused
CUDA Graph id 12372 reused
CUDA Graph id 12372 reused
CUDA Graph id 12372 reused
CUDA Graph id 12372 reused
CUDA Graph id 12372 reused
ggml_backend_cuda_graph_compute: CUDA graph warmup reset
CUDA Graph id 12375 reused
ggml_backend_cuda_graph_compute: CUDA graph warmup complete
CUDA Graph id 12375 reused
CUDA Graph id 12375 reused
CUDA Graph id 12375 reused
CUDA Graph id 12375 reused
CUDA Graph id 12375 reused
CUDA Graph id 12375 reused
CUDA Graph id 12375 reused
CUDA Graph id 12375 reused
CUDA Graph id 12375 reused
CUDA Graph id 12375 reused
CUDA Graph id 12375 reused
CUDA Graph id 12375 reused
CUDA Graph id 12375 reused
CUDA Graph id 12375 reused
CUDA Graph id 12375 reused
CUDA Graph id 12375 reused
CUDA Graph id 12375 reused
CUDA Graph id 12375 reused
CUDA Graph id 12375 reused
CUDA Graph id 12375 reused
CUDA Graph id 12375 reused
CUDA Graph id 12375 reused
CUDA Graph id 12375 reused
CUDA Graph id 12375 reused
CUDA Graph id 12375 reused
CUDA Graph id 12375 reused
CUDA Graph id 12375 reused
CUDA Graph id 12375 reused
CUDA Graph id 12375 reused
CUDA Graph id 12375 reused
CUDA Graph id 12375 reused
CUDA Graph id 12375 reused
CUDA Graph id 12375 reused
CUDA Graph id 12375 reused
CUDA Graph id 12375 reused
CUDA Graph id 12375 reused
CUDA Graph id 12375 reused
CUDA Graph id 12375 reused
CUDA Graph id 12375 reused
CUDA Graph id 12375 reused
CUDA Graph id 12375 reused
CUDA Graph id 12375 reused
CUDA Graph id 12375 reused
CUDA Graph id 12375 reused
CUDA Graph id 12375 reused
CUDA Graph id 12375 reused
CUDA Graph id 12375 reused
CUDA Graph id 12375 reused
CUDA Graph id 12375 reused
CUDA Graph id 12375 reused
CUDA Graph id 12375 reused
CUDA Graph id 12375 reused
CUDA Graph id 12375 reused
CUDA Graph id 12375 reused
CUDA Graph id 12375 reused
CUDA Graph id 12375 reused
CUDA Graph id 12375 reused
CUDA Graph id 12375 reused
CUDA Graph id 12375 reused
CUDA Graph id 12375 reused
CUDA Graph id 12375 reused
CUDA Graph id 12375 reused
CUDA Graph id 12375 reused
CUDA Graph id 12375 reused
CUDA Graph id 12375 reused
CUDA Graph id 12375 reused
CUDA Graph id 12375 reused
CUDA Graph id 12375 reused
CUDA Graph id 12375 reused
CUDA Graph id 12375 reused
CUDA Graph id 12375 reused
CUDA Graph id 12375 reused
CUDA Graph id 12375 reused
CUDA Graph id 12375 reused
CUDA Graph id 12375 reused
CUDA Graph id 12375 reused
CUDA Graph id 12375 reused
CUDA Graph id 12375 reused
CUDA Graph id 12375 reused
CUDA Graph id 12375 reused
CUDA Graph id 12375 reused
CUDA Graph id 12375 reused
CUDA Graph id 12375 reused
CUDA Graph id 12375 reused
CUDA Graph id 12375 reused
CUDA Graph id 12375 reused
CUDA Graph id 12375 reused
CUDA Graph id 12375 reused
CUDA Graph id 12375 reused
CUDA Graph id 12375 reused
CUDA Graph id 12375 reused
CUDA Graph id 12375 reused
CUDA Graph id 12375 reused
CUDA Graph id 12375 reused
CUDA Graph id 12375 reused
CUDA Graph id 12375 reused
CUDA Graph id 12375 reused
CUDA Graph id 12375 reused
CUDA Graph id 12375 reused
CUDA Graph id 12375 reused
CUDA Graph id 12375 reused
CUDA Graph id 12375 reused
CUDA Graph id 12375 reused
CUDA Graph id 12375 reused
CUDA Graph id 12375 reused
CUDA Graph id 12375 reused
CUDA Graph id 12375 reused
CUDA Graph id 12375 reused
CUDA Graph id 12375 reused
CUDA Graph id 12375 reused
CUDA Graph id 12375 reused
CUDA Graph id 12375 reused
CUDA Graph id 12375 reused
CUDA Graph id 12375 reused
CUDA Graph id 12375 reused
CUDA Graph id 12375 reused
CUDA Graph id 12375 reused
CUDA Graph id 12375 reused
CUDA Graph id 12375 reused
CUDA Graph id 12375 reused
CUDA Graph id 12375 reused
CUDA Graph id 12375 reused
CUDA Graph id 12375 reused
CUDA Graph id 12375 reused
CUDA Graph id 12375 reused
CUDA Graph id 12375 reused
CUDA Graph id 12375 reused
CUDA Graph id 12375 reused
CUDA Graph id 12375 reused
CUDA Graph id 12375 reused
CUDA Graph id 12375 reused
CUDA Graph id 12375 reused
CUDA Graph id 12375 reused
CUDA Graph id 12375 reused
CUDA Graph id 12375 reused
CUDA Graph id 12375 reused
CUDA Graph id 12375 reused
CUDA Graph id 12375 reused
CUDA Graph id 12375 reused
CUDA Graph id 12375 reused
CUDA Graph id 12375 reused
CUDA Graph id 12375 reused
CUDA Graph id 12375 reused
CUDA Graph id 12375 reused
CUDA Graph id 12375 reused
CUDA Graph id 12375 reused
CUDA Graph id 12375 reused
CUDA Graph id 12375 reused
CUDA Graph id 12375 reused
CUDA Graph id 12375 reused
CUDA Graph id 12375 reused
CUDA Graph id 12375 reused
CUDA Graph id 12375 reused
CUDA Graph id 12375 reused
CUDA Graph id 12375 reused
CUDA Graph id 12375 reused
CUDA Graph id 12375 reused
CUDA Graph id 12375 reused
CUDA Graph id 12375 reused
CUDA Graph id 12375 reused
CUDA Graph id 12375 reused
CUDA Graph id 12375 reused
CUDA Graph id 12375 reused
CUDA Graph id 12375 reused
CUDA Graph id 12375 reused
CUDA Graph id 12375 reused
CUDA Graph id 12375 reused
CUDA Graph id 12375 reused
CUDA Graph id 12375 reused
CUDA Graph id 12375 reused
CUDA Graph id 12375 reused
CUDA Graph id 12375 reused
CUDA Graph id 12375 reused
CUDA Graph id 12375 reused
CUDA Graph id 12375 reused
CUDA Graph id 12375 reused
CUDA Graph id 12375 reused
CUDA Graph id 12375 reused
CUDA Graph id 12375 reused
CUDA Graph id 12375 reused
CUDA Graph id 12375 reused
CUDA Graph id 12375 reused
CUDA Graph id 12375 reused
CUDA Graph id 12375 reused
CUDA Graph id 12375 reused
CUDA Graph id 12375 reused
CUDA Graph id 12375 reused
CUDA Graph id 12375 reused
CUDA Graph id 12375 reused
CUDA Graph id 12375 reused
CUDA Graph id 12375 reused
CUDA Graph id 12375 reused
CUDA Graph id 12375 reused
CUDA Graph id 12375 reused
CUDA Graph id 12375 reused
CUDA Graph id 12375 reused
CUDA Graph id 12375 reused
CUDA Graph id 12375 reused
CUDA Graph id 12375 reused
CUDA Graph id 12375 reused
CUDA Graph id 12375 reused
CUDA Graph id 12375 reused
CUDA Graph id 12375 reused
CUDA Graph id 12375 reused
CUDA Graph id 12375 reused
CUDA Graph id 12375 reused
~llama_context:      CUDA0 compute buffer size is 304.0000 MiB, matches expectation of 304.0000 MiB
~llama_context:  CUDA_Host compute buffer size is  14.7637 MiB, matches expectation of  14.7637 MiB
llama_context: constructing llama_context
llama_context: n_seq_max     = 1
llama_context: n_ctx         = 768
llama_context: n_ctx_seq     = 768
llama_context: n_batch       = 728
llama_context: n_ubatch      = 512
llama_context: causal_attn   = 1
llama_context: flash_attn    = auto
llama_context: kv_unified    = false
llama_context: freq_base     = 1000000.0
llama_context: freq_scale    = 1
llama_context: n_rs_seq      = 0
llama_context: n_outputs_max = 728
llama_context: n_ctx_seq (768) < n_ctx_train (32768) -- the full capacity of the model will not be utilized
set_abort_callback: call
llama_context:  CUDA_Host  output buffer size =     0.58 MiB
llama_kv_cache: layer   0: dev = CPU
llama_kv_cache: layer   1: dev = CPU
llama_kv_cache: layer   2: dev = CPU
llama_kv_cache: layer   3: dev = CUDA0
llama_kv_cache: layer   4: dev = CUDA0
llama_kv_cache: layer   5: dev = CUDA0
llama_kv_cache: layer   6: dev = CUDA0
llama_kv_cache: layer   7: dev = CUDA0
llama_kv_cache: layer   8: dev = CUDA0
llama_kv_cache: layer   9: dev = CUDA0
llama_kv_cache: layer  10: dev = CUDA0
llama_kv_cache: layer  11: dev = CUDA0
llama_kv_cache: layer  12: dev = CUDA0
llama_kv_cache: layer  13: dev = CUDA0
llama_kv_cache: layer  14: dev = CUDA0
llama_kv_cache: layer  15: dev = CUDA0
llama_kv_cache: layer  16: dev = CUDA0
llama_kv_cache: layer  17: dev = CUDA0
llama_kv_cache: layer  18: dev = CUDA0
llama_kv_cache: layer  19: dev = CUDA0
llama_kv_cache: layer  20: dev = CUDA0
llama_kv_cache: layer  21: dev = CUDA0
llama_kv_cache: layer  22: dev = CUDA0
llama_kv_cache: layer  23: dev = CUDA0
llama_kv_cache: layer  24: dev = CUDA0
llama_kv_cache: layer  25: dev = CUDA0
llama_kv_cache: layer  26: dev = CUDA0
llama_kv_cache: layer  27: dev = CUDA0
llama_kv_cache:        CPU KV buffer size =     4.50 MiB
llama_kv_cache:      CUDA0 KV buffer size =    37.50 MiB
llama_kv_cache: size =   42.00 MiB (   768 cells,  28 layers,  1/1 seqs), K (f16):   21.00 MiB, V (f16):   21.00 MiB
llama_kv_cache: attn_rot_k = 0, n_embd_head_k_all = 128
llama_kv_cache: attn_rot_v = 0, n_embd_head_k_all = 128
llama_context: enumerating backends
llama_context: backend_ptrs.size() = 2
sched_reserve: reserving ...
sched_reserve: max_nodes = 2712
sched_reserve: reserving full memory module
sched_reserve: worst-case: n_tokens = 512, n_seqs = 1, n_outputs = 1
graph_reserve: reserving a graph for ubatch with n_tokens =    1, n_seqs =  1, n_outputs =    1
sched_reserve: Flash Attention was auto, set to enabled
sched_reserve: resolving fused Gated Delta Net support:
graph_reserve: reserving a graph for ubatch with n_tokens =    1, n_seqs =  1, n_outputs =    1
sched_reserve: fused Gated Delta Net (autoregressive) enabled
graph_reserve: reserving a graph for ubatch with n_tokens =   16, n_seqs =  1, n_outputs =   16
sched_reserve: fused Gated Delta Net (chunked) enabled
graph_reserve: reserving a graph for ubatch with n_tokens =  512, n_seqs =  1, n_outputs =  512
graph_reserve: reserving a graph for ubatch with n_tokens =    1, n_seqs =  1, n_outputs =    1
graph_reserve: reserving a graph for ubatch with n_tokens =  512, n_seqs =  1, n_outputs =  512
sched_reserve:      CUDA0 compute buffer size =   304.00 MiB
sched_reserve:  CUDA_Host compute buffer size =    14.76 MiB
sched_reserve: graph nodes  = 958
sched_reserve: graph splits = 44 (with bs=512), 2 (with bs=1)
sched_reserve: reserve took 19.76 ms, sched copies = 1
CUDA Graph id 12525 reused
ggml_backend_cuda_graph_compute: CUDA graph warmup complete
CUDA Graph id 12525 reused
CUDA Graph id 12525 reused
CUDA Graph id 12525 reused
CUDA Graph id 12525 reused
CUDA Graph id 12525 reused
CUDA Graph id 12525 reused
CUDA Graph id 12525 reused
CUDA Graph id 12525 reused
CUDA Graph id 12525 reused
CUDA Graph id 12525 reused
CUDA Graph id 12525 reused
CUDA Graph id 12525 reused
CUDA Graph id 12525 reused
CUDA Graph id 12525 reused
CUDA Graph id 12525 reused
CUDA Graph id 12525 reused
CUDA Graph id 12525 reused
CUDA Graph id 12525 reused
CUDA Graph id 12525 reused
CUDA Graph id 12525 reused
CUDA Graph id 12525 reused
CUDA Graph id 12525 reused
CUDA Graph id 12525 reused
CUDA Graph id 12525 reused
CUDA Graph id 12525 reused
CUDA Graph id 12525 reused
CUDA Graph id 12525 reused
CUDA Graph id 12525 reused
CUDA Graph id 12525 reused
CUDA Graph id 12525 reused
CUDA Graph id 12525 reused
CUDA Graph id 12525 reused
CUDA Graph id 12525 reused
CUDA Graph id 12525 reused
CUDA Graph id 12525 reused
CUDA Graph id 12525 reused
CUDA Graph id 12525 reused
CUDA Graph id 12525 reused
CUDA Graph id 12525 reused
CUDA Graph id 12525 reused
CUDA Graph id 12525 reused
CUDA Graph id 12525 reused
CUDA Graph id 12525 reused
CUDA Graph id 12525 reused
CUDA Graph id 12525 reused
CUDA Graph id 12525 reused
ggml_backend_cuda_graph_compute: CUDA graph warmup reset
CUDA Graph id 12528 reused
ggml_backend_cuda_graph_compute: CUDA graph warmup complete
CUDA Graph id 12528 reused
CUDA Graph id 12528 reused
CUDA Graph id 12528 reused
CUDA Graph id 12528 reused
CUDA Graph id 12528 reused
CUDA Graph id 12528 reused
CUDA Graph id 12528 reused
CUDA Graph id 12528 reused
CUDA Graph id 12528 reused
CUDA Graph id 12528 reused
CUDA Graph id 12528 reused
CUDA Graph id 12528 reused
CUDA Graph id 12528 reused
CUDA Graph id 12528 reused
CUDA Graph id 12528 reused
CUDA Graph id 12528 reused
CUDA Graph id 12528 reused
CUDA Graph id 12528 reused
CUDA Graph id 12528 reused
CUDA Graph id 12528 reused
~llama_context:      CUDA0 compute buffer size is 304.0000 MiB, matches expectation of 304.0000 MiB
~llama_context:  CUDA_Host compute buffer size is  14.7637 MiB, matches expectation of  14.7637 MiB
llama_context: constructing llama_context
llama_context: n_seq_max     = 1
llama_context: n_ctx         = 768
llama_context: n_ctx_seq     = 768
llama_context: n_batch       = 728
llama_context: n_ubatch      = 512
llama_context: causal_attn   = 1
llama_context: flash_attn    = auto
llama_context: kv_unified    = false
llama_context: freq_base     = 1000000.0
llama_context: freq_scale    = 1
llama_context: n_rs_seq      = 0
llama_context: n_outputs_max = 728
llama_context: n_ctx_seq (768) < n_ctx_train (32768) -- the full capacity of the model will not be utilized
set_abort_callback: call
llama_context:  CUDA_Host  output buffer size =     0.58 MiB
llama_kv_cache: layer   0: dev = CPU
llama_kv_cache: layer   1: dev = CPU
llama_kv_cache: layer   2: dev = CPU
llama_kv_cache: layer   3: dev = CUDA0
llama_kv_cache: layer   4: dev = CUDA0
llama_kv_cache: layer   5: dev = CUDA0
llama_kv_cache: layer   6: dev = CUDA0
llama_kv_cache: layer   7: dev = CUDA0
llama_kv_cache: layer   8: dev = CUDA0
llama_kv_cache: layer   9: dev = CUDA0
llama_kv_cache: layer  10: dev = CUDA0
llama_kv_cache: layer  11: dev = CUDA0
llama_kv_cache: layer  12: dev = CUDA0
llama_kv_cache: layer  13: dev = CUDA0
llama_kv_cache: layer  14: dev = CUDA0
llama_kv_cache: layer  15: dev = CUDA0
llama_kv_cache: layer  16: dev = CUDA0
llama_kv_cache: layer  17: dev = CUDA0
llama_kv_cache: layer  18: dev = CUDA0
llama_kv_cache: layer  19: dev = CUDA0
llama_kv_cache: layer  20: dev = CUDA0
llama_kv_cache: layer  21: dev = CUDA0
llama_kv_cache: layer  22: dev = CUDA0
llama_kv_cache: layer  23: dev = CUDA0
llama_kv_cache: layer  24: dev = CUDA0
llama_kv_cache: layer  25: dev = CUDA0
llama_kv_cache: layer  26: dev = CUDA0
llama_kv_cache: layer  27: dev = CUDA0
llama_kv_cache:        CPU KV buffer size =     4.50 MiB
llama_kv_cache:      CUDA0 KV buffer size =    37.50 MiB
llama_kv_cache: size =   42.00 MiB (   768 cells,  28 layers,  1/1 seqs), K (f16):   21.00 MiB, V (f16):   21.00 MiB
llama_kv_cache: attn_rot_k = 0, n_embd_head_k_all = 128
llama_kv_cache: attn_rot_v = 0, n_embd_head_k_all = 128
llama_context: enumerating backends
llama_context: backend_ptrs.size() = 2
sched_reserve: reserving ...
sched_reserve: max_nodes = 2712
sched_reserve: reserving full memory module
sched_reserve: worst-case: n_tokens = 512, n_seqs = 1, n_outputs = 1
graph_reserve: reserving a graph for ubatch with n_tokens =    1, n_seqs =  1, n_outputs =    1
sched_reserve: Flash Attention was auto, set to enabled
sched_reserve: resolving fused Gated Delta Net support:
graph_reserve: reserving a graph for ubatch with n_tokens =    1, n_seqs =  1, n_outputs =    1
sched_reserve: fused Gated Delta Net (autoregressive) enabled
graph_reserve: reserving a graph for ubatch with n_tokens =   16, n_seqs =  1, n_outputs =   16
sched_reserve: fused Gated Delta Net (chunked) enabled
graph_reserve: reserving a graph for ubatch with n_tokens =  512, n_seqs =  1, n_outputs =  512
graph_reserve: reserving a graph for ubatch with n_tokens =    1, n_seqs =  1, n_outputs =    1
graph_reserve: reserving a graph for ubatch with n_tokens =  512, n_seqs =  1, n_outputs =  512
sched_reserve:      CUDA0 compute buffer size =   304.00 MiB
sched_reserve:  CUDA_Host compute buffer size =    14.76 MiB
sched_reserve: graph nodes  = 958
sched_reserve: graph splits = 44 (with bs=512), 2 (with bs=1)
sched_reserve: reserve took 26.80 ms, sched copies = 1
CUDA Graph id 12678 reused
ggml_backend_cuda_graph_compute: CUDA graph warmup complete
CUDA Graph id 12678 reused
CUDA Graph id 12678 reused
CUDA Graph id 12678 reused
CUDA Graph id 12678 reused
CUDA Graph id 12678 reused
CUDA Graph id 12678 reused
CUDA Graph id 12678 reused
CUDA Graph id 12678 reused
CUDA Graph id 12678 reused
CUDA Graph id 12678 reused
CUDA Graph id 12678 reused
CUDA Graph id 12678 reused
CUDA Graph id 12678 reused
CUDA Graph id 12678 reused
CUDA Graph id 12678 reused
CUDA Graph id 12678 reused
CUDA Graph id 12678 reused
CUDA Graph id 12678 reused
CUDA Graph id 12678 reused
CUDA Graph id 12678 reused
CUDA Graph id 12678 reused
CUDA Graph id 12678 reused
CUDA Graph id 12678 reused
CUDA Graph id 12678 reused
CUDA Graph id 12678 reused
CUDA Graph id 12678 reused
CUDA Graph id 12678 reused
CUDA Graph id 12678 reused
CUDA Graph id 12678 reused
CUDA Graph id 12678 reused
CUDA Graph id 12678 reused
CUDA Graph id 12678 reused
CUDA Graph id 12678 reused
CUDA Graph id 12678 reused
CUDA Graph id 12678 reused
CUDA Graph id 12678 reused
CUDA Graph id 12678 reused
CUDA Graph id 12678 reused
CUDA Graph id 12678 reused
CUDA Graph id 12678 reused
CUDA Graph id 12678 reused
CUDA Graph id 12678 reused
CUDA Graph id 12678 reused
CUDA Graph id 12678 reused
CUDA Graph id 12678 reused
CUDA Graph id 12678 reused
ggml_backend_cuda_graph_compute: CUDA graph warmup reset
CUDA Graph id 12681 reused
ggml_backend_cuda_graph_compute: CUDA graph warmup complete
CUDA Graph id 12681 reused
CUDA Graph id 12681 reused
CUDA Graph id 12681 reused
CUDA Graph id 12681 reused
CUDA Graph id 12681 reused
CUDA Graph id 12681 reused
CUDA Graph id 12681 reused
CUDA Graph id 12681 reused
CUDA Graph id 12681 reused
CUDA Graph id 12681 reused
CUDA Graph id 12681 reused
CUDA Graph id 12681 reused
CUDA Graph id 12681 reused
CUDA Graph id 12681 reused
CUDA Graph id 12681 reused
CUDA Graph id 12681 reused
CUDA Graph id 12681 reused
CUDA Graph id 12681 reused
CUDA Graph id 12681 reused
CUDA Graph id 12681 reused
CUDA Graph id 12681 reused
CUDA Graph id 12681 reused
CUDA Graph id 12681 reused
CUDA Graph id 12681 reused
CUDA Graph id 12681 reused
CUDA Graph id 12681 reused
CUDA Graph id 12681 reused
CUDA Graph id 12681 reused
CUDA Graph id 12681 reused
CUDA Graph id 12681 reused
CUDA Graph id 12681 reused
CUDA Graph id 12681 reused
~llama_context:      CUDA0 compute buffer size is 304.0000 MiB, matches expectation of 304.0000 MiB
~llama_context:  CUDA_Host compute buffer size is  14.7637 MiB, matches expectation of  14.7637 MiB
schema 14/25 done
llama_context: constructing llama_context
llama_context: n_seq_max     = 1
llama_context: n_ctx         = 768
llama_context: n_ctx_seq     = 768
llama_context: n_batch       = 736
llama_context: n_ubatch      = 512
llama_context: causal_attn   = 1
llama_context: flash_attn    = auto
llama_context: kv_unified    = false
llama_context: freq_base     = 1000000.0
llama_context: freq_scale    = 1
llama_context: n_rs_seq      = 0
llama_context: n_outputs_max = 736
llama_context: n_ctx_seq (768) < n_ctx_train (32768) -- the full capacity of the model will not be utilized
set_abort_callback: call
llama_context:  CUDA_Host  output buffer size =     0.58 MiB
llama_kv_cache: layer   0: dev = CPU
llama_kv_cache: layer   1: dev = CPU
llama_kv_cache: layer   2: dev = CPU
llama_kv_cache: layer   3: dev = CUDA0
llama_kv_cache: layer   4: dev = CUDA0
llama_kv_cache: layer   5: dev = CUDA0
llama_kv_cache: layer   6: dev = CUDA0
llama_kv_cache: layer   7: dev = CUDA0
llama_kv_cache: layer   8: dev = CUDA0
llama_kv_cache: layer   9: dev = CUDA0
llama_kv_cache: layer  10: dev = CUDA0
llama_kv_cache: layer  11: dev = CUDA0
llama_kv_cache: layer  12: dev = CUDA0
llama_kv_cache: layer  13: dev = CUDA0
llama_kv_cache: layer  14: dev = CUDA0
llama_kv_cache: layer  15: dev = CUDA0
llama_kv_cache: layer  16: dev = CUDA0
llama_kv_cache: layer  17: dev = CUDA0
llama_kv_cache: layer  18: dev = CUDA0
llama_kv_cache: layer  19: dev = CUDA0
llama_kv_cache: layer  20: dev = CUDA0
llama_kv_cache: layer  21: dev = CUDA0
llama_kv_cache: layer  22: dev = CUDA0
llama_kv_cache: layer  23: dev = CUDA0
llama_kv_cache: layer  24: dev = CUDA0
llama_kv_cache: layer  25: dev = CUDA0
llama_kv_cache: layer  26: dev = CUDA0
llama_kv_cache: layer  27: dev = CUDA0
llama_kv_cache:        CPU KV buffer size =     4.50 MiB
llama_kv_cache:      CUDA0 KV buffer size =    37.50 MiB
llama_kv_cache: size =   42.00 MiB (   768 cells,  28 layers,  1/1 seqs), K (f16):   21.00 MiB, V (f16):   21.00 MiB
llama_kv_cache: attn_rot_k = 0, n_embd_head_k_all = 128
llama_kv_cache: attn_rot_v = 0, n_embd_head_k_all = 128
llama_context: enumerating backends
llama_context: backend_ptrs.size() = 2
sched_reserve: reserving ...
sched_reserve: max_nodes = 2712
sched_reserve: reserving full memory module
sched_reserve: worst-case: n_tokens = 512, n_seqs = 1, n_outputs = 1
graph_reserve: reserving a graph for ubatch with n_tokens =    1, n_seqs =  1, n_outputs =    1
sched_reserve: Flash Attention was auto, set to enabled
sched_reserve: resolving fused Gated Delta Net support:
graph_reserve: reserving a graph for ubatch with n_tokens =    1, n_seqs =  1, n_outputs =    1
sched_reserve: fused Gated Delta Net (autoregressive) enabled
graph_reserve: reserving a graph for ubatch with n_tokens =   16, n_seqs =  1, n_outputs =   16
sched_reserve: fused Gated Delta Net (chunked) enabled
graph_reserve: reserving a graph for ubatch with n_tokens =  512, n_seqs =  1, n_outputs =  512
graph_reserve: reserving a graph for ubatch with n_tokens =    1, n_seqs =  1, n_outputs =    1
graph_reserve: reserving a graph for ubatch with n_tokens =  512, n_seqs =  1, n_outputs =  512
sched_reserve:      CUDA0 compute buffer size =   304.00 MiB
sched_reserve:  CUDA_Host compute buffer size =    14.76 MiB
sched_reserve: graph nodes  = 958
sched_reserve: graph splits = 44 (with bs=512), 2 (with bs=1)
sched_reserve: reserve took 23.82 ms, sched copies = 1
CUDA Graph id 12831 reused
ggml_backend_cuda_graph_compute: CUDA graph warmup complete
CUDA Graph id 12831 reused
CUDA Graph id 12831 reused
CUDA Graph id 12831 reused
CUDA Graph id 12831 reused
CUDA Graph id 12831 reused
CUDA Graph id 12831 reused
CUDA Graph id 12831 reused
CUDA Graph id 12831 reused
CUDA Graph id 12831 reused
CUDA Graph id 12831 reused
CUDA Graph id 12831 reused
CUDA Graph id 12831 reused
CUDA Graph id 12831 reused
CUDA Graph id 12831 reused
CUDA Graph id 12831 reused
CUDA Graph id 12831 reused
CUDA Graph id 12831 reused
CUDA Graph id 12831 reused
CUDA Graph id 12831 reused
CUDA Graph id 12831 reused
CUDA Graph id 12831 reused
CUDA Graph id 12831 reused
CUDA Graph id 12831 reused
CUDA Graph id 12831 reused
CUDA Graph id 12831 reused
CUDA Graph id 12831 reused
CUDA Graph id 12831 reused
CUDA Graph id 12831 reused
CUDA Graph id 12831 reused
CUDA Graph id 12831 reused
CUDA Graph id 12831 reused
CUDA Graph id 12831 reused
CUDA Graph id 12831 reused
CUDA Graph id 12831 reused
CUDA Graph id 12831 reused
CUDA Graph id 12831 reused
CUDA Graph id 12831 reused
CUDA Graph id 12831 reused
ggml_backend_cuda_graph_compute: CUDA graph warmup reset
CUDA Graph id 12834 reused
ggml_backend_cuda_graph_compute: CUDA graph warmup complete
CUDA Graph id 12834 reused
CUDA Graph id 12834 reused
CUDA Graph id 12834 reused
CUDA Graph id 12834 reused
CUDA Graph id 12834 reused
CUDA Graph id 12834 reused
CUDA Graph id 12834 reused
CUDA Graph id 12834 reused
CUDA Graph id 12834 reused
CUDA Graph id 12834 reused
CUDA Graph id 12834 reused
CUDA Graph id 12834 reused
CUDA Graph id 12834 reused
~llama_context:      CUDA0 compute buffer size is 304.0000 MiB, matches expectation of 304.0000 MiB
~llama_context:  CUDA_Host compute buffer size is  14.7637 MiB, matches expectation of  14.7637 MiB
llama_context: constructing llama_context
llama_context: n_seq_max     = 1
llama_context: n_ctx         = 768
llama_context: n_ctx_seq     = 768
llama_context: n_batch       = 736
llama_context: n_ubatch      = 512
llama_context: causal_attn   = 1
llama_context: flash_attn    = auto
llama_context: kv_unified    = false
llama_context: freq_base     = 1000000.0
llama_context: freq_scale    = 1
llama_context: n_rs_seq      = 0
llama_context: n_outputs_max = 736
llama_context: n_ctx_seq (768) < n_ctx_train (32768) -- the full capacity of the model will not be utilized
set_abort_callback: call
llama_context:  CUDA_Host  output buffer size =     0.58 MiB
llama_kv_cache: layer   0: dev = CPU
llama_kv_cache: layer   1: dev = CPU
llama_kv_cache: layer   2: dev = CPU
llama_kv_cache: layer   3: dev = CUDA0
llama_kv_cache: layer   4: dev = CUDA0
llama_kv_cache: layer   5: dev = CUDA0
llama_kv_cache: layer   6: dev = CUDA0
llama_kv_cache: layer   7: dev = CUDA0
llama_kv_cache: layer   8: dev = CUDA0
llama_kv_cache: layer   9: dev = CUDA0
llama_kv_cache: layer  10: dev = CUDA0
llama_kv_cache: layer  11: dev = CUDA0
llama_kv_cache: layer  12: dev = CUDA0
llama_kv_cache: layer  13: dev = CUDA0
llama_kv_cache: layer  14: dev = CUDA0
llama_kv_cache: layer  15: dev = CUDA0
llama_kv_cache: layer  16: dev = CUDA0
llama_kv_cache: layer  17: dev = CUDA0
llama_kv_cache: layer  18: dev = CUDA0
llama_kv_cache: layer  19: dev = CUDA0
llama_kv_cache: layer  20: dev = CUDA0
llama_kv_cache: layer  21: dev = CUDA0
llama_kv_cache: layer  22: dev = CUDA0
llama_kv_cache: layer  23: dev = CUDA0
llama_kv_cache: layer  24: dev = CUDA0
llama_kv_cache: layer  25: dev = CUDA0
llama_kv_cache: layer  26: dev = CUDA0
llama_kv_cache: layer  27: dev = CUDA0
llama_kv_cache:        CPU KV buffer size =     4.50 MiB
llama_kv_cache:      CUDA0 KV buffer size =    37.50 MiB
llama_kv_cache: size =   42.00 MiB (   768 cells,  28 layers,  1/1 seqs), K (f16):   21.00 MiB, V (f16):   21.00 MiB
llama_kv_cache: attn_rot_k = 0, n_embd_head_k_all = 128
llama_kv_cache: attn_rot_v = 0, n_embd_head_k_all = 128
llama_context: enumerating backends
llama_context: backend_ptrs.size() = 2
sched_reserve: reserving ...
sched_reserve: max_nodes = 2712
sched_reserve: reserving full memory module
sched_reserve: worst-case: n_tokens = 512, n_seqs = 1, n_outputs = 1
graph_reserve: reserving a graph for ubatch with n_tokens =    1, n_seqs =  1, n_outputs =    1
sched_reserve: Flash Attention was auto, set to enabled
sched_reserve: resolving fused Gated Delta Net support:
graph_reserve: reserving a graph for ubatch with n_tokens =    1, n_seqs =  1, n_outputs =    1
sched_reserve: fused Gated Delta Net (autoregressive) enabled
graph_reserve: reserving a graph for ubatch with n_tokens =   16, n_seqs =  1, n_outputs =   16
sched_reserve: fused Gated Delta Net (chunked) enabled
graph_reserve: reserving a graph for ubatch with n_tokens =  512, n_seqs =  1, n_outputs =  512
graph_reserve: reserving a graph for ubatch with n_tokens =    1, n_seqs =  1, n_outputs =    1
graph_reserve: reserving a graph for ubatch with n_tokens =  512, n_seqs =  1, n_outputs =  512
sched_reserve:      CUDA0 compute buffer size =   304.00 MiB
sched_reserve:  CUDA_Host compute buffer size =    14.76 MiB
sched_reserve: graph nodes  = 958
sched_reserve: graph splits = 44 (with bs=512), 2 (with bs=1)
sched_reserve: reserve took 21.22 ms, sched copies = 1
CUDA Graph id 12984 reused
ggml_backend_cuda_graph_compute: CUDA graph warmup complete
CUDA Graph id 12984 reused
CUDA Graph id 12984 reused
CUDA Graph id 12984 reused
CUDA Graph id 12984 reused
CUDA Graph id 12984 reused
CUDA Graph id 12984 reused
CUDA Graph id 12984 reused
CUDA Graph id 12984 reused
CUDA Graph id 12984 reused
CUDA Graph id 12984 reused
CUDA Graph id 12984 reused
CUDA Graph id 12984 reused
CUDA Graph id 12984 reused
CUDA Graph id 12984 reused
CUDA Graph id 12984 reused
CUDA Graph id 12984 reused
CUDA Graph id 12984 reused
CUDA Graph id 12984 reused
CUDA Graph id 12984 reused
CUDA Graph id 12984 reused
CUDA Graph id 12984 reused
CUDA Graph id 12984 reused
CUDA Graph id 12984 reused
CUDA Graph id 12984 reused
CUDA Graph id 12984 reused
CUDA Graph id 12984 reused
CUDA Graph id 12984 reused
CUDA Graph id 12984 reused
CUDA Graph id 12984 reused
CUDA Graph id 12984 reused
CUDA Graph id 12984 reused
CUDA Graph id 12984 reused
CUDA Graph id 12984 reused
CUDA Graph id 12984 reused
CUDA Graph id 12984 reused
CUDA Graph id 12984 reused
CUDA Graph id 12984 reused
CUDA Graph id 12984 reused
ggml_backend_cuda_graph_compute: CUDA graph warmup reset
CUDA Graph id 12987 reused
ggml_backend_cuda_graph_compute: CUDA graph warmup complete
CUDA Graph id 12987 reused
CUDA Graph id 12987 reused
CUDA Graph id 12987 reused
CUDA Graph id 12987 reused
CUDA Graph id 12987 reused
CUDA Graph id 12987 reused
CUDA Graph id 12987 reused
CUDA Graph id 12987 reused
CUDA Graph id 12987 reused
CUDA Graph id 12987 reused
CUDA Graph id 12987 reused
CUDA Graph id 12987 reused
CUDA Graph id 12987 reused
~llama_context:      CUDA0 compute buffer size is 304.0000 MiB, matches expectation of 304.0000 MiB
~llama_context:  CUDA_Host compute buffer size is  14.7637 MiB, matches expectation of  14.7637 MiB
llama_context: constructing llama_context
llama_context: n_seq_max     = 1
llama_context: n_ctx         = 768
llama_context: n_ctx_seq     = 768
llama_context: n_batch       = 736
llama_context: n_ubatch      = 512
llama_context: causal_attn   = 1
llama_context: flash_attn    = auto
llama_context: kv_unified    = false
llama_context: freq_base     = 1000000.0
llama_context: freq_scale    = 1
llama_context: n_rs_seq      = 0
llama_context: n_outputs_max = 736
llama_context: n_ctx_seq (768) < n_ctx_train (32768) -- the full capacity of the model will not be utilized
set_abort_callback: call
llama_context:  CUDA_Host  output buffer size =     0.58 MiB
llama_kv_cache: layer   0: dev = CPU
llama_kv_cache: layer   1: dev = CPU
llama_kv_cache: layer   2: dev = CPU
llama_kv_cache: layer   3: dev = CUDA0
llama_kv_cache: layer   4: dev = CUDA0
llama_kv_cache: layer   5: dev = CUDA0
llama_kv_cache: layer   6: dev = CUDA0
llama_kv_cache: layer   7: dev = CUDA0
llama_kv_cache: layer   8: dev = CUDA0
llama_kv_cache: layer   9: dev = CUDA0
llama_kv_cache: layer  10: dev = CUDA0
llama_kv_cache: layer  11: dev = CUDA0
llama_kv_cache: layer  12: dev = CUDA0
llama_kv_cache: layer  13: dev = CUDA0
llama_kv_cache: layer  14: dev = CUDA0
llama_kv_cache: layer  15: dev = CUDA0
llama_kv_cache: layer  16: dev = CUDA0
llama_kv_cache: layer  17: dev = CUDA0
llama_kv_cache: layer  18: dev = CUDA0
llama_kv_cache: layer  19: dev = CUDA0
llama_kv_cache: layer  20: dev = CUDA0
llama_kv_cache: layer  21: dev = CUDA0
llama_kv_cache: layer  22: dev = CUDA0
llama_kv_cache: layer  23: dev = CUDA0
llama_kv_cache: layer  24: dev = CUDA0
llama_kv_cache: layer  25: dev = CUDA0
llama_kv_cache: layer  26: dev = CUDA0
llama_kv_cache: layer  27: dev = CUDA0
llama_kv_cache:        CPU KV buffer size =     4.50 MiB
llama_kv_cache:      CUDA0 KV buffer size =    37.50 MiB
llama_kv_cache: size =   42.00 MiB (   768 cells,  28 layers,  1/1 seqs), K (f16):   21.00 MiB, V (f16):   21.00 MiB
llama_kv_cache: attn_rot_k = 0, n_embd_head_k_all = 128
llama_kv_cache: attn_rot_v = 0, n_embd_head_k_all = 128
llama_context: enumerating backends
llama_context: backend_ptrs.size() = 2
sched_reserve: reserving ...
sched_reserve: max_nodes = 2712
sched_reserve: reserving full memory module
sched_reserve: worst-case: n_tokens = 512, n_seqs = 1, n_outputs = 1
graph_reserve: reserving a graph for ubatch with n_tokens =    1, n_seqs =  1, n_outputs =    1
sched_reserve: Flash Attention was auto, set to enabled
sched_reserve: resolving fused Gated Delta Net support:
graph_reserve: reserving a graph for ubatch with n_tokens =    1, n_seqs =  1, n_outputs =    1
sched_reserve: fused Gated Delta Net (autoregressive) enabled
graph_reserve: reserving a graph for ubatch with n_tokens =   16, n_seqs =  1, n_outputs =   16
sched_reserve: fused Gated Delta Net (chunked) enabled
graph_reserve: reserving a graph for ubatch with n_tokens =  512, n_seqs =  1, n_outputs =  512
graph_reserve: reserving a graph for ubatch with n_tokens =    1, n_seqs =  1, n_outputs =    1
graph_reserve: reserving a graph for ubatch with n_tokens =  512, n_seqs =  1, n_outputs =  512
sched_reserve:      CUDA0 compute buffer size =   304.00 MiB
sched_reserve:  CUDA_Host compute buffer size =    14.76 MiB
sched_reserve: graph nodes  = 958
sched_reserve: graph splits = 44 (with bs=512), 2 (with bs=1)
sched_reserve: reserve took 22.51 ms, sched copies = 1
CUDA Graph id 13137 reused
ggml_backend_cuda_graph_compute: CUDA graph warmup complete
CUDA Graph id 13137 reused
CUDA Graph id 13137 reused
CUDA Graph id 13137 reused
CUDA Graph id 13137 reused
CUDA Graph id 13137 reused
CUDA Graph id 13137 reused
CUDA Graph id 13137 reused
CUDA Graph id 13137 reused
CUDA Graph id 13137 reused
CUDA Graph id 13137 reused
CUDA Graph id 13137 reused
CUDA Graph id 13137 reused
CUDA Graph id 13137 reused
CUDA Graph id 13137 reused
CUDA Graph id 13137 reused
CUDA Graph id 13137 reused
CUDA Graph id 13137 reused
CUDA Graph id 13137 reused
CUDA Graph id 13137 reused
CUDA Graph id 13137 reused
CUDA Graph id 13137 reused
CUDA Graph id 13137 reused
CUDA Graph id 13137 reused
CUDA Graph id 13137 reused
CUDA Graph id 13137 reused
CUDA Graph id 13137 reused
CUDA Graph id 13137 reused
CUDA Graph id 13137 reused
CUDA Graph id 13137 reused
CUDA Graph id 13137 reused
CUDA Graph id 13137 reused
CUDA Graph id 13137 reused
CUDA Graph id 13137 reused
CUDA Graph id 13137 reused
CUDA Graph id 13137 reused
~llama_context:      CUDA0 compute buffer size is 304.0000 MiB, matches expectation of 304.0000 MiB
~llama_context:  CUDA_Host compute buffer size is  14.7637 MiB, matches expectation of  14.7637 MiB
llama_context: constructing llama_context
llama_context: n_seq_max     = 1
llama_context: n_ctx         = 768
llama_context: n_ctx_seq     = 768
llama_context: n_batch       = 736
llama_context: n_ubatch      = 512
llama_context: causal_attn   = 1
llama_context: flash_attn    = auto
llama_context: kv_unified    = false
llama_context: freq_base     = 1000000.0
llama_context: freq_scale    = 1
llama_context: n_rs_seq      = 0
llama_context: n_outputs_max = 736
llama_context: n_ctx_seq (768) < n_ctx_train (32768) -- the full capacity of the model will not be utilized
set_abort_callback: call
llama_context:  CUDA_Host  output buffer size =     0.58 MiB
llama_kv_cache: layer   0: dev = CPU
llama_kv_cache: layer   1: dev = CPU
llama_kv_cache: layer   2: dev = CPU
llama_kv_cache: layer   3: dev = CUDA0
llama_kv_cache: layer   4: dev = CUDA0
llama_kv_cache: layer   5: dev = CUDA0
llama_kv_cache: layer   6: dev = CUDA0
llama_kv_cache: layer   7: dev = CUDA0
llama_kv_cache: layer   8: dev = CUDA0
llama_kv_cache: layer   9: dev = CUDA0
llama_kv_cache: layer  10: dev = CUDA0
llama_kv_cache: layer  11: dev = CUDA0
llama_kv_cache: layer  12: dev = CUDA0
llama_kv_cache: layer  13: dev = CUDA0
llama_kv_cache: layer  14: dev = CUDA0
llama_kv_cache: layer  15: dev = CUDA0
llama_kv_cache: layer  16: dev = CUDA0
llama_kv_cache: layer  17: dev = CUDA0
llama_kv_cache: layer  18: dev = CUDA0
llama_kv_cache: layer  19: dev = CUDA0
llama_kv_cache: layer  20: dev = CUDA0
llama_kv_cache: layer  21: dev = CUDA0
llama_kv_cache: layer  22: dev = CUDA0
llama_kv_cache: layer  23: dev = CUDA0
llama_kv_cache: layer  24: dev = CUDA0
llama_kv_cache: layer  25: dev = CUDA0
llama_kv_cache: layer  26: dev = CUDA0
llama_kv_cache: layer  27: dev = CUDA0
llama_kv_cache:        CPU KV buffer size =     4.50 MiB
llama_kv_cache:      CUDA0 KV buffer size =    37.50 MiB
llama_kv_cache: size =   42.00 MiB (   768 cells,  28 layers,  1/1 seqs), K (f16):   21.00 MiB, V (f16):   21.00 MiB
llama_kv_cache: attn_rot_k = 0, n_embd_head_k_all = 128
llama_kv_cache: attn_rot_v = 0, n_embd_head_k_all = 128
llama_context: enumerating backends
llama_context: backend_ptrs.size() = 2
sched_reserve: reserving ...
sched_reserve: max_nodes = 2712
sched_reserve: reserving full memory module
sched_reserve: worst-case: n_tokens = 512, n_seqs = 1, n_outputs = 1
graph_reserve: reserving a graph for ubatch with n_tokens =    1, n_seqs =  1, n_outputs =    1
sched_reserve: Flash Attention was auto, set to enabled
sched_reserve: resolving fused Gated Delta Net support:
graph_reserve: reserving a graph for ubatch with n_tokens =    1, n_seqs =  1, n_outputs =    1
sched_reserve: fused Gated Delta Net (autoregressive) enabled
graph_reserve: reserving a graph for ubatch with n_tokens =   16, n_seqs =  1, n_outputs =   16
sched_reserve: fused Gated Delta Net (chunked) enabled
graph_reserve: reserving a graph for ubatch with n_tokens =  512, n_seqs =  1, n_outputs =  512
graph_reserve: reserving a graph for ubatch with n_tokens =    1, n_seqs =  1, n_outputs =    1
graph_reserve: reserving a graph for ubatch with n_tokens =  512, n_seqs =  1, n_outputs =  512
sched_reserve:      CUDA0 compute buffer size =   304.00 MiB
sched_reserve:  CUDA_Host compute buffer size =    14.76 MiB
sched_reserve: graph nodes  = 958
sched_reserve: graph splits = 44 (with bs=512), 2 (with bs=1)
sched_reserve: reserve took 17.25 ms, sched copies = 1
CUDA Graph id 13287 reused
ggml_backend_cuda_graph_compute: CUDA graph warmup complete
CUDA Graph id 13287 reused
CUDA Graph id 13287 reused
CUDA Graph id 13287 reused
CUDA Graph id 13287 reused
CUDA Graph id 13287 reused
CUDA Graph id 13287 reused
CUDA Graph id 13287 reused
CUDA Graph id 13287 reused
CUDA Graph id 13287 reused
CUDA Graph id 13287 reused
CUDA Graph id 13287 reused
CUDA Graph id 13287 reused
CUDA Graph id 13287 reused
CUDA Graph id 13287 reused
CUDA Graph id 13287 reused
CUDA Graph id 13287 reused
CUDA Graph id 13287 reused
CUDA Graph id 13287 reused
CUDA Graph id 13287 reused
CUDA Graph id 13287 reused
CUDA Graph id 13287 reused
CUDA Graph id 13287 reused
CUDA Graph id 13287 reused
CUDA Graph id 13287 reused
CUDA Graph id 13287 reused
CUDA Graph id 13287 reused
CUDA Graph id 13287 reused
CUDA Graph id 13287 reused
CUDA Graph id 13287 reused
CUDA Graph id 13287 reused
CUDA Graph id 13287 reused
CUDA Graph id 13287 reused
CUDA Graph id 13287 reused
CUDA Graph id 13287 reused
CUDA Graph id 13287 reused
~llama_context:      CUDA0 compute buffer size is 304.0000 MiB, matches expectation of 304.0000 MiB
~llama_context:  CUDA_Host compute buffer size is  14.7637 MiB, matches expectation of  14.7637 MiB
llama_context: constructing llama_context
llama_context: n_seq_max     = 1
llama_context: n_ctx         = 768
llama_context: n_ctx_seq     = 768
llama_context: n_batch       = 736
llama_context: n_ubatch      = 512
llama_context: causal_attn   = 1
llama_context: flash_attn    = auto
llama_context: kv_unified    = false
llama_context: freq_base     = 1000000.0
llama_context: freq_scale    = 1
llama_context: n_rs_seq      = 0
llama_context: n_outputs_max = 736
llama_context: n_ctx_seq (768) < n_ctx_train (32768) -- the full capacity of the model will not be utilized
set_abort_callback: call
llama_context:  CUDA_Host  output buffer size =     0.58 MiB
llama_kv_cache: layer   0: dev = CPU
llama_kv_cache: layer   1: dev = CPU
llama_kv_cache: layer   2: dev = CPU
llama_kv_cache: layer   3: dev = CUDA0
llama_kv_cache: layer   4: dev = CUDA0
llama_kv_cache: layer   5: dev = CUDA0
llama_kv_cache: layer   6: dev = CUDA0
llama_kv_cache: layer   7: dev = CUDA0
llama_kv_cache: layer   8: dev = CUDA0
llama_kv_cache: layer   9: dev = CUDA0
llama_kv_cache: layer  10: dev = CUDA0
llama_kv_cache: layer  11: dev = CUDA0
llama_kv_cache: layer  12: dev = CUDA0
llama_kv_cache: layer  13: dev = CUDA0
llama_kv_cache: layer  14: dev = CUDA0
llama_kv_cache: layer  15: dev = CUDA0
llama_kv_cache: layer  16: dev = CUDA0
llama_kv_cache: layer  17: dev = CUDA0
llama_kv_cache: layer  18: dev = CUDA0
llama_kv_cache: layer  19: dev = CUDA0
llama_kv_cache: layer  20: dev = CUDA0
llama_kv_cache: layer  21: dev = CUDA0
llama_kv_cache: layer  22: dev = CUDA0
llama_kv_cache: layer  23: dev = CUDA0
llama_kv_cache: layer  24: dev = CUDA0
llama_kv_cache: layer  25: dev = CUDA0
llama_kv_cache: layer  26: dev = CUDA0
llama_kv_cache: layer  27: dev = CUDA0
llama_kv_cache:        CPU KV buffer size =     4.50 MiB
llama_kv_cache:      CUDA0 KV buffer size =    37.50 MiB
llama_kv_cache: size =   42.00 MiB (   768 cells,  28 layers,  1/1 seqs), K (f16):   21.00 MiB, V (f16):   21.00 MiB
llama_kv_cache: attn_rot_k = 0, n_embd_head_k_all = 128
llama_kv_cache: attn_rot_v = 0, n_embd_head_k_all = 128
llama_context: enumerating backends
llama_context: backend_ptrs.size() = 2
sched_reserve: reserving ...
sched_reserve: max_nodes = 2712
sched_reserve: reserving full memory module
sched_reserve: worst-case: n_tokens = 512, n_seqs = 1, n_outputs = 1
graph_reserve: reserving a graph for ubatch with n_tokens =    1, n_seqs =  1, n_outputs =    1
sched_reserve: Flash Attention was auto, set to enabled
sched_reserve: resolving fused Gated Delta Net support:
graph_reserve: reserving a graph for ubatch with n_tokens =    1, n_seqs =  1, n_outputs =    1
sched_reserve: fused Gated Delta Net (autoregressive) enabled
graph_reserve: reserving a graph for ubatch with n_tokens =   16, n_seqs =  1, n_outputs =   16
sched_reserve: fused Gated Delta Net (chunked) enabled
graph_reserve: reserving a graph for ubatch with n_tokens =  512, n_seqs =  1, n_outputs =  512
graph_reserve: reserving a graph for ubatch with n_tokens =    1, n_seqs =  1, n_outputs =    1
graph_reserve: reserving a graph for ubatch with n_tokens =  512, n_seqs =  1, n_outputs =  512
sched_reserve:      CUDA0 compute buffer size =   304.00 MiB
sched_reserve:  CUDA_Host compute buffer size =    14.76 MiB
sched_reserve: graph nodes  = 958
sched_reserve: graph splits = 44 (with bs=512), 2 (with bs=1)
sched_reserve: reserve took 18.48 ms, sched copies = 1
CUDA Graph id 13437 reused
ggml_backend_cuda_graph_compute: CUDA graph warmup complete
CUDA Graph id 13437 reused
CUDA Graph id 13437 reused
CUDA Graph id 13437 reused
CUDA Graph id 13437 reused
CUDA Graph id 13437 reused
CUDA Graph id 13437 reused
CUDA Graph id 13437 reused
CUDA Graph id 13437 reused
CUDA Graph id 13437 reused
CUDA Graph id 13437 reused
CUDA Graph id 13437 reused
CUDA Graph id 13437 reused
CUDA Graph id 13437 reused
CUDA Graph id 13437 reused
CUDA Graph id 13437 reused
CUDA Graph id 13437 reused
CUDA Graph id 13437 reused
CUDA Graph id 13437 reused
CUDA Graph id 13437 reused
CUDA Graph id 13437 reused
CUDA Graph id 13437 reused
CUDA Graph id 13437 reused
~llama_context:      CUDA0 compute buffer size is 304.0000 MiB, matches expectation of 304.0000 MiB
~llama_context:  CUDA_Host compute buffer size is  14.7637 MiB, matches expectation of  14.7637 MiB
llama_context: constructing llama_context
llama_context: n_seq_max     = 1
llama_context: n_ctx         = 768
llama_context: n_ctx_seq     = 768
llama_context: n_batch       = 736
llama_context: n_ubatch      = 512
llama_context: causal_attn   = 1
llama_context: flash_attn    = auto
llama_context: kv_unified    = false
llama_context: freq_base     = 1000000.0
llama_context: freq_scale    = 1
llama_context: n_rs_seq      = 0
llama_context: n_outputs_max = 736
llama_context: n_ctx_seq (768) < n_ctx_train (32768) -- the full capacity of the model will not be utilized
set_abort_callback: call
llama_context:  CUDA_Host  output buffer size =     0.58 MiB
llama_kv_cache: layer   0: dev = CPU
llama_kv_cache: layer   1: dev = CPU
llama_kv_cache: layer   2: dev = CPU
llama_kv_cache: layer   3: dev = CUDA0
llama_kv_cache: layer   4: dev = CUDA0
llama_kv_cache: layer   5: dev = CUDA0
llama_kv_cache: layer   6: dev = CUDA0
llama_kv_cache: layer   7: dev = CUDA0
llama_kv_cache: layer   8: dev = CUDA0
llama_kv_cache: layer   9: dev = CUDA0
llama_kv_cache: layer  10: dev = CUDA0
llama_kv_cache: layer  11: dev = CUDA0
llama_kv_cache: layer  12: dev = CUDA0
llama_kv_cache: layer  13: dev = CUDA0
llama_kv_cache: layer  14: dev = CUDA0
llama_kv_cache: layer  15: dev = CUDA0
llama_kv_cache: layer  16: dev = CUDA0
llama_kv_cache: layer  17: dev = CUDA0
llama_kv_cache: layer  18: dev = CUDA0
llama_kv_cache: layer  19: dev = CUDA0
llama_kv_cache: layer  20: dev = CUDA0
llama_kv_cache: layer  21: dev = CUDA0
llama_kv_cache: layer  22: dev = CUDA0
llama_kv_cache: layer  23: dev = CUDA0
llama_kv_cache: layer  24: dev = CUDA0
llama_kv_cache: layer  25: dev = CUDA0
llama_kv_cache: layer  26: dev = CUDA0
llama_kv_cache: layer  27: dev = CUDA0
llama_kv_cache:        CPU KV buffer size =     4.50 MiB
llama_kv_cache:      CUDA0 KV buffer size =    37.50 MiB
llama_kv_cache: size =   42.00 MiB (   768 cells,  28 layers,  1/1 seqs), K (f16):   21.00 MiB, V (f16):   21.00 MiB
llama_kv_cache: attn_rot_k = 0, n_embd_head_k_all = 128
llama_kv_cache: attn_rot_v = 0, n_embd_head_k_all = 128
llama_context: enumerating backends
llama_context: backend_ptrs.size() = 2
sched_reserve: reserving ...
sched_reserve: max_nodes = 2712
sched_reserve: reserving full memory module
sched_reserve: worst-case: n_tokens = 512, n_seqs = 1, n_outputs = 1
graph_reserve: reserving a graph for ubatch with n_tokens =    1, n_seqs =  1, n_outputs =    1
sched_reserve: Flash Attention was auto, set to enabled
sched_reserve: resolving fused Gated Delta Net support:
graph_reserve: reserving a graph for ubatch with n_tokens =    1, n_seqs =  1, n_outputs =    1
sched_reserve: fused Gated Delta Net (autoregressive) enabled
graph_reserve: reserving a graph for ubatch with n_tokens =   16, n_seqs =  1, n_outputs =   16
sched_reserve: fused Gated Delta Net (chunked) enabled
graph_reserve: reserving a graph for ubatch with n_tokens =  512, n_seqs =  1, n_outputs =  512
graph_reserve: reserving a graph for ubatch with n_tokens =    1, n_seqs =  1, n_outputs =    1
graph_reserve: reserving a graph for ubatch with n_tokens =  512, n_seqs =  1, n_outputs =  512
sched_reserve:      CUDA0 compute buffer size =   304.00 MiB
sched_reserve:  CUDA_Host compute buffer size =    14.76 MiB
sched_reserve: graph nodes  = 958
sched_reserve: graph splits = 44 (with bs=512), 2 (with bs=1)
sched_reserve: reserve took 25.51 ms, sched copies = 1
CUDA Graph id 13587 reused
ggml_backend_cuda_graph_compute: CUDA graph warmup complete
CUDA Graph id 13587 reused
CUDA Graph id 13587 reused
CUDA Graph id 13587 reused
CUDA Graph id 13587 reused
CUDA Graph id 13587 reused
CUDA Graph id 13587 reused
CUDA Graph id 13587 reused
CUDA Graph id 13587 reused
CUDA Graph id 13587 reused
CUDA Graph id 13587 reused
CUDA Graph id 13587 reused
CUDA Graph id 13587 reused
CUDA Graph id 13587 reused
CUDA Graph id 13587 reused
CUDA Graph id 13587 reused
CUDA Graph id 13587 reused
CUDA Graph id 13587 reused
CUDA Graph id 13587 reused
CUDA Graph id 13587 reused
CUDA Graph id 13587 reused
CUDA Graph id 13587 reused
CUDA Graph id 13587 reused
CUDA Graph id 13587 reused
CUDA Graph id 13587 reused
CUDA Graph id 13587 reused
CUDA Graph id 13587 reused
CUDA Graph id 13587 reused
CUDA Graph id 13587 reused
CUDA Graph id 13587 reused
CUDA Graph id 13587 reused
CUDA Graph id 13587 reused
CUDA Graph id 13587 reused
CUDA Graph id 13587 reused
CUDA Graph id 13587 reused
CUDA Graph id 13587 reused
CUDA Graph id 13587 reused
~llama_context:      CUDA0 compute buffer size is 304.0000 MiB, matches expectation of 304.0000 MiB
~llama_context:  CUDA_Host compute buffer size is  14.7637 MiB, matches expectation of  14.7637 MiB
schema 15/25 done
llama_context: constructing llama_context
llama_context: n_seq_max     = 1
llama_context: n_ctx         = 768
llama_context: n_ctx_seq     = 768
llama_context: n_batch       = 741
llama_context: n_ubatch      = 512
llama_context: causal_attn   = 1
llama_context: flash_attn    = auto
llama_context: kv_unified    = false
llama_context: freq_base     = 1000000.0
llama_context: freq_scale    = 1
llama_context: n_rs_seq      = 0
llama_context: n_outputs_max = 741
llama_context: n_ctx_seq (768) < n_ctx_train (32768) -- the full capacity of the model will not be utilized
set_abort_callback: call
llama_context:  CUDA_Host  output buffer size =     0.58 MiB
llama_kv_cache: layer   0: dev = CPU
llama_kv_cache: layer   1: dev = CPU
llama_kv_cache: layer   2: dev = CPU
llama_kv_cache: layer   3: dev = CUDA0
llama_kv_cache: layer   4: dev = CUDA0
llama_kv_cache: layer   5: dev = CUDA0
llama_kv_cache: layer   6: dev = CUDA0
llama_kv_cache: layer   7: dev = CUDA0
llama_kv_cache: layer   8: dev = CUDA0
llama_kv_cache: layer   9: dev = CUDA0
llama_kv_cache: layer  10: dev = CUDA0
llama_kv_cache: layer  11: dev = CUDA0
llama_kv_cache: layer  12: dev = CUDA0
llama_kv_cache: layer  13: dev = CUDA0
llama_kv_cache: layer  14: dev = CUDA0
llama_kv_cache: layer  15: dev = CUDA0
llama_kv_cache: layer  16: dev = CUDA0
llama_kv_cache: layer  17: dev = CUDA0
llama_kv_cache: layer  18: dev = CUDA0
llama_kv_cache: layer  19: dev = CUDA0
llama_kv_cache: layer  20: dev = CUDA0
llama_kv_cache: layer  21: dev = CUDA0
llama_kv_cache: layer  22: dev = CUDA0
llama_kv_cache: layer  23: dev = CUDA0
llama_kv_cache: layer  24: dev = CUDA0
llama_kv_cache: layer  25: dev = CUDA0
llama_kv_cache: layer  26: dev = CUDA0
llama_kv_cache: layer  27: dev = CUDA0
llama_kv_cache:        CPU KV buffer size =     4.50 MiB
llama_kv_cache:      CUDA0 KV buffer size =    37.50 MiB
llama_kv_cache: size =   42.00 MiB (   768 cells,  28 layers,  1/1 seqs), K (f16):   21.00 MiB, V (f16):   21.00 MiB
llama_kv_cache: attn_rot_k = 0, n_embd_head_k_all = 128
llama_kv_cache: attn_rot_v = 0, n_embd_head_k_all = 128
llama_context: enumerating backends
llama_context: backend_ptrs.size() = 2
sched_reserve: reserving ...
sched_reserve: max_nodes = 2712
sched_reserve: reserving full memory module
sched_reserve: worst-case: n_tokens = 512, n_seqs = 1, n_outputs = 1
graph_reserve: reserving a graph for ubatch with n_tokens =    1, n_seqs =  1, n_outputs =    1
sched_reserve: Flash Attention was auto, set to enabled
sched_reserve: resolving fused Gated Delta Net support:
graph_reserve: reserving a graph for ubatch with n_tokens =    1, n_seqs =  1, n_outputs =    1
sched_reserve: fused Gated Delta Net (autoregressive) enabled
graph_reserve: reserving a graph for ubatch with n_tokens =   16, n_seqs =  1, n_outputs =   16
sched_reserve: fused Gated Delta Net (chunked) enabled
graph_reserve: reserving a graph for ubatch with n_tokens =  512, n_seqs =  1, n_outputs =  512
graph_reserve: reserving a graph for ubatch with n_tokens =    1, n_seqs =  1, n_outputs =    1
graph_reserve: reserving a graph for ubatch with n_tokens =  512, n_seqs =  1, n_outputs =  512
sched_reserve:      CUDA0 compute buffer size =   304.00 MiB
sched_reserve:  CUDA_Host compute buffer size =    14.76 MiB
sched_reserve: graph nodes  = 958
sched_reserve: graph splits = 44 (with bs=512), 2 (with bs=1)
sched_reserve: reserve took 16.82 ms, sched copies = 1
CUDA Graph id 13737 reused
ggml_backend_cuda_graph_compute: CUDA graph warmup complete
CUDA Graph id 13737 reused
CUDA Graph id 13737 reused
CUDA Graph id 13737 reused
CUDA Graph id 13737 reused
CUDA Graph id 13737 reused
CUDA Graph id 13737 reused
CUDA Graph id 13737 reused
CUDA Graph id 13737 reused
CUDA Graph id 13737 reused
CUDA Graph id 13737 reused
CUDA Graph id 13737 reused
CUDA Graph id 13737 reused
CUDA Graph id 13737 reused
CUDA Graph id 13737 reused
CUDA Graph id 13737 reused
CUDA Graph id 13737 reused
CUDA Graph id 13737 reused
CUDA Graph id 13737 reused
CUDA Graph id 13737 reused
CUDA Graph id 13737 reused
CUDA Graph id 13737 reused
CUDA Graph id 13737 reused
CUDA Graph id 13737 reused
CUDA Graph id 13737 reused
CUDA Graph id 13737 reused
CUDA Graph id 13737 reused
CUDA Graph id 13737 reused
CUDA Graph id 13737 reused
CUDA Graph id 13737 reused
CUDA Graph id 13737 reused
CUDA Graph id 13737 reused
CUDA Graph id 13737 reused
CUDA Graph id 13737 reused
ggml_backend_cuda_graph_compute: CUDA graph warmup reset
CUDA Graph id 13740 reused
ggml_backend_cuda_graph_compute: CUDA graph warmup complete
CUDA Graph id 13740 reused
CUDA Graph id 13740 reused
CUDA Graph id 13740 reused
CUDA Graph id 13740 reused
CUDA Graph id 13740 reused
CUDA Graph id 13740 reused
CUDA Graph id 13740 reused
CUDA Graph id 13740 reused
CUDA Graph id 13740 reused
CUDA Graph id 13740 reused
CUDA Graph id 13740 reused
CUDA Graph id 13740 reused
CUDA Graph id 13740 reused
CUDA Graph id 13740 reused
CUDA Graph id 13740 reused
CUDA Graph id 13740 reused
CUDA Graph id 13740 reused
CUDA Graph id 13740 reused
CUDA Graph id 13740 reused
CUDA Graph id 13740 reused
CUDA Graph id 13740 reused
CUDA Graph id 13740 reused
CUDA Graph id 13740 reused
CUDA Graph id 13740 reused
CUDA Graph id 13740 reused
CUDA Graph id 13740 reused
CUDA Graph id 13740 reused
CUDA Graph id 13740 reused
CUDA Graph id 13740 reused
CUDA Graph id 13740 reused
CUDA Graph id 13740 reused
CUDA Graph id 13740 reused
CUDA Graph id 13740 reused
CUDA Graph id 13740 reused
CUDA Graph id 13740 reused
CUDA Graph id 13740 reused
CUDA Graph id 13740 reused
~llama_context:      CUDA0 compute buffer size is 304.0000 MiB, matches expectation of 304.0000 MiB
~llama_context:  CUDA_Host compute buffer size is  14.7637 MiB, matches expectation of  14.7637 MiB
llama_context: constructing llama_context
llama_context: n_seq_max     = 1
llama_context: n_ctx         = 768
llama_context: n_ctx_seq     = 768
llama_context: n_batch       = 741
llama_context: n_ubatch      = 512
llama_context: causal_attn   = 1
llama_context: flash_attn    = auto
llama_context: kv_unified    = false
llama_context: freq_base     = 1000000.0
llama_context: freq_scale    = 1
llama_context: n_rs_seq      = 0
llama_context: n_outputs_max = 741
llama_context: n_ctx_seq (768) < n_ctx_train (32768) -- the full capacity of the model will not be utilized
set_abort_callback: call
llama_context:  CUDA_Host  output buffer size =     0.58 MiB
llama_kv_cache: layer   0: dev = CPU
llama_kv_cache: layer   1: dev = CPU
llama_kv_cache: layer   2: dev = CPU
llama_kv_cache: layer   3: dev = CUDA0
llama_kv_cache: layer   4: dev = CUDA0
llama_kv_cache: layer   5: dev = CUDA0
llama_kv_cache: layer   6: dev = CUDA0
llama_kv_cache: layer   7: dev = CUDA0
llama_kv_cache: layer   8: dev = CUDA0
llama_kv_cache: layer   9: dev = CUDA0
llama_kv_cache: layer  10: dev = CUDA0
llama_kv_cache: layer  11: dev = CUDA0
llama_kv_cache: layer  12: dev = CUDA0
llama_kv_cache: layer  13: dev = CUDA0
llama_kv_cache: layer  14: dev = CUDA0
llama_kv_cache: layer  15: dev = CUDA0
llama_kv_cache: layer  16: dev = CUDA0
llama_kv_cache: layer  17: dev = CUDA0
llama_kv_cache: layer  18: dev = CUDA0
llama_kv_cache: layer  19: dev = CUDA0
llama_kv_cache: layer  20: dev = CUDA0
llama_kv_cache: layer  21: dev = CUDA0
llama_kv_cache: layer  22: dev = CUDA0
llama_kv_cache: layer  23: dev = CUDA0
llama_kv_cache: layer  24: dev = CUDA0
llama_kv_cache: layer  25: dev = CUDA0
llama_kv_cache: layer  26: dev = CUDA0
llama_kv_cache: layer  27: dev = CUDA0
llama_kv_cache:        CPU KV buffer size =     4.50 MiB
llama_kv_cache:      CUDA0 KV buffer size =    37.50 MiB
llama_kv_cache: size =   42.00 MiB (   768 cells,  28 layers,  1/1 seqs), K (f16):   21.00 MiB, V (f16):   21.00 MiB
llama_kv_cache: attn_rot_k = 0, n_embd_head_k_all = 128
llama_kv_cache: attn_rot_v = 0, n_embd_head_k_all = 128
llama_context: enumerating backends
llama_context: backend_ptrs.size() = 2
sched_reserve: reserving ...
sched_reserve: max_nodes = 2712
sched_reserve: reserving full memory module
sched_reserve: worst-case: n_tokens = 512, n_seqs = 1, n_outputs = 1
graph_reserve: reserving a graph for ubatch with n_tokens =    1, n_seqs =  1, n_outputs =    1
sched_reserve: Flash Attention was auto, set to enabled
sched_reserve: resolving fused Gated Delta Net support:
graph_reserve: reserving a graph for ubatch with n_tokens =    1, n_seqs =  1, n_outputs =    1
sched_reserve: fused Gated Delta Net (autoregressive) enabled
graph_reserve: reserving a graph for ubatch with n_tokens =   16, n_seqs =  1, n_outputs =   16
sched_reserve: fused Gated Delta Net (chunked) enabled
graph_reserve: reserving a graph for ubatch with n_tokens =  512, n_seqs =  1, n_outputs =  512
graph_reserve: reserving a graph for ubatch with n_tokens =    1, n_seqs =  1, n_outputs =    1
graph_reserve: reserving a graph for ubatch with n_tokens =  512, n_seqs =  1, n_outputs =  512
sched_reserve:      CUDA0 compute buffer size =   304.00 MiB
sched_reserve:  CUDA_Host compute buffer size =    14.76 MiB
sched_reserve: graph nodes  = 958
sched_reserve: graph splits = 44 (with bs=512), 2 (with bs=1)
sched_reserve: reserve took 27.40 ms, sched copies = 1
CUDA Graph id 13890 reused
ggml_backend_cuda_graph_compute: CUDA graph warmup complete
CUDA Graph id 13890 reused
CUDA Graph id 13890 reused
CUDA Graph id 13890 reused
CUDA Graph id 13890 reused
CUDA Graph id 13890 reused
CUDA Graph id 13890 reused
CUDA Graph id 13890 reused
CUDA Graph id 13890 reused
CUDA Graph id 13890 reused
CUDA Graph id 13890 reused
CUDA Graph id 13890 reused
CUDA Graph id 13890 reused
CUDA Graph id 13890 reused
CUDA Graph id 13890 reused
CUDA Graph id 13890 reused
CUDA Graph id 13890 reused
CUDA Graph id 13890 reused
CUDA Graph id 13890 reused
CUDA Graph id 13890 reused
CUDA Graph id 13890 reused
CUDA Graph id 13890 reused
CUDA Graph id 13890 reused
CUDA Graph id 13890 reused
CUDA Graph id 13890 reused
CUDA Graph id 13890 reused
CUDA Graph id 13890 reused
CUDA Graph id 13890 reused
CUDA Graph id 13890 reused
CUDA Graph id 13890 reused
CUDA Graph id 13890 reused
CUDA Graph id 13890 reused
CUDA Graph id 13890 reused
CUDA Graph id 13890 reused
ggml_backend_cuda_graph_compute: CUDA graph warmup reset
CUDA Graph id 13893 reused
ggml_backend_cuda_graph_compute: CUDA graph warmup complete
CUDA Graph id 13893 reused
CUDA Graph id 13893 reused
CUDA Graph id 13893 reused
CUDA Graph id 13893 reused
CUDA Graph id 13893 reused
CUDA Graph id 13893 reused
CUDA Graph id 13893 reused
CUDA Graph id 13893 reused
CUDA Graph id 13893 reused
CUDA Graph id 13893 reused
CUDA Graph id 13893 reused
CUDA Graph id 13893 reused
CUDA Graph id 13893 reused
CUDA Graph id 13893 reused
CUDA Graph id 13893 reused
CUDA Graph id 13893 reused
CUDA Graph id 13893 reused
CUDA Graph id 13893 reused
CUDA Graph id 13893 reused
CUDA Graph id 13893 reused
CUDA Graph id 13893 reused
CUDA Graph id 13893 reused
CUDA Graph id 13893 reused
CUDA Graph id 13893 reused
CUDA Graph id 13893 reused
CUDA Graph id 13893 reused
CUDA Graph id 13893 reused
CUDA Graph id 13893 reused
CUDA Graph id 13893 reused
CUDA Graph id 13893 reused
CUDA Graph id 13893 reused
CUDA Graph id 13893 reused
CUDA Graph id 13893 reused
CUDA Graph id 13893 reused
CUDA Graph id 13893 reused
CUDA Graph id 13893 reused
CUDA Graph id 13893 reused
~llama_context:      CUDA0 compute buffer size is 304.0000 MiB, matches expectation of 304.0000 MiB
~llama_context:  CUDA_Host compute buffer size is  14.7637 MiB, matches expectation of  14.7637 MiB
llama_context: constructing llama_context
llama_context: n_seq_max     = 1
llama_context: n_ctx         = 768
llama_context: n_ctx_seq     = 768
llama_context: n_batch       = 741
llama_context: n_ubatch      = 512
llama_context: causal_attn   = 1
llama_context: flash_attn    = auto
llama_context: kv_unified    = false
llama_context: freq_base     = 1000000.0
llama_context: freq_scale    = 1
llama_context: n_rs_seq      = 0
llama_context: n_outputs_max = 741
llama_context: n_ctx_seq (768) < n_ctx_train (32768) -- the full capacity of the model will not be utilized
set_abort_callback: call
llama_context:  CUDA_Host  output buffer size =     0.58 MiB
llama_kv_cache: layer   0: dev = CPU
llama_kv_cache: layer   1: dev = CPU
llama_kv_cache: layer   2: dev = CPU
llama_kv_cache: layer   3: dev = CUDA0
llama_kv_cache: layer   4: dev = CUDA0
llama_kv_cache: layer   5: dev = CUDA0
llama_kv_cache: layer   6: dev = CUDA0
llama_kv_cache: layer   7: dev = CUDA0
llama_kv_cache: layer   8: dev = CUDA0
llama_kv_cache: layer   9: dev = CUDA0
llama_kv_cache: layer  10: dev = CUDA0
llama_kv_cache: layer  11: dev = CUDA0
llama_kv_cache: layer  12: dev = CUDA0
llama_kv_cache: layer  13: dev = CUDA0
llama_kv_cache: layer  14: dev = CUDA0
llama_kv_cache: layer  15: dev = CUDA0
llama_kv_cache: layer  16: dev = CUDA0
llama_kv_cache: layer  17: dev = CUDA0
llama_kv_cache: layer  18: dev = CUDA0
llama_kv_cache: layer  19: dev = CUDA0
llama_kv_cache: layer  20: dev = CUDA0
llama_kv_cache: layer  21: dev = CUDA0
llama_kv_cache: layer  22: dev = CUDA0
llama_kv_cache: layer  23: dev = CUDA0
llama_kv_cache: layer  24: dev = CUDA0
llama_kv_cache: layer  25: dev = CUDA0
llama_kv_cache: layer  26: dev = CUDA0
llama_kv_cache: layer  27: dev = CUDA0
llama_kv_cache:        CPU KV buffer size =     4.50 MiB
llama_kv_cache:      CUDA0 KV buffer size =    37.50 MiB
llama_kv_cache: size =   42.00 MiB (   768 cells,  28 layers,  1/1 seqs), K (f16):   21.00 MiB, V (f16):   21.00 MiB
llama_kv_cache: attn_rot_k = 0, n_embd_head_k_all = 128
llama_kv_cache: attn_rot_v = 0, n_embd_head_k_all = 128
llama_context: enumerating backends
llama_context: backend_ptrs.size() = 2
sched_reserve: reserving ...
sched_reserve: max_nodes = 2712
sched_reserve: reserving full memory module
sched_reserve: worst-case: n_tokens = 512, n_seqs = 1, n_outputs = 1
graph_reserve: reserving a graph for ubatch with n_tokens =    1, n_seqs =  1, n_outputs =    1
sched_reserve: Flash Attention was auto, set to enabled
sched_reserve: resolving fused Gated Delta Net support:
graph_reserve: reserving a graph for ubatch with n_tokens =    1, n_seqs =  1, n_outputs =    1
sched_reserve: fused Gated Delta Net (autoregressive) enabled
graph_reserve: reserving a graph for ubatch with n_tokens =   16, n_seqs =  1, n_outputs =   16
sched_reserve: fused Gated Delta Net (chunked) enabled
graph_reserve: reserving a graph for ubatch with n_tokens =  512, n_seqs =  1, n_outputs =  512
graph_reserve: reserving a graph for ubatch with n_tokens =    1, n_seqs =  1, n_outputs =    1
graph_reserve: reserving a graph for ubatch with n_tokens =  512, n_seqs =  1, n_outputs =  512
sched_reserve:      CUDA0 compute buffer size =   304.00 MiB
sched_reserve:  CUDA_Host compute buffer size =    14.76 MiB
sched_reserve: graph nodes  = 958
sched_reserve: graph splits = 44 (with bs=512), 2 (with bs=1)
sched_reserve: reserve took 18.75 ms, sched copies = 1
CUDA Graph id 14043 reused
ggml_backend_cuda_graph_compute: CUDA graph warmup complete
CUDA Graph id 14043 reused
CUDA Graph id 14043 reused
CUDA Graph id 14043 reused
CUDA Graph id 14043 reused
CUDA Graph id 14043 reused
CUDA Graph id 14043 reused
CUDA Graph id 14043 reused
CUDA Graph id 14043 reused
CUDA Graph id 14043 reused
CUDA Graph id 14043 reused
CUDA Graph id 14043 reused
CUDA Graph id 14043 reused
CUDA Graph id 14043 reused
CUDA Graph id 14043 reused
CUDA Graph id 14043 reused
CUDA Graph id 14043 reused
CUDA Graph id 14043 reused
CUDA Graph id 14043 reused
CUDA Graph id 14043 reused
CUDA Graph id 14043 reused
CUDA Graph id 14043 reused
CUDA Graph id 14043 reused
CUDA Graph id 14043 reused
CUDA Graph id 14043 reused
CUDA Graph id 14043 reused
CUDA Graph id 14043 reused
CUDA Graph id 14043 reused
CUDA Graph id 14043 reused
CUDA Graph id 14043 reused
CUDA Graph id 14043 reused
CUDA Graph id 14043 reused
CUDA Graph id 14043 reused
CUDA Graph id 14043 reused
ggml_backend_cuda_graph_compute: CUDA graph warmup reset
CUDA Graph id 14046 reused
ggml_backend_cuda_graph_compute: CUDA graph warmup complete
CUDA Graph id 14046 reused
CUDA Graph id 14046 reused
CUDA Graph id 14046 reused
CUDA Graph id 14046 reused
CUDA Graph id 14046 reused
CUDA Graph id 14046 reused
CUDA Graph id 14046 reused
CUDA Graph id 14046 reused
CUDA Graph id 14046 reused
CUDA Graph id 14046 reused
CUDA Graph id 14046 reused
CUDA Graph id 14046 reused
~llama_context:      CUDA0 compute buffer size is 304.0000 MiB, matches expectation of 304.0000 MiB
~llama_context:  CUDA_Host compute buffer size is  14.7637 MiB, matches expectation of  14.7637 MiB
llama_context: constructing llama_context
llama_context: n_seq_max     = 1
llama_context: n_ctx         = 768
llama_context: n_ctx_seq     = 768
llama_context: n_batch       = 741
llama_context: n_ubatch      = 512
llama_context: causal_attn   = 1
llama_context: flash_attn    = auto
llama_context: kv_unified    = false
llama_context: freq_base     = 1000000.0
llama_context: freq_scale    = 1
llama_context: n_rs_seq      = 0
llama_context: n_outputs_max = 741
llama_context: n_ctx_seq (768) < n_ctx_train (32768) -- the full capacity of the model will not be utilized
set_abort_callback: call
llama_context:  CUDA_Host  output buffer size =     0.58 MiB
llama_kv_cache: layer   0: dev = CPU
llama_kv_cache: layer   1: dev = CPU
llama_kv_cache: layer   2: dev = CPU
llama_kv_cache: layer   3: dev = CUDA0
llama_kv_cache: layer   4: dev = CUDA0
llama_kv_cache: layer   5: dev = CUDA0
llama_kv_cache: layer   6: dev = CUDA0
llama_kv_cache: layer   7: dev = CUDA0
llama_kv_cache: layer   8: dev = CUDA0
llama_kv_cache: layer   9: dev = CUDA0
llama_kv_cache: layer  10: dev = CUDA0
llama_kv_cache: layer  11: dev = CUDA0
llama_kv_cache: layer  12: dev = CUDA0
llama_kv_cache: layer  13: dev = CUDA0
llama_kv_cache: layer  14: dev = CUDA0
llama_kv_cache: layer  15: dev = CUDA0
llama_kv_cache: layer  16: dev = CUDA0
llama_kv_cache: layer  17: dev = CUDA0
llama_kv_cache: layer  18: dev = CUDA0
llama_kv_cache: layer  19: dev = CUDA0
llama_kv_cache: layer  20: dev = CUDA0
llama_kv_cache: layer  21: dev = CUDA0
llama_kv_cache: layer  22: dev = CUDA0
llama_kv_cache: layer  23: dev = CUDA0
llama_kv_cache: layer  24: dev = CUDA0
llama_kv_cache: layer  25: dev = CUDA0
llama_kv_cache: layer  26: dev = CUDA0
llama_kv_cache: layer  27: dev = CUDA0
llama_kv_cache:        CPU KV buffer size =     4.50 MiB
llama_kv_cache:      CUDA0 KV buffer size =    37.50 MiB
llama_kv_cache: size =   42.00 MiB (   768 cells,  28 layers,  1/1 seqs), K (f16):   21.00 MiB, V (f16):   21.00 MiB
llama_kv_cache: attn_rot_k = 0, n_embd_head_k_all = 128
llama_kv_cache: attn_rot_v = 0, n_embd_head_k_all = 128
llama_context: enumerating backends
llama_context: backend_ptrs.size() = 2
sched_reserve: reserving ...
sched_reserve: max_nodes = 2712
sched_reserve: reserving full memory module
sched_reserve: worst-case: n_tokens = 512, n_seqs = 1, n_outputs = 1
graph_reserve: reserving a graph for ubatch with n_tokens =    1, n_seqs =  1, n_outputs =    1
sched_reserve: Flash Attention was auto, set to enabled
sched_reserve: resolving fused Gated Delta Net support:
graph_reserve: reserving a graph for ubatch with n_tokens =    1, n_seqs =  1, n_outputs =    1
sched_reserve: fused Gated Delta Net (autoregressive) enabled
graph_reserve: reserving a graph for ubatch with n_tokens =   16, n_seqs =  1, n_outputs =   16
sched_reserve: fused Gated Delta Net (chunked) enabled
graph_reserve: reserving a graph for ubatch with n_tokens =  512, n_seqs =  1, n_outputs =  512
graph_reserve: reserving a graph for ubatch with n_tokens =    1, n_seqs =  1, n_outputs =    1
graph_reserve: reserving a graph for ubatch with n_tokens =  512, n_seqs =  1, n_outputs =  512
sched_reserve:      CUDA0 compute buffer size =   304.00 MiB
sched_reserve:  CUDA_Host compute buffer size =    14.76 MiB
sched_reserve: graph nodes  = 958
sched_reserve: graph splits = 44 (with bs=512), 2 (with bs=1)
sched_reserve: reserve took 17.77 ms, sched copies = 1
CUDA Graph id 14196 reused
ggml_backend_cuda_graph_compute: CUDA graph warmup complete
CUDA Graph id 14196 reused
CUDA Graph id 14196 reused
CUDA Graph id 14196 reused
CUDA Graph id 14196 reused
CUDA Graph id 14196 reused
CUDA Graph id 14196 reused
CUDA Graph id 14196 reused
CUDA Graph id 14196 reused
CUDA Graph id 14196 reused
CUDA Graph id 14196 reused
CUDA Graph id 14196 reused
CUDA Graph id 14196 reused
CUDA Graph id 14196 reused
CUDA Graph id 14196 reused
CUDA Graph id 14196 reused
CUDA Graph id 14196 reused
CUDA Graph id 14196 reused
CUDA Graph id 14196 reused
CUDA Graph id 14196 reused
CUDA Graph id 14196 reused
CUDA Graph id 14196 reused
CUDA Graph id 14196 reused
CUDA Graph id 14196 reused
CUDA Graph id 14196 reused
CUDA Graph id 14196 reused
CUDA Graph id 14196 reused
CUDA Graph id 14196 reused
CUDA Graph id 14196 reused
CUDA Graph id 14196 reused
CUDA Graph id 14196 reused
CUDA Graph id 14196 reused
CUDA Graph id 14196 reused
CUDA Graph id 14196 reused
ggml_backend_cuda_graph_compute: CUDA graph warmup reset
CUDA Graph id 14199 reused
ggml_backend_cuda_graph_compute: CUDA graph warmup complete
CUDA Graph id 14199 reused
CUDA Graph id 14199 reused
CUDA Graph id 14199 reused
CUDA Graph id 14199 reused
CUDA Graph id 14199 reused
CUDA Graph id 14199 reused
CUDA Graph id 14199 reused
~llama_context:      CUDA0 compute buffer size is 304.0000 MiB, matches expectation of 304.0000 MiB
~llama_context:  CUDA_Host compute buffer size is  14.7637 MiB, matches expectation of  14.7637 MiB
llama_context: constructing llama_context
llama_context: n_seq_max     = 1
llama_context: n_ctx         = 768
llama_context: n_ctx_seq     = 768
llama_context: n_batch       = 741
llama_context: n_ubatch      = 512
llama_context: causal_attn   = 1
llama_context: flash_attn    = auto
llama_context: kv_unified    = false
llama_context: freq_base     = 1000000.0
llama_context: freq_scale    = 1
llama_context: n_rs_seq      = 0
llama_context: n_outputs_max = 741
llama_context: n_ctx_seq (768) < n_ctx_train (32768) -- the full capacity of the model will not be utilized
set_abort_callback: call
llama_context:  CUDA_Host  output buffer size =     0.58 MiB
llama_kv_cache: layer   0: dev = CPU
llama_kv_cache: layer   1: dev = CPU
llama_kv_cache: layer   2: dev = CPU
llama_kv_cache: layer   3: dev = CUDA0
llama_kv_cache: layer   4: dev = CUDA0
llama_kv_cache: layer   5: dev = CUDA0
llama_kv_cache: layer   6: dev = CUDA0
llama_kv_cache: layer   7: dev = CUDA0
llama_kv_cache: layer   8: dev = CUDA0
llama_kv_cache: layer   9: dev = CUDA0
llama_kv_cache: layer  10: dev = CUDA0
llama_kv_cache: layer  11: dev = CUDA0
llama_kv_cache: layer  12: dev = CUDA0
llama_kv_cache: layer  13: dev = CUDA0
llama_kv_cache: layer  14: dev = CUDA0
llama_kv_cache: layer  15: dev = CUDA0
llama_kv_cache: layer  16: dev = CUDA0
llama_kv_cache: layer  17: dev = CUDA0
llama_kv_cache: layer  18: dev = CUDA0
llama_kv_cache: layer  19: dev = CUDA0
llama_kv_cache: layer  20: dev = CUDA0
llama_kv_cache: layer  21: dev = CUDA0
llama_kv_cache: layer  22: dev = CUDA0
llama_kv_cache: layer  23: dev = CUDA0
llama_kv_cache: layer  24: dev = CUDA0
llama_kv_cache: layer  25: dev = CUDA0
llama_kv_cache: layer  26: dev = CUDA0
llama_kv_cache: layer  27: dev = CUDA0
llama_kv_cache:        CPU KV buffer size =     4.50 MiB
llama_kv_cache:      CUDA0 KV buffer size =    37.50 MiB
llama_kv_cache: size =   42.00 MiB (   768 cells,  28 layers,  1/1 seqs), K (f16):   21.00 MiB, V (f16):   21.00 MiB
llama_kv_cache: attn_rot_k = 0, n_embd_head_k_all = 128
llama_kv_cache: attn_rot_v = 0, n_embd_head_k_all = 128
llama_context: enumerating backends
llama_context: backend_ptrs.size() = 2
sched_reserve: reserving ...
sched_reserve: max_nodes = 2712
sched_reserve: reserving full memory module
sched_reserve: worst-case: n_tokens = 512, n_seqs = 1, n_outputs = 1
graph_reserve: reserving a graph for ubatch with n_tokens =    1, n_seqs =  1, n_outputs =    1
sched_reserve: Flash Attention was auto, set to enabled
sched_reserve: resolving fused Gated Delta Net support:
graph_reserve: reserving a graph for ubatch with n_tokens =    1, n_seqs =  1, n_outputs =    1
sched_reserve: fused Gated Delta Net (autoregressive) enabled
graph_reserve: reserving a graph for ubatch with n_tokens =   16, n_seqs =  1, n_outputs =   16
sched_reserve: fused Gated Delta Net (chunked) enabled
graph_reserve: reserving a graph for ubatch with n_tokens =  512, n_seqs =  1, n_outputs =  512
graph_reserve: reserving a graph for ubatch with n_tokens =    1, n_seqs =  1, n_outputs =    1
graph_reserve: reserving a graph for ubatch with n_tokens =  512, n_seqs =  1, n_outputs =  512
sched_reserve:      CUDA0 compute buffer size =   304.00 MiB
sched_reserve:  CUDA_Host compute buffer size =    14.76 MiB
sched_reserve: graph nodes  = 958
sched_reserve: graph splits = 44 (with bs=512), 2 (with bs=1)
sched_reserve: reserve took 20.90 ms, sched copies = 1
CUDA Graph id 14349 reused
ggml_backend_cuda_graph_compute: CUDA graph warmup complete
CUDA Graph id 14349 reused
CUDA Graph id 14349 reused
CUDA Graph id 14349 reused
CUDA Graph id 14349 reused
CUDA Graph id 14349 reused
CUDA Graph id 14349 reused
CUDA Graph id 14349 reused
CUDA Graph id 14349 reused
CUDA Graph id 14349 reused
CUDA Graph id 14349 reused
CUDA Graph id 14349 reused
CUDA Graph id 14349 reused
CUDA Graph id 14349 reused
CUDA Graph id 14349 reused
CUDA Graph id 14349 reused
CUDA Graph id 14349 reused
CUDA Graph id 14349 reused
CUDA Graph id 14349 reused
CUDA Graph id 14349 reused
CUDA Graph id 14349 reused
CUDA Graph id 14349 reused
CUDA Graph id 14349 reused
CUDA Graph id 14349 reused
CUDA Graph id 14349 reused
CUDA Graph id 14349 reused
CUDA Graph id 14349 reused
CUDA Graph id 14349 reused
CUDA Graph id 14349 reused
CUDA Graph id 14349 reused
CUDA Graph id 14349 reused
CUDA Graph id 14349 reused
CUDA Graph id 14349 reused
CUDA Graph id 14349 reused
ggml_backend_cuda_graph_compute: CUDA graph warmup reset
~llama_context:      CUDA0 compute buffer size is 304.0000 MiB, matches expectation of 304.0000 MiB
~llama_context:  CUDA_Host compute buffer size is  14.7637 MiB, matches expectation of  14.7637 MiB
llama_context: constructing llama_context
llama_context: n_seq_max     = 1
llama_context: n_ctx         = 768
llama_context: n_ctx_seq     = 768
llama_context: n_batch       = 741
llama_context: n_ubatch      = 512
llama_context: causal_attn   = 1
llama_context: flash_attn    = auto
llama_context: kv_unified    = false
llama_context: freq_base     = 1000000.0
llama_context: freq_scale    = 1
llama_context: n_rs_seq      = 0
llama_context: n_outputs_max = 741
llama_context: n_ctx_seq (768) < n_ctx_train (32768) -- the full capacity of the model will not be utilized
set_abort_callback: call
llama_context:  CUDA_Host  output buffer size =     0.58 MiB
llama_kv_cache: layer   0: dev = CPU
llama_kv_cache: layer   1: dev = CPU
llama_kv_cache: layer   2: dev = CPU
llama_kv_cache: layer   3: dev = CUDA0
llama_kv_cache: layer   4: dev = CUDA0
llama_kv_cache: layer   5: dev = CUDA0
llama_kv_cache: layer   6: dev = CUDA0
llama_kv_cache: layer   7: dev = CUDA0
llama_kv_cache: layer   8: dev = CUDA0
llama_kv_cache: layer   9: dev = CUDA0
llama_kv_cache: layer  10: dev = CUDA0
llama_kv_cache: layer  11: dev = CUDA0
llama_kv_cache: layer  12: dev = CUDA0
llama_kv_cache: layer  13: dev = CUDA0
llama_kv_cache: layer  14: dev = CUDA0
llama_kv_cache: layer  15: dev = CUDA0
llama_kv_cache: layer  16: dev = CUDA0
llama_kv_cache: layer  17: dev = CUDA0
llama_kv_cache: layer  18: dev = CUDA0
llama_kv_cache: layer  19: dev = CUDA0
llama_kv_cache: layer  20: dev = CUDA0
llama_kv_cache: layer  21: dev = CUDA0
llama_kv_cache: layer  22: dev = CUDA0
llama_kv_cache: layer  23: dev = CUDA0
llama_kv_cache: layer  24: dev = CUDA0
llama_kv_cache: layer  25: dev = CUDA0
llama_kv_cache: layer  26: dev = CUDA0
llama_kv_cache: layer  27: dev = CUDA0
llama_kv_cache:        CPU KV buffer size =     4.50 MiB
llama_kv_cache:      CUDA0 KV buffer size =    37.50 MiB
llama_kv_cache: size =   42.00 MiB (   768 cells,  28 layers,  1/1 seqs), K (f16):   21.00 MiB, V (f16):   21.00 MiB
llama_kv_cache: attn_rot_k = 0, n_embd_head_k_all = 128
llama_kv_cache: attn_rot_v = 0, n_embd_head_k_all = 128
llama_context: enumerating backends
llama_context: backend_ptrs.size() = 2
sched_reserve: reserving ...
sched_reserve: max_nodes = 2712
sched_reserve: reserving full memory module
sched_reserve: worst-case: n_tokens = 512, n_seqs = 1, n_outputs = 1
graph_reserve: reserving a graph for ubatch with n_tokens =    1, n_seqs =  1, n_outputs =    1
sched_reserve: Flash Attention was auto, set to enabled
sched_reserve: resolving fused Gated Delta Net support:
graph_reserve: reserving a graph for ubatch with n_tokens =    1, n_seqs =  1, n_outputs =    1
sched_reserve: fused Gated Delta Net (autoregressive) enabled
graph_reserve: reserving a graph for ubatch with n_tokens =   16, n_seqs =  1, n_outputs =   16
sched_reserve: fused Gated Delta Net (chunked) enabled
graph_reserve: reserving a graph for ubatch with n_tokens =  512, n_seqs =  1, n_outputs =  512
graph_reserve: reserving a graph for ubatch with n_tokens =    1, n_seqs =  1, n_outputs =    1
graph_reserve: reserving a graph for ubatch with n_tokens =  512, n_seqs =  1, n_outputs =  512
sched_reserve:      CUDA0 compute buffer size =   304.00 MiB
sched_reserve:  CUDA_Host compute buffer size =    14.76 MiB
sched_reserve: graph nodes  = 958
sched_reserve: graph splits = 44 (with bs=512), 2 (with bs=1)
sched_reserve: reserve took 22.96 ms, sched copies = 1
CUDA Graph id 14502 reused
ggml_backend_cuda_graph_compute: CUDA graph warmup complete
CUDA Graph id 14502 reused
CUDA Graph id 14502 reused
CUDA Graph id 14502 reused
CUDA Graph id 14502 reused
CUDA Graph id 14502 reused
CUDA Graph id 14502 reused
CUDA Graph id 14502 reused
CUDA Graph id 14502 reused
CUDA Graph id 14502 reused
CUDA Graph id 14502 reused
CUDA Graph id 14502 reused
CUDA Graph id 14502 reused
CUDA Graph id 14502 reused
CUDA Graph id 14502 reused
CUDA Graph id 14502 reused
CUDA Graph id 14502 reused
CUDA Graph id 14502 reused
CUDA Graph id 14502 reused
CUDA Graph id 14502 reused
CUDA Graph id 14502 reused
CUDA Graph id 14502 reused
CUDA Graph id 14502 reused
CUDA Graph id 14502 reused
CUDA Graph id 14502 reused
CUDA Graph id 14502 reused
CUDA Graph id 14502 reused
CUDA Graph id 14502 reused
CUDA Graph id 14502 reused
CUDA Graph id 14502 reused
CUDA Graph id 14502 reused
CUDA Graph id 14502 reused
CUDA Graph id 14502 reused
CUDA Graph id 14502 reused
ggml_backend_cuda_graph_compute: CUDA graph warmup reset
CUDA Graph id 14505 reused
ggml_backend_cuda_graph_compute: CUDA graph warmup complete
CUDA Graph id 14505 reused
CUDA Graph id 14505 reused
CUDA Graph id 14505 reused
~llama_context:      CUDA0 compute buffer size is 304.0000 MiB, matches expectation of 304.0000 MiB
~llama_context:  CUDA_Host compute buffer size is  14.7637 MiB, matches expectation of  14.7637 MiB
schema 16/25 done
llama_context: constructing llama_context
llama_context: n_seq_max     = 1
llama_context: n_ctx         = 768
llama_context: n_ctx_seq     = 768
llama_context: n_batch       = 698
llama_context: n_ubatch      = 512
llama_context: causal_attn   = 1
llama_context: flash_attn    = auto
llama_context: kv_unified    = false
llama_context: freq_base     = 1000000.0
llama_context: freq_scale    = 1
llama_context: n_rs_seq      = 0
llama_context: n_outputs_max = 698
llama_context: n_ctx_seq (768) < n_ctx_train (32768) -- the full capacity of the model will not be utilized
set_abort_callback: call
llama_context:  CUDA_Host  output buffer size =     0.58 MiB
llama_kv_cache: layer   0: dev = CPU
llama_kv_cache: layer   1: dev = CPU
llama_kv_cache: layer   2: dev = CPU
llama_kv_cache: layer   3: dev = CUDA0
llama_kv_cache: layer   4: dev = CUDA0
llama_kv_cache: layer   5: dev = CUDA0
llama_kv_cache: layer   6: dev = CUDA0
llama_kv_cache: layer   7: dev = CUDA0
llama_kv_cache: layer   8: dev = CUDA0
llama_kv_cache: layer   9: dev = CUDA0
llama_kv_cache: layer  10: dev = CUDA0
llama_kv_cache: layer  11: dev = CUDA0
llama_kv_cache: layer  12: dev = CUDA0
llama_kv_cache: layer  13: dev = CUDA0
llama_kv_cache: layer  14: dev = CUDA0
llama_kv_cache: layer  15: dev = CUDA0
llama_kv_cache: layer  16: dev = CUDA0
llama_kv_cache: layer  17: dev = CUDA0
llama_kv_cache: layer  18: dev = CUDA0
llama_kv_cache: layer  19: dev = CUDA0
llama_kv_cache: layer  20: dev = CUDA0
llama_kv_cache: layer  21: dev = CUDA0
llama_kv_cache: layer  22: dev = CUDA0
llama_kv_cache: layer  23: dev = CUDA0
llama_kv_cache: layer  24: dev = CUDA0
llama_kv_cache: layer  25: dev = CUDA0
llama_kv_cache: layer  26: dev = CUDA0
llama_kv_cache: layer  27: dev = CUDA0
llama_kv_cache:        CPU KV buffer size =     4.50 MiB
llama_kv_cache:      CUDA0 KV buffer size =    37.50 MiB
llama_kv_cache: size =   42.00 MiB (   768 cells,  28 layers,  1/1 seqs), K (f16):   21.00 MiB, V (f16):   21.00 MiB
llama_kv_cache: attn_rot_k = 0, n_embd_head_k_all = 128
llama_kv_cache: attn_rot_v = 0, n_embd_head_k_all = 128
llama_context: enumerating backends
llama_context: backend_ptrs.size() = 2
sched_reserve: reserving ...
sched_reserve: max_nodes = 2712
sched_reserve: reserving full memory module
sched_reserve: worst-case: n_tokens = 512, n_seqs = 1, n_outputs = 1
graph_reserve: reserving a graph for ubatch with n_tokens =    1, n_seqs =  1, n_outputs =    1
sched_reserve: Flash Attention was auto, set to enabled
sched_reserve: resolving fused Gated Delta Net support:
graph_reserve: reserving a graph for ubatch with n_tokens =    1, n_seqs =  1, n_outputs =    1
sched_reserve: fused Gated Delta Net (autoregressive) enabled
graph_reserve: reserving a graph for ubatch with n_tokens =   16, n_seqs =  1, n_outputs =   16
sched_reserve: fused Gated Delta Net (chunked) enabled
graph_reserve: reserving a graph for ubatch with n_tokens =  512, n_seqs =  1, n_outputs =  512
graph_reserve: reserving a graph for ubatch with n_tokens =    1, n_seqs =  1, n_outputs =    1
graph_reserve: reserving a graph for ubatch with n_tokens =  512, n_seqs =  1, n_outputs =  512
sched_reserve:      CUDA0 compute buffer size =   304.00 MiB
sched_reserve:  CUDA_Host compute buffer size =    14.76 MiB
sched_reserve: graph nodes  = 958
sched_reserve: graph splits = 44 (with bs=512), 2 (with bs=1)
sched_reserve: reserve took 14.73 ms, sched copies = 1
CUDA Graph id 14655 reused
ggml_backend_cuda_graph_compute: CUDA graph warmup complete
CUDA Graph id 14655 reused
CUDA Graph id 14655 reused
CUDA Graph id 14655 reused
CUDA Graph id 14655 reused
CUDA Graph id 14655 reused
CUDA Graph id 14655 reused
CUDA Graph id 14655 reused
CUDA Graph id 14655 reused
CUDA Graph id 14655 reused
CUDA Graph id 14655 reused
CUDA Graph id 14655 reused
CUDA Graph id 14655 reused
CUDA Graph id 14655 reused
CUDA Graph id 14655 reused
CUDA Graph id 14655 reused
CUDA Graph id 14655 reused
CUDA Graph id 14655 reused
CUDA Graph id 14655 reused
CUDA Graph id 14655 reused
CUDA Graph id 14655 reused
CUDA Graph id 14655 reused
CUDA Graph id 14655 reused
CUDA Graph id 14655 reused
CUDA Graph id 14655 reused
CUDA Graph id 14655 reused
CUDA Graph id 14655 reused
CUDA Graph id 14655 reused
CUDA Graph id 14655 reused
CUDA Graph id 14655 reused
CUDA Graph id 14655 reused
CUDA Graph id 14655 reused
CUDA Graph id 14655 reused
CUDA Graph id 14655 reused
CUDA Graph id 14655 reused
CUDA Graph id 14655 reused
CUDA Graph id 14655 reused
CUDA Graph id 14655 reused
CUDA Graph id 14655 reused
CUDA Graph id 14655 reused
CUDA Graph id 14655 reused
CUDA Graph id 14655 reused
CUDA Graph id 14655 reused
CUDA Graph id 14655 reused
CUDA Graph id 14655 reused
CUDA Graph id 14655 reused
CUDA Graph id 14655 reused
CUDA Graph id 14655 reused
CUDA Graph id 14655 reused
CUDA Graph id 14655 reused
CUDA Graph id 14655 reused
CUDA Graph id 14655 reused
CUDA Graph id 14655 reused
CUDA Graph id 14655 reused
CUDA Graph id 14655 reused
CUDA Graph id 14655 reused
CUDA Graph id 14655 reused
CUDA Graph id 14655 reused
CUDA Graph id 14655 reused
CUDA Graph id 14655 reused
CUDA Graph id 14655 reused
CUDA Graph id 14655 reused
CUDA Graph id 14655 reused
CUDA Graph id 14655 reused
CUDA Graph id 14655 reused
CUDA Graph id 14655 reused
CUDA Graph id 14655 reused
CUDA Graph id 14655 reused
~llama_context:      CUDA0 compute buffer size is 304.0000 MiB, matches expectation of 304.0000 MiB
~llama_context:  CUDA_Host compute buffer size is  14.7637 MiB, matches expectation of  14.7637 MiB
llama_context: constructing llama_context
llama_context: n_seq_max     = 1
llama_context: n_ctx         = 768
llama_context: n_ctx_seq     = 768
llama_context: n_batch       = 698
llama_context: n_ubatch      = 512
llama_context: causal_attn   = 1
llama_context: flash_attn    = auto
llama_context: kv_unified    = false
llama_context: freq_base     = 1000000.0
llama_context: freq_scale    = 1
llama_context: n_rs_seq      = 0
llama_context: n_outputs_max = 698
llama_context: n_ctx_seq (768) < n_ctx_train (32768) -- the full capacity of the model will not be utilized
set_abort_callback: call
llama_context:  CUDA_Host  output buffer size =     0.58 MiB
llama_kv_cache: layer   0: dev = CPU
llama_kv_cache: layer   1: dev = CPU
llama_kv_cache: layer   2: dev = CPU
llama_kv_cache: layer   3: dev = CUDA0
llama_kv_cache: layer   4: dev = CUDA0
llama_kv_cache: layer   5: dev = CUDA0
llama_kv_cache: layer   6: dev = CUDA0
llama_kv_cache: layer   7: dev = CUDA0
llama_kv_cache: layer   8: dev = CUDA0
llama_kv_cache: layer   9: dev = CUDA0
llama_kv_cache: layer  10: dev = CUDA0
llama_kv_cache: layer  11: dev = CUDA0
llama_kv_cache: layer  12: dev = CUDA0
llama_kv_cache: layer  13: dev = CUDA0
llama_kv_cache: layer  14: dev = CUDA0
llama_kv_cache: layer  15: dev = CUDA0
llama_kv_cache: layer  16: dev = CUDA0
llama_kv_cache: layer  17: dev = CUDA0
llama_kv_cache: layer  18: dev = CUDA0
llama_kv_cache: layer  19: dev = CUDA0
llama_kv_cache: layer  20: dev = CUDA0
llama_kv_cache: layer  21: dev = CUDA0
llama_kv_cache: layer  22: dev = CUDA0
llama_kv_cache: layer  23: dev = CUDA0
llama_kv_cache: layer  24: dev = CUDA0
llama_kv_cache: layer  25: dev = CUDA0
llama_kv_cache: layer  26: dev = CUDA0
llama_kv_cache: layer  27: dev = CUDA0
llama_kv_cache:        CPU KV buffer size =     4.50 MiB
llama_kv_cache:      CUDA0 KV buffer size =    37.50 MiB
llama_kv_cache: size =   42.00 MiB (   768 cells,  28 layers,  1/1 seqs), K (f16):   21.00 MiB, V (f16):   21.00 MiB
llama_kv_cache: attn_rot_k = 0, n_embd_head_k_all = 128
llama_kv_cache: attn_rot_v = 0, n_embd_head_k_all = 128
llama_context: enumerating backends
llama_context: backend_ptrs.size() = 2
sched_reserve: reserving ...
sched_reserve: max_nodes = 2712
sched_reserve: reserving full memory module
sched_reserve: worst-case: n_tokens = 512, n_seqs = 1, n_outputs = 1
graph_reserve: reserving a graph for ubatch with n_tokens =    1, n_seqs =  1, n_outputs =    1
sched_reserve: Flash Attention was auto, set to enabled
sched_reserve: resolving fused Gated Delta Net support:
graph_reserve: reserving a graph for ubatch with n_tokens =    1, n_seqs =  1, n_outputs =    1
sched_reserve: fused Gated Delta Net (autoregressive) enabled
graph_reserve: reserving a graph for ubatch with n_tokens =   16, n_seqs =  1, n_outputs =   16
sched_reserve: fused Gated Delta Net (chunked) enabled
graph_reserve: reserving a graph for ubatch with n_tokens =  512, n_seqs =  1, n_outputs =  512
graph_reserve: reserving a graph for ubatch with n_tokens =    1, n_seqs =  1, n_outputs =    1
graph_reserve: reserving a graph for ubatch with n_tokens =  512, n_seqs =  1, n_outputs =  512
sched_reserve:      CUDA0 compute buffer size =   304.00 MiB
sched_reserve:  CUDA_Host compute buffer size =    14.76 MiB
sched_reserve: graph nodes  = 958
sched_reserve: graph splits = 44 (with bs=512), 2 (with bs=1)
sched_reserve: reserve took 24.74 ms, sched copies = 1
CUDA Graph id 14805 reused
ggml_backend_cuda_graph_compute: CUDA graph warmup complete
CUDA Graph id 14805 reused
CUDA Graph id 14805 reused
CUDA Graph id 14805 reused
CUDA Graph id 14805 reused
CUDA Graph id 14805 reused
CUDA Graph id 14805 reused
CUDA Graph id 14805 reused
CUDA Graph id 14805 reused
CUDA Graph id 14805 reused
CUDA Graph id 14805 reused
CUDA Graph id 14805 reused
CUDA Graph id 14805 reused
CUDA Graph id 14805 reused
CUDA Graph id 14805 reused
CUDA Graph id 14805 reused
CUDA Graph id 14805 reused
CUDA Graph id 14805 reused
CUDA Graph id 14805 reused
CUDA Graph id 14805 reused
CUDA Graph id 14805 reused
CUDA Graph id 14805 reused
CUDA Graph id 14805 reused
CUDA Graph id 14805 reused
CUDA Graph id 14805 reused
CUDA Graph id 14805 reused
CUDA Graph id 14805 reused
CUDA Graph id 14805 reused
CUDA Graph id 14805 reused
CUDA Graph id 14805 reused
CUDA Graph id 14805 reused
CUDA Graph id 14805 reused
CUDA Graph id 14805 reused
CUDA Graph id 14805 reused
CUDA Graph id 14805 reused
CUDA Graph id 14805 reused
CUDA Graph id 14805 reused
CUDA Graph id 14805 reused
CUDA Graph id 14805 reused
CUDA Graph id 14805 reused
CUDA Graph id 14805 reused
CUDA Graph id 14805 reused
CUDA Graph id 14805 reused
CUDA Graph id 14805 reused
CUDA Graph id 14805 reused
CUDA Graph id 14805 reused
CUDA Graph id 14805 reused
CUDA Graph id 14805 reused
CUDA Graph id 14805 reused
CUDA Graph id 14805 reused
CUDA Graph id 14805 reused
CUDA Graph id 14805 reused
CUDA Graph id 14805 reused
CUDA Graph id 14805 reused
CUDA Graph id 14805 reused
CUDA Graph id 14805 reused
CUDA Graph id 14805 reused
CUDA Graph id 14805 reused
CUDA Graph id 14805 reused
CUDA Graph id 14805 reused
CUDA Graph id 14805 reused
CUDA Graph id 14805 reused
CUDA Graph id 14805 reused
CUDA Graph id 14805 reused
CUDA Graph id 14805 reused
CUDA Graph id 14805 reused
CUDA Graph id 14805 reused
CUDA Graph id 14805 reused
~llama_context:      CUDA0 compute buffer size is 304.0000 MiB, matches expectation of 304.0000 MiB
~llama_context:  CUDA_Host compute buffer size is  14.7637 MiB, matches expectation of  14.7637 MiB
llama_context: constructing llama_context
llama_context: n_seq_max     = 1
llama_context: n_ctx         = 768
llama_context: n_ctx_seq     = 768
llama_context: n_batch       = 698
llama_context: n_ubatch      = 512
llama_context: causal_attn   = 1
llama_context: flash_attn    = auto
llama_context: kv_unified    = false
llama_context: freq_base     = 1000000.0
llama_context: freq_scale    = 1
llama_context: n_rs_seq      = 0
llama_context: n_outputs_max = 698
llama_context: n_ctx_seq (768) < n_ctx_train (32768) -- the full capacity of the model will not be utilized
set_abort_callback: call
llama_context:  CUDA_Host  output buffer size =     0.58 MiB
llama_kv_cache: layer   0: dev = CPU
llama_kv_cache: layer   1: dev = CPU
llama_kv_cache: layer   2: dev = CPU
llama_kv_cache: layer   3: dev = CUDA0
llama_kv_cache: layer   4: dev = CUDA0
llama_kv_cache: layer   5: dev = CUDA0
llama_kv_cache: layer   6: dev = CUDA0
llama_kv_cache: layer   7: dev = CUDA0
llama_kv_cache: layer   8: dev = CUDA0
llama_kv_cache: layer   9: dev = CUDA0
llama_kv_cache: layer  10: dev = CUDA0
llama_kv_cache: layer  11: dev = CUDA0
llama_kv_cache: layer  12: dev = CUDA0
llama_kv_cache: layer  13: dev = CUDA0
llama_kv_cache: layer  14: dev = CUDA0
llama_kv_cache: layer  15: dev = CUDA0
llama_kv_cache: layer  16: dev = CUDA0
llama_kv_cache: layer  17: dev = CUDA0
llama_kv_cache: layer  18: dev = CUDA0
llama_kv_cache: layer  19: dev = CUDA0
llama_kv_cache: layer  20: dev = CUDA0
llama_kv_cache: layer  21: dev = CUDA0
llama_kv_cache: layer  22: dev = CUDA0
llama_kv_cache: layer  23: dev = CUDA0
llama_kv_cache: layer  24: dev = CUDA0
llama_kv_cache: layer  25: dev = CUDA0
llama_kv_cache: layer  26: dev = CUDA0
llama_kv_cache: layer  27: dev = CUDA0
llama_kv_cache:        CPU KV buffer size =     4.50 MiB
llama_kv_cache:      CUDA0 KV buffer size =    37.50 MiB
llama_kv_cache: size =   42.00 MiB (   768 cells,  28 layers,  1/1 seqs), K (f16):   21.00 MiB, V (f16):   21.00 MiB
llama_kv_cache: attn_rot_k = 0, n_embd_head_k_all = 128
llama_kv_cache: attn_rot_v = 0, n_embd_head_k_all = 128
llama_context: enumerating backends
llama_context: backend_ptrs.size() = 2
sched_reserve: reserving ...
sched_reserve: max_nodes = 2712
sched_reserve: reserving full memory module
sched_reserve: worst-case: n_tokens = 512, n_seqs = 1, n_outputs = 1
graph_reserve: reserving a graph for ubatch with n_tokens =    1, n_seqs =  1, n_outputs =    1
sched_reserve: Flash Attention was auto, set to enabled
sched_reserve: resolving fused Gated Delta Net support:
graph_reserve: reserving a graph for ubatch with n_tokens =    1, n_seqs =  1, n_outputs =    1
sched_reserve: fused Gated Delta Net (autoregressive) enabled
graph_reserve: reserving a graph for ubatch with n_tokens =   16, n_seqs =  1, n_outputs =   16
sched_reserve: fused Gated Delta Net (chunked) enabled
graph_reserve: reserving a graph for ubatch with n_tokens =  512, n_seqs =  1, n_outputs =  512
graph_reserve: reserving a graph for ubatch with n_tokens =    1, n_seqs =  1, n_outputs =    1
graph_reserve: reserving a graph for ubatch with n_tokens =  512, n_seqs =  1, n_outputs =  512
sched_reserve:      CUDA0 compute buffer size =   304.00 MiB
sched_reserve:  CUDA_Host compute buffer size =    14.76 MiB
sched_reserve: graph nodes  = 958
sched_reserve: graph splits = 44 (with bs=512), 2 (with bs=1)
sched_reserve: reserve took 23.69 ms, sched copies = 1
CUDA Graph id 14955 reused
ggml_backend_cuda_graph_compute: CUDA graph warmup complete
CUDA Graph id 14955 reused
CUDA Graph id 14955 reused
CUDA Graph id 14955 reused
CUDA Graph id 14955 reused
CUDA Graph id 14955 reused
CUDA Graph id 14955 reused
CUDA Graph id 14955 reused
CUDA Graph id 14955 reused
CUDA Graph id 14955 reused
CUDA Graph id 14955 reused
CUDA Graph id 14955 reused
CUDA Graph id 14955 reused
CUDA Graph id 14955 reused
CUDA Graph id 14955 reused
CUDA Graph id 14955 reused
CUDA Graph id 14955 reused
CUDA Graph id 14955 reused
CUDA Graph id 14955 reused
CUDA Graph id 14955 reused
CUDA Graph id 14955 reused
CUDA Graph id 14955 reused
CUDA Graph id 14955 reused
CUDA Graph id 14955 reused
CUDA Graph id 14955 reused
CUDA Graph id 14955 reused
~llama_context:      CUDA0 compute buffer size is 304.0000 MiB, matches expectation of 304.0000 MiB
~llama_context:  CUDA_Host compute buffer size is  14.7637 MiB, matches expectation of  14.7637 MiB
llama_context: constructing llama_context
llama_context: n_seq_max     = 1
llama_context: n_ctx         = 768
llama_context: n_ctx_seq     = 768
llama_context: n_batch       = 698
llama_context: n_ubatch      = 512
llama_context: causal_attn   = 1
llama_context: flash_attn    = auto
llama_context: kv_unified    = false
llama_context: freq_base     = 1000000.0
llama_context: freq_scale    = 1
llama_context: n_rs_seq      = 0
llama_context: n_outputs_max = 698
llama_context: n_ctx_seq (768) < n_ctx_train (32768) -- the full capacity of the model will not be utilized
set_abort_callback: call
llama_context:  CUDA_Host  output buffer size =     0.58 MiB
llama_kv_cache: layer   0: dev = CPU
llama_kv_cache: layer   1: dev = CPU
llama_kv_cache: layer   2: dev = CPU
llama_kv_cache: layer   3: dev = CUDA0
llama_kv_cache: layer   4: dev = CUDA0
llama_kv_cache: layer   5: dev = CUDA0
llama_kv_cache: layer   6: dev = CUDA0
llama_kv_cache: layer   7: dev = CUDA0
llama_kv_cache: layer   8: dev = CUDA0
llama_kv_cache: layer   9: dev = CUDA0
llama_kv_cache: layer  10: dev = CUDA0
llama_kv_cache: layer  11: dev = CUDA0
llama_kv_cache: layer  12: dev = CUDA0
llama_kv_cache: layer  13: dev = CUDA0
llama_kv_cache: layer  14: dev = CUDA0
llama_kv_cache: layer  15: dev = CUDA0
llama_kv_cache: layer  16: dev = CUDA0
llama_kv_cache: layer  17: dev = CUDA0
llama_kv_cache: layer  18: dev = CUDA0
llama_kv_cache: layer  19: dev = CUDA0
llama_kv_cache: layer  20: dev = CUDA0
llama_kv_cache: layer  21: dev = CUDA0
llama_kv_cache: layer  22: dev = CUDA0
llama_kv_cache: layer  23: dev = CUDA0
llama_kv_cache: layer  24: dev = CUDA0
llama_kv_cache: layer  25: dev = CUDA0
llama_kv_cache: layer  26: dev = CUDA0
llama_kv_cache: layer  27: dev = CUDA0
llama_kv_cache:        CPU KV buffer size =     4.50 MiB
llama_kv_cache:      CUDA0 KV buffer size =    37.50 MiB
llama_kv_cache: size =   42.00 MiB (   768 cells,  28 layers,  1/1 seqs), K (f16):   21.00 MiB, V (f16):   21.00 MiB
llama_kv_cache: attn_rot_k = 0, n_embd_head_k_all = 128
llama_kv_cache: attn_rot_v = 0, n_embd_head_k_all = 128
llama_context: enumerating backends
llama_context: backend_ptrs.size() = 2
sched_reserve: reserving ...
sched_reserve: max_nodes = 2712
sched_reserve: reserving full memory module
sched_reserve: worst-case: n_tokens = 512, n_seqs = 1, n_outputs = 1
graph_reserve: reserving a graph for ubatch with n_tokens =    1, n_seqs =  1, n_outputs =    1
sched_reserve: Flash Attention was auto, set to enabled
sched_reserve: resolving fused Gated Delta Net support:
graph_reserve: reserving a graph for ubatch with n_tokens =    1, n_seqs =  1, n_outputs =    1
sched_reserve: fused Gated Delta Net (autoregressive) enabled
graph_reserve: reserving a graph for ubatch with n_tokens =   16, n_seqs =  1, n_outputs =   16
sched_reserve: fused Gated Delta Net (chunked) enabled
graph_reserve: reserving a graph for ubatch with n_tokens =  512, n_seqs =  1, n_outputs =  512
graph_reserve: reserving a graph for ubatch with n_tokens =    1, n_seqs =  1, n_outputs =    1
graph_reserve: reserving a graph for ubatch with n_tokens =  512, n_seqs =  1, n_outputs =  512
sched_reserve:      CUDA0 compute buffer size =   304.00 MiB
sched_reserve:  CUDA_Host compute buffer size =    14.76 MiB
sched_reserve: graph nodes  = 958
sched_reserve: graph splits = 44 (with bs=512), 2 (with bs=1)
sched_reserve: reserve took 19.90 ms, sched copies = 1
CUDA Graph id 15105 reused
ggml_backend_cuda_graph_compute: CUDA graph warmup complete
CUDA Graph id 15105 reused
CUDA Graph id 15105 reused
CUDA Graph id 15105 reused
CUDA Graph id 15105 reused
CUDA Graph id 15105 reused
CUDA Graph id 15105 reused
CUDA Graph id 15105 reused
CUDA Graph id 15105 reused
CUDA Graph id 15105 reused
CUDA Graph id 15105 reused
CUDA Graph id 15105 reused
CUDA Graph id 15105 reused
CUDA Graph id 15105 reused
CUDA Graph id 15105 reused
CUDA Graph id 15105 reused
CUDA Graph id 15105 reused
CUDA Graph id 15105 reused
CUDA Graph id 15105 reused
CUDA Graph id 15105 reused
CUDA Graph id 15105 reused
CUDA Graph id 15105 reused
CUDA Graph id 15105 reused
CUDA Graph id 15105 reused
CUDA Graph id 15105 reused
CUDA Graph id 15105 reused
CUDA Graph id 15105 reused
CUDA Graph id 15105 reused
CUDA Graph id 15105 reused
CUDA Graph id 15105 reused
CUDA Graph id 15105 reused
CUDA Graph id 15105 reused
CUDA Graph id 15105 reused
CUDA Graph id 15105 reused
CUDA Graph id 15105 reused
CUDA Graph id 15105 reused
CUDA Graph id 15105 reused
CUDA Graph id 15105 reused
CUDA Graph id 15105 reused
CUDA Graph id 15105 reused
CUDA Graph id 15105 reused
CUDA Graph id 15105 reused
CUDA Graph id 15105 reused
CUDA Graph id 15105 reused
CUDA Graph id 15105 reused
CUDA Graph id 15105 reused
CUDA Graph id 15105 reused
CUDA Graph id 15105 reused
CUDA Graph id 15105 reused
CUDA Graph id 15105 reused
CUDA Graph id 15105 reused
CUDA Graph id 15105 reused
CUDA Graph id 15105 reused
~llama_context:      CUDA0 compute buffer size is 304.0000 MiB, matches expectation of 304.0000 MiB
~llama_context:  CUDA_Host compute buffer size is  14.7637 MiB, matches expectation of  14.7637 MiB
llama_context: constructing llama_context
llama_context: n_seq_max     = 1
llama_context: n_ctx         = 768
llama_context: n_ctx_seq     = 768
llama_context: n_batch       = 698
llama_context: n_ubatch      = 512
llama_context: causal_attn   = 1
llama_context: flash_attn    = auto
llama_context: kv_unified    = false
llama_context: freq_base     = 1000000.0
llama_context: freq_scale    = 1
llama_context: n_rs_seq      = 0
llama_context: n_outputs_max = 698
llama_context: n_ctx_seq (768) < n_ctx_train (32768) -- the full capacity of the model will not be utilized
set_abort_callback: call
llama_context:  CUDA_Host  output buffer size =     0.58 MiB
llama_kv_cache: layer   0: dev = CPU
llama_kv_cache: layer   1: dev = CPU
llama_kv_cache: layer   2: dev = CPU
llama_kv_cache: layer   3: dev = CUDA0
llama_kv_cache: layer   4: dev = CUDA0
llama_kv_cache: layer   5: dev = CUDA0
llama_kv_cache: layer   6: dev = CUDA0
llama_kv_cache: layer   7: dev = CUDA0
llama_kv_cache: layer   8: dev = CUDA0
llama_kv_cache: layer   9: dev = CUDA0
llama_kv_cache: layer  10: dev = CUDA0
llama_kv_cache: layer  11: dev = CUDA0
llama_kv_cache: layer  12: dev = CUDA0
llama_kv_cache: layer  13: dev = CUDA0
llama_kv_cache: layer  14: dev = CUDA0
llama_kv_cache: layer  15: dev = CUDA0
llama_kv_cache: layer  16: dev = CUDA0
llama_kv_cache: layer  17: dev = CUDA0
llama_kv_cache: layer  18: dev = CUDA0
llama_kv_cache: layer  19: dev = CUDA0
llama_kv_cache: layer  20: dev = CUDA0
llama_kv_cache: layer  21: dev = CUDA0
llama_kv_cache: layer  22: dev = CUDA0
llama_kv_cache: layer  23: dev = CUDA0
llama_kv_cache: layer  24: dev = CUDA0
llama_kv_cache: layer  25: dev = CUDA0
llama_kv_cache: layer  26: dev = CUDA0
llama_kv_cache: layer  27: dev = CUDA0
llama_kv_cache:        CPU KV buffer size =     4.50 MiB
llama_kv_cache:      CUDA0 KV buffer size =    37.50 MiB
llama_kv_cache: size =   42.00 MiB (   768 cells,  28 layers,  1/1 seqs), K (f16):   21.00 MiB, V (f16):   21.00 MiB
llama_kv_cache: attn_rot_k = 0, n_embd_head_k_all = 128
llama_kv_cache: attn_rot_v = 0, n_embd_head_k_all = 128
llama_context: enumerating backends
llama_context: backend_ptrs.size() = 2
sched_reserve: reserving ...
sched_reserve: max_nodes = 2712
sched_reserve: reserving full memory module
sched_reserve: worst-case: n_tokens = 512, n_seqs = 1, n_outputs = 1
graph_reserve: reserving a graph for ubatch with n_tokens =    1, n_seqs =  1, n_outputs =    1
sched_reserve: Flash Attention was auto, set to enabled
sched_reserve: resolving fused Gated Delta Net support:
graph_reserve: reserving a graph for ubatch with n_tokens =    1, n_seqs =  1, n_outputs =    1
sched_reserve: fused Gated Delta Net (autoregressive) enabled
graph_reserve: reserving a graph for ubatch with n_tokens =   16, n_seqs =  1, n_outputs =   16
sched_reserve: fused Gated Delta Net (chunked) enabled
graph_reserve: reserving a graph for ubatch with n_tokens =  512, n_seqs =  1, n_outputs =  512
graph_reserve: reserving a graph for ubatch with n_tokens =    1, n_seqs =  1, n_outputs =    1
graph_reserve: reserving a graph for ubatch with n_tokens =  512, n_seqs =  1, n_outputs =  512
sched_reserve:      CUDA0 compute buffer size =   304.00 MiB
sched_reserve:  CUDA_Host compute buffer size =    14.76 MiB
sched_reserve: graph nodes  = 958
sched_reserve: graph splits = 44 (with bs=512), 2 (with bs=1)
sched_reserve: reserve took 26.84 ms, sched copies = 1
CUDA Graph id 15255 reused
ggml_backend_cuda_graph_compute: CUDA graph warmup complete
CUDA Graph id 15255 reused
CUDA Graph id 15255 reused
CUDA Graph id 15255 reused
CUDA Graph id 15255 reused
CUDA Graph id 15255 reused
CUDA Graph id 15255 reused
CUDA Graph id 15255 reused
CUDA Graph id 15255 reused
CUDA Graph id 15255 reused
CUDA Graph id 15255 reused
CUDA Graph id 15255 reused
CUDA Graph id 15255 reused
CUDA Graph id 15255 reused
CUDA Graph id 15255 reused
CUDA Graph id 15255 reused
CUDA Graph id 15255 reused
CUDA Graph id 15255 reused
CUDA Graph id 15255 reused
CUDA Graph id 15255 reused
CUDA Graph id 15255 reused
CUDA Graph id 15255 reused
CUDA Graph id 15255 reused
CUDA Graph id 15255 reused
~llama_context:      CUDA0 compute buffer size is 304.0000 MiB, matches expectation of 304.0000 MiB
~llama_context:  CUDA_Host compute buffer size is  14.7637 MiB, matches expectation of  14.7637 MiB
llama_context: constructing llama_context
llama_context: n_seq_max     = 1
llama_context: n_ctx         = 768
llama_context: n_ctx_seq     = 768
llama_context: n_batch       = 698
llama_context: n_ubatch      = 512
llama_context: causal_attn   = 1
llama_context: flash_attn    = auto
llama_context: kv_unified    = false
llama_context: freq_base     = 1000000.0
llama_context: freq_scale    = 1
llama_context: n_rs_seq      = 0
llama_context: n_outputs_max = 698
llama_context: n_ctx_seq (768) < n_ctx_train (32768) -- the full capacity of the model will not be utilized
set_abort_callback: call
llama_context:  CUDA_Host  output buffer size =     0.58 MiB
llama_kv_cache: layer   0: dev = CPU
llama_kv_cache: layer   1: dev = CPU
llama_kv_cache: layer   2: dev = CPU
llama_kv_cache: layer   3: dev = CUDA0
llama_kv_cache: layer   4: dev = CUDA0
llama_kv_cache: layer   5: dev = CUDA0
llama_kv_cache: layer   6: dev = CUDA0
llama_kv_cache: layer   7: dev = CUDA0
llama_kv_cache: layer   8: dev = CUDA0
llama_kv_cache: layer   9: dev = CUDA0
llama_kv_cache: layer  10: dev = CUDA0
llama_kv_cache: layer  11: dev = CUDA0
llama_kv_cache: layer  12: dev = CUDA0
llama_kv_cache: layer  13: dev = CUDA0
llama_kv_cache: layer  14: dev = CUDA0
llama_kv_cache: layer  15: dev = CUDA0
llama_kv_cache: layer  16: dev = CUDA0
llama_kv_cache: layer  17: dev = CUDA0
llama_kv_cache: layer  18: dev = CUDA0
llama_kv_cache: layer  19: dev = CUDA0
llama_kv_cache: layer  20: dev = CUDA0
llama_kv_cache: layer  21: dev = CUDA0
llama_kv_cache: layer  22: dev = CUDA0
llama_kv_cache: layer  23: dev = CUDA0
llama_kv_cache: layer  24: dev = CUDA0
llama_kv_cache: layer  25: dev = CUDA0
llama_kv_cache: layer  26: dev = CUDA0
llama_kv_cache: layer  27: dev = CUDA0
llama_kv_cache:        CPU KV buffer size =     4.50 MiB
llama_kv_cache:      CUDA0 KV buffer size =    37.50 MiB
llama_kv_cache: size =   42.00 MiB (   768 cells,  28 layers,  1/1 seqs), K (f16):   21.00 MiB, V (f16):   21.00 MiB
llama_kv_cache: attn_rot_k = 0, n_embd_head_k_all = 128
llama_kv_cache: attn_rot_v = 0, n_embd_head_k_all = 128
llama_context: enumerating backends
llama_context: backend_ptrs.size() = 2
sched_reserve: reserving ...
sched_reserve: max_nodes = 2712
sched_reserve: reserving full memory module
sched_reserve: worst-case: n_tokens = 512, n_seqs = 1, n_outputs = 1
graph_reserve: reserving a graph for ubatch with n_tokens =    1, n_seqs =  1, n_outputs =    1
sched_reserve: Flash Attention was auto, set to enabled
sched_reserve: resolving fused Gated Delta Net support:
graph_reserve: reserving a graph for ubatch with n_tokens =    1, n_seqs =  1, n_outputs =    1
sched_reserve: fused Gated Delta Net (autoregressive) enabled
graph_reserve: reserving a graph for ubatch with n_tokens =   16, n_seqs =  1, n_outputs =   16
sched_reserve: fused Gated Delta Net (chunked) enabled
graph_reserve: reserving a graph for ubatch with n_tokens =  512, n_seqs =  1, n_outputs =  512
graph_reserve: reserving a graph for ubatch with n_tokens =    1, n_seqs =  1, n_outputs =    1
graph_reserve: reserving a graph for ubatch with n_tokens =  512, n_seqs =  1, n_outputs =  512
sched_reserve:      CUDA0 compute buffer size =   304.00 MiB
sched_reserve:  CUDA_Host compute buffer size =    14.76 MiB
sched_reserve: graph nodes  = 958
sched_reserve: graph splits = 44 (with bs=512), 2 (with bs=1)
sched_reserve: reserve took 16.87 ms, sched copies = 1
CUDA Graph id 15405 reused
ggml_backend_cuda_graph_compute: CUDA graph warmup complete
CUDA Graph id 15405 reused
CUDA Graph id 15405 reused
CUDA Graph id 15405 reused
CUDA Graph id 15405 reused
CUDA Graph id 15405 reused
CUDA Graph id 15405 reused
CUDA Graph id 15405 reused
CUDA Graph id 15405 reused
CUDA Graph id 15405 reused
CUDA Graph id 15405 reused
CUDA Graph id 15405 reused
CUDA Graph id 15405 reused
CUDA Graph id 15405 reused
CUDA Graph id 15405 reused
CUDA Graph id 15405 reused
CUDA Graph id 15405 reused
CUDA Graph id 15405 reused
CUDA Graph id 15405 reused
CUDA Graph id 15405 reused
CUDA Graph id 15405 reused
CUDA Graph id 15405 reused
CUDA Graph id 15405 reused
CUDA Graph id 15405 reused
CUDA Graph id 15405 reused
CUDA Graph id 15405 reused
CUDA Graph id 15405 reused
CUDA Graph id 15405 reused
CUDA Graph id 15405 reused
CUDA Graph id 15405 reused
CUDA Graph id 15405 reused
CUDA Graph id 15405 reused
CUDA Graph id 15405 reused
CUDA Graph id 15405 reused
CUDA Graph id 15405 reused
CUDA Graph id 15405 reused
CUDA Graph id 15405 reused
CUDA Graph id 15405 reused
CUDA Graph id 15405 reused
CUDA Graph id 15405 reused
~llama_context:      CUDA0 compute buffer size is 304.0000 MiB, matches expectation of 304.0000 MiB
~llama_context:  CUDA_Host compute buffer size is  14.7637 MiB, matches expectation of  14.7637 MiB
schema 17/25 done
llama_context: constructing llama_context
llama_context: n_seq_max     = 1
llama_context: n_ctx         = 768
llama_context: n_ctx_seq     = 768
llama_context: n_batch       = 701
llama_context: n_ubatch      = 512
llama_context: causal_attn   = 1
llama_context: flash_attn    = auto
llama_context: kv_unified    = false
llama_context: freq_base     = 1000000.0
llama_context: freq_scale    = 1
llama_context: n_rs_seq      = 0
llama_context: n_outputs_max = 701
llama_context: n_ctx_seq (768) < n_ctx_train (32768) -- the full capacity of the model will not be utilized
set_abort_callback: call
llama_context:  CUDA_Host  output buffer size =     0.58 MiB
llama_kv_cache: layer   0: dev = CPU
llama_kv_cache: layer   1: dev = CPU
llama_kv_cache: layer   2: dev = CPU
llama_kv_cache: layer   3: dev = CUDA0
llama_kv_cache: layer   4: dev = CUDA0
llama_kv_cache: layer   5: dev = CUDA0
llama_kv_cache: layer   6: dev = CUDA0
llama_kv_cache: layer   7: dev = CUDA0
llama_kv_cache: layer   8: dev = CUDA0
llama_kv_cache: layer   9: dev = CUDA0
llama_kv_cache: layer  10: dev = CUDA0
llama_kv_cache: layer  11: dev = CUDA0
llama_kv_cache: layer  12: dev = CUDA0
llama_kv_cache: layer  13: dev = CUDA0
llama_kv_cache: layer  14: dev = CUDA0
llama_kv_cache: layer  15: dev = CUDA0
llama_kv_cache: layer  16: dev = CUDA0
llama_kv_cache: layer  17: dev = CUDA0
llama_kv_cache: layer  18: dev = CUDA0
llama_kv_cache: layer  19: dev = CUDA0
llama_kv_cache: layer  20: dev = CUDA0
llama_kv_cache: layer  21: dev = CUDA0
llama_kv_cache: layer  22: dev = CUDA0
llama_kv_cache: layer  23: dev = CUDA0
llama_kv_cache: layer  24: dev = CUDA0
llama_kv_cache: layer  25: dev = CUDA0
llama_kv_cache: layer  26: dev = CUDA0
llama_kv_cache: layer  27: dev = CUDA0
llama_kv_cache:        CPU KV buffer size =     4.50 MiB
llama_kv_cache:      CUDA0 KV buffer size =    37.50 MiB
llama_kv_cache: size =   42.00 MiB (   768 cells,  28 layers,  1/1 seqs), K (f16):   21.00 MiB, V (f16):   21.00 MiB
llama_kv_cache: attn_rot_k = 0, n_embd_head_k_all = 128
llama_kv_cache: attn_rot_v = 0, n_embd_head_k_all = 128
llama_context: enumerating backends
llama_context: backend_ptrs.size() = 2
sched_reserve: reserving ...
sched_reserve: max_nodes = 2712
sched_reserve: reserving full memory module
sched_reserve: worst-case: n_tokens = 512, n_seqs = 1, n_outputs = 1
graph_reserve: reserving a graph for ubatch with n_tokens =    1, n_seqs =  1, n_outputs =    1
sched_reserve: Flash Attention was auto, set to enabled
sched_reserve: resolving fused Gated Delta Net support:
graph_reserve: reserving a graph for ubatch with n_tokens =    1, n_seqs =  1, n_outputs =    1
sched_reserve: fused Gated Delta Net (autoregressive) enabled
graph_reserve: reserving a graph for ubatch with n_tokens =   16, n_seqs =  1, n_outputs =   16
sched_reserve: fused Gated Delta Net (chunked) enabled
graph_reserve: reserving a graph for ubatch with n_tokens =  512, n_seqs =  1, n_outputs =  512
graph_reserve: reserving a graph for ubatch with n_tokens =    1, n_seqs =  1, n_outputs =    1
graph_reserve: reserving a graph for ubatch with n_tokens =  512, n_seqs =  1, n_outputs =  512
sched_reserve:      CUDA0 compute buffer size =   304.00 MiB
sched_reserve:  CUDA_Host compute buffer size =    14.76 MiB
sched_reserve: graph nodes  = 958
sched_reserve: graph splits = 44 (with bs=512), 2 (with bs=1)
sched_reserve: reserve took 19.68 ms, sched copies = 1
CUDA Graph id 15555 reused
ggml_backend_cuda_graph_compute: CUDA graph warmup complete
CUDA Graph id 15555 reused
CUDA Graph id 15555 reused
CUDA Graph id 15555 reused
CUDA Graph id 15555 reused
CUDA Graph id 15555 reused
CUDA Graph id 15555 reused
CUDA Graph id 15555 reused
CUDA Graph id 15555 reused
CUDA Graph id 15555 reused
CUDA Graph id 15555 reused
CUDA Graph id 15555 reused
~llama_context:      CUDA0 compute buffer size is 304.0000 MiB, matches expectation of 304.0000 MiB
~llama_context:  CUDA_Host compute buffer size is  14.7637 MiB, matches expectation of  14.7637 MiB
llama_context: constructing llama_context
llama_context: n_seq_max     = 1
llama_context: n_ctx         = 768
llama_context: n_ctx_seq     = 768
llama_context: n_batch       = 701
llama_context: n_ubatch      = 512
llama_context: causal_attn   = 1
llama_context: flash_attn    = auto
llama_context: kv_unified    = false
llama_context: freq_base     = 1000000.0
llama_context: freq_scale    = 1
llama_context: n_rs_seq      = 0
llama_context: n_outputs_max = 701
llama_context: n_ctx_seq (768) < n_ctx_train (32768) -- the full capacity of the model will not be utilized
set_abort_callback: call
llama_context:  CUDA_Host  output buffer size =     0.58 MiB
llama_kv_cache: layer   0: dev = CPU
llama_kv_cache: layer   1: dev = CPU
llama_kv_cache: layer   2: dev = CPU
llama_kv_cache: layer   3: dev = CUDA0
llama_kv_cache: layer   4: dev = CUDA0
llama_kv_cache: layer   5: dev = CUDA0
llama_kv_cache: layer   6: dev = CUDA0
llama_kv_cache: layer   7: dev = CUDA0
llama_kv_cache: layer   8: dev = CUDA0
llama_kv_cache: layer   9: dev = CUDA0
llama_kv_cache: layer  10: dev = CUDA0
llama_kv_cache: layer  11: dev = CUDA0
llama_kv_cache: layer  12: dev = CUDA0
llama_kv_cache: layer  13: dev = CUDA0
llama_kv_cache: layer  14: dev = CUDA0
llama_kv_cache: layer  15: dev = CUDA0
llama_kv_cache: layer  16: dev = CUDA0
llama_kv_cache: layer  17: dev = CUDA0
llama_kv_cache: layer  18: dev = CUDA0
llama_kv_cache: layer  19: dev = CUDA0
llama_kv_cache: layer  20: dev = CUDA0
llama_kv_cache: layer  21: dev = CUDA0
llama_kv_cache: layer  22: dev = CUDA0
llama_kv_cache: layer  23: dev = CUDA0
llama_kv_cache: layer  24: dev = CUDA0
llama_kv_cache: layer  25: dev = CUDA0
llama_kv_cache: layer  26: dev = CUDA0
llama_kv_cache: layer  27: dev = CUDA0
llama_kv_cache:        CPU KV buffer size =     4.50 MiB
llama_kv_cache:      CUDA0 KV buffer size =    37.50 MiB
llama_kv_cache: size =   42.00 MiB (   768 cells,  28 layers,  1/1 seqs), K (f16):   21.00 MiB, V (f16):   21.00 MiB
llama_kv_cache: attn_rot_k = 0, n_embd_head_k_all = 128
llama_kv_cache: attn_rot_v = 0, n_embd_head_k_all = 128
llama_context: enumerating backends
llama_context: backend_ptrs.size() = 2
sched_reserve: reserving ...
sched_reserve: max_nodes = 2712
sched_reserve: reserving full memory module
sched_reserve: worst-case: n_tokens = 512, n_seqs = 1, n_outputs = 1
graph_reserve: reserving a graph for ubatch with n_tokens =    1, n_seqs =  1, n_outputs =    1
sched_reserve: Flash Attention was auto, set to enabled
sched_reserve: resolving fused Gated Delta Net support:
graph_reserve: reserving a graph for ubatch with n_tokens =    1, n_seqs =  1, n_outputs =    1
sched_reserve: fused Gated Delta Net (autoregressive) enabled
graph_reserve: reserving a graph for ubatch with n_tokens =   16, n_seqs =  1, n_outputs =   16
sched_reserve: fused Gated Delta Net (chunked) enabled
graph_reserve: reserving a graph for ubatch with n_tokens =  512, n_seqs =  1, n_outputs =  512
graph_reserve: reserving a graph for ubatch with n_tokens =    1, n_seqs =  1, n_outputs =    1
graph_reserve: reserving a graph for ubatch with n_tokens =  512, n_seqs =  1, n_outputs =  512
sched_reserve:      CUDA0 compute buffer size =   304.00 MiB
sched_reserve:  CUDA_Host compute buffer size =    14.76 MiB
sched_reserve: graph nodes  = 958
sched_reserve: graph splits = 44 (with bs=512), 2 (with bs=1)
sched_reserve: reserve took 17.99 ms, sched copies = 1
CUDA Graph id 15705 reused
ggml_backend_cuda_graph_compute: CUDA graph warmup complete
CUDA Graph id 15705 reused
CUDA Graph id 15705 reused
CUDA Graph id 15705 reused
CUDA Graph id 15705 reused
CUDA Graph id 15705 reused
CUDA Graph id 15705 reused
CUDA Graph id 15705 reused
CUDA Graph id 15705 reused
CUDA Graph id 15705 reused
CUDA Graph id 15705 reused
CUDA Graph id 15705 reused
~llama_context:      CUDA0 compute buffer size is 304.0000 MiB, matches expectation of 304.0000 MiB
~llama_context:  CUDA_Host compute buffer size is  14.7637 MiB, matches expectation of  14.7637 MiB
llama_context: constructing llama_context
llama_context: n_seq_max     = 1
llama_context: n_ctx         = 768
llama_context: n_ctx_seq     = 768
llama_context: n_batch       = 701
llama_context: n_ubatch      = 512
llama_context: causal_attn   = 1
llama_context: flash_attn    = auto
llama_context: kv_unified    = false
llama_context: freq_base     = 1000000.0
llama_context: freq_scale    = 1
llama_context: n_rs_seq      = 0
llama_context: n_outputs_max = 701
llama_context: n_ctx_seq (768) < n_ctx_train (32768) -- the full capacity of the model will not be utilized
set_abort_callback: call
llama_context:  CUDA_Host  output buffer size =     0.58 MiB
llama_kv_cache: layer   0: dev = CPU
llama_kv_cache: layer   1: dev = CPU
llama_kv_cache: layer   2: dev = CPU
llama_kv_cache: layer   3: dev = CUDA0
llama_kv_cache: layer   4: dev = CUDA0
llama_kv_cache: layer   5: dev = CUDA0
llama_kv_cache: layer   6: dev = CUDA0
llama_kv_cache: layer   7: dev = CUDA0
llama_kv_cache: layer   8: dev = CUDA0
llama_kv_cache: layer   9: dev = CUDA0
llama_kv_cache: layer  10: dev = CUDA0
llama_kv_cache: layer  11: dev = CUDA0
llama_kv_cache: layer  12: dev = CUDA0
llama_kv_cache: layer  13: dev = CUDA0
llama_kv_cache: layer  14: dev = CUDA0
llama_kv_cache: layer  15: dev = CUDA0
llama_kv_cache: layer  16: dev = CUDA0
llama_kv_cache: layer  17: dev = CUDA0
llama_kv_cache: layer  18: dev = CUDA0
llama_kv_cache: layer  19: dev = CUDA0
llama_kv_cache: layer  20: dev = CUDA0
llama_kv_cache: layer  21: dev = CUDA0
llama_kv_cache: layer  22: dev = CUDA0
llama_kv_cache: layer  23: dev = CUDA0
llama_kv_cache: layer  24: dev = CUDA0
llama_kv_cache: layer  25: dev = CUDA0
llama_kv_cache: layer  26: dev = CUDA0
llama_kv_cache: layer  27: dev = CUDA0
llama_kv_cache:        CPU KV buffer size =     4.50 MiB
llama_kv_cache:      CUDA0 KV buffer size =    37.50 MiB
llama_kv_cache: size =   42.00 MiB (   768 cells,  28 layers,  1/1 seqs), K (f16):   21.00 MiB, V (f16):   21.00 MiB
llama_kv_cache: attn_rot_k = 0, n_embd_head_k_all = 128
llama_kv_cache: attn_rot_v = 0, n_embd_head_k_all = 128
llama_context: enumerating backends
llama_context: backend_ptrs.size() = 2
sched_reserve: reserving ...
sched_reserve: max_nodes = 2712
sched_reserve: reserving full memory module
sched_reserve: worst-case: n_tokens = 512, n_seqs = 1, n_outputs = 1
graph_reserve: reserving a graph for ubatch with n_tokens =    1, n_seqs =  1, n_outputs =    1
sched_reserve: Flash Attention was auto, set to enabled
sched_reserve: resolving fused Gated Delta Net support:
graph_reserve: reserving a graph for ubatch with n_tokens =    1, n_seqs =  1, n_outputs =    1
sched_reserve: fused Gated Delta Net (autoregressive) enabled
graph_reserve: reserving a graph for ubatch with n_tokens =   16, n_seqs =  1, n_outputs =   16
sched_reserve: fused Gated Delta Net (chunked) enabled
graph_reserve: reserving a graph for ubatch with n_tokens =  512, n_seqs =  1, n_outputs =  512
graph_reserve: reserving a graph for ubatch with n_tokens =    1, n_seqs =  1, n_outputs =    1
graph_reserve: reserving a graph for ubatch with n_tokens =  512, n_seqs =  1, n_outputs =  512
sched_reserve:      CUDA0 compute buffer size =   304.00 MiB
sched_reserve:  CUDA_Host compute buffer size =    14.76 MiB
sched_reserve: graph nodes  = 958
sched_reserve: graph splits = 44 (with bs=512), 2 (with bs=1)
sched_reserve: reserve took 27.47 ms, sched copies = 1
CUDA Graph id 15855 reused
ggml_backend_cuda_graph_compute: CUDA graph warmup complete
CUDA Graph id 15855 reused
CUDA Graph id 15855 reused
CUDA Graph id 15855 reused
CUDA Graph id 15855 reused
CUDA Graph id 15855 reused
CUDA Graph id 15855 reused
CUDA Graph id 15855 reused
CUDA Graph id 15855 reused
CUDA Graph id 15855 reused
~llama_context:      CUDA0 compute buffer size is 304.0000 MiB, matches expectation of 304.0000 MiB
~llama_context:  CUDA_Host compute buffer size is  14.7637 MiB, matches expectation of  14.7637 MiB
llama_context: constructing llama_context
llama_context: n_seq_max     = 1
llama_context: n_ctx         = 768
llama_context: n_ctx_seq     = 768
llama_context: n_batch       = 701
llama_context: n_ubatch      = 512
llama_context: causal_attn   = 1
llama_context: flash_attn    = auto
llama_context: kv_unified    = false
llama_context: freq_base     = 1000000.0
llama_context: freq_scale    = 1
llama_context: n_rs_seq      = 0
llama_context: n_outputs_max = 701
llama_context: n_ctx_seq (768) < n_ctx_train (32768) -- the full capacity of the model will not be utilized
set_abort_callback: call
llama_context:  CUDA_Host  output buffer size =     0.58 MiB
llama_kv_cache: layer   0: dev = CPU
llama_kv_cache: layer   1: dev = CPU
llama_kv_cache: layer   2: dev = CPU
llama_kv_cache: layer   3: dev = CUDA0
llama_kv_cache: layer   4: dev = CUDA0
llama_kv_cache: layer   5: dev = CUDA0
llama_kv_cache: layer   6: dev = CUDA0
llama_kv_cache: layer   7: dev = CUDA0
llama_kv_cache: layer   8: dev = CUDA0
llama_kv_cache: layer   9: dev = CUDA0
llama_kv_cache: layer  10: dev = CUDA0
llama_kv_cache: layer  11: dev = CUDA0
llama_kv_cache: layer  12: dev = CUDA0
llama_kv_cache: layer  13: dev = CUDA0
llama_kv_cache: layer  14: dev = CUDA0
llama_kv_cache: layer  15: dev = CUDA0
llama_kv_cache: layer  16: dev = CUDA0
llama_kv_cache: layer  17: dev = CUDA0
llama_kv_cache: layer  18: dev = CUDA0
llama_kv_cache: layer  19: dev = CUDA0
llama_kv_cache: layer  20: dev = CUDA0
llama_kv_cache: layer  21: dev = CUDA0
llama_kv_cache: layer  22: dev = CUDA0
llama_kv_cache: layer  23: dev = CUDA0
llama_kv_cache: layer  24: dev = CUDA0
llama_kv_cache: layer  25: dev = CUDA0
llama_kv_cache: layer  26: dev = CUDA0
llama_kv_cache: layer  27: dev = CUDA0
llama_kv_cache:        CPU KV buffer size =     4.50 MiB
llama_kv_cache:      CUDA0 KV buffer size =    37.50 MiB
llama_kv_cache: size =   42.00 MiB (   768 cells,  28 layers,  1/1 seqs), K (f16):   21.00 MiB, V (f16):   21.00 MiB
llama_kv_cache: attn_rot_k = 0, n_embd_head_k_all = 128
llama_kv_cache: attn_rot_v = 0, n_embd_head_k_all = 128
llama_context: enumerating backends
llama_context: backend_ptrs.size() = 2
sched_reserve: reserving ...
sched_reserve: max_nodes = 2712
sched_reserve: reserving full memory module
sched_reserve: worst-case: n_tokens = 512, n_seqs = 1, n_outputs = 1
graph_reserve: reserving a graph for ubatch with n_tokens =    1, n_seqs =  1, n_outputs =    1
sched_reserve: Flash Attention was auto, set to enabled
sched_reserve: resolving fused Gated Delta Net support:
graph_reserve: reserving a graph for ubatch with n_tokens =    1, n_seqs =  1, n_outputs =    1
sched_reserve: fused Gated Delta Net (autoregressive) enabled
graph_reserve: reserving a graph for ubatch with n_tokens =   16, n_seqs =  1, n_outputs =   16
sched_reserve: fused Gated Delta Net (chunked) enabled
graph_reserve: reserving a graph for ubatch with n_tokens =  512, n_seqs =  1, n_outputs =  512
graph_reserve: reserving a graph for ubatch with n_tokens =    1, n_seqs =  1, n_outputs =    1
graph_reserve: reserving a graph for ubatch with n_tokens =  512, n_seqs =  1, n_outputs =  512
sched_reserve:      CUDA0 compute buffer size =   304.00 MiB
sched_reserve:  CUDA_Host compute buffer size =    14.76 MiB
sched_reserve: graph nodes  = 958
sched_reserve: graph splits = 44 (with bs=512), 2 (with bs=1)
sched_reserve: reserve took 18.69 ms, sched copies = 1
CUDA Graph id 16005 reused
ggml_backend_cuda_graph_compute: CUDA graph warmup complete
CUDA Graph id 16005 reused
CUDA Graph id 16005 reused
CUDA Graph id 16005 reused
CUDA Graph id 16005 reused
CUDA Graph id 16005 reused
CUDA Graph id 16005 reused
CUDA Graph id 16005 reused
CUDA Graph id 16005 reused
CUDA Graph id 16005 reused
CUDA Graph id 16005 reused
CUDA Graph id 16005 reused
CUDA Graph id 16005 reused
CUDA Graph id 16005 reused
CUDA Graph id 16005 reused
CUDA Graph id 16005 reused
CUDA Graph id 16005 reused
CUDA Graph id 16005 reused
CUDA Graph id 16005 reused
CUDA Graph id 16005 reused
CUDA Graph id 16005 reused
CUDA Graph id 16005 reused
CUDA Graph id 16005 reused
CUDA Graph id 16005 reused
CUDA Graph id 16005 reused
CUDA Graph id 16005 reused
CUDA Graph id 16005 reused
CUDA Graph id 16005 reused
CUDA Graph id 16005 reused
CUDA Graph id 16005 reused
CUDA Graph id 16005 reused
CUDA Graph id 16005 reused
CUDA Graph id 16005 reused
CUDA Graph id 16005 reused
CUDA Graph id 16005 reused
CUDA Graph id 16005 reused
CUDA Graph id 16005 reused
CUDA Graph id 16005 reused
CUDA Graph id 16005 reused
CUDA Graph id 16005 reused
CUDA Graph id 16005 reused
CUDA Graph id 16005 reused
CUDA Graph id 16005 reused
CUDA Graph id 16005 reused
CUDA Graph id 16005 reused
CUDA Graph id 16005 reused
CUDA Graph id 16005 reused
CUDA Graph id 16005 reused
CUDA Graph id 16005 reused
CUDA Graph id 16005 reused
CUDA Graph id 16005 reused
CUDA Graph id 16005 reused
CUDA Graph id 16005 reused
CUDA Graph id 16005 reused
CUDA Graph id 16005 reused
CUDA Graph id 16005 reused
CUDA Graph id 16005 reused
CUDA Graph id 16005 reused
CUDA Graph id 16005 reused
CUDA Graph id 16005 reused
CUDA Graph id 16005 reused
CUDA Graph id 16005 reused
CUDA Graph id 16005 reused
CUDA Graph id 16005 reused
CUDA Graph id 16005 reused
CUDA Graph id 16005 reused
CUDA Graph id 16005 reused
CUDA Graph id 16005 reused
CUDA Graph id 16005 reused
CUDA Graph id 16005 reused
CUDA Graph id 16005 reused
CUDA Graph id 16005 reused
CUDA Graph id 16005 reused
CUDA Graph id 16005 reused
ggml_backend_cuda_graph_compute: CUDA graph warmup reset
CUDA Graph id 16008 reused
ggml_backend_cuda_graph_compute: CUDA graph warmup complete
CUDA Graph id 16008 reused
CUDA Graph id 16008 reused
CUDA Graph id 16008 reused
CUDA Graph id 16008 reused
CUDA Graph id 16008 reused
CUDA Graph id 16008 reused
CUDA Graph id 16008 reused
CUDA Graph id 16008 reused
CUDA Graph id 16008 reused
CUDA Graph id 16008 reused
CUDA Graph id 16008 reused
CUDA Graph id 16008 reused
CUDA Graph id 16008 reused
CUDA Graph id 16008 reused
CUDA Graph id 16008 reused
CUDA Graph id 16008 reused
CUDA Graph id 16008 reused
CUDA Graph id 16008 reused
CUDA Graph id 16008 reused
CUDA Graph id 16008 reused
CUDA Graph id 16008 reused
CUDA Graph id 16008 reused
CUDA Graph id 16008 reused
CUDA Graph id 16008 reused
CUDA Graph id 16008 reused
CUDA Graph id 16008 reused
CUDA Graph id 16008 reused
CUDA Graph id 16008 reused
CUDA Graph id 16008 reused
CUDA Graph id 16008 reused
CUDA Graph id 16008 reused
CUDA Graph id 16008 reused
CUDA Graph id 16008 reused
CUDA Graph id 16008 reused
CUDA Graph id 16008 reused
CUDA Graph id 16008 reused
CUDA Graph id 16008 reused
CUDA Graph id 16008 reused
CUDA Graph id 16008 reused
CUDA Graph id 16008 reused
CUDA Graph id 16008 reused
CUDA Graph id 16008 reused
CUDA Graph id 16008 reused
CUDA Graph id 16008 reused
CUDA Graph id 16008 reused
CUDA Graph id 16008 reused
CUDA Graph id 16008 reused
CUDA Graph id 16008 reused
CUDA Graph id 16008 reused
CUDA Graph id 16008 reused
CUDA Graph id 16008 reused
CUDA Graph id 16008 reused
CUDA Graph id 16008 reused
CUDA Graph id 16008 reused
CUDA Graph id 16008 reused
CUDA Graph id 16008 reused
CUDA Graph id 16008 reused
CUDA Graph id 16008 reused
CUDA Graph id 16008 reused
CUDA Graph id 16008 reused
CUDA Graph id 16008 reused
CUDA Graph id 16008 reused
CUDA Graph id 16008 reused
CUDA Graph id 16008 reused
CUDA Graph id 16008 reused
CUDA Graph id 16008 reused
CUDA Graph id 16008 reused
CUDA Graph id 16008 reused
CUDA Graph id 16008 reused
CUDA Graph id 16008 reused
CUDA Graph id 16008 reused
CUDA Graph id 16008 reused
CUDA Graph id 16008 reused
CUDA Graph id 16008 reused
CUDA Graph id 16008 reused
CUDA Graph id 16008 reused
CUDA Graph id 16008 reused
CUDA Graph id 16008 reused
CUDA Graph id 16008 reused
CUDA Graph id 16008 reused
CUDA Graph id 16008 reused
CUDA Graph id 16008 reused
CUDA Graph id 16008 reused
CUDA Graph id 16008 reused
CUDA Graph id 16008 reused
CUDA Graph id 16008 reused
CUDA Graph id 16008 reused
CUDA Graph id 16008 reused
CUDA Graph id 16008 reused
CUDA Graph id 16008 reused
CUDA Graph id 16008 reused
CUDA Graph id 16008 reused
CUDA Graph id 16008 reused
CUDA Graph id 16008 reused
CUDA Graph id 16008 reused
CUDA Graph id 16008 reused
CUDA Graph id 16008 reused
CUDA Graph id 16008 reused
CUDA Graph id 16008 reused
CUDA Graph id 16008 reused
CUDA Graph id 16008 reused
CUDA Graph id 16008 reused
CUDA Graph id 16008 reused
CUDA Graph id 16008 reused
CUDA Graph id 16008 reused
CUDA Graph id 16008 reused
CUDA Graph id 16008 reused
CUDA Graph id 16008 reused
CUDA Graph id 16008 reused
CUDA Graph id 16008 reused
CUDA Graph id 16008 reused
CUDA Graph id 16008 reused
CUDA Graph id 16008 reused
CUDA Graph id 16008 reused
CUDA Graph id 16008 reused
~llama_context:      CUDA0 compute buffer size is 304.0000 MiB, matches expectation of 304.0000 MiB
~llama_context:  CUDA_Host compute buffer size is  14.7637 MiB, matches expectation of  14.7637 MiB
llama_context: constructing llama_context
llama_context: n_seq_max     = 1
llama_context: n_ctx         = 768
llama_context: n_ctx_seq     = 768
llama_context: n_batch       = 701
llama_context: n_ubatch      = 512
llama_context: causal_attn   = 1
llama_context: flash_attn    = auto
llama_context: kv_unified    = false
llama_context: freq_base     = 1000000.0
llama_context: freq_scale    = 1
llama_context: n_rs_seq      = 0
llama_context: n_outputs_max = 701
llama_context: n_ctx_seq (768) < n_ctx_train (32768) -- the full capacity of the model will not be utilized
set_abort_callback: call
llama_context:  CUDA_Host  output buffer size =     0.58 MiB
llama_kv_cache: layer   0: dev = CPU
llama_kv_cache: layer   1: dev = CPU
llama_kv_cache: layer   2: dev = CPU
llama_kv_cache: layer   3: dev = CUDA0
llama_kv_cache: layer   4: dev = CUDA0
llama_kv_cache: layer   5: dev = CUDA0
llama_kv_cache: layer   6: dev = CUDA0
llama_kv_cache: layer   7: dev = CUDA0
llama_kv_cache: layer   8: dev = CUDA0
llama_kv_cache: layer   9: dev = CUDA0
llama_kv_cache: layer  10: dev = CUDA0
llama_kv_cache: layer  11: dev = CUDA0
llama_kv_cache: layer  12: dev = CUDA0
llama_kv_cache: layer  13: dev = CUDA0
llama_kv_cache: layer  14: dev = CUDA0
llama_kv_cache: layer  15: dev = CUDA0
llama_kv_cache: layer  16: dev = CUDA0
llama_kv_cache: layer  17: dev = CUDA0
llama_kv_cache: layer  18: dev = CUDA0
llama_kv_cache: layer  19: dev = CUDA0
llama_kv_cache: layer  20: dev = CUDA0
llama_kv_cache: layer  21: dev = CUDA0
llama_kv_cache: layer  22: dev = CUDA0
llama_kv_cache: layer  23: dev = CUDA0
llama_kv_cache: layer  24: dev = CUDA0
llama_kv_cache: layer  25: dev = CUDA0
llama_kv_cache: layer  26: dev = CUDA0
llama_kv_cache: layer  27: dev = CUDA0
llama_kv_cache:        CPU KV buffer size =     4.50 MiB
llama_kv_cache:      CUDA0 KV buffer size =    37.50 MiB
llama_kv_cache: size =   42.00 MiB (   768 cells,  28 layers,  1/1 seqs), K (f16):   21.00 MiB, V (f16):   21.00 MiB
llama_kv_cache: attn_rot_k = 0, n_embd_head_k_all = 128
llama_kv_cache: attn_rot_v = 0, n_embd_head_k_all = 128
llama_context: enumerating backends
llama_context: backend_ptrs.size() = 2
sched_reserve: reserving ...
sched_reserve: max_nodes = 2712
sched_reserve: reserving full memory module
sched_reserve: worst-case: n_tokens = 512, n_seqs = 1, n_outputs = 1
graph_reserve: reserving a graph for ubatch with n_tokens =    1, n_seqs =  1, n_outputs =    1
sched_reserve: Flash Attention was auto, set to enabled
sched_reserve: resolving fused Gated Delta Net support:
graph_reserve: reserving a graph for ubatch with n_tokens =    1, n_seqs =  1, n_outputs =    1
sched_reserve: fused Gated Delta Net (autoregressive) enabled
graph_reserve: reserving a graph for ubatch with n_tokens =   16, n_seqs =  1, n_outputs =   16
sched_reserve: fused Gated Delta Net (chunked) enabled
graph_reserve: reserving a graph for ubatch with n_tokens =  512, n_seqs =  1, n_outputs =  512
graph_reserve: reserving a graph for ubatch with n_tokens =    1, n_seqs =  1, n_outputs =    1
graph_reserve: reserving a graph for ubatch with n_tokens =  512, n_seqs =  1, n_outputs =  512
sched_reserve:      CUDA0 compute buffer size =   304.00 MiB
sched_reserve:  CUDA_Host compute buffer size =    14.76 MiB
sched_reserve: graph nodes  = 958
sched_reserve: graph splits = 44 (with bs=512), 2 (with bs=1)
sched_reserve: reserve took 18.80 ms, sched copies = 1
CUDA Graph id 16158 reused
ggml_backend_cuda_graph_compute: CUDA graph warmup complete
CUDA Graph id 16158 reused
CUDA Graph id 16158 reused
CUDA Graph id 16158 reused
CUDA Graph id 16158 reused
CUDA Graph id 16158 reused
CUDA Graph id 16158 reused
~llama_context:      CUDA0 compute buffer size is 304.0000 MiB, matches expectation of 304.0000 MiB
~llama_context:  CUDA_Host compute buffer size is  14.7637 MiB, matches expectation of  14.7637 MiB
llama_context: constructing llama_context
llama_context: n_seq_max     = 1
llama_context: n_ctx         = 768
llama_context: n_ctx_seq     = 768
llama_context: n_batch       = 701
llama_context: n_ubatch      = 512
llama_context: causal_attn   = 1
llama_context: flash_attn    = auto
llama_context: kv_unified    = false
llama_context: freq_base     = 1000000.0
llama_context: freq_scale    = 1
llama_context: n_rs_seq      = 0
llama_context: n_outputs_max = 701
llama_context: n_ctx_seq (768) < n_ctx_train (32768) -- the full capacity of the model will not be utilized
set_abort_callback: call
llama_context:  CUDA_Host  output buffer size =     0.58 MiB
llama_kv_cache: layer   0: dev = CPU
llama_kv_cache: layer   1: dev = CPU
llama_kv_cache: layer   2: dev = CPU
llama_kv_cache: layer   3: dev = CUDA0
llama_kv_cache: layer   4: dev = CUDA0
llama_kv_cache: layer   5: dev = CUDA0
llama_kv_cache: layer   6: dev = CUDA0
llama_kv_cache: layer   7: dev = CUDA0
llama_kv_cache: layer   8: dev = CUDA0
llama_kv_cache: layer   9: dev = CUDA0
llama_kv_cache: layer  10: dev = CUDA0
llama_kv_cache: layer  11: dev = CUDA0
llama_kv_cache: layer  12: dev = CUDA0
llama_kv_cache: layer  13: dev = CUDA0
llama_kv_cache: layer  14: dev = CUDA0
llama_kv_cache: layer  15: dev = CUDA0
llama_kv_cache: layer  16: dev = CUDA0
llama_kv_cache: layer  17: dev = CUDA0
llama_kv_cache: layer  18: dev = CUDA0
llama_kv_cache: layer  19: dev = CUDA0
llama_kv_cache: layer  20: dev = CUDA0
llama_kv_cache: layer  21: dev = CUDA0
llama_kv_cache: layer  22: dev = CUDA0
llama_kv_cache: layer  23: dev = CUDA0
llama_kv_cache: layer  24: dev = CUDA0
llama_kv_cache: layer  25: dev = CUDA0
llama_kv_cache: layer  26: dev = CUDA0
llama_kv_cache: layer  27: dev = CUDA0
llama_kv_cache:        CPU KV buffer size =     4.50 MiB
llama_kv_cache:      CUDA0 KV buffer size =    37.50 MiB
llama_kv_cache: size =   42.00 MiB (   768 cells,  28 layers,  1/1 seqs), K (f16):   21.00 MiB, V (f16):   21.00 MiB
llama_kv_cache: attn_rot_k = 0, n_embd_head_k_all = 128
llama_kv_cache: attn_rot_v = 0, n_embd_head_k_all = 128
llama_context: enumerating backends
llama_context: backend_ptrs.size() = 2
sched_reserve: reserving ...
sched_reserve: max_nodes = 2712
sched_reserve: reserving full memory module
sched_reserve: worst-case: n_tokens = 512, n_seqs = 1, n_outputs = 1
graph_reserve: reserving a graph for ubatch with n_tokens =    1, n_seqs =  1, n_outputs =    1
sched_reserve: Flash Attention was auto, set to enabled
sched_reserve: resolving fused Gated Delta Net support:
graph_reserve: reserving a graph for ubatch with n_tokens =    1, n_seqs =  1, n_outputs =    1
sched_reserve: fused Gated Delta Net (autoregressive) enabled
graph_reserve: reserving a graph for ubatch with n_tokens =   16, n_seqs =  1, n_outputs =   16
sched_reserve: fused Gated Delta Net (chunked) enabled
graph_reserve: reserving a graph for ubatch with n_tokens =  512, n_seqs =  1, n_outputs =  512
graph_reserve: reserving a graph for ubatch with n_tokens =    1, n_seqs =  1, n_outputs =    1
graph_reserve: reserving a graph for ubatch with n_tokens =  512, n_seqs =  1, n_outputs =  512
sched_reserve:      CUDA0 compute buffer size =   304.00 MiB
sched_reserve:  CUDA_Host compute buffer size =    14.76 MiB
sched_reserve: graph nodes  = 958
sched_reserve: graph splits = 44 (with bs=512), 2 (with bs=1)
sched_reserve: reserve took 18.77 ms, sched copies = 1
CUDA Graph id 16308 reused
ggml_backend_cuda_graph_compute: CUDA graph warmup complete
CUDA Graph id 16308 reused
CUDA Graph id 16308 reused
CUDA Graph id 16308 reused
CUDA Graph id 16308 reused
CUDA Graph id 16308 reused
CUDA Graph id 16308 reused
CUDA Graph id 16308 reused
CUDA Graph id 16308 reused
CUDA Graph id 16308 reused
CUDA Graph id 16308 reused
CUDA Graph id 16308 reused
CUDA Graph id 16308 reused
CUDA Graph id 16308 reused
CUDA Graph id 16308 reused
CUDA Graph id 16308 reused
CUDA Graph id 16308 reused
CUDA Graph id 16308 reused
CUDA Graph id 16308 reused
CUDA Graph id 16308 reused
CUDA Graph id 16308 reused
CUDA Graph id 16308 reused
CUDA Graph id 16308 reused
CUDA Graph id 16308 reused
CUDA Graph id 16308 reused
CUDA Graph id 16308 reused
CUDA Graph id 16308 reused
CUDA Graph id 16308 reused
CUDA Graph id 16308 reused
CUDA Graph id 16308 reused
CUDA Graph id 16308 reused
CUDA Graph id 16308 reused
CUDA Graph id 16308 reused
CUDA Graph id 16308 reused
CUDA Graph id 16308 reused
CUDA Graph id 16308 reused
CUDA Graph id 16308 reused
CUDA Graph id 16308 reused
CUDA Graph id 16308 reused
CUDA Graph id 16308 reused
CUDA Graph id 16308 reused
CUDA Graph id 16308 reused
CUDA Graph id 16308 reused
CUDA Graph id 16308 reused
CUDA Graph id 16308 reused
CUDA Graph id 16308 reused
CUDA Graph id 16308 reused
CUDA Graph id 16308 reused
CUDA Graph id 16308 reused
CUDA Graph id 16308 reused
CUDA Graph id 16308 reused
CUDA Graph id 16308 reused
CUDA Graph id 16308 reused
CUDA Graph id 16308 reused
CUDA Graph id 16308 reused
CUDA Graph id 16308 reused
CUDA Graph id 16308 reused
CUDA Graph id 16308 reused
CUDA Graph id 16308 reused
CUDA Graph id 16308 reused
CUDA Graph id 16308 reused
CUDA Graph id 16308 reused
CUDA Graph id 16308 reused
CUDA Graph id 16308 reused
CUDA Graph id 16308 reused
CUDA Graph id 16308 reused
CUDA Graph id 16308 reused
CUDA Graph id 16308 reused
CUDA Graph id 16308 reused
CUDA Graph id 16308 reused
CUDA Graph id 16308 reused
CUDA Graph id 16308 reused
CUDA Graph id 16308 reused
CUDA Graph id 16308 reused
ggml_backend_cuda_graph_compute: CUDA graph warmup reset
CUDA Graph id 16311 reused
ggml_backend_cuda_graph_compute: CUDA graph warmup complete
CUDA Graph id 16311 reused
CUDA Graph id 16311 reused
CUDA Graph id 16311 reused
CUDA Graph id 16311 reused
CUDA Graph id 16311 reused
CUDA Graph id 16311 reused
CUDA Graph id 16311 reused
CUDA Graph id 16311 reused
CUDA Graph id 16311 reused
CUDA Graph id 16311 reused
CUDA Graph id 16311 reused
CUDA Graph id 16311 reused
CUDA Graph id 16311 reused
~llama_context:      CUDA0 compute buffer size is 304.0000 MiB, matches expectation of 304.0000 MiB
~llama_context:  CUDA_Host compute buffer size is  14.7637 MiB, matches expectation of  14.7637 MiB
schema 18/25 done
llama_context: constructing llama_context
llama_context: n_seq_max     = 1
llama_context: n_ctx         = 768
llama_context: n_ctx_seq     = 768
llama_context: n_batch       = 630
llama_context: n_ubatch      = 512
llama_context: causal_attn   = 1
llama_context: flash_attn    = auto
llama_context: kv_unified    = false
llama_context: freq_base     = 1000000.0
llama_context: freq_scale    = 1
llama_context: n_rs_seq      = 0
llama_context: n_outputs_max = 630
llama_context: n_ctx_seq (768) < n_ctx_train (32768) -- the full capacity of the model will not be utilized
set_abort_callback: call
llama_context:  CUDA_Host  output buffer size =     0.58 MiB
llama_kv_cache: layer   0: dev = CPU
llama_kv_cache: layer   1: dev = CPU
llama_kv_cache: layer   2: dev = CPU
llama_kv_cache: layer   3: dev = CUDA0
llama_kv_cache: layer   4: dev = CUDA0
llama_kv_cache: layer   5: dev = CUDA0
llama_kv_cache: layer   6: dev = CUDA0
llama_kv_cache: layer   7: dev = CUDA0
llama_kv_cache: layer   8: dev = CUDA0
llama_kv_cache: layer   9: dev = CUDA0
llama_kv_cache: layer  10: dev = CUDA0
llama_kv_cache: layer  11: dev = CUDA0
llama_kv_cache: layer  12: dev = CUDA0
llama_kv_cache: layer  13: dev = CUDA0
llama_kv_cache: layer  14: dev = CUDA0
llama_kv_cache: layer  15: dev = CUDA0
llama_kv_cache: layer  16: dev = CUDA0
llama_kv_cache: layer  17: dev = CUDA0
llama_kv_cache: layer  18: dev = CUDA0
llama_kv_cache: layer  19: dev = CUDA0
llama_kv_cache: layer  20: dev = CUDA0
llama_kv_cache: layer  21: dev = CUDA0
llama_kv_cache: layer  22: dev = CUDA0
llama_kv_cache: layer  23: dev = CUDA0
llama_kv_cache: layer  24: dev = CUDA0
llama_kv_cache: layer  25: dev = CUDA0
llama_kv_cache: layer  26: dev = CUDA0
llama_kv_cache: layer  27: dev = CUDA0
llama_kv_cache:        CPU KV buffer size =     4.50 MiB
llama_kv_cache:      CUDA0 KV buffer size =    37.50 MiB
llama_kv_cache: size =   42.00 MiB (   768 cells,  28 layers,  1/1 seqs), K (f16):   21.00 MiB, V (f16):   21.00 MiB
llama_kv_cache: attn_rot_k = 0, n_embd_head_k_all = 128
llama_kv_cache: attn_rot_v = 0, n_embd_head_k_all = 128
llama_context: enumerating backends
llama_context: backend_ptrs.size() = 2
sched_reserve: reserving ...
sched_reserve: max_nodes = 2712
sched_reserve: reserving full memory module
sched_reserve: worst-case: n_tokens = 512, n_seqs = 1, n_outputs = 1
graph_reserve: reserving a graph for ubatch with n_tokens =    1, n_seqs =  1, n_outputs =    1
sched_reserve: Flash Attention was auto, set to enabled
sched_reserve: resolving fused Gated Delta Net support:
graph_reserve: reserving a graph for ubatch with n_tokens =    1, n_seqs =  1, n_outputs =    1
sched_reserve: fused Gated Delta Net (autoregressive) enabled
graph_reserve: reserving a graph for ubatch with n_tokens =   16, n_seqs =  1, n_outputs =   16
sched_reserve: fused Gated Delta Net (chunked) enabled
graph_reserve: reserving a graph for ubatch with n_tokens =  512, n_seqs =  1, n_outputs =  512
graph_reserve: reserving a graph for ubatch with n_tokens =    1, n_seqs =  1, n_outputs =    1
graph_reserve: reserving a graph for ubatch with n_tokens =  512, n_seqs =  1, n_outputs =  512
sched_reserve:      CUDA0 compute buffer size =   304.00 MiB
sched_reserve:  CUDA_Host compute buffer size =    14.76 MiB
sched_reserve: graph nodes  = 958
sched_reserve: graph splits = 44 (with bs=512), 2 (with bs=1)
sched_reserve: reserve took 15.92 ms, sched copies = 1
CUDA Graph id 16461 reused
ggml_backend_cuda_graph_compute: CUDA graph warmup complete
CUDA Graph id 16461 reused
CUDA Graph id 16461 reused
CUDA Graph id 16461 reused
CUDA Graph id 16461 reused
CUDA Graph id 16461 reused
CUDA Graph id 16461 reused
CUDA Graph id 16461 reused
CUDA Graph id 16461 reused
CUDA Graph id 16461 reused
CUDA Graph id 16461 reused
CUDA Graph id 16461 reused
CUDA Graph id 16461 reused
CUDA Graph id 16461 reused
CUDA Graph id 16461 reused
CUDA Graph id 16461 reused
CUDA Graph id 16461 reused
CUDA Graph id 16461 reused
CUDA Graph id 16461 reused
~llama_context:      CUDA0 compute buffer size is 304.0000 MiB, matches expectation of 304.0000 MiB
~llama_context:  CUDA_Host compute buffer size is  14.7637 MiB, matches expectation of  14.7637 MiB
llama_context: constructing llama_context
llama_context: n_seq_max     = 1
llama_context: n_ctx         = 768
llama_context: n_ctx_seq     = 768
llama_context: n_batch       = 630
llama_context: n_ubatch      = 512
llama_context: causal_attn   = 1
llama_context: flash_attn    = auto
llama_context: kv_unified    = false
llama_context: freq_base     = 1000000.0
llama_context: freq_scale    = 1
llama_context: n_rs_seq      = 0
llama_context: n_outputs_max = 630
llama_context: n_ctx_seq (768) < n_ctx_train (32768) -- the full capacity of the model will not be utilized
set_abort_callback: call
llama_context:  CUDA_Host  output buffer size =     0.58 MiB
llama_kv_cache: layer   0: dev = CPU
llama_kv_cache: layer   1: dev = CPU
llama_kv_cache: layer   2: dev = CPU
llama_kv_cache: layer   3: dev = CUDA0
llama_kv_cache: layer   4: dev = CUDA0
llama_kv_cache: layer   5: dev = CUDA0
llama_kv_cache: layer   6: dev = CUDA0
llama_kv_cache: layer   7: dev = CUDA0
llama_kv_cache: layer   8: dev = CUDA0
llama_kv_cache: layer   9: dev = CUDA0
llama_kv_cache: layer  10: dev = CUDA0
llama_kv_cache: layer  11: dev = CUDA0
llama_kv_cache: layer  12: dev = CUDA0
llama_kv_cache: layer  13: dev = CUDA0
llama_kv_cache: layer  14: dev = CUDA0
llama_kv_cache: layer  15: dev = CUDA0
llama_kv_cache: layer  16: dev = CUDA0
llama_kv_cache: layer  17: dev = CUDA0
llama_kv_cache: layer  18: dev = CUDA0
llama_kv_cache: layer  19: dev = CUDA0
llama_kv_cache: layer  20: dev = CUDA0
llama_kv_cache: layer  21: dev = CUDA0
llama_kv_cache: layer  22: dev = CUDA0
llama_kv_cache: layer  23: dev = CUDA0
llama_kv_cache: layer  24: dev = CUDA0
llama_kv_cache: layer  25: dev = CUDA0
llama_kv_cache: layer  26: dev = CUDA0
llama_kv_cache: layer  27: dev = CUDA0
llama_kv_cache:        CPU KV buffer size =     4.50 MiB
llama_kv_cache:      CUDA0 KV buffer size =    37.50 MiB
llama_kv_cache: size =   42.00 MiB (   768 cells,  28 layers,  1/1 seqs), K (f16):   21.00 MiB, V (f16):   21.00 MiB
llama_kv_cache: attn_rot_k = 0, n_embd_head_k_all = 128
llama_kv_cache: attn_rot_v = 0, n_embd_head_k_all = 128
llama_context: enumerating backends
llama_context: backend_ptrs.size() = 2
sched_reserve: reserving ...
sched_reserve: max_nodes = 2712
sched_reserve: reserving full memory module
sched_reserve: worst-case: n_tokens = 512, n_seqs = 1, n_outputs = 1
graph_reserve: reserving a graph for ubatch with n_tokens =    1, n_seqs =  1, n_outputs =    1
sched_reserve: Flash Attention was auto, set to enabled
sched_reserve: resolving fused Gated Delta Net support:
graph_reserve: reserving a graph for ubatch with n_tokens =    1, n_seqs =  1, n_outputs =    1
sched_reserve: fused Gated Delta Net (autoregressive) enabled
graph_reserve: reserving a graph for ubatch with n_tokens =   16, n_seqs =  1, n_outputs =   16
sched_reserve: fused Gated Delta Net (chunked) enabled
graph_reserve: reserving a graph for ubatch with n_tokens =  512, n_seqs =  1, n_outputs =  512
graph_reserve: reserving a graph for ubatch with n_tokens =    1, n_seqs =  1, n_outputs =    1
graph_reserve: reserving a graph for ubatch with n_tokens =  512, n_seqs =  1, n_outputs =  512
sched_reserve:      CUDA0 compute buffer size =   304.00 MiB
sched_reserve:  CUDA_Host compute buffer size =    14.76 MiB
sched_reserve: graph nodes  = 958
sched_reserve: graph splits = 44 (with bs=512), 2 (with bs=1)
sched_reserve: reserve took 26.29 ms, sched copies = 1
CUDA Graph id 16611 reused
ggml_backend_cuda_graph_compute: CUDA graph warmup complete
CUDA Graph id 16611 reused
CUDA Graph id 16611 reused
CUDA Graph id 16611 reused
CUDA Graph id 16611 reused
CUDA Graph id 16611 reused
CUDA Graph id 16611 reused
CUDA Graph id 16611 reused
CUDA Graph id 16611 reused
CUDA Graph id 16611 reused
CUDA Graph id 16611 reused
CUDA Graph id 16611 reused
CUDA Graph id 16611 reused
CUDA Graph id 16611 reused
CUDA Graph id 16611 reused
CUDA Graph id 16611 reused
CUDA Graph id 16611 reused
CUDA Graph id 16611 reused
CUDA Graph id 16611 reused
~llama_context:      CUDA0 compute buffer size is 304.0000 MiB, matches expectation of 304.0000 MiB
~llama_context:  CUDA_Host compute buffer size is  14.7637 MiB, matches expectation of  14.7637 MiB
llama_context: constructing llama_context
llama_context: n_seq_max     = 1
llama_context: n_ctx         = 768
llama_context: n_ctx_seq     = 768
llama_context: n_batch       = 630
llama_context: n_ubatch      = 512
llama_context: causal_attn   = 1
llama_context: flash_attn    = auto
llama_context: kv_unified    = false
llama_context: freq_base     = 1000000.0
llama_context: freq_scale    = 1
llama_context: n_rs_seq      = 0
llama_context: n_outputs_max = 630
llama_context: n_ctx_seq (768) < n_ctx_train (32768) -- the full capacity of the model will not be utilized
set_abort_callback: call
llama_context:  CUDA_Host  output buffer size =     0.58 MiB
llama_kv_cache: layer   0: dev = CPU
llama_kv_cache: layer   1: dev = CPU
llama_kv_cache: layer   2: dev = CPU
llama_kv_cache: layer   3: dev = CUDA0
llama_kv_cache: layer   4: dev = CUDA0
llama_kv_cache: layer   5: dev = CUDA0
llama_kv_cache: layer   6: dev = CUDA0
llama_kv_cache: layer   7: dev = CUDA0
llama_kv_cache: layer   8: dev = CUDA0
llama_kv_cache: layer   9: dev = CUDA0
llama_kv_cache: layer  10: dev = CUDA0
llama_kv_cache: layer  11: dev = CUDA0
llama_kv_cache: layer  12: dev = CUDA0
llama_kv_cache: layer  13: dev = CUDA0
llama_kv_cache: layer  14: dev = CUDA0
llama_kv_cache: layer  15: dev = CUDA0
llama_kv_cache: layer  16: dev = CUDA0
llama_kv_cache: layer  17: dev = CUDA0
llama_kv_cache: layer  18: dev = CUDA0
llama_kv_cache: layer  19: dev = CUDA0
llama_kv_cache: layer  20: dev = CUDA0
llama_kv_cache: layer  21: dev = CUDA0
llama_kv_cache: layer  22: dev = CUDA0
llama_kv_cache: layer  23: dev = CUDA0
llama_kv_cache: layer  24: dev = CUDA0
llama_kv_cache: layer  25: dev = CUDA0
llama_kv_cache: layer  26: dev = CUDA0
llama_kv_cache: layer  27: dev = CUDA0
llama_kv_cache:        CPU KV buffer size =     4.50 MiB
llama_kv_cache:      CUDA0 KV buffer size =    37.50 MiB
llama_kv_cache: size =   42.00 MiB (   768 cells,  28 layers,  1/1 seqs), K (f16):   21.00 MiB, V (f16):   21.00 MiB
llama_kv_cache: attn_rot_k = 0, n_embd_head_k_all = 128
llama_kv_cache: attn_rot_v = 0, n_embd_head_k_all = 128
llama_context: enumerating backends
llama_context: backend_ptrs.size() = 2
sched_reserve: reserving ...
sched_reserve: max_nodes = 2712
sched_reserve: reserving full memory module
sched_reserve: worst-case: n_tokens = 512, n_seqs = 1, n_outputs = 1
graph_reserve: reserving a graph for ubatch with n_tokens =    1, n_seqs =  1, n_outputs =    1
sched_reserve: Flash Attention was auto, set to enabled
sched_reserve: resolving fused Gated Delta Net support:
graph_reserve: reserving a graph for ubatch with n_tokens =    1, n_seqs =  1, n_outputs =    1
sched_reserve: fused Gated Delta Net (autoregressive) enabled
graph_reserve: reserving a graph for ubatch with n_tokens =   16, n_seqs =  1, n_outputs =   16
sched_reserve: fused Gated Delta Net (chunked) enabled
graph_reserve: reserving a graph for ubatch with n_tokens =  512, n_seqs =  1, n_outputs =  512
graph_reserve: reserving a graph for ubatch with n_tokens =    1, n_seqs =  1, n_outputs =    1
graph_reserve: reserving a graph for ubatch with n_tokens =  512, n_seqs =  1, n_outputs =  512
sched_reserve:      CUDA0 compute buffer size =   304.00 MiB
sched_reserve:  CUDA_Host compute buffer size =    14.76 MiB
sched_reserve: graph nodes  = 958
sched_reserve: graph splits = 44 (with bs=512), 2 (with bs=1)
sched_reserve: reserve took 21.39 ms, sched copies = 1
CUDA Graph id 16761 reused
ggml_backend_cuda_graph_compute: CUDA graph warmup complete
CUDA Graph id 16761 reused
CUDA Graph id 16761 reused
CUDA Graph id 16761 reused
CUDA Graph id 16761 reused
CUDA Graph id 16761 reused
CUDA Graph id 16761 reused
CUDA Graph id 16761 reused
CUDA Graph id 16761 reused
CUDA Graph id 16761 reused
CUDA Graph id 16761 reused
CUDA Graph id 16761 reused
~llama_context:      CUDA0 compute buffer size is 304.0000 MiB, matches expectation of 304.0000 MiB
~llama_context:  CUDA_Host compute buffer size is  14.7637 MiB, matches expectation of  14.7637 MiB
llama_context: constructing llama_context
llama_context: n_seq_max     = 1
llama_context: n_ctx         = 768
llama_context: n_ctx_seq     = 768
llama_context: n_batch       = 630
llama_context: n_ubatch      = 512
llama_context: causal_attn   = 1
llama_context: flash_attn    = auto
llama_context: kv_unified    = false
llama_context: freq_base     = 1000000.0
llama_context: freq_scale    = 1
llama_context: n_rs_seq      = 0
llama_context: n_outputs_max = 630
llama_context: n_ctx_seq (768) < n_ctx_train (32768) -- the full capacity of the model will not be utilized
set_abort_callback: call
llama_context:  CUDA_Host  output buffer size =     0.58 MiB
llama_kv_cache: layer   0: dev = CPU
llama_kv_cache: layer   1: dev = CPU
llama_kv_cache: layer   2: dev = CPU
llama_kv_cache: layer   3: dev = CUDA0
llama_kv_cache: layer   4: dev = CUDA0
llama_kv_cache: layer   5: dev = CUDA0
llama_kv_cache: layer   6: dev = CUDA0
llama_kv_cache: layer   7: dev = CUDA0
llama_kv_cache: layer   8: dev = CUDA0
llama_kv_cache: layer   9: dev = CUDA0
llama_kv_cache: layer  10: dev = CUDA0
llama_kv_cache: layer  11: dev = CUDA0
llama_kv_cache: layer  12: dev = CUDA0
llama_kv_cache: layer  13: dev = CUDA0
llama_kv_cache: layer  14: dev = CUDA0
llama_kv_cache: layer  15: dev = CUDA0
llama_kv_cache: layer  16: dev = CUDA0
llama_kv_cache: layer  17: dev = CUDA0
llama_kv_cache: layer  18: dev = CUDA0
llama_kv_cache: layer  19: dev = CUDA0
llama_kv_cache: layer  20: dev = CUDA0
llama_kv_cache: layer  21: dev = CUDA0
llama_kv_cache: layer  22: dev = CUDA0
llama_kv_cache: layer  23: dev = CUDA0
llama_kv_cache: layer  24: dev = CUDA0
llama_kv_cache: layer  25: dev = CUDA0
llama_kv_cache: layer  26: dev = CUDA0
llama_kv_cache: layer  27: dev = CUDA0
llama_kv_cache:        CPU KV buffer size =     4.50 MiB
llama_kv_cache:      CUDA0 KV buffer size =    37.50 MiB
llama_kv_cache: size =   42.00 MiB (   768 cells,  28 layers,  1/1 seqs), K (f16):   21.00 MiB, V (f16):   21.00 MiB
llama_kv_cache: attn_rot_k = 0, n_embd_head_k_all = 128
llama_kv_cache: attn_rot_v = 0, n_embd_head_k_all = 128
llama_context: enumerating backends
llama_context: backend_ptrs.size() = 2
sched_reserve: reserving ...
sched_reserve: max_nodes = 2712
sched_reserve: reserving full memory module
sched_reserve: worst-case: n_tokens = 512, n_seqs = 1, n_outputs = 1
graph_reserve: reserving a graph for ubatch with n_tokens =    1, n_seqs =  1, n_outputs =    1
sched_reserve: Flash Attention was auto, set to enabled
sched_reserve: resolving fused Gated Delta Net support:
graph_reserve: reserving a graph for ubatch with n_tokens =    1, n_seqs =  1, n_outputs =    1
sched_reserve: fused Gated Delta Net (autoregressive) enabled
graph_reserve: reserving a graph for ubatch with n_tokens =   16, n_seqs =  1, n_outputs =   16
sched_reserve: fused Gated Delta Net (chunked) enabled
graph_reserve: reserving a graph for ubatch with n_tokens =  512, n_seqs =  1, n_outputs =  512
graph_reserve: reserving a graph for ubatch with n_tokens =    1, n_seqs =  1, n_outputs =    1
graph_reserve: reserving a graph for ubatch with n_tokens =  512, n_seqs =  1, n_outputs =  512
sched_reserve:      CUDA0 compute buffer size =   304.00 MiB
sched_reserve:  CUDA_Host compute buffer size =    14.76 MiB
sched_reserve: graph nodes  = 958
sched_reserve: graph splits = 44 (with bs=512), 2 (with bs=1)
sched_reserve: reserve took 24.24 ms, sched copies = 1
CUDA Graph id 16911 reused
ggml_backend_cuda_graph_compute: CUDA graph warmup complete
CUDA Graph id 16911 reused
CUDA Graph id 16911 reused
CUDA Graph id 16911 reused
CUDA Graph id 16911 reused
CUDA Graph id 16911 reused
CUDA Graph id 16911 reused
CUDA Graph id 16911 reused
CUDA Graph id 16911 reused
CUDA Graph id 16911 reused
CUDA Graph id 16911 reused
CUDA Graph id 16911 reused
CUDA Graph id 16911 reused
CUDA Graph id 16911 reused
CUDA Graph id 16911 reused
CUDA Graph id 16911 reused
CUDA Graph id 16911 reused
CUDA Graph id 16911 reused
CUDA Graph id 16911 reused
CUDA Graph id 16911 reused
CUDA Graph id 16911 reused
CUDA Graph id 16911 reused
CUDA Graph id 16911 reused
~llama_context:      CUDA0 compute buffer size is 304.0000 MiB, matches expectation of 304.0000 MiB
~llama_context:  CUDA_Host compute buffer size is  14.7637 MiB, matches expectation of  14.7637 MiB
llama_context: constructing llama_context
llama_context: n_seq_max     = 1
llama_context: n_ctx         = 768
llama_context: n_ctx_seq     = 768
llama_context: n_batch       = 630
llama_context: n_ubatch      = 512
llama_context: causal_attn   = 1
llama_context: flash_attn    = auto
llama_context: kv_unified    = false
llama_context: freq_base     = 1000000.0
llama_context: freq_scale    = 1
llama_context: n_rs_seq      = 0
llama_context: n_outputs_max = 630
llama_context: n_ctx_seq (768) < n_ctx_train (32768) -- the full capacity of the model will not be utilized
set_abort_callback: call
llama_context:  CUDA_Host  output buffer size =     0.58 MiB
llama_kv_cache: layer   0: dev = CPU
llama_kv_cache: layer   1: dev = CPU
llama_kv_cache: layer   2: dev = CPU
llama_kv_cache: layer   3: dev = CUDA0
llama_kv_cache: layer   4: dev = CUDA0
llama_kv_cache: layer   5: dev = CUDA0
llama_kv_cache: layer   6: dev = CUDA0
llama_kv_cache: layer   7: dev = CUDA0
llama_kv_cache: layer   8: dev = CUDA0
llama_kv_cache: layer   9: dev = CUDA0
llama_kv_cache: layer  10: dev = CUDA0
llama_kv_cache: layer  11: dev = CUDA0
llama_kv_cache: layer  12: dev = CUDA0
llama_kv_cache: layer  13: dev = CUDA0
llama_kv_cache: layer  14: dev = CUDA0
llama_kv_cache: layer  15: dev = CUDA0
llama_kv_cache: layer  16: dev = CUDA0
llama_kv_cache: layer  17: dev = CUDA0
llama_kv_cache: layer  18: dev = CUDA0
llama_kv_cache: layer  19: dev = CUDA0
llama_kv_cache: layer  20: dev = CUDA0
llama_kv_cache: layer  21: dev = CUDA0
llama_kv_cache: layer  22: dev = CUDA0
llama_kv_cache: layer  23: dev = CUDA0
llama_kv_cache: layer  24: dev = CUDA0
llama_kv_cache: layer  25: dev = CUDA0
llama_kv_cache: layer  26: dev = CUDA0
llama_kv_cache: layer  27: dev = CUDA0
llama_kv_cache:        CPU KV buffer size =     4.50 MiB
llama_kv_cache:      CUDA0 KV buffer size =    37.50 MiB
llama_kv_cache: size =   42.00 MiB (   768 cells,  28 layers,  1/1 seqs), K (f16):   21.00 MiB, V (f16):   21.00 MiB
llama_kv_cache: attn_rot_k = 0, n_embd_head_k_all = 128
llama_kv_cache: attn_rot_v = 0, n_embd_head_k_all = 128
llama_context: enumerating backends
llama_context: backend_ptrs.size() = 2
sched_reserve: reserving ...
sched_reserve: max_nodes = 2712
sched_reserve: reserving full memory module
sched_reserve: worst-case: n_tokens = 512, n_seqs = 1, n_outputs = 1
graph_reserve: reserving a graph for ubatch with n_tokens =    1, n_seqs =  1, n_outputs =    1
sched_reserve: Flash Attention was auto, set to enabled
sched_reserve: resolving fused Gated Delta Net support:
graph_reserve: reserving a graph for ubatch with n_tokens =    1, n_seqs =  1, n_outputs =    1
sched_reserve: fused Gated Delta Net (autoregressive) enabled
graph_reserve: reserving a graph for ubatch with n_tokens =   16, n_seqs =  1, n_outputs =   16
sched_reserve: fused Gated Delta Net (chunked) enabled
graph_reserve: reserving a graph for ubatch with n_tokens =  512, n_seqs =  1, n_outputs =  512
graph_reserve: reserving a graph for ubatch with n_tokens =    1, n_seqs =  1, n_outputs =    1
graph_reserve: reserving a graph for ubatch with n_tokens =  512, n_seqs =  1, n_outputs =  512
sched_reserve:      CUDA0 compute buffer size =   304.00 MiB
sched_reserve:  CUDA_Host compute buffer size =    14.76 MiB
sched_reserve: graph nodes  = 958
sched_reserve: graph splits = 44 (with bs=512), 2 (with bs=1)
sched_reserve: reserve took 21.26 ms, sched copies = 1
CUDA Graph id 17061 reused
ggml_backend_cuda_graph_compute: CUDA graph warmup complete
CUDA Graph id 17061 reused
CUDA Graph id 17061 reused
CUDA Graph id 17061 reused
CUDA Graph id 17061 reused
CUDA Graph id 17061 reused
CUDA Graph id 17061 reused
CUDA Graph id 17061 reused
CUDA Graph id 17061 reused
~llama_context:      CUDA0 compute buffer size is 304.0000 MiB, matches expectation of 304.0000 MiB
~llama_context:  CUDA_Host compute buffer size is  14.7637 MiB, matches expectation of  14.7637 MiB
llama_context: constructing llama_context
llama_context: n_seq_max     = 1
llama_context: n_ctx         = 768
llama_context: n_ctx_seq     = 768
llama_context: n_batch       = 630
llama_context: n_ubatch      = 512
llama_context: causal_attn   = 1
llama_context: flash_attn    = auto
llama_context: kv_unified    = false
llama_context: freq_base     = 1000000.0
llama_context: freq_scale    = 1
llama_context: n_rs_seq      = 0
llama_context: n_outputs_max = 630
llama_context: n_ctx_seq (768) < n_ctx_train (32768) -- the full capacity of the model will not be utilized
set_abort_callback: call
llama_context:  CUDA_Host  output buffer size =     0.58 MiB
llama_kv_cache: layer   0: dev = CPU
llama_kv_cache: layer   1: dev = CPU
llama_kv_cache: layer   2: dev = CPU
llama_kv_cache: layer   3: dev = CUDA0
llama_kv_cache: layer   4: dev = CUDA0
llama_kv_cache: layer   5: dev = CUDA0
llama_kv_cache: layer   6: dev = CUDA0
llama_kv_cache: layer   7: dev = CUDA0
llama_kv_cache: layer   8: dev = CUDA0
llama_kv_cache: layer   9: dev = CUDA0
llama_kv_cache: layer  10: dev = CUDA0
llama_kv_cache: layer  11: dev = CUDA0
llama_kv_cache: layer  12: dev = CUDA0
llama_kv_cache: layer  13: dev = CUDA0
llama_kv_cache: layer  14: dev = CUDA0
llama_kv_cache: layer  15: dev = CUDA0
llama_kv_cache: layer  16: dev = CUDA0
llama_kv_cache: layer  17: dev = CUDA0
llama_kv_cache: layer  18: dev = CUDA0
llama_kv_cache: layer  19: dev = CUDA0
llama_kv_cache: layer  20: dev = CUDA0
llama_kv_cache: layer  21: dev = CUDA0
llama_kv_cache: layer  22: dev = CUDA0
llama_kv_cache: layer  23: dev = CUDA0
llama_kv_cache: layer  24: dev = CUDA0
llama_kv_cache: layer  25: dev = CUDA0
llama_kv_cache: layer  26: dev = CUDA0
llama_kv_cache: layer  27: dev = CUDA0
llama_kv_cache:        CPU KV buffer size =     4.50 MiB
llama_kv_cache:      CUDA0 KV buffer size =    37.50 MiB
llama_kv_cache: size =   42.00 MiB (   768 cells,  28 layers,  1/1 seqs), K (f16):   21.00 MiB, V (f16):   21.00 MiB
llama_kv_cache: attn_rot_k = 0, n_embd_head_k_all = 128
llama_kv_cache: attn_rot_v = 0, n_embd_head_k_all = 128
llama_context: enumerating backends
llama_context: backend_ptrs.size() = 2
sched_reserve: reserving ...
sched_reserve: max_nodes = 2712
sched_reserve: reserving full memory module
sched_reserve: worst-case: n_tokens = 512, n_seqs = 1, n_outputs = 1
graph_reserve: reserving a graph for ubatch with n_tokens =    1, n_seqs =  1, n_outputs =    1
sched_reserve: Flash Attention was auto, set to enabled
sched_reserve: resolving fused Gated Delta Net support:
graph_reserve: reserving a graph for ubatch with n_tokens =    1, n_seqs =  1, n_outputs =    1
sched_reserve: fused Gated Delta Net (autoregressive) enabled
graph_reserve: reserving a graph for ubatch with n_tokens =   16, n_seqs =  1, n_outputs =   16
sched_reserve: fused Gated Delta Net (chunked) enabled
graph_reserve: reserving a graph for ubatch with n_tokens =  512, n_seqs =  1, n_outputs =  512
graph_reserve: reserving a graph for ubatch with n_tokens =    1, n_seqs =  1, n_outputs =    1
graph_reserve: reserving a graph for ubatch with n_tokens =  512, n_seqs =  1, n_outputs =  512
sched_reserve:      CUDA0 compute buffer size =   304.00 MiB
sched_reserve:  CUDA_Host compute buffer size =    14.76 MiB
sched_reserve: graph nodes  = 958
sched_reserve: graph splits = 44 (with bs=512), 2 (with bs=1)
sched_reserve: reserve took 16.62 ms, sched copies = 1
CUDA Graph id 17211 reused
ggml_backend_cuda_graph_compute: CUDA graph warmup complete
CUDA Graph id 17211 reused
CUDA Graph id 17211 reused
CUDA Graph id 17211 reused
CUDA Graph id 17211 reused
CUDA Graph id 17211 reused
CUDA Graph id 17211 reused
CUDA Graph id 17211 reused
CUDA Graph id 17211 reused
CUDA Graph id 17211 reused
CUDA Graph id 17211 reused
CUDA Graph id 17211 reused
~llama_context:      CUDA0 compute buffer size is 304.0000 MiB, matches expectation of 304.0000 MiB
~llama_context:  CUDA_Host compute buffer size is  14.7637 MiB, matches expectation of  14.7637 MiB
schema 19/25 done
llama_context: constructing llama_context
llama_context: n_seq_max     = 1
llama_context: n_ctx         = 768
llama_context: n_ctx_seq     = 768
llama_context: n_batch       = 751
llama_context: n_ubatch      = 512
llama_context: causal_attn   = 1
llama_context: flash_attn    = auto
llama_context: kv_unified    = false
llama_context: freq_base     = 1000000.0
llama_context: freq_scale    = 1
llama_context: n_rs_seq      = 0
llama_context: n_outputs_max = 751
llama_context: n_ctx_seq (768) < n_ctx_train (32768) -- the full capacity of the model will not be utilized
set_abort_callback: call
llama_context:  CUDA_Host  output buffer size =     0.58 MiB
llama_kv_cache: layer   0: dev = CPU
llama_kv_cache: layer   1: dev = CPU
llama_kv_cache: layer   2: dev = CPU
llama_kv_cache: layer   3: dev = CUDA0
llama_kv_cache: layer   4: dev = CUDA0
llama_kv_cache: layer   5: dev = CUDA0
llama_kv_cache: layer   6: dev = CUDA0
llama_kv_cache: layer   7: dev = CUDA0
llama_kv_cache: layer   8: dev = CUDA0
llama_kv_cache: layer   9: dev = CUDA0
llama_kv_cache: layer  10: dev = CUDA0
llama_kv_cache: layer  11: dev = CUDA0
llama_kv_cache: layer  12: dev = CUDA0
llama_kv_cache: layer  13: dev = CUDA0
llama_kv_cache: layer  14: dev = CUDA0
llama_kv_cache: layer  15: dev = CUDA0
llama_kv_cache: layer  16: dev = CUDA0
llama_kv_cache: layer  17: dev = CUDA0
llama_kv_cache: layer  18: dev = CUDA0
llama_kv_cache: layer  19: dev = CUDA0
llama_kv_cache: layer  20: dev = CUDA0
llama_kv_cache: layer  21: dev = CUDA0
llama_kv_cache: layer  22: dev = CUDA0
llama_kv_cache: layer  23: dev = CUDA0
llama_kv_cache: layer  24: dev = CUDA0
llama_kv_cache: layer  25: dev = CUDA0
llama_kv_cache: layer  26: dev = CUDA0
llama_kv_cache: layer  27: dev = CUDA0
llama_kv_cache:        CPU KV buffer size =     4.50 MiB
llama_kv_cache:      CUDA0 KV buffer size =    37.50 MiB
llama_kv_cache: size =   42.00 MiB (   768 cells,  28 layers,  1/1 seqs), K (f16):   21.00 MiB, V (f16):   21.00 MiB
llama_kv_cache: attn_rot_k = 0, n_embd_head_k_all = 128
llama_kv_cache: attn_rot_v = 0, n_embd_head_k_all = 128
llama_context: enumerating backends
llama_context: backend_ptrs.size() = 2
sched_reserve: reserving ...
sched_reserve: max_nodes = 2712
sched_reserve: reserving full memory module
sched_reserve: worst-case: n_tokens = 512, n_seqs = 1, n_outputs = 1
graph_reserve: reserving a graph for ubatch with n_tokens =    1, n_seqs =  1, n_outputs =    1
sched_reserve: Flash Attention was auto, set to enabled
sched_reserve: resolving fused Gated Delta Net support:
graph_reserve: reserving a graph for ubatch with n_tokens =    1, n_seqs =  1, n_outputs =    1
sched_reserve: fused Gated Delta Net (autoregressive) enabled
graph_reserve: reserving a graph for ubatch with n_tokens =   16, n_seqs =  1, n_outputs =   16
sched_reserve: fused Gated Delta Net (chunked) enabled
graph_reserve: reserving a graph for ubatch with n_tokens =  512, n_seqs =  1, n_outputs =  512
graph_reserve: reserving a graph for ubatch with n_tokens =    1, n_seqs =  1, n_outputs =    1
graph_reserve: reserving a graph for ubatch with n_tokens =  512, n_seqs =  1, n_outputs =  512
sched_reserve:      CUDA0 compute buffer size =   304.00 MiB
sched_reserve:  CUDA_Host compute buffer size =    14.76 MiB
sched_reserve: graph nodes  = 958
sched_reserve: graph splits = 44 (with bs=512), 2 (with bs=1)
sched_reserve: reserve took 21.11 ms, sched copies = 1
CUDA Graph id 17361 reused
ggml_backend_cuda_graph_compute: CUDA graph warmup complete
CUDA Graph id 17361 reused
CUDA Graph id 17361 reused
CUDA Graph id 17361 reused
CUDA Graph id 17361 reused
CUDA Graph id 17361 reused
CUDA Graph id 17361 reused
CUDA Graph id 17361 reused
CUDA Graph id 17361 reused
CUDA Graph id 17361 reused
CUDA Graph id 17361 reused
CUDA Graph id 17361 reused
CUDA Graph id 17361 reused
CUDA Graph id 17361 reused
CUDA Graph id 17361 reused
CUDA Graph id 17361 reused
CUDA Graph id 17361 reused
CUDA Graph id 17361 reused
CUDA Graph id 17361 reused
CUDA Graph id 17361 reused
CUDA Graph id 17361 reused
CUDA Graph id 17361 reused
CUDA Graph id 17361 reused
CUDA Graph id 17361 reused
ggml_backend_cuda_graph_compute: CUDA graph warmup reset
CUDA Graph id 17364 reused
ggml_backend_cuda_graph_compute: CUDA graph warmup complete
CUDA Graph id 17364 reused
CUDA Graph id 17364 reused
CUDA Graph id 17364 reused
CUDA Graph id 17364 reused
CUDA Graph id 17364 reused
CUDA Graph id 17364 reused
CUDA Graph id 17364 reused
CUDA Graph id 17364 reused
CUDA Graph id 17364 reused
CUDA Graph id 17364 reused
~llama_context:      CUDA0 compute buffer size is 304.0000 MiB, matches expectation of 304.0000 MiB
~llama_context:  CUDA_Host compute buffer size is  14.7637 MiB, matches expectation of  14.7637 MiB
llama_context: constructing llama_context
llama_context: n_seq_max     = 1
llama_context: n_ctx         = 768
llama_context: n_ctx_seq     = 768
llama_context: n_batch       = 751
llama_context: n_ubatch      = 512
llama_context: causal_attn   = 1
llama_context: flash_attn    = auto
llama_context: kv_unified    = false
llama_context: freq_base     = 1000000.0
llama_context: freq_scale    = 1
llama_context: n_rs_seq      = 0
llama_context: n_outputs_max = 751
llama_context: n_ctx_seq (768) < n_ctx_train (32768) -- the full capacity of the model will not be utilized
set_abort_callback: call
llama_context:  CUDA_Host  output buffer size =     0.58 MiB
llama_kv_cache: layer   0: dev = CPU
llama_kv_cache: layer   1: dev = CPU
llama_kv_cache: layer   2: dev = CPU
llama_kv_cache: layer   3: dev = CUDA0
llama_kv_cache: layer   4: dev = CUDA0
llama_kv_cache: layer   5: dev = CUDA0
llama_kv_cache: layer   6: dev = CUDA0
llama_kv_cache: layer   7: dev = CUDA0
llama_kv_cache: layer   8: dev = CUDA0
llama_kv_cache: layer   9: dev = CUDA0
llama_kv_cache: layer  10: dev = CUDA0
llama_kv_cache: layer  11: dev = CUDA0
llama_kv_cache: layer  12: dev = CUDA0
llama_kv_cache: layer  13: dev = CUDA0
llama_kv_cache: layer  14: dev = CUDA0
llama_kv_cache: layer  15: dev = CUDA0
llama_kv_cache: layer  16: dev = CUDA0
llama_kv_cache: layer  17: dev = CUDA0
llama_kv_cache: layer  18: dev = CUDA0
llama_kv_cache: layer  19: dev = CUDA0
llama_kv_cache: layer  20: dev = CUDA0
llama_kv_cache: layer  21: dev = CUDA0
llama_kv_cache: layer  22: dev = CUDA0
llama_kv_cache: layer  23: dev = CUDA0
llama_kv_cache: layer  24: dev = CUDA0
llama_kv_cache: layer  25: dev = CUDA0
llama_kv_cache: layer  26: dev = CUDA0
llama_kv_cache: layer  27: dev = CUDA0
llama_kv_cache:        CPU KV buffer size =     4.50 MiB
llama_kv_cache:      CUDA0 KV buffer size =    37.50 MiB
llama_kv_cache: size =   42.00 MiB (   768 cells,  28 layers,  1/1 seqs), K (f16):   21.00 MiB, V (f16):   21.00 MiB
llama_kv_cache: attn_rot_k = 0, n_embd_head_k_all = 128
llama_kv_cache: attn_rot_v = 0, n_embd_head_k_all = 128
llama_context: enumerating backends
llama_context: backend_ptrs.size() = 2
sched_reserve: reserving ...
sched_reserve: max_nodes = 2712
sched_reserve: reserving full memory module
sched_reserve: worst-case: n_tokens = 512, n_seqs = 1, n_outputs = 1
graph_reserve: reserving a graph for ubatch with n_tokens =    1, n_seqs =  1, n_outputs =    1
sched_reserve: Flash Attention was auto, set to enabled
sched_reserve: resolving fused Gated Delta Net support:
graph_reserve: reserving a graph for ubatch with n_tokens =    1, n_seqs =  1, n_outputs =    1
sched_reserve: fused Gated Delta Net (autoregressive) enabled
graph_reserve: reserving a graph for ubatch with n_tokens =   16, n_seqs =  1, n_outputs =   16
sched_reserve: fused Gated Delta Net (chunked) enabled
graph_reserve: reserving a graph for ubatch with n_tokens =  512, n_seqs =  1, n_outputs =  512
graph_reserve: reserving a graph for ubatch with n_tokens =    1, n_seqs =  1, n_outputs =    1
graph_reserve: reserving a graph for ubatch with n_tokens =  512, n_seqs =  1, n_outputs =  512
sched_reserve:      CUDA0 compute buffer size =   304.00 MiB
sched_reserve:  CUDA_Host compute buffer size =    14.76 MiB
sched_reserve: graph nodes  = 958
sched_reserve: graph splits = 44 (with bs=512), 2 (with bs=1)
sched_reserve: reserve took 21.53 ms, sched copies = 1
CUDA Graph id 17514 reused
ggml_backend_cuda_graph_compute: CUDA graph warmup complete
CUDA Graph id 17514 reused
CUDA Graph id 17514 reused
CUDA Graph id 17514 reused
CUDA Graph id 17514 reused
CUDA Graph id 17514 reused
CUDA Graph id 17514 reused
CUDA Graph id 17514 reused
CUDA Graph id 17514 reused
CUDA Graph id 17514 reused
CUDA Graph id 17514 reused
CUDA Graph id 17514 reused
CUDA Graph id 17514 reused
CUDA Graph id 17514 reused
CUDA Graph id 17514 reused
CUDA Graph id 17514 reused
CUDA Graph id 17514 reused
CUDA Graph id 17514 reused
CUDA Graph id 17514 reused
CUDA Graph id 17514 reused
CUDA Graph id 17514 reused
CUDA Graph id 17514 reused
CUDA Graph id 17514 reused
CUDA Graph id 17514 reused
ggml_backend_cuda_graph_compute: CUDA graph warmup reset
CUDA Graph id 17517 reused
ggml_backend_cuda_graph_compute: CUDA graph warmup complete
CUDA Graph id 17517 reused
CUDA Graph id 17517 reused
CUDA Graph id 17517 reused
CUDA Graph id 17517 reused
CUDA Graph id 17517 reused
CUDA Graph id 17517 reused
CUDA Graph id 17517 reused
CUDA Graph id 17517 reused
CUDA Graph id 17517 reused
CUDA Graph id 17517 reused
~llama_context:      CUDA0 compute buffer size is 304.0000 MiB, matches expectation of 304.0000 MiB
~llama_context:  CUDA_Host compute buffer size is  14.7637 MiB, matches expectation of  14.7637 MiB
llama_context: constructing llama_context
llama_context: n_seq_max     = 1
llama_context: n_ctx         = 768
llama_context: n_ctx_seq     = 768
llama_context: n_batch       = 751
llama_context: n_ubatch      = 512
llama_context: causal_attn   = 1
llama_context: flash_attn    = auto
llama_context: kv_unified    = false
llama_context: freq_base     = 1000000.0
llama_context: freq_scale    = 1
llama_context: n_rs_seq      = 0
llama_context: n_outputs_max = 751
llama_context: n_ctx_seq (768) < n_ctx_train (32768) -- the full capacity of the model will not be utilized
set_abort_callback: call
llama_context:  CUDA_Host  output buffer size =     0.58 MiB
llama_kv_cache: layer   0: dev = CPU
llama_kv_cache: layer   1: dev = CPU
llama_kv_cache: layer   2: dev = CPU
llama_kv_cache: layer   3: dev = CUDA0
llama_kv_cache: layer   4: dev = CUDA0
llama_kv_cache: layer   5: dev = CUDA0
llama_kv_cache: layer   6: dev = CUDA0
llama_kv_cache: layer   7: dev = CUDA0
llama_kv_cache: layer   8: dev = CUDA0
llama_kv_cache: layer   9: dev = CUDA0
llama_kv_cache: layer  10: dev = CUDA0
llama_kv_cache: layer  11: dev = CUDA0
llama_kv_cache: layer  12: dev = CUDA0
llama_kv_cache: layer  13: dev = CUDA0
llama_kv_cache: layer  14: dev = CUDA0
llama_kv_cache: layer  15: dev = CUDA0
llama_kv_cache: layer  16: dev = CUDA0
llama_kv_cache: layer  17: dev = CUDA0
llama_kv_cache: layer  18: dev = CUDA0
llama_kv_cache: layer  19: dev = CUDA0
llama_kv_cache: layer  20: dev = CUDA0
llama_kv_cache: layer  21: dev = CUDA0
llama_kv_cache: layer  22: dev = CUDA0
llama_kv_cache: layer  23: dev = CUDA0
llama_kv_cache: layer  24: dev = CUDA0
llama_kv_cache: layer  25: dev = CUDA0
llama_kv_cache: layer  26: dev = CUDA0
llama_kv_cache: layer  27: dev = CUDA0
llama_kv_cache:        CPU KV buffer size =     4.50 MiB
llama_kv_cache:      CUDA0 KV buffer size =    37.50 MiB
llama_kv_cache: size =   42.00 MiB (   768 cells,  28 layers,  1/1 seqs), K (f16):   21.00 MiB, V (f16):   21.00 MiB
llama_kv_cache: attn_rot_k = 0, n_embd_head_k_all = 128
llama_kv_cache: attn_rot_v = 0, n_embd_head_k_all = 128
llama_context: enumerating backends
llama_context: backend_ptrs.size() = 2
sched_reserve: reserving ...
sched_reserve: max_nodes = 2712
sched_reserve: reserving full memory module
sched_reserve: worst-case: n_tokens = 512, n_seqs = 1, n_outputs = 1
graph_reserve: reserving a graph for ubatch with n_tokens =    1, n_seqs =  1, n_outputs =    1
sched_reserve: Flash Attention was auto, set to enabled
sched_reserve: resolving fused Gated Delta Net support:
graph_reserve: reserving a graph for ubatch with n_tokens =    1, n_seqs =  1, n_outputs =    1
sched_reserve: fused Gated Delta Net (autoregressive) enabled
graph_reserve: reserving a graph for ubatch with n_tokens =   16, n_seqs =  1, n_outputs =   16
sched_reserve: fused Gated Delta Net (chunked) enabled
graph_reserve: reserving a graph for ubatch with n_tokens =  512, n_seqs =  1, n_outputs =  512
graph_reserve: reserving a graph for ubatch with n_tokens =    1, n_seqs =  1, n_outputs =    1
graph_reserve: reserving a graph for ubatch with n_tokens =  512, n_seqs =  1, n_outputs =  512
sched_reserve:      CUDA0 compute buffer size =   304.00 MiB
sched_reserve:  CUDA_Host compute buffer size =    14.76 MiB
sched_reserve: graph nodes  = 958
sched_reserve: graph splits = 44 (with bs=512), 2 (with bs=1)
sched_reserve: reserve took 16.92 ms, sched copies = 1
CUDA Graph id 17667 reused
ggml_backend_cuda_graph_compute: CUDA graph warmup complete
CUDA Graph id 17667 reused
CUDA Graph id 17667 reused
CUDA Graph id 17667 reused
CUDA Graph id 17667 reused
CUDA Graph id 17667 reused
CUDA Graph id 17667 reused
CUDA Graph id 17667 reused
CUDA Graph id 17667 reused
CUDA Graph id 17667 reused
CUDA Graph id 17667 reused
CUDA Graph id 17667 reused
CUDA Graph id 17667 reused
CUDA Graph id 17667 reused
CUDA Graph id 17667 reused
CUDA Graph id 17667 reused
CUDA Graph id 17667 reused
CUDA Graph id 17667 reused
CUDA Graph id 17667 reused
CUDA Graph id 17667 reused
CUDA Graph id 17667 reused
CUDA Graph id 17667 reused
CUDA Graph id 17667 reused
CUDA Graph id 17667 reused
ggml_backend_cuda_graph_compute: CUDA graph warmup reset
~llama_context:      CUDA0 compute buffer size is 304.0000 MiB, matches expectation of 304.0000 MiB
~llama_context:  CUDA_Host compute buffer size is  14.7637 MiB, matches expectation of  14.7637 MiB
llama_context: constructing llama_context
llama_context: n_seq_max     = 1
llama_context: n_ctx         = 768
llama_context: n_ctx_seq     = 768
llama_context: n_batch       = 751
llama_context: n_ubatch      = 512
llama_context: causal_attn   = 1
llama_context: flash_attn    = auto
llama_context: kv_unified    = false
llama_context: freq_base     = 1000000.0
llama_context: freq_scale    = 1
llama_context: n_rs_seq      = 0
llama_context: n_outputs_max = 751
llama_context: n_ctx_seq (768) < n_ctx_train (32768) -- the full capacity of the model will not be utilized
set_abort_callback: call
llama_context:  CUDA_Host  output buffer size =     0.58 MiB
llama_kv_cache: layer   0: dev = CPU
llama_kv_cache: layer   1: dev = CPU
llama_kv_cache: layer   2: dev = CPU
llama_kv_cache: layer   3: dev = CUDA0
llama_kv_cache: layer   4: dev = CUDA0
llama_kv_cache: layer   5: dev = CUDA0
llama_kv_cache: layer   6: dev = CUDA0
llama_kv_cache: layer   7: dev = CUDA0
llama_kv_cache: layer   8: dev = CUDA0
llama_kv_cache: layer   9: dev = CUDA0
llama_kv_cache: layer  10: dev = CUDA0
llama_kv_cache: layer  11: dev = CUDA0
llama_kv_cache: layer  12: dev = CUDA0
llama_kv_cache: layer  13: dev = CUDA0
llama_kv_cache: layer  14: dev = CUDA0
llama_kv_cache: layer  15: dev = CUDA0
llama_kv_cache: layer  16: dev = CUDA0
llama_kv_cache: layer  17: dev = CUDA0
llama_kv_cache: layer  18: dev = CUDA0
llama_kv_cache: layer  19: dev = CUDA0
llama_kv_cache: layer  20: dev = CUDA0
llama_kv_cache: layer  21: dev = CUDA0
llama_kv_cache: layer  22: dev = CUDA0
llama_kv_cache: layer  23: dev = CUDA0
llama_kv_cache: layer  24: dev = CUDA0
llama_kv_cache: layer  25: dev = CUDA0
llama_kv_cache: layer  26: dev = CUDA0
llama_kv_cache: layer  27: dev = CUDA0
llama_kv_cache:        CPU KV buffer size =     4.50 MiB
llama_kv_cache:      CUDA0 KV buffer size =    37.50 MiB
llama_kv_cache: size =   42.00 MiB (   768 cells,  28 layers,  1/1 seqs), K (f16):   21.00 MiB, V (f16):   21.00 MiB
llama_kv_cache: attn_rot_k = 0, n_embd_head_k_all = 128
llama_kv_cache: attn_rot_v = 0, n_embd_head_k_all = 128
llama_context: enumerating backends
llama_context: backend_ptrs.size() = 2
sched_reserve: reserving ...
sched_reserve: max_nodes = 2712
sched_reserve: reserving full memory module
sched_reserve: worst-case: n_tokens = 512, n_seqs = 1, n_outputs = 1
graph_reserve: reserving a graph for ubatch with n_tokens =    1, n_seqs =  1, n_outputs =    1
sched_reserve: Flash Attention was auto, set to enabled
sched_reserve: resolving fused Gated Delta Net support:
graph_reserve: reserving a graph for ubatch with n_tokens =    1, n_seqs =  1, n_outputs =    1
sched_reserve: fused Gated Delta Net (autoregressive) enabled
graph_reserve: reserving a graph for ubatch with n_tokens =   16, n_seqs =  1, n_outputs =   16
sched_reserve: fused Gated Delta Net (chunked) enabled
graph_reserve: reserving a graph for ubatch with n_tokens =  512, n_seqs =  1, n_outputs =  512
graph_reserve: reserving a graph for ubatch with n_tokens =    1, n_seqs =  1, n_outputs =    1
graph_reserve: reserving a graph for ubatch with n_tokens =  512, n_seqs =  1, n_outputs =  512
sched_reserve:      CUDA0 compute buffer size =   304.00 MiB
sched_reserve:  CUDA_Host compute buffer size =    14.76 MiB
sched_reserve: graph nodes  = 958
sched_reserve: graph splits = 44 (with bs=512), 2 (with bs=1)
sched_reserve: reserve took 27.40 ms, sched copies = 1
CUDA Graph id 17820 reused
ggml_backend_cuda_graph_compute: CUDA graph warmup complete
CUDA Graph id 17820 reused
CUDA Graph id 17820 reused
CUDA Graph id 17820 reused
CUDA Graph id 17820 reused
CUDA Graph id 17820 reused
CUDA Graph id 17820 reused
CUDA Graph id 17820 reused
CUDA Graph id 17820 reused
CUDA Graph id 17820 reused
CUDA Graph id 17820 reused
CUDA Graph id 17820 reused
CUDA Graph id 17820 reused
CUDA Graph id 17820 reused
CUDA Graph id 17820 reused
CUDA Graph id 17820 reused
CUDA Graph id 17820 reused
CUDA Graph id 17820 reused
CUDA Graph id 17820 reused
CUDA Graph id 17820 reused
CUDA Graph id 17820 reused
CUDA Graph id 17820 reused
CUDA Graph id 17820 reused
CUDA Graph id 17820 reused
ggml_backend_cuda_graph_compute: CUDA graph warmup reset
~llama_context:      CUDA0 compute buffer size is 304.0000 MiB, matches expectation of 304.0000 MiB
~llama_context:  CUDA_Host compute buffer size is  14.7637 MiB, matches expectation of  14.7637 MiB
llama_context: constructing llama_context
llama_context: n_seq_max     = 1
llama_context: n_ctx         = 768
llama_context: n_ctx_seq     = 768
llama_context: n_batch       = 751
llama_context: n_ubatch      = 512
llama_context: causal_attn   = 1
llama_context: flash_attn    = auto
llama_context: kv_unified    = false
llama_context: freq_base     = 1000000.0
llama_context: freq_scale    = 1
llama_context: n_rs_seq      = 0
llama_context: n_outputs_max = 751
llama_context: n_ctx_seq (768) < n_ctx_train (32768) -- the full capacity of the model will not be utilized
set_abort_callback: call
llama_context:  CUDA_Host  output buffer size =     0.58 MiB
llama_kv_cache: layer   0: dev = CPU
llama_kv_cache: layer   1: dev = CPU
llama_kv_cache: layer   2: dev = CPU
llama_kv_cache: layer   3: dev = CUDA0
llama_kv_cache: layer   4: dev = CUDA0
llama_kv_cache: layer   5: dev = CUDA0
llama_kv_cache: layer   6: dev = CUDA0
llama_kv_cache: layer   7: dev = CUDA0
llama_kv_cache: layer   8: dev = CUDA0
llama_kv_cache: layer   9: dev = CUDA0
llama_kv_cache: layer  10: dev = CUDA0
llama_kv_cache: layer  11: dev = CUDA0
llama_kv_cache: layer  12: dev = CUDA0
llama_kv_cache: layer  13: dev = CUDA0
llama_kv_cache: layer  14: dev = CUDA0
llama_kv_cache: layer  15: dev = CUDA0
llama_kv_cache: layer  16: dev = CUDA0
llama_kv_cache: layer  17: dev = CUDA0
llama_kv_cache: layer  18: dev = CUDA0
llama_kv_cache: layer  19: dev = CUDA0
llama_kv_cache: layer  20: dev = CUDA0
llama_kv_cache: layer  21: dev = CUDA0
llama_kv_cache: layer  22: dev = CUDA0
llama_kv_cache: layer  23: dev = CUDA0
llama_kv_cache: layer  24: dev = CUDA0
llama_kv_cache: layer  25: dev = CUDA0
llama_kv_cache: layer  26: dev = CUDA0
llama_kv_cache: layer  27: dev = CUDA0
llama_kv_cache:        CPU KV buffer size =     4.50 MiB
llama_kv_cache:      CUDA0 KV buffer size =    37.50 MiB
llama_kv_cache: size =   42.00 MiB (   768 cells,  28 layers,  1/1 seqs), K (f16):   21.00 MiB, V (f16):   21.00 MiB
llama_kv_cache: attn_rot_k = 0, n_embd_head_k_all = 128
llama_kv_cache: attn_rot_v = 0, n_embd_head_k_all = 128
llama_context: enumerating backends
llama_context: backend_ptrs.size() = 2
sched_reserve: reserving ...
sched_reserve: max_nodes = 2712
sched_reserve: reserving full memory module
sched_reserve: worst-case: n_tokens = 512, n_seqs = 1, n_outputs = 1
graph_reserve: reserving a graph for ubatch with n_tokens =    1, n_seqs =  1, n_outputs =    1
sched_reserve: Flash Attention was auto, set to enabled
sched_reserve: resolving fused Gated Delta Net support:
graph_reserve: reserving a graph for ubatch with n_tokens =    1, n_seqs =  1, n_outputs =    1
sched_reserve: fused Gated Delta Net (autoregressive) enabled
graph_reserve: reserving a graph for ubatch with n_tokens =   16, n_seqs =  1, n_outputs =   16
sched_reserve: fused Gated Delta Net (chunked) enabled
graph_reserve: reserving a graph for ubatch with n_tokens =  512, n_seqs =  1, n_outputs =  512
graph_reserve: reserving a graph for ubatch with n_tokens =    1, n_seqs =  1, n_outputs =    1
graph_reserve: reserving a graph for ubatch with n_tokens =  512, n_seqs =  1, n_outputs =  512
sched_reserve:      CUDA0 compute buffer size =   304.00 MiB
sched_reserve:  CUDA_Host compute buffer size =    14.76 MiB
sched_reserve: graph nodes  = 958
sched_reserve: graph splits = 44 (with bs=512), 2 (with bs=1)
sched_reserve: reserve took 14.86 ms, sched copies = 1
CUDA Graph id 17973 reused
ggml_backend_cuda_graph_compute: CUDA graph warmup complete
CUDA Graph id 17973 reused
CUDA Graph id 17973 reused
CUDA Graph id 17973 reused
CUDA Graph id 17973 reused
CUDA Graph id 17973 reused
CUDA Graph id 17973 reused
CUDA Graph id 17973 reused
CUDA Graph id 17973 reused
CUDA Graph id 17973 reused
CUDA Graph id 17973 reused
CUDA Graph id 17973 reused
CUDA Graph id 17973 reused
CUDA Graph id 17973 reused
CUDA Graph id 17973 reused
CUDA Graph id 17973 reused
CUDA Graph id 17973 reused
CUDA Graph id 17973 reused
CUDA Graph id 17973 reused
CUDA Graph id 17973 reused
CUDA Graph id 17973 reused
CUDA Graph id 17973 reused
CUDA Graph id 17973 reused
CUDA Graph id 17973 reused
ggml_backend_cuda_graph_compute: CUDA graph warmup reset
CUDA Graph id 17976 reused
ggml_backend_cuda_graph_compute: CUDA graph warmup complete
CUDA Graph id 17976 reused
~llama_context:      CUDA0 compute buffer size is 304.0000 MiB, matches expectation of 304.0000 MiB
~llama_context:  CUDA_Host compute buffer size is  14.7637 MiB, matches expectation of  14.7637 MiB
llama_context: constructing llama_context
llama_context: n_seq_max     = 1
llama_context: n_ctx         = 768
llama_context: n_ctx_seq     = 768
llama_context: n_batch       = 751
llama_context: n_ubatch      = 512
llama_context: causal_attn   = 1
llama_context: flash_attn    = auto
llama_context: kv_unified    = false
llama_context: freq_base     = 1000000.0
llama_context: freq_scale    = 1
llama_context: n_rs_seq      = 0
llama_context: n_outputs_max = 751
llama_context: n_ctx_seq (768) < n_ctx_train (32768) -- the full capacity of the model will not be utilized
set_abort_callback: call
llama_context:  CUDA_Host  output buffer size =     0.58 MiB
llama_kv_cache: layer   0: dev = CPU
llama_kv_cache: layer   1: dev = CPU
llama_kv_cache: layer   2: dev = CPU
llama_kv_cache: layer   3: dev = CUDA0
llama_kv_cache: layer   4: dev = CUDA0
llama_kv_cache: layer   5: dev = CUDA0
llama_kv_cache: layer   6: dev = CUDA0
llama_kv_cache: layer   7: dev = CUDA0
llama_kv_cache: layer   8: dev = CUDA0
llama_kv_cache: layer   9: dev = CUDA0
llama_kv_cache: layer  10: dev = CUDA0
llama_kv_cache: layer  11: dev = CUDA0
llama_kv_cache: layer  12: dev = CUDA0
llama_kv_cache: layer  13: dev = CUDA0
llama_kv_cache: layer  14: dev = CUDA0
llama_kv_cache: layer  15: dev = CUDA0
llama_kv_cache: layer  16: dev = CUDA0
llama_kv_cache: layer  17: dev = CUDA0
llama_kv_cache: layer  18: dev = CUDA0
llama_kv_cache: layer  19: dev = CUDA0
llama_kv_cache: layer  20: dev = CUDA0
llama_kv_cache: layer  21: dev = CUDA0
llama_kv_cache: layer  22: dev = CUDA0
llama_kv_cache: layer  23: dev = CUDA0
llama_kv_cache: layer  24: dev = CUDA0
llama_kv_cache: layer  25: dev = CUDA0
llama_kv_cache: layer  26: dev = CUDA0
llama_kv_cache: layer  27: dev = CUDA0
llama_kv_cache:        CPU KV buffer size =     4.50 MiB
llama_kv_cache:      CUDA0 KV buffer size =    37.50 MiB
llama_kv_cache: size =   42.00 MiB (   768 cells,  28 layers,  1/1 seqs), K (f16):   21.00 MiB, V (f16):   21.00 MiB
llama_kv_cache: attn_rot_k = 0, n_embd_head_k_all = 128
llama_kv_cache: attn_rot_v = 0, n_embd_head_k_all = 128
llama_context: enumerating backends
llama_context: backend_ptrs.size() = 2
sched_reserve: reserving ...
sched_reserve: max_nodes = 2712
sched_reserve: reserving full memory module
sched_reserve: worst-case: n_tokens = 512, n_seqs = 1, n_outputs = 1
graph_reserve: reserving a graph for ubatch with n_tokens =    1, n_seqs =  1, n_outputs =    1
sched_reserve: Flash Attention was auto, set to enabled
sched_reserve: resolving fused Gated Delta Net support:
graph_reserve: reserving a graph for ubatch with n_tokens =    1, n_seqs =  1, n_outputs =    1
sched_reserve: fused Gated Delta Net (autoregressive) enabled
graph_reserve: reserving a graph for ubatch with n_tokens =   16, n_seqs =  1, n_outputs =   16
sched_reserve: fused Gated Delta Net (chunked) enabled
graph_reserve: reserving a graph for ubatch with n_tokens =  512, n_seqs =  1, n_outputs =  512
graph_reserve: reserving a graph for ubatch with n_tokens =    1, n_seqs =  1, n_outputs =    1
graph_reserve: reserving a graph for ubatch with n_tokens =  512, n_seqs =  1, n_outputs =  512
sched_reserve:      CUDA0 compute buffer size =   304.00 MiB
sched_reserve:  CUDA_Host compute buffer size =    14.76 MiB
sched_reserve: graph nodes  = 958
sched_reserve: graph splits = 44 (with bs=512), 2 (with bs=1)
sched_reserve: reserve took 18.24 ms, sched copies = 1
CUDA Graph id 18126 reused
ggml_backend_cuda_graph_compute: CUDA graph warmup complete
CUDA Graph id 18126 reused
CUDA Graph id 18126 reused
CUDA Graph id 18126 reused
CUDA Graph id 18126 reused
CUDA Graph id 18126 reused
CUDA Graph id 18126 reused
CUDA Graph id 18126 reused
CUDA Graph id 18126 reused
CUDA Graph id 18126 reused
CUDA Graph id 18126 reused
CUDA Graph id 18126 reused
CUDA Graph id 18126 reused
CUDA Graph id 18126 reused
CUDA Graph id 18126 reused
CUDA Graph id 18126 reused
CUDA Graph id 18126 reused
CUDA Graph id 18126 reused
CUDA Graph id 18126 reused
CUDA Graph id 18126 reused
CUDA Graph id 18126 reused
CUDA Graph id 18126 reused
CUDA Graph id 18126 reused
CUDA Graph id 18126 reused
ggml_backend_cuda_graph_compute: CUDA graph warmup reset
CUDA Graph id 18129 reused
ggml_backend_cuda_graph_compute: CUDA graph warmup complete
CUDA Graph id 18129 reused
CUDA Graph id 18129 reused
CUDA Graph id 18129 reused
CUDA Graph id 18129 reused
CUDA Graph id 18129 reused
CUDA Graph id 18129 reused
CUDA Graph id 18129 reused
CUDA Graph id 18129 reused
CUDA Graph id 18129 reused
CUDA Graph id 18129 reused
CUDA Graph id 18129 reused
CUDA Graph id 18129 reused
CUDA Graph id 18129 reused
CUDA Graph id 18129 reused
CUDA Graph id 18129 reused
CUDA Graph id 18129 reused
CUDA Graph id 18129 reused
CUDA Graph id 18129 reused
CUDA Graph id 18129 reused
CUDA Graph id 18129 reused
CUDA Graph id 18129 reused
~llama_context:      CUDA0 compute buffer size is 304.0000 MiB, matches expectation of 304.0000 MiB
~llama_context:  CUDA_Host compute buffer size is  14.7637 MiB, matches expectation of  14.7637 MiB
schema 20/25 done
llama_context: constructing llama_context
llama_context: n_seq_max     = 1
llama_context: n_ctx         = 1024
llama_context: n_ctx_seq     = 1024
llama_context: n_batch       = 780
llama_context: n_ubatch      = 512
llama_context: causal_attn   = 1
llama_context: flash_attn    = auto
llama_context: kv_unified    = false
llama_context: freq_base     = 1000000.0
llama_context: freq_scale    = 1
llama_context: n_rs_seq      = 0
llama_context: n_outputs_max = 780
llama_context: n_ctx_seq (1024) < n_ctx_train (32768) -- the full capacity of the model will not be utilized
set_abort_callback: call
llama_context:  CUDA_Host  output buffer size =     0.58 MiB
llama_kv_cache: layer   0: dev = CPU
llama_kv_cache: layer   1: dev = CPU
llama_kv_cache: layer   2: dev = CPU
llama_kv_cache: layer   3: dev = CUDA0
llama_kv_cache: layer   4: dev = CUDA0
llama_kv_cache: layer   5: dev = CUDA0
llama_kv_cache: layer   6: dev = CUDA0
llama_kv_cache: layer   7: dev = CUDA0
llama_kv_cache: layer   8: dev = CUDA0
llama_kv_cache: layer   9: dev = CUDA0
llama_kv_cache: layer  10: dev = CUDA0
llama_kv_cache: layer  11: dev = CUDA0
llama_kv_cache: layer  12: dev = CUDA0
llama_kv_cache: layer  13: dev = CUDA0
llama_kv_cache: layer  14: dev = CUDA0
llama_kv_cache: layer  15: dev = CUDA0
llama_kv_cache: layer  16: dev = CUDA0
llama_kv_cache: layer  17: dev = CUDA0
llama_kv_cache: layer  18: dev = CUDA0
llama_kv_cache: layer  19: dev = CUDA0
llama_kv_cache: layer  20: dev = CUDA0
llama_kv_cache: layer  21: dev = CUDA0
llama_kv_cache: layer  22: dev = CUDA0
llama_kv_cache: layer  23: dev = CUDA0
llama_kv_cache: layer  24: dev = CUDA0
llama_kv_cache: layer  25: dev = CUDA0
llama_kv_cache: layer  26: dev = CUDA0
llama_kv_cache: layer  27: dev = CUDA0
llama_kv_cache:        CPU KV buffer size =     6.00 MiB
llama_kv_cache:      CUDA0 KV buffer size =    50.00 MiB
llama_kv_cache: size =   56.00 MiB (  1024 cells,  28 layers,  1/1 seqs), K (f16):   28.00 MiB, V (f16):   28.00 MiB
llama_kv_cache: attn_rot_k = 0, n_embd_head_k_all = 128
llama_kv_cache: attn_rot_v = 0, n_embd_head_k_all = 128
llama_context: enumerating backends
llama_context: backend_ptrs.size() = 2
sched_reserve: reserving ...
sched_reserve: max_nodes = 2712
sched_reserve: reserving full memory module
sched_reserve: worst-case: n_tokens = 512, n_seqs = 1, n_outputs = 1
graph_reserve: reserving a graph for ubatch with n_tokens =    1, n_seqs =  1, n_outputs =    1
sched_reserve: Flash Attention was auto, set to enabled
sched_reserve: resolving fused Gated Delta Net support:
graph_reserve: reserving a graph for ubatch with n_tokens =    1, n_seqs =  1, n_outputs =    1
sched_reserve: fused Gated Delta Net (autoregressive) enabled
graph_reserve: reserving a graph for ubatch with n_tokens =   16, n_seqs =  1, n_outputs =   16
sched_reserve: fused Gated Delta Net (chunked) enabled
graph_reserve: reserving a graph for ubatch with n_tokens =  512, n_seqs =  1, n_outputs =  512
graph_reserve: reserving a graph for ubatch with n_tokens =    1, n_seqs =  1, n_outputs =    1
graph_reserve: reserving a graph for ubatch with n_tokens =  512, n_seqs =  1, n_outputs =  512
sched_reserve:      CUDA0 compute buffer size =   304.00 MiB
sched_reserve:  CUDA_Host compute buffer size =    15.01 MiB
sched_reserve: graph nodes  = 958
sched_reserve: graph splits = 44 (with bs=512), 2 (with bs=1)
sched_reserve: reserve took 12.54 ms, sched copies = 1
CUDA Graph id 18279 reused
ggml_backend_cuda_graph_compute: CUDA graph warmup complete
CUDA Graph id 18279 reused
CUDA Graph id 18279 reused
CUDA Graph id 18279 reused
CUDA Graph id 18279 reused
CUDA Graph id 18279 reused
CUDA Graph id 18279 reused
CUDA Graph id 18279 reused
CUDA Graph id 18279 reused
CUDA Graph id 18279 reused
CUDA Graph id 18279 reused
CUDA Graph id 18279 reused
CUDA Graph id 18279 reused
CUDA Graph id 18279 reused
CUDA Graph id 18279 reused
CUDA Graph id 18279 reused
CUDA Graph id 18279 reused
CUDA Graph id 18279 reused
CUDA Graph id 18279 reused
CUDA Graph id 18279 reused
CUDA Graph id 18279 reused
CUDA Graph id 18279 reused
CUDA Graph id 18279 reused
CUDA Graph id 18279 reused
CUDA Graph id 18279 reused
CUDA Graph id 18279 reused
~llama_context:      CUDA0 compute buffer size is 304.0000 MiB, matches expectation of 304.0000 MiB
~llama_context:  CUDA_Host compute buffer size is  15.0137 MiB, matches expectation of  15.0137 MiB
llama_context: constructing llama_context
llama_context: n_seq_max     = 1
llama_context: n_ctx         = 1024
llama_context: n_ctx_seq     = 1024
llama_context: n_batch       = 780
llama_context: n_ubatch      = 512
llama_context: causal_attn   = 1
llama_context: flash_attn    = auto
llama_context: kv_unified    = false
llama_context: freq_base     = 1000000.0
llama_context: freq_scale    = 1
llama_context: n_rs_seq      = 0
llama_context: n_outputs_max = 780
llama_context: n_ctx_seq (1024) < n_ctx_train (32768) -- the full capacity of the model will not be utilized
set_abort_callback: call
llama_context:  CUDA_Host  output buffer size =     0.58 MiB
llama_kv_cache: layer   0: dev = CPU
llama_kv_cache: layer   1: dev = CPU
llama_kv_cache: layer   2: dev = CPU
llama_kv_cache: layer   3: dev = CUDA0
llama_kv_cache: layer   4: dev = CUDA0
llama_kv_cache: layer   5: dev = CUDA0
llama_kv_cache: layer   6: dev = CUDA0
llama_kv_cache: layer   7: dev = CUDA0
llama_kv_cache: layer   8: dev = CUDA0
llama_kv_cache: layer   9: dev = CUDA0
llama_kv_cache: layer  10: dev = CUDA0
llama_kv_cache: layer  11: dev = CUDA0
llama_kv_cache: layer  12: dev = CUDA0
llama_kv_cache: layer  13: dev = CUDA0
llama_kv_cache: layer  14: dev = CUDA0
llama_kv_cache: layer  15: dev = CUDA0
llama_kv_cache: layer  16: dev = CUDA0
llama_kv_cache: layer  17: dev = CUDA0
llama_kv_cache: layer  18: dev = CUDA0
llama_kv_cache: layer  19: dev = CUDA0
llama_kv_cache: layer  20: dev = CUDA0
llama_kv_cache: layer  21: dev = CUDA0
llama_kv_cache: layer  22: dev = CUDA0
llama_kv_cache: layer  23: dev = CUDA0
llama_kv_cache: layer  24: dev = CUDA0
llama_kv_cache: layer  25: dev = CUDA0
llama_kv_cache: layer  26: dev = CUDA0
llama_kv_cache: layer  27: dev = CUDA0
llama_kv_cache:        CPU KV buffer size =     6.00 MiB
llama_kv_cache:      CUDA0 KV buffer size =    50.00 MiB
llama_kv_cache: size =   56.00 MiB (  1024 cells,  28 layers,  1/1 seqs), K (f16):   28.00 MiB, V (f16):   28.00 MiB
llama_kv_cache: attn_rot_k = 0, n_embd_head_k_all = 128
llama_kv_cache: attn_rot_v = 0, n_embd_head_k_all = 128
llama_context: enumerating backends
llama_context: backend_ptrs.size() = 2
sched_reserve: reserving ...
sched_reserve: max_nodes = 2712
sched_reserve: reserving full memory module
sched_reserve: worst-case: n_tokens = 512, n_seqs = 1, n_outputs = 1
graph_reserve: reserving a graph for ubatch with n_tokens =    1, n_seqs =  1, n_outputs =    1
sched_reserve: Flash Attention was auto, set to enabled
sched_reserve: resolving fused Gated Delta Net support:
graph_reserve: reserving a graph for ubatch with n_tokens =    1, n_seqs =  1, n_outputs =    1
sched_reserve: fused Gated Delta Net (autoregressive) enabled
graph_reserve: reserving a graph for ubatch with n_tokens =   16, n_seqs =  1, n_outputs =   16
sched_reserve: fused Gated Delta Net (chunked) enabled
graph_reserve: reserving a graph for ubatch with n_tokens =  512, n_seqs =  1, n_outputs =  512
graph_reserve: reserving a graph for ubatch with n_tokens =    1, n_seqs =  1, n_outputs =    1
graph_reserve: reserving a graph for ubatch with n_tokens =  512, n_seqs =  1, n_outputs =  512
sched_reserve:      CUDA0 compute buffer size =   304.00 MiB
sched_reserve:  CUDA_Host compute buffer size =    15.01 MiB
sched_reserve: graph nodes  = 958
sched_reserve: graph splits = 44 (with bs=512), 2 (with bs=1)
sched_reserve: reserve took 22.68 ms, sched copies = 1
CUDA Graph id 18429 reused
ggml_backend_cuda_graph_compute: CUDA graph warmup complete
CUDA Graph id 18429 reused
CUDA Graph id 18429 reused
CUDA Graph id 18429 reused
CUDA Graph id 18429 reused
CUDA Graph id 18429 reused
CUDA Graph id 18429 reused
CUDA Graph id 18429 reused
CUDA Graph id 18429 reused
CUDA Graph id 18429 reused
CUDA Graph id 18429 reused
CUDA Graph id 18429 reused
CUDA Graph id 18429 reused
CUDA Graph id 18429 reused
CUDA Graph id 18429 reused
CUDA Graph id 18429 reused
CUDA Graph id 18429 reused
CUDA Graph id 18429 reused
CUDA Graph id 18429 reused
CUDA Graph id 18429 reused
CUDA Graph id 18429 reused
CUDA Graph id 18429 reused
CUDA Graph id 18429 reused
CUDA Graph id 18429 reused
CUDA Graph id 18429 reused
CUDA Graph id 18429 reused
~llama_context:      CUDA0 compute buffer size is 304.0000 MiB, matches expectation of 304.0000 MiB
~llama_context:  CUDA_Host compute buffer size is  15.0137 MiB, matches expectation of  15.0137 MiB
llama_context: constructing llama_context
llama_context: n_seq_max     = 1
llama_context: n_ctx         = 1024
llama_context: n_ctx_seq     = 1024
llama_context: n_batch       = 780
llama_context: n_ubatch      = 512
llama_context: causal_attn   = 1
llama_context: flash_attn    = auto
llama_context: kv_unified    = false
llama_context: freq_base     = 1000000.0
llama_context: freq_scale    = 1
llama_context: n_rs_seq      = 0
llama_context: n_outputs_max = 780
llama_context: n_ctx_seq (1024) < n_ctx_train (32768) -- the full capacity of the model will not be utilized
set_abort_callback: call
llama_context:  CUDA_Host  output buffer size =     0.58 MiB
llama_kv_cache: layer   0: dev = CPU
llama_kv_cache: layer   1: dev = CPU
llama_kv_cache: layer   2: dev = CPU
llama_kv_cache: layer   3: dev = CUDA0
llama_kv_cache: layer   4: dev = CUDA0
llama_kv_cache: layer   5: dev = CUDA0
llama_kv_cache: layer   6: dev = CUDA0
llama_kv_cache: layer   7: dev = CUDA0
llama_kv_cache: layer   8: dev = CUDA0
llama_kv_cache: layer   9: dev = CUDA0
llama_kv_cache: layer  10: dev = CUDA0
llama_kv_cache: layer  11: dev = CUDA0
llama_kv_cache: layer  12: dev = CUDA0
llama_kv_cache: layer  13: dev = CUDA0
llama_kv_cache: layer  14: dev = CUDA0
llama_kv_cache: layer  15: dev = CUDA0
llama_kv_cache: layer  16: dev = CUDA0
llama_kv_cache: layer  17: dev = CUDA0
llama_kv_cache: layer  18: dev = CUDA0
llama_kv_cache: layer  19: dev = CUDA0
llama_kv_cache: layer  20: dev = CUDA0
llama_kv_cache: layer  21: dev = CUDA0
llama_kv_cache: layer  22: dev = CUDA0
llama_kv_cache: layer  23: dev = CUDA0
llama_kv_cache: layer  24: dev = CUDA0
llama_kv_cache: layer  25: dev = CUDA0
llama_kv_cache: layer  26: dev = CUDA0
llama_kv_cache: layer  27: dev = CUDA0
llama_kv_cache:        CPU KV buffer size =     6.00 MiB
llama_kv_cache:      CUDA0 KV buffer size =    50.00 MiB
llama_kv_cache: size =   56.00 MiB (  1024 cells,  28 layers,  1/1 seqs), K (f16):   28.00 MiB, V (f16):   28.00 MiB
llama_kv_cache: attn_rot_k = 0, n_embd_head_k_all = 128
llama_kv_cache: attn_rot_v = 0, n_embd_head_k_all = 128
llama_context: enumerating backends
llama_context: backend_ptrs.size() = 2
sched_reserve: reserving ...
sched_reserve: max_nodes = 2712
sched_reserve: reserving full memory module
sched_reserve: worst-case: n_tokens = 512, n_seqs = 1, n_outputs = 1
graph_reserve: reserving a graph for ubatch with n_tokens =    1, n_seqs =  1, n_outputs =    1
sched_reserve: Flash Attention was auto, set to enabled
sched_reserve: resolving fused Gated Delta Net support:
graph_reserve: reserving a graph for ubatch with n_tokens =    1, n_seqs =  1, n_outputs =    1
sched_reserve: fused Gated Delta Net (autoregressive) enabled
graph_reserve: reserving a graph for ubatch with n_tokens =   16, n_seqs =  1, n_outputs =   16
sched_reserve: fused Gated Delta Net (chunked) enabled
graph_reserve: reserving a graph for ubatch with n_tokens =  512, n_seqs =  1, n_outputs =  512
graph_reserve: reserving a graph for ubatch with n_tokens =    1, n_seqs =  1, n_outputs =    1
graph_reserve: reserving a graph for ubatch with n_tokens =  512, n_seqs =  1, n_outputs =  512
sched_reserve:      CUDA0 compute buffer size =   304.00 MiB
sched_reserve:  CUDA_Host compute buffer size =    15.01 MiB
sched_reserve: graph nodes  = 958
sched_reserve: graph splits = 44 (with bs=512), 2 (with bs=1)
sched_reserve: reserve took 26.07 ms, sched copies = 1
CUDA Graph id 18579 reused
ggml_backend_cuda_graph_compute: CUDA graph warmup complete
CUDA Graph id 18579 reused
CUDA Graph id 18579 reused
CUDA Graph id 18579 reused
CUDA Graph id 18579 reused
CUDA Graph id 18579 reused
CUDA Graph id 18579 reused
CUDA Graph id 18579 reused
CUDA Graph id 18579 reused
CUDA Graph id 18579 reused
CUDA Graph id 18579 reused
CUDA Graph id 18579 reused
CUDA Graph id 18579 reused
CUDA Graph id 18579 reused
CUDA Graph id 18579 reused
CUDA Graph id 18579 reused
CUDA Graph id 18579 reused
~llama_context:      CUDA0 compute buffer size is 304.0000 MiB, matches expectation of 304.0000 MiB
~llama_context:  CUDA_Host compute buffer size is  15.0137 MiB, matches expectation of  15.0137 MiB
llama_context: constructing llama_context
llama_context: n_seq_max     = 1
llama_context: n_ctx         = 1024
llama_context: n_ctx_seq     = 1024
llama_context: n_batch       = 780
llama_context: n_ubatch      = 512
llama_context: causal_attn   = 1
llama_context: flash_attn    = auto
llama_context: kv_unified    = false
llama_context: freq_base     = 1000000.0
llama_context: freq_scale    = 1
llama_context: n_rs_seq      = 0
llama_context: n_outputs_max = 780
llama_context: n_ctx_seq (1024) < n_ctx_train (32768) -- the full capacity of the model will not be utilized
set_abort_callback: call
llama_context:  CUDA_Host  output buffer size =     0.58 MiB
llama_kv_cache: layer   0: dev = CPU
llama_kv_cache: layer   1: dev = CPU
llama_kv_cache: layer   2: dev = CPU
llama_kv_cache: layer   3: dev = CUDA0
llama_kv_cache: layer   4: dev = CUDA0
llama_kv_cache: layer   5: dev = CUDA0
llama_kv_cache: layer   6: dev = CUDA0
llama_kv_cache: layer   7: dev = CUDA0
llama_kv_cache: layer   8: dev = CUDA0
llama_kv_cache: layer   9: dev = CUDA0
llama_kv_cache: layer  10: dev = CUDA0
llama_kv_cache: layer  11: dev = CUDA0
llama_kv_cache: layer  12: dev = CUDA0
llama_kv_cache: layer  13: dev = CUDA0
llama_kv_cache: layer  14: dev = CUDA0
llama_kv_cache: layer  15: dev = CUDA0
llama_kv_cache: layer  16: dev = CUDA0
llama_kv_cache: layer  17: dev = CUDA0
llama_kv_cache: layer  18: dev = CUDA0
llama_kv_cache: layer  19: dev = CUDA0
llama_kv_cache: layer  20: dev = CUDA0
llama_kv_cache: layer  21: dev = CUDA0
llama_kv_cache: layer  22: dev = CUDA0
llama_kv_cache: layer  23: dev = CUDA0
llama_kv_cache: layer  24: dev = CUDA0
llama_kv_cache: layer  25: dev = CUDA0
llama_kv_cache: layer  26: dev = CUDA0
llama_kv_cache: layer  27: dev = CUDA0
llama_kv_cache:        CPU KV buffer size =     6.00 MiB
llama_kv_cache:      CUDA0 KV buffer size =    50.00 MiB
llama_kv_cache: size =   56.00 MiB (  1024 cells,  28 layers,  1/1 seqs), K (f16):   28.00 MiB, V (f16):   28.00 MiB
llama_kv_cache: attn_rot_k = 0, n_embd_head_k_all = 128
llama_kv_cache: attn_rot_v = 0, n_embd_head_k_all = 128
llama_context: enumerating backends
llama_context: backend_ptrs.size() = 2
sched_reserve: reserving ...
sched_reserve: max_nodes = 2712
sched_reserve: reserving full memory module
sched_reserve: worst-case: n_tokens = 512, n_seqs = 1, n_outputs = 1
graph_reserve: reserving a graph for ubatch with n_tokens =    1, n_seqs =  1, n_outputs =    1
sched_reserve: Flash Attention was auto, set to enabled
sched_reserve: resolving fused Gated Delta Net support:
graph_reserve: reserving a graph for ubatch with n_tokens =    1, n_seqs =  1, n_outputs =    1
sched_reserve: fused Gated Delta Net (autoregressive) enabled
graph_reserve: reserving a graph for ubatch with n_tokens =   16, n_seqs =  1, n_outputs =   16
sched_reserve: fused Gated Delta Net (chunked) enabled
graph_reserve: reserving a graph for ubatch with n_tokens =  512, n_seqs =  1, n_outputs =  512
graph_reserve: reserving a graph for ubatch with n_tokens =    1, n_seqs =  1, n_outputs =    1
graph_reserve: reserving a graph for ubatch with n_tokens =  512, n_seqs =  1, n_outputs =  512
sched_reserve:      CUDA0 compute buffer size =   304.00 MiB
sched_reserve:  CUDA_Host compute buffer size =    15.01 MiB
sched_reserve: graph nodes  = 958
sched_reserve: graph splits = 44 (with bs=512), 2 (with bs=1)
sched_reserve: reserve took 21.96 ms, sched copies = 1
CUDA Graph id 18729 reused
ggml_backend_cuda_graph_compute: CUDA graph warmup complete
CUDA Graph id 18729 reused
CUDA Graph id 18729 reused
CUDA Graph id 18729 reused
CUDA Graph id 18729 reused
CUDA Graph id 18729 reused
CUDA Graph id 18729 reused
CUDA Graph id 18729 reused
CUDA Graph id 18729 reused
CUDA Graph id 18729 reused
CUDA Graph id 18729 reused
CUDA Graph id 18729 reused
CUDA Graph id 18729 reused
CUDA Graph id 18729 reused
CUDA Graph id 18729 reused
CUDA Graph id 18729 reused
CUDA Graph id 18729 reused
CUDA Graph id 18729 reused
CUDA Graph id 18729 reused
CUDA Graph id 18729 reused
CUDA Graph id 18729 reused
CUDA Graph id 18729 reused
CUDA Graph id 18729 reused
CUDA Graph id 18729 reused
CUDA Graph id 18729 reused
CUDA Graph id 18729 reused
~llama_context:      CUDA0 compute buffer size is 304.0000 MiB, matches expectation of 304.0000 MiB
~llama_context:  CUDA_Host compute buffer size is  15.0137 MiB, matches expectation of  15.0137 MiB
llama_context: constructing llama_context
llama_context: n_seq_max     = 1
llama_context: n_ctx         = 1024
llama_context: n_ctx_seq     = 1024
llama_context: n_batch       = 780
llama_context: n_ubatch      = 512
llama_context: causal_attn   = 1
llama_context: flash_attn    = auto
llama_context: kv_unified    = false
llama_context: freq_base     = 1000000.0
llama_context: freq_scale    = 1
llama_context: n_rs_seq      = 0
llama_context: n_outputs_max = 780
llama_context: n_ctx_seq (1024) < n_ctx_train (32768) -- the full capacity of the model will not be utilized
set_abort_callback: call
llama_context:  CUDA_Host  output buffer size =     0.58 MiB
llama_kv_cache: layer   0: dev = CPU
llama_kv_cache: layer   1: dev = CPU
llama_kv_cache: layer   2: dev = CPU
llama_kv_cache: layer   3: dev = CUDA0
llama_kv_cache: layer   4: dev = CUDA0
llama_kv_cache: layer   5: dev = CUDA0
llama_kv_cache: layer   6: dev = CUDA0
llama_kv_cache: layer   7: dev = CUDA0
llama_kv_cache: layer   8: dev = CUDA0
llama_kv_cache: layer   9: dev = CUDA0
llama_kv_cache: layer  10: dev = CUDA0
llama_kv_cache: layer  11: dev = CUDA0
llama_kv_cache: layer  12: dev = CUDA0
llama_kv_cache: layer  13: dev = CUDA0
llama_kv_cache: layer  14: dev = CUDA0
llama_kv_cache: layer  15: dev = CUDA0
llama_kv_cache: layer  16: dev = CUDA0
llama_kv_cache: layer  17: dev = CUDA0
llama_kv_cache: layer  18: dev = CUDA0
llama_kv_cache: layer  19: dev = CUDA0
llama_kv_cache: layer  20: dev = CUDA0
llama_kv_cache: layer  21: dev = CUDA0
llama_kv_cache: layer  22: dev = CUDA0
llama_kv_cache: layer  23: dev = CUDA0
llama_kv_cache: layer  24: dev = CUDA0
llama_kv_cache: layer  25: dev = CUDA0
llama_kv_cache: layer  26: dev = CUDA0
llama_kv_cache: layer  27: dev = CUDA0
llama_kv_cache:        CPU KV buffer size =     6.00 MiB
llama_kv_cache:      CUDA0 KV buffer size =    50.00 MiB
llama_kv_cache: size =   56.00 MiB (  1024 cells,  28 layers,  1/1 seqs), K (f16):   28.00 MiB, V (f16):   28.00 MiB
llama_kv_cache: attn_rot_k = 0, n_embd_head_k_all = 128
llama_kv_cache: attn_rot_v = 0, n_embd_head_k_all = 128
llama_context: enumerating backends
llama_context: backend_ptrs.size() = 2
sched_reserve: reserving ...
sched_reserve: max_nodes = 2712
sched_reserve: reserving full memory module
sched_reserve: worst-case: n_tokens = 512, n_seqs = 1, n_outputs = 1
graph_reserve: reserving a graph for ubatch with n_tokens =    1, n_seqs =  1, n_outputs =    1
sched_reserve: Flash Attention was auto, set to enabled
sched_reserve: resolving fused Gated Delta Net support:
graph_reserve: reserving a graph for ubatch with n_tokens =    1, n_seqs =  1, n_outputs =    1
sched_reserve: fused Gated Delta Net (autoregressive) enabled
graph_reserve: reserving a graph for ubatch with n_tokens =   16, n_seqs =  1, n_outputs =   16
sched_reserve: fused Gated Delta Net (chunked) enabled
graph_reserve: reserving a graph for ubatch with n_tokens =  512, n_seqs =  1, n_outputs =  512
graph_reserve: reserving a graph for ubatch with n_tokens =    1, n_seqs =  1, n_outputs =    1
graph_reserve: reserving a graph for ubatch with n_tokens =  512, n_seqs =  1, n_outputs =  512
sched_reserve:      CUDA0 compute buffer size =   304.00 MiB
sched_reserve:  CUDA_Host compute buffer size =    15.01 MiB
sched_reserve: graph nodes  = 958
sched_reserve: graph splits = 44 (with bs=512), 2 (with bs=1)
sched_reserve: reserve took 21.52 ms, sched copies = 1
CUDA Graph id 18879 reused
ggml_backend_cuda_graph_compute: CUDA graph warmup complete
CUDA Graph id 18879 reused
CUDA Graph id 18879 reused
CUDA Graph id 18879 reused
CUDA Graph id 18879 reused
CUDA Graph id 18879 reused
CUDA Graph id 18879 reused
CUDA Graph id 18879 reused
CUDA Graph id 18879 reused
CUDA Graph id 18879 reused
CUDA Graph id 18879 reused
CUDA Graph id 18879 reused
CUDA Graph id 18879 reused
CUDA Graph id 18879 reused
CUDA Graph id 18879 reused
CUDA Graph id 18879 reused
CUDA Graph id 18879 reused
CUDA Graph id 18879 reused
CUDA Graph id 18879 reused
CUDA Graph id 18879 reused
CUDA Graph id 18879 reused
CUDA Graph id 18879 reused
CUDA Graph id 18879 reused
CUDA Graph id 18879 reused
CUDA Graph id 18879 reused
CUDA Graph id 18879 reused
CUDA Graph id 18879 reused
CUDA Graph id 18879 reused
CUDA Graph id 18879 reused
CUDA Graph id 18879 reused
CUDA Graph id 18879 reused
CUDA Graph id 18879 reused
CUDA Graph id 18879 reused
CUDA Graph id 18879 reused
CUDA Graph id 18879 reused
CUDA Graph id 18879 reused
CUDA Graph id 18879 reused
CUDA Graph id 18879 reused
CUDA Graph id 18879 reused
CUDA Graph id 18879 reused
CUDA Graph id 18879 reused
CUDA Graph id 18879 reused
CUDA Graph id 18879 reused
CUDA Graph id 18879 reused
CUDA Graph id 18879 reused
CUDA Graph id 18879 reused
CUDA Graph id 18879 reused
CUDA Graph id 18879 reused
CUDA Graph id 18879 reused
CUDA Graph id 18879 reused
CUDA Graph id 18879 reused
CUDA Graph id 18879 reused
CUDA Graph id 18879 reused
CUDA Graph id 18879 reused
CUDA Graph id 18879 reused
CUDA Graph id 18879 reused
CUDA Graph id 18879 reused
CUDA Graph id 18879 reused
CUDA Graph id 18879 reused
CUDA Graph id 18879 reused
CUDA Graph id 18879 reused
CUDA Graph id 18879 reused
CUDA Graph id 18879 reused
CUDA Graph id 18879 reused
CUDA Graph id 18879 reused
CUDA Graph id 18879 reused
CUDA Graph id 18879 reused
CUDA Graph id 18879 reused
CUDA Graph id 18879 reused
CUDA Graph id 18879 reused
CUDA Graph id 18879 reused
CUDA Graph id 18879 reused
CUDA Graph id 18879 reused
CUDA Graph id 18879 reused
CUDA Graph id 18879 reused
CUDA Graph id 18879 reused
CUDA Graph id 18879 reused
CUDA Graph id 18879 reused
CUDA Graph id 18879 reused
CUDA Graph id 18879 reused
CUDA Graph id 18879 reused
~llama_context:      CUDA0 compute buffer size is 304.0000 MiB, matches expectation of 304.0000 MiB
~llama_context:  CUDA_Host compute buffer size is  15.0137 MiB, matches expectation of  15.0137 MiB
llama_context: constructing llama_context
llama_context: n_seq_max     = 1
llama_context: n_ctx         = 1024
llama_context: n_ctx_seq     = 1024
llama_context: n_batch       = 780
llama_context: n_ubatch      = 512
llama_context: causal_attn   = 1
llama_context: flash_attn    = auto
llama_context: kv_unified    = false
llama_context: freq_base     = 1000000.0
llama_context: freq_scale    = 1
llama_context: n_rs_seq      = 0
llama_context: n_outputs_max = 780
llama_context: n_ctx_seq (1024) < n_ctx_train (32768) -- the full capacity of the model will not be utilized
set_abort_callback: call
llama_context:  CUDA_Host  output buffer size =     0.58 MiB
llama_kv_cache: layer   0: dev = CPU
llama_kv_cache: layer   1: dev = CPU
llama_kv_cache: layer   2: dev = CPU
llama_kv_cache: layer   3: dev = CUDA0
llama_kv_cache: layer   4: dev = CUDA0
llama_kv_cache: layer   5: dev = CUDA0
llama_kv_cache: layer   6: dev = CUDA0
llama_kv_cache: layer   7: dev = CUDA0
llama_kv_cache: layer   8: dev = CUDA0
llama_kv_cache: layer   9: dev = CUDA0
llama_kv_cache: layer  10: dev = CUDA0
llama_kv_cache: layer  11: dev = CUDA0
llama_kv_cache: layer  12: dev = CUDA0
llama_kv_cache: layer  13: dev = CUDA0
llama_kv_cache: layer  14: dev = CUDA0
llama_kv_cache: layer  15: dev = CUDA0
llama_kv_cache: layer  16: dev = CUDA0
llama_kv_cache: layer  17: dev = CUDA0
llama_kv_cache: layer  18: dev = CUDA0
llama_kv_cache: layer  19: dev = CUDA0
llama_kv_cache: layer  20: dev = CUDA0
llama_kv_cache: layer  21: dev = CUDA0
llama_kv_cache: layer  22: dev = CUDA0
llama_kv_cache: layer  23: dev = CUDA0
llama_kv_cache: layer  24: dev = CUDA0
llama_kv_cache: layer  25: dev = CUDA0
llama_kv_cache: layer  26: dev = CUDA0
llama_kv_cache: layer  27: dev = CUDA0
llama_kv_cache:        CPU KV buffer size =     6.00 MiB
llama_kv_cache:      CUDA0 KV buffer size =    50.00 MiB
llama_kv_cache: size =   56.00 MiB (  1024 cells,  28 layers,  1/1 seqs), K (f16):   28.00 MiB, V (f16):   28.00 MiB
llama_kv_cache: attn_rot_k = 0, n_embd_head_k_all = 128
llama_kv_cache: attn_rot_v = 0, n_embd_head_k_all = 128
llama_context: enumerating backends
llama_context: backend_ptrs.size() = 2
sched_reserve: reserving ...
sched_reserve: max_nodes = 2712
sched_reserve: reserving full memory module
sched_reserve: worst-case: n_tokens = 512, n_seqs = 1, n_outputs = 1
graph_reserve: reserving a graph for ubatch with n_tokens =    1, n_seqs =  1, n_outputs =    1
sched_reserve: Flash Attention was auto, set to enabled
sched_reserve: resolving fused Gated Delta Net support:
graph_reserve: reserving a graph for ubatch with n_tokens =    1, n_seqs =  1, n_outputs =    1
sched_reserve: fused Gated Delta Net (autoregressive) enabled
graph_reserve: reserving a graph for ubatch with n_tokens =   16, n_seqs =  1, n_outputs =   16
sched_reserve: fused Gated Delta Net (chunked) enabled
graph_reserve: reserving a graph for ubatch with n_tokens =  512, n_seqs =  1, n_outputs =  512
graph_reserve: reserving a graph for ubatch with n_tokens =    1, n_seqs =  1, n_outputs =    1
graph_reserve: reserving a graph for ubatch with n_tokens =  512, n_seqs =  1, n_outputs =  512
sched_reserve:      CUDA0 compute buffer size =   304.00 MiB
sched_reserve:  CUDA_Host compute buffer size =    15.01 MiB
sched_reserve: graph nodes  = 958
sched_reserve: graph splits = 44 (with bs=512), 2 (with bs=1)
sched_reserve: reserve took 20.15 ms, sched copies = 1
CUDA Graph id 19029 reused
ggml_backend_cuda_graph_compute: CUDA graph warmup complete
CUDA Graph id 19029 reused
CUDA Graph id 19029 reused
CUDA Graph id 19029 reused
CUDA Graph id 19029 reused
CUDA Graph id 19029 reused
CUDA Graph id 19029 reused
CUDA Graph id 19029 reused
CUDA Graph id 19029 reused
CUDA Graph id 19029 reused
CUDA Graph id 19029 reused
CUDA Graph id 19029 reused
CUDA Graph id 19029 reused
CUDA Graph id 19029 reused
CUDA Graph id 19029 reused
CUDA Graph id 19029 reused
CUDA Graph id 19029 reused
CUDA Graph id 19029 reused
CUDA Graph id 19029 reused
~llama_context:      CUDA0 compute buffer size is 304.0000 MiB, matches expectation of 304.0000 MiB
~llama_context:  CUDA_Host compute buffer size is  15.0137 MiB, matches expectation of  15.0137 MiB
schema 21/25 done
llama_context: constructing llama_context
llama_context: n_seq_max     = 1
llama_context: n_ctx         = 768
llama_context: n_ctx_seq     = 768
llama_context: n_batch       = 643
llama_context: n_ubatch      = 512
llama_context: causal_attn   = 1
llama_context: flash_attn    = auto
llama_context: kv_unified    = false
llama_context: freq_base     = 1000000.0
llama_context: freq_scale    = 1
llama_context: n_rs_seq      = 0
llama_context: n_outputs_max = 643
llama_context: n_ctx_seq (768) < n_ctx_train (32768) -- the full capacity of the model will not be utilized
set_abort_callback: call
llama_context:  CUDA_Host  output buffer size =     0.58 MiB
llama_kv_cache: layer   0: dev = CPU
llama_kv_cache: layer   1: dev = CPU
llama_kv_cache: layer   2: dev = CPU
llama_kv_cache: layer   3: dev = CUDA0
llama_kv_cache: layer   4: dev = CUDA0
llama_kv_cache: layer   5: dev = CUDA0
llama_kv_cache: layer   6: dev = CUDA0
llama_kv_cache: layer   7: dev = CUDA0
llama_kv_cache: layer   8: dev = CUDA0
llama_kv_cache: layer   9: dev = CUDA0
llama_kv_cache: layer  10: dev = CUDA0
llama_kv_cache: layer  11: dev = CUDA0
llama_kv_cache: layer  12: dev = CUDA0
llama_kv_cache: layer  13: dev = CUDA0
llama_kv_cache: layer  14: dev = CUDA0
llama_kv_cache: layer  15: dev = CUDA0
llama_kv_cache: layer  16: dev = CUDA0
llama_kv_cache: layer  17: dev = CUDA0
llama_kv_cache: layer  18: dev = CUDA0
llama_kv_cache: layer  19: dev = CUDA0
llama_kv_cache: layer  20: dev = CUDA0
llama_kv_cache: layer  21: dev = CUDA0
llama_kv_cache: layer  22: dev = CUDA0
llama_kv_cache: layer  23: dev = CUDA0
llama_kv_cache: layer  24: dev = CUDA0
llama_kv_cache: layer  25: dev = CUDA0
llama_kv_cache: layer  26: dev = CUDA0
llama_kv_cache: layer  27: dev = CUDA0
llama_kv_cache:        CPU KV buffer size =     4.50 MiB
llama_kv_cache:      CUDA0 KV buffer size =    37.50 MiB
llama_kv_cache: size =   42.00 MiB (   768 cells,  28 layers,  1/1 seqs), K (f16):   21.00 MiB, V (f16):   21.00 MiB
llama_kv_cache: attn_rot_k = 0, n_embd_head_k_all = 128
llama_kv_cache: attn_rot_v = 0, n_embd_head_k_all = 128
llama_context: enumerating backends
llama_context: backend_ptrs.size() = 2
sched_reserve: reserving ...
sched_reserve: max_nodes = 2712
sched_reserve: reserving full memory module
sched_reserve: worst-case: n_tokens = 512, n_seqs = 1, n_outputs = 1
graph_reserve: reserving a graph for ubatch with n_tokens =    1, n_seqs =  1, n_outputs =    1
sched_reserve: Flash Attention was auto, set to enabled
sched_reserve: resolving fused Gated Delta Net support:
graph_reserve: reserving a graph for ubatch with n_tokens =    1, n_seqs =  1, n_outputs =    1
sched_reserve: fused Gated Delta Net (autoregressive) enabled
graph_reserve: reserving a graph for ubatch with n_tokens =   16, n_seqs =  1, n_outputs =   16
sched_reserve: fused Gated Delta Net (chunked) enabled
graph_reserve: reserving a graph for ubatch with n_tokens =  512, n_seqs =  1, n_outputs =  512
graph_reserve: reserving a graph for ubatch with n_tokens =    1, n_seqs =  1, n_outputs =    1
graph_reserve: reserving a graph for ubatch with n_tokens =  512, n_seqs =  1, n_outputs =  512
sched_reserve:      CUDA0 compute buffer size =   304.00 MiB
sched_reserve:  CUDA_Host compute buffer size =    14.76 MiB
sched_reserve: graph nodes  = 958
sched_reserve: graph splits = 44 (with bs=512), 2 (with bs=1)
sched_reserve: reserve took 27.71 ms, sched copies = 1
CUDA Graph id 19179 reused
ggml_backend_cuda_graph_compute: CUDA graph warmup complete
CUDA Graph id 19179 reused
CUDA Graph id 19179 reused
CUDA Graph id 19179 reused
CUDA Graph id 19179 reused
CUDA Graph id 19179 reused
CUDA Graph id 19179 reused
CUDA Graph id 19179 reused
CUDA Graph id 19179 reused
CUDA Graph id 19179 reused
CUDA Graph id 19179 reused
CUDA Graph id 19179 reused
CUDA Graph id 19179 reused
CUDA Graph id 19179 reused
CUDA Graph id 19179 reused
CUDA Graph id 19179 reused
CUDA Graph id 19179 reused
CUDA Graph id 19179 reused
CUDA Graph id 19179 reused
CUDA Graph id 19179 reused
CUDA Graph id 19179 reused
CUDA Graph id 19179 reused
CUDA Graph id 19179 reused
CUDA Graph id 19179 reused
~llama_context:      CUDA0 compute buffer size is 304.0000 MiB, matches expectation of 304.0000 MiB
~llama_context:  CUDA_Host compute buffer size is  14.7637 MiB, matches expectation of  14.7637 MiB
llama_context: constructing llama_context
llama_context: n_seq_max     = 1
llama_context: n_ctx         = 768
llama_context: n_ctx_seq     = 768
llama_context: n_batch       = 643
llama_context: n_ubatch      = 512
llama_context: causal_attn   = 1
llama_context: flash_attn    = auto
llama_context: kv_unified    = false
llama_context: freq_base     = 1000000.0
llama_context: freq_scale    = 1
llama_context: n_rs_seq      = 0
llama_context: n_outputs_max = 643
llama_context: n_ctx_seq (768) < n_ctx_train (32768) -- the full capacity of the model will not be utilized
set_abort_callback: call
llama_context:  CUDA_Host  output buffer size =     0.58 MiB
llama_kv_cache: layer   0: dev = CPU
llama_kv_cache: layer   1: dev = CPU
llama_kv_cache: layer   2: dev = CPU
llama_kv_cache: layer   3: dev = CUDA0
llama_kv_cache: layer   4: dev = CUDA0
llama_kv_cache: layer   5: dev = CUDA0
llama_kv_cache: layer   6: dev = CUDA0
llama_kv_cache: layer   7: dev = CUDA0
llama_kv_cache: layer   8: dev = CUDA0
llama_kv_cache: layer   9: dev = CUDA0
llama_kv_cache: layer  10: dev = CUDA0
llama_kv_cache: layer  11: dev = CUDA0
llama_kv_cache: layer  12: dev = CUDA0
llama_kv_cache: layer  13: dev = CUDA0
llama_kv_cache: layer  14: dev = CUDA0
llama_kv_cache: layer  15: dev = CUDA0
llama_kv_cache: layer  16: dev = CUDA0
llama_kv_cache: layer  17: dev = CUDA0
llama_kv_cache: layer  18: dev = CUDA0
llama_kv_cache: layer  19: dev = CUDA0
llama_kv_cache: layer  20: dev = CUDA0
llama_kv_cache: layer  21: dev = CUDA0
llama_kv_cache: layer  22: dev = CUDA0
llama_kv_cache: layer  23: dev = CUDA0
llama_kv_cache: layer  24: dev = CUDA0
llama_kv_cache: layer  25: dev = CUDA0
llama_kv_cache: layer  26: dev = CUDA0
llama_kv_cache: layer  27: dev = CUDA0
llama_kv_cache:        CPU KV buffer size =     4.50 MiB
llama_kv_cache:      CUDA0 KV buffer size =    37.50 MiB
llama_kv_cache: size =   42.00 MiB (   768 cells,  28 layers,  1/1 seqs), K (f16):   21.00 MiB, V (f16):   21.00 MiB
llama_kv_cache: attn_rot_k = 0, n_embd_head_k_all = 128
llama_kv_cache: attn_rot_v = 0, n_embd_head_k_all = 128
llama_context: enumerating backends
llama_context: backend_ptrs.size() = 2
sched_reserve: reserving ...
sched_reserve: max_nodes = 2712
sched_reserve: reserving full memory module
sched_reserve: worst-case: n_tokens = 512, n_seqs = 1, n_outputs = 1
graph_reserve: reserving a graph for ubatch with n_tokens =    1, n_seqs =  1, n_outputs =    1
sched_reserve: Flash Attention was auto, set to enabled
sched_reserve: resolving fused Gated Delta Net support:
graph_reserve: reserving a graph for ubatch with n_tokens =    1, n_seqs =  1, n_outputs =    1
sched_reserve: fused Gated Delta Net (autoregressive) enabled
graph_reserve: reserving a graph for ubatch with n_tokens =   16, n_seqs =  1, n_outputs =   16
sched_reserve: fused Gated Delta Net (chunked) enabled
graph_reserve: reserving a graph for ubatch with n_tokens =  512, n_seqs =  1, n_outputs =  512
graph_reserve: reserving a graph for ubatch with n_tokens =    1, n_seqs =  1, n_outputs =    1
graph_reserve: reserving a graph for ubatch with n_tokens =  512, n_seqs =  1, n_outputs =  512
sched_reserve:      CUDA0 compute buffer size =   304.00 MiB
sched_reserve:  CUDA_Host compute buffer size =    14.76 MiB
sched_reserve: graph nodes  = 958
sched_reserve: graph splits = 44 (with bs=512), 2 (with bs=1)
sched_reserve: reserve took 26.15 ms, sched copies = 1
CUDA Graph id 19329 reused
ggml_backend_cuda_graph_compute: CUDA graph warmup complete
CUDA Graph id 19329 reused
CUDA Graph id 19329 reused
CUDA Graph id 19329 reused
CUDA Graph id 19329 reused
CUDA Graph id 19329 reused
CUDA Graph id 19329 reused
CUDA Graph id 19329 reused
CUDA Graph id 19329 reused
CUDA Graph id 19329 reused
CUDA Graph id 19329 reused
CUDA Graph id 19329 reused
CUDA Graph id 19329 reused
CUDA Graph id 19329 reused
CUDA Graph id 19329 reused
CUDA Graph id 19329 reused
CUDA Graph id 19329 reused
CUDA Graph id 19329 reused
CUDA Graph id 19329 reused
CUDA Graph id 19329 reused
CUDA Graph id 19329 reused
CUDA Graph id 19329 reused
CUDA Graph id 19329 reused
CUDA Graph id 19329 reused
~llama_context:      CUDA0 compute buffer size is 304.0000 MiB, matches expectation of 304.0000 MiB
~llama_context:  CUDA_Host compute buffer size is  14.7637 MiB, matches expectation of  14.7637 MiB
llama_context: constructing llama_context
llama_context: n_seq_max     = 1
llama_context: n_ctx         = 768
llama_context: n_ctx_seq     = 768
llama_context: n_batch       = 643
llama_context: n_ubatch      = 512
llama_context: causal_attn   = 1
llama_context: flash_attn    = auto
llama_context: kv_unified    = false
llama_context: freq_base     = 1000000.0
llama_context: freq_scale    = 1
llama_context: n_rs_seq      = 0
llama_context: n_outputs_max = 643
llama_context: n_ctx_seq (768) < n_ctx_train (32768) -- the full capacity of the model will not be utilized
set_abort_callback: call
llama_context:  CUDA_Host  output buffer size =     0.58 MiB
llama_kv_cache: layer   0: dev = CPU
llama_kv_cache: layer   1: dev = CPU
llama_kv_cache: layer   2: dev = CPU
llama_kv_cache: layer   3: dev = CUDA0
llama_kv_cache: layer   4: dev = CUDA0
llama_kv_cache: layer   5: dev = CUDA0
llama_kv_cache: layer   6: dev = CUDA0
llama_kv_cache: layer   7: dev = CUDA0
llama_kv_cache: layer   8: dev = CUDA0
llama_kv_cache: layer   9: dev = CUDA0
llama_kv_cache: layer  10: dev = CUDA0
llama_kv_cache: layer  11: dev = CUDA0
llama_kv_cache: layer  12: dev = CUDA0
llama_kv_cache: layer  13: dev = CUDA0
llama_kv_cache: layer  14: dev = CUDA0
llama_kv_cache: layer  15: dev = CUDA0
llama_kv_cache: layer  16: dev = CUDA0
llama_kv_cache: layer  17: dev = CUDA0
llama_kv_cache: layer  18: dev = CUDA0
llama_kv_cache: layer  19: dev = CUDA0
llama_kv_cache: layer  20: dev = CUDA0
llama_kv_cache: layer  21: dev = CUDA0
llama_kv_cache: layer  22: dev = CUDA0
llama_kv_cache: layer  23: dev = CUDA0
llama_kv_cache: layer  24: dev = CUDA0
llama_kv_cache: layer  25: dev = CUDA0
llama_kv_cache: layer  26: dev = CUDA0
llama_kv_cache: layer  27: dev = CUDA0
llama_kv_cache:        CPU KV buffer size =     4.50 MiB
llama_kv_cache:      CUDA0 KV buffer size =    37.50 MiB
llama_kv_cache: size =   42.00 MiB (   768 cells,  28 layers,  1/1 seqs), K (f16):   21.00 MiB, V (f16):   21.00 MiB
llama_kv_cache: attn_rot_k = 0, n_embd_head_k_all = 128
llama_kv_cache: attn_rot_v = 0, n_embd_head_k_all = 128
llama_context: enumerating backends
llama_context: backend_ptrs.size() = 2
sched_reserve: reserving ...
sched_reserve: max_nodes = 2712
sched_reserve: reserving full memory module
sched_reserve: worst-case: n_tokens = 512, n_seqs = 1, n_outputs = 1
graph_reserve: reserving a graph for ubatch with n_tokens =    1, n_seqs =  1, n_outputs =    1
sched_reserve: Flash Attention was auto, set to enabled
sched_reserve: resolving fused Gated Delta Net support:
graph_reserve: reserving a graph for ubatch with n_tokens =    1, n_seqs =  1, n_outputs =    1
sched_reserve: fused Gated Delta Net (autoregressive) enabled
graph_reserve: reserving a graph for ubatch with n_tokens =   16, n_seqs =  1, n_outputs =   16
sched_reserve: fused Gated Delta Net (chunked) enabled
graph_reserve: reserving a graph for ubatch with n_tokens =  512, n_seqs =  1, n_outputs =  512
graph_reserve: reserving a graph for ubatch with n_tokens =    1, n_seqs =  1, n_outputs =    1
graph_reserve: reserving a graph for ubatch with n_tokens =  512, n_seqs =  1, n_outputs =  512
sched_reserve:      CUDA0 compute buffer size =   304.00 MiB
sched_reserve:  CUDA_Host compute buffer size =    14.76 MiB
sched_reserve: graph nodes  = 958
sched_reserve: graph splits = 44 (with bs=512), 2 (with bs=1)
sched_reserve: reserve took 22.23 ms, sched copies = 1
CUDA Graph id 19479 reused
ggml_backend_cuda_graph_compute: CUDA graph warmup complete
CUDA Graph id 19479 reused
CUDA Graph id 19479 reused
CUDA Graph id 19479 reused
CUDA Graph id 19479 reused
CUDA Graph id 19479 reused
CUDA Graph id 19479 reused
CUDA Graph id 19479 reused
CUDA Graph id 19479 reused
CUDA Graph id 19479 reused
CUDA Graph id 19479 reused
CUDA Graph id 19479 reused
CUDA Graph id 19479 reused
CUDA Graph id 19479 reused
CUDA Graph id 19479 reused
~llama_context:      CUDA0 compute buffer size is 304.0000 MiB, matches expectation of 304.0000 MiB
~llama_context:  CUDA_Host compute buffer size is  14.7637 MiB, matches expectation of  14.7637 MiB
llama_context: constructing llama_context
llama_context: n_seq_max     = 1
llama_context: n_ctx         = 768
llama_context: n_ctx_seq     = 768
llama_context: n_batch       = 643
llama_context: n_ubatch      = 512
llama_context: causal_attn   = 1
llama_context: flash_attn    = auto
llama_context: kv_unified    = false
llama_context: freq_base     = 1000000.0
llama_context: freq_scale    = 1
llama_context: n_rs_seq      = 0
llama_context: n_outputs_max = 643
llama_context: n_ctx_seq (768) < n_ctx_train (32768) -- the full capacity of the model will not be utilized
set_abort_callback: call
llama_context:  CUDA_Host  output buffer size =     0.58 MiB
llama_kv_cache: layer   0: dev = CPU
llama_kv_cache: layer   1: dev = CPU
llama_kv_cache: layer   2: dev = CPU
llama_kv_cache: layer   3: dev = CUDA0
llama_kv_cache: layer   4: dev = CUDA0
llama_kv_cache: layer   5: dev = CUDA0
llama_kv_cache: layer   6: dev = CUDA0
llama_kv_cache: layer   7: dev = CUDA0
llama_kv_cache: layer   8: dev = CUDA0
llama_kv_cache: layer   9: dev = CUDA0
llama_kv_cache: layer  10: dev = CUDA0
llama_kv_cache: layer  11: dev = CUDA0
llama_kv_cache: layer  12: dev = CUDA0
llama_kv_cache: layer  13: dev = CUDA0
llama_kv_cache: layer  14: dev = CUDA0
llama_kv_cache: layer  15: dev = CUDA0
llama_kv_cache: layer  16: dev = CUDA0
llama_kv_cache: layer  17: dev = CUDA0
llama_kv_cache: layer  18: dev = CUDA0
llama_kv_cache: layer  19: dev = CUDA0
llama_kv_cache: layer  20: dev = CUDA0
llama_kv_cache: layer  21: dev = CUDA0
llama_kv_cache: layer  22: dev = CUDA0
llama_kv_cache: layer  23: dev = CUDA0
llama_kv_cache: layer  24: dev = CUDA0
llama_kv_cache: layer  25: dev = CUDA0
llama_kv_cache: layer  26: dev = CUDA0
llama_kv_cache: layer  27: dev = CUDA0
llama_kv_cache:        CPU KV buffer size =     4.50 MiB
llama_kv_cache:      CUDA0 KV buffer size =    37.50 MiB
llama_kv_cache: size =   42.00 MiB (   768 cells,  28 layers,  1/1 seqs), K (f16):   21.00 MiB, V (f16):   21.00 MiB
llama_kv_cache: attn_rot_k = 0, n_embd_head_k_all = 128
llama_kv_cache: attn_rot_v = 0, n_embd_head_k_all = 128
llama_context: enumerating backends
llama_context: backend_ptrs.size() = 2
sched_reserve: reserving ...
sched_reserve: max_nodes = 2712
sched_reserve: reserving full memory module
sched_reserve: worst-case: n_tokens = 512, n_seqs = 1, n_outputs = 1
graph_reserve: reserving a graph for ubatch with n_tokens =    1, n_seqs =  1, n_outputs =    1
sched_reserve: Flash Attention was auto, set to enabled
sched_reserve: resolving fused Gated Delta Net support:
graph_reserve: reserving a graph for ubatch with n_tokens =    1, n_seqs =  1, n_outputs =    1
sched_reserve: fused Gated Delta Net (autoregressive) enabled
graph_reserve: reserving a graph for ubatch with n_tokens =   16, n_seqs =  1, n_outputs =   16
sched_reserve: fused Gated Delta Net (chunked) enabled
graph_reserve: reserving a graph for ubatch with n_tokens =  512, n_seqs =  1, n_outputs =  512
graph_reserve: reserving a graph for ubatch with n_tokens =    1, n_seqs =  1, n_outputs =    1
graph_reserve: reserving a graph for ubatch with n_tokens =  512, n_seqs =  1, n_outputs =  512
sched_reserve:      CUDA0 compute buffer size =   304.00 MiB
sched_reserve:  CUDA_Host compute buffer size =    14.76 MiB
sched_reserve: graph nodes  = 958
sched_reserve: graph splits = 44 (with bs=512), 2 (with bs=1)
sched_reserve: reserve took 19.54 ms, sched copies = 1
CUDA Graph id 19629 reused
ggml_backend_cuda_graph_compute: CUDA graph warmup complete
CUDA Graph id 19629 reused
CUDA Graph id 19629 reused
CUDA Graph id 19629 reused
CUDA Graph id 19629 reused
CUDA Graph id 19629 reused
CUDA Graph id 19629 reused
CUDA Graph id 19629 reused
CUDA Graph id 19629 reused
CUDA Graph id 19629 reused
CUDA Graph id 19629 reused
CUDA Graph id 19629 reused
CUDA Graph id 19629 reused
CUDA Graph id 19629 reused
CUDA Graph id 19629 reused
CUDA Graph id 19629 reused
CUDA Graph id 19629 reused
CUDA Graph id 19629 reused
CUDA Graph id 19629 reused
CUDA Graph id 19629 reused
CUDA Graph id 19629 reused
CUDA Graph id 19629 reused
CUDA Graph id 19629 reused
CUDA Graph id 19629 reused
~llama_context:      CUDA0 compute buffer size is 304.0000 MiB, matches expectation of 304.0000 MiB
~llama_context:  CUDA_Host compute buffer size is  14.7637 MiB, matches expectation of  14.7637 MiB
llama_context: constructing llama_context
llama_context: n_seq_max     = 1
llama_context: n_ctx         = 768
llama_context: n_ctx_seq     = 768
llama_context: n_batch       = 643
llama_context: n_ubatch      = 512
llama_context: causal_attn   = 1
llama_context: flash_attn    = auto
llama_context: kv_unified    = false
llama_context: freq_base     = 1000000.0
llama_context: freq_scale    = 1
llama_context: n_rs_seq      = 0
llama_context: n_outputs_max = 643
llama_context: n_ctx_seq (768) < n_ctx_train (32768) -- the full capacity of the model will not be utilized
set_abort_callback: call
llama_context:  CUDA_Host  output buffer size =     0.58 MiB
llama_kv_cache: layer   0: dev = CPU
llama_kv_cache: layer   1: dev = CPU
llama_kv_cache: layer   2: dev = CPU
llama_kv_cache: layer   3: dev = CUDA0
llama_kv_cache: layer   4: dev = CUDA0
llama_kv_cache: layer   5: dev = CUDA0
llama_kv_cache: layer   6: dev = CUDA0
llama_kv_cache: layer   7: dev = CUDA0
llama_kv_cache: layer   8: dev = CUDA0
llama_kv_cache: layer   9: dev = CUDA0
llama_kv_cache: layer  10: dev = CUDA0
llama_kv_cache: layer  11: dev = CUDA0
llama_kv_cache: layer  12: dev = CUDA0
llama_kv_cache: layer  13: dev = CUDA0
llama_kv_cache: layer  14: dev = CUDA0
llama_kv_cache: layer  15: dev = CUDA0
llama_kv_cache: layer  16: dev = CUDA0
llama_kv_cache: layer  17: dev = CUDA0
llama_kv_cache: layer  18: dev = CUDA0
llama_kv_cache: layer  19: dev = CUDA0
llama_kv_cache: layer  20: dev = CUDA0
llama_kv_cache: layer  21: dev = CUDA0
llama_kv_cache: layer  22: dev = CUDA0
llama_kv_cache: layer  23: dev = CUDA0
llama_kv_cache: layer  24: dev = CUDA0
llama_kv_cache: layer  25: dev = CUDA0
llama_kv_cache: layer  26: dev = CUDA0
llama_kv_cache: layer  27: dev = CUDA0
llama_kv_cache:        CPU KV buffer size =     4.50 MiB
llama_kv_cache:      CUDA0 KV buffer size =    37.50 MiB
llama_kv_cache: size =   42.00 MiB (   768 cells,  28 layers,  1/1 seqs), K (f16):   21.00 MiB, V (f16):   21.00 MiB
llama_kv_cache: attn_rot_k = 0, n_embd_head_k_all = 128
llama_kv_cache: attn_rot_v = 0, n_embd_head_k_all = 128
llama_context: enumerating backends
llama_context: backend_ptrs.size() = 2
sched_reserve: reserving ...
sched_reserve: max_nodes = 2712
sched_reserve: reserving full memory module
sched_reserve: worst-case: n_tokens = 512, n_seqs = 1, n_outputs = 1
graph_reserve: reserving a graph for ubatch with n_tokens =    1, n_seqs =  1, n_outputs =    1
sched_reserve: Flash Attention was auto, set to enabled
sched_reserve: resolving fused Gated Delta Net support:
graph_reserve: reserving a graph for ubatch with n_tokens =    1, n_seqs =  1, n_outputs =    1
sched_reserve: fused Gated Delta Net (autoregressive) enabled
graph_reserve: reserving a graph for ubatch with n_tokens =   16, n_seqs =  1, n_outputs =   16
sched_reserve: fused Gated Delta Net (chunked) enabled
graph_reserve: reserving a graph for ubatch with n_tokens =  512, n_seqs =  1, n_outputs =  512
graph_reserve: reserving a graph for ubatch with n_tokens =    1, n_seqs =  1, n_outputs =    1
graph_reserve: reserving a graph for ubatch with n_tokens =  512, n_seqs =  1, n_outputs =  512
sched_reserve:      CUDA0 compute buffer size =   304.00 MiB
sched_reserve:  CUDA_Host compute buffer size =    14.76 MiB
sched_reserve: graph nodes  = 958
sched_reserve: graph splits = 44 (with bs=512), 2 (with bs=1)
sched_reserve: reserve took 19.70 ms, sched copies = 1
CUDA Graph id 19779 reused
ggml_backend_cuda_graph_compute: CUDA graph warmup complete
CUDA Graph id 19779 reused
CUDA Graph id 19779 reused
CUDA Graph id 19779 reused
CUDA Graph id 19779 reused
CUDA Graph id 19779 reused
CUDA Graph id 19779 reused
CUDA Graph id 19779 reused
CUDA Graph id 19779 reused
CUDA Graph id 19779 reused
CUDA Graph id 19779 reused
CUDA Graph id 19779 reused
CUDA Graph id 19779 reused
~llama_context:      CUDA0 compute buffer size is 304.0000 MiB, matches expectation of 304.0000 MiB
~llama_context:  CUDA_Host compute buffer size is  14.7637 MiB, matches expectation of  14.7637 MiB
llama_context: constructing llama_context
llama_context: n_seq_max     = 1
llama_context: n_ctx         = 768
llama_context: n_ctx_seq     = 768
llama_context: n_batch       = 643
llama_context: n_ubatch      = 512
llama_context: causal_attn   = 1
llama_context: flash_attn    = auto
llama_context: kv_unified    = false
llama_context: freq_base     = 1000000.0
llama_context: freq_scale    = 1
llama_context: n_rs_seq      = 0
llama_context: n_outputs_max = 643
llama_context: n_ctx_seq (768) < n_ctx_train (32768) -- the full capacity of the model will not be utilized
set_abort_callback: call
llama_context:  CUDA_Host  output buffer size =     0.58 MiB
llama_kv_cache: layer   0: dev = CPU
llama_kv_cache: layer   1: dev = CPU
llama_kv_cache: layer   2: dev = CPU
llama_kv_cache: layer   3: dev = CUDA0
llama_kv_cache: layer   4: dev = CUDA0
llama_kv_cache: layer   5: dev = CUDA0
llama_kv_cache: layer   6: dev = CUDA0
llama_kv_cache: layer   7: dev = CUDA0
llama_kv_cache: layer   8: dev = CUDA0
llama_kv_cache: layer   9: dev = CUDA0
llama_kv_cache: layer  10: dev = CUDA0
llama_kv_cache: layer  11: dev = CUDA0
llama_kv_cache: layer  12: dev = CUDA0
llama_kv_cache: layer  13: dev = CUDA0
llama_kv_cache: layer  14: dev = CUDA0
llama_kv_cache: layer  15: dev = CUDA0
llama_kv_cache: layer  16: dev = CUDA0
llama_kv_cache: layer  17: dev = CUDA0
llama_kv_cache: layer  18: dev = CUDA0
llama_kv_cache: layer  19: dev = CUDA0
llama_kv_cache: layer  20: dev = CUDA0
llama_kv_cache: layer  21: dev = CUDA0
llama_kv_cache: layer  22: dev = CUDA0
llama_kv_cache: layer  23: dev = CUDA0
llama_kv_cache: layer  24: dev = CUDA0
llama_kv_cache: layer  25: dev = CUDA0
llama_kv_cache: layer  26: dev = CUDA0
llama_kv_cache: layer  27: dev = CUDA0
llama_kv_cache:        CPU KV buffer size =     4.50 MiB
llama_kv_cache:      CUDA0 KV buffer size =    37.50 MiB
llama_kv_cache: size =   42.00 MiB (   768 cells,  28 layers,  1/1 seqs), K (f16):   21.00 MiB, V (f16):   21.00 MiB
llama_kv_cache: attn_rot_k = 0, n_embd_head_k_all = 128
llama_kv_cache: attn_rot_v = 0, n_embd_head_k_all = 128
llama_context: enumerating backends
llama_context: backend_ptrs.size() = 2
sched_reserve: reserving ...
sched_reserve: max_nodes = 2712
sched_reserve: reserving full memory module
sched_reserve: worst-case: n_tokens = 512, n_seqs = 1, n_outputs = 1
graph_reserve: reserving a graph for ubatch with n_tokens =    1, n_seqs =  1, n_outputs =    1
sched_reserve: Flash Attention was auto, set to enabled
sched_reserve: resolving fused Gated Delta Net support:
graph_reserve: reserving a graph for ubatch with n_tokens =    1, n_seqs =  1, n_outputs =    1
sched_reserve: fused Gated Delta Net (autoregressive) enabled
graph_reserve: reserving a graph for ubatch with n_tokens =   16, n_seqs =  1, n_outputs =   16
sched_reserve: fused Gated Delta Net (chunked) enabled
graph_reserve: reserving a graph for ubatch with n_tokens =  512, n_seqs =  1, n_outputs =  512
graph_reserve: reserving a graph for ubatch with n_tokens =    1, n_seqs =  1, n_outputs =    1
graph_reserve: reserving a graph for ubatch with n_tokens =  512, n_seqs =  1, n_outputs =  512
sched_reserve:      CUDA0 compute buffer size =   304.00 MiB
sched_reserve:  CUDA_Host compute buffer size =    14.76 MiB
sched_reserve: graph nodes  = 958
sched_reserve: graph splits = 44 (with bs=512), 2 (with bs=1)
sched_reserve: reserve took 25.82 ms, sched copies = 1
CUDA Graph id 19929 reused
ggml_backend_cuda_graph_compute: CUDA graph warmup complete
CUDA Graph id 19929 reused
CUDA Graph id 19929 reused
CUDA Graph id 19929 reused
CUDA Graph id 19929 reused
CUDA Graph id 19929 reused
CUDA Graph id 19929 reused
CUDA Graph id 19929 reused
CUDA Graph id 19929 reused
CUDA Graph id 19929 reused
CUDA Graph id 19929 reused
CUDA Graph id 19929 reused
CUDA Graph id 19929 reused
CUDA Graph id 19929 reused
CUDA Graph id 19929 reused
CUDA Graph id 19929 reused
CUDA Graph id 19929 reused
CUDA Graph id 19929 reused
CUDA Graph id 19929 reused
CUDA Graph id 19929 reused
CUDA Graph id 19929 reused
CUDA Graph id 19929 reused
CUDA Graph id 19929 reused
CUDA Graph id 19929 reused
CUDA Graph id 19929 reused
CUDA Graph id 19929 reused
CUDA Graph id 19929 reused
CUDA Graph id 19929 reused
CUDA Graph id 19929 reused
CUDA Graph id 19929 reused
CUDA Graph id 19929 reused
CUDA Graph id 19929 reused
CUDA Graph id 19929 reused
CUDA Graph id 19929 reused
CUDA Graph id 19929 reused
CUDA Graph id 19929 reused
CUDA Graph id 19929 reused
CUDA Graph id 19929 reused
CUDA Graph id 19929 reused
CUDA Graph id 19929 reused
CUDA Graph id 19929 reused
CUDA Graph id 19929 reused
CUDA Graph id 19929 reused
CUDA Graph id 19929 reused
CUDA Graph id 19929 reused
CUDA Graph id 19929 reused
CUDA Graph id 19929 reused
CUDA Graph id 19929 reused
CUDA Graph id 19929 reused
CUDA Graph id 19929 reused
CUDA Graph id 19929 reused
CUDA Graph id 19929 reused
CUDA Graph id 19929 reused
CUDA Graph id 19929 reused
CUDA Graph id 19929 reused
CUDA Graph id 19929 reused
CUDA Graph id 19929 reused
CUDA Graph id 19929 reused
CUDA Graph id 19929 reused
CUDA Graph id 19929 reused
CUDA Graph id 19929 reused
CUDA Graph id 19929 reused
CUDA Graph id 19929 reused
CUDA Graph id 19929 reused
CUDA Graph id 19929 reused
CUDA Graph id 19929 reused
CUDA Graph id 19929 reused
CUDA Graph id 19929 reused
CUDA Graph id 19929 reused
CUDA Graph id 19929 reused
CUDA Graph id 19929 reused
CUDA Graph id 19929 reused
CUDA Graph id 19929 reused
CUDA Graph id 19929 reused
CUDA Graph id 19929 reused
CUDA Graph id 19929 reused
CUDA Graph id 19929 reused
CUDA Graph id 19929 reused
CUDA Graph id 19929 reused
CUDA Graph id 19929 reused
CUDA Graph id 19929 reused
CUDA Graph id 19929 reused
~llama_context:      CUDA0 compute buffer size is 304.0000 MiB, matches expectation of 304.0000 MiB
~llama_context:  CUDA_Host compute buffer size is  14.7637 MiB, matches expectation of  14.7637 MiB
schema 22/25 done
llama_context: constructing llama_context
llama_context: n_seq_max     = 1
llama_context: n_ctx         = 768
llama_context: n_ctx_seq     = 768
llama_context: n_batch       = 696
llama_context: n_ubatch      = 512
llama_context: causal_attn   = 1
llama_context: flash_attn    = auto
llama_context: kv_unified    = false
llama_context: freq_base     = 1000000.0
llama_context: freq_scale    = 1
llama_context: n_rs_seq      = 0
llama_context: n_outputs_max = 696
llama_context: n_ctx_seq (768) < n_ctx_train (32768) -- the full capacity of the model will not be utilized
set_abort_callback: call
llama_context:  CUDA_Host  output buffer size =     0.58 MiB
llama_kv_cache: layer   0: dev = CPU
llama_kv_cache: layer   1: dev = CPU
llama_kv_cache: layer   2: dev = CPU
llama_kv_cache: layer   3: dev = CUDA0
llama_kv_cache: layer   4: dev = CUDA0
llama_kv_cache: layer   5: dev = CUDA0
llama_kv_cache: layer   6: dev = CUDA0
llama_kv_cache: layer   7: dev = CUDA0
llama_kv_cache: layer   8: dev = CUDA0
llama_kv_cache: layer   9: dev = CUDA0
llama_kv_cache: layer  10: dev = CUDA0
llama_kv_cache: layer  11: dev = CUDA0
llama_kv_cache: layer  12: dev = CUDA0
llama_kv_cache: layer  13: dev = CUDA0
llama_kv_cache: layer  14: dev = CUDA0
llama_kv_cache: layer  15: dev = CUDA0
llama_kv_cache: layer  16: dev = CUDA0
llama_kv_cache: layer  17: dev = CUDA0
llama_kv_cache: layer  18: dev = CUDA0
llama_kv_cache: layer  19: dev = CUDA0
llama_kv_cache: layer  20: dev = CUDA0
llama_kv_cache: layer  21: dev = CUDA0
llama_kv_cache: layer  22: dev = CUDA0
llama_kv_cache: layer  23: dev = CUDA0
llama_kv_cache: layer  24: dev = CUDA0
llama_kv_cache: layer  25: dev = CUDA0
llama_kv_cache: layer  26: dev = CUDA0
llama_kv_cache: layer  27: dev = CUDA0
llama_kv_cache:        CPU KV buffer size =     4.50 MiB
llama_kv_cache:      CUDA0 KV buffer size =    37.50 MiB
llama_kv_cache: size =   42.00 MiB (   768 cells,  28 layers,  1/1 seqs), K (f16):   21.00 MiB, V (f16):   21.00 MiB
llama_kv_cache: attn_rot_k = 0, n_embd_head_k_all = 128
llama_kv_cache: attn_rot_v = 0, n_embd_head_k_all = 128
llama_context: enumerating backends
llama_context: backend_ptrs.size() = 2
sched_reserve: reserving ...
sched_reserve: max_nodes = 2712
sched_reserve: reserving full memory module
sched_reserve: worst-case: n_tokens = 512, n_seqs = 1, n_outputs = 1
graph_reserve: reserving a graph for ubatch with n_tokens =    1, n_seqs =  1, n_outputs =    1
sched_reserve: Flash Attention was auto, set to enabled
sched_reserve: resolving fused Gated Delta Net support:
graph_reserve: reserving a graph for ubatch with n_tokens =    1, n_seqs =  1, n_outputs =    1
sched_reserve: fused Gated Delta Net (autoregressive) enabled
graph_reserve: reserving a graph for ubatch with n_tokens =   16, n_seqs =  1, n_outputs =   16
sched_reserve: fused Gated Delta Net (chunked) enabled
graph_reserve: reserving a graph for ubatch with n_tokens =  512, n_seqs =  1, n_outputs =  512
graph_reserve: reserving a graph for ubatch with n_tokens =    1, n_seqs =  1, n_outputs =    1
graph_reserve: reserving a graph for ubatch with n_tokens =  512, n_seqs =  1, n_outputs =  512
sched_reserve:      CUDA0 compute buffer size =   304.00 MiB
sched_reserve:  CUDA_Host compute buffer size =    14.76 MiB
sched_reserve: graph nodes  = 958
sched_reserve: graph splits = 44 (with bs=512), 2 (with bs=1)
sched_reserve: reserve took 18.09 ms, sched copies = 1
CUDA Graph id 20079 reused
ggml_backend_cuda_graph_compute: CUDA graph warmup complete
CUDA Graph id 20079 reused
CUDA Graph id 20079 reused
CUDA Graph id 20079 reused
CUDA Graph id 20079 reused
CUDA Graph id 20079 reused
CUDA Graph id 20079 reused
CUDA Graph id 20079 reused
CUDA Graph id 20079 reused
CUDA Graph id 20079 reused
CUDA Graph id 20079 reused
CUDA Graph id 20079 reused
CUDA Graph id 20079 reused
CUDA Graph id 20079 reused
CUDA Graph id 20079 reused
CUDA Graph id 20079 reused
CUDA Graph id 20079 reused
CUDA Graph id 20079 reused
CUDA Graph id 20079 reused
CUDA Graph id 20079 reused
CUDA Graph id 20079 reused
~llama_context:      CUDA0 compute buffer size is 304.0000 MiB, matches expectation of 304.0000 MiB
~llama_context:  CUDA_Host compute buffer size is  14.7637 MiB, matches expectation of  14.7637 MiB
llama_context: constructing llama_context
llama_context: n_seq_max     = 1
llama_context: n_ctx         = 768
llama_context: n_ctx_seq     = 768
llama_context: n_batch       = 696
llama_context: n_ubatch      = 512
llama_context: causal_attn   = 1
llama_context: flash_attn    = auto
llama_context: kv_unified    = false
llama_context: freq_base     = 1000000.0
llama_context: freq_scale    = 1
llama_context: n_rs_seq      = 0
llama_context: n_outputs_max = 696
llama_context: n_ctx_seq (768) < n_ctx_train (32768) -- the full capacity of the model will not be utilized
set_abort_callback: call
llama_context:  CUDA_Host  output buffer size =     0.58 MiB
llama_kv_cache: layer   0: dev = CPU
llama_kv_cache: layer   1: dev = CPU
llama_kv_cache: layer   2: dev = CPU
llama_kv_cache: layer   3: dev = CUDA0
llama_kv_cache: layer   4: dev = CUDA0
llama_kv_cache: layer   5: dev = CUDA0
llama_kv_cache: layer   6: dev = CUDA0
llama_kv_cache: layer   7: dev = CUDA0
llama_kv_cache: layer   8: dev = CUDA0
llama_kv_cache: layer   9: dev = CUDA0
llama_kv_cache: layer  10: dev = CUDA0
llama_kv_cache: layer  11: dev = CUDA0
llama_kv_cache: layer  12: dev = CUDA0
llama_kv_cache: layer  13: dev = CUDA0
llama_kv_cache: layer  14: dev = CUDA0
llama_kv_cache: layer  15: dev = CUDA0
llama_kv_cache: layer  16: dev = CUDA0
llama_kv_cache: layer  17: dev = CUDA0
llama_kv_cache: layer  18: dev = CUDA0
llama_kv_cache: layer  19: dev = CUDA0
llama_kv_cache: layer  20: dev = CUDA0
llama_kv_cache: layer  21: dev = CUDA0
llama_kv_cache: layer  22: dev = CUDA0
llama_kv_cache: layer  23: dev = CUDA0
llama_kv_cache: layer  24: dev = CUDA0
llama_kv_cache: layer  25: dev = CUDA0
llama_kv_cache: layer  26: dev = CUDA0
llama_kv_cache: layer  27: dev = CUDA0
llama_kv_cache:        CPU KV buffer size =     4.50 MiB
llama_kv_cache:      CUDA0 KV buffer size =    37.50 MiB
llama_kv_cache: size =   42.00 MiB (   768 cells,  28 layers,  1/1 seqs), K (f16):   21.00 MiB, V (f16):   21.00 MiB
llama_kv_cache: attn_rot_k = 0, n_embd_head_k_all = 128
llama_kv_cache: attn_rot_v = 0, n_embd_head_k_all = 128
llama_context: enumerating backends
llama_context: backend_ptrs.size() = 2
sched_reserve: reserving ...
sched_reserve: max_nodes = 2712
sched_reserve: reserving full memory module
sched_reserve: worst-case: n_tokens = 512, n_seqs = 1, n_outputs = 1
graph_reserve: reserving a graph for ubatch with n_tokens =    1, n_seqs =  1, n_outputs =    1
sched_reserve: Flash Attention was auto, set to enabled
sched_reserve: resolving fused Gated Delta Net support:
graph_reserve: reserving a graph for ubatch with n_tokens =    1, n_seqs =  1, n_outputs =    1
sched_reserve: fused Gated Delta Net (autoregressive) enabled
graph_reserve: reserving a graph for ubatch with n_tokens =   16, n_seqs =  1, n_outputs =   16
sched_reserve: fused Gated Delta Net (chunked) enabled
graph_reserve: reserving a graph for ubatch with n_tokens =  512, n_seqs =  1, n_outputs =  512
graph_reserve: reserving a graph for ubatch with n_tokens =    1, n_seqs =  1, n_outputs =    1
graph_reserve: reserving a graph for ubatch with n_tokens =  512, n_seqs =  1, n_outputs =  512
sched_reserve:      CUDA0 compute buffer size =   304.00 MiB
sched_reserve:  CUDA_Host compute buffer size =    14.76 MiB
sched_reserve: graph nodes  = 958
sched_reserve: graph splits = 44 (with bs=512), 2 (with bs=1)
sched_reserve: reserve took 23.80 ms, sched copies = 1
CUDA Graph id 20229 reused
ggml_backend_cuda_graph_compute: CUDA graph warmup complete
CUDA Graph id 20229 reused
CUDA Graph id 20229 reused
CUDA Graph id 20229 reused
CUDA Graph id 20229 reused
CUDA Graph id 20229 reused
CUDA Graph id 20229 reused
CUDA Graph id 20229 reused
CUDA Graph id 20229 reused
CUDA Graph id 20229 reused
CUDA Graph id 20229 reused
CUDA Graph id 20229 reused
CUDA Graph id 20229 reused
CUDA Graph id 20229 reused
CUDA Graph id 20229 reused
CUDA Graph id 20229 reused
CUDA Graph id 20229 reused
CUDA Graph id 20229 reused
CUDA Graph id 20229 reused
CUDA Graph id 20229 reused
CUDA Graph id 20229 reused
~llama_context:      CUDA0 compute buffer size is 304.0000 MiB, matches expectation of 304.0000 MiB
~llama_context:  CUDA_Host compute buffer size is  14.7637 MiB, matches expectation of  14.7637 MiB
llama_context: constructing llama_context
llama_context: n_seq_max     = 1
llama_context: n_ctx         = 768
llama_context: n_ctx_seq     = 768
llama_context: n_batch       = 696
llama_context: n_ubatch      = 512
llama_context: causal_attn   = 1
llama_context: flash_attn    = auto
llama_context: kv_unified    = false
llama_context: freq_base     = 1000000.0
llama_context: freq_scale    = 1
llama_context: n_rs_seq      = 0
llama_context: n_outputs_max = 696
llama_context: n_ctx_seq (768) < n_ctx_train (32768) -- the full capacity of the model will not be utilized
set_abort_callback: call
llama_context:  CUDA_Host  output buffer size =     0.58 MiB
llama_kv_cache: layer   0: dev = CPU
llama_kv_cache: layer   1: dev = CPU
llama_kv_cache: layer   2: dev = CPU
llama_kv_cache: layer   3: dev = CUDA0
llama_kv_cache: layer   4: dev = CUDA0
llama_kv_cache: layer   5: dev = CUDA0
llama_kv_cache: layer   6: dev = CUDA0
llama_kv_cache: layer   7: dev = CUDA0
llama_kv_cache: layer   8: dev = CUDA0
llama_kv_cache: layer   9: dev = CUDA0
llama_kv_cache: layer  10: dev = CUDA0
llama_kv_cache: layer  11: dev = CUDA0
llama_kv_cache: layer  12: dev = CUDA0
llama_kv_cache: layer  13: dev = CUDA0
llama_kv_cache: layer  14: dev = CUDA0
llama_kv_cache: layer  15: dev = CUDA0
llama_kv_cache: layer  16: dev = CUDA0
llama_kv_cache: layer  17: dev = CUDA0
llama_kv_cache: layer  18: dev = CUDA0
llama_kv_cache: layer  19: dev = CUDA0
llama_kv_cache: layer  20: dev = CUDA0
llama_kv_cache: layer  21: dev = CUDA0
llama_kv_cache: layer  22: dev = CUDA0
llama_kv_cache: layer  23: dev = CUDA0
llama_kv_cache: layer  24: dev = CUDA0
llama_kv_cache: layer  25: dev = CUDA0
llama_kv_cache: layer  26: dev = CUDA0
llama_kv_cache: layer  27: dev = CUDA0
llama_kv_cache:        CPU KV buffer size =     4.50 MiB
llama_kv_cache:      CUDA0 KV buffer size =    37.50 MiB
llama_kv_cache: size =   42.00 MiB (   768 cells,  28 layers,  1/1 seqs), K (f16):   21.00 MiB, V (f16):   21.00 MiB
llama_kv_cache: attn_rot_k = 0, n_embd_head_k_all = 128
llama_kv_cache: attn_rot_v = 0, n_embd_head_k_all = 128
llama_context: enumerating backends
llama_context: backend_ptrs.size() = 2
sched_reserve: reserving ...
sched_reserve: max_nodes = 2712
sched_reserve: reserving full memory module
sched_reserve: worst-case: n_tokens = 512, n_seqs = 1, n_outputs = 1
graph_reserve: reserving a graph for ubatch with n_tokens =    1, n_seqs =  1, n_outputs =    1
sched_reserve: Flash Attention was auto, set to enabled
sched_reserve: resolving fused Gated Delta Net support:
graph_reserve: reserving a graph for ubatch with n_tokens =    1, n_seqs =  1, n_outputs =    1
sched_reserve: fused Gated Delta Net (autoregressive) enabled
graph_reserve: reserving a graph for ubatch with n_tokens =   16, n_seqs =  1, n_outputs =   16
sched_reserve: fused Gated Delta Net (chunked) enabled
graph_reserve: reserving a graph for ubatch with n_tokens =  512, n_seqs =  1, n_outputs =  512
graph_reserve: reserving a graph for ubatch with n_tokens =    1, n_seqs =  1, n_outputs =    1
graph_reserve: reserving a graph for ubatch with n_tokens =  512, n_seqs =  1, n_outputs =  512
sched_reserve:      CUDA0 compute buffer size =   304.00 MiB
sched_reserve:  CUDA_Host compute buffer size =    14.76 MiB
sched_reserve: graph nodes  = 958
sched_reserve: graph splits = 44 (with bs=512), 2 (with bs=1)
sched_reserve: reserve took 21.59 ms, sched copies = 1
CUDA Graph id 20379 reused
ggml_backend_cuda_graph_compute: CUDA graph warmup complete
CUDA Graph id 20379 reused
CUDA Graph id 20379 reused
CUDA Graph id 20379 reused
CUDA Graph id 20379 reused
CUDA Graph id 20379 reused
~llama_context:      CUDA0 compute buffer size is 304.0000 MiB, matches expectation of 304.0000 MiB
~llama_context:  CUDA_Host compute buffer size is  14.7637 MiB, matches expectation of  14.7637 MiB
llama_context: constructing llama_context
llama_context: n_seq_max     = 1
llama_context: n_ctx         = 768
llama_context: n_ctx_seq     = 768
llama_context: n_batch       = 696
llama_context: n_ubatch      = 512
llama_context: causal_attn   = 1
llama_context: flash_attn    = auto
llama_context: kv_unified    = false
llama_context: freq_base     = 1000000.0
llama_context: freq_scale    = 1
llama_context: n_rs_seq      = 0
llama_context: n_outputs_max = 696
llama_context: n_ctx_seq (768) < n_ctx_train (32768) -- the full capacity of the model will not be utilized
set_abort_callback: call
llama_context:  CUDA_Host  output buffer size =     0.58 MiB
llama_kv_cache: layer   0: dev = CPU
llama_kv_cache: layer   1: dev = CPU
llama_kv_cache: layer   2: dev = CPU
llama_kv_cache: layer   3: dev = CUDA0
llama_kv_cache: layer   4: dev = CUDA0
llama_kv_cache: layer   5: dev = CUDA0
llama_kv_cache: layer   6: dev = CUDA0
llama_kv_cache: layer   7: dev = CUDA0
llama_kv_cache: layer   8: dev = CUDA0
llama_kv_cache: layer   9: dev = CUDA0
llama_kv_cache: layer  10: dev = CUDA0
llama_kv_cache: layer  11: dev = CUDA0
llama_kv_cache: layer  12: dev = CUDA0
llama_kv_cache: layer  13: dev = CUDA0
llama_kv_cache: layer  14: dev = CUDA0
llama_kv_cache: layer  15: dev = CUDA0
llama_kv_cache: layer  16: dev = CUDA0
llama_kv_cache: layer  17: dev = CUDA0
llama_kv_cache: layer  18: dev = CUDA0
llama_kv_cache: layer  19: dev = CUDA0
llama_kv_cache: layer  20: dev = CUDA0
llama_kv_cache: layer  21: dev = CUDA0
llama_kv_cache: layer  22: dev = CUDA0
llama_kv_cache: layer  23: dev = CUDA0
llama_kv_cache: layer  24: dev = CUDA0
llama_kv_cache: layer  25: dev = CUDA0
llama_kv_cache: layer  26: dev = CUDA0
llama_kv_cache: layer  27: dev = CUDA0
llama_kv_cache:        CPU KV buffer size =     4.50 MiB
llama_kv_cache:      CUDA0 KV buffer size =    37.50 MiB
llama_kv_cache: size =   42.00 MiB (   768 cells,  28 layers,  1/1 seqs), K (f16):   21.00 MiB, V (f16):   21.00 MiB
llama_kv_cache: attn_rot_k = 0, n_embd_head_k_all = 128
llama_kv_cache: attn_rot_v = 0, n_embd_head_k_all = 128
llama_context: enumerating backends
llama_context: backend_ptrs.size() = 2
sched_reserve: reserving ...
sched_reserve: max_nodes = 2712
sched_reserve: reserving full memory module
sched_reserve: worst-case: n_tokens = 512, n_seqs = 1, n_outputs = 1
graph_reserve: reserving a graph for ubatch with n_tokens =    1, n_seqs =  1, n_outputs =    1
sched_reserve: Flash Attention was auto, set to enabled
sched_reserve: resolving fused Gated Delta Net support:
graph_reserve: reserving a graph for ubatch with n_tokens =    1, n_seqs =  1, n_outputs =    1
sched_reserve: fused Gated Delta Net (autoregressive) enabled
graph_reserve: reserving a graph for ubatch with n_tokens =   16, n_seqs =  1, n_outputs =   16
sched_reserve: fused Gated Delta Net (chunked) enabled
graph_reserve: reserving a graph for ubatch with n_tokens =  512, n_seqs =  1, n_outputs =  512
graph_reserve: reserving a graph for ubatch with n_tokens =    1, n_seqs =  1, n_outputs =    1
graph_reserve: reserving a graph for ubatch with n_tokens =  512, n_seqs =  1, n_outputs =  512
sched_reserve:      CUDA0 compute buffer size =   304.00 MiB
sched_reserve:  CUDA_Host compute buffer size =    14.76 MiB
sched_reserve: graph nodes  = 958
sched_reserve: graph splits = 44 (with bs=512), 2 (with bs=1)
sched_reserve: reserve took 27.96 ms, sched copies = 1
CUDA Graph id 20529 reused
ggml_backend_cuda_graph_compute: CUDA graph warmup complete
CUDA Graph id 20529 reused
CUDA Graph id 20529 reused
CUDA Graph id 20529 reused
CUDA Graph id 20529 reused
CUDA Graph id 20529 reused
CUDA Graph id 20529 reused
CUDA Graph id 20529 reused
CUDA Graph id 20529 reused
CUDA Graph id 20529 reused
CUDA Graph id 20529 reused
CUDA Graph id 20529 reused
CUDA Graph id 20529 reused
CUDA Graph id 20529 reused
CUDA Graph id 20529 reused
CUDA Graph id 20529 reused
~llama_context:      CUDA0 compute buffer size is 304.0000 MiB, matches expectation of 304.0000 MiB
~llama_context:  CUDA_Host compute buffer size is  14.7637 MiB, matches expectation of  14.7637 MiB
llama_context: constructing llama_context
llama_context: n_seq_max     = 1
llama_context: n_ctx         = 768
llama_context: n_ctx_seq     = 768
llama_context: n_batch       = 696
llama_context: n_ubatch      = 512
llama_context: causal_attn   = 1
llama_context: flash_attn    = auto
llama_context: kv_unified    = false
llama_context: freq_base     = 1000000.0
llama_context: freq_scale    = 1
llama_context: n_rs_seq      = 0
llama_context: n_outputs_max = 696
llama_context: n_ctx_seq (768) < n_ctx_train (32768) -- the full capacity of the model will not be utilized
set_abort_callback: call
llama_context:  CUDA_Host  output buffer size =     0.58 MiB
llama_kv_cache: layer   0: dev = CPU
llama_kv_cache: layer   1: dev = CPU
llama_kv_cache: layer   2: dev = CPU
llama_kv_cache: layer   3: dev = CUDA0
llama_kv_cache: layer   4: dev = CUDA0
llama_kv_cache: layer   5: dev = CUDA0
llama_kv_cache: layer   6: dev = CUDA0
llama_kv_cache: layer   7: dev = CUDA0
llama_kv_cache: layer   8: dev = CUDA0
llama_kv_cache: layer   9: dev = CUDA0
llama_kv_cache: layer  10: dev = CUDA0
llama_kv_cache: layer  11: dev = CUDA0
llama_kv_cache: layer  12: dev = CUDA0
llama_kv_cache: layer  13: dev = CUDA0
llama_kv_cache: layer  14: dev = CUDA0
llama_kv_cache: layer  15: dev = CUDA0
llama_kv_cache: layer  16: dev = CUDA0
llama_kv_cache: layer  17: dev = CUDA0
llama_kv_cache: layer  18: dev = CUDA0
llama_kv_cache: layer  19: dev = CUDA0
llama_kv_cache: layer  20: dev = CUDA0
llama_kv_cache: layer  21: dev = CUDA0
llama_kv_cache: layer  22: dev = CUDA0
llama_kv_cache: layer  23: dev = CUDA0
llama_kv_cache: layer  24: dev = CUDA0
llama_kv_cache: layer  25: dev = CUDA0
llama_kv_cache: layer  26: dev = CUDA0
llama_kv_cache: layer  27: dev = CUDA0
llama_kv_cache:        CPU KV buffer size =     4.50 MiB
llama_kv_cache:      CUDA0 KV buffer size =    37.50 MiB
llama_kv_cache: size =   42.00 MiB (   768 cells,  28 layers,  1/1 seqs), K (f16):   21.00 MiB, V (f16):   21.00 MiB
llama_kv_cache: attn_rot_k = 0, n_embd_head_k_all = 128
llama_kv_cache: attn_rot_v = 0, n_embd_head_k_all = 128
llama_context: enumerating backends
llama_context: backend_ptrs.size() = 2
sched_reserve: reserving ...
sched_reserve: max_nodes = 2712
sched_reserve: reserving full memory module
sched_reserve: worst-case: n_tokens = 512, n_seqs = 1, n_outputs = 1
graph_reserve: reserving a graph for ubatch with n_tokens =    1, n_seqs =  1, n_outputs =    1
sched_reserve: Flash Attention was auto, set to enabled
sched_reserve: resolving fused Gated Delta Net support:
graph_reserve: reserving a graph for ubatch with n_tokens =    1, n_seqs =  1, n_outputs =    1
sched_reserve: fused Gated Delta Net (autoregressive) enabled
graph_reserve: reserving a graph for ubatch with n_tokens =   16, n_seqs =  1, n_outputs =   16
sched_reserve: fused Gated Delta Net (chunked) enabled
graph_reserve: reserving a graph for ubatch with n_tokens =  512, n_seqs =  1, n_outputs =  512
graph_reserve: reserving a graph for ubatch with n_tokens =    1, n_seqs =  1, n_outputs =    1
graph_reserve: reserving a graph for ubatch with n_tokens =  512, n_seqs =  1, n_outputs =  512
sched_reserve:      CUDA0 compute buffer size =   304.00 MiB
sched_reserve:  CUDA_Host compute buffer size =    14.76 MiB
sched_reserve: graph nodes  = 958
sched_reserve: graph splits = 44 (with bs=512), 2 (with bs=1)
sched_reserve: reserve took 19.43 ms, sched copies = 1
CUDA Graph id 20679 reused
ggml_backend_cuda_graph_compute: CUDA graph warmup complete
CUDA Graph id 20679 reused
CUDA Graph id 20679 reused
CUDA Graph id 20679 reused
CUDA Graph id 20679 reused
CUDA Graph id 20679 reused
~llama_context:      CUDA0 compute buffer size is 304.0000 MiB, matches expectation of 304.0000 MiB
~llama_context:  CUDA_Host compute buffer size is  14.7637 MiB, matches expectation of  14.7637 MiB
llama_context: constructing llama_context
llama_context: n_seq_max     = 1
llama_context: n_ctx         = 768
llama_context: n_ctx_seq     = 768
llama_context: n_batch       = 696
llama_context: n_ubatch      = 512
llama_context: causal_attn   = 1
llama_context: flash_attn    = auto
llama_context: kv_unified    = false
llama_context: freq_base     = 1000000.0
llama_context: freq_scale    = 1
llama_context: n_rs_seq      = 0
llama_context: n_outputs_max = 696
llama_context: n_ctx_seq (768) < n_ctx_train (32768) -- the full capacity of the model will not be utilized
set_abort_callback: call
llama_context:  CUDA_Host  output buffer size =     0.58 MiB
llama_kv_cache: layer   0: dev = CPU
llama_kv_cache: layer   1: dev = CPU
llama_kv_cache: layer   2: dev = CPU
llama_kv_cache: layer   3: dev = CUDA0
llama_kv_cache: layer   4: dev = CUDA0
llama_kv_cache: layer   5: dev = CUDA0
llama_kv_cache: layer   6: dev = CUDA0
llama_kv_cache: layer   7: dev = CUDA0
llama_kv_cache: layer   8: dev = CUDA0
llama_kv_cache: layer   9: dev = CUDA0
llama_kv_cache: layer  10: dev = CUDA0
llama_kv_cache: layer  11: dev = CUDA0
llama_kv_cache: layer  12: dev = CUDA0
llama_kv_cache: layer  13: dev = CUDA0
llama_kv_cache: layer  14: dev = CUDA0
llama_kv_cache: layer  15: dev = CUDA0
llama_kv_cache: layer  16: dev = CUDA0
llama_kv_cache: layer  17: dev = CUDA0
llama_kv_cache: layer  18: dev = CUDA0
llama_kv_cache: layer  19: dev = CUDA0
llama_kv_cache: layer  20: dev = CUDA0
llama_kv_cache: layer  21: dev = CUDA0
llama_kv_cache: layer  22: dev = CUDA0
llama_kv_cache: layer  23: dev = CUDA0
llama_kv_cache: layer  24: dev = CUDA0
llama_kv_cache: layer  25: dev = CUDA0
llama_kv_cache: layer  26: dev = CUDA0
llama_kv_cache: layer  27: dev = CUDA0
llama_kv_cache:        CPU KV buffer size =     4.50 MiB
llama_kv_cache:      CUDA0 KV buffer size =    37.50 MiB
llama_kv_cache: size =   42.00 MiB (   768 cells,  28 layers,  1/1 seqs), K (f16):   21.00 MiB, V (f16):   21.00 MiB
llama_kv_cache: attn_rot_k = 0, n_embd_head_k_all = 128
llama_kv_cache: attn_rot_v = 0, n_embd_head_k_all = 128
llama_context: enumerating backends
llama_context: backend_ptrs.size() = 2
sched_reserve: reserving ...
sched_reserve: max_nodes = 2712
sched_reserve: reserving full memory module
sched_reserve: worst-case: n_tokens = 512, n_seqs = 1, n_outputs = 1
graph_reserve: reserving a graph for ubatch with n_tokens =    1, n_seqs =  1, n_outputs =    1
sched_reserve: Flash Attention was auto, set to enabled
sched_reserve: resolving fused Gated Delta Net support:
graph_reserve: reserving a graph for ubatch with n_tokens =    1, n_seqs =  1, n_outputs =    1
sched_reserve: fused Gated Delta Net (autoregressive) enabled
graph_reserve: reserving a graph for ubatch with n_tokens =   16, n_seqs =  1, n_outputs =   16
sched_reserve: fused Gated Delta Net (chunked) enabled
graph_reserve: reserving a graph for ubatch with n_tokens =  512, n_seqs =  1, n_outputs =  512
graph_reserve: reserving a graph for ubatch with n_tokens =    1, n_seqs =  1, n_outputs =    1
graph_reserve: reserving a graph for ubatch with n_tokens =  512, n_seqs =  1, n_outputs =  512
sched_reserve:      CUDA0 compute buffer size =   304.00 MiB
sched_reserve:  CUDA_Host compute buffer size =    14.76 MiB
sched_reserve: graph nodes  = 958
sched_reserve: graph splits = 44 (with bs=512), 2 (with bs=1)
sched_reserve: reserve took 20.32 ms, sched copies = 1
CUDA Graph id 20829 reused
ggml_backend_cuda_graph_compute: CUDA graph warmup complete
CUDA Graph id 20829 reused
CUDA Graph id 20829 reused
CUDA Graph id 20829 reused
CUDA Graph id 20829 reused
CUDA Graph id 20829 reused
CUDA Graph id 20829 reused
CUDA Graph id 20829 reused
CUDA Graph id 20829 reused
CUDA Graph id 20829 reused
CUDA Graph id 20829 reused
CUDA Graph id 20829 reused
CUDA Graph id 20829 reused
CUDA Graph id 20829 reused
CUDA Graph id 20829 reused
CUDA Graph id 20829 reused
CUDA Graph id 20829 reused
CUDA Graph id 20829 reused
CUDA Graph id 20829 reused
CUDA Graph id 20829 reused
CUDA Graph id 20829 reused
CUDA Graph id 20829 reused
CUDA Graph id 20829 reused
CUDA Graph id 20829 reused
CUDA Graph id 20829 reused
CUDA Graph id 20829 reused
CUDA Graph id 20829 reused
CUDA Graph id 20829 reused
CUDA Graph id 20829 reused
CUDA Graph id 20829 reused
CUDA Graph id 20829 reused
CUDA Graph id 20829 reused
CUDA Graph id 20829 reused
CUDA Graph id 20829 reused
CUDA Graph id 20829 reused
CUDA Graph id 20829 reused
CUDA Graph id 20829 reused
CUDA Graph id 20829 reused
CUDA Graph id 20829 reused
CUDA Graph id 20829 reused
CUDA Graph id 20829 reused
CUDA Graph id 20829 reused
CUDA Graph id 20829 reused
CUDA Graph id 20829 reused
CUDA Graph id 20829 reused
CUDA Graph id 20829 reused
CUDA Graph id 20829 reused
CUDA Graph id 20829 reused
CUDA Graph id 20829 reused
CUDA Graph id 20829 reused
CUDA Graph id 20829 reused
CUDA Graph id 20829 reused
CUDA Graph id 20829 reused
CUDA Graph id 20829 reused
CUDA Graph id 20829 reused
CUDA Graph id 20829 reused
CUDA Graph id 20829 reused
CUDA Graph id 20829 reused
CUDA Graph id 20829 reused
CUDA Graph id 20829 reused
CUDA Graph id 20829 reused
CUDA Graph id 20829 reused
CUDA Graph id 20829 reused
CUDA Graph id 20829 reused
CUDA Graph id 20829 reused
CUDA Graph id 20829 reused
CUDA Graph id 20829 reused
CUDA Graph id 20829 reused
CUDA Graph id 20829 reused
CUDA Graph id 20829 reused
CUDA Graph id 20829 reused
CUDA Graph id 20829 reused
CUDA Graph id 20829 reused
CUDA Graph id 20829 reused
CUDA Graph id 20829 reused
CUDA Graph id 20829 reused
CUDA Graph id 20829 reused
CUDA Graph id 20829 reused
CUDA Graph id 20829 reused
ggml_backend_cuda_graph_compute: CUDA graph warmup reset
CUDA Graph id 20832 reused
ggml_backend_cuda_graph_compute: CUDA graph warmup complete
CUDA Graph id 20832 reused
CUDA Graph id 20832 reused
CUDA Graph id 20832 reused
CUDA Graph id 20832 reused
CUDA Graph id 20832 reused
CUDA Graph id 20832 reused
CUDA Graph id 20832 reused
CUDA Graph id 20832 reused
CUDA Graph id 20832 reused
CUDA Graph id 20832 reused
CUDA Graph id 20832 reused
CUDA Graph id 20832 reused
CUDA Graph id 20832 reused
CUDA Graph id 20832 reused
CUDA Graph id 20832 reused
CUDA Graph id 20832 reused
CUDA Graph id 20832 reused
CUDA Graph id 20832 reused
CUDA Graph id 20832 reused
CUDA Graph id 20832 reused
CUDA Graph id 20832 reused
CUDA Graph id 20832 reused
CUDA Graph id 20832 reused
CUDA Graph id 20832 reused
CUDA Graph id 20832 reused
CUDA Graph id 20832 reused
CUDA Graph id 20832 reused
CUDA Graph id 20832 reused
CUDA Graph id 20832 reused
CUDA Graph id 20832 reused
CUDA Graph id 20832 reused
CUDA Graph id 20832 reused
CUDA Graph id 20832 reused
CUDA Graph id 20832 reused
CUDA Graph id 20832 reused
CUDA Graph id 20832 reused
CUDA Graph id 20832 reused
CUDA Graph id 20832 reused
CUDA Graph id 20832 reused
CUDA Graph id 20832 reused
CUDA Graph id 20832 reused
CUDA Graph id 20832 reused
CUDA Graph id 20832 reused
CUDA Graph id 20832 reused
CUDA Graph id 20832 reused
~llama_context:      CUDA0 compute buffer size is 304.0000 MiB, matches expectation of 304.0000 MiB
~llama_context:  CUDA_Host compute buffer size is  14.7637 MiB, matches expectation of  14.7637 MiB
schema 23/25 done
llama_context: constructing llama_context
llama_context: n_seq_max     = 1
llama_context: n_ctx         = 1024
llama_context: n_ctx_seq     = 1024
llama_context: n_batch       = 893
llama_context: n_ubatch      = 512
llama_context: causal_attn   = 1
llama_context: flash_attn    = auto
llama_context: kv_unified    = false
llama_context: freq_base     = 1000000.0
llama_context: freq_scale    = 1
llama_context: n_rs_seq      = 0
llama_context: n_outputs_max = 893
llama_context: n_ctx_seq (1024) < n_ctx_train (32768) -- the full capacity of the model will not be utilized
set_abort_callback: call
llama_context:  CUDA_Host  output buffer size =     0.58 MiB
llama_kv_cache: layer   0: dev = CPU
llama_kv_cache: layer   1: dev = CPU
llama_kv_cache: layer   2: dev = CPU
llama_kv_cache: layer   3: dev = CUDA0
llama_kv_cache: layer   4: dev = CUDA0
llama_kv_cache: layer   5: dev = CUDA0
llama_kv_cache: layer   6: dev = CUDA0
llama_kv_cache: layer   7: dev = CUDA0
llama_kv_cache: layer   8: dev = CUDA0
llama_kv_cache: layer   9: dev = CUDA0
llama_kv_cache: layer  10: dev = CUDA0
llama_kv_cache: layer  11: dev = CUDA0
llama_kv_cache: layer  12: dev = CUDA0
llama_kv_cache: layer  13: dev = CUDA0
llama_kv_cache: layer  14: dev = CUDA0
llama_kv_cache: layer  15: dev = CUDA0
llama_kv_cache: layer  16: dev = CUDA0
llama_kv_cache: layer  17: dev = CUDA0
llama_kv_cache: layer  18: dev = CUDA0
llama_kv_cache: layer  19: dev = CUDA0
llama_kv_cache: layer  20: dev = CUDA0
llama_kv_cache: layer  21: dev = CUDA0
llama_kv_cache: layer  22: dev = CUDA0
llama_kv_cache: layer  23: dev = CUDA0
llama_kv_cache: layer  24: dev = CUDA0
llama_kv_cache: layer  25: dev = CUDA0
llama_kv_cache: layer  26: dev = CUDA0
llama_kv_cache: layer  27: dev = CUDA0
llama_kv_cache:        CPU KV buffer size =     6.00 MiB
llama_kv_cache:      CUDA0 KV buffer size =    50.00 MiB
llama_kv_cache: size =   56.00 MiB (  1024 cells,  28 layers,  1/1 seqs), K (f16):   28.00 MiB, V (f16):   28.00 MiB
llama_kv_cache: attn_rot_k = 0, n_embd_head_k_all = 128
llama_kv_cache: attn_rot_v = 0, n_embd_head_k_all = 128
llama_context: enumerating backends
llama_context: backend_ptrs.size() = 2
sched_reserve: reserving ...
sched_reserve: max_nodes = 2712
sched_reserve: reserving full memory module
sched_reserve: worst-case: n_tokens = 512, n_seqs = 1, n_outputs = 1
graph_reserve: reserving a graph for ubatch with n_tokens =    1, n_seqs =  1, n_outputs =    1
sched_reserve: Flash Attention was auto, set to enabled
sched_reserve: resolving fused Gated Delta Net support:
graph_reserve: reserving a graph for ubatch with n_tokens =    1, n_seqs =  1, n_outputs =    1
sched_reserve: fused Gated Delta Net (autoregressive) enabled
graph_reserve: reserving a graph for ubatch with n_tokens =   16, n_seqs =  1, n_outputs =   16
sched_reserve: fused Gated Delta Net (chunked) enabled
graph_reserve: reserving a graph for ubatch with n_tokens =  512, n_seqs =  1, n_outputs =  512
graph_reserve: reserving a graph for ubatch with n_tokens =    1, n_seqs =  1, n_outputs =    1
graph_reserve: reserving a graph for ubatch with n_tokens =  512, n_seqs =  1, n_outputs =  512
sched_reserve:      CUDA0 compute buffer size =   304.00 MiB
sched_reserve:  CUDA_Host compute buffer size =    15.01 MiB
sched_reserve: graph nodes  = 958
sched_reserve: graph splits = 44 (with bs=512), 2 (with bs=1)
sched_reserve: reserve took 28.39 ms, sched copies = 1
CUDA Graph id 20982 reused
ggml_backend_cuda_graph_compute: CUDA graph warmup complete
CUDA Graph id 20982 reused
CUDA Graph id 20982 reused
CUDA Graph id 20982 reused
CUDA Graph id 20982 reused
CUDA Graph id 20982 reused
CUDA Graph id 20982 reused
CUDA Graph id 20982 reused
CUDA Graph id 20982 reused
CUDA Graph id 20982 reused
CUDA Graph id 20982 reused
CUDA Graph id 20982 reused
CUDA Graph id 20982 reused
CUDA Graph id 20982 reused
~llama_context:      CUDA0 compute buffer size is 304.0000 MiB, matches expectation of 304.0000 MiB
~llama_context:  CUDA_Host compute buffer size is  15.0137 MiB, matches expectation of  15.0137 MiB
llama_context: constructing llama_context
llama_context: n_seq_max     = 1
llama_context: n_ctx         = 1024
llama_context: n_ctx_seq     = 1024
llama_context: n_batch       = 893
llama_context: n_ubatch      = 512
llama_context: causal_attn   = 1
llama_context: flash_attn    = auto
llama_context: kv_unified    = false
llama_context: freq_base     = 1000000.0
llama_context: freq_scale    = 1
llama_context: n_rs_seq      = 0
llama_context: n_outputs_max = 893
llama_context: n_ctx_seq (1024) < n_ctx_train (32768) -- the full capacity of the model will not be utilized
set_abort_callback: call
llama_context:  CUDA_Host  output buffer size =     0.58 MiB
llama_kv_cache: layer   0: dev = CPU
llama_kv_cache: layer   1: dev = CPU
llama_kv_cache: layer   2: dev = CPU
llama_kv_cache: layer   3: dev = CUDA0
llama_kv_cache: layer   4: dev = CUDA0
llama_kv_cache: layer   5: dev = CUDA0
llama_kv_cache: layer   6: dev = CUDA0
llama_kv_cache: layer   7: dev = CUDA0
llama_kv_cache: layer   8: dev = CUDA0
llama_kv_cache: layer   9: dev = CUDA0
llama_kv_cache: layer  10: dev = CUDA0
llama_kv_cache: layer  11: dev = CUDA0
llama_kv_cache: layer  12: dev = CUDA0
llama_kv_cache: layer  13: dev = CUDA0
llama_kv_cache: layer  14: dev = CUDA0
llama_kv_cache: layer  15: dev = CUDA0
llama_kv_cache: layer  16: dev = CUDA0
llama_kv_cache: layer  17: dev = CUDA0
llama_kv_cache: layer  18: dev = CUDA0
llama_kv_cache: layer  19: dev = CUDA0
llama_kv_cache: layer  20: dev = CUDA0
llama_kv_cache: layer  21: dev = CUDA0
llama_kv_cache: layer  22: dev = CUDA0
llama_kv_cache: layer  23: dev = CUDA0
llama_kv_cache: layer  24: dev = CUDA0
llama_kv_cache: layer  25: dev = CUDA0
llama_kv_cache: layer  26: dev = CUDA0
llama_kv_cache: layer  27: dev = CUDA0
llama_kv_cache:        CPU KV buffer size =     6.00 MiB
llama_kv_cache:      CUDA0 KV buffer size =    50.00 MiB
llama_kv_cache: size =   56.00 MiB (  1024 cells,  28 layers,  1/1 seqs), K (f16):   28.00 MiB, V (f16):   28.00 MiB
llama_kv_cache: attn_rot_k = 0, n_embd_head_k_all = 128
llama_kv_cache: attn_rot_v = 0, n_embd_head_k_all = 128
llama_context: enumerating backends
llama_context: backend_ptrs.size() = 2
sched_reserve: reserving ...
sched_reserve: max_nodes = 2712
sched_reserve: reserving full memory module
sched_reserve: worst-case: n_tokens = 512, n_seqs = 1, n_outputs = 1
graph_reserve: reserving a graph for ubatch with n_tokens =    1, n_seqs =  1, n_outputs =    1
sched_reserve: Flash Attention was auto, set to enabled
sched_reserve: resolving fused Gated Delta Net support:
graph_reserve: reserving a graph for ubatch with n_tokens =    1, n_seqs =  1, n_outputs =    1
sched_reserve: fused Gated Delta Net (autoregressive) enabled
graph_reserve: reserving a graph for ubatch with n_tokens =   16, n_seqs =  1, n_outputs =   16
sched_reserve: fused Gated Delta Net (chunked) enabled
graph_reserve: reserving a graph for ubatch with n_tokens =  512, n_seqs =  1, n_outputs =  512
graph_reserve: reserving a graph for ubatch with n_tokens =    1, n_seqs =  1, n_outputs =    1
graph_reserve: reserving a graph for ubatch with n_tokens =  512, n_seqs =  1, n_outputs =  512
sched_reserve:      CUDA0 compute buffer size =   304.00 MiB
sched_reserve:  CUDA_Host compute buffer size =    15.01 MiB
sched_reserve: graph nodes  = 958
sched_reserve: graph splits = 44 (with bs=512), 2 (with bs=1)
sched_reserve: reserve took 17.58 ms, sched copies = 1
CUDA Graph id 21132 reused
ggml_backend_cuda_graph_compute: CUDA graph warmup complete
CUDA Graph id 21132 reused
CUDA Graph id 21132 reused
CUDA Graph id 21132 reused
CUDA Graph id 21132 reused
CUDA Graph id 21132 reused
CUDA Graph id 21132 reused
CUDA Graph id 21132 reused
CUDA Graph id 21132 reused
CUDA Graph id 21132 reused
CUDA Graph id 21132 reused
CUDA Graph id 21132 reused
CUDA Graph id 21132 reused
CUDA Graph id 21132 reused
~llama_context:      CUDA0 compute buffer size is 304.0000 MiB, matches expectation of 304.0000 MiB
~llama_context:  CUDA_Host compute buffer size is  15.0137 MiB, matches expectation of  15.0137 MiB
llama_context: constructing llama_context
llama_context: n_seq_max     = 1
llama_context: n_ctx         = 1024
llama_context: n_ctx_seq     = 1024
llama_context: n_batch       = 893
llama_context: n_ubatch      = 512
llama_context: causal_attn   = 1
llama_context: flash_attn    = auto
llama_context: kv_unified    = false
llama_context: freq_base     = 1000000.0
llama_context: freq_scale    = 1
llama_context: n_rs_seq      = 0
llama_context: n_outputs_max = 893
llama_context: n_ctx_seq (1024) < n_ctx_train (32768) -- the full capacity of the model will not be utilized
set_abort_callback: call
llama_context:  CUDA_Host  output buffer size =     0.58 MiB
llama_kv_cache: layer   0: dev = CPU
llama_kv_cache: layer   1: dev = CPU
llama_kv_cache: layer   2: dev = CPU
llama_kv_cache: layer   3: dev = CUDA0
llama_kv_cache: layer   4: dev = CUDA0
llama_kv_cache: layer   5: dev = CUDA0
llama_kv_cache: layer   6: dev = CUDA0
llama_kv_cache: layer   7: dev = CUDA0
llama_kv_cache: layer   8: dev = CUDA0
llama_kv_cache: layer   9: dev = CUDA0
llama_kv_cache: layer  10: dev = CUDA0
llama_kv_cache: layer  11: dev = CUDA0
llama_kv_cache: layer  12: dev = CUDA0
llama_kv_cache: layer  13: dev = CUDA0
llama_kv_cache: layer  14: dev = CUDA0
llama_kv_cache: layer  15: dev = CUDA0
llama_kv_cache: layer  16: dev = CUDA0
llama_kv_cache: layer  17: dev = CUDA0
llama_kv_cache: layer  18: dev = CUDA0
llama_kv_cache: layer  19: dev = CUDA0
llama_kv_cache: layer  20: dev = CUDA0
llama_kv_cache: layer  21: dev = CUDA0
llama_kv_cache: layer  22: dev = CUDA0
llama_kv_cache: layer  23: dev = CUDA0
llama_kv_cache: layer  24: dev = CUDA0
llama_kv_cache: layer  25: dev = CUDA0
llama_kv_cache: layer  26: dev = CUDA0
llama_kv_cache: layer  27: dev = CUDA0
llama_kv_cache:        CPU KV buffer size =     6.00 MiB
llama_kv_cache:      CUDA0 KV buffer size =    50.00 MiB
llama_kv_cache: size =   56.00 MiB (  1024 cells,  28 layers,  1/1 seqs), K (f16):   28.00 MiB, V (f16):   28.00 MiB
llama_kv_cache: attn_rot_k = 0, n_embd_head_k_all = 128
llama_kv_cache: attn_rot_v = 0, n_embd_head_k_all = 128
llama_context: enumerating backends
llama_context: backend_ptrs.size() = 2
sched_reserve: reserving ...
sched_reserve: max_nodes = 2712
sched_reserve: reserving full memory module
sched_reserve: worst-case: n_tokens = 512, n_seqs = 1, n_outputs = 1
graph_reserve: reserving a graph for ubatch with n_tokens =    1, n_seqs =  1, n_outputs =    1
sched_reserve: Flash Attention was auto, set to enabled
sched_reserve: resolving fused Gated Delta Net support:
graph_reserve: reserving a graph for ubatch with n_tokens =    1, n_seqs =  1, n_outputs =    1
sched_reserve: fused Gated Delta Net (autoregressive) enabled
graph_reserve: reserving a graph for ubatch with n_tokens =   16, n_seqs =  1, n_outputs =   16
sched_reserve: fused Gated Delta Net (chunked) enabled
graph_reserve: reserving a graph for ubatch with n_tokens =  512, n_seqs =  1, n_outputs =  512
graph_reserve: reserving a graph for ubatch with n_tokens =    1, n_seqs =  1, n_outputs =    1
graph_reserve: reserving a graph for ubatch with n_tokens =  512, n_seqs =  1, n_outputs =  512
sched_reserve:      CUDA0 compute buffer size =   304.00 MiB
sched_reserve:  CUDA_Host compute buffer size =    15.01 MiB
sched_reserve: graph nodes  = 958
sched_reserve: graph splits = 44 (with bs=512), 2 (with bs=1)
sched_reserve: reserve took 22.97 ms, sched copies = 1
CUDA Graph id 21282 reused
ggml_backend_cuda_graph_compute: CUDA graph warmup complete
CUDA Graph id 21282 reused
CUDA Graph id 21282 reused
CUDA Graph id 21282 reused
CUDA Graph id 21282 reused
CUDA Graph id 21282 reused
CUDA Graph id 21282 reused
CUDA Graph id 21282 reused
CUDA Graph id 21282 reused
CUDA Graph id 21282 reused
CUDA Graph id 21282 reused
CUDA Graph id 21282 reused
CUDA Graph id 21282 reused
CUDA Graph id 21282 reused
CUDA Graph id 21282 reused
CUDA Graph id 21282 reused
CUDA Graph id 21282 reused
CUDA Graph id 21282 reused
CUDA Graph id 21282 reused
CUDA Graph id 21282 reused
CUDA Graph id 21282 reused
CUDA Graph id 21282 reused
CUDA Graph id 21282 reused
CUDA Graph id 21282 reused
CUDA Graph id 21282 reused
CUDA Graph id 21282 reused
CUDA Graph id 21282 reused
CUDA Graph id 21282 reused
~llama_context:      CUDA0 compute buffer size is 304.0000 MiB, matches expectation of 304.0000 MiB
~llama_context:  CUDA_Host compute buffer size is  15.0137 MiB, matches expectation of  15.0137 MiB
llama_context: constructing llama_context
llama_context: n_seq_max     = 1
llama_context: n_ctx         = 1024
llama_context: n_ctx_seq     = 1024
llama_context: n_batch       = 893
llama_context: n_ubatch      = 512
llama_context: causal_attn   = 1
llama_context: flash_attn    = auto
llama_context: kv_unified    = false
llama_context: freq_base     = 1000000.0
llama_context: freq_scale    = 1
llama_context: n_rs_seq      = 0
llama_context: n_outputs_max = 893
llama_context: n_ctx_seq (1024) < n_ctx_train (32768) -- the full capacity of the model will not be utilized
set_abort_callback: call
llama_context:  CUDA_Host  output buffer size =     0.58 MiB
llama_kv_cache: layer   0: dev = CPU
llama_kv_cache: layer   1: dev = CPU
llama_kv_cache: layer   2: dev = CPU
llama_kv_cache: layer   3: dev = CUDA0
llama_kv_cache: layer   4: dev = CUDA0
llama_kv_cache: layer   5: dev = CUDA0
llama_kv_cache: layer   6: dev = CUDA0
llama_kv_cache: layer   7: dev = CUDA0
llama_kv_cache: layer   8: dev = CUDA0
llama_kv_cache: layer   9: dev = CUDA0
llama_kv_cache: layer  10: dev = CUDA0
llama_kv_cache: layer  11: dev = CUDA0
llama_kv_cache: layer  12: dev = CUDA0
llama_kv_cache: layer  13: dev = CUDA0
llama_kv_cache: layer  14: dev = CUDA0
llama_kv_cache: layer  15: dev = CUDA0
llama_kv_cache: layer  16: dev = CUDA0
llama_kv_cache: layer  17: dev = CUDA0
llama_kv_cache: layer  18: dev = CUDA0
llama_kv_cache: layer  19: dev = CUDA0
llama_kv_cache: layer  20: dev = CUDA0
llama_kv_cache: layer  21: dev = CUDA0
llama_kv_cache: layer  22: dev = CUDA0
llama_kv_cache: layer  23: dev = CUDA0
llama_kv_cache: layer  24: dev = CUDA0
llama_kv_cache: layer  25: dev = CUDA0
llama_kv_cache: layer  26: dev = CUDA0
llama_kv_cache: layer  27: dev = CUDA0
llama_kv_cache:        CPU KV buffer size =     6.00 MiB
llama_kv_cache:      CUDA0 KV buffer size =    50.00 MiB
llama_kv_cache: size =   56.00 MiB (  1024 cells,  28 layers,  1/1 seqs), K (f16):   28.00 MiB, V (f16):   28.00 MiB
llama_kv_cache: attn_rot_k = 0, n_embd_head_k_all = 128
llama_kv_cache: attn_rot_v = 0, n_embd_head_k_all = 128
llama_context: enumerating backends
llama_context: backend_ptrs.size() = 2
sched_reserve: reserving ...
sched_reserve: max_nodes = 2712
sched_reserve: reserving full memory module
sched_reserve: worst-case: n_tokens = 512, n_seqs = 1, n_outputs = 1
graph_reserve: reserving a graph for ubatch with n_tokens =    1, n_seqs =  1, n_outputs =    1
sched_reserve: Flash Attention was auto, set to enabled
sched_reserve: resolving fused Gated Delta Net support:
graph_reserve: reserving a graph for ubatch with n_tokens =    1, n_seqs =  1, n_outputs =    1
sched_reserve: fused Gated Delta Net (autoregressive) enabled
graph_reserve: reserving a graph for ubatch with n_tokens =   16, n_seqs =  1, n_outputs =   16
sched_reserve: fused Gated Delta Net (chunked) enabled
graph_reserve: reserving a graph for ubatch with n_tokens =  512, n_seqs =  1, n_outputs =  512
graph_reserve: reserving a graph for ubatch with n_tokens =    1, n_seqs =  1, n_outputs =    1
graph_reserve: reserving a graph for ubatch with n_tokens =  512, n_seqs =  1, n_outputs =  512
sched_reserve:      CUDA0 compute buffer size =   304.00 MiB
sched_reserve:  CUDA_Host compute buffer size =    15.01 MiB
sched_reserve: graph nodes  = 958
sched_reserve: graph splits = 44 (with bs=512), 2 (with bs=1)
sched_reserve: reserve took 18.63 ms, sched copies = 1
CUDA Graph id 21432 reused
ggml_backend_cuda_graph_compute: CUDA graph warmup complete
CUDA Graph id 21432 reused
CUDA Graph id 21432 reused
CUDA Graph id 21432 reused
CUDA Graph id 21432 reused
CUDA Graph id 21432 reused
CUDA Graph id 21432 reused
CUDA Graph id 21432 reused
CUDA Graph id 21432 reused
CUDA Graph id 21432 reused
CUDA Graph id 21432 reused
CUDA Graph id 21432 reused
CUDA Graph id 21432 reused
CUDA Graph id 21432 reused
CUDA Graph id 21432 reused
CUDA Graph id 21432 reused
CUDA Graph id 21432 reused
CUDA Graph id 21432 reused
CUDA Graph id 21432 reused
CUDA Graph id 21432 reused
CUDA Graph id 21432 reused
CUDA Graph id 21432 reused
CUDA Graph id 21432 reused
CUDA Graph id 21432 reused
CUDA Graph id 21432 reused
CUDA Graph id 21432 reused
CUDA Graph id 21432 reused
CUDA Graph id 21432 reused
CUDA Graph id 21432 reused
CUDA Graph id 21432 reused
CUDA Graph id 21432 reused
~llama_context:      CUDA0 compute buffer size is 304.0000 MiB, matches expectation of 304.0000 MiB
~llama_context:  CUDA_Host compute buffer size is  15.0137 MiB, matches expectation of  15.0137 MiB
llama_context: constructing llama_context
llama_context: n_seq_max     = 1
llama_context: n_ctx         = 1024
llama_context: n_ctx_seq     = 1024
llama_context: n_batch       = 893
llama_context: n_ubatch      = 512
llama_context: causal_attn   = 1
llama_context: flash_attn    = auto
llama_context: kv_unified    = false
llama_context: freq_base     = 1000000.0
llama_context: freq_scale    = 1
llama_context: n_rs_seq      = 0
llama_context: n_outputs_max = 893
llama_context: n_ctx_seq (1024) < n_ctx_train (32768) -- the full capacity of the model will not be utilized
set_abort_callback: call
llama_context:  CUDA_Host  output buffer size =     0.58 MiB
llama_kv_cache: layer   0: dev = CPU
llama_kv_cache: layer   1: dev = CPU
llama_kv_cache: layer   2: dev = CPU
llama_kv_cache: layer   3: dev = CUDA0
llama_kv_cache: layer   4: dev = CUDA0
llama_kv_cache: layer   5: dev = CUDA0
llama_kv_cache: layer   6: dev = CUDA0
llama_kv_cache: layer   7: dev = CUDA0
llama_kv_cache: layer   8: dev = CUDA0
llama_kv_cache: layer   9: dev = CUDA0
llama_kv_cache: layer  10: dev = CUDA0
llama_kv_cache: layer  11: dev = CUDA0
llama_kv_cache: layer  12: dev = CUDA0
llama_kv_cache: layer  13: dev = CUDA0
llama_kv_cache: layer  14: dev = CUDA0
llama_kv_cache: layer  15: dev = CUDA0
llama_kv_cache: layer  16: dev = CUDA0
llama_kv_cache: layer  17: dev = CUDA0
llama_kv_cache: layer  18: dev = CUDA0
llama_kv_cache: layer  19: dev = CUDA0
llama_kv_cache: layer  20: dev = CUDA0
llama_kv_cache: layer  21: dev = CUDA0
llama_kv_cache: layer  22: dev = CUDA0
llama_kv_cache: layer  23: dev = CUDA0
llama_kv_cache: layer  24: dev = CUDA0
llama_kv_cache: layer  25: dev = CUDA0
llama_kv_cache: layer  26: dev = CUDA0
llama_kv_cache: layer  27: dev = CUDA0
llama_kv_cache:        CPU KV buffer size =     6.00 MiB
llama_kv_cache:      CUDA0 KV buffer size =    50.00 MiB
llama_kv_cache: size =   56.00 MiB (  1024 cells,  28 layers,  1/1 seqs), K (f16):   28.00 MiB, V (f16):   28.00 MiB
llama_kv_cache: attn_rot_k = 0, n_embd_head_k_all = 128
llama_kv_cache: attn_rot_v = 0, n_embd_head_k_all = 128
llama_context: enumerating backends
llama_context: backend_ptrs.size() = 2
sched_reserve: reserving ...
sched_reserve: max_nodes = 2712
sched_reserve: reserving full memory module
sched_reserve: worst-case: n_tokens = 512, n_seqs = 1, n_outputs = 1
graph_reserve: reserving a graph for ubatch with n_tokens =    1, n_seqs =  1, n_outputs =    1
sched_reserve: Flash Attention was auto, set to enabled
sched_reserve: resolving fused Gated Delta Net support:
graph_reserve: reserving a graph for ubatch with n_tokens =    1, n_seqs =  1, n_outputs =    1
sched_reserve: fused Gated Delta Net (autoregressive) enabled
graph_reserve: reserving a graph for ubatch with n_tokens =   16, n_seqs =  1, n_outputs =   16
sched_reserve: fused Gated Delta Net (chunked) enabled
graph_reserve: reserving a graph for ubatch with n_tokens =  512, n_seqs =  1, n_outputs =  512
graph_reserve: reserving a graph for ubatch with n_tokens =    1, n_seqs =  1, n_outputs =    1
graph_reserve: reserving a graph for ubatch with n_tokens =  512, n_seqs =  1, n_outputs =  512
sched_reserve:      CUDA0 compute buffer size =   304.00 MiB
sched_reserve:  CUDA_Host compute buffer size =    15.01 MiB
sched_reserve: graph nodes  = 958
sched_reserve: graph splits = 44 (with bs=512), 2 (with bs=1)
sched_reserve: reserve took 23.00 ms, sched copies = 1
CUDA Graph id 21582 reused
ggml_backend_cuda_graph_compute: CUDA graph warmup complete
CUDA Graph id 21582 reused
CUDA Graph id 21582 reused
CUDA Graph id 21582 reused
CUDA Graph id 21582 reused
CUDA Graph id 21582 reused
CUDA Graph id 21582 reused
CUDA Graph id 21582 reused
CUDA Graph id 21582 reused
CUDA Graph id 21582 reused
CUDA Graph id 21582 reused
CUDA Graph id 21582 reused
CUDA Graph id 21582 reused
CUDA Graph id 21582 reused
CUDA Graph id 21582 reused
~llama_context:      CUDA0 compute buffer size is 304.0000 MiB, matches expectation of 304.0000 MiB
~llama_context:  CUDA_Host compute buffer size is  15.0137 MiB, matches expectation of  15.0137 MiB
llama_context: constructing llama_context
llama_context: n_seq_max     = 1
llama_context: n_ctx         = 1024
llama_context: n_ctx_seq     = 1024
llama_context: n_batch       = 893
llama_context: n_ubatch      = 512
llama_context: causal_attn   = 1
llama_context: flash_attn    = auto
llama_context: kv_unified    = false
llama_context: freq_base     = 1000000.0
llama_context: freq_scale    = 1
llama_context: n_rs_seq      = 0
llama_context: n_outputs_max = 893
llama_context: n_ctx_seq (1024) < n_ctx_train (32768) -- the full capacity of the model will not be utilized
set_abort_callback: call
llama_context:  CUDA_Host  output buffer size =     0.58 MiB
llama_kv_cache: layer   0: dev = CPU
llama_kv_cache: layer   1: dev = CPU
llama_kv_cache: layer   2: dev = CPU
llama_kv_cache: layer   3: dev = CUDA0
llama_kv_cache: layer   4: dev = CUDA0
llama_kv_cache: layer   5: dev = CUDA0
llama_kv_cache: layer   6: dev = CUDA0
llama_kv_cache: layer   7: dev = CUDA0
llama_kv_cache: layer   8: dev = CUDA0
llama_kv_cache: layer   9: dev = CUDA0
llama_kv_cache: layer  10: dev = CUDA0
llama_kv_cache: layer  11: dev = CUDA0
llama_kv_cache: layer  12: dev = CUDA0
llama_kv_cache: layer  13: dev = CUDA0
llama_kv_cache: layer  14: dev = CUDA0
llama_kv_cache: layer  15: dev = CUDA0
llama_kv_cache: layer  16: dev = CUDA0
llama_kv_cache: layer  17: dev = CUDA0
llama_kv_cache: layer  18: dev = CUDA0
llama_kv_cache: layer  19: dev = CUDA0
llama_kv_cache: layer  20: dev = CUDA0
llama_kv_cache: layer  21: dev = CUDA0
llama_kv_cache: layer  22: dev = CUDA0
llama_kv_cache: layer  23: dev = CUDA0
llama_kv_cache: layer  24: dev = CUDA0
llama_kv_cache: layer  25: dev = CUDA0
llama_kv_cache: layer  26: dev = CUDA0
llama_kv_cache: layer  27: dev = CUDA0
llama_kv_cache:        CPU KV buffer size =     6.00 MiB
llama_kv_cache:      CUDA0 KV buffer size =    50.00 MiB
llama_kv_cache: size =   56.00 MiB (  1024 cells,  28 layers,  1/1 seqs), K (f16):   28.00 MiB, V (f16):   28.00 MiB
llama_kv_cache: attn_rot_k = 0, n_embd_head_k_all = 128
llama_kv_cache: attn_rot_v = 0, n_embd_head_k_all = 128
llama_context: enumerating backends
llama_context: backend_ptrs.size() = 2
sched_reserve: reserving ...
sched_reserve: max_nodes = 2712
sched_reserve: reserving full memory module
sched_reserve: worst-case: n_tokens = 512, n_seqs = 1, n_outputs = 1
graph_reserve: reserving a graph for ubatch with n_tokens =    1, n_seqs =  1, n_outputs =    1
sched_reserve: Flash Attention was auto, set to enabled
sched_reserve: resolving fused Gated Delta Net support:
graph_reserve: reserving a graph for ubatch with n_tokens =    1, n_seqs =  1, n_outputs =    1
sched_reserve: fused Gated Delta Net (autoregressive) enabled
graph_reserve: reserving a graph for ubatch with n_tokens =   16, n_seqs =  1, n_outputs =   16
sched_reserve: fused Gated Delta Net (chunked) enabled
graph_reserve: reserving a graph for ubatch with n_tokens =  512, n_seqs =  1, n_outputs =  512
graph_reserve: reserving a graph for ubatch with n_tokens =    1, n_seqs =  1, n_outputs =    1
graph_reserve: reserving a graph for ubatch with n_tokens =  512, n_seqs =  1, n_outputs =  512
sched_reserve:      CUDA0 compute buffer size =   304.00 MiB
sched_reserve:  CUDA_Host compute buffer size =    15.01 MiB
sched_reserve: graph nodes  = 958
sched_reserve: graph splits = 44 (with bs=512), 2 (with bs=1)
sched_reserve: reserve took 31.93 ms, sched copies = 1
CUDA Graph id 21732 reused
ggml_backend_cuda_graph_compute: CUDA graph warmup complete
CUDA Graph id 21732 reused
CUDA Graph id 21732 reused
CUDA Graph id 21732 reused
CUDA Graph id 21732 reused
CUDA Graph id 21732 reused
CUDA Graph id 21732 reused
CUDA Graph id 21732 reused
CUDA Graph id 21732 reused
CUDA Graph id 21732 reused
CUDA Graph id 21732 reused
CUDA Graph id 21732 reused
CUDA Graph id 21732 reused
CUDA Graph id 21732 reused
CUDA Graph id 21732 reused
CUDA Graph id 21732 reused
CUDA Graph id 21732 reused
CUDA Graph id 21732 reused
CUDA Graph id 21732 reused
CUDA Graph id 21732 reused
CUDA Graph id 21732 reused
CUDA Graph id 21732 reused
CUDA Graph id 21732 reused
CUDA Graph id 21732 reused
CUDA Graph id 21732 reused
CUDA Graph id 21732 reused
CUDA Graph id 21732 reused
CUDA Graph id 21732 reused
CUDA Graph id 21732 reused
CUDA Graph id 21732 reused
CUDA Graph id 21732 reused
CUDA Graph id 21732 reused
CUDA Graph id 21732 reused
CUDA Graph id 21732 reused
CUDA Graph id 21732 reused
CUDA Graph id 21732 reused
CUDA Graph id 21732 reused
CUDA Graph id 21732 reused
CUDA Graph id 21732 reused
CUDA Graph id 21732 reused
CUDA Graph id 21732 reused
CUDA Graph id 21732 reused
CUDA Graph id 21732 reused
CUDA Graph id 21732 reused
CUDA Graph id 21732 reused
CUDA Graph id 21732 reused
CUDA Graph id 21732 reused
CUDA Graph id 21732 reused
CUDA Graph id 21732 reused
CUDA Graph id 21732 reused
CUDA Graph id 21732 reused
CUDA Graph id 21732 reused
CUDA Graph id 21732 reused
CUDA Graph id 21732 reused
CUDA Graph id 21732 reused
CUDA Graph id 21732 reused
CUDA Graph id 21732 reused
CUDA Graph id 21732 reused
CUDA Graph id 21732 reused
CUDA Graph id 21732 reused
CUDA Graph id 21732 reused
CUDA Graph id 21732 reused
CUDA Graph id 21732 reused
CUDA Graph id 21732 reused
CUDA Graph id 21732 reused
CUDA Graph id 21732 reused
CUDA Graph id 21732 reused
CUDA Graph id 21732 reused
CUDA Graph id 21732 reused
CUDA Graph id 21732 reused
CUDA Graph id 21732 reused
CUDA Graph id 21732 reused
CUDA Graph id 21732 reused
CUDA Graph id 21732 reused
CUDA Graph id 21732 reused
CUDA Graph id 21732 reused
CUDA Graph id 21732 reused
CUDA Graph id 21732 reused
CUDA Graph id 21732 reused
CUDA Graph id 21732 reused
CUDA Graph id 21732 reused
CUDA Graph id 21732 reused
CUDA Graph id 21732 reused
CUDA Graph id 21732 reused
CUDA Graph id 21732 reused
CUDA Graph id 21732 reused
CUDA Graph id 21732 reused
CUDA Graph id 21732 reused
CUDA Graph id 21732 reused
CUDA Graph id 21732 reused
CUDA Graph id 21732 reused
CUDA Graph id 21732 reused
CUDA Graph id 21732 reused
CUDA Graph id 21732 reused
CUDA Graph id 21732 reused
CUDA Graph id 21732 reused
CUDA Graph id 21732 reused
CUDA Graph id 21732 reused
CUDA Graph id 21732 reused
CUDA Graph id 21732 reused
CUDA Graph id 21732 reused
CUDA Graph id 21732 reused
~llama_context:      CUDA0 compute buffer size is 304.0000 MiB, matches expectation of 304.0000 MiB
~llama_context:  CUDA_Host compute buffer size is  15.0137 MiB, matches expectation of  15.0137 MiB
schema 24/25 done
llama_context: constructing llama_context
llama_context: n_seq_max     = 1
llama_context: n_ctx         = 768
llama_context: n_ctx_seq     = 768
llama_context: n_batch       = 698
llama_context: n_ubatch      = 512
llama_context: causal_attn   = 1
llama_context: flash_attn    = auto
llama_context: kv_unified    = false
llama_context: freq_base     = 1000000.0
llama_context: freq_scale    = 1
llama_context: n_rs_seq      = 0
llama_context: n_outputs_max = 698
llama_context: n_ctx_seq (768) < n_ctx_train (32768) -- the full capacity of the model will not be utilized
set_abort_callback: call
llama_context:  CUDA_Host  output buffer size =     0.58 MiB
llama_kv_cache: layer   0: dev = CPU
llama_kv_cache: layer   1: dev = CPU
llama_kv_cache: layer   2: dev = CPU
llama_kv_cache: layer   3: dev = CUDA0
llama_kv_cache: layer   4: dev = CUDA0
llama_kv_cache: layer   5: dev = CUDA0
llama_kv_cache: layer   6: dev = CUDA0
llama_kv_cache: layer   7: dev = CUDA0
llama_kv_cache: layer   8: dev = CUDA0
llama_kv_cache: layer   9: dev = CUDA0
llama_kv_cache: layer  10: dev = CUDA0
llama_kv_cache: layer  11: dev = CUDA0
llama_kv_cache: layer  12: dev = CUDA0
llama_kv_cache: layer  13: dev = CUDA0
llama_kv_cache: layer  14: dev = CUDA0
llama_kv_cache: layer  15: dev = CUDA0
llama_kv_cache: layer  16: dev = CUDA0
llama_kv_cache: layer  17: dev = CUDA0
llama_kv_cache: layer  18: dev = CUDA0
llama_kv_cache: layer  19: dev = CUDA0
llama_kv_cache: layer  20: dev = CUDA0
llama_kv_cache: layer  21: dev = CUDA0
llama_kv_cache: layer  22: dev = CUDA0
llama_kv_cache: layer  23: dev = CUDA0
llama_kv_cache: layer  24: dev = CUDA0
llama_kv_cache: layer  25: dev = CUDA0
llama_kv_cache: layer  26: dev = CUDA0
llama_kv_cache: layer  27: dev = CUDA0
llama_kv_cache:        CPU KV buffer size =     4.50 MiB
llama_kv_cache:      CUDA0 KV buffer size =    37.50 MiB
llama_kv_cache: size =   42.00 MiB (   768 cells,  28 layers,  1/1 seqs), K (f16):   21.00 MiB, V (f16):   21.00 MiB
llama_kv_cache: attn_rot_k = 0, n_embd_head_k_all = 128
llama_kv_cache: attn_rot_v = 0, n_embd_head_k_all = 128
llama_context: enumerating backends
llama_context: backend_ptrs.size() = 2
sched_reserve: reserving ...
sched_reserve: max_nodes = 2712
sched_reserve: reserving full memory module
sched_reserve: worst-case: n_tokens = 512, n_seqs = 1, n_outputs = 1
graph_reserve: reserving a graph for ubatch with n_tokens =    1, n_seqs =  1, n_outputs =    1
sched_reserve: Flash Attention was auto, set to enabled
sched_reserve: resolving fused Gated Delta Net support:
graph_reserve: reserving a graph for ubatch with n_tokens =    1, n_seqs =  1, n_outputs =    1
sched_reserve: fused Gated Delta Net (autoregressive) enabled
graph_reserve: reserving a graph for ubatch with n_tokens =   16, n_seqs =  1, n_outputs =   16
sched_reserve: fused Gated Delta Net (chunked) enabled
graph_reserve: reserving a graph for ubatch with n_tokens =  512, n_seqs =  1, n_outputs =  512
graph_reserve: reserving a graph for ubatch with n_tokens =    1, n_seqs =  1, n_outputs =    1
graph_reserve: reserving a graph for ubatch with n_tokens =  512, n_seqs =  1, n_outputs =  512
sched_reserve:      CUDA0 compute buffer size =   304.00 MiB
sched_reserve:  CUDA_Host compute buffer size =    14.76 MiB
sched_reserve: graph nodes  = 958
sched_reserve: graph splits = 44 (with bs=512), 2 (with bs=1)
sched_reserve: reserve took 14.99 ms, sched copies = 1
CUDA Graph id 21882 reused
ggml_backend_cuda_graph_compute: CUDA graph warmup complete
CUDA Graph id 21882 reused
CUDA Graph id 21882 reused
CUDA Graph id 21882 reused
CUDA Graph id 21882 reused
CUDA Graph id 21882 reused
CUDA Graph id 21882 reused
CUDA Graph id 21882 reused
CUDA Graph id 21882 reused
CUDA Graph id 21882 reused
CUDA Graph id 21882 reused
CUDA Graph id 21882 reused
CUDA Graph id 21882 reused
CUDA Graph id 21882 reused
CUDA Graph id 21882 reused
CUDA Graph id 21882 reused
CUDA Graph id 21882 reused
CUDA Graph id 21882 reused
CUDA Graph id 21882 reused
CUDA Graph id 21882 reused
CUDA Graph id 21882 reused
CUDA Graph id 21882 reused
CUDA Graph id 21882 reused
CUDA Graph id 21882 reused
CUDA Graph id 21882 reused
CUDA Graph id 21882 reused
CUDA Graph id 21882 reused
CUDA Graph id 21882 reused
CUDA Graph id 21882 reused
CUDA Graph id 21882 reused
CUDA Graph id 21882 reused
CUDA Graph id 21882 reused
CUDA Graph id 21882 reused
CUDA Graph id 21882 reused
CUDA Graph id 21882 reused
CUDA Graph id 21882 reused
CUDA Graph id 21882 reused
CUDA Graph id 21882 reused
CUDA Graph id 21882 reused
CUDA Graph id 21882 reused
CUDA Graph id 21882 reused
CUDA Graph id 21882 reused
CUDA Graph id 21882 reused
CUDA Graph id 21882 reused
CUDA Graph id 21882 reused
CUDA Graph id 21882 reused
CUDA Graph id 21882 reused
CUDA Graph id 21882 reused
CUDA Graph id 21882 reused
CUDA Graph id 21882 reused
CUDA Graph id 21882 reused
CUDA Graph id 21882 reused
CUDA Graph id 21882 reused
CUDA Graph id 21882 reused
CUDA Graph id 21882 reused
CUDA Graph id 21882 reused
~llama_context:      CUDA0 compute buffer size is 304.0000 MiB, matches expectation of 304.0000 MiB
~llama_context:  CUDA_Host compute buffer size is  14.7637 MiB, matches expectation of  14.7637 MiB
llama_context: constructing llama_context
llama_context: n_seq_max     = 1
llama_context: n_ctx         = 768
llama_context: n_ctx_seq     = 768
llama_context: n_batch       = 698
llama_context: n_ubatch      = 512
llama_context: causal_attn   = 1
llama_context: flash_attn    = auto
llama_context: kv_unified    = false
llama_context: freq_base     = 1000000.0
llama_context: freq_scale    = 1
llama_context: n_rs_seq      = 0
llama_context: n_outputs_max = 698
llama_context: n_ctx_seq (768) < n_ctx_train (32768) -- the full capacity of the model will not be utilized
set_abort_callback: call
llama_context:  CUDA_Host  output buffer size =     0.58 MiB
llama_kv_cache: layer   0: dev = CPU
llama_kv_cache: layer   1: dev = CPU
llama_kv_cache: layer   2: dev = CPU
llama_kv_cache: layer   3: dev = CUDA0
llama_kv_cache: layer   4: dev = CUDA0
llama_kv_cache: layer   5: dev = CUDA0
llama_kv_cache: layer   6: dev = CUDA0
llama_kv_cache: layer   7: dev = CUDA0
llama_kv_cache: layer   8: dev = CUDA0
llama_kv_cache: layer   9: dev = CUDA0
llama_kv_cache: layer  10: dev = CUDA0
llama_kv_cache: layer  11: dev = CUDA0
llama_kv_cache: layer  12: dev = CUDA0
llama_kv_cache: layer  13: dev = CUDA0
llama_kv_cache: layer  14: dev = CUDA0
llama_kv_cache: layer  15: dev = CUDA0
llama_kv_cache: layer  16: dev = CUDA0
llama_kv_cache: layer  17: dev = CUDA0
llama_kv_cache: layer  18: dev = CUDA0
llama_kv_cache: layer  19: dev = CUDA0
llama_kv_cache: layer  20: dev = CUDA0
llama_kv_cache: layer  21: dev = CUDA0
llama_kv_cache: layer  22: dev = CUDA0
llama_kv_cache: layer  23: dev = CUDA0
llama_kv_cache: layer  24: dev = CUDA0
llama_kv_cache: layer  25: dev = CUDA0
llama_kv_cache: layer  26: dev = CUDA0
llama_kv_cache: layer  27: dev = CUDA0
llama_kv_cache:        CPU KV buffer size =     4.50 MiB
llama_kv_cache:      CUDA0 KV buffer size =    37.50 MiB
llama_kv_cache: size =   42.00 MiB (   768 cells,  28 layers,  1/1 seqs), K (f16):   21.00 MiB, V (f16):   21.00 MiB
llama_kv_cache: attn_rot_k = 0, n_embd_head_k_all = 128
llama_kv_cache: attn_rot_v = 0, n_embd_head_k_all = 128
llama_context: enumerating backends
llama_context: backend_ptrs.size() = 2
sched_reserve: reserving ...
sched_reserve: max_nodes = 2712
sched_reserve: reserving full memory module
sched_reserve: worst-case: n_tokens = 512, n_seqs = 1, n_outputs = 1
graph_reserve: reserving a graph for ubatch with n_tokens =    1, n_seqs =  1, n_outputs =    1
sched_reserve: Flash Attention was auto, set to enabled
sched_reserve: resolving fused Gated Delta Net support:
graph_reserve: reserving a graph for ubatch with n_tokens =    1, n_seqs =  1, n_outputs =    1
sched_reserve: fused Gated Delta Net (autoregressive) enabled
graph_reserve: reserving a graph for ubatch with n_tokens =   16, n_seqs =  1, n_outputs =   16
sched_reserve: fused Gated Delta Net (chunked) enabled
graph_reserve: reserving a graph for ubatch with n_tokens =  512, n_seqs =  1, n_outputs =  512
graph_reserve: reserving a graph for ubatch with n_tokens =    1, n_seqs =  1, n_outputs =    1
graph_reserve: reserving a graph for ubatch with n_tokens =  512, n_seqs =  1, n_outputs =  512
sched_reserve:      CUDA0 compute buffer size =   304.00 MiB
sched_reserve:  CUDA_Host compute buffer size =    14.76 MiB
sched_reserve: graph nodes  = 958
sched_reserve: graph splits = 44 (with bs=512), 2 (with bs=1)
sched_reserve: reserve took 17.96 ms, sched copies = 1
CUDA Graph id 22032 reused
ggml_backend_cuda_graph_compute: CUDA graph warmup complete
CUDA Graph id 22032 reused
CUDA Graph id 22032 reused
CUDA Graph id 22032 reused
CUDA Graph id 22032 reused
CUDA Graph id 22032 reused
CUDA Graph id 22032 reused
CUDA Graph id 22032 reused
CUDA Graph id 22032 reused
CUDA Graph id 22032 reused
CUDA Graph id 22032 reused
CUDA Graph id 22032 reused
CUDA Graph id 22032 reused
CUDA Graph id 22032 reused
CUDA Graph id 22032 reused
CUDA Graph id 22032 reused
CUDA Graph id 22032 reused
CUDA Graph id 22032 reused
CUDA Graph id 22032 reused
CUDA Graph id 22032 reused
CUDA Graph id 22032 reused
CUDA Graph id 22032 reused
CUDA Graph id 22032 reused
CUDA Graph id 22032 reused
CUDA Graph id 22032 reused
CUDA Graph id 22032 reused
CUDA Graph id 22032 reused
CUDA Graph id 22032 reused
CUDA Graph id 22032 reused
CUDA Graph id 22032 reused
CUDA Graph id 22032 reused
CUDA Graph id 22032 reused
CUDA Graph id 22032 reused
CUDA Graph id 22032 reused
CUDA Graph id 22032 reused
CUDA Graph id 22032 reused
CUDA Graph id 22032 reused
CUDA Graph id 22032 reused
CUDA Graph id 22032 reused
CUDA Graph id 22032 reused
CUDA Graph id 22032 reused
CUDA Graph id 22032 reused
CUDA Graph id 22032 reused
CUDA Graph id 22032 reused
CUDA Graph id 22032 reused
CUDA Graph id 22032 reused
CUDA Graph id 22032 reused
CUDA Graph id 22032 reused
CUDA Graph id 22032 reused
CUDA Graph id 22032 reused
CUDA Graph id 22032 reused
CUDA Graph id 22032 reused
CUDA Graph id 22032 reused
CUDA Graph id 22032 reused
CUDA Graph id 22032 reused
CUDA Graph id 22032 reused
~llama_context:      CUDA0 compute buffer size is 304.0000 MiB, matches expectation of 304.0000 MiB
~llama_context:  CUDA_Host compute buffer size is  14.7637 MiB, matches expectation of  14.7637 MiB
llama_context: constructing llama_context
llama_context: n_seq_max     = 1
llama_context: n_ctx         = 768
llama_context: n_ctx_seq     = 768
llama_context: n_batch       = 698
llama_context: n_ubatch      = 512
llama_context: causal_attn   = 1
llama_context: flash_attn    = auto
llama_context: kv_unified    = false
llama_context: freq_base     = 1000000.0
llama_context: freq_scale    = 1
llama_context: n_rs_seq      = 0
llama_context: n_outputs_max = 698
llama_context: n_ctx_seq (768) < n_ctx_train (32768) -- the full capacity of the model will not be utilized
set_abort_callback: call
llama_context:  CUDA_Host  output buffer size =     0.58 MiB
llama_kv_cache: layer   0: dev = CPU
llama_kv_cache: layer   1: dev = CPU
llama_kv_cache: layer   2: dev = CPU
llama_kv_cache: layer   3: dev = CUDA0
llama_kv_cache: layer   4: dev = CUDA0
llama_kv_cache: layer   5: dev = CUDA0
llama_kv_cache: layer   6: dev = CUDA0
llama_kv_cache: layer   7: dev = CUDA0
llama_kv_cache: layer   8: dev = CUDA0
llama_kv_cache: layer   9: dev = CUDA0
llama_kv_cache: layer  10: dev = CUDA0
llama_kv_cache: layer  11: dev = CUDA0
llama_kv_cache: layer  12: dev = CUDA0
llama_kv_cache: layer  13: dev = CUDA0
llama_kv_cache: layer  14: dev = CUDA0
llama_kv_cache: layer  15: dev = CUDA0
llama_kv_cache: layer  16: dev = CUDA0
llama_kv_cache: layer  17: dev = CUDA0
llama_kv_cache: layer  18: dev = CUDA0
llama_kv_cache: layer  19: dev = CUDA0
llama_kv_cache: layer  20: dev = CUDA0
llama_kv_cache: layer  21: dev = CUDA0
llama_kv_cache: layer  22: dev = CUDA0
llama_kv_cache: layer  23: dev = CUDA0
llama_kv_cache: layer  24: dev = CUDA0
llama_kv_cache: layer  25: dev = CUDA0
llama_kv_cache: layer  26: dev = CUDA0
llama_kv_cache: layer  27: dev = CUDA0
llama_kv_cache:        CPU KV buffer size =     4.50 MiB
llama_kv_cache:      CUDA0 KV buffer size =    37.50 MiB
llama_kv_cache: size =   42.00 MiB (   768 cells,  28 layers,  1/1 seqs), K (f16):   21.00 MiB, V (f16):   21.00 MiB
llama_kv_cache: attn_rot_k = 0, n_embd_head_k_all = 128
llama_kv_cache: attn_rot_v = 0, n_embd_head_k_all = 128
llama_context: enumerating backends
llama_context: backend_ptrs.size() = 2
sched_reserve: reserving ...
sched_reserve: max_nodes = 2712
sched_reserve: reserving full memory module
sched_reserve: worst-case: n_tokens = 512, n_seqs = 1, n_outputs = 1
graph_reserve: reserving a graph for ubatch with n_tokens =    1, n_seqs =  1, n_outputs =    1
sched_reserve: Flash Attention was auto, set to enabled
sched_reserve: resolving fused Gated Delta Net support:
graph_reserve: reserving a graph for ubatch with n_tokens =    1, n_seqs =  1, n_outputs =    1
sched_reserve: fused Gated Delta Net (autoregressive) enabled
graph_reserve: reserving a graph for ubatch with n_tokens =   16, n_seqs =  1, n_outputs =   16
sched_reserve: fused Gated Delta Net (chunked) enabled
graph_reserve: reserving a graph for ubatch with n_tokens =  512, n_seqs =  1, n_outputs =  512
graph_reserve: reserving a graph for ubatch with n_tokens =    1, n_seqs =  1, n_outputs =    1
graph_reserve: reserving a graph for ubatch with n_tokens =  512, n_seqs =  1, n_outputs =  512
sched_reserve:      CUDA0 compute buffer size =   304.00 MiB
sched_reserve:  CUDA_Host compute buffer size =    14.76 MiB
sched_reserve: graph nodes  = 958
sched_reserve: graph splits = 44 (with bs=512), 2 (with bs=1)
sched_reserve: reserve took 27.59 ms, sched copies = 1
CUDA Graph id 22182 reused
ggml_backend_cuda_graph_compute: CUDA graph warmup complete
CUDA Graph id 22182 reused
CUDA Graph id 22182 reused
CUDA Graph id 22182 reused
CUDA Graph id 22182 reused
CUDA Graph id 22182 reused
CUDA Graph id 22182 reused
CUDA Graph id 22182 reused
CUDA Graph id 22182 reused
CUDA Graph id 22182 reused
CUDA Graph id 22182 reused
CUDA Graph id 22182 reused
CUDA Graph id 22182 reused
CUDA Graph id 22182 reused
CUDA Graph id 22182 reused
CUDA Graph id 22182 reused
CUDA Graph id 22182 reused
CUDA Graph id 22182 reused
CUDA Graph id 22182 reused
CUDA Graph id 22182 reused
CUDA Graph id 22182 reused
CUDA Graph id 22182 reused
CUDA Graph id 22182 reused
CUDA Graph id 22182 reused
CUDA Graph id 22182 reused
CUDA Graph id 22182 reused
CUDA Graph id 22182 reused
CUDA Graph id 22182 reused
CUDA Graph id 22182 reused
CUDA Graph id 22182 reused
CUDA Graph id 22182 reused
CUDA Graph id 22182 reused
CUDA Graph id 22182 reused
CUDA Graph id 22182 reused
CUDA Graph id 22182 reused
CUDA Graph id 22182 reused
CUDA Graph id 22182 reused
CUDA Graph id 22182 reused
CUDA Graph id 22182 reused
CUDA Graph id 22182 reused
CUDA Graph id 22182 reused
CUDA Graph id 22182 reused
CUDA Graph id 22182 reused
CUDA Graph id 22182 reused
CUDA Graph id 22182 reused
CUDA Graph id 22182 reused
CUDA Graph id 22182 reused
CUDA Graph id 22182 reused
CUDA Graph id 22182 reused
CUDA Graph id 22182 reused
CUDA Graph id 22182 reused
CUDA Graph id 22182 reused
CUDA Graph id 22182 reused
CUDA Graph id 22182 reused
CUDA Graph id 22182 reused
CUDA Graph id 22182 reused
CUDA Graph id 22182 reused
CUDA Graph id 22182 reused
~llama_context:      CUDA0 compute buffer size is 304.0000 MiB, matches expectation of 304.0000 MiB
~llama_context:  CUDA_Host compute buffer size is  14.7637 MiB, matches expectation of  14.7637 MiB
llama_context: constructing llama_context
llama_context: n_seq_max     = 1
llama_context: n_ctx         = 768
llama_context: n_ctx_seq     = 768
llama_context: n_batch       = 698
llama_context: n_ubatch      = 512
llama_context: causal_attn   = 1
llama_context: flash_attn    = auto
llama_context: kv_unified    = false
llama_context: freq_base     = 1000000.0
llama_context: freq_scale    = 1
llama_context: n_rs_seq      = 0
llama_context: n_outputs_max = 698
llama_context: n_ctx_seq (768) < n_ctx_train (32768) -- the full capacity of the model will not be utilized
set_abort_callback: call
llama_context:  CUDA_Host  output buffer size =     0.58 MiB
llama_kv_cache: layer   0: dev = CPU
llama_kv_cache: layer   1: dev = CPU
llama_kv_cache: layer   2: dev = CPU
llama_kv_cache: layer   3: dev = CUDA0
llama_kv_cache: layer   4: dev = CUDA0
llama_kv_cache: layer   5: dev = CUDA0
llama_kv_cache: layer   6: dev = CUDA0
llama_kv_cache: layer   7: dev = CUDA0
llama_kv_cache: layer   8: dev = CUDA0
llama_kv_cache: layer   9: dev = CUDA0
llama_kv_cache: layer  10: dev = CUDA0
llama_kv_cache: layer  11: dev = CUDA0
llama_kv_cache: layer  12: dev = CUDA0
llama_kv_cache: layer  13: dev = CUDA0
llama_kv_cache: layer  14: dev = CUDA0
llama_kv_cache: layer  15: dev = CUDA0
llama_kv_cache: layer  16: dev = CUDA0
llama_kv_cache: layer  17: dev = CUDA0
llama_kv_cache: layer  18: dev = CUDA0
llama_kv_cache: layer  19: dev = CUDA0
llama_kv_cache: layer  20: dev = CUDA0
llama_kv_cache: layer  21: dev = CUDA0
llama_kv_cache: layer  22: dev = CUDA0
llama_kv_cache: layer  23: dev = CUDA0
llama_kv_cache: layer  24: dev = CUDA0
llama_kv_cache: layer  25: dev = CUDA0
llama_kv_cache: layer  26: dev = CUDA0
llama_kv_cache: layer  27: dev = CUDA0
llama_kv_cache:        CPU KV buffer size =     4.50 MiB
llama_kv_cache:      CUDA0 KV buffer size =    37.50 MiB
llama_kv_cache: size =   42.00 MiB (   768 cells,  28 layers,  1/1 seqs), K (f16):   21.00 MiB, V (f16):   21.00 MiB
llama_kv_cache: attn_rot_k = 0, n_embd_head_k_all = 128
llama_kv_cache: attn_rot_v = 0, n_embd_head_k_all = 128
llama_context: enumerating backends
llama_context: backend_ptrs.size() = 2
sched_reserve: reserving ...
sched_reserve: max_nodes = 2712
sched_reserve: reserving full memory module
sched_reserve: worst-case: n_tokens = 512, n_seqs = 1, n_outputs = 1
graph_reserve: reserving a graph for ubatch with n_tokens =    1, n_seqs =  1, n_outputs =    1
sched_reserve: Flash Attention was auto, set to enabled
sched_reserve: resolving fused Gated Delta Net support:
graph_reserve: reserving a graph for ubatch with n_tokens =    1, n_seqs =  1, n_outputs =    1
sched_reserve: fused Gated Delta Net (autoregressive) enabled
graph_reserve: reserving a graph for ubatch with n_tokens =   16, n_seqs =  1, n_outputs =   16
sched_reserve: fused Gated Delta Net (chunked) enabled
graph_reserve: reserving a graph for ubatch with n_tokens =  512, n_seqs =  1, n_outputs =  512
graph_reserve: reserving a graph for ubatch with n_tokens =    1, n_seqs =  1, n_outputs =    1
graph_reserve: reserving a graph for ubatch with n_tokens =  512, n_seqs =  1, n_outputs =  512
sched_reserve:      CUDA0 compute buffer size =   304.00 MiB
sched_reserve:  CUDA_Host compute buffer size =    14.76 MiB
sched_reserve: graph nodes  = 958
sched_reserve: graph splits = 44 (with bs=512), 2 (with bs=1)
sched_reserve: reserve took 16.92 ms, sched copies = 1
CUDA Graph id 22332 reused
ggml_backend_cuda_graph_compute: CUDA graph warmup complete
CUDA Graph id 22332 reused
CUDA Graph id 22332 reused
CUDA Graph id 22332 reused
CUDA Graph id 22332 reused
CUDA Graph id 22332 reused
CUDA Graph id 22332 reused
CUDA Graph id 22332 reused
CUDA Graph id 22332 reused
CUDA Graph id 22332 reused
CUDA Graph id 22332 reused
CUDA Graph id 22332 reused
CUDA Graph id 22332 reused
CUDA Graph id 22332 reused
CUDA Graph id 22332 reused
CUDA Graph id 22332 reused
CUDA Graph id 22332 reused
CUDA Graph id 22332 reused
CUDA Graph id 22332 reused
CUDA Graph id 22332 reused
CUDA Graph id 22332 reused
CUDA Graph id 22332 reused
CUDA Graph id 22332 reused
CUDA Graph id 22332 reused
CUDA Graph id 22332 reused
CUDA Graph id 22332 reused
CUDA Graph id 22332 reused
CUDA Graph id 22332 reused
CUDA Graph id 22332 reused
CUDA Graph id 22332 reused
CUDA Graph id 22332 reused
CUDA Graph id 22332 reused
CUDA Graph id 22332 reused
CUDA Graph id 22332 reused
CUDA Graph id 22332 reused
CUDA Graph id 22332 reused
CUDA Graph id 22332 reused
CUDA Graph id 22332 reused
CUDA Graph id 22332 reused
CUDA Graph id 22332 reused
CUDA Graph id 22332 reused
CUDA Graph id 22332 reused
CUDA Graph id 22332 reused
CUDA Graph id 22332 reused
CUDA Graph id 22332 reused
CUDA Graph id 22332 reused
CUDA Graph id 22332 reused
CUDA Graph id 22332 reused
CUDA Graph id 22332 reused
CUDA Graph id 22332 reused
CUDA Graph id 22332 reused
CUDA Graph id 22332 reused
CUDA Graph id 22332 reused
CUDA Graph id 22332 reused
CUDA Graph id 22332 reused
CUDA Graph id 22332 reused
CUDA Graph id 22332 reused
CUDA Graph id 22332 reused
~llama_context:      CUDA0 compute buffer size is 304.0000 MiB, matches expectation of 304.0000 MiB
~llama_context:  CUDA_Host compute buffer size is  14.7637 MiB, matches expectation of  14.7637 MiB
llama_context: constructing llama_context
llama_context: n_seq_max     = 1
llama_context: n_ctx         = 768
llama_context: n_ctx_seq     = 768
llama_context: n_batch       = 698
llama_context: n_ubatch      = 512
llama_context: causal_attn   = 1
llama_context: flash_attn    = auto
llama_context: kv_unified    = false
llama_context: freq_base     = 1000000.0
llama_context: freq_scale    = 1
llama_context: n_rs_seq      = 0
llama_context: n_outputs_max = 698
llama_context: n_ctx_seq (768) < n_ctx_train (32768) -- the full capacity of the model will not be utilized
set_abort_callback: call
llama_context:  CUDA_Host  output buffer size =     0.58 MiB
llama_kv_cache: layer   0: dev = CPU
llama_kv_cache: layer   1: dev = CPU
llama_kv_cache: layer   2: dev = CPU
llama_kv_cache: layer   3: dev = CUDA0
llama_kv_cache: layer   4: dev = CUDA0
llama_kv_cache: layer   5: dev = CUDA0
llama_kv_cache: layer   6: dev = CUDA0
llama_kv_cache: layer   7: dev = CUDA0
llama_kv_cache: layer   8: dev = CUDA0
llama_kv_cache: layer   9: dev = CUDA0
llama_kv_cache: layer  10: dev = CUDA0
llama_kv_cache: layer  11: dev = CUDA0
llama_kv_cache: layer  12: dev = CUDA0
llama_kv_cache: layer  13: dev = CUDA0
llama_kv_cache: layer  14: dev = CUDA0
llama_kv_cache: layer  15: dev = CUDA0
llama_kv_cache: layer  16: dev = CUDA0
llama_kv_cache: layer  17: dev = CUDA0
llama_kv_cache: layer  18: dev = CUDA0
llama_kv_cache: layer  19: dev = CUDA0
llama_kv_cache: layer  20: dev = CUDA0
llama_kv_cache: layer  21: dev = CUDA0
llama_kv_cache: layer  22: dev = CUDA0
llama_kv_cache: layer  23: dev = CUDA0
llama_kv_cache: layer  24: dev = CUDA0
llama_kv_cache: layer  25: dev = CUDA0
llama_kv_cache: layer  26: dev = CUDA0
llama_kv_cache: layer  27: dev = CUDA0
llama_kv_cache:        CPU KV buffer size =     4.50 MiB
llama_kv_cache:      CUDA0 KV buffer size =    37.50 MiB
llama_kv_cache: size =   42.00 MiB (   768 cells,  28 layers,  1/1 seqs), K (f16):   21.00 MiB, V (f16):   21.00 MiB
llama_kv_cache: attn_rot_k = 0, n_embd_head_k_all = 128
llama_kv_cache: attn_rot_v = 0, n_embd_head_k_all = 128
llama_context: enumerating backends
llama_context: backend_ptrs.size() = 2
sched_reserve: reserving ...
sched_reserve: max_nodes = 2712
sched_reserve: reserving full memory module
sched_reserve: worst-case: n_tokens = 512, n_seqs = 1, n_outputs = 1
graph_reserve: reserving a graph for ubatch with n_tokens =    1, n_seqs =  1, n_outputs =    1
sched_reserve: Flash Attention was auto, set to enabled
sched_reserve: resolving fused Gated Delta Net support:
graph_reserve: reserving a graph for ubatch with n_tokens =    1, n_seqs =  1, n_outputs =    1
sched_reserve: fused Gated Delta Net (autoregressive) enabled
graph_reserve: reserving a graph for ubatch with n_tokens =   16, n_seqs =  1, n_outputs =   16
sched_reserve: fused Gated Delta Net (chunked) enabled
graph_reserve: reserving a graph for ubatch with n_tokens =  512, n_seqs =  1, n_outputs =  512
graph_reserve: reserving a graph for ubatch with n_tokens =    1, n_seqs =  1, n_outputs =    1
graph_reserve: reserving a graph for ubatch with n_tokens =  512, n_seqs =  1, n_outputs =  512
sched_reserve:      CUDA0 compute buffer size =   304.00 MiB
sched_reserve:  CUDA_Host compute buffer size =    14.76 MiB
sched_reserve: graph nodes  = 958
sched_reserve: graph splits = 44 (with bs=512), 2 (with bs=1)
sched_reserve: reserve took 14.33 ms, sched copies = 1
CUDA Graph id 22482 reused
ggml_backend_cuda_graph_compute: CUDA graph warmup complete
CUDA Graph id 22482 reused
CUDA Graph id 22482 reused
CUDA Graph id 22482 reused
CUDA Graph id 22482 reused
CUDA Graph id 22482 reused
CUDA Graph id 22482 reused
CUDA Graph id 22482 reused
CUDA Graph id 22482 reused
CUDA Graph id 22482 reused
~llama_context:      CUDA0 compute buffer size is 304.0000 MiB, matches expectation of 304.0000 MiB
~llama_context:  CUDA_Host compute buffer size is  14.7637 MiB, matches expectation of  14.7637 MiB
llama_context: constructing llama_context
llama_context: n_seq_max     = 1
llama_context: n_ctx         = 768
llama_context: n_ctx_seq     = 768
llama_context: n_batch       = 698
llama_context: n_ubatch      = 512
llama_context: causal_attn   = 1
llama_context: flash_attn    = auto
llama_context: kv_unified    = false
llama_context: freq_base     = 1000000.0
llama_context: freq_scale    = 1
llama_context: n_rs_seq      = 0
llama_context: n_outputs_max = 698
llama_context: n_ctx_seq (768) < n_ctx_train (32768) -- the full capacity of the model will not be utilized
set_abort_callback: call
llama_context:  CUDA_Host  output buffer size =     0.58 MiB
llama_kv_cache: layer   0: dev = CPU
llama_kv_cache: layer   1: dev = CPU
llama_kv_cache: layer   2: dev = CPU
llama_kv_cache: layer   3: dev = CUDA0
llama_kv_cache: layer   4: dev = CUDA0
llama_kv_cache: layer   5: dev = CUDA0
llama_kv_cache: layer   6: dev = CUDA0
llama_kv_cache: layer   7: dev = CUDA0
llama_kv_cache: layer   8: dev = CUDA0
llama_kv_cache: layer   9: dev = CUDA0
llama_kv_cache: layer  10: dev = CUDA0
llama_kv_cache: layer  11: dev = CUDA0
llama_kv_cache: layer  12: dev = CUDA0
llama_kv_cache: layer  13: dev = CUDA0
llama_kv_cache: layer  14: dev = CUDA0
llama_kv_cache: layer  15: dev = CUDA0
llama_kv_cache: layer  16: dev = CUDA0
llama_kv_cache: layer  17: dev = CUDA0
llama_kv_cache: layer  18: dev = CUDA0
llama_kv_cache: layer  19: dev = CUDA0
llama_kv_cache: layer  20: dev = CUDA0
llama_kv_cache: layer  21: dev = CUDA0
llama_kv_cache: layer  22: dev = CUDA0
llama_kv_cache: layer  23: dev = CUDA0
llama_kv_cache: layer  24: dev = CUDA0
llama_kv_cache: layer  25: dev = CUDA0
llama_kv_cache: layer  26: dev = CUDA0
llama_kv_cache: layer  27: dev = CUDA0
llama_kv_cache:        CPU KV buffer size =     4.50 MiB
llama_kv_cache:      CUDA0 KV buffer size =    37.50 MiB
llama_kv_cache: size =   42.00 MiB (   768 cells,  28 layers,  1/1 seqs), K (f16):   21.00 MiB, V (f16):   21.00 MiB
llama_kv_cache: attn_rot_k = 0, n_embd_head_k_all = 128
llama_kv_cache: attn_rot_v = 0, n_embd_head_k_all = 128
llama_context: enumerating backends
llama_context: backend_ptrs.size() = 2
sched_reserve: reserving ...
sched_reserve: max_nodes = 2712
sched_reserve: reserving full memory module
sched_reserve: worst-case: n_tokens = 512, n_seqs = 1, n_outputs = 1
graph_reserve: reserving a graph for ubatch with n_tokens =    1, n_seqs =  1, n_outputs =    1
sched_reserve: Flash Attention was auto, set to enabled
sched_reserve: resolving fused Gated Delta Net support:
graph_reserve: reserving a graph for ubatch with n_tokens =    1, n_seqs =  1, n_outputs =    1
sched_reserve: fused Gated Delta Net (autoregressive) enabled
graph_reserve: reserving a graph for ubatch with n_tokens =   16, n_seqs =  1, n_outputs =   16
sched_reserve: fused Gated Delta Net (chunked) enabled
graph_reserve: reserving a graph for ubatch with n_tokens =  512, n_seqs =  1, n_outputs =  512
graph_reserve: reserving a graph for ubatch with n_tokens =    1, n_seqs =  1, n_outputs =    1
graph_reserve: reserving a graph for ubatch with n_tokens =  512, n_seqs =  1, n_outputs =  512
sched_reserve:      CUDA0 compute buffer size =   304.00 MiB
sched_reserve:  CUDA_Host compute buffer size =    14.76 MiB
sched_reserve: graph nodes  = 958
sched_reserve: graph splits = 44 (with bs=512), 2 (with bs=1)
sched_reserve: reserve took 20.32 ms, sched copies = 1
CUDA Graph id 22632 reused
ggml_backend_cuda_graph_compute: CUDA graph warmup complete
CUDA Graph id 22632 reused
CUDA Graph id 22632 reused
CUDA Graph id 22632 reused
CUDA Graph id 22632 reused
CUDA Graph id 22632 reused
CUDA Graph id 22632 reused
CUDA Graph id 22632 reused
CUDA Graph id 22632 reused
CUDA Graph id 22632 reused
CUDA Graph id 22632 reused
CUDA Graph id 22632 reused
CUDA Graph id 22632 reused
CUDA Graph id 22632 reused
CUDA Graph id 22632 reused
CUDA Graph id 22632 reused
CUDA Graph id 22632 reused
CUDA Graph id 22632 reused
CUDA Graph id 22632 reused
CUDA Graph id 22632 reused
CUDA Graph id 22632 reused
CUDA Graph id 22632 reused
CUDA Graph id 22632 reused
CUDA Graph id 22632 reused
CUDA Graph id 22632 reused
CUDA Graph id 22632 reused
CUDA Graph id 22632 reused
CUDA Graph id 22632 reused
CUDA Graph id 22632 reused
CUDA Graph id 22632 reused
CUDA Graph id 22632 reused
CUDA Graph id 22632 reused
CUDA Graph id 22632 reused
CUDA Graph id 22632 reused
CUDA Graph id 22632 reused
CUDA Graph id 22632 reused
~llama_context:      CUDA0 compute buffer size is 304.0000 MiB, matches expectation of 304.0000 MiB
~llama_context:  CUDA_Host compute buffer size is  14.7637 MiB, matches expectation of  14.7637 MiB
schema 25/25 done
wrote results/smoke_llamacpp_bench/a2_chunks/a2_raw_000.json
