ggml_cuda_init: found 1 CUDA devices (Total VRAM: 24121 MiB):
  Device 0: NVIDIA GeForce RTX 3090, compute capability 8.6, VMM: yes, VRAM: 24121 MiB
llama_model_loader: loaded meta data with 33 key-value pairs and 339 tensors from models/qwen2.5-coder-7b-bf16.gguf (version GGUF V3 (latest))
llama_model_loader: Dumping metadata keys/values. Note: KV overrides do not apply in this output.
llama_model_loader: - kv   0:                       general.architecture str              = qwen2
llama_model_loader: - kv   1:                               general.type str              = model
llama_model_loader: - kv   2:                               general.name str              = 0396a76181e127dfc13e5c5ec48a8cee09938b02
llama_model_loader: - kv   3:                           general.finetune str              = 0396a76181e127dfc13e5c5ec48a8cee09938b02
llama_model_loader: - kv   4:                         general.size_label str              = 7.6B
llama_model_loader: - kv   5:                            general.license str              = apache-2.0
llama_model_loader: - kv   6:                       general.license.link str              = https://huggingface.co/Qwen/Qwen2.5-C...
llama_model_loader: - kv   7:                   general.base_model.count u32              = 1
llama_model_loader: - kv   8:                  general.base_model.0.name str              = Qwen2.5 7B
llama_model_loader: - kv   9:          general.base_model.0.organization str              = Qwen
llama_model_loader: - kv  10:              general.base_model.0.repo_url str              = https://huggingface.co/Qwen/Qwen2.5-7B
llama_model_loader: - kv  11:                               general.tags arr[str,5]       = ["code", "qwen", "qwen-coder", "codeq...
llama_model_loader: - kv  12:                          general.languages arr[str,1]       = ["en"]
llama_model_loader: - kv  13:                          qwen2.block_count u32              = 28
llama_model_loader: - kv  14:                       qwen2.context_length u32              = 32768
llama_model_loader: - kv  15:                     qwen2.embedding_length u32              = 3584
llama_model_loader: - kv  16:                  qwen2.feed_forward_length u32              = 18944
llama_model_loader: - kv  17:                 qwen2.attention.head_count u32              = 28
llama_model_loader: - kv  18:              qwen2.attention.head_count_kv u32              = 4
llama_model_loader: - kv  19:                       qwen2.rope.freq_base f32              = 1000000.000000
llama_model_loader: - kv  20:     qwen2.attention.layer_norm_rms_epsilon f32              = 0.000001
llama_model_loader: - kv  21:                          general.file_type u32              = 32
llama_model_loader: - kv  22:               general.quantization_version u32              = 2
llama_model_loader: - kv  23:                       tokenizer.ggml.model str              = gpt2
llama_model_loader: - kv  24:                         tokenizer.ggml.pre str              = qwen2
llama_model_loader: - kv  25:                      tokenizer.ggml.tokens arr[str,152064]  = ["!", "\"", "#", "$", "%", "&", "'", ...
llama_model_loader: - kv  26:                  tokenizer.ggml.token_type arr[i32,152064]  = [1, 1, 1, 1, 1, 1, 1, 1, 1, 1, 1, 1, ...
llama_model_loader: - kv  27:                      tokenizer.ggml.merges arr[str,151387]  = ["Ġ Ġ", "ĠĠ ĠĠ", "i n", "Ġ t",...
llama_model_loader: - kv  28:                tokenizer.ggml.eos_token_id u32              = 151643
llama_model_loader: - kv  29:            tokenizer.ggml.padding_token_id u32              = 151643
llama_model_loader: - kv  30:                tokenizer.ggml.bos_token_id u32              = 151643
llama_model_loader: - kv  31:               tokenizer.ggml.add_bos_token bool             = false
llama_model_loader: - kv  32:                    tokenizer.chat_template str              = {%- if tools %}\n    {{- '<|im_start|>...
llama_model_loader: - type  f32:  141 tensors
llama_model_loader: - type bf16:  198 tensors
print_info: file format = GGUF V3 (latest)
print_info: file type   = BF16
print_info: file size   = 14.19 GiB (16.00 BPW) 
llama_prepare_model_devices: using device CUDA0 (NVIDIA GeForce RTX 3090) (0000:61:00.0) - 23826 MiB free
init_tokenizer: initializing tokenizer for type 2
load: 0 unused tokens
load: control token: 151660 '<|fim_middle|>' is not marked as EOG
load: control token: 151659 '<|fim_prefix|>' is not marked as EOG
load: control token: 151653 '<|vision_end|>' is not marked as EOG
load: control token: 151648 '<|box_start|>' is not marked as EOG
load: control token: 151646 '<|object_ref_start|>' is not marked as EOG
load: control token: 151649 '<|box_end|>' is not marked as EOG
load: control-looking token: 128247 '</s>' was not control-type; this is probably a bug in the model. its type will be overridden
load: control token: 151655 '<|image_pad|>' is not marked as EOG
load: control token: 151651 '<|quad_end|>' is not marked as EOG
load: control token: 151647 '<|object_ref_end|>' is not marked as EOG
load: control token: 151652 '<|vision_start|>' is not marked as EOG
load: control token: 151654 '<|vision_pad|>' is not marked as EOG
load: control token: 151656 '<|video_pad|>' is not marked as EOG
load: control token: 151644 '<|im_start|>' is not marked as EOG
load: control token: 151661 '<|fim_suffix|>' is not marked as EOG
load: control token: 151650 '<|quad_start|>' is not marked as EOG
load: printing all EOG tokens:
load:   - 128247 ('</s>')
load:   - 151643 ('<|endoftext|>')
load:   - 151645 ('<|im_end|>')
load:   - 151662 ('<|fim_pad|>')
load:   - 151663 ('<|repo_name|>')
load:   - 151664 ('<|file_sep|>')
load: special tokens cache size = 23
load: token to piece cache size = 0.9310 MB
print_info: arch                  = qwen2
print_info: vocab_only            = 0
print_info: no_alloc              = 0
print_info: n_ctx_train           = 32768
print_info: n_embd_inp            = 3584
print_info: n_embd                = 3584
print_info: n_embd_out            = 3584
print_info: n_layer               = 28
print_info: n_layer_all           = 28
print_info: n_head                = 28
print_info: n_head_kv             = 4
print_info: n_rot                 = 128
print_info: n_swa                 = 0
print_info: is_swa_any            = 0
print_info: n_embd_head_k         = 128
print_info: n_embd_head_v         = 128
print_info: n_gqa                 = 7
print_info: n_embd_k_gqa          = 512
print_info: n_embd_v_gqa          = 512
print_info: f_norm_eps            = 0.0e+00
print_info: f_norm_rms_eps        = 1.0e-06
print_info: f_clamp_kqv           = 0.0e+00
print_info: f_max_alibi_bias      = 0.0e+00
print_info: f_logit_scale         = 0.0e+00
print_info: f_attn_scale          = 0.0e+00
print_info: f_attn_value_scale    = 0.0000
print_info: n_ff                  = 18944
print_info: n_expert              = 0
print_info: n_expert_used         = 0
print_info: n_expert_groups       = 0
print_info: n_group_used          = 0
print_info: causal attn           = 1
print_info: pooling type          = -1
print_info: rope type             = 2
print_info: rope scaling          = linear
print_info: freq_base_train       = 1000000.0
print_info: freq_scale_train      = 1
print_info: n_ctx_orig_yarn       = 32768
print_info: rope_yarn_log_mul     = 0.0000
print_info: rope_finetuned        = unknown
print_info: model type            = 7B
print_info: model params          = 7.62 B
print_info: general.name          = 0396a76181e127dfc13e5c5ec48a8cee09938b02
print_info: vocab type            = BPE
print_info: n_vocab               = 152064
print_info: n_merges              = 151387
print_info: BOS token             = 151643 '<|endoftext|>'
print_info: EOS token             = 151643 '<|endoftext|>'
print_info: EOT token             = 151645 '<|im_end|>'
print_info: PAD token             = 151643 '<|endoftext|>'
print_info: LF token              = 198 'Ċ'
print_info: FIM PRE token         = 151659 '<|fim_prefix|>'
print_info: FIM SUF token         = 151661 '<|fim_suffix|>'
print_info: FIM MID token         = 151660 '<|fim_middle|>'
print_info: FIM PAD token         = 151662 '<|fim_pad|>'
print_info: FIM REP token         = 151663 '<|repo_name|>'
print_info: FIM SEP token         = 151664 '<|file_sep|>'
print_info: EOG token             = 128247 '</s>'
print_info: EOG token             = 151643 '<|endoftext|>'
print_info: EOG token             = 151645 '<|im_end|>'
print_info: EOG token             = 151662 '<|fim_pad|>'
print_info: EOG token             = 151663 '<|repo_name|>'
print_info: EOG token             = 151664 '<|file_sep|>'
print_info: max token length      = 256
load_tensors: loading model tensors, this can take a while... (mmap = true, direct_io = false)
load_tensors: layer   0 assigned to device CPU, is_swa = 0
load_tensors: layer   1 assigned to device CPU, is_swa = 0
load_tensors: layer   2 assigned to device CPU, is_swa = 0
load_tensors: layer   3 assigned to device CUDA0, is_swa = 0
load_tensors: layer   4 assigned to device CUDA0, is_swa = 0
load_tensors: layer   5 assigned to device CUDA0, is_swa = 0
load_tensors: layer   6 assigned to device CUDA0, is_swa = 0
load_tensors: layer   7 assigned to device CUDA0, is_swa = 0
load_tensors: layer   8 assigned to device CUDA0, is_swa = 0
load_tensors: layer   9 assigned to device CUDA0, is_swa = 0
load_tensors: layer  10 assigned to device CUDA0, is_swa = 0
load_tensors: layer  11 assigned to device CUDA0, is_swa = 0
load_tensors: layer  12 assigned to device CUDA0, is_swa = 0
load_tensors: layer  13 assigned to device CUDA0, is_swa = 0
load_tensors: layer  14 assigned to device CUDA0, is_swa = 0
load_tensors: layer  15 assigned to device CUDA0, is_swa = 0
load_tensors: layer  16 assigned to device CUDA0, is_swa = 0
load_tensors: layer  17 assigned to device CUDA0, is_swa = 0
load_tensors: layer  18 assigned to device CUDA0, is_swa = 0
load_tensors: layer  19 assigned to device CUDA0, is_swa = 0
load_tensors: layer  20 assigned to device CUDA0, is_swa = 0
load_tensors: layer  21 assigned to device CUDA0, is_swa = 0
load_tensors: layer  22 assigned to device CUDA0, is_swa = 0
load_tensors: layer  23 assigned to device CUDA0, is_swa = 0
load_tensors: layer  24 assigned to device CUDA0, is_swa = 0
load_tensors: layer  25 assigned to device CUDA0, is_swa = 0
load_tensors: layer  26 assigned to device CUDA0, is_swa = 0
load_tensors: layer  27 assigned to device CUDA0, is_swa = 0
load_tensors: layer  28 assigned to device CUDA0, is_swa = 0
create_tensor: loading tensor token_embd.weight
create_tensor: loading tensor output_norm.weight
create_tensor: loading tensor output.weight
create_tensor: loading tensor blk.0.attn_norm.weight
create_tensor: loading tensor blk.0.attn_q.weight
create_tensor: loading tensor blk.0.attn_k.weight
create_tensor: loading tensor blk.0.attn_v.weight
create_tensor: loading tensor blk.0.attn_q.bias
create_tensor: loading tensor blk.0.attn_k.bias
create_tensor: loading tensor blk.0.attn_v.bias
create_tensor: loading tensor blk.0.attn_output.weight
create_tensor: loading tensor blk.0.ffn_norm.weight
create_tensor: loading tensor blk.0.ffn_gate.weight
create_tensor: loading tensor blk.0.ffn_down.weight
create_tensor: loading tensor blk.0.ffn_up.weight
create_tensor: loading tensor blk.1.attn_norm.weight
create_tensor: loading tensor blk.1.attn_q.weight
create_tensor: loading tensor blk.1.attn_k.weight
create_tensor: loading tensor blk.1.attn_v.weight
create_tensor: loading tensor blk.1.attn_q.bias
create_tensor: loading tensor blk.1.attn_k.bias
create_tensor: loading tensor blk.1.attn_v.bias
create_tensor: loading tensor blk.1.attn_output.weight
create_tensor: loading tensor blk.1.ffn_norm.weight
create_tensor: loading tensor blk.1.ffn_gate.weight
create_tensor: loading tensor blk.1.ffn_down.weight
create_tensor: loading tensor blk.1.ffn_up.weight
create_tensor: loading tensor blk.2.attn_norm.weight
create_tensor: loading tensor blk.2.attn_q.weight
create_tensor: loading tensor blk.2.attn_k.weight
create_tensor: loading tensor blk.2.attn_v.weight
create_tensor: loading tensor blk.2.attn_q.bias
create_tensor: loading tensor blk.2.attn_k.bias
create_tensor: loading tensor blk.2.attn_v.bias
create_tensor: loading tensor blk.2.attn_output.weight
create_tensor: loading tensor blk.2.ffn_norm.weight
create_tensor: loading tensor blk.2.ffn_gate.weight
create_tensor: loading tensor blk.2.ffn_down.weight
create_tensor: loading tensor blk.2.ffn_up.weight
create_tensor: loading tensor blk.3.attn_norm.weight
create_tensor: loading tensor blk.3.attn_q.weight
create_tensor: loading tensor blk.3.attn_k.weight
create_tensor: loading tensor blk.3.attn_v.weight
create_tensor: loading tensor blk.3.attn_q.bias
create_tensor: loading tensor blk.3.attn_k.bias
create_tensor: loading tensor blk.3.attn_v.bias
create_tensor: loading tensor blk.3.attn_output.weight
create_tensor: loading tensor blk.3.ffn_norm.weight
create_tensor: loading tensor blk.3.ffn_gate.weight
create_tensor: loading tensor blk.3.ffn_down.weight
create_tensor: loading tensor blk.3.ffn_up.weight
create_tensor: loading tensor blk.4.attn_norm.weight
create_tensor: loading tensor blk.4.attn_q.weight
create_tensor: loading tensor blk.4.attn_k.weight
create_tensor: loading tensor blk.4.attn_v.weight
create_tensor: loading tensor blk.4.attn_q.bias
create_tensor: loading tensor blk.4.attn_k.bias
create_tensor: loading tensor blk.4.attn_v.bias
create_tensor: loading tensor blk.4.attn_output.weight
create_tensor: loading tensor blk.4.ffn_norm.weight
create_tensor: loading tensor blk.4.ffn_gate.weight
create_tensor: loading tensor blk.4.ffn_down.weight
create_tensor: loading tensor blk.4.ffn_up.weight
create_tensor: loading tensor blk.5.attn_norm.weight
create_tensor: loading tensor blk.5.attn_q.weight
create_tensor: loading tensor blk.5.attn_k.weight
create_tensor: loading tensor blk.5.attn_v.weight
create_tensor: loading tensor blk.5.attn_q.bias
create_tensor: loading tensor blk.5.attn_k.bias
create_tensor: loading tensor blk.5.attn_v.bias
create_tensor: loading tensor blk.5.attn_output.weight
create_tensor: loading tensor blk.5.ffn_norm.weight
create_tensor: loading tensor blk.5.ffn_gate.weight
create_tensor: loading tensor blk.5.ffn_down.weight
create_tensor: loading tensor blk.5.ffn_up.weight
create_tensor: loading tensor blk.6.attn_norm.weight
create_tensor: loading tensor blk.6.attn_q.weight
create_tensor: loading tensor blk.6.attn_k.weight
create_tensor: loading tensor blk.6.attn_v.weight
create_tensor: loading tensor blk.6.attn_q.bias
create_tensor: loading tensor blk.6.attn_k.bias
create_tensor: loading tensor blk.6.attn_v.bias
create_tensor: loading tensor blk.6.attn_output.weight
create_tensor: loading tensor blk.6.ffn_norm.weight
create_tensor: loading tensor blk.6.ffn_gate.weight
create_tensor: loading tensor blk.6.ffn_down.weight
create_tensor: loading tensor blk.6.ffn_up.weight
create_tensor: loading tensor blk.7.attn_norm.weight
create_tensor: loading tensor blk.7.attn_q.weight
create_tensor: loading tensor blk.7.attn_k.weight
create_tensor: loading tensor blk.7.attn_v.weight
create_tensor: loading tensor blk.7.attn_q.bias
create_tensor: loading tensor blk.7.attn_k.bias
create_tensor: loading tensor blk.7.attn_v.bias
create_tensor: loading tensor blk.7.attn_output.weight
create_tensor: loading tensor blk.7.ffn_norm.weight
create_tensor: loading tensor blk.7.ffn_gate.weight
create_tensor: loading tensor blk.7.ffn_down.weight
create_tensor: loading tensor blk.7.ffn_up.weight
create_tensor: loading tensor blk.8.attn_norm.weight
create_tensor: loading tensor blk.8.attn_q.weight
create_tensor: loading tensor blk.8.attn_k.weight
create_tensor: loading tensor blk.8.attn_v.weight
create_tensor: loading tensor blk.8.attn_q.bias
create_tensor: loading tensor blk.8.attn_k.bias
create_tensor: loading tensor blk.8.attn_v.bias
create_tensor: loading tensor blk.8.attn_output.weight
create_tensor: loading tensor blk.8.ffn_norm.weight
create_tensor: loading tensor blk.8.ffn_gate.weight
create_tensor: loading tensor blk.8.ffn_down.weight
create_tensor: loading tensor blk.8.ffn_up.weight
create_tensor: loading tensor blk.9.attn_norm.weight
create_tensor: loading tensor blk.9.attn_q.weight
create_tensor: loading tensor blk.9.attn_k.weight
create_tensor: loading tensor blk.9.attn_v.weight
create_tensor: loading tensor blk.9.attn_q.bias
create_tensor: loading tensor blk.9.attn_k.bias
create_tensor: loading tensor blk.9.attn_v.bias
create_tensor: loading tensor blk.9.attn_output.weight
create_tensor: loading tensor blk.9.ffn_norm.weight
create_tensor: loading tensor blk.9.ffn_gate.weight
create_tensor: loading tensor blk.9.ffn_down.weight
create_tensor: loading tensor blk.9.ffn_up.weight
create_tensor: loading tensor blk.10.attn_norm.weight
create_tensor: loading tensor blk.10.attn_q.weight
create_tensor: loading tensor blk.10.attn_k.weight
create_tensor: loading tensor blk.10.attn_v.weight
create_tensor: loading tensor blk.10.attn_q.bias
create_tensor: loading tensor blk.10.attn_k.bias
create_tensor: loading tensor blk.10.attn_v.bias
create_tensor: loading tensor blk.10.attn_output.weight
create_tensor: loading tensor blk.10.ffn_norm.weight
create_tensor: loading tensor blk.10.ffn_gate.weight
create_tensor: loading tensor blk.10.ffn_down.weight
create_tensor: loading tensor blk.10.ffn_up.weight
create_tensor: loading tensor blk.11.attn_norm.weight
create_tensor: loading tensor blk.11.attn_q.weight
create_tensor: loading tensor blk.11.attn_k.weight
create_tensor: loading tensor blk.11.attn_v.weight
create_tensor: loading tensor blk.11.attn_q.bias
create_tensor: loading tensor blk.11.attn_k.bias
create_tensor: loading tensor blk.11.attn_v.bias
create_tensor: loading tensor blk.11.attn_output.weight
create_tensor: loading tensor blk.11.ffn_norm.weight
create_tensor: loading tensor blk.11.ffn_gate.weight
create_tensor: loading tensor blk.11.ffn_down.weight
create_tensor: loading tensor blk.11.ffn_up.weight
create_tensor: loading tensor blk.12.attn_norm.weight
create_tensor: loading tensor blk.12.attn_q.weight
create_tensor: loading tensor blk.12.attn_k.weight
create_tensor: loading tensor blk.12.attn_v.weight
create_tensor: loading tensor blk.12.attn_q.bias
create_tensor: loading tensor blk.12.attn_k.bias
create_tensor: loading tensor blk.12.attn_v.bias
create_tensor: loading tensor blk.12.attn_output.weight
create_tensor: loading tensor blk.12.ffn_norm.weight
create_tensor: loading tensor blk.12.ffn_gate.weight
create_tensor: loading tensor blk.12.ffn_down.weight
create_tensor: loading tensor blk.12.ffn_up.weight
create_tensor: loading tensor blk.13.attn_norm.weight
create_tensor: loading tensor blk.13.attn_q.weight
create_tensor: loading tensor blk.13.attn_k.weight
create_tensor: loading tensor blk.13.attn_v.weight
create_tensor: loading tensor blk.13.attn_q.bias
create_tensor: loading tensor blk.13.attn_k.bias
create_tensor: loading tensor blk.13.attn_v.bias
create_tensor: loading tensor blk.13.attn_output.weight
create_tensor: loading tensor blk.13.ffn_norm.weight
create_tensor: loading tensor blk.13.ffn_gate.weight
create_tensor: loading tensor blk.13.ffn_down.weight
create_tensor: loading tensor blk.13.ffn_up.weight
create_tensor: loading tensor blk.14.attn_norm.weight
create_tensor: loading tensor blk.14.attn_q.weight
create_tensor: loading tensor blk.14.attn_k.weight
create_tensor: loading tensor blk.14.attn_v.weight
create_tensor: loading tensor blk.14.attn_q.bias
create_tensor: loading tensor blk.14.attn_k.bias
create_tensor: loading tensor blk.14.attn_v.bias
create_tensor: loading tensor blk.14.attn_output.weight
create_tensor: loading tensor blk.14.ffn_norm.weight
create_tensor: loading tensor blk.14.ffn_gate.weight
create_tensor: loading tensor blk.14.ffn_down.weight
create_tensor: loading tensor blk.14.ffn_up.weight
create_tensor: loading tensor blk.15.attn_norm.weight
create_tensor: loading tensor blk.15.attn_q.weight
create_tensor: loading tensor blk.15.attn_k.weight
create_tensor: loading tensor blk.15.attn_v.weight
create_tensor: loading tensor blk.15.attn_q.bias
create_tensor: loading tensor blk.15.attn_k.bias
create_tensor: loading tensor blk.15.attn_v.bias
create_tensor: loading tensor blk.15.attn_output.weight
create_tensor: loading tensor blk.15.ffn_norm.weight
create_tensor: loading tensor blk.15.ffn_gate.weight
create_tensor: loading tensor blk.15.ffn_down.weight
create_tensor: loading tensor blk.15.ffn_up.weight
create_tensor: loading tensor blk.16.attn_norm.weight
create_tensor: loading tensor blk.16.attn_q.weight
create_tensor: loading tensor blk.16.attn_k.weight
create_tensor: loading tensor blk.16.attn_v.weight
create_tensor: loading tensor blk.16.attn_q.bias
create_tensor: loading tensor blk.16.attn_k.bias
create_tensor: loading tensor blk.16.attn_v.bias
create_tensor: loading tensor blk.16.attn_output.weight
create_tensor: loading tensor blk.16.ffn_norm.weight
create_tensor: loading tensor blk.16.ffn_gate.weight
create_tensor: loading tensor blk.16.ffn_down.weight
create_tensor: loading tensor blk.16.ffn_up.weight
create_tensor: loading tensor blk.17.attn_norm.weight
create_tensor: loading tensor blk.17.attn_q.weight
create_tensor: loading tensor blk.17.attn_k.weight
create_tensor: loading tensor blk.17.attn_v.weight
create_tensor: loading tensor blk.17.attn_q.bias
create_tensor: loading tensor blk.17.attn_k.bias
create_tensor: loading tensor blk.17.attn_v.bias
create_tensor: loading tensor blk.17.attn_output.weight
create_tensor: loading tensor blk.17.ffn_norm.weight
create_tensor: loading tensor blk.17.ffn_gate.weight
create_tensor: loading tensor blk.17.ffn_down.weight
create_tensor: loading tensor blk.17.ffn_up.weight
create_tensor: loading tensor blk.18.attn_norm.weight
create_tensor: loading tensor blk.18.attn_q.weight
create_tensor: loading tensor blk.18.attn_k.weight
create_tensor: loading tensor blk.18.attn_v.weight
create_tensor: loading tensor blk.18.attn_q.bias
create_tensor: loading tensor blk.18.attn_k.bias
create_tensor: loading tensor blk.18.attn_v.bias
create_tensor: loading tensor blk.18.attn_output.weight
create_tensor: loading tensor blk.18.ffn_norm.weight
create_tensor: loading tensor blk.18.ffn_gate.weight
create_tensor: loading tensor blk.18.ffn_down.weight
create_tensor: loading tensor blk.18.ffn_up.weight
create_tensor: loading tensor blk.19.attn_norm.weight
create_tensor: loading tensor blk.19.attn_q.weight
create_tensor: loading tensor blk.19.attn_k.weight
create_tensor: loading tensor blk.19.attn_v.weight
create_tensor: loading tensor blk.19.attn_q.bias
create_tensor: loading tensor blk.19.attn_k.bias
create_tensor: loading tensor blk.19.attn_v.bias
create_tensor: loading tensor blk.19.attn_output.weight
create_tensor: loading tensor blk.19.ffn_norm.weight
create_tensor: loading tensor blk.19.ffn_gate.weight
create_tensor: loading tensor blk.19.ffn_down.weight
create_tensor: loading tensor blk.19.ffn_up.weight
create_tensor: loading tensor blk.20.attn_norm.weight
create_tensor: loading tensor blk.20.attn_q.weight
create_tensor: loading tensor blk.20.attn_k.weight
create_tensor: loading tensor blk.20.attn_v.weight
create_tensor: loading tensor blk.20.attn_q.bias
create_tensor: loading tensor blk.20.attn_k.bias
create_tensor: loading tensor blk.20.attn_v.bias
create_tensor: loading tensor blk.20.attn_output.weight
create_tensor: loading tensor blk.20.ffn_norm.weight
create_tensor: loading tensor blk.20.ffn_gate.weight
create_tensor: loading tensor blk.20.ffn_down.weight
create_tensor: loading tensor blk.20.ffn_up.weight
create_tensor: loading tensor blk.21.attn_norm.weight
create_tensor: loading tensor blk.21.attn_q.weight
create_tensor: loading tensor blk.21.attn_k.weight
create_tensor: loading tensor blk.21.attn_v.weight
create_tensor: loading tensor blk.21.attn_q.bias
create_tensor: loading tensor blk.21.attn_k.bias
create_tensor: loading tensor blk.21.attn_v.bias
create_tensor: loading tensor blk.21.attn_output.weight
create_tensor: loading tensor blk.21.ffn_norm.weight
create_tensor: loading tensor blk.21.ffn_gate.weight
create_tensor: loading tensor blk.21.ffn_down.weight
create_tensor: loading tensor blk.21.ffn_up.weight
create_tensor: loading tensor blk.22.attn_norm.weight
create_tensor: loading tensor blk.22.attn_q.weight
create_tensor: loading tensor blk.22.attn_k.weight
create_tensor: loading tensor blk.22.attn_v.weight
create_tensor: loading tensor blk.22.attn_q.bias
create_tensor: loading tensor blk.22.attn_k.bias
create_tensor: loading tensor blk.22.attn_v.bias
create_tensor: loading tensor blk.22.attn_output.weight
create_tensor: loading tensor blk.22.ffn_norm.weight
create_tensor: loading tensor blk.22.ffn_gate.weight
create_tensor: loading tensor blk.22.ffn_down.weight
create_tensor: loading tensor blk.22.ffn_up.weight
create_tensor: loading tensor blk.23.attn_norm.weight
create_tensor: loading tensor blk.23.attn_q.weight
create_tensor: loading tensor blk.23.attn_k.weight
create_tensor: loading tensor blk.23.attn_v.weight
create_tensor: loading tensor blk.23.attn_q.bias
create_tensor: loading tensor blk.23.attn_k.bias
create_tensor: loading tensor blk.23.attn_v.bias
create_tensor: loading tensor blk.23.attn_output.weight
create_tensor: loading tensor blk.23.ffn_norm.weight
create_tensor: loading tensor blk.23.ffn_gate.weight
create_tensor: loading tensor blk.23.ffn_down.weight
create_tensor: loading tensor blk.23.ffn_up.weight
create_tensor: loading tensor blk.24.attn_norm.weight
create_tensor: loading tensor blk.24.attn_q.weight
create_tensor: loading tensor blk.24.attn_k.weight
create_tensor: loading tensor blk.24.attn_v.weight
create_tensor: loading tensor blk.24.attn_q.bias
create_tensor: loading tensor blk.24.attn_k.bias
create_tensor: loading tensor blk.24.attn_v.bias
create_tensor: loading tensor blk.24.attn_output.weight
create_tensor: loading tensor blk.24.ffn_norm.weight
create_tensor: loading tensor blk.24.ffn_gate.weight
create_tensor: loading tensor blk.24.ffn_down.weight
create_tensor: loading tensor blk.24.ffn_up.weight
create_tensor: loading tensor blk.25.attn_norm.weight
create_tensor: loading tensor blk.25.attn_q.weight
create_tensor: loading tensor blk.25.attn_k.weight
create_tensor: loading tensor blk.25.attn_v.weight
create_tensor: loading tensor blk.25.attn_q.bias
create_tensor: loading tensor blk.25.attn_k.bias
create_tensor: loading tensor blk.25.attn_v.bias
create_tensor: loading tensor blk.25.attn_output.weight
create_tensor: loading tensor blk.25.ffn_norm.weight
create_tensor: loading tensor blk.25.ffn_gate.weight
create_tensor: loading tensor blk.25.ffn_down.weight
create_tensor: loading tensor blk.25.ffn_up.weight
create_tensor: loading tensor blk.26.attn_norm.weight
create_tensor: loading tensor blk.26.attn_q.weight
create_tensor: loading tensor blk.26.attn_k.weight
create_tensor: loading tensor blk.26.attn_v.weight
create_tensor: loading tensor blk.26.attn_q.bias
create_tensor: loading tensor blk.26.attn_k.bias
create_tensor: loading tensor blk.26.attn_v.bias
create_tensor: loading tensor blk.26.attn_output.weight
create_tensor: loading tensor blk.26.ffn_norm.weight
create_tensor: loading tensor blk.26.ffn_gate.weight
create_tensor: loading tensor blk.26.ffn_down.weight
create_tensor: loading tensor blk.26.ffn_up.weight
create_tensor: loading tensor blk.27.attn_norm.weight
create_tensor: loading tensor blk.27.attn_q.weight
create_tensor: loading tensor blk.27.attn_k.weight
create_tensor: loading tensor blk.27.attn_v.weight
create_tensor: loading tensor blk.27.attn_q.bias
create_tensor: loading tensor blk.27.attn_k.bias
create_tensor: loading tensor blk.27.attn_v.bias
create_tensor: loading tensor blk.27.attn_output.weight
create_tensor: loading tensor blk.27.ffn_norm.weight
create_tensor: loading tensor blk.27.ffn_gate.weight
create_tensor: loading tensor blk.27.ffn_down.weight
create_tensor: loading tensor blk.27.ffn_up.weight
done_getting_tensors: tensor 'token_embd.weight' (bf16) (and 36 others) cannot be used with preferred buffer type CUDA_Host, using CPU instead
load_tensors: offloading output layer to GPU
load_tensors: offloading 25 repeating layers to GPU
load_tensors: offloaded 26/29 layers to GPU
load_tensors:   CPU_Mapped model buffer size =  2373.13 MiB
load_tensors:        CUDA0 model buffer size = 12153.14 MiB
........................................................................................
llama_context: constructing llama_context
llama_context: n_seq_max     = 1
llama_context: n_ctx         = 768
llama_context: n_ctx_seq     = 768
llama_context: n_batch       = 717
llama_context: n_ubatch      = 512
llama_context: causal_attn   = 1
llama_context: flash_attn    = auto
llama_context: kv_unified    = false
llama_context: freq_base     = 1000000.0
llama_context: freq_scale    = 1
llama_context: n_rs_seq      = 0
llama_context: n_outputs_max = 717
llama_context: n_ctx_seq (768) < n_ctx_train (32768) -- the full capacity of the model will not be utilized
set_abort_callback: call
llama_context:  CUDA_Host  output buffer size =     0.58 MiB
llama_kv_cache: layer   0: dev = CPU
llama_kv_cache: layer   1: dev = CPU
llama_kv_cache: layer   2: dev = CPU
llama_kv_cache: layer   3: dev = CUDA0
llama_kv_cache: layer   4: dev = CUDA0
llama_kv_cache: layer   5: dev = CUDA0
llama_kv_cache: layer   6: dev = CUDA0
llama_kv_cache: layer   7: dev = CUDA0
llama_kv_cache: layer   8: dev = CUDA0
llama_kv_cache: layer   9: dev = CUDA0
llama_kv_cache: layer  10: dev = CUDA0
llama_kv_cache: layer  11: dev = CUDA0
llama_kv_cache: layer  12: dev = CUDA0
llama_kv_cache: layer  13: dev = CUDA0
llama_kv_cache: layer  14: dev = CUDA0
llama_kv_cache: layer  15: dev = CUDA0
llama_kv_cache: layer  16: dev = CUDA0
llama_kv_cache: layer  17: dev = CUDA0
llama_kv_cache: layer  18: dev = CUDA0
llama_kv_cache: layer  19: dev = CUDA0
llama_kv_cache: layer  20: dev = CUDA0
llama_kv_cache: layer  21: dev = CUDA0
llama_kv_cache: layer  22: dev = CUDA0
llama_kv_cache: layer  23: dev = CUDA0
llama_kv_cache: layer  24: dev = CUDA0
llama_kv_cache: layer  25: dev = CUDA0
llama_kv_cache: layer  26: dev = CUDA0
llama_kv_cache: layer  27: dev = CUDA0
llama_kv_cache:        CPU KV buffer size =     4.50 MiB
llama_kv_cache:      CUDA0 KV buffer size =    37.50 MiB
llama_kv_cache: size =   42.00 MiB (   768 cells,  28 layers,  1/1 seqs), K (f16):   21.00 MiB, V (f16):   21.00 MiB
llama_kv_cache: attn_rot_k = 0, n_embd_head_k_all = 128
llama_kv_cache: attn_rot_v = 0, n_embd_head_k_all = 128
llama_context: enumerating backends
llama_context: backend_ptrs.size() = 2
sched_reserve: reserving ...
sched_reserve: max_nodes = 2712
sched_reserve: reserving full memory module
sched_reserve: worst-case: n_tokens = 512, n_seqs = 1, n_outputs = 1
graph_reserve: reserving a graph for ubatch with n_tokens =    1, n_seqs =  1, n_outputs =    1
sched_reserve: Flash Attention was auto, set to enabled
sched_reserve: resolving fused Gated Delta Net support:
graph_reserve: reserving a graph for ubatch with n_tokens =    1, n_seqs =  1, n_outputs =    1
sched_reserve: fused Gated Delta Net (autoregressive) enabled
graph_reserve: reserving a graph for ubatch with n_tokens =   16, n_seqs =  1, n_outputs =   16
sched_reserve: fused Gated Delta Net (chunked) enabled
graph_reserve: reserving a graph for ubatch with n_tokens =  512, n_seqs =  1, n_outputs =  512
graph_reserve: reserving a graph for ubatch with n_tokens =    1, n_seqs =  1, n_outputs =    1
graph_reserve: reserving a graph for ubatch with n_tokens =  512, n_seqs =  1, n_outputs =  512
sched_reserve:      CUDA0 compute buffer size =   304.00 MiB
sched_reserve:  CUDA_Host compute buffer size =    14.76 MiB
sched_reserve: graph nodes  = 958
sched_reserve: graph splits = 44 (with bs=512), 2 (with bs=1)
sched_reserve: reserve took 16.50 ms, sched copies = 1
CUDA Graph id 150 reused
ggml_backend_cuda_graph_compute: CUDA graph warmup complete
CUDA Graph id 150 reused
CUDA Graph id 150 reused
CUDA Graph id 150 reused
CUDA Graph id 150 reused
CUDA Graph id 150 reused
CUDA Graph id 150 reused
CUDA Graph id 150 reused
CUDA Graph id 150 reused
CUDA Graph id 150 reused
CUDA Graph id 150 reused
CUDA Graph id 150 reused
CUDA Graph id 150 reused
CUDA Graph id 150 reused
CUDA Graph id 150 reused
CUDA Graph id 150 reused
CUDA Graph id 150 reused
CUDA Graph id 150 reused
CUDA Graph id 150 reused
CUDA Graph id 150 reused
CUDA Graph id 150 reused
CUDA Graph id 150 reused
CUDA Graph id 150 reused
CUDA Graph id 150 reused
CUDA Graph id 150 reused
CUDA Graph id 150 reused
CUDA Graph id 150 reused
CUDA Graph id 150 reused
CUDA Graph id 150 reused
CUDA Graph id 150 reused
CUDA Graph id 150 reused
CUDA Graph id 150 reused
CUDA Graph id 150 reused
CUDA Graph id 150 reused
CUDA Graph id 150 reused
CUDA Graph id 150 reused
CUDA Graph id 150 reused
CUDA Graph id 150 reused
CUDA Graph id 150 reused
CUDA Graph id 150 reused
CUDA Graph id 150 reused
CUDA Graph id 150 reused
CUDA Graph id 150 reused
CUDA Graph id 150 reused
CUDA Graph id 150 reused
CUDA Graph id 150 reused
CUDA Graph id 150 reused
CUDA Graph id 150 reused
CUDA Graph id 150 reused
CUDA Graph id 150 reused
CUDA Graph id 150 reused
CUDA Graph id 150 reused
CUDA Graph id 150 reused
CUDA Graph id 150 reused
CUDA Graph id 150 reused
CUDA Graph id 150 reused
CUDA Graph id 150 reused
CUDA Graph id 150 reused
ggml_backend_cuda_graph_compute: CUDA graph warmup reset
CUDA Graph id 153 reused
ggml_backend_cuda_graph_compute: CUDA graph warmup complete
CUDA Graph id 153 reused
CUDA Graph id 153 reused
CUDA Graph id 153 reused
CUDA Graph id 153 reused
CUDA Graph id 153 reused
CUDA Graph id 153 reused
CUDA Graph id 153 reused
CUDA Graph id 153 reused
CUDA Graph id 153 reused
CUDA Graph id 153 reused
CUDA Graph id 153 reused
CUDA Graph id 153 reused
CUDA Graph id 153 reused
CUDA Graph id 153 reused
CUDA Graph id 153 reused
CUDA Graph id 153 reused
CUDA Graph id 153 reused
CUDA Graph id 153 reused
CUDA Graph id 153 reused
CUDA Graph id 153 reused
CUDA Graph id 153 reused
CUDA Graph id 153 reused
~llama_context:      CUDA0 compute buffer size is 304.0000 MiB, matches expectation of 304.0000 MiB
~llama_context:  CUDA_Host compute buffer size is  14.7637 MiB, matches expectation of  14.7637 MiB
llama_context: constructing llama_context
llama_context: n_seq_max     = 1
llama_context: n_ctx         = 768
llama_context: n_ctx_seq     = 768
llama_context: n_batch       = 717
llama_context: n_ubatch      = 512
llama_context: causal_attn   = 1
llama_context: flash_attn    = auto
llama_context: kv_unified    = false
llama_context: freq_base     = 1000000.0
llama_context: freq_scale    = 1
llama_context: n_rs_seq      = 0
llama_context: n_outputs_max = 717
llama_context: n_ctx_seq (768) < n_ctx_train (32768) -- the full capacity of the model will not be utilized
set_abort_callback: call
llama_context:  CUDA_Host  output buffer size =     0.58 MiB
llama_kv_cache: layer   0: dev = CPU
llama_kv_cache: layer   1: dev = CPU
llama_kv_cache: layer   2: dev = CPU
llama_kv_cache: layer   3: dev = CUDA0
llama_kv_cache: layer   4: dev = CUDA0
llama_kv_cache: layer   5: dev = CUDA0
llama_kv_cache: layer   6: dev = CUDA0
llama_kv_cache: layer   7: dev = CUDA0
llama_kv_cache: layer   8: dev = CUDA0
llama_kv_cache: layer   9: dev = CUDA0
llama_kv_cache: layer  10: dev = CUDA0
llama_kv_cache: layer  11: dev = CUDA0
llama_kv_cache: layer  12: dev = CUDA0
llama_kv_cache: layer  13: dev = CUDA0
llama_kv_cache: layer  14: dev = CUDA0
llama_kv_cache: layer  15: dev = CUDA0
llama_kv_cache: layer  16: dev = CUDA0
llama_kv_cache: layer  17: dev = CUDA0
llama_kv_cache: layer  18: dev = CUDA0
llama_kv_cache: layer  19: dev = CUDA0
llama_kv_cache: layer  20: dev = CUDA0
llama_kv_cache: layer  21: dev = CUDA0
llama_kv_cache: layer  22: dev = CUDA0
llama_kv_cache: layer  23: dev = CUDA0
llama_kv_cache: layer  24: dev = CUDA0
llama_kv_cache: layer  25: dev = CUDA0
llama_kv_cache: layer  26: dev = CUDA0
llama_kv_cache: layer  27: dev = CUDA0
llama_kv_cache:        CPU KV buffer size =     4.50 MiB
llama_kv_cache:      CUDA0 KV buffer size =    37.50 MiB
llama_kv_cache: size =   42.00 MiB (   768 cells,  28 layers,  1/1 seqs), K (f16):   21.00 MiB, V (f16):   21.00 MiB
llama_kv_cache: attn_rot_k = 0, n_embd_head_k_all = 128
llama_kv_cache: attn_rot_v = 0, n_embd_head_k_all = 128
llama_context: enumerating backends
llama_context: backend_ptrs.size() = 2
sched_reserve: reserving ...
sched_reserve: max_nodes = 2712
sched_reserve: reserving full memory module
sched_reserve: worst-case: n_tokens = 512, n_seqs = 1, n_outputs = 1
graph_reserve: reserving a graph for ubatch with n_tokens =    1, n_seqs =  1, n_outputs =    1
sched_reserve: Flash Attention was auto, set to enabled
sched_reserve: resolving fused Gated Delta Net support:
graph_reserve: reserving a graph for ubatch with n_tokens =    1, n_seqs =  1, n_outputs =    1
sched_reserve: fused Gated Delta Net (autoregressive) enabled
graph_reserve: reserving a graph for ubatch with n_tokens =   16, n_seqs =  1, n_outputs =   16
sched_reserve: fused Gated Delta Net (chunked) enabled
graph_reserve: reserving a graph for ubatch with n_tokens =  512, n_seqs =  1, n_outputs =  512
graph_reserve: reserving a graph for ubatch with n_tokens =    1, n_seqs =  1, n_outputs =    1
graph_reserve: reserving a graph for ubatch with n_tokens =  512, n_seqs =  1, n_outputs =  512
sched_reserve:      CUDA0 compute buffer size =   304.00 MiB
sched_reserve:  CUDA_Host compute buffer size =    14.76 MiB
sched_reserve: graph nodes  = 958
sched_reserve: graph splits = 44 (with bs=512), 2 (with bs=1)
sched_reserve: reserve took 13.21 ms, sched copies = 1
CUDA Graph id 303 reused
ggml_backend_cuda_graph_compute: CUDA graph warmup complete
CUDA Graph id 303 reused
CUDA Graph id 303 reused
CUDA Graph id 303 reused
CUDA Graph id 303 reused
CUDA Graph id 303 reused
CUDA Graph id 303 reused
CUDA Graph id 303 reused
CUDA Graph id 303 reused
CUDA Graph id 303 reused
CUDA Graph id 303 reused
CUDA Graph id 303 reused
CUDA Graph id 303 reused
CUDA Graph id 303 reused
CUDA Graph id 303 reused
CUDA Graph id 303 reused
CUDA Graph id 303 reused
CUDA Graph id 303 reused
CUDA Graph id 303 reused
CUDA Graph id 303 reused
CUDA Graph id 303 reused
CUDA Graph id 303 reused
CUDA Graph id 303 reused
CUDA Graph id 303 reused
CUDA Graph id 303 reused
CUDA Graph id 303 reused
CUDA Graph id 303 reused
CUDA Graph id 303 reused
CUDA Graph id 303 reused
CUDA Graph id 303 reused
CUDA Graph id 303 reused
CUDA Graph id 303 reused
CUDA Graph id 303 reused
CUDA Graph id 303 reused
CUDA Graph id 303 reused
CUDA Graph id 303 reused
CUDA Graph id 303 reused
CUDA Graph id 303 reused
CUDA Graph id 303 reused
CUDA Graph id 303 reused
CUDA Graph id 303 reused
CUDA Graph id 303 reused
CUDA Graph id 303 reused
CUDA Graph id 303 reused
CUDA Graph id 303 reused
CUDA Graph id 303 reused
CUDA Graph id 303 reused
CUDA Graph id 303 reused
CUDA Graph id 303 reused
CUDA Graph id 303 reused
CUDA Graph id 303 reused
CUDA Graph id 303 reused
CUDA Graph id 303 reused
CUDA Graph id 303 reused
CUDA Graph id 303 reused
CUDA Graph id 303 reused
CUDA Graph id 303 reused
CUDA Graph id 303 reused
ggml_backend_cuda_graph_compute: CUDA graph warmup reset
CUDA Graph id 306 reused
ggml_backend_cuda_graph_compute: CUDA graph warmup complete
CUDA Graph id 306 reused
CUDA Graph id 306 reused
CUDA Graph id 306 reused
CUDA Graph id 306 reused
CUDA Graph id 306 reused
CUDA Graph id 306 reused
CUDA Graph id 306 reused
CUDA Graph id 306 reused
CUDA Graph id 306 reused
CUDA Graph id 306 reused
CUDA Graph id 306 reused
CUDA Graph id 306 reused
CUDA Graph id 306 reused
CUDA Graph id 306 reused
CUDA Graph id 306 reused
CUDA Graph id 306 reused
CUDA Graph id 306 reused
CUDA Graph id 306 reused
CUDA Graph id 306 reused
CUDA Graph id 306 reused
CUDA Graph id 306 reused
CUDA Graph id 306 reused
~llama_context:      CUDA0 compute buffer size is 304.0000 MiB, matches expectation of 304.0000 MiB
~llama_context:  CUDA_Host compute buffer size is  14.7637 MiB, matches expectation of  14.7637 MiB
llama_context: constructing llama_context
llama_context: n_seq_max     = 1
llama_context: n_ctx         = 768
llama_context: n_ctx_seq     = 768
llama_context: n_batch       = 717
llama_context: n_ubatch      = 512
llama_context: causal_attn   = 1
llama_context: flash_attn    = auto
llama_context: kv_unified    = false
llama_context: freq_base     = 1000000.0
llama_context: freq_scale    = 1
llama_context: n_rs_seq      = 0
llama_context: n_outputs_max = 717
llama_context: n_ctx_seq (768) < n_ctx_train (32768) -- the full capacity of the model will not be utilized
set_abort_callback: call
llama_context:  CUDA_Host  output buffer size =     0.58 MiB
llama_kv_cache: layer   0: dev = CPU
llama_kv_cache: layer   1: dev = CPU
llama_kv_cache: layer   2: dev = CPU
llama_kv_cache: layer   3: dev = CUDA0
llama_kv_cache: layer   4: dev = CUDA0
llama_kv_cache: layer   5: dev = CUDA0
llama_kv_cache: layer   6: dev = CUDA0
llama_kv_cache: layer   7: dev = CUDA0
llama_kv_cache: layer   8: dev = CUDA0
llama_kv_cache: layer   9: dev = CUDA0
llama_kv_cache: layer  10: dev = CUDA0
llama_kv_cache: layer  11: dev = CUDA0
llama_kv_cache: layer  12: dev = CUDA0
llama_kv_cache: layer  13: dev = CUDA0
llama_kv_cache: layer  14: dev = CUDA0
llama_kv_cache: layer  15: dev = CUDA0
llama_kv_cache: layer  16: dev = CUDA0
llama_kv_cache: layer  17: dev = CUDA0
llama_kv_cache: layer  18: dev = CUDA0
llama_kv_cache: layer  19: dev = CUDA0
llama_kv_cache: layer  20: dev = CUDA0
llama_kv_cache: layer  21: dev = CUDA0
llama_kv_cache: layer  22: dev = CUDA0
llama_kv_cache: layer  23: dev = CUDA0
llama_kv_cache: layer  24: dev = CUDA0
llama_kv_cache: layer  25: dev = CUDA0
llama_kv_cache: layer  26: dev = CUDA0
llama_kv_cache: layer  27: dev = CUDA0
llama_kv_cache:        CPU KV buffer size =     4.50 MiB
llama_kv_cache:      CUDA0 KV buffer size =    37.50 MiB
llama_kv_cache: size =   42.00 MiB (   768 cells,  28 layers,  1/1 seqs), K (f16):   21.00 MiB, V (f16):   21.00 MiB
llama_kv_cache: attn_rot_k = 0, n_embd_head_k_all = 128
llama_kv_cache: attn_rot_v = 0, n_embd_head_k_all = 128
llama_context: enumerating backends
llama_context: backend_ptrs.size() = 2
sched_reserve: reserving ...
sched_reserve: max_nodes = 2712
sched_reserve: reserving full memory module
sched_reserve: worst-case: n_tokens = 512, n_seqs = 1, n_outputs = 1
graph_reserve: reserving a graph for ubatch with n_tokens =    1, n_seqs =  1, n_outputs =    1
sched_reserve: Flash Attention was auto, set to enabled
sched_reserve: resolving fused Gated Delta Net support:
graph_reserve: reserving a graph for ubatch with n_tokens =    1, n_seqs =  1, n_outputs =    1
sched_reserve: fused Gated Delta Net (autoregressive) enabled
graph_reserve: reserving a graph for ubatch with n_tokens =   16, n_seqs =  1, n_outputs =   16
sched_reserve: fused Gated Delta Net (chunked) enabled
graph_reserve: reserving a graph for ubatch with n_tokens =  512, n_seqs =  1, n_outputs =  512
graph_reserve: reserving a graph for ubatch with n_tokens =    1, n_seqs =  1, n_outputs =    1
graph_reserve: reserving a graph for ubatch with n_tokens =  512, n_seqs =  1, n_outputs =  512
sched_reserve:      CUDA0 compute buffer size =   304.00 MiB
sched_reserve:  CUDA_Host compute buffer size =    14.76 MiB
sched_reserve: graph nodes  = 958
sched_reserve: graph splits = 44 (with bs=512), 2 (with bs=1)
sched_reserve: reserve took 15.86 ms, sched copies = 1
CUDA Graph id 456 reused
ggml_backend_cuda_graph_compute: CUDA graph warmup complete
CUDA Graph id 456 reused
CUDA Graph id 456 reused
CUDA Graph id 456 reused
CUDA Graph id 456 reused
CUDA Graph id 456 reused
CUDA Graph id 456 reused
CUDA Graph id 456 reused
CUDA Graph id 456 reused
CUDA Graph id 456 reused
CUDA Graph id 456 reused
CUDA Graph id 456 reused
CUDA Graph id 456 reused
CUDA Graph id 456 reused
CUDA Graph id 456 reused
CUDA Graph id 456 reused
CUDA Graph id 456 reused
CUDA Graph id 456 reused
CUDA Graph id 456 reused
CUDA Graph id 456 reused
CUDA Graph id 456 reused
CUDA Graph id 456 reused
CUDA Graph id 456 reused
CUDA Graph id 456 reused
CUDA Graph id 456 reused
CUDA Graph id 456 reused
CUDA Graph id 456 reused
CUDA Graph id 456 reused
CUDA Graph id 456 reused
CUDA Graph id 456 reused
CUDA Graph id 456 reused
CUDA Graph id 456 reused
CUDA Graph id 456 reused
CUDA Graph id 456 reused
CUDA Graph id 456 reused
CUDA Graph id 456 reused
CUDA Graph id 456 reused
CUDA Graph id 456 reused
CUDA Graph id 456 reused
CUDA Graph id 456 reused
CUDA Graph id 456 reused
CUDA Graph id 456 reused
CUDA Graph id 456 reused
CUDA Graph id 456 reused
CUDA Graph id 456 reused
CUDA Graph id 456 reused
CUDA Graph id 456 reused
CUDA Graph id 456 reused
CUDA Graph id 456 reused
CUDA Graph id 456 reused
CUDA Graph id 456 reused
CUDA Graph id 456 reused
CUDA Graph id 456 reused
CUDA Graph id 456 reused
CUDA Graph id 456 reused
CUDA Graph id 456 reused
CUDA Graph id 456 reused
CUDA Graph id 456 reused
ggml_backend_cuda_graph_compute: CUDA graph warmup reset
CUDA Graph id 459 reused
ggml_backend_cuda_graph_compute: CUDA graph warmup complete
CUDA Graph id 459 reused
CUDA Graph id 459 reused
CUDA Graph id 459 reused
CUDA Graph id 459 reused
CUDA Graph id 459 reused
CUDA Graph id 459 reused
CUDA Graph id 459 reused
CUDA Graph id 459 reused
CUDA Graph id 459 reused
CUDA Graph id 459 reused
CUDA Graph id 459 reused
CUDA Graph id 459 reused
CUDA Graph id 459 reused
CUDA Graph id 459 reused
~llama_context:      CUDA0 compute buffer size is 304.0000 MiB, matches expectation of 304.0000 MiB
~llama_context:  CUDA_Host compute buffer size is  14.7637 MiB, matches expectation of  14.7637 MiB
llama_context: constructing llama_context
llama_context: n_seq_max     = 1
llama_context: n_ctx         = 768
llama_context: n_ctx_seq     = 768
llama_context: n_batch       = 717
llama_context: n_ubatch      = 512
llama_context: causal_attn   = 1
llama_context: flash_attn    = auto
llama_context: kv_unified    = false
llama_context: freq_base     = 1000000.0
llama_context: freq_scale    = 1
llama_context: n_rs_seq      = 0
llama_context: n_outputs_max = 717
llama_context: n_ctx_seq (768) < n_ctx_train (32768) -- the full capacity of the model will not be utilized
set_abort_callback: call
llama_context:  CUDA_Host  output buffer size =     0.58 MiB
llama_kv_cache: layer   0: dev = CPU
llama_kv_cache: layer   1: dev = CPU
llama_kv_cache: layer   2: dev = CPU
llama_kv_cache: layer   3: dev = CUDA0
llama_kv_cache: layer   4: dev = CUDA0
llama_kv_cache: layer   5: dev = CUDA0
llama_kv_cache: layer   6: dev = CUDA0
llama_kv_cache: layer   7: dev = CUDA0
llama_kv_cache: layer   8: dev = CUDA0
llama_kv_cache: layer   9: dev = CUDA0
llama_kv_cache: layer  10: dev = CUDA0
llama_kv_cache: layer  11: dev = CUDA0
llama_kv_cache: layer  12: dev = CUDA0
llama_kv_cache: layer  13: dev = CUDA0
llama_kv_cache: layer  14: dev = CUDA0
llama_kv_cache: layer  15: dev = CUDA0
llama_kv_cache: layer  16: dev = CUDA0
llama_kv_cache: layer  17: dev = CUDA0
llama_kv_cache: layer  18: dev = CUDA0
llama_kv_cache: layer  19: dev = CUDA0
llama_kv_cache: layer  20: dev = CUDA0
llama_kv_cache: layer  21: dev = CUDA0
llama_kv_cache: layer  22: dev = CUDA0
llama_kv_cache: layer  23: dev = CUDA0
llama_kv_cache: layer  24: dev = CUDA0
llama_kv_cache: layer  25: dev = CUDA0
llama_kv_cache: layer  26: dev = CUDA0
llama_kv_cache: layer  27: dev = CUDA0
llama_kv_cache:        CPU KV buffer size =     4.50 MiB
llama_kv_cache:      CUDA0 KV buffer size =    37.50 MiB
llama_kv_cache: size =   42.00 MiB (   768 cells,  28 layers,  1/1 seqs), K (f16):   21.00 MiB, V (f16):   21.00 MiB
llama_kv_cache: attn_rot_k = 0, n_embd_head_k_all = 128
llama_kv_cache: attn_rot_v = 0, n_embd_head_k_all = 128
llama_context: enumerating backends
llama_context: backend_ptrs.size() = 2
sched_reserve: reserving ...
sched_reserve: max_nodes = 2712
sched_reserve: reserving full memory module
sched_reserve: worst-case: n_tokens = 512, n_seqs = 1, n_outputs = 1
graph_reserve: reserving a graph for ubatch with n_tokens =    1, n_seqs =  1, n_outputs =    1
sched_reserve: Flash Attention was auto, set to enabled
sched_reserve: resolving fused Gated Delta Net support:
graph_reserve: reserving a graph for ubatch with n_tokens =    1, n_seqs =  1, n_outputs =    1
sched_reserve: fused Gated Delta Net (autoregressive) enabled
graph_reserve: reserving a graph for ubatch with n_tokens =   16, n_seqs =  1, n_outputs =   16
sched_reserve: fused Gated Delta Net (chunked) enabled
graph_reserve: reserving a graph for ubatch with n_tokens =  512, n_seqs =  1, n_outputs =  512
graph_reserve: reserving a graph for ubatch with n_tokens =    1, n_seqs =  1, n_outputs =    1
graph_reserve: reserving a graph for ubatch with n_tokens =  512, n_seqs =  1, n_outputs =  512
sched_reserve:      CUDA0 compute buffer size =   304.00 MiB
sched_reserve:  CUDA_Host compute buffer size =    14.76 MiB
sched_reserve: graph nodes  = 958
sched_reserve: graph splits = 44 (with bs=512), 2 (with bs=1)
sched_reserve: reserve took 13.41 ms, sched copies = 1
CUDA Graph id 609 reused
ggml_backend_cuda_graph_compute: CUDA graph warmup complete
CUDA Graph id 609 reused
CUDA Graph id 609 reused
CUDA Graph id 609 reused
CUDA Graph id 609 reused
CUDA Graph id 609 reused
CUDA Graph id 609 reused
CUDA Graph id 609 reused
CUDA Graph id 609 reused
CUDA Graph id 609 reused
CUDA Graph id 609 reused
CUDA Graph id 609 reused
CUDA Graph id 609 reused
CUDA Graph id 609 reused
CUDA Graph id 609 reused
CUDA Graph id 609 reused
CUDA Graph id 609 reused
CUDA Graph id 609 reused
CUDA Graph id 609 reused
CUDA Graph id 609 reused
CUDA Graph id 609 reused
CUDA Graph id 609 reused
CUDA Graph id 609 reused
CUDA Graph id 609 reused
CUDA Graph id 609 reused
CUDA Graph id 609 reused
CUDA Graph id 609 reused
CUDA Graph id 609 reused
CUDA Graph id 609 reused
CUDA Graph id 609 reused
CUDA Graph id 609 reused
CUDA Graph id 609 reused
CUDA Graph id 609 reused
CUDA Graph id 609 reused
CUDA Graph id 609 reused
CUDA Graph id 609 reused
CUDA Graph id 609 reused
CUDA Graph id 609 reused
CUDA Graph id 609 reused
CUDA Graph id 609 reused
CUDA Graph id 609 reused
CUDA Graph id 609 reused
CUDA Graph id 609 reused
CUDA Graph id 609 reused
CUDA Graph id 609 reused
CUDA Graph id 609 reused
CUDA Graph id 609 reused
CUDA Graph id 609 reused
CUDA Graph id 609 reused
CUDA Graph id 609 reused
CUDA Graph id 609 reused
CUDA Graph id 609 reused
CUDA Graph id 609 reused
CUDA Graph id 609 reused
CUDA Graph id 609 reused
CUDA Graph id 609 reused
CUDA Graph id 609 reused
CUDA Graph id 609 reused
ggml_backend_cuda_graph_compute: CUDA graph warmup reset
CUDA Graph id 612 reused
ggml_backend_cuda_graph_compute: CUDA graph warmup complete
CUDA Graph id 612 reused
CUDA Graph id 612 reused
~llama_context:      CUDA0 compute buffer size is 304.0000 MiB, matches expectation of 304.0000 MiB
~llama_context:  CUDA_Host compute buffer size is  14.7637 MiB, matches expectation of  14.7637 MiB
llama_context: constructing llama_context
llama_context: n_seq_max     = 1
llama_context: n_ctx         = 768
llama_context: n_ctx_seq     = 768
llama_context: n_batch       = 717
llama_context: n_ubatch      = 512
llama_context: causal_attn   = 1
llama_context: flash_attn    = auto
llama_context: kv_unified    = false
llama_context: freq_base     = 1000000.0
llama_context: freq_scale    = 1
llama_context: n_rs_seq      = 0
llama_context: n_outputs_max = 717
llama_context: n_ctx_seq (768) < n_ctx_train (32768) -- the full capacity of the model will not be utilized
set_abort_callback: call
llama_context:  CUDA_Host  output buffer size =     0.58 MiB
llama_kv_cache: layer   0: dev = CPU
llama_kv_cache: layer   1: dev = CPU
llama_kv_cache: layer   2: dev = CPU
llama_kv_cache: layer   3: dev = CUDA0
llama_kv_cache: layer   4: dev = CUDA0
llama_kv_cache: layer   5: dev = CUDA0
llama_kv_cache: layer   6: dev = CUDA0
llama_kv_cache: layer   7: dev = CUDA0
llama_kv_cache: layer   8: dev = CUDA0
llama_kv_cache: layer   9: dev = CUDA0
llama_kv_cache: layer  10: dev = CUDA0
llama_kv_cache: layer  11: dev = CUDA0
llama_kv_cache: layer  12: dev = CUDA0
llama_kv_cache: layer  13: dev = CUDA0
llama_kv_cache: layer  14: dev = CUDA0
llama_kv_cache: layer  15: dev = CUDA0
llama_kv_cache: layer  16: dev = CUDA0
llama_kv_cache: layer  17: dev = CUDA0
llama_kv_cache: layer  18: dev = CUDA0
llama_kv_cache: layer  19: dev = CUDA0
llama_kv_cache: layer  20: dev = CUDA0
llama_kv_cache: layer  21: dev = CUDA0
llama_kv_cache: layer  22: dev = CUDA0
llama_kv_cache: layer  23: dev = CUDA0
llama_kv_cache: layer  24: dev = CUDA0
llama_kv_cache: layer  25: dev = CUDA0
llama_kv_cache: layer  26: dev = CUDA0
llama_kv_cache: layer  27: dev = CUDA0
llama_kv_cache:        CPU KV buffer size =     4.50 MiB
llama_kv_cache:      CUDA0 KV buffer size =    37.50 MiB
llama_kv_cache: size =   42.00 MiB (   768 cells,  28 layers,  1/1 seqs), K (f16):   21.00 MiB, V (f16):   21.00 MiB
llama_kv_cache: attn_rot_k = 0, n_embd_head_k_all = 128
llama_kv_cache: attn_rot_v = 0, n_embd_head_k_all = 128
llama_context: enumerating backends
llama_context: backend_ptrs.size() = 2
sched_reserve: reserving ...
sched_reserve: max_nodes = 2712
sched_reserve: reserving full memory module
sched_reserve: worst-case: n_tokens = 512, n_seqs = 1, n_outputs = 1
graph_reserve: reserving a graph for ubatch with n_tokens =    1, n_seqs =  1, n_outputs =    1
sched_reserve: Flash Attention was auto, set to enabled
sched_reserve: resolving fused Gated Delta Net support:
graph_reserve: reserving a graph for ubatch with n_tokens =    1, n_seqs =  1, n_outputs =    1
sched_reserve: fused Gated Delta Net (autoregressive) enabled
graph_reserve: reserving a graph for ubatch with n_tokens =   16, n_seqs =  1, n_outputs =   16
sched_reserve: fused Gated Delta Net (chunked) enabled
graph_reserve: reserving a graph for ubatch with n_tokens =  512, n_seqs =  1, n_outputs =  512
graph_reserve: reserving a graph for ubatch with n_tokens =    1, n_seqs =  1, n_outputs =    1
graph_reserve: reserving a graph for ubatch with n_tokens =  512, n_seqs =  1, n_outputs =  512
sched_reserve:      CUDA0 compute buffer size =   304.00 MiB
sched_reserve:  CUDA_Host compute buffer size =    14.76 MiB
sched_reserve: graph nodes  = 958
sched_reserve: graph splits = 44 (with bs=512), 2 (with bs=1)
sched_reserve: reserve took 20.56 ms, sched copies = 1
CUDA Graph id 762 reused
ggml_backend_cuda_graph_compute: CUDA graph warmup complete
CUDA Graph id 762 reused
CUDA Graph id 762 reused
CUDA Graph id 762 reused
CUDA Graph id 762 reused
CUDA Graph id 762 reused
CUDA Graph id 762 reused
CUDA Graph id 762 reused
CUDA Graph id 762 reused
CUDA Graph id 762 reused
~llama_context:      CUDA0 compute buffer size is 304.0000 MiB, matches expectation of 304.0000 MiB
~llama_context:  CUDA_Host compute buffer size is  14.7637 MiB, matches expectation of  14.7637 MiB
llama_context: constructing llama_context
llama_context: n_seq_max     = 1
llama_context: n_ctx         = 768
llama_context: n_ctx_seq     = 768
llama_context: n_batch       = 717
llama_context: n_ubatch      = 512
llama_context: causal_attn   = 1
llama_context: flash_attn    = auto
llama_context: kv_unified    = false
llama_context: freq_base     = 1000000.0
llama_context: freq_scale    = 1
llama_context: n_rs_seq      = 0
llama_context: n_outputs_max = 717
llama_context: n_ctx_seq (768) < n_ctx_train (32768) -- the full capacity of the model will not be utilized
set_abort_callback: call
llama_context:  CUDA_Host  output buffer size =     0.58 MiB
llama_kv_cache: layer   0: dev = CPU
llama_kv_cache: layer   1: dev = CPU
llama_kv_cache: layer   2: dev = CPU
llama_kv_cache: layer   3: dev = CUDA0
llama_kv_cache: layer   4: dev = CUDA0
llama_kv_cache: layer   5: dev = CUDA0
llama_kv_cache: layer   6: dev = CUDA0
llama_kv_cache: layer   7: dev = CUDA0
llama_kv_cache: layer   8: dev = CUDA0
llama_kv_cache: layer   9: dev = CUDA0
llama_kv_cache: layer  10: dev = CUDA0
llama_kv_cache: layer  11: dev = CUDA0
llama_kv_cache: layer  12: dev = CUDA0
llama_kv_cache: layer  13: dev = CUDA0
llama_kv_cache: layer  14: dev = CUDA0
llama_kv_cache: layer  15: dev = CUDA0
llama_kv_cache: layer  16: dev = CUDA0
llama_kv_cache: layer  17: dev = CUDA0
llama_kv_cache: layer  18: dev = CUDA0
llama_kv_cache: layer  19: dev = CUDA0
llama_kv_cache: layer  20: dev = CUDA0
llama_kv_cache: layer  21: dev = CUDA0
llama_kv_cache: layer  22: dev = CUDA0
llama_kv_cache: layer  23: dev = CUDA0
llama_kv_cache: layer  24: dev = CUDA0
llama_kv_cache: layer  25: dev = CUDA0
llama_kv_cache: layer  26: dev = CUDA0
llama_kv_cache: layer  27: dev = CUDA0
llama_kv_cache:        CPU KV buffer size =     4.50 MiB
llama_kv_cache:      CUDA0 KV buffer size =    37.50 MiB
llama_kv_cache: size =   42.00 MiB (   768 cells,  28 layers,  1/1 seqs), K (f16):   21.00 MiB, V (f16):   21.00 MiB
llama_kv_cache: attn_rot_k = 0, n_embd_head_k_all = 128
llama_kv_cache: attn_rot_v = 0, n_embd_head_k_all = 128
llama_context: enumerating backends
llama_context: backend_ptrs.size() = 2
sched_reserve: reserving ...
sched_reserve: max_nodes = 2712
sched_reserve: reserving full memory module
sched_reserve: worst-case: n_tokens = 512, n_seqs = 1, n_outputs = 1
graph_reserve: reserving a graph for ubatch with n_tokens =    1, n_seqs =  1, n_outputs =    1
sched_reserve: Flash Attention was auto, set to enabled
sched_reserve: resolving fused Gated Delta Net support:
graph_reserve: reserving a graph for ubatch with n_tokens =    1, n_seqs =  1, n_outputs =    1
sched_reserve: fused Gated Delta Net (autoregressive) enabled
graph_reserve: reserving a graph for ubatch with n_tokens =   16, n_seqs =  1, n_outputs =   16
sched_reserve: fused Gated Delta Net (chunked) enabled
graph_reserve: reserving a graph for ubatch with n_tokens =  512, n_seqs =  1, n_outputs =  512
graph_reserve: reserving a graph for ubatch with n_tokens =    1, n_seqs =  1, n_outputs =    1
graph_reserve: reserving a graph for ubatch with n_tokens =  512, n_seqs =  1, n_outputs =  512
sched_reserve:      CUDA0 compute buffer size =   304.00 MiB
sched_reserve:  CUDA_Host compute buffer size =    14.76 MiB
sched_reserve: graph nodes  = 958
sched_reserve: graph splits = 44 (with bs=512), 2 (with bs=1)
sched_reserve: reserve took 12.78 ms, sched copies = 1
CUDA Graph id 912 reused
ggml_backend_cuda_graph_compute: CUDA graph warmup complete
CUDA Graph id 912 reused
CUDA Graph id 912 reused
CUDA Graph id 912 reused
CUDA Graph id 912 reused
CUDA Graph id 912 reused
CUDA Graph id 912 reused
CUDA Graph id 912 reused
CUDA Graph id 912 reused
CUDA Graph id 912 reused
CUDA Graph id 912 reused
CUDA Graph id 912 reused
CUDA Graph id 912 reused
CUDA Graph id 912 reused
CUDA Graph id 912 reused
CUDA Graph id 912 reused
CUDA Graph id 912 reused
CUDA Graph id 912 reused
CUDA Graph id 912 reused
CUDA Graph id 912 reused
CUDA Graph id 912 reused
CUDA Graph id 912 reused
CUDA Graph id 912 reused
CUDA Graph id 912 reused
CUDA Graph id 912 reused
CUDA Graph id 912 reused
CUDA Graph id 912 reused
CUDA Graph id 912 reused
CUDA Graph id 912 reused
CUDA Graph id 912 reused
CUDA Graph id 912 reused
CUDA Graph id 912 reused
CUDA Graph id 912 reused
CUDA Graph id 912 reused
~llama_context:      CUDA0 compute buffer size is 304.0000 MiB, matches expectation of 304.0000 MiB
~llama_context:  CUDA_Host compute buffer size is  14.7637 MiB, matches expectation of  14.7637 MiB
schema 76/100 done
llama_context: constructing llama_context
llama_context: n_seq_max     = 1
llama_context: n_ctx         = 1024
llama_context: n_ctx_seq     = 1024
llama_context: n_batch       = 785
llama_context: n_ubatch      = 512
llama_context: causal_attn   = 1
llama_context: flash_attn    = auto
llama_context: kv_unified    = false
llama_context: freq_base     = 1000000.0
llama_context: freq_scale    = 1
llama_context: n_rs_seq      = 0
llama_context: n_outputs_max = 785
llama_context: n_ctx_seq (1024) < n_ctx_train (32768) -- the full capacity of the model will not be utilized
set_abort_callback: call
llama_context:  CUDA_Host  output buffer size =     0.58 MiB
llama_kv_cache: layer   0: dev = CPU
llama_kv_cache: layer   1: dev = CPU
llama_kv_cache: layer   2: dev = CPU
llama_kv_cache: layer   3: dev = CUDA0
llama_kv_cache: layer   4: dev = CUDA0
llama_kv_cache: layer   5: dev = CUDA0
llama_kv_cache: layer   6: dev = CUDA0
llama_kv_cache: layer   7: dev = CUDA0
llama_kv_cache: layer   8: dev = CUDA0
llama_kv_cache: layer   9: dev = CUDA0
llama_kv_cache: layer  10: dev = CUDA0
llama_kv_cache: layer  11: dev = CUDA0
llama_kv_cache: layer  12: dev = CUDA0
llama_kv_cache: layer  13: dev = CUDA0
llama_kv_cache: layer  14: dev = CUDA0
llama_kv_cache: layer  15: dev = CUDA0
llama_kv_cache: layer  16: dev = CUDA0
llama_kv_cache: layer  17: dev = CUDA0
llama_kv_cache: layer  18: dev = CUDA0
llama_kv_cache: layer  19: dev = CUDA0
llama_kv_cache: layer  20: dev = CUDA0
llama_kv_cache: layer  21: dev = CUDA0
llama_kv_cache: layer  22: dev = CUDA0
llama_kv_cache: layer  23: dev = CUDA0
llama_kv_cache: layer  24: dev = CUDA0
llama_kv_cache: layer  25: dev = CUDA0
llama_kv_cache: layer  26: dev = CUDA0
llama_kv_cache: layer  27: dev = CUDA0
llama_kv_cache:        CPU KV buffer size =     6.00 MiB
llama_kv_cache:      CUDA0 KV buffer size =    50.00 MiB
llama_kv_cache: size =   56.00 MiB (  1024 cells,  28 layers,  1/1 seqs), K (f16):   28.00 MiB, V (f16):   28.00 MiB
llama_kv_cache: attn_rot_k = 0, n_embd_head_k_all = 128
llama_kv_cache: attn_rot_v = 0, n_embd_head_k_all = 128
llama_context: enumerating backends
llama_context: backend_ptrs.size() = 2
sched_reserve: reserving ...
sched_reserve: max_nodes = 2712
sched_reserve: reserving full memory module
sched_reserve: worst-case: n_tokens = 512, n_seqs = 1, n_outputs = 1
graph_reserve: reserving a graph for ubatch with n_tokens =    1, n_seqs =  1, n_outputs =    1
sched_reserve: Flash Attention was auto, set to enabled
sched_reserve: resolving fused Gated Delta Net support:
graph_reserve: reserving a graph for ubatch with n_tokens =    1, n_seqs =  1, n_outputs =    1
sched_reserve: fused Gated Delta Net (autoregressive) enabled
graph_reserve: reserving a graph for ubatch with n_tokens =   16, n_seqs =  1, n_outputs =   16
sched_reserve: fused Gated Delta Net (chunked) enabled
graph_reserve: reserving a graph for ubatch with n_tokens =  512, n_seqs =  1, n_outputs =  512
graph_reserve: reserving a graph for ubatch with n_tokens =    1, n_seqs =  1, n_outputs =    1
graph_reserve: reserving a graph for ubatch with n_tokens =  512, n_seqs =  1, n_outputs =  512
sched_reserve:      CUDA0 compute buffer size =   304.00 MiB
sched_reserve:  CUDA_Host compute buffer size =    15.01 MiB
sched_reserve: graph nodes  = 958
sched_reserve: graph splits = 44 (with bs=512), 2 (with bs=1)
sched_reserve: reserve took 17.68 ms, sched copies = 1
CUDA Graph id 1062 reused
ggml_backend_cuda_graph_compute: CUDA graph warmup complete
CUDA Graph id 1062 reused
CUDA Graph id 1062 reused
CUDA Graph id 1062 reused
CUDA Graph id 1062 reused
CUDA Graph id 1062 reused
CUDA Graph id 1062 reused
CUDA Graph id 1062 reused
CUDA Graph id 1062 reused
CUDA Graph id 1062 reused
CUDA Graph id 1062 reused
CUDA Graph id 1062 reused
CUDA Graph id 1062 reused
CUDA Graph id 1062 reused
CUDA Graph id 1062 reused
CUDA Graph id 1062 reused
CUDA Graph id 1062 reused
CUDA Graph id 1062 reused
CUDA Graph id 1062 reused
CUDA Graph id 1062 reused
CUDA Graph id 1062 reused
CUDA Graph id 1062 reused
CUDA Graph id 1062 reused
CUDA Graph id 1062 reused
CUDA Graph id 1062 reused
CUDA Graph id 1062 reused
CUDA Graph id 1062 reused
CUDA Graph id 1062 reused
CUDA Graph id 1062 reused
CUDA Graph id 1062 reused
CUDA Graph id 1062 reused
CUDA Graph id 1062 reused
CUDA Graph id 1062 reused
CUDA Graph id 1062 reused
CUDA Graph id 1062 reused
CUDA Graph id 1062 reused
CUDA Graph id 1062 reused
CUDA Graph id 1062 reused
CUDA Graph id 1062 reused
CUDA Graph id 1062 reused
CUDA Graph id 1062 reused
CUDA Graph id 1062 reused
CUDA Graph id 1062 reused
CUDA Graph id 1062 reused
CUDA Graph id 1062 reused
CUDA Graph id 1062 reused
CUDA Graph id 1062 reused
CUDA Graph id 1062 reused
CUDA Graph id 1062 reused
CUDA Graph id 1062 reused
CUDA Graph id 1062 reused
CUDA Graph id 1062 reused
CUDA Graph id 1062 reused
CUDA Graph id 1062 reused
CUDA Graph id 1062 reused
CUDA Graph id 1062 reused
CUDA Graph id 1062 reused
CUDA Graph id 1062 reused
CUDA Graph id 1062 reused
CUDA Graph id 1062 reused
CUDA Graph id 1062 reused
CUDA Graph id 1062 reused
CUDA Graph id 1062 reused
CUDA Graph id 1062 reused
CUDA Graph id 1062 reused
CUDA Graph id 1062 reused
CUDA Graph id 1062 reused
CUDA Graph id 1062 reused
CUDA Graph id 1062 reused
CUDA Graph id 1062 reused
CUDA Graph id 1062 reused
CUDA Graph id 1062 reused
CUDA Graph id 1062 reused
CUDA Graph id 1062 reused
CUDA Graph id 1062 reused
CUDA Graph id 1062 reused
CUDA Graph id 1062 reused
CUDA Graph id 1062 reused
~llama_context:      CUDA0 compute buffer size is 304.0000 MiB, matches expectation of 304.0000 MiB
~llama_context:  CUDA_Host compute buffer size is  15.0137 MiB, matches expectation of  15.0137 MiB
llama_context: constructing llama_context
llama_context: n_seq_max     = 1
llama_context: n_ctx         = 1024
llama_context: n_ctx_seq     = 1024
llama_context: n_batch       = 785
llama_context: n_ubatch      = 512
llama_context: causal_attn   = 1
llama_context: flash_attn    = auto
llama_context: kv_unified    = false
llama_context: freq_base     = 1000000.0
llama_context: freq_scale    = 1
llama_context: n_rs_seq      = 0
llama_context: n_outputs_max = 785
llama_context: n_ctx_seq (1024) < n_ctx_train (32768) -- the full capacity of the model will not be utilized
set_abort_callback: call
llama_context:  CUDA_Host  output buffer size =     0.58 MiB
llama_kv_cache: layer   0: dev = CPU
llama_kv_cache: layer   1: dev = CPU
llama_kv_cache: layer   2: dev = CPU
llama_kv_cache: layer   3: dev = CUDA0
llama_kv_cache: layer   4: dev = CUDA0
llama_kv_cache: layer   5: dev = CUDA0
llama_kv_cache: layer   6: dev = CUDA0
llama_kv_cache: layer   7: dev = CUDA0
llama_kv_cache: layer   8: dev = CUDA0
llama_kv_cache: layer   9: dev = CUDA0
llama_kv_cache: layer  10: dev = CUDA0
llama_kv_cache: layer  11: dev = CUDA0
llama_kv_cache: layer  12: dev = CUDA0
llama_kv_cache: layer  13: dev = CUDA0
llama_kv_cache: layer  14: dev = CUDA0
llama_kv_cache: layer  15: dev = CUDA0
llama_kv_cache: layer  16: dev = CUDA0
llama_kv_cache: layer  17: dev = CUDA0
llama_kv_cache: layer  18: dev = CUDA0
llama_kv_cache: layer  19: dev = CUDA0
llama_kv_cache: layer  20: dev = CUDA0
llama_kv_cache: layer  21: dev = CUDA0
llama_kv_cache: layer  22: dev = CUDA0
llama_kv_cache: layer  23: dev = CUDA0
llama_kv_cache: layer  24: dev = CUDA0
llama_kv_cache: layer  25: dev = CUDA0
llama_kv_cache: layer  26: dev = CUDA0
llama_kv_cache: layer  27: dev = CUDA0
llama_kv_cache:        CPU KV buffer size =     6.00 MiB
llama_kv_cache:      CUDA0 KV buffer size =    50.00 MiB
llama_kv_cache: size =   56.00 MiB (  1024 cells,  28 layers,  1/1 seqs), K (f16):   28.00 MiB, V (f16):   28.00 MiB
llama_kv_cache: attn_rot_k = 0, n_embd_head_k_all = 128
llama_kv_cache: attn_rot_v = 0, n_embd_head_k_all = 128
llama_context: enumerating backends
llama_context: backend_ptrs.size() = 2
sched_reserve: reserving ...
sched_reserve: max_nodes = 2712
sched_reserve: reserving full memory module
sched_reserve: worst-case: n_tokens = 512, n_seqs = 1, n_outputs = 1
graph_reserve: reserving a graph for ubatch with n_tokens =    1, n_seqs =  1, n_outputs =    1
sched_reserve: Flash Attention was auto, set to enabled
sched_reserve: resolving fused Gated Delta Net support:
graph_reserve: reserving a graph for ubatch with n_tokens =    1, n_seqs =  1, n_outputs =    1
sched_reserve: fused Gated Delta Net (autoregressive) enabled
graph_reserve: reserving a graph for ubatch with n_tokens =   16, n_seqs =  1, n_outputs =   16
sched_reserve: fused Gated Delta Net (chunked) enabled
graph_reserve: reserving a graph for ubatch with n_tokens =  512, n_seqs =  1, n_outputs =  512
graph_reserve: reserving a graph for ubatch with n_tokens =    1, n_seqs =  1, n_outputs =    1
graph_reserve: reserving a graph for ubatch with n_tokens =  512, n_seqs =  1, n_outputs =  512
sched_reserve:      CUDA0 compute buffer size =   304.00 MiB
sched_reserve:  CUDA_Host compute buffer size =    15.01 MiB
sched_reserve: graph nodes  = 958
sched_reserve: graph splits = 44 (with bs=512), 2 (with bs=1)
sched_reserve: reserve took 17.11 ms, sched copies = 1
CUDA Graph id 1212 reused
ggml_backend_cuda_graph_compute: CUDA graph warmup complete
CUDA Graph id 1212 reused
CUDA Graph id 1212 reused
CUDA Graph id 1212 reused
CUDA Graph id 1212 reused
CUDA Graph id 1212 reused
CUDA Graph id 1212 reused
CUDA Graph id 1212 reused
CUDA Graph id 1212 reused
CUDA Graph id 1212 reused
CUDA Graph id 1212 reused
CUDA Graph id 1212 reused
CUDA Graph id 1212 reused
CUDA Graph id 1212 reused
CUDA Graph id 1212 reused
CUDA Graph id 1212 reused
CUDA Graph id 1212 reused
CUDA Graph id 1212 reused
CUDA Graph id 1212 reused
CUDA Graph id 1212 reused
CUDA Graph id 1212 reused
CUDA Graph id 1212 reused
CUDA Graph id 1212 reused
CUDA Graph id 1212 reused
CUDA Graph id 1212 reused
CUDA Graph id 1212 reused
CUDA Graph id 1212 reused
CUDA Graph id 1212 reused
CUDA Graph id 1212 reused
CUDA Graph id 1212 reused
CUDA Graph id 1212 reused
CUDA Graph id 1212 reused
CUDA Graph id 1212 reused
CUDA Graph id 1212 reused
CUDA Graph id 1212 reused
CUDA Graph id 1212 reused
CUDA Graph id 1212 reused
CUDA Graph id 1212 reused
CUDA Graph id 1212 reused
CUDA Graph id 1212 reused
CUDA Graph id 1212 reused
CUDA Graph id 1212 reused
CUDA Graph id 1212 reused
CUDA Graph id 1212 reused
CUDA Graph id 1212 reused
CUDA Graph id 1212 reused
CUDA Graph id 1212 reused
CUDA Graph id 1212 reused
CUDA Graph id 1212 reused
CUDA Graph id 1212 reused
CUDA Graph id 1212 reused
CUDA Graph id 1212 reused
CUDA Graph id 1212 reused
CUDA Graph id 1212 reused
CUDA Graph id 1212 reused
CUDA Graph id 1212 reused
CUDA Graph id 1212 reused
CUDA Graph id 1212 reused
CUDA Graph id 1212 reused
CUDA Graph id 1212 reused
CUDA Graph id 1212 reused
CUDA Graph id 1212 reused
CUDA Graph id 1212 reused
CUDA Graph id 1212 reused
CUDA Graph id 1212 reused
CUDA Graph id 1212 reused
CUDA Graph id 1212 reused
CUDA Graph id 1212 reused
CUDA Graph id 1212 reused
CUDA Graph id 1212 reused
CUDA Graph id 1212 reused
CUDA Graph id 1212 reused
CUDA Graph id 1212 reused
CUDA Graph id 1212 reused
CUDA Graph id 1212 reused
CUDA Graph id 1212 reused
CUDA Graph id 1212 reused
CUDA Graph id 1212 reused
~llama_context:      CUDA0 compute buffer size is 304.0000 MiB, matches expectation of 304.0000 MiB
~llama_context:  CUDA_Host compute buffer size is  15.0137 MiB, matches expectation of  15.0137 MiB
llama_context: constructing llama_context
llama_context: n_seq_max     = 1
llama_context: n_ctx         = 1024
llama_context: n_ctx_seq     = 1024
llama_context: n_batch       = 785
llama_context: n_ubatch      = 512
llama_context: causal_attn   = 1
llama_context: flash_attn    = auto
llama_context: kv_unified    = false
llama_context: freq_base     = 1000000.0
llama_context: freq_scale    = 1
llama_context: n_rs_seq      = 0
llama_context: n_outputs_max = 785
llama_context: n_ctx_seq (1024) < n_ctx_train (32768) -- the full capacity of the model will not be utilized
set_abort_callback: call
llama_context:  CUDA_Host  output buffer size =     0.58 MiB
llama_kv_cache: layer   0: dev = CPU
llama_kv_cache: layer   1: dev = CPU
llama_kv_cache: layer   2: dev = CPU
llama_kv_cache: layer   3: dev = CUDA0
llama_kv_cache: layer   4: dev = CUDA0
llama_kv_cache: layer   5: dev = CUDA0
llama_kv_cache: layer   6: dev = CUDA0
llama_kv_cache: layer   7: dev = CUDA0
llama_kv_cache: layer   8: dev = CUDA0
llama_kv_cache: layer   9: dev = CUDA0
llama_kv_cache: layer  10: dev = CUDA0
llama_kv_cache: layer  11: dev = CUDA0
llama_kv_cache: layer  12: dev = CUDA0
llama_kv_cache: layer  13: dev = CUDA0
llama_kv_cache: layer  14: dev = CUDA0
llama_kv_cache: layer  15: dev = CUDA0
llama_kv_cache: layer  16: dev = CUDA0
llama_kv_cache: layer  17: dev = CUDA0
llama_kv_cache: layer  18: dev = CUDA0
llama_kv_cache: layer  19: dev = CUDA0
llama_kv_cache: layer  20: dev = CUDA0
llama_kv_cache: layer  21: dev = CUDA0
llama_kv_cache: layer  22: dev = CUDA0
llama_kv_cache: layer  23: dev = CUDA0
llama_kv_cache: layer  24: dev = CUDA0
llama_kv_cache: layer  25: dev = CUDA0
llama_kv_cache: layer  26: dev = CUDA0
llama_kv_cache: layer  27: dev = CUDA0
llama_kv_cache:        CPU KV buffer size =     6.00 MiB
llama_kv_cache:      CUDA0 KV buffer size =    50.00 MiB
llama_kv_cache: size =   56.00 MiB (  1024 cells,  28 layers,  1/1 seqs), K (f16):   28.00 MiB, V (f16):   28.00 MiB
llama_kv_cache: attn_rot_k = 0, n_embd_head_k_all = 128
llama_kv_cache: attn_rot_v = 0, n_embd_head_k_all = 128
llama_context: enumerating backends
llama_context: backend_ptrs.size() = 2
sched_reserve: reserving ...
sched_reserve: max_nodes = 2712
sched_reserve: reserving full memory module
sched_reserve: worst-case: n_tokens = 512, n_seqs = 1, n_outputs = 1
graph_reserve: reserving a graph for ubatch with n_tokens =    1, n_seqs =  1, n_outputs =    1
sched_reserve: Flash Attention was auto, set to enabled
sched_reserve: resolving fused Gated Delta Net support:
graph_reserve: reserving a graph for ubatch with n_tokens =    1, n_seqs =  1, n_outputs =    1
sched_reserve: fused Gated Delta Net (autoregressive) enabled
graph_reserve: reserving a graph for ubatch with n_tokens =   16, n_seqs =  1, n_outputs =   16
sched_reserve: fused Gated Delta Net (chunked) enabled
graph_reserve: reserving a graph for ubatch with n_tokens =  512, n_seqs =  1, n_outputs =  512
graph_reserve: reserving a graph for ubatch with n_tokens =    1, n_seqs =  1, n_outputs =    1
graph_reserve: reserving a graph for ubatch with n_tokens =  512, n_seqs =  1, n_outputs =  512
sched_reserve:      CUDA0 compute buffer size =   304.00 MiB
sched_reserve:  CUDA_Host compute buffer size =    15.01 MiB
sched_reserve: graph nodes  = 958
sched_reserve: graph splits = 44 (with bs=512), 2 (with bs=1)
sched_reserve: reserve took 12.53 ms, sched copies = 1
CUDA Graph id 1362 reused
ggml_backend_cuda_graph_compute: CUDA graph warmup complete
CUDA Graph id 1362 reused
CUDA Graph id 1362 reused
CUDA Graph id 1362 reused
CUDA Graph id 1362 reused
CUDA Graph id 1362 reused
CUDA Graph id 1362 reused
CUDA Graph id 1362 reused
CUDA Graph id 1362 reused
CUDA Graph id 1362 reused
CUDA Graph id 1362 reused
CUDA Graph id 1362 reused
CUDA Graph id 1362 reused
CUDA Graph id 1362 reused
CUDA Graph id 1362 reused
CUDA Graph id 1362 reused
CUDA Graph id 1362 reused
CUDA Graph id 1362 reused
CUDA Graph id 1362 reused
CUDA Graph id 1362 reused
CUDA Graph id 1362 reused
CUDA Graph id 1362 reused
CUDA Graph id 1362 reused
CUDA Graph id 1362 reused
CUDA Graph id 1362 reused
CUDA Graph id 1362 reused
CUDA Graph id 1362 reused
CUDA Graph id 1362 reused
CUDA Graph id 1362 reused
CUDA Graph id 1362 reused
CUDA Graph id 1362 reused
CUDA Graph id 1362 reused
CUDA Graph id 1362 reused
CUDA Graph id 1362 reused
CUDA Graph id 1362 reused
CUDA Graph id 1362 reused
CUDA Graph id 1362 reused
CUDA Graph id 1362 reused
CUDA Graph id 1362 reused
CUDA Graph id 1362 reused
CUDA Graph id 1362 reused
CUDA Graph id 1362 reused
CUDA Graph id 1362 reused
CUDA Graph id 1362 reused
CUDA Graph id 1362 reused
CUDA Graph id 1362 reused
CUDA Graph id 1362 reused
CUDA Graph id 1362 reused
CUDA Graph id 1362 reused
CUDA Graph id 1362 reused
CUDA Graph id 1362 reused
CUDA Graph id 1362 reused
CUDA Graph id 1362 reused
CUDA Graph id 1362 reused
CUDA Graph id 1362 reused
CUDA Graph id 1362 reused
CUDA Graph id 1362 reused
CUDA Graph id 1362 reused
CUDA Graph id 1362 reused
CUDA Graph id 1362 reused
CUDA Graph id 1362 reused
CUDA Graph id 1362 reused
CUDA Graph id 1362 reused
CUDA Graph id 1362 reused
CUDA Graph id 1362 reused
CUDA Graph id 1362 reused
CUDA Graph id 1362 reused
CUDA Graph id 1362 reused
CUDA Graph id 1362 reused
CUDA Graph id 1362 reused
CUDA Graph id 1362 reused
CUDA Graph id 1362 reused
CUDA Graph id 1362 reused
CUDA Graph id 1362 reused
CUDA Graph id 1362 reused
CUDA Graph id 1362 reused
CUDA Graph id 1362 reused
CUDA Graph id 1362 reused
CUDA Graph id 1362 reused
CUDA Graph id 1362 reused
CUDA Graph id 1362 reused
CUDA Graph id 1362 reused
CUDA Graph id 1362 reused
CUDA Graph id 1362 reused
CUDA Graph id 1362 reused
CUDA Graph id 1362 reused
CUDA Graph id 1362 reused
CUDA Graph id 1362 reused
CUDA Graph id 1362 reused
CUDA Graph id 1362 reused
CUDA Graph id 1362 reused
CUDA Graph id 1362 reused
~llama_context:      CUDA0 compute buffer size is 304.0000 MiB, matches expectation of 304.0000 MiB
~llama_context:  CUDA_Host compute buffer size is  15.0137 MiB, matches expectation of  15.0137 MiB
llama_context: constructing llama_context
llama_context: n_seq_max     = 1
llama_context: n_ctx         = 1024
llama_context: n_ctx_seq     = 1024
llama_context: n_batch       = 785
llama_context: n_ubatch      = 512
llama_context: causal_attn   = 1
llama_context: flash_attn    = auto
llama_context: kv_unified    = false
llama_context: freq_base     = 1000000.0
llama_context: freq_scale    = 1
llama_context: n_rs_seq      = 0
llama_context: n_outputs_max = 785
llama_context: n_ctx_seq (1024) < n_ctx_train (32768) -- the full capacity of the model will not be utilized
set_abort_callback: call
llama_context:  CUDA_Host  output buffer size =     0.58 MiB
llama_kv_cache: layer   0: dev = CPU
llama_kv_cache: layer   1: dev = CPU
llama_kv_cache: layer   2: dev = CPU
llama_kv_cache: layer   3: dev = CUDA0
llama_kv_cache: layer   4: dev = CUDA0
llama_kv_cache: layer   5: dev = CUDA0
llama_kv_cache: layer   6: dev = CUDA0
llama_kv_cache: layer   7: dev = CUDA0
llama_kv_cache: layer   8: dev = CUDA0
llama_kv_cache: layer   9: dev = CUDA0
llama_kv_cache: layer  10: dev = CUDA0
llama_kv_cache: layer  11: dev = CUDA0
llama_kv_cache: layer  12: dev = CUDA0
llama_kv_cache: layer  13: dev = CUDA0
llama_kv_cache: layer  14: dev = CUDA0
llama_kv_cache: layer  15: dev = CUDA0
llama_kv_cache: layer  16: dev = CUDA0
llama_kv_cache: layer  17: dev = CUDA0
llama_kv_cache: layer  18: dev = CUDA0
llama_kv_cache: layer  19: dev = CUDA0
llama_kv_cache: layer  20: dev = CUDA0
llama_kv_cache: layer  21: dev = CUDA0
llama_kv_cache: layer  22: dev = CUDA0
llama_kv_cache: layer  23: dev = CUDA0
llama_kv_cache: layer  24: dev = CUDA0
llama_kv_cache: layer  25: dev = CUDA0
llama_kv_cache: layer  26: dev = CUDA0
llama_kv_cache: layer  27: dev = CUDA0
llama_kv_cache:        CPU KV buffer size =     6.00 MiB
llama_kv_cache:      CUDA0 KV buffer size =    50.00 MiB
llama_kv_cache: size =   56.00 MiB (  1024 cells,  28 layers,  1/1 seqs), K (f16):   28.00 MiB, V (f16):   28.00 MiB
llama_kv_cache: attn_rot_k = 0, n_embd_head_k_all = 128
llama_kv_cache: attn_rot_v = 0, n_embd_head_k_all = 128
llama_context: enumerating backends
llama_context: backend_ptrs.size() = 2
sched_reserve: reserving ...
sched_reserve: max_nodes = 2712
sched_reserve: reserving full memory module
sched_reserve: worst-case: n_tokens = 512, n_seqs = 1, n_outputs = 1
graph_reserve: reserving a graph for ubatch with n_tokens =    1, n_seqs =  1, n_outputs =    1
sched_reserve: Flash Attention was auto, set to enabled
sched_reserve: resolving fused Gated Delta Net support:
graph_reserve: reserving a graph for ubatch with n_tokens =    1, n_seqs =  1, n_outputs =    1
sched_reserve: fused Gated Delta Net (autoregressive) enabled
graph_reserve: reserving a graph for ubatch with n_tokens =   16, n_seqs =  1, n_outputs =   16
sched_reserve: fused Gated Delta Net (chunked) enabled
graph_reserve: reserving a graph for ubatch with n_tokens =  512, n_seqs =  1, n_outputs =  512
graph_reserve: reserving a graph for ubatch with n_tokens =    1, n_seqs =  1, n_outputs =    1
graph_reserve: reserving a graph for ubatch with n_tokens =  512, n_seqs =  1, n_outputs =  512
sched_reserve:      CUDA0 compute buffer size =   304.00 MiB
sched_reserve:  CUDA_Host compute buffer size =    15.01 MiB
sched_reserve: graph nodes  = 958
sched_reserve: graph splits = 44 (with bs=512), 2 (with bs=1)
sched_reserve: reserve took 16.31 ms, sched copies = 1
CUDA Graph id 1512 reused
ggml_backend_cuda_graph_compute: CUDA graph warmup complete
CUDA Graph id 1512 reused
CUDA Graph id 1512 reused
CUDA Graph id 1512 reused
CUDA Graph id 1512 reused
CUDA Graph id 1512 reused
CUDA Graph id 1512 reused
CUDA Graph id 1512 reused
CUDA Graph id 1512 reused
CUDA Graph id 1512 reused
CUDA Graph id 1512 reused
CUDA Graph id 1512 reused
CUDA Graph id 1512 reused
CUDA Graph id 1512 reused
CUDA Graph id 1512 reused
CUDA Graph id 1512 reused
CUDA Graph id 1512 reused
CUDA Graph id 1512 reused
CUDA Graph id 1512 reused
CUDA Graph id 1512 reused
CUDA Graph id 1512 reused
CUDA Graph id 1512 reused
CUDA Graph id 1512 reused
CUDA Graph id 1512 reused
CUDA Graph id 1512 reused
CUDA Graph id 1512 reused
CUDA Graph id 1512 reused
CUDA Graph id 1512 reused
CUDA Graph id 1512 reused
CUDA Graph id 1512 reused
CUDA Graph id 1512 reused
CUDA Graph id 1512 reused
CUDA Graph id 1512 reused
CUDA Graph id 1512 reused
CUDA Graph id 1512 reused
CUDA Graph id 1512 reused
CUDA Graph id 1512 reused
CUDA Graph id 1512 reused
CUDA Graph id 1512 reused
CUDA Graph id 1512 reused
CUDA Graph id 1512 reused
CUDA Graph id 1512 reused
CUDA Graph id 1512 reused
CUDA Graph id 1512 reused
CUDA Graph id 1512 reused
CUDA Graph id 1512 reused
CUDA Graph id 1512 reused
CUDA Graph id 1512 reused
CUDA Graph id 1512 reused
CUDA Graph id 1512 reused
CUDA Graph id 1512 reused
CUDA Graph id 1512 reused
CUDA Graph id 1512 reused
CUDA Graph id 1512 reused
CUDA Graph id 1512 reused
CUDA Graph id 1512 reused
CUDA Graph id 1512 reused
CUDA Graph id 1512 reused
CUDA Graph id 1512 reused
CUDA Graph id 1512 reused
CUDA Graph id 1512 reused
CUDA Graph id 1512 reused
CUDA Graph id 1512 reused
CUDA Graph id 1512 reused
CUDA Graph id 1512 reused
CUDA Graph id 1512 reused
CUDA Graph id 1512 reused
CUDA Graph id 1512 reused
CUDA Graph id 1512 reused
CUDA Graph id 1512 reused
CUDA Graph id 1512 reused
CUDA Graph id 1512 reused
CUDA Graph id 1512 reused
CUDA Graph id 1512 reused
CUDA Graph id 1512 reused
CUDA Graph id 1512 reused
CUDA Graph id 1512 reused
CUDA Graph id 1512 reused
CUDA Graph id 1512 reused
CUDA Graph id 1512 reused
~llama_context:      CUDA0 compute buffer size is 304.0000 MiB, matches expectation of 304.0000 MiB
~llama_context:  CUDA_Host compute buffer size is  15.0137 MiB, matches expectation of  15.0137 MiB
llama_context: constructing llama_context
llama_context: n_seq_max     = 1
llama_context: n_ctx         = 1024
llama_context: n_ctx_seq     = 1024
llama_context: n_batch       = 785
llama_context: n_ubatch      = 512
llama_context: causal_attn   = 1
llama_context: flash_attn    = auto
llama_context: kv_unified    = false
llama_context: freq_base     = 1000000.0
llama_context: freq_scale    = 1
llama_context: n_rs_seq      = 0
llama_context: n_outputs_max = 785
llama_context: n_ctx_seq (1024) < n_ctx_train (32768) -- the full capacity of the model will not be utilized
set_abort_callback: call
llama_context:  CUDA_Host  output buffer size =     0.58 MiB
llama_kv_cache: layer   0: dev = CPU
llama_kv_cache: layer   1: dev = CPU
llama_kv_cache: layer   2: dev = CPU
llama_kv_cache: layer   3: dev = CUDA0
llama_kv_cache: layer   4: dev = CUDA0
llama_kv_cache: layer   5: dev = CUDA0
llama_kv_cache: layer   6: dev = CUDA0
llama_kv_cache: layer   7: dev = CUDA0
llama_kv_cache: layer   8: dev = CUDA0
llama_kv_cache: layer   9: dev = CUDA0
llama_kv_cache: layer  10: dev = CUDA0
llama_kv_cache: layer  11: dev = CUDA0
llama_kv_cache: layer  12: dev = CUDA0
llama_kv_cache: layer  13: dev = CUDA0
llama_kv_cache: layer  14: dev = CUDA0
llama_kv_cache: layer  15: dev = CUDA0
llama_kv_cache: layer  16: dev = CUDA0
llama_kv_cache: layer  17: dev = CUDA0
llama_kv_cache: layer  18: dev = CUDA0
llama_kv_cache: layer  19: dev = CUDA0
llama_kv_cache: layer  20: dev = CUDA0
llama_kv_cache: layer  21: dev = CUDA0
llama_kv_cache: layer  22: dev = CUDA0
llama_kv_cache: layer  23: dev = CUDA0
llama_kv_cache: layer  24: dev = CUDA0
llama_kv_cache: layer  25: dev = CUDA0
llama_kv_cache: layer  26: dev = CUDA0
llama_kv_cache: layer  27: dev = CUDA0
llama_kv_cache:        CPU KV buffer size =     6.00 MiB
llama_kv_cache:      CUDA0 KV buffer size =    50.00 MiB
llama_kv_cache: size =   56.00 MiB (  1024 cells,  28 layers,  1/1 seqs), K (f16):   28.00 MiB, V (f16):   28.00 MiB
llama_kv_cache: attn_rot_k = 0, n_embd_head_k_all = 128
llama_kv_cache: attn_rot_v = 0, n_embd_head_k_all = 128
llama_context: enumerating backends
llama_context: backend_ptrs.size() = 2
sched_reserve: reserving ...
sched_reserve: max_nodes = 2712
sched_reserve: reserving full memory module
sched_reserve: worst-case: n_tokens = 512, n_seqs = 1, n_outputs = 1
graph_reserve: reserving a graph for ubatch with n_tokens =    1, n_seqs =  1, n_outputs =    1
sched_reserve: Flash Attention was auto, set to enabled
sched_reserve: resolving fused Gated Delta Net support:
graph_reserve: reserving a graph for ubatch with n_tokens =    1, n_seqs =  1, n_outputs =    1
sched_reserve: fused Gated Delta Net (autoregressive) enabled
graph_reserve: reserving a graph for ubatch with n_tokens =   16, n_seqs =  1, n_outputs =   16
sched_reserve: fused Gated Delta Net (chunked) enabled
graph_reserve: reserving a graph for ubatch with n_tokens =  512, n_seqs =  1, n_outputs =  512
graph_reserve: reserving a graph for ubatch with n_tokens =    1, n_seqs =  1, n_outputs =    1
graph_reserve: reserving a graph for ubatch with n_tokens =  512, n_seqs =  1, n_outputs =  512
sched_reserve:      CUDA0 compute buffer size =   304.00 MiB
sched_reserve:  CUDA_Host compute buffer size =    15.01 MiB
sched_reserve: graph nodes  = 958
sched_reserve: graph splits = 44 (with bs=512), 2 (with bs=1)
sched_reserve: reserve took 13.06 ms, sched copies = 1
CUDA Graph id 1662 reused
ggml_backend_cuda_graph_compute: CUDA graph warmup complete
CUDA Graph id 1662 reused
CUDA Graph id 1662 reused
CUDA Graph id 1662 reused
CUDA Graph id 1662 reused
CUDA Graph id 1662 reused
CUDA Graph id 1662 reused
CUDA Graph id 1662 reused
CUDA Graph id 1662 reused
CUDA Graph id 1662 reused
CUDA Graph id 1662 reused
CUDA Graph id 1662 reused
CUDA Graph id 1662 reused
CUDA Graph id 1662 reused
CUDA Graph id 1662 reused
CUDA Graph id 1662 reused
CUDA Graph id 1662 reused
CUDA Graph id 1662 reused
CUDA Graph id 1662 reused
CUDA Graph id 1662 reused
CUDA Graph id 1662 reused
CUDA Graph id 1662 reused
CUDA Graph id 1662 reused
CUDA Graph id 1662 reused
CUDA Graph id 1662 reused
CUDA Graph id 1662 reused
CUDA Graph id 1662 reused
CUDA Graph id 1662 reused
CUDA Graph id 1662 reused
CUDA Graph id 1662 reused
CUDA Graph id 1662 reused
CUDA Graph id 1662 reused
CUDA Graph id 1662 reused
CUDA Graph id 1662 reused
CUDA Graph id 1662 reused
CUDA Graph id 1662 reused
CUDA Graph id 1662 reused
~llama_context:      CUDA0 compute buffer size is 304.0000 MiB, matches expectation of 304.0000 MiB
~llama_context:  CUDA_Host compute buffer size is  15.0137 MiB, matches expectation of  15.0137 MiB
llama_context: constructing llama_context
llama_context: n_seq_max     = 1
llama_context: n_ctx         = 1024
llama_context: n_ctx_seq     = 1024
llama_context: n_batch       = 785
llama_context: n_ubatch      = 512
llama_context: causal_attn   = 1
llama_context: flash_attn    = auto
llama_context: kv_unified    = false
llama_context: freq_base     = 1000000.0
llama_context: freq_scale    = 1
llama_context: n_rs_seq      = 0
llama_context: n_outputs_max = 785
llama_context: n_ctx_seq (1024) < n_ctx_train (32768) -- the full capacity of the model will not be utilized
set_abort_callback: call
llama_context:  CUDA_Host  output buffer size =     0.58 MiB
llama_kv_cache: layer   0: dev = CPU
llama_kv_cache: layer   1: dev = CPU
llama_kv_cache: layer   2: dev = CPU
llama_kv_cache: layer   3: dev = CUDA0
llama_kv_cache: layer   4: dev = CUDA0
llama_kv_cache: layer   5: dev = CUDA0
llama_kv_cache: layer   6: dev = CUDA0
llama_kv_cache: layer   7: dev = CUDA0
llama_kv_cache: layer   8: dev = CUDA0
llama_kv_cache: layer   9: dev = CUDA0
llama_kv_cache: layer  10: dev = CUDA0
llama_kv_cache: layer  11: dev = CUDA0
llama_kv_cache: layer  12: dev = CUDA0
llama_kv_cache: layer  13: dev = CUDA0
llama_kv_cache: layer  14: dev = CUDA0
llama_kv_cache: layer  15: dev = CUDA0
llama_kv_cache: layer  16: dev = CUDA0
llama_kv_cache: layer  17: dev = CUDA0
llama_kv_cache: layer  18: dev = CUDA0
llama_kv_cache: layer  19: dev = CUDA0
llama_kv_cache: layer  20: dev = CUDA0
llama_kv_cache: layer  21: dev = CUDA0
llama_kv_cache: layer  22: dev = CUDA0
llama_kv_cache: layer  23: dev = CUDA0
llama_kv_cache: layer  24: dev = CUDA0
llama_kv_cache: layer  25: dev = CUDA0
llama_kv_cache: layer  26: dev = CUDA0
llama_kv_cache: layer  27: dev = CUDA0
llama_kv_cache:        CPU KV buffer size =     6.00 MiB
llama_kv_cache:      CUDA0 KV buffer size =    50.00 MiB
llama_kv_cache: size =   56.00 MiB (  1024 cells,  28 layers,  1/1 seqs), K (f16):   28.00 MiB, V (f16):   28.00 MiB
llama_kv_cache: attn_rot_k = 0, n_embd_head_k_all = 128
llama_kv_cache: attn_rot_v = 0, n_embd_head_k_all = 128
llama_context: enumerating backends
llama_context: backend_ptrs.size() = 2
sched_reserve: reserving ...
sched_reserve: max_nodes = 2712
sched_reserve: reserving full memory module
sched_reserve: worst-case: n_tokens = 512, n_seqs = 1, n_outputs = 1
graph_reserve: reserving a graph for ubatch with n_tokens =    1, n_seqs =  1, n_outputs =    1
sched_reserve: Flash Attention was auto, set to enabled
sched_reserve: resolving fused Gated Delta Net support:
graph_reserve: reserving a graph for ubatch with n_tokens =    1, n_seqs =  1, n_outputs =    1
sched_reserve: fused Gated Delta Net (autoregressive) enabled
graph_reserve: reserving a graph for ubatch with n_tokens =   16, n_seqs =  1, n_outputs =   16
sched_reserve: fused Gated Delta Net (chunked) enabled
graph_reserve: reserving a graph for ubatch with n_tokens =  512, n_seqs =  1, n_outputs =  512
graph_reserve: reserving a graph for ubatch with n_tokens =    1, n_seqs =  1, n_outputs =    1
graph_reserve: reserving a graph for ubatch with n_tokens =  512, n_seqs =  1, n_outputs =  512
sched_reserve:      CUDA0 compute buffer size =   304.00 MiB
sched_reserve:  CUDA_Host compute buffer size =    15.01 MiB
sched_reserve: graph nodes  = 958
sched_reserve: graph splits = 44 (with bs=512), 2 (with bs=1)
sched_reserve: reserve took 16.00 ms, sched copies = 1
CUDA Graph id 1812 reused
ggml_backend_cuda_graph_compute: CUDA graph warmup complete
CUDA Graph id 1812 reused
CUDA Graph id 1812 reused
CUDA Graph id 1812 reused
CUDA Graph id 1812 reused
CUDA Graph id 1812 reused
CUDA Graph id 1812 reused
CUDA Graph id 1812 reused
CUDA Graph id 1812 reused
CUDA Graph id 1812 reused
CUDA Graph id 1812 reused
CUDA Graph id 1812 reused
CUDA Graph id 1812 reused
CUDA Graph id 1812 reused
CUDA Graph id 1812 reused
CUDA Graph id 1812 reused
CUDA Graph id 1812 reused
CUDA Graph id 1812 reused
CUDA Graph id 1812 reused
CUDA Graph id 1812 reused
CUDA Graph id 1812 reused
CUDA Graph id 1812 reused
CUDA Graph id 1812 reused
CUDA Graph id 1812 reused
CUDA Graph id 1812 reused
CUDA Graph id 1812 reused
CUDA Graph id 1812 reused
CUDA Graph id 1812 reused
CUDA Graph id 1812 reused
CUDA Graph id 1812 reused
CUDA Graph id 1812 reused
CUDA Graph id 1812 reused
CUDA Graph id 1812 reused
CUDA Graph id 1812 reused
CUDA Graph id 1812 reused
CUDA Graph id 1812 reused
CUDA Graph id 1812 reused
CUDA Graph id 1812 reused
CUDA Graph id 1812 reused
CUDA Graph id 1812 reused
CUDA Graph id 1812 reused
CUDA Graph id 1812 reused
CUDA Graph id 1812 reused
CUDA Graph id 1812 reused
CUDA Graph id 1812 reused
CUDA Graph id 1812 reused
CUDA Graph id 1812 reused
CUDA Graph id 1812 reused
CUDA Graph id 1812 reused
CUDA Graph id 1812 reused
CUDA Graph id 1812 reused
CUDA Graph id 1812 reused
CUDA Graph id 1812 reused
CUDA Graph id 1812 reused
CUDA Graph id 1812 reused
CUDA Graph id 1812 reused
CUDA Graph id 1812 reused
CUDA Graph id 1812 reused
CUDA Graph id 1812 reused
CUDA Graph id 1812 reused
CUDA Graph id 1812 reused
CUDA Graph id 1812 reused
CUDA Graph id 1812 reused
CUDA Graph id 1812 reused
CUDA Graph id 1812 reused
CUDA Graph id 1812 reused
CUDA Graph id 1812 reused
CUDA Graph id 1812 reused
CUDA Graph id 1812 reused
CUDA Graph id 1812 reused
CUDA Graph id 1812 reused
CUDA Graph id 1812 reused
CUDA Graph id 1812 reused
CUDA Graph id 1812 reused
CUDA Graph id 1812 reused
CUDA Graph id 1812 reused
~llama_context:      CUDA0 compute buffer size is 304.0000 MiB, matches expectation of 304.0000 MiB
~llama_context:  CUDA_Host compute buffer size is  15.0137 MiB, matches expectation of  15.0137 MiB
schema 77/100 done
llama_context: constructing llama_context
llama_context: n_seq_max     = 1
llama_context: n_ctx         = 1024
llama_context: n_ctx_seq     = 1024
llama_context: n_batch       = 790
llama_context: n_ubatch      = 512
llama_context: causal_attn   = 1
llama_context: flash_attn    = auto
llama_context: kv_unified    = false
llama_context: freq_base     = 1000000.0
llama_context: freq_scale    = 1
llama_context: n_rs_seq      = 0
llama_context: n_outputs_max = 790
llama_context: n_ctx_seq (1024) < n_ctx_train (32768) -- the full capacity of the model will not be utilized
set_abort_callback: call
llama_context:  CUDA_Host  output buffer size =     0.58 MiB
llama_kv_cache: layer   0: dev = CPU
llama_kv_cache: layer   1: dev = CPU
llama_kv_cache: layer   2: dev = CPU
llama_kv_cache: layer   3: dev = CUDA0
llama_kv_cache: layer   4: dev = CUDA0
llama_kv_cache: layer   5: dev = CUDA0
llama_kv_cache: layer   6: dev = CUDA0
llama_kv_cache: layer   7: dev = CUDA0
llama_kv_cache: layer   8: dev = CUDA0
llama_kv_cache: layer   9: dev = CUDA0
llama_kv_cache: layer  10: dev = CUDA0
llama_kv_cache: layer  11: dev = CUDA0
llama_kv_cache: layer  12: dev = CUDA0
llama_kv_cache: layer  13: dev = CUDA0
llama_kv_cache: layer  14: dev = CUDA0
llama_kv_cache: layer  15: dev = CUDA0
llama_kv_cache: layer  16: dev = CUDA0
llama_kv_cache: layer  17: dev = CUDA0
llama_kv_cache: layer  18: dev = CUDA0
llama_kv_cache: layer  19: dev = CUDA0
llama_kv_cache: layer  20: dev = CUDA0
llama_kv_cache: layer  21: dev = CUDA0
llama_kv_cache: layer  22: dev = CUDA0
llama_kv_cache: layer  23: dev = CUDA0
llama_kv_cache: layer  24: dev = CUDA0
llama_kv_cache: layer  25: dev = CUDA0
llama_kv_cache: layer  26: dev = CUDA0
llama_kv_cache: layer  27: dev = CUDA0
llama_kv_cache:        CPU KV buffer size =     6.00 MiB
llama_kv_cache:      CUDA0 KV buffer size =    50.00 MiB
llama_kv_cache: size =   56.00 MiB (  1024 cells,  28 layers,  1/1 seqs), K (f16):   28.00 MiB, V (f16):   28.00 MiB
llama_kv_cache: attn_rot_k = 0, n_embd_head_k_all = 128
llama_kv_cache: attn_rot_v = 0, n_embd_head_k_all = 128
llama_context: enumerating backends
llama_context: backend_ptrs.size() = 2
sched_reserve: reserving ...
sched_reserve: max_nodes = 2712
sched_reserve: reserving full memory module
sched_reserve: worst-case: n_tokens = 512, n_seqs = 1, n_outputs = 1
graph_reserve: reserving a graph for ubatch with n_tokens =    1, n_seqs =  1, n_outputs =    1
sched_reserve: Flash Attention was auto, set to enabled
sched_reserve: resolving fused Gated Delta Net support:
graph_reserve: reserving a graph for ubatch with n_tokens =    1, n_seqs =  1, n_outputs =    1
sched_reserve: fused Gated Delta Net (autoregressive) enabled
graph_reserve: reserving a graph for ubatch with n_tokens =   16, n_seqs =  1, n_outputs =   16
sched_reserve: fused Gated Delta Net (chunked) enabled
graph_reserve: reserving a graph for ubatch with n_tokens =  512, n_seqs =  1, n_outputs =  512
graph_reserve: reserving a graph for ubatch with n_tokens =    1, n_seqs =  1, n_outputs =    1
graph_reserve: reserving a graph for ubatch with n_tokens =  512, n_seqs =  1, n_outputs =  512
sched_reserve:      CUDA0 compute buffer size =   304.00 MiB
sched_reserve:  CUDA_Host compute buffer size =    15.01 MiB
sched_reserve: graph nodes  = 958
sched_reserve: graph splits = 44 (with bs=512), 2 (with bs=1)
sched_reserve: reserve took 15.43 ms, sched copies = 1
CUDA Graph id 1962 reused
ggml_backend_cuda_graph_compute: CUDA graph warmup complete
CUDA Graph id 1962 reused
CUDA Graph id 1962 reused
CUDA Graph id 1962 reused
CUDA Graph id 1962 reused
CUDA Graph id 1962 reused
CUDA Graph id 1962 reused
CUDA Graph id 1962 reused
CUDA Graph id 1962 reused
CUDA Graph id 1962 reused
CUDA Graph id 1962 reused
CUDA Graph id 1962 reused
CUDA Graph id 1962 reused
CUDA Graph id 1962 reused
CUDA Graph id 1962 reused
CUDA Graph id 1962 reused
CUDA Graph id 1962 reused
CUDA Graph id 1962 reused
CUDA Graph id 1962 reused
CUDA Graph id 1962 reused
CUDA Graph id 1962 reused
CUDA Graph id 1962 reused
CUDA Graph id 1962 reused
CUDA Graph id 1962 reused
CUDA Graph id 1962 reused
CUDA Graph id 1962 reused
CUDA Graph id 1962 reused
CUDA Graph id 1962 reused
CUDA Graph id 1962 reused
CUDA Graph id 1962 reused
CUDA Graph id 1962 reused
CUDA Graph id 1962 reused
CUDA Graph id 1962 reused
CUDA Graph id 1962 reused
CUDA Graph id 1962 reused
CUDA Graph id 1962 reused
CUDA Graph id 1962 reused
CUDA Graph id 1962 reused
CUDA Graph id 1962 reused
CUDA Graph id 1962 reused
CUDA Graph id 1962 reused
CUDA Graph id 1962 reused
CUDA Graph id 1962 reused
CUDA Graph id 1962 reused
CUDA Graph id 1962 reused
CUDA Graph id 1962 reused
CUDA Graph id 1962 reused
CUDA Graph id 1962 reused
CUDA Graph id 1962 reused
CUDA Graph id 1962 reused
CUDA Graph id 1962 reused
CUDA Graph id 1962 reused
CUDA Graph id 1962 reused
CUDA Graph id 1962 reused
~llama_context:      CUDA0 compute buffer size is 304.0000 MiB, matches expectation of 304.0000 MiB
~llama_context:  CUDA_Host compute buffer size is  15.0137 MiB, matches expectation of  15.0137 MiB
llama_context: constructing llama_context
llama_context: n_seq_max     = 1
llama_context: n_ctx         = 1024
llama_context: n_ctx_seq     = 1024
llama_context: n_batch       = 790
llama_context: n_ubatch      = 512
llama_context: causal_attn   = 1
llama_context: flash_attn    = auto
llama_context: kv_unified    = false
llama_context: freq_base     = 1000000.0
llama_context: freq_scale    = 1
llama_context: n_rs_seq      = 0
llama_context: n_outputs_max = 790
llama_context: n_ctx_seq (1024) < n_ctx_train (32768) -- the full capacity of the model will not be utilized
set_abort_callback: call
llama_context:  CUDA_Host  output buffer size =     0.58 MiB
llama_kv_cache: layer   0: dev = CPU
llama_kv_cache: layer   1: dev = CPU
llama_kv_cache: layer   2: dev = CPU
llama_kv_cache: layer   3: dev = CUDA0
llama_kv_cache: layer   4: dev = CUDA0
llama_kv_cache: layer   5: dev = CUDA0
llama_kv_cache: layer   6: dev = CUDA0
llama_kv_cache: layer   7: dev = CUDA0
llama_kv_cache: layer   8: dev = CUDA0
llama_kv_cache: layer   9: dev = CUDA0
llama_kv_cache: layer  10: dev = CUDA0
llama_kv_cache: layer  11: dev = CUDA0
llama_kv_cache: layer  12: dev = CUDA0
llama_kv_cache: layer  13: dev = CUDA0
llama_kv_cache: layer  14: dev = CUDA0
llama_kv_cache: layer  15: dev = CUDA0
llama_kv_cache: layer  16: dev = CUDA0
llama_kv_cache: layer  17: dev = CUDA0
llama_kv_cache: layer  18: dev = CUDA0
llama_kv_cache: layer  19: dev = CUDA0
llama_kv_cache: layer  20: dev = CUDA0
llama_kv_cache: layer  21: dev = CUDA0
llama_kv_cache: layer  22: dev = CUDA0
llama_kv_cache: layer  23: dev = CUDA0
llama_kv_cache: layer  24: dev = CUDA0
llama_kv_cache: layer  25: dev = CUDA0
llama_kv_cache: layer  26: dev = CUDA0
llama_kv_cache: layer  27: dev = CUDA0
llama_kv_cache:        CPU KV buffer size =     6.00 MiB
llama_kv_cache:      CUDA0 KV buffer size =    50.00 MiB
llama_kv_cache: size =   56.00 MiB (  1024 cells,  28 layers,  1/1 seqs), K (f16):   28.00 MiB, V (f16):   28.00 MiB
llama_kv_cache: attn_rot_k = 0, n_embd_head_k_all = 128
llama_kv_cache: attn_rot_v = 0, n_embd_head_k_all = 128
llama_context: enumerating backends
llama_context: backend_ptrs.size() = 2
sched_reserve: reserving ...
sched_reserve: max_nodes = 2712
sched_reserve: reserving full memory module
sched_reserve: worst-case: n_tokens = 512, n_seqs = 1, n_outputs = 1
graph_reserve: reserving a graph for ubatch with n_tokens =    1, n_seqs =  1, n_outputs =    1
sched_reserve: Flash Attention was auto, set to enabled
sched_reserve: resolving fused Gated Delta Net support:
graph_reserve: reserving a graph for ubatch with n_tokens =    1, n_seqs =  1, n_outputs =    1
sched_reserve: fused Gated Delta Net (autoregressive) enabled
graph_reserve: reserving a graph for ubatch with n_tokens =   16, n_seqs =  1, n_outputs =   16
sched_reserve: fused Gated Delta Net (chunked) enabled
graph_reserve: reserving a graph for ubatch with n_tokens =  512, n_seqs =  1, n_outputs =  512
graph_reserve: reserving a graph for ubatch with n_tokens =    1, n_seqs =  1, n_outputs =    1
graph_reserve: reserving a graph for ubatch with n_tokens =  512, n_seqs =  1, n_outputs =  512
sched_reserve:      CUDA0 compute buffer size =   304.00 MiB
sched_reserve:  CUDA_Host compute buffer size =    15.01 MiB
sched_reserve: graph nodes  = 958
sched_reserve: graph splits = 44 (with bs=512), 2 (with bs=1)
sched_reserve: reserve took 17.00 ms, sched copies = 1
CUDA Graph id 2112 reused
ggml_backend_cuda_graph_compute: CUDA graph warmup complete
CUDA Graph id 2112 reused
CUDA Graph id 2112 reused
CUDA Graph id 2112 reused
CUDA Graph id 2112 reused
CUDA Graph id 2112 reused
CUDA Graph id 2112 reused
CUDA Graph id 2112 reused
CUDA Graph id 2112 reused
CUDA Graph id 2112 reused
CUDA Graph id 2112 reused
CUDA Graph id 2112 reused
CUDA Graph id 2112 reused
CUDA Graph id 2112 reused
CUDA Graph id 2112 reused
CUDA Graph id 2112 reused
CUDA Graph id 2112 reused
CUDA Graph id 2112 reused
CUDA Graph id 2112 reused
CUDA Graph id 2112 reused
CUDA Graph id 2112 reused
CUDA Graph id 2112 reused
CUDA Graph id 2112 reused
CUDA Graph id 2112 reused
CUDA Graph id 2112 reused
CUDA Graph id 2112 reused
CUDA Graph id 2112 reused
CUDA Graph id 2112 reused
CUDA Graph id 2112 reused
CUDA Graph id 2112 reused
CUDA Graph id 2112 reused
CUDA Graph id 2112 reused
CUDA Graph id 2112 reused
CUDA Graph id 2112 reused
CUDA Graph id 2112 reused
CUDA Graph id 2112 reused
CUDA Graph id 2112 reused
CUDA Graph id 2112 reused
CUDA Graph id 2112 reused
CUDA Graph id 2112 reused
CUDA Graph id 2112 reused
CUDA Graph id 2112 reused
CUDA Graph id 2112 reused
CUDA Graph id 2112 reused
CUDA Graph id 2112 reused
CUDA Graph id 2112 reused
CUDA Graph id 2112 reused
CUDA Graph id 2112 reused
CUDA Graph id 2112 reused
CUDA Graph id 2112 reused
CUDA Graph id 2112 reused
CUDA Graph id 2112 reused
CUDA Graph id 2112 reused
CUDA Graph id 2112 reused
~llama_context:      CUDA0 compute buffer size is 304.0000 MiB, matches expectation of 304.0000 MiB
~llama_context:  CUDA_Host compute buffer size is  15.0137 MiB, matches expectation of  15.0137 MiB
llama_context: constructing llama_context
llama_context: n_seq_max     = 1
llama_context: n_ctx         = 1024
llama_context: n_ctx_seq     = 1024
llama_context: n_batch       = 790
llama_context: n_ubatch      = 512
llama_context: causal_attn   = 1
llama_context: flash_attn    = auto
llama_context: kv_unified    = false
llama_context: freq_base     = 1000000.0
llama_context: freq_scale    = 1
llama_context: n_rs_seq      = 0
llama_context: n_outputs_max = 790
llama_context: n_ctx_seq (1024) < n_ctx_train (32768) -- the full capacity of the model will not be utilized
set_abort_callback: call
llama_context:  CUDA_Host  output buffer size =     0.58 MiB
llama_kv_cache: layer   0: dev = CPU
llama_kv_cache: layer   1: dev = CPU
llama_kv_cache: layer   2: dev = CPU
llama_kv_cache: layer   3: dev = CUDA0
llama_kv_cache: layer   4: dev = CUDA0
llama_kv_cache: layer   5: dev = CUDA0
llama_kv_cache: layer   6: dev = CUDA0
llama_kv_cache: layer   7: dev = CUDA0
llama_kv_cache: layer   8: dev = CUDA0
llama_kv_cache: layer   9: dev = CUDA0
llama_kv_cache: layer  10: dev = CUDA0
llama_kv_cache: layer  11: dev = CUDA0
llama_kv_cache: layer  12: dev = CUDA0
llama_kv_cache: layer  13: dev = CUDA0
llama_kv_cache: layer  14: dev = CUDA0
llama_kv_cache: layer  15: dev = CUDA0
llama_kv_cache: layer  16: dev = CUDA0
llama_kv_cache: layer  17: dev = CUDA0
llama_kv_cache: layer  18: dev = CUDA0
llama_kv_cache: layer  19: dev = CUDA0
llama_kv_cache: layer  20: dev = CUDA0
llama_kv_cache: layer  21: dev = CUDA0
llama_kv_cache: layer  22: dev = CUDA0
llama_kv_cache: layer  23: dev = CUDA0
llama_kv_cache: layer  24: dev = CUDA0
llama_kv_cache: layer  25: dev = CUDA0
llama_kv_cache: layer  26: dev = CUDA0
llama_kv_cache: layer  27: dev = CUDA0
llama_kv_cache:        CPU KV buffer size =     6.00 MiB
llama_kv_cache:      CUDA0 KV buffer size =    50.00 MiB
llama_kv_cache: size =   56.00 MiB (  1024 cells,  28 layers,  1/1 seqs), K (f16):   28.00 MiB, V (f16):   28.00 MiB
llama_kv_cache: attn_rot_k = 0, n_embd_head_k_all = 128
llama_kv_cache: attn_rot_v = 0, n_embd_head_k_all = 128
llama_context: enumerating backends
llama_context: backend_ptrs.size() = 2
sched_reserve: reserving ...
sched_reserve: max_nodes = 2712
sched_reserve: reserving full memory module
sched_reserve: worst-case: n_tokens = 512, n_seqs = 1, n_outputs = 1
graph_reserve: reserving a graph for ubatch with n_tokens =    1, n_seqs =  1, n_outputs =    1
sched_reserve: Flash Attention was auto, set to enabled
sched_reserve: resolving fused Gated Delta Net support:
graph_reserve: reserving a graph for ubatch with n_tokens =    1, n_seqs =  1, n_outputs =    1
sched_reserve: fused Gated Delta Net (autoregressive) enabled
graph_reserve: reserving a graph for ubatch with n_tokens =   16, n_seqs =  1, n_outputs =   16
sched_reserve: fused Gated Delta Net (chunked) enabled
graph_reserve: reserving a graph for ubatch with n_tokens =  512, n_seqs =  1, n_outputs =  512
graph_reserve: reserving a graph for ubatch with n_tokens =    1, n_seqs =  1, n_outputs =    1
graph_reserve: reserving a graph for ubatch with n_tokens =  512, n_seqs =  1, n_outputs =  512
sched_reserve:      CUDA0 compute buffer size =   304.00 MiB
sched_reserve:  CUDA_Host compute buffer size =    15.01 MiB
sched_reserve: graph nodes  = 958
sched_reserve: graph splits = 44 (with bs=512), 2 (with bs=1)
sched_reserve: reserve took 17.23 ms, sched copies = 1
CUDA Graph id 2262 reused
ggml_backend_cuda_graph_compute: CUDA graph warmup complete
CUDA Graph id 2262 reused
CUDA Graph id 2262 reused
CUDA Graph id 2262 reused
CUDA Graph id 2262 reused
CUDA Graph id 2262 reused
CUDA Graph id 2262 reused
CUDA Graph id 2262 reused
CUDA Graph id 2262 reused
CUDA Graph id 2262 reused
CUDA Graph id 2262 reused
CUDA Graph id 2262 reused
CUDA Graph id 2262 reused
CUDA Graph id 2262 reused
CUDA Graph id 2262 reused
CUDA Graph id 2262 reused
CUDA Graph id 2262 reused
CUDA Graph id 2262 reused
CUDA Graph id 2262 reused
CUDA Graph id 2262 reused
CUDA Graph id 2262 reused
CUDA Graph id 2262 reused
CUDA Graph id 2262 reused
CUDA Graph id 2262 reused
CUDA Graph id 2262 reused
CUDA Graph id 2262 reused
CUDA Graph id 2262 reused
CUDA Graph id 2262 reused
CUDA Graph id 2262 reused
CUDA Graph id 2262 reused
CUDA Graph id 2262 reused
CUDA Graph id 2262 reused
CUDA Graph id 2262 reused
CUDA Graph id 2262 reused
CUDA Graph id 2262 reused
CUDA Graph id 2262 reused
CUDA Graph id 2262 reused
CUDA Graph id 2262 reused
CUDA Graph id 2262 reused
CUDA Graph id 2262 reused
CUDA Graph id 2262 reused
CUDA Graph id 2262 reused
CUDA Graph id 2262 reused
CUDA Graph id 2262 reused
CUDA Graph id 2262 reused
CUDA Graph id 2262 reused
CUDA Graph id 2262 reused
CUDA Graph id 2262 reused
CUDA Graph id 2262 reused
CUDA Graph id 2262 reused
CUDA Graph id 2262 reused
CUDA Graph id 2262 reused
CUDA Graph id 2262 reused
CUDA Graph id 2262 reused
CUDA Graph id 2262 reused
CUDA Graph id 2262 reused
CUDA Graph id 2262 reused
CUDA Graph id 2262 reused
CUDA Graph id 2262 reused
~llama_context:      CUDA0 compute buffer size is 304.0000 MiB, matches expectation of 304.0000 MiB
~llama_context:  CUDA_Host compute buffer size is  15.0137 MiB, matches expectation of  15.0137 MiB
llama_context: constructing llama_context
llama_context: n_seq_max     = 1
llama_context: n_ctx         = 1024
llama_context: n_ctx_seq     = 1024
llama_context: n_batch       = 790
llama_context: n_ubatch      = 512
llama_context: causal_attn   = 1
llama_context: flash_attn    = auto
llama_context: kv_unified    = false
llama_context: freq_base     = 1000000.0
llama_context: freq_scale    = 1
llama_context: n_rs_seq      = 0
llama_context: n_outputs_max = 790
llama_context: n_ctx_seq (1024) < n_ctx_train (32768) -- the full capacity of the model will not be utilized
set_abort_callback: call
llama_context:  CUDA_Host  output buffer size =     0.58 MiB
llama_kv_cache: layer   0: dev = CPU
llama_kv_cache: layer   1: dev = CPU
llama_kv_cache: layer   2: dev = CPU
llama_kv_cache: layer   3: dev = CUDA0
llama_kv_cache: layer   4: dev = CUDA0
llama_kv_cache: layer   5: dev = CUDA0
llama_kv_cache: layer   6: dev = CUDA0
llama_kv_cache: layer   7: dev = CUDA0
llama_kv_cache: layer   8: dev = CUDA0
llama_kv_cache: layer   9: dev = CUDA0
llama_kv_cache: layer  10: dev = CUDA0
llama_kv_cache: layer  11: dev = CUDA0
llama_kv_cache: layer  12: dev = CUDA0
llama_kv_cache: layer  13: dev = CUDA0
llama_kv_cache: layer  14: dev = CUDA0
llama_kv_cache: layer  15: dev = CUDA0
llama_kv_cache: layer  16: dev = CUDA0
llama_kv_cache: layer  17: dev = CUDA0
llama_kv_cache: layer  18: dev = CUDA0
llama_kv_cache: layer  19: dev = CUDA0
llama_kv_cache: layer  20: dev = CUDA0
llama_kv_cache: layer  21: dev = CUDA0
llama_kv_cache: layer  22: dev = CUDA0
llama_kv_cache: layer  23: dev = CUDA0
llama_kv_cache: layer  24: dev = CUDA0
llama_kv_cache: layer  25: dev = CUDA0
llama_kv_cache: layer  26: dev = CUDA0
llama_kv_cache: layer  27: dev = CUDA0
llama_kv_cache:        CPU KV buffer size =     6.00 MiB
llama_kv_cache:      CUDA0 KV buffer size =    50.00 MiB
llama_kv_cache: size =   56.00 MiB (  1024 cells,  28 layers,  1/1 seqs), K (f16):   28.00 MiB, V (f16):   28.00 MiB
llama_kv_cache: attn_rot_k = 0, n_embd_head_k_all = 128
llama_kv_cache: attn_rot_v = 0, n_embd_head_k_all = 128
llama_context: enumerating backends
llama_context: backend_ptrs.size() = 2
sched_reserve: reserving ...
sched_reserve: max_nodes = 2712
sched_reserve: reserving full memory module
sched_reserve: worst-case: n_tokens = 512, n_seqs = 1, n_outputs = 1
graph_reserve: reserving a graph for ubatch with n_tokens =    1, n_seqs =  1, n_outputs =    1
sched_reserve: Flash Attention was auto, set to enabled
sched_reserve: resolving fused Gated Delta Net support:
graph_reserve: reserving a graph for ubatch with n_tokens =    1, n_seqs =  1, n_outputs =    1
sched_reserve: fused Gated Delta Net (autoregressive) enabled
graph_reserve: reserving a graph for ubatch with n_tokens =   16, n_seqs =  1, n_outputs =   16
sched_reserve: fused Gated Delta Net (chunked) enabled
graph_reserve: reserving a graph for ubatch with n_tokens =  512, n_seqs =  1, n_outputs =  512
graph_reserve: reserving a graph for ubatch with n_tokens =    1, n_seqs =  1, n_outputs =    1
graph_reserve: reserving a graph for ubatch with n_tokens =  512, n_seqs =  1, n_outputs =  512
sched_reserve:      CUDA0 compute buffer size =   304.00 MiB
sched_reserve:  CUDA_Host compute buffer size =    15.01 MiB
sched_reserve: graph nodes  = 958
sched_reserve: graph splits = 44 (with bs=512), 2 (with bs=1)
sched_reserve: reserve took 13.09 ms, sched copies = 1
CUDA Graph id 2412 reused
ggml_backend_cuda_graph_compute: CUDA graph warmup complete
CUDA Graph id 2412 reused
CUDA Graph id 2412 reused
CUDA Graph id 2412 reused
CUDA Graph id 2412 reused
CUDA Graph id 2412 reused
CUDA Graph id 2412 reused
CUDA Graph id 2412 reused
CUDA Graph id 2412 reused
CUDA Graph id 2412 reused
CUDA Graph id 2412 reused
CUDA Graph id 2412 reused
CUDA Graph id 2412 reused
CUDA Graph id 2412 reused
CUDA Graph id 2412 reused
CUDA Graph id 2412 reused
CUDA Graph id 2412 reused
CUDA Graph id 2412 reused
CUDA Graph id 2412 reused
CUDA Graph id 2412 reused
CUDA Graph id 2412 reused
CUDA Graph id 2412 reused
CUDA Graph id 2412 reused
CUDA Graph id 2412 reused
CUDA Graph id 2412 reused
CUDA Graph id 2412 reused
CUDA Graph id 2412 reused
CUDA Graph id 2412 reused
CUDA Graph id 2412 reused
CUDA Graph id 2412 reused
CUDA Graph id 2412 reused
CUDA Graph id 2412 reused
CUDA Graph id 2412 reused
CUDA Graph id 2412 reused
CUDA Graph id 2412 reused
CUDA Graph id 2412 reused
CUDA Graph id 2412 reused
CUDA Graph id 2412 reused
CUDA Graph id 2412 reused
CUDA Graph id 2412 reused
CUDA Graph id 2412 reused
CUDA Graph id 2412 reused
CUDA Graph id 2412 reused
CUDA Graph id 2412 reused
CUDA Graph id 2412 reused
CUDA Graph id 2412 reused
CUDA Graph id 2412 reused
CUDA Graph id 2412 reused
CUDA Graph id 2412 reused
CUDA Graph id 2412 reused
CUDA Graph id 2412 reused
CUDA Graph id 2412 reused
CUDA Graph id 2412 reused
CUDA Graph id 2412 reused
CUDA Graph id 2412 reused
CUDA Graph id 2412 reused
CUDA Graph id 2412 reused
CUDA Graph id 2412 reused
CUDA Graph id 2412 reused
CUDA Graph id 2412 reused
CUDA Graph id 2412 reused
CUDA Graph id 2412 reused
CUDA Graph id 2412 reused
CUDA Graph id 2412 reused
CUDA Graph id 2412 reused
CUDA Graph id 2412 reused
CUDA Graph id 2412 reused
CUDA Graph id 2412 reused
CUDA Graph id 2412 reused
CUDA Graph id 2412 reused
CUDA Graph id 2412 reused
CUDA Graph id 2412 reused
CUDA Graph id 2412 reused
CUDA Graph id 2412 reused
CUDA Graph id 2412 reused
~llama_context:      CUDA0 compute buffer size is 304.0000 MiB, matches expectation of 304.0000 MiB
~llama_context:  CUDA_Host compute buffer size is  15.0137 MiB, matches expectation of  15.0137 MiB
llama_context: constructing llama_context
llama_context: n_seq_max     = 1
llama_context: n_ctx         = 1024
llama_context: n_ctx_seq     = 1024
llama_context: n_batch       = 790
llama_context: n_ubatch      = 512
llama_context: causal_attn   = 1
llama_context: flash_attn    = auto
llama_context: kv_unified    = false
llama_context: freq_base     = 1000000.0
llama_context: freq_scale    = 1
llama_context: n_rs_seq      = 0
llama_context: n_outputs_max = 790
llama_context: n_ctx_seq (1024) < n_ctx_train (32768) -- the full capacity of the model will not be utilized
set_abort_callback: call
llama_context:  CUDA_Host  output buffer size =     0.58 MiB
llama_kv_cache: layer   0: dev = CPU
llama_kv_cache: layer   1: dev = CPU
llama_kv_cache: layer   2: dev = CPU
llama_kv_cache: layer   3: dev = CUDA0
llama_kv_cache: layer   4: dev = CUDA0
llama_kv_cache: layer   5: dev = CUDA0
llama_kv_cache: layer   6: dev = CUDA0
llama_kv_cache: layer   7: dev = CUDA0
llama_kv_cache: layer   8: dev = CUDA0
llama_kv_cache: layer   9: dev = CUDA0
llama_kv_cache: layer  10: dev = CUDA0
llama_kv_cache: layer  11: dev = CUDA0
llama_kv_cache: layer  12: dev = CUDA0
llama_kv_cache: layer  13: dev = CUDA0
llama_kv_cache: layer  14: dev = CUDA0
llama_kv_cache: layer  15: dev = CUDA0
llama_kv_cache: layer  16: dev = CUDA0
llama_kv_cache: layer  17: dev = CUDA0
llama_kv_cache: layer  18: dev = CUDA0
llama_kv_cache: layer  19: dev = CUDA0
llama_kv_cache: layer  20: dev = CUDA0
llama_kv_cache: layer  21: dev = CUDA0
llama_kv_cache: layer  22: dev = CUDA0
llama_kv_cache: layer  23: dev = CUDA0
llama_kv_cache: layer  24: dev = CUDA0
llama_kv_cache: layer  25: dev = CUDA0
llama_kv_cache: layer  26: dev = CUDA0
llama_kv_cache: layer  27: dev = CUDA0
llama_kv_cache:        CPU KV buffer size =     6.00 MiB
llama_kv_cache:      CUDA0 KV buffer size =    50.00 MiB
llama_kv_cache: size =   56.00 MiB (  1024 cells,  28 layers,  1/1 seqs), K (f16):   28.00 MiB, V (f16):   28.00 MiB
llama_kv_cache: attn_rot_k = 0, n_embd_head_k_all = 128
llama_kv_cache: attn_rot_v = 0, n_embd_head_k_all = 128
llama_context: enumerating backends
llama_context: backend_ptrs.size() = 2
sched_reserve: reserving ...
sched_reserve: max_nodes = 2712
sched_reserve: reserving full memory module
sched_reserve: worst-case: n_tokens = 512, n_seqs = 1, n_outputs = 1
graph_reserve: reserving a graph for ubatch with n_tokens =    1, n_seqs =  1, n_outputs =    1
sched_reserve: Flash Attention was auto, set to enabled
sched_reserve: resolving fused Gated Delta Net support:
graph_reserve: reserving a graph for ubatch with n_tokens =    1, n_seqs =  1, n_outputs =    1
sched_reserve: fused Gated Delta Net (autoregressive) enabled
graph_reserve: reserving a graph for ubatch with n_tokens =   16, n_seqs =  1, n_outputs =   16
sched_reserve: fused Gated Delta Net (chunked) enabled
graph_reserve: reserving a graph for ubatch with n_tokens =  512, n_seqs =  1, n_outputs =  512
graph_reserve: reserving a graph for ubatch with n_tokens =    1, n_seqs =  1, n_outputs =    1
graph_reserve: reserving a graph for ubatch with n_tokens =  512, n_seqs =  1, n_outputs =  512
sched_reserve:      CUDA0 compute buffer size =   304.00 MiB
sched_reserve:  CUDA_Host compute buffer size =    15.01 MiB
sched_reserve: graph nodes  = 958
sched_reserve: graph splits = 44 (with bs=512), 2 (with bs=1)
sched_reserve: reserve took 12.77 ms, sched copies = 1
CUDA Graph id 2562 reused
ggml_backend_cuda_graph_compute: CUDA graph warmup complete
CUDA Graph id 2562 reused
CUDA Graph id 2562 reused
CUDA Graph id 2562 reused
CUDA Graph id 2562 reused
CUDA Graph id 2562 reused
CUDA Graph id 2562 reused
CUDA Graph id 2562 reused
CUDA Graph id 2562 reused
CUDA Graph id 2562 reused
CUDA Graph id 2562 reused
CUDA Graph id 2562 reused
CUDA Graph id 2562 reused
CUDA Graph id 2562 reused
CUDA Graph id 2562 reused
CUDA Graph id 2562 reused
CUDA Graph id 2562 reused
CUDA Graph id 2562 reused
CUDA Graph id 2562 reused
CUDA Graph id 2562 reused
CUDA Graph id 2562 reused
CUDA Graph id 2562 reused
CUDA Graph id 2562 reused
~llama_context:      CUDA0 compute buffer size is 304.0000 MiB, matches expectation of 304.0000 MiB
~llama_context:  CUDA_Host compute buffer size is  15.0137 MiB, matches expectation of  15.0137 MiB
llama_context: constructing llama_context
llama_context: n_seq_max     = 1
llama_context: n_ctx         = 1024
llama_context: n_ctx_seq     = 1024
llama_context: n_batch       = 790
llama_context: n_ubatch      = 512
llama_context: causal_attn   = 1
llama_context: flash_attn    = auto
llama_context: kv_unified    = false
llama_context: freq_base     = 1000000.0
llama_context: freq_scale    = 1
llama_context: n_rs_seq      = 0
llama_context: n_outputs_max = 790
llama_context: n_ctx_seq (1024) < n_ctx_train (32768) -- the full capacity of the model will not be utilized
set_abort_callback: call
llama_context:  CUDA_Host  output buffer size =     0.58 MiB
llama_kv_cache: layer   0: dev = CPU
llama_kv_cache: layer   1: dev = CPU
llama_kv_cache: layer   2: dev = CPU
llama_kv_cache: layer   3: dev = CUDA0
llama_kv_cache: layer   4: dev = CUDA0
llama_kv_cache: layer   5: dev = CUDA0
llama_kv_cache: layer   6: dev = CUDA0
llama_kv_cache: layer   7: dev = CUDA0
llama_kv_cache: layer   8: dev = CUDA0
llama_kv_cache: layer   9: dev = CUDA0
llama_kv_cache: layer  10: dev = CUDA0
llama_kv_cache: layer  11: dev = CUDA0
llama_kv_cache: layer  12: dev = CUDA0
llama_kv_cache: layer  13: dev = CUDA0
llama_kv_cache: layer  14: dev = CUDA0
llama_kv_cache: layer  15: dev = CUDA0
llama_kv_cache: layer  16: dev = CUDA0
llama_kv_cache: layer  17: dev = CUDA0
llama_kv_cache: layer  18: dev = CUDA0
llama_kv_cache: layer  19: dev = CUDA0
llama_kv_cache: layer  20: dev = CUDA0
llama_kv_cache: layer  21: dev = CUDA0
llama_kv_cache: layer  22: dev = CUDA0
llama_kv_cache: layer  23: dev = CUDA0
llama_kv_cache: layer  24: dev = CUDA0
llama_kv_cache: layer  25: dev = CUDA0
llama_kv_cache: layer  26: dev = CUDA0
llama_kv_cache: layer  27: dev = CUDA0
llama_kv_cache:        CPU KV buffer size =     6.00 MiB
llama_kv_cache:      CUDA0 KV buffer size =    50.00 MiB
llama_kv_cache: size =   56.00 MiB (  1024 cells,  28 layers,  1/1 seqs), K (f16):   28.00 MiB, V (f16):   28.00 MiB
llama_kv_cache: attn_rot_k = 0, n_embd_head_k_all = 128
llama_kv_cache: attn_rot_v = 0, n_embd_head_k_all = 128
llama_context: enumerating backends
llama_context: backend_ptrs.size() = 2
sched_reserve: reserving ...
sched_reserve: max_nodes = 2712
sched_reserve: reserving full memory module
sched_reserve: worst-case: n_tokens = 512, n_seqs = 1, n_outputs = 1
graph_reserve: reserving a graph for ubatch with n_tokens =    1, n_seqs =  1, n_outputs =    1
sched_reserve: Flash Attention was auto, set to enabled
sched_reserve: resolving fused Gated Delta Net support:
graph_reserve: reserving a graph for ubatch with n_tokens =    1, n_seqs =  1, n_outputs =    1
sched_reserve: fused Gated Delta Net (autoregressive) enabled
graph_reserve: reserving a graph for ubatch with n_tokens =   16, n_seqs =  1, n_outputs =   16
sched_reserve: fused Gated Delta Net (chunked) enabled
graph_reserve: reserving a graph for ubatch with n_tokens =  512, n_seqs =  1, n_outputs =  512
graph_reserve: reserving a graph for ubatch with n_tokens =    1, n_seqs =  1, n_outputs =    1
graph_reserve: reserving a graph for ubatch with n_tokens =  512, n_seqs =  1, n_outputs =  512
sched_reserve:      CUDA0 compute buffer size =   304.00 MiB
sched_reserve:  CUDA_Host compute buffer size =    15.01 MiB
sched_reserve: graph nodes  = 958
sched_reserve: graph splits = 44 (with bs=512), 2 (with bs=1)
sched_reserve: reserve took 13.07 ms, sched copies = 1
CUDA Graph id 2712 reused
ggml_backend_cuda_graph_compute: CUDA graph warmup complete
CUDA Graph id 2712 reused
CUDA Graph id 2712 reused
CUDA Graph id 2712 reused
CUDA Graph id 2712 reused
CUDA Graph id 2712 reused
CUDA Graph id 2712 reused
CUDA Graph id 2712 reused
CUDA Graph id 2712 reused
CUDA Graph id 2712 reused
CUDA Graph id 2712 reused
CUDA Graph id 2712 reused
CUDA Graph id 2712 reused
CUDA Graph id 2712 reused
CUDA Graph id 2712 reused
CUDA Graph id 2712 reused
CUDA Graph id 2712 reused
CUDA Graph id 2712 reused
CUDA Graph id 2712 reused
CUDA Graph id 2712 reused
CUDA Graph id 2712 reused
CUDA Graph id 2712 reused
CUDA Graph id 2712 reused
CUDA Graph id 2712 reused
CUDA Graph id 2712 reused
CUDA Graph id 2712 reused
CUDA Graph id 2712 reused
CUDA Graph id 2712 reused
CUDA Graph id 2712 reused
CUDA Graph id 2712 reused
CUDA Graph id 2712 reused
CUDA Graph id 2712 reused
CUDA Graph id 2712 reused
CUDA Graph id 2712 reused
CUDA Graph id 2712 reused
CUDA Graph id 2712 reused
CUDA Graph id 2712 reused
CUDA Graph id 2712 reused
CUDA Graph id 2712 reused
CUDA Graph id 2712 reused
CUDA Graph id 2712 reused
CUDA Graph id 2712 reused
CUDA Graph id 2712 reused
CUDA Graph id 2712 reused
CUDA Graph id 2712 reused
~llama_context:      CUDA0 compute buffer size is 304.0000 MiB, matches expectation of 304.0000 MiB
~llama_context:  CUDA_Host compute buffer size is  15.0137 MiB, matches expectation of  15.0137 MiB
schema 78/100 done
llama_context: constructing llama_context
llama_context: n_seq_max     = 1
llama_context: n_ctx         = 768
llama_context: n_ctx_seq     = 768
llama_context: n_batch       = 646
llama_context: n_ubatch      = 512
llama_context: causal_attn   = 1
llama_context: flash_attn    = auto
llama_context: kv_unified    = false
llama_context: freq_base     = 1000000.0
llama_context: freq_scale    = 1
llama_context: n_rs_seq      = 0
llama_context: n_outputs_max = 646
llama_context: n_ctx_seq (768) < n_ctx_train (32768) -- the full capacity of the model will not be utilized
set_abort_callback: call
llama_context:  CUDA_Host  output buffer size =     0.58 MiB
llama_kv_cache: layer   0: dev = CPU
llama_kv_cache: layer   1: dev = CPU
llama_kv_cache: layer   2: dev = CPU
llama_kv_cache: layer   3: dev = CUDA0
llama_kv_cache: layer   4: dev = CUDA0
llama_kv_cache: layer   5: dev = CUDA0
llama_kv_cache: layer   6: dev = CUDA0
llama_kv_cache: layer   7: dev = CUDA0
llama_kv_cache: layer   8: dev = CUDA0
llama_kv_cache: layer   9: dev = CUDA0
llama_kv_cache: layer  10: dev = CUDA0
llama_kv_cache: layer  11: dev = CUDA0
llama_kv_cache: layer  12: dev = CUDA0
llama_kv_cache: layer  13: dev = CUDA0
llama_kv_cache: layer  14: dev = CUDA0
llama_kv_cache: layer  15: dev = CUDA0
llama_kv_cache: layer  16: dev = CUDA0
llama_kv_cache: layer  17: dev = CUDA0
llama_kv_cache: layer  18: dev = CUDA0
llama_kv_cache: layer  19: dev = CUDA0
llama_kv_cache: layer  20: dev = CUDA0
llama_kv_cache: layer  21: dev = CUDA0
llama_kv_cache: layer  22: dev = CUDA0
llama_kv_cache: layer  23: dev = CUDA0
llama_kv_cache: layer  24: dev = CUDA0
llama_kv_cache: layer  25: dev = CUDA0
llama_kv_cache: layer  26: dev = CUDA0
llama_kv_cache: layer  27: dev = CUDA0
llama_kv_cache:        CPU KV buffer size =     4.50 MiB
llama_kv_cache:      CUDA0 KV buffer size =    37.50 MiB
llama_kv_cache: size =   42.00 MiB (   768 cells,  28 layers,  1/1 seqs), K (f16):   21.00 MiB, V (f16):   21.00 MiB
llama_kv_cache: attn_rot_k = 0, n_embd_head_k_all = 128
llama_kv_cache: attn_rot_v = 0, n_embd_head_k_all = 128
llama_context: enumerating backends
llama_context: backend_ptrs.size() = 2
sched_reserve: reserving ...
sched_reserve: max_nodes = 2712
sched_reserve: reserving full memory module
sched_reserve: worst-case: n_tokens = 512, n_seqs = 1, n_outputs = 1
graph_reserve: reserving a graph for ubatch with n_tokens =    1, n_seqs =  1, n_outputs =    1
sched_reserve: Flash Attention was auto, set to enabled
sched_reserve: resolving fused Gated Delta Net support:
graph_reserve: reserving a graph for ubatch with n_tokens =    1, n_seqs =  1, n_outputs =    1
sched_reserve: fused Gated Delta Net (autoregressive) enabled
graph_reserve: reserving a graph for ubatch with n_tokens =   16, n_seqs =  1, n_outputs =   16
sched_reserve: fused Gated Delta Net (chunked) enabled
graph_reserve: reserving a graph for ubatch with n_tokens =  512, n_seqs =  1, n_outputs =  512
graph_reserve: reserving a graph for ubatch with n_tokens =    1, n_seqs =  1, n_outputs =    1
graph_reserve: reserving a graph for ubatch with n_tokens =  512, n_seqs =  1, n_outputs =  512
sched_reserve:      CUDA0 compute buffer size =   304.00 MiB
sched_reserve:  CUDA_Host compute buffer size =    14.76 MiB
sched_reserve: graph nodes  = 958
sched_reserve: graph splits = 44 (with bs=512), 2 (with bs=1)
sched_reserve: reserve took 10.46 ms, sched copies = 1
CUDA Graph id 2862 reused
ggml_backend_cuda_graph_compute: CUDA graph warmup complete
CUDA Graph id 2862 reused
CUDA Graph id 2862 reused
CUDA Graph id 2862 reused
CUDA Graph id 2862 reused
CUDA Graph id 2862 reused
CUDA Graph id 2862 reused
CUDA Graph id 2862 reused
~llama_context:      CUDA0 compute buffer size is 304.0000 MiB, matches expectation of 304.0000 MiB
~llama_context:  CUDA_Host compute buffer size is  14.7637 MiB, matches expectation of  14.7637 MiB
llama_context: constructing llama_context
llama_context: n_seq_max     = 1
llama_context: n_ctx         = 768
llama_context: n_ctx_seq     = 768
llama_context: n_batch       = 646
llama_context: n_ubatch      = 512
llama_context: causal_attn   = 1
llama_context: flash_attn    = auto
llama_context: kv_unified    = false
llama_context: freq_base     = 1000000.0
llama_context: freq_scale    = 1
llama_context: n_rs_seq      = 0
llama_context: n_outputs_max = 646
llama_context: n_ctx_seq (768) < n_ctx_train (32768) -- the full capacity of the model will not be utilized
set_abort_callback: call
llama_context:  CUDA_Host  output buffer size =     0.58 MiB
llama_kv_cache: layer   0: dev = CPU
llama_kv_cache: layer   1: dev = CPU
llama_kv_cache: layer   2: dev = CPU
llama_kv_cache: layer   3: dev = CUDA0
llama_kv_cache: layer   4: dev = CUDA0
llama_kv_cache: layer   5: dev = CUDA0
llama_kv_cache: layer   6: dev = CUDA0
llama_kv_cache: layer   7: dev = CUDA0
llama_kv_cache: layer   8: dev = CUDA0
llama_kv_cache: layer   9: dev = CUDA0
llama_kv_cache: layer  10: dev = CUDA0
llama_kv_cache: layer  11: dev = CUDA0
llama_kv_cache: layer  12: dev = CUDA0
llama_kv_cache: layer  13: dev = CUDA0
llama_kv_cache: layer  14: dev = CUDA0
llama_kv_cache: layer  15: dev = CUDA0
llama_kv_cache: layer  16: dev = CUDA0
llama_kv_cache: layer  17: dev = CUDA0
llama_kv_cache: layer  18: dev = CUDA0
llama_kv_cache: layer  19: dev = CUDA0
llama_kv_cache: layer  20: dev = CUDA0
llama_kv_cache: layer  21: dev = CUDA0
llama_kv_cache: layer  22: dev = CUDA0
llama_kv_cache: layer  23: dev = CUDA0
llama_kv_cache: layer  24: dev = CUDA0
llama_kv_cache: layer  25: dev = CUDA0
llama_kv_cache: layer  26: dev = CUDA0
llama_kv_cache: layer  27: dev = CUDA0
llama_kv_cache:        CPU KV buffer size =     4.50 MiB
llama_kv_cache:      CUDA0 KV buffer size =    37.50 MiB
llama_kv_cache: size =   42.00 MiB (   768 cells,  28 layers,  1/1 seqs), K (f16):   21.00 MiB, V (f16):   21.00 MiB
llama_kv_cache: attn_rot_k = 0, n_embd_head_k_all = 128
llama_kv_cache: attn_rot_v = 0, n_embd_head_k_all = 128
llama_context: enumerating backends
llama_context: backend_ptrs.size() = 2
sched_reserve: reserving ...
sched_reserve: max_nodes = 2712
sched_reserve: reserving full memory module
sched_reserve: worst-case: n_tokens = 512, n_seqs = 1, n_outputs = 1
graph_reserve: reserving a graph for ubatch with n_tokens =    1, n_seqs =  1, n_outputs =    1
sched_reserve: Flash Attention was auto, set to enabled
sched_reserve: resolving fused Gated Delta Net support:
graph_reserve: reserving a graph for ubatch with n_tokens =    1, n_seqs =  1, n_outputs =    1
sched_reserve: fused Gated Delta Net (autoregressive) enabled
graph_reserve: reserving a graph for ubatch with n_tokens =   16, n_seqs =  1, n_outputs =   16
sched_reserve: fused Gated Delta Net (chunked) enabled
graph_reserve: reserving a graph for ubatch with n_tokens =  512, n_seqs =  1, n_outputs =  512
graph_reserve: reserving a graph for ubatch with n_tokens =    1, n_seqs =  1, n_outputs =    1
graph_reserve: reserving a graph for ubatch with n_tokens =  512, n_seqs =  1, n_outputs =  512
sched_reserve:      CUDA0 compute buffer size =   304.00 MiB
sched_reserve:  CUDA_Host compute buffer size =    14.76 MiB
sched_reserve: graph nodes  = 958
sched_reserve: graph splits = 44 (with bs=512), 2 (with bs=1)
sched_reserve: reserve took 17.41 ms, sched copies = 1
CUDA Graph id 3012 reused
ggml_backend_cuda_graph_compute: CUDA graph warmup complete
CUDA Graph id 3012 reused
CUDA Graph id 3012 reused
CUDA Graph id 3012 reused
CUDA Graph id 3012 reused
CUDA Graph id 3012 reused
CUDA Graph id 3012 reused
CUDA Graph id 3012 reused
~llama_context:      CUDA0 compute buffer size is 304.0000 MiB, matches expectation of 304.0000 MiB
~llama_context:  CUDA_Host compute buffer size is  14.7637 MiB, matches expectation of  14.7637 MiB
llama_context: constructing llama_context
llama_context: n_seq_max     = 1
llama_context: n_ctx         = 768
llama_context: n_ctx_seq     = 768
llama_context: n_batch       = 646
llama_context: n_ubatch      = 512
llama_context: causal_attn   = 1
llama_context: flash_attn    = auto
llama_context: kv_unified    = false
llama_context: freq_base     = 1000000.0
llama_context: freq_scale    = 1
llama_context: n_rs_seq      = 0
llama_context: n_outputs_max = 646
llama_context: n_ctx_seq (768) < n_ctx_train (32768) -- the full capacity of the model will not be utilized
set_abort_callback: call
llama_context:  CUDA_Host  output buffer size =     0.58 MiB
llama_kv_cache: layer   0: dev = CPU
llama_kv_cache: layer   1: dev = CPU
llama_kv_cache: layer   2: dev = CPU
llama_kv_cache: layer   3: dev = CUDA0
llama_kv_cache: layer   4: dev = CUDA0
llama_kv_cache: layer   5: dev = CUDA0
llama_kv_cache: layer   6: dev = CUDA0
llama_kv_cache: layer   7: dev = CUDA0
llama_kv_cache: layer   8: dev = CUDA0
llama_kv_cache: layer   9: dev = CUDA0
llama_kv_cache: layer  10: dev = CUDA0
llama_kv_cache: layer  11: dev = CUDA0
llama_kv_cache: layer  12: dev = CUDA0
llama_kv_cache: layer  13: dev = CUDA0
llama_kv_cache: layer  14: dev = CUDA0
llama_kv_cache: layer  15: dev = CUDA0
llama_kv_cache: layer  16: dev = CUDA0
llama_kv_cache: layer  17: dev = CUDA0
llama_kv_cache: layer  18: dev = CUDA0
llama_kv_cache: layer  19: dev = CUDA0
llama_kv_cache: layer  20: dev = CUDA0
llama_kv_cache: layer  21: dev = CUDA0
llama_kv_cache: layer  22: dev = CUDA0
llama_kv_cache: layer  23: dev = CUDA0
llama_kv_cache: layer  24: dev = CUDA0
llama_kv_cache: layer  25: dev = CUDA0
llama_kv_cache: layer  26: dev = CUDA0
llama_kv_cache: layer  27: dev = CUDA0
llama_kv_cache:        CPU KV buffer size =     4.50 MiB
llama_kv_cache:      CUDA0 KV buffer size =    37.50 MiB
llama_kv_cache: size =   42.00 MiB (   768 cells,  28 layers,  1/1 seqs), K (f16):   21.00 MiB, V (f16):   21.00 MiB
llama_kv_cache: attn_rot_k = 0, n_embd_head_k_all = 128
llama_kv_cache: attn_rot_v = 0, n_embd_head_k_all = 128
llama_context: enumerating backends
llama_context: backend_ptrs.size() = 2
sched_reserve: reserving ...
sched_reserve: max_nodes = 2712
sched_reserve: reserving full memory module
sched_reserve: worst-case: n_tokens = 512, n_seqs = 1, n_outputs = 1
graph_reserve: reserving a graph for ubatch with n_tokens =    1, n_seqs =  1, n_outputs =    1
sched_reserve: Flash Attention was auto, set to enabled
sched_reserve: resolving fused Gated Delta Net support:
graph_reserve: reserving a graph for ubatch with n_tokens =    1, n_seqs =  1, n_outputs =    1
sched_reserve: fused Gated Delta Net (autoregressive) enabled
graph_reserve: reserving a graph for ubatch with n_tokens =   16, n_seqs =  1, n_outputs =   16
sched_reserve: fused Gated Delta Net (chunked) enabled
graph_reserve: reserving a graph for ubatch with n_tokens =  512, n_seqs =  1, n_outputs =  512
graph_reserve: reserving a graph for ubatch with n_tokens =    1, n_seqs =  1, n_outputs =    1
graph_reserve: reserving a graph for ubatch with n_tokens =  512, n_seqs =  1, n_outputs =  512
sched_reserve:      CUDA0 compute buffer size =   304.00 MiB
sched_reserve:  CUDA_Host compute buffer size =    14.76 MiB
sched_reserve: graph nodes  = 958
sched_reserve: graph splits = 44 (with bs=512), 2 (with bs=1)
sched_reserve: reserve took 13.56 ms, sched copies = 1
CUDA Graph id 3162 reused
ggml_backend_cuda_graph_compute: CUDA graph warmup complete
CUDA Graph id 3162 reused
CUDA Graph id 3162 reused
CUDA Graph id 3162 reused
~llama_context:      CUDA0 compute buffer size is 304.0000 MiB, matches expectation of 304.0000 MiB
~llama_context:  CUDA_Host compute buffer size is  14.7637 MiB, matches expectation of  14.7637 MiB
llama_context: constructing llama_context
llama_context: n_seq_max     = 1
llama_context: n_ctx         = 768
llama_context: n_ctx_seq     = 768
llama_context: n_batch       = 646
llama_context: n_ubatch      = 512
llama_context: causal_attn   = 1
llama_context: flash_attn    = auto
llama_context: kv_unified    = false
llama_context: freq_base     = 1000000.0
llama_context: freq_scale    = 1
llama_context: n_rs_seq      = 0
llama_context: n_outputs_max = 646
llama_context: n_ctx_seq (768) < n_ctx_train (32768) -- the full capacity of the model will not be utilized
set_abort_callback: call
llama_context:  CUDA_Host  output buffer size =     0.58 MiB
llama_kv_cache: layer   0: dev = CPU
llama_kv_cache: layer   1: dev = CPU
llama_kv_cache: layer   2: dev = CPU
llama_kv_cache: layer   3: dev = CUDA0
llama_kv_cache: layer   4: dev = CUDA0
llama_kv_cache: layer   5: dev = CUDA0
llama_kv_cache: layer   6: dev = CUDA0
llama_kv_cache: layer   7: dev = CUDA0
llama_kv_cache: layer   8: dev = CUDA0
llama_kv_cache: layer   9: dev = CUDA0
llama_kv_cache: layer  10: dev = CUDA0
llama_kv_cache: layer  11: dev = CUDA0
llama_kv_cache: layer  12: dev = CUDA0
llama_kv_cache: layer  13: dev = CUDA0
llama_kv_cache: layer  14: dev = CUDA0
llama_kv_cache: layer  15: dev = CUDA0
llama_kv_cache: layer  16: dev = CUDA0
llama_kv_cache: layer  17: dev = CUDA0
llama_kv_cache: layer  18: dev = CUDA0
llama_kv_cache: layer  19: dev = CUDA0
llama_kv_cache: layer  20: dev = CUDA0
llama_kv_cache: layer  21: dev = CUDA0
llama_kv_cache: layer  22: dev = CUDA0
llama_kv_cache: layer  23: dev = CUDA0
llama_kv_cache: layer  24: dev = CUDA0
llama_kv_cache: layer  25: dev = CUDA0
llama_kv_cache: layer  26: dev = CUDA0
llama_kv_cache: layer  27: dev = CUDA0
llama_kv_cache:        CPU KV buffer size =     4.50 MiB
llama_kv_cache:      CUDA0 KV buffer size =    37.50 MiB
llama_kv_cache: size =   42.00 MiB (   768 cells,  28 layers,  1/1 seqs), K (f16):   21.00 MiB, V (f16):   21.00 MiB
llama_kv_cache: attn_rot_k = 0, n_embd_head_k_all = 128
llama_kv_cache: attn_rot_v = 0, n_embd_head_k_all = 128
llama_context: enumerating backends
llama_context: backend_ptrs.size() = 2
sched_reserve: reserving ...
sched_reserve: max_nodes = 2712
sched_reserve: reserving full memory module
sched_reserve: worst-case: n_tokens = 512, n_seqs = 1, n_outputs = 1
graph_reserve: reserving a graph for ubatch with n_tokens =    1, n_seqs =  1, n_outputs =    1
sched_reserve: Flash Attention was auto, set to enabled
sched_reserve: resolving fused Gated Delta Net support:
graph_reserve: reserving a graph for ubatch with n_tokens =    1, n_seqs =  1, n_outputs =    1
sched_reserve: fused Gated Delta Net (autoregressive) enabled
graph_reserve: reserving a graph for ubatch with n_tokens =   16, n_seqs =  1, n_outputs =   16
sched_reserve: fused Gated Delta Net (chunked) enabled
graph_reserve: reserving a graph for ubatch with n_tokens =  512, n_seqs =  1, n_outputs =  512
graph_reserve: reserving a graph for ubatch with n_tokens =    1, n_seqs =  1, n_outputs =    1
graph_reserve: reserving a graph for ubatch with n_tokens =  512, n_seqs =  1, n_outputs =  512
sched_reserve:      CUDA0 compute buffer size =   304.00 MiB
sched_reserve:  CUDA_Host compute buffer size =    14.76 MiB
sched_reserve: graph nodes  = 958
sched_reserve: graph splits = 44 (with bs=512), 2 (with bs=1)
sched_reserve: reserve took 13.66 ms, sched copies = 1
CUDA Graph id 3312 reused
ggml_backend_cuda_graph_compute: CUDA graph warmup complete
CUDA Graph id 3312 reused
CUDA Graph id 3312 reused
CUDA Graph id 3312 reused
CUDA Graph id 3312 reused
CUDA Graph id 3312 reused
CUDA Graph id 3312 reused
CUDA Graph id 3312 reused
~llama_context:      CUDA0 compute buffer size is 304.0000 MiB, matches expectation of 304.0000 MiB
~llama_context:  CUDA_Host compute buffer size is  14.7637 MiB, matches expectation of  14.7637 MiB
llama_context: constructing llama_context
llama_context: n_seq_max     = 1
llama_context: n_ctx         = 768
llama_context: n_ctx_seq     = 768
llama_context: n_batch       = 646
llama_context: n_ubatch      = 512
llama_context: causal_attn   = 1
llama_context: flash_attn    = auto
llama_context: kv_unified    = false
llama_context: freq_base     = 1000000.0
llama_context: freq_scale    = 1
llama_context: n_rs_seq      = 0
llama_context: n_outputs_max = 646
llama_context: n_ctx_seq (768) < n_ctx_train (32768) -- the full capacity of the model will not be utilized
set_abort_callback: call
llama_context:  CUDA_Host  output buffer size =     0.58 MiB
llama_kv_cache: layer   0: dev = CPU
llama_kv_cache: layer   1: dev = CPU
llama_kv_cache: layer   2: dev = CPU
llama_kv_cache: layer   3: dev = CUDA0
llama_kv_cache: layer   4: dev = CUDA0
llama_kv_cache: layer   5: dev = CUDA0
llama_kv_cache: layer   6: dev = CUDA0
llama_kv_cache: layer   7: dev = CUDA0
llama_kv_cache: layer   8: dev = CUDA0
llama_kv_cache: layer   9: dev = CUDA0
llama_kv_cache: layer  10: dev = CUDA0
llama_kv_cache: layer  11: dev = CUDA0
llama_kv_cache: layer  12: dev = CUDA0
llama_kv_cache: layer  13: dev = CUDA0
llama_kv_cache: layer  14: dev = CUDA0
llama_kv_cache: layer  15: dev = CUDA0
llama_kv_cache: layer  16: dev = CUDA0
llama_kv_cache: layer  17: dev = CUDA0
llama_kv_cache: layer  18: dev = CUDA0
llama_kv_cache: layer  19: dev = CUDA0
llama_kv_cache: layer  20: dev = CUDA0
llama_kv_cache: layer  21: dev = CUDA0
llama_kv_cache: layer  22: dev = CUDA0
llama_kv_cache: layer  23: dev = CUDA0
llama_kv_cache: layer  24: dev = CUDA0
llama_kv_cache: layer  25: dev = CUDA0
llama_kv_cache: layer  26: dev = CUDA0
llama_kv_cache: layer  27: dev = CUDA0
llama_kv_cache:        CPU KV buffer size =     4.50 MiB
llama_kv_cache:      CUDA0 KV buffer size =    37.50 MiB
llama_kv_cache: size =   42.00 MiB (   768 cells,  28 layers,  1/1 seqs), K (f16):   21.00 MiB, V (f16):   21.00 MiB
llama_kv_cache: attn_rot_k = 0, n_embd_head_k_all = 128
llama_kv_cache: attn_rot_v = 0, n_embd_head_k_all = 128
llama_context: enumerating backends
llama_context: backend_ptrs.size() = 2
sched_reserve: reserving ...
sched_reserve: max_nodes = 2712
sched_reserve: reserving full memory module
sched_reserve: worst-case: n_tokens = 512, n_seqs = 1, n_outputs = 1
graph_reserve: reserving a graph for ubatch with n_tokens =    1, n_seqs =  1, n_outputs =    1
sched_reserve: Flash Attention was auto, set to enabled
sched_reserve: resolving fused Gated Delta Net support:
graph_reserve: reserving a graph for ubatch with n_tokens =    1, n_seqs =  1, n_outputs =    1
sched_reserve: fused Gated Delta Net (autoregressive) enabled
graph_reserve: reserving a graph for ubatch with n_tokens =   16, n_seqs =  1, n_outputs =   16
sched_reserve: fused Gated Delta Net (chunked) enabled
graph_reserve: reserving a graph for ubatch with n_tokens =  512, n_seqs =  1, n_outputs =  512
graph_reserve: reserving a graph for ubatch with n_tokens =    1, n_seqs =  1, n_outputs =    1
graph_reserve: reserving a graph for ubatch with n_tokens =  512, n_seqs =  1, n_outputs =  512
sched_reserve:      CUDA0 compute buffer size =   304.00 MiB
sched_reserve:  CUDA_Host compute buffer size =    14.76 MiB
sched_reserve: graph nodes  = 958
sched_reserve: graph splits = 44 (with bs=512), 2 (with bs=1)
sched_reserve: reserve took 13.32 ms, sched copies = 1
CUDA Graph id 3462 reused
ggml_backend_cuda_graph_compute: CUDA graph warmup complete
CUDA Graph id 3462 reused
CUDA Graph id 3462 reused
CUDA Graph id 3462 reused
~llama_context:      CUDA0 compute buffer size is 304.0000 MiB, matches expectation of 304.0000 MiB
~llama_context:  CUDA_Host compute buffer size is  14.7637 MiB, matches expectation of  14.7637 MiB
llama_context: constructing llama_context
llama_context: n_seq_max     = 1
llama_context: n_ctx         = 768
llama_context: n_ctx_seq     = 768
llama_context: n_batch       = 646
llama_context: n_ubatch      = 512
llama_context: causal_attn   = 1
llama_context: flash_attn    = auto
llama_context: kv_unified    = false
llama_context: freq_base     = 1000000.0
llama_context: freq_scale    = 1
llama_context: n_rs_seq      = 0
llama_context: n_outputs_max = 646
llama_context: n_ctx_seq (768) < n_ctx_train (32768) -- the full capacity of the model will not be utilized
set_abort_callback: call
llama_context:  CUDA_Host  output buffer size =     0.58 MiB
llama_kv_cache: layer   0: dev = CPU
llama_kv_cache: layer   1: dev = CPU
llama_kv_cache: layer   2: dev = CPU
llama_kv_cache: layer   3: dev = CUDA0
llama_kv_cache: layer   4: dev = CUDA0
llama_kv_cache: layer   5: dev = CUDA0
llama_kv_cache: layer   6: dev = CUDA0
llama_kv_cache: layer   7: dev = CUDA0
llama_kv_cache: layer   8: dev = CUDA0
llama_kv_cache: layer   9: dev = CUDA0
llama_kv_cache: layer  10: dev = CUDA0
llama_kv_cache: layer  11: dev = CUDA0
llama_kv_cache: layer  12: dev = CUDA0
llama_kv_cache: layer  13: dev = CUDA0
llama_kv_cache: layer  14: dev = CUDA0
llama_kv_cache: layer  15: dev = CUDA0
llama_kv_cache: layer  16: dev = CUDA0
llama_kv_cache: layer  17: dev = CUDA0
llama_kv_cache: layer  18: dev = CUDA0
llama_kv_cache: layer  19: dev = CUDA0
llama_kv_cache: layer  20: dev = CUDA0
llama_kv_cache: layer  21: dev = CUDA0
llama_kv_cache: layer  22: dev = CUDA0
llama_kv_cache: layer  23: dev = CUDA0
llama_kv_cache: layer  24: dev = CUDA0
llama_kv_cache: layer  25: dev = CUDA0
llama_kv_cache: layer  26: dev = CUDA0
llama_kv_cache: layer  27: dev = CUDA0
llama_kv_cache:        CPU KV buffer size =     4.50 MiB
llama_kv_cache:      CUDA0 KV buffer size =    37.50 MiB
llama_kv_cache: size =   42.00 MiB (   768 cells,  28 layers,  1/1 seqs), K (f16):   21.00 MiB, V (f16):   21.00 MiB
llama_kv_cache: attn_rot_k = 0, n_embd_head_k_all = 128
llama_kv_cache: attn_rot_v = 0, n_embd_head_k_all = 128
llama_context: enumerating backends
llama_context: backend_ptrs.size() = 2
sched_reserve: reserving ...
sched_reserve: max_nodes = 2712
sched_reserve: reserving full memory module
sched_reserve: worst-case: n_tokens = 512, n_seqs = 1, n_outputs = 1
graph_reserve: reserving a graph for ubatch with n_tokens =    1, n_seqs =  1, n_outputs =    1
sched_reserve: Flash Attention was auto, set to enabled
sched_reserve: resolving fused Gated Delta Net support:
graph_reserve: reserving a graph for ubatch with n_tokens =    1, n_seqs =  1, n_outputs =    1
sched_reserve: fused Gated Delta Net (autoregressive) enabled
graph_reserve: reserving a graph for ubatch with n_tokens =   16, n_seqs =  1, n_outputs =   16
sched_reserve: fused Gated Delta Net (chunked) enabled
graph_reserve: reserving a graph for ubatch with n_tokens =  512, n_seqs =  1, n_outputs =  512
graph_reserve: reserving a graph for ubatch with n_tokens =    1, n_seqs =  1, n_outputs =    1
graph_reserve: reserving a graph for ubatch with n_tokens =  512, n_seqs =  1, n_outputs =  512
sched_reserve:      CUDA0 compute buffer size =   304.00 MiB
sched_reserve:  CUDA_Host compute buffer size =    14.76 MiB
sched_reserve: graph nodes  = 958
sched_reserve: graph splits = 44 (with bs=512), 2 (with bs=1)
sched_reserve: reserve took 12.98 ms, sched copies = 1
CUDA Graph id 3612 reused
ggml_backend_cuda_graph_compute: CUDA graph warmup complete
CUDA Graph id 3612 reused
CUDA Graph id 3612 reused
CUDA Graph id 3612 reused
CUDA Graph id 3612 reused
CUDA Graph id 3612 reused
CUDA Graph id 3612 reused
~llama_context:      CUDA0 compute buffer size is 304.0000 MiB, matches expectation of 304.0000 MiB
~llama_context:  CUDA_Host compute buffer size is  14.7637 MiB, matches expectation of  14.7637 MiB
schema 79/100 done
llama_context: constructing llama_context
llama_context: n_seq_max     = 1
llama_context: n_ctx         = 768
llama_context: n_ctx_seq     = 768
llama_context: n_batch       = 722
llama_context: n_ubatch      = 512
llama_context: causal_attn   = 1
llama_context: flash_attn    = auto
llama_context: kv_unified    = false
llama_context: freq_base     = 1000000.0
llama_context: freq_scale    = 1
llama_context: n_rs_seq      = 0
llama_context: n_outputs_max = 722
llama_context: n_ctx_seq (768) < n_ctx_train (32768) -- the full capacity of the model will not be utilized
set_abort_callback: call
llama_context:  CUDA_Host  output buffer size =     0.58 MiB
llama_kv_cache: layer   0: dev = CPU
llama_kv_cache: layer   1: dev = CPU
llama_kv_cache: layer   2: dev = CPU
llama_kv_cache: layer   3: dev = CUDA0
llama_kv_cache: layer   4: dev = CUDA0
llama_kv_cache: layer   5: dev = CUDA0
llama_kv_cache: layer   6: dev = CUDA0
llama_kv_cache: layer   7: dev = CUDA0
llama_kv_cache: layer   8: dev = CUDA0
llama_kv_cache: layer   9: dev = CUDA0
llama_kv_cache: layer  10: dev = CUDA0
llama_kv_cache: layer  11: dev = CUDA0
llama_kv_cache: layer  12: dev = CUDA0
llama_kv_cache: layer  13: dev = CUDA0
llama_kv_cache: layer  14: dev = CUDA0
llama_kv_cache: layer  15: dev = CUDA0
llama_kv_cache: layer  16: dev = CUDA0
llama_kv_cache: layer  17: dev = CUDA0
llama_kv_cache: layer  18: dev = CUDA0
llama_kv_cache: layer  19: dev = CUDA0
llama_kv_cache: layer  20: dev = CUDA0
llama_kv_cache: layer  21: dev = CUDA0
llama_kv_cache: layer  22: dev = CUDA0
llama_kv_cache: layer  23: dev = CUDA0
llama_kv_cache: layer  24: dev = CUDA0
llama_kv_cache: layer  25: dev = CUDA0
llama_kv_cache: layer  26: dev = CUDA0
llama_kv_cache: layer  27: dev = CUDA0
llama_kv_cache:        CPU KV buffer size =     4.50 MiB
llama_kv_cache:      CUDA0 KV buffer size =    37.50 MiB
llama_kv_cache: size =   42.00 MiB (   768 cells,  28 layers,  1/1 seqs), K (f16):   21.00 MiB, V (f16):   21.00 MiB
llama_kv_cache: attn_rot_k = 0, n_embd_head_k_all = 128
llama_kv_cache: attn_rot_v = 0, n_embd_head_k_all = 128
llama_context: enumerating backends
llama_context: backend_ptrs.size() = 2
sched_reserve: reserving ...
sched_reserve: max_nodes = 2712
sched_reserve: reserving full memory module
sched_reserve: worst-case: n_tokens = 512, n_seqs = 1, n_outputs = 1
graph_reserve: reserving a graph for ubatch with n_tokens =    1, n_seqs =  1, n_outputs =    1
sched_reserve: Flash Attention was auto, set to enabled
sched_reserve: resolving fused Gated Delta Net support:
graph_reserve: reserving a graph for ubatch with n_tokens =    1, n_seqs =  1, n_outputs =    1
sched_reserve: fused Gated Delta Net (autoregressive) enabled
graph_reserve: reserving a graph for ubatch with n_tokens =   16, n_seqs =  1, n_outputs =   16
sched_reserve: fused Gated Delta Net (chunked) enabled
graph_reserve: reserving a graph for ubatch with n_tokens =  512, n_seqs =  1, n_outputs =  512
graph_reserve: reserving a graph for ubatch with n_tokens =    1, n_seqs =  1, n_outputs =    1
graph_reserve: reserving a graph for ubatch with n_tokens =  512, n_seqs =  1, n_outputs =  512
sched_reserve:      CUDA0 compute buffer size =   304.00 MiB
sched_reserve:  CUDA_Host compute buffer size =    14.76 MiB
sched_reserve: graph nodes  = 958
sched_reserve: graph splits = 44 (with bs=512), 2 (with bs=1)
sched_reserve: reserve took 13.12 ms, sched copies = 1
CUDA Graph id 3762 reused
ggml_backend_cuda_graph_compute: CUDA graph warmup complete
CUDA Graph id 3762 reused
CUDA Graph id 3762 reused
CUDA Graph id 3762 reused
CUDA Graph id 3762 reused
CUDA Graph id 3762 reused
CUDA Graph id 3762 reused
CUDA Graph id 3762 reused
CUDA Graph id 3762 reused
CUDA Graph id 3762 reused
CUDA Graph id 3762 reused
CUDA Graph id 3762 reused
CUDA Graph id 3762 reused
CUDA Graph id 3762 reused
CUDA Graph id 3762 reused
CUDA Graph id 3762 reused
CUDA Graph id 3762 reused
CUDA Graph id 3762 reused
CUDA Graph id 3762 reused
CUDA Graph id 3762 reused
CUDA Graph id 3762 reused
CUDA Graph id 3762 reused
CUDA Graph id 3762 reused
CUDA Graph id 3762 reused
CUDA Graph id 3762 reused
CUDA Graph id 3762 reused
CUDA Graph id 3762 reused
CUDA Graph id 3762 reused
CUDA Graph id 3762 reused
CUDA Graph id 3762 reused
~llama_context:      CUDA0 compute buffer size is 304.0000 MiB, matches expectation of 304.0000 MiB
~llama_context:  CUDA_Host compute buffer size is  14.7637 MiB, matches expectation of  14.7637 MiB
llama_context: constructing llama_context
llama_context: n_seq_max     = 1
llama_context: n_ctx         = 768
llama_context: n_ctx_seq     = 768
llama_context: n_batch       = 722
llama_context: n_ubatch      = 512
llama_context: causal_attn   = 1
llama_context: flash_attn    = auto
llama_context: kv_unified    = false
llama_context: freq_base     = 1000000.0
llama_context: freq_scale    = 1
llama_context: n_rs_seq      = 0
llama_context: n_outputs_max = 722
llama_context: n_ctx_seq (768) < n_ctx_train (32768) -- the full capacity of the model will not be utilized
set_abort_callback: call
llama_context:  CUDA_Host  output buffer size =     0.58 MiB
llama_kv_cache: layer   0: dev = CPU
llama_kv_cache: layer   1: dev = CPU
llama_kv_cache: layer   2: dev = CPU
llama_kv_cache: layer   3: dev = CUDA0
llama_kv_cache: layer   4: dev = CUDA0
llama_kv_cache: layer   5: dev = CUDA0
llama_kv_cache: layer   6: dev = CUDA0
llama_kv_cache: layer   7: dev = CUDA0
llama_kv_cache: layer   8: dev = CUDA0
llama_kv_cache: layer   9: dev = CUDA0
llama_kv_cache: layer  10: dev = CUDA0
llama_kv_cache: layer  11: dev = CUDA0
llama_kv_cache: layer  12: dev = CUDA0
llama_kv_cache: layer  13: dev = CUDA0
llama_kv_cache: layer  14: dev = CUDA0
llama_kv_cache: layer  15: dev = CUDA0
llama_kv_cache: layer  16: dev = CUDA0
llama_kv_cache: layer  17: dev = CUDA0
llama_kv_cache: layer  18: dev = CUDA0
llama_kv_cache: layer  19: dev = CUDA0
llama_kv_cache: layer  20: dev = CUDA0
llama_kv_cache: layer  21: dev = CUDA0
llama_kv_cache: layer  22: dev = CUDA0
llama_kv_cache: layer  23: dev = CUDA0
llama_kv_cache: layer  24: dev = CUDA0
llama_kv_cache: layer  25: dev = CUDA0
llama_kv_cache: layer  26: dev = CUDA0
llama_kv_cache: layer  27: dev = CUDA0
llama_kv_cache:        CPU KV buffer size =     4.50 MiB
llama_kv_cache:      CUDA0 KV buffer size =    37.50 MiB
llama_kv_cache: size =   42.00 MiB (   768 cells,  28 layers,  1/1 seqs), K (f16):   21.00 MiB, V (f16):   21.00 MiB
llama_kv_cache: attn_rot_k = 0, n_embd_head_k_all = 128
llama_kv_cache: attn_rot_v = 0, n_embd_head_k_all = 128
llama_context: enumerating backends
llama_context: backend_ptrs.size() = 2
sched_reserve: reserving ...
sched_reserve: max_nodes = 2712
sched_reserve: reserving full memory module
sched_reserve: worst-case: n_tokens = 512, n_seqs = 1, n_outputs = 1
graph_reserve: reserving a graph for ubatch with n_tokens =    1, n_seqs =  1, n_outputs =    1
sched_reserve: Flash Attention was auto, set to enabled
sched_reserve: resolving fused Gated Delta Net support:
graph_reserve: reserving a graph for ubatch with n_tokens =    1, n_seqs =  1, n_outputs =    1
sched_reserve: fused Gated Delta Net (autoregressive) enabled
graph_reserve: reserving a graph for ubatch with n_tokens =   16, n_seqs =  1, n_outputs =   16
sched_reserve: fused Gated Delta Net (chunked) enabled
graph_reserve: reserving a graph for ubatch with n_tokens =  512, n_seqs =  1, n_outputs =  512
graph_reserve: reserving a graph for ubatch with n_tokens =    1, n_seqs =  1, n_outputs =    1
graph_reserve: reserving a graph for ubatch with n_tokens =  512, n_seqs =  1, n_outputs =  512
sched_reserve:      CUDA0 compute buffer size =   304.00 MiB
sched_reserve:  CUDA_Host compute buffer size =    14.76 MiB
sched_reserve: graph nodes  = 958
sched_reserve: graph splits = 44 (with bs=512), 2 (with bs=1)
sched_reserve: reserve took 17.19 ms, sched copies = 1
CUDA Graph id 3912 reused
ggml_backend_cuda_graph_compute: CUDA graph warmup complete
CUDA Graph id 3912 reused
CUDA Graph id 3912 reused
CUDA Graph id 3912 reused
CUDA Graph id 3912 reused
CUDA Graph id 3912 reused
CUDA Graph id 3912 reused
CUDA Graph id 3912 reused
CUDA Graph id 3912 reused
CUDA Graph id 3912 reused
CUDA Graph id 3912 reused
CUDA Graph id 3912 reused
CUDA Graph id 3912 reused
CUDA Graph id 3912 reused
CUDA Graph id 3912 reused
CUDA Graph id 3912 reused
CUDA Graph id 3912 reused
CUDA Graph id 3912 reused
CUDA Graph id 3912 reused
CUDA Graph id 3912 reused
CUDA Graph id 3912 reused
CUDA Graph id 3912 reused
CUDA Graph id 3912 reused
CUDA Graph id 3912 reused
CUDA Graph id 3912 reused
CUDA Graph id 3912 reused
CUDA Graph id 3912 reused
CUDA Graph id 3912 reused
CUDA Graph id 3912 reused
CUDA Graph id 3912 reused
~llama_context:      CUDA0 compute buffer size is 304.0000 MiB, matches expectation of 304.0000 MiB
~llama_context:  CUDA_Host compute buffer size is  14.7637 MiB, matches expectation of  14.7637 MiB
llama_context: constructing llama_context
llama_context: n_seq_max     = 1
llama_context: n_ctx         = 768
llama_context: n_ctx_seq     = 768
llama_context: n_batch       = 722
llama_context: n_ubatch      = 512
llama_context: causal_attn   = 1
llama_context: flash_attn    = auto
llama_context: kv_unified    = false
llama_context: freq_base     = 1000000.0
llama_context: freq_scale    = 1
llama_context: n_rs_seq      = 0
llama_context: n_outputs_max = 722
llama_context: n_ctx_seq (768) < n_ctx_train (32768) -- the full capacity of the model will not be utilized
set_abort_callback: call
llama_context:  CUDA_Host  output buffer size =     0.58 MiB
llama_kv_cache: layer   0: dev = CPU
llama_kv_cache: layer   1: dev = CPU
llama_kv_cache: layer   2: dev = CPU
llama_kv_cache: layer   3: dev = CUDA0
llama_kv_cache: layer   4: dev = CUDA0
llama_kv_cache: layer   5: dev = CUDA0
llama_kv_cache: layer   6: dev = CUDA0
llama_kv_cache: layer   7: dev = CUDA0
llama_kv_cache: layer   8: dev = CUDA0
llama_kv_cache: layer   9: dev = CUDA0
llama_kv_cache: layer  10: dev = CUDA0
llama_kv_cache: layer  11: dev = CUDA0
llama_kv_cache: layer  12: dev = CUDA0
llama_kv_cache: layer  13: dev = CUDA0
llama_kv_cache: layer  14: dev = CUDA0
llama_kv_cache: layer  15: dev = CUDA0
llama_kv_cache: layer  16: dev = CUDA0
llama_kv_cache: layer  17: dev = CUDA0
llama_kv_cache: layer  18: dev = CUDA0
llama_kv_cache: layer  19: dev = CUDA0
llama_kv_cache: layer  20: dev = CUDA0
llama_kv_cache: layer  21: dev = CUDA0
llama_kv_cache: layer  22: dev = CUDA0
llama_kv_cache: layer  23: dev = CUDA0
llama_kv_cache: layer  24: dev = CUDA0
llama_kv_cache: layer  25: dev = CUDA0
llama_kv_cache: layer  26: dev = CUDA0
llama_kv_cache: layer  27: dev = CUDA0
llama_kv_cache:        CPU KV buffer size =     4.50 MiB
llama_kv_cache:      CUDA0 KV buffer size =    37.50 MiB
llama_kv_cache: size =   42.00 MiB (   768 cells,  28 layers,  1/1 seqs), K (f16):   21.00 MiB, V (f16):   21.00 MiB
llama_kv_cache: attn_rot_k = 0, n_embd_head_k_all = 128
llama_kv_cache: attn_rot_v = 0, n_embd_head_k_all = 128
llama_context: enumerating backends
llama_context: backend_ptrs.size() = 2
sched_reserve: reserving ...
sched_reserve: max_nodes = 2712
sched_reserve: reserving full memory module
sched_reserve: worst-case: n_tokens = 512, n_seqs = 1, n_outputs = 1
graph_reserve: reserving a graph for ubatch with n_tokens =    1, n_seqs =  1, n_outputs =    1
sched_reserve: Flash Attention was auto, set to enabled
sched_reserve: resolving fused Gated Delta Net support:
graph_reserve: reserving a graph for ubatch with n_tokens =    1, n_seqs =  1, n_outputs =    1
sched_reserve: fused Gated Delta Net (autoregressive) enabled
graph_reserve: reserving a graph for ubatch with n_tokens =   16, n_seqs =  1, n_outputs =   16
sched_reserve: fused Gated Delta Net (chunked) enabled
graph_reserve: reserving a graph for ubatch with n_tokens =  512, n_seqs =  1, n_outputs =  512
graph_reserve: reserving a graph for ubatch with n_tokens =    1, n_seqs =  1, n_outputs =    1
graph_reserve: reserving a graph for ubatch with n_tokens =  512, n_seqs =  1, n_outputs =  512
sched_reserve:      CUDA0 compute buffer size =   304.00 MiB
sched_reserve:  CUDA_Host compute buffer size =    14.76 MiB
sched_reserve: graph nodes  = 958
sched_reserve: graph splits = 44 (with bs=512), 2 (with bs=1)
sched_reserve: reserve took 14.27 ms, sched copies = 1
CUDA Graph id 4062 reused
ggml_backend_cuda_graph_compute: CUDA graph warmup complete
CUDA Graph id 4062 reused
CUDA Graph id 4062 reused
CUDA Graph id 4062 reused
CUDA Graph id 4062 reused
CUDA Graph id 4062 reused
CUDA Graph id 4062 reused
CUDA Graph id 4062 reused
CUDA Graph id 4062 reused
CUDA Graph id 4062 reused
CUDA Graph id 4062 reused
CUDA Graph id 4062 reused
CUDA Graph id 4062 reused
CUDA Graph id 4062 reused
CUDA Graph id 4062 reused
CUDA Graph id 4062 reused
CUDA Graph id 4062 reused
CUDA Graph id 4062 reused
CUDA Graph id 4062 reused
CUDA Graph id 4062 reused
CUDA Graph id 4062 reused
CUDA Graph id 4062 reused
CUDA Graph id 4062 reused
CUDA Graph id 4062 reused
CUDA Graph id 4062 reused
CUDA Graph id 4062 reused
CUDA Graph id 4062 reused
CUDA Graph id 4062 reused
CUDA Graph id 4062 reused
CUDA Graph id 4062 reused
~llama_context:      CUDA0 compute buffer size is 304.0000 MiB, matches expectation of 304.0000 MiB
~llama_context:  CUDA_Host compute buffer size is  14.7637 MiB, matches expectation of  14.7637 MiB
llama_context: constructing llama_context
llama_context: n_seq_max     = 1
llama_context: n_ctx         = 768
llama_context: n_ctx_seq     = 768
llama_context: n_batch       = 722
llama_context: n_ubatch      = 512
llama_context: causal_attn   = 1
llama_context: flash_attn    = auto
llama_context: kv_unified    = false
llama_context: freq_base     = 1000000.0
llama_context: freq_scale    = 1
llama_context: n_rs_seq      = 0
llama_context: n_outputs_max = 722
llama_context: n_ctx_seq (768) < n_ctx_train (32768) -- the full capacity of the model will not be utilized
set_abort_callback: call
llama_context:  CUDA_Host  output buffer size =     0.58 MiB
llama_kv_cache: layer   0: dev = CPU
llama_kv_cache: layer   1: dev = CPU
llama_kv_cache: layer   2: dev = CPU
llama_kv_cache: layer   3: dev = CUDA0
llama_kv_cache: layer   4: dev = CUDA0
llama_kv_cache: layer   5: dev = CUDA0
llama_kv_cache: layer   6: dev = CUDA0
llama_kv_cache: layer   7: dev = CUDA0
llama_kv_cache: layer   8: dev = CUDA0
llama_kv_cache: layer   9: dev = CUDA0
llama_kv_cache: layer  10: dev = CUDA0
llama_kv_cache: layer  11: dev = CUDA0
llama_kv_cache: layer  12: dev = CUDA0
llama_kv_cache: layer  13: dev = CUDA0
llama_kv_cache: layer  14: dev = CUDA0
llama_kv_cache: layer  15: dev = CUDA0
llama_kv_cache: layer  16: dev = CUDA0
llama_kv_cache: layer  17: dev = CUDA0
llama_kv_cache: layer  18: dev = CUDA0
llama_kv_cache: layer  19: dev = CUDA0
llama_kv_cache: layer  20: dev = CUDA0
llama_kv_cache: layer  21: dev = CUDA0
llama_kv_cache: layer  22: dev = CUDA0
llama_kv_cache: layer  23: dev = CUDA0
llama_kv_cache: layer  24: dev = CUDA0
llama_kv_cache: layer  25: dev = CUDA0
llama_kv_cache: layer  26: dev = CUDA0
llama_kv_cache: layer  27: dev = CUDA0
llama_kv_cache:        CPU KV buffer size =     4.50 MiB
llama_kv_cache:      CUDA0 KV buffer size =    37.50 MiB
llama_kv_cache: size =   42.00 MiB (   768 cells,  28 layers,  1/1 seqs), K (f16):   21.00 MiB, V (f16):   21.00 MiB
llama_kv_cache: attn_rot_k = 0, n_embd_head_k_all = 128
llama_kv_cache: attn_rot_v = 0, n_embd_head_k_all = 128
llama_context: enumerating backends
llama_context: backend_ptrs.size() = 2
sched_reserve: reserving ...
sched_reserve: max_nodes = 2712
sched_reserve: reserving full memory module
sched_reserve: worst-case: n_tokens = 512, n_seqs = 1, n_outputs = 1
graph_reserve: reserving a graph for ubatch with n_tokens =    1, n_seqs =  1, n_outputs =    1
sched_reserve: Flash Attention was auto, set to enabled
sched_reserve: resolving fused Gated Delta Net support:
graph_reserve: reserving a graph for ubatch with n_tokens =    1, n_seqs =  1, n_outputs =    1
sched_reserve: fused Gated Delta Net (autoregressive) enabled
graph_reserve: reserving a graph for ubatch with n_tokens =   16, n_seqs =  1, n_outputs =   16
sched_reserve: fused Gated Delta Net (chunked) enabled
graph_reserve: reserving a graph for ubatch with n_tokens =  512, n_seqs =  1, n_outputs =  512
graph_reserve: reserving a graph for ubatch with n_tokens =    1, n_seqs =  1, n_outputs =    1
graph_reserve: reserving a graph for ubatch with n_tokens =  512, n_seqs =  1, n_outputs =  512
sched_reserve:      CUDA0 compute buffer size =   304.00 MiB
sched_reserve:  CUDA_Host compute buffer size =    14.76 MiB
sched_reserve: graph nodes  = 958
sched_reserve: graph splits = 44 (with bs=512), 2 (with bs=1)
sched_reserve: reserve took 12.74 ms, sched copies = 1
CUDA Graph id 4212 reused
ggml_backend_cuda_graph_compute: CUDA graph warmup complete
CUDA Graph id 4212 reused
CUDA Graph id 4212 reused
CUDA Graph id 4212 reused
CUDA Graph id 4212 reused
CUDA Graph id 4212 reused
CUDA Graph id 4212 reused
CUDA Graph id 4212 reused
CUDA Graph id 4212 reused
CUDA Graph id 4212 reused
CUDA Graph id 4212 reused
CUDA Graph id 4212 reused
CUDA Graph id 4212 reused
CUDA Graph id 4212 reused
CUDA Graph id 4212 reused
CUDA Graph id 4212 reused
CUDA Graph id 4212 reused
CUDA Graph id 4212 reused
CUDA Graph id 4212 reused
CUDA Graph id 4212 reused
CUDA Graph id 4212 reused
CUDA Graph id 4212 reused
CUDA Graph id 4212 reused
CUDA Graph id 4212 reused
CUDA Graph id 4212 reused
CUDA Graph id 4212 reused
CUDA Graph id 4212 reused
CUDA Graph id 4212 reused
CUDA Graph id 4212 reused
CUDA Graph id 4212 reused
~llama_context:      CUDA0 compute buffer size is 304.0000 MiB, matches expectation of 304.0000 MiB
~llama_context:  CUDA_Host compute buffer size is  14.7637 MiB, matches expectation of  14.7637 MiB
llama_context: constructing llama_context
llama_context: n_seq_max     = 1
llama_context: n_ctx         = 768
llama_context: n_ctx_seq     = 768
llama_context: n_batch       = 722
llama_context: n_ubatch      = 512
llama_context: causal_attn   = 1
llama_context: flash_attn    = auto
llama_context: kv_unified    = false
llama_context: freq_base     = 1000000.0
llama_context: freq_scale    = 1
llama_context: n_rs_seq      = 0
llama_context: n_outputs_max = 722
llama_context: n_ctx_seq (768) < n_ctx_train (32768) -- the full capacity of the model will not be utilized
set_abort_callback: call
llama_context:  CUDA_Host  output buffer size =     0.58 MiB
llama_kv_cache: layer   0: dev = CPU
llama_kv_cache: layer   1: dev = CPU
llama_kv_cache: layer   2: dev = CPU
llama_kv_cache: layer   3: dev = CUDA0
llama_kv_cache: layer   4: dev = CUDA0
llama_kv_cache: layer   5: dev = CUDA0
llama_kv_cache: layer   6: dev = CUDA0
llama_kv_cache: layer   7: dev = CUDA0
llama_kv_cache: layer   8: dev = CUDA0
llama_kv_cache: layer   9: dev = CUDA0
llama_kv_cache: layer  10: dev = CUDA0
llama_kv_cache: layer  11: dev = CUDA0
llama_kv_cache: layer  12: dev = CUDA0
llama_kv_cache: layer  13: dev = CUDA0
llama_kv_cache: layer  14: dev = CUDA0
llama_kv_cache: layer  15: dev = CUDA0
llama_kv_cache: layer  16: dev = CUDA0
llama_kv_cache: layer  17: dev = CUDA0
llama_kv_cache: layer  18: dev = CUDA0
llama_kv_cache: layer  19: dev = CUDA0
llama_kv_cache: layer  20: dev = CUDA0
llama_kv_cache: layer  21: dev = CUDA0
llama_kv_cache: layer  22: dev = CUDA0
llama_kv_cache: layer  23: dev = CUDA0
llama_kv_cache: layer  24: dev = CUDA0
llama_kv_cache: layer  25: dev = CUDA0
llama_kv_cache: layer  26: dev = CUDA0
llama_kv_cache: layer  27: dev = CUDA0
llama_kv_cache:        CPU KV buffer size =     4.50 MiB
llama_kv_cache:      CUDA0 KV buffer size =    37.50 MiB
llama_kv_cache: size =   42.00 MiB (   768 cells,  28 layers,  1/1 seqs), K (f16):   21.00 MiB, V (f16):   21.00 MiB
llama_kv_cache: attn_rot_k = 0, n_embd_head_k_all = 128
llama_kv_cache: attn_rot_v = 0, n_embd_head_k_all = 128
llama_context: enumerating backends
llama_context: backend_ptrs.size() = 2
sched_reserve: reserving ...
sched_reserve: max_nodes = 2712
sched_reserve: reserving full memory module
sched_reserve: worst-case: n_tokens = 512, n_seqs = 1, n_outputs = 1
graph_reserve: reserving a graph for ubatch with n_tokens =    1, n_seqs =  1, n_outputs =    1
sched_reserve: Flash Attention was auto, set to enabled
sched_reserve: resolving fused Gated Delta Net support:
graph_reserve: reserving a graph for ubatch with n_tokens =    1, n_seqs =  1, n_outputs =    1
sched_reserve: fused Gated Delta Net (autoregressive) enabled
graph_reserve: reserving a graph for ubatch with n_tokens =   16, n_seqs =  1, n_outputs =   16
sched_reserve: fused Gated Delta Net (chunked) enabled
graph_reserve: reserving a graph for ubatch with n_tokens =  512, n_seqs =  1, n_outputs =  512
graph_reserve: reserving a graph for ubatch with n_tokens =    1, n_seqs =  1, n_outputs =    1
graph_reserve: reserving a graph for ubatch with n_tokens =  512, n_seqs =  1, n_outputs =  512
sched_reserve:      CUDA0 compute buffer size =   304.00 MiB
sched_reserve:  CUDA_Host compute buffer size =    14.76 MiB
sched_reserve: graph nodes  = 958
sched_reserve: graph splits = 44 (with bs=512), 2 (with bs=1)
sched_reserve: reserve took 16.22 ms, sched copies = 1
CUDA Graph id 4362 reused
ggml_backend_cuda_graph_compute: CUDA graph warmup complete
CUDA Graph id 4362 reused
CUDA Graph id 4362 reused
CUDA Graph id 4362 reused
CUDA Graph id 4362 reused
CUDA Graph id 4362 reused
CUDA Graph id 4362 reused
CUDA Graph id 4362 reused
CUDA Graph id 4362 reused
CUDA Graph id 4362 reused
CUDA Graph id 4362 reused
CUDA Graph id 4362 reused
CUDA Graph id 4362 reused
CUDA Graph id 4362 reused
CUDA Graph id 4362 reused
CUDA Graph id 4362 reused
CUDA Graph id 4362 reused
CUDA Graph id 4362 reused
CUDA Graph id 4362 reused
CUDA Graph id 4362 reused
CUDA Graph id 4362 reused
CUDA Graph id 4362 reused
CUDA Graph id 4362 reused
CUDA Graph id 4362 reused
CUDA Graph id 4362 reused
~llama_context:      CUDA0 compute buffer size is 304.0000 MiB, matches expectation of 304.0000 MiB
~llama_context:  CUDA_Host compute buffer size is  14.7637 MiB, matches expectation of  14.7637 MiB
llama_context: constructing llama_context
llama_context: n_seq_max     = 1
llama_context: n_ctx         = 768
llama_context: n_ctx_seq     = 768
llama_context: n_batch       = 722
llama_context: n_ubatch      = 512
llama_context: causal_attn   = 1
llama_context: flash_attn    = auto
llama_context: kv_unified    = false
llama_context: freq_base     = 1000000.0
llama_context: freq_scale    = 1
llama_context: n_rs_seq      = 0
llama_context: n_outputs_max = 722
llama_context: n_ctx_seq (768) < n_ctx_train (32768) -- the full capacity of the model will not be utilized
set_abort_callback: call
llama_context:  CUDA_Host  output buffer size =     0.58 MiB
llama_kv_cache: layer   0: dev = CPU
llama_kv_cache: layer   1: dev = CPU
llama_kv_cache: layer   2: dev = CPU
llama_kv_cache: layer   3: dev = CUDA0
llama_kv_cache: layer   4: dev = CUDA0
llama_kv_cache: layer   5: dev = CUDA0
llama_kv_cache: layer   6: dev = CUDA0
llama_kv_cache: layer   7: dev = CUDA0
llama_kv_cache: layer   8: dev = CUDA0
llama_kv_cache: layer   9: dev = CUDA0
llama_kv_cache: layer  10: dev = CUDA0
llama_kv_cache: layer  11: dev = CUDA0
llama_kv_cache: layer  12: dev = CUDA0
llama_kv_cache: layer  13: dev = CUDA0
llama_kv_cache: layer  14: dev = CUDA0
llama_kv_cache: layer  15: dev = CUDA0
llama_kv_cache: layer  16: dev = CUDA0
llama_kv_cache: layer  17: dev = CUDA0
llama_kv_cache: layer  18: dev = CUDA0
llama_kv_cache: layer  19: dev = CUDA0
llama_kv_cache: layer  20: dev = CUDA0
llama_kv_cache: layer  21: dev = CUDA0
llama_kv_cache: layer  22: dev = CUDA0
llama_kv_cache: layer  23: dev = CUDA0
llama_kv_cache: layer  24: dev = CUDA0
llama_kv_cache: layer  25: dev = CUDA0
llama_kv_cache: layer  26: dev = CUDA0
llama_kv_cache: layer  27: dev = CUDA0
llama_kv_cache:        CPU KV buffer size =     4.50 MiB
llama_kv_cache:      CUDA0 KV buffer size =    37.50 MiB
llama_kv_cache: size =   42.00 MiB (   768 cells,  28 layers,  1/1 seqs), K (f16):   21.00 MiB, V (f16):   21.00 MiB
llama_kv_cache: attn_rot_k = 0, n_embd_head_k_all = 128
llama_kv_cache: attn_rot_v = 0, n_embd_head_k_all = 128
llama_context: enumerating backends
llama_context: backend_ptrs.size() = 2
sched_reserve: reserving ...
sched_reserve: max_nodes = 2712
sched_reserve: reserving full memory module
sched_reserve: worst-case: n_tokens = 512, n_seqs = 1, n_outputs = 1
graph_reserve: reserving a graph for ubatch with n_tokens =    1, n_seqs =  1, n_outputs =    1
sched_reserve: Flash Attention was auto, set to enabled
sched_reserve: resolving fused Gated Delta Net support:
graph_reserve: reserving a graph for ubatch with n_tokens =    1, n_seqs =  1, n_outputs =    1
sched_reserve: fused Gated Delta Net (autoregressive) enabled
graph_reserve: reserving a graph for ubatch with n_tokens =   16, n_seqs =  1, n_outputs =   16
sched_reserve: fused Gated Delta Net (chunked) enabled
graph_reserve: reserving a graph for ubatch with n_tokens =  512, n_seqs =  1, n_outputs =  512
graph_reserve: reserving a graph for ubatch with n_tokens =    1, n_seqs =  1, n_outputs =    1
graph_reserve: reserving a graph for ubatch with n_tokens =  512, n_seqs =  1, n_outputs =  512
sched_reserve:      CUDA0 compute buffer size =   304.00 MiB
sched_reserve:  CUDA_Host compute buffer size =    14.76 MiB
sched_reserve: graph nodes  = 958
sched_reserve: graph splits = 44 (with bs=512), 2 (with bs=1)
sched_reserve: reserve took 16.53 ms, sched copies = 1
CUDA Graph id 4512 reused
ggml_backend_cuda_graph_compute: CUDA graph warmup complete
CUDA Graph id 4512 reused
CUDA Graph id 4512 reused
CUDA Graph id 4512 reused
CUDA Graph id 4512 reused
CUDA Graph id 4512 reused
CUDA Graph id 4512 reused
CUDA Graph id 4512 reused
CUDA Graph id 4512 reused
CUDA Graph id 4512 reused
CUDA Graph id 4512 reused
CUDA Graph id 4512 reused
CUDA Graph id 4512 reused
CUDA Graph id 4512 reused
CUDA Graph id 4512 reused
CUDA Graph id 4512 reused
CUDA Graph id 4512 reused
CUDA Graph id 4512 reused
CUDA Graph id 4512 reused
CUDA Graph id 4512 reused
CUDA Graph id 4512 reused
CUDA Graph id 4512 reused
CUDA Graph id 4512 reused
CUDA Graph id 4512 reused
CUDA Graph id 4512 reused
CUDA Graph id 4512 reused
~llama_context:      CUDA0 compute buffer size is 304.0000 MiB, matches expectation of 304.0000 MiB
~llama_context:  CUDA_Host compute buffer size is  14.7637 MiB, matches expectation of  14.7637 MiB
schema 80/100 done
llama_context: constructing llama_context
llama_context: n_seq_max     = 1
llama_context: n_ctx         = 768
llama_context: n_ctx_seq     = 768
llama_context: n_batch       = 674
llama_context: n_ubatch      = 512
llama_context: causal_attn   = 1
llama_context: flash_attn    = auto
llama_context: kv_unified    = false
llama_context: freq_base     = 1000000.0
llama_context: freq_scale    = 1
llama_context: n_rs_seq      = 0
llama_context: n_outputs_max = 674
llama_context: n_ctx_seq (768) < n_ctx_train (32768) -- the full capacity of the model will not be utilized
set_abort_callback: call
llama_context:  CUDA_Host  output buffer size =     0.58 MiB
llama_kv_cache: layer   0: dev = CPU
llama_kv_cache: layer   1: dev = CPU
llama_kv_cache: layer   2: dev = CPU
llama_kv_cache: layer   3: dev = CUDA0
llama_kv_cache: layer   4: dev = CUDA0
llama_kv_cache: layer   5: dev = CUDA0
llama_kv_cache: layer   6: dev = CUDA0
llama_kv_cache: layer   7: dev = CUDA0
llama_kv_cache: layer   8: dev = CUDA0
llama_kv_cache: layer   9: dev = CUDA0
llama_kv_cache: layer  10: dev = CUDA0
llama_kv_cache: layer  11: dev = CUDA0
llama_kv_cache: layer  12: dev = CUDA0
llama_kv_cache: layer  13: dev = CUDA0
llama_kv_cache: layer  14: dev = CUDA0
llama_kv_cache: layer  15: dev = CUDA0
llama_kv_cache: layer  16: dev = CUDA0
llama_kv_cache: layer  17: dev = CUDA0
llama_kv_cache: layer  18: dev = CUDA0
llama_kv_cache: layer  19: dev = CUDA0
llama_kv_cache: layer  20: dev = CUDA0
llama_kv_cache: layer  21: dev = CUDA0
llama_kv_cache: layer  22: dev = CUDA0
llama_kv_cache: layer  23: dev = CUDA0
llama_kv_cache: layer  24: dev = CUDA0
llama_kv_cache: layer  25: dev = CUDA0
llama_kv_cache: layer  26: dev = CUDA0
llama_kv_cache: layer  27: dev = CUDA0
llama_kv_cache:        CPU KV buffer size =     4.50 MiB
llama_kv_cache:      CUDA0 KV buffer size =    37.50 MiB
llama_kv_cache: size =   42.00 MiB (   768 cells,  28 layers,  1/1 seqs), K (f16):   21.00 MiB, V (f16):   21.00 MiB
llama_kv_cache: attn_rot_k = 0, n_embd_head_k_all = 128
llama_kv_cache: attn_rot_v = 0, n_embd_head_k_all = 128
llama_context: enumerating backends
llama_context: backend_ptrs.size() = 2
sched_reserve: reserving ...
sched_reserve: max_nodes = 2712
sched_reserve: reserving full memory module
sched_reserve: worst-case: n_tokens = 512, n_seqs = 1, n_outputs = 1
graph_reserve: reserving a graph for ubatch with n_tokens =    1, n_seqs =  1, n_outputs =    1
sched_reserve: Flash Attention was auto, set to enabled
sched_reserve: resolving fused Gated Delta Net support:
graph_reserve: reserving a graph for ubatch with n_tokens =    1, n_seqs =  1, n_outputs =    1
sched_reserve: fused Gated Delta Net (autoregressive) enabled
graph_reserve: reserving a graph for ubatch with n_tokens =   16, n_seqs =  1, n_outputs =   16
sched_reserve: fused Gated Delta Net (chunked) enabled
graph_reserve: reserving a graph for ubatch with n_tokens =  512, n_seqs =  1, n_outputs =  512
graph_reserve: reserving a graph for ubatch with n_tokens =    1, n_seqs =  1, n_outputs =    1
graph_reserve: reserving a graph for ubatch with n_tokens =  512, n_seqs =  1, n_outputs =  512
sched_reserve:      CUDA0 compute buffer size =   304.00 MiB
sched_reserve:  CUDA_Host compute buffer size =    14.76 MiB
sched_reserve: graph nodes  = 958
sched_reserve: graph splits = 44 (with bs=512), 2 (with bs=1)
sched_reserve: reserve took 15.87 ms, sched copies = 1
CUDA Graph id 4662 reused
ggml_backend_cuda_graph_compute: CUDA graph warmup complete
CUDA Graph id 4662 reused
CUDA Graph id 4662 reused
CUDA Graph id 4662 reused
CUDA Graph id 4662 reused
CUDA Graph id 4662 reused
CUDA Graph id 4662 reused
CUDA Graph id 4662 reused
CUDA Graph id 4662 reused
CUDA Graph id 4662 reused
CUDA Graph id 4662 reused
CUDA Graph id 4662 reused
CUDA Graph id 4662 reused
CUDA Graph id 4662 reused
CUDA Graph id 4662 reused
CUDA Graph id 4662 reused
CUDA Graph id 4662 reused
CUDA Graph id 4662 reused
CUDA Graph id 4662 reused
CUDA Graph id 4662 reused
CUDA Graph id 4662 reused
CUDA Graph id 4662 reused
CUDA Graph id 4662 reused
CUDA Graph id 4662 reused
CUDA Graph id 4662 reused
CUDA Graph id 4662 reused
CUDA Graph id 4662 reused
CUDA Graph id 4662 reused
CUDA Graph id 4662 reused
CUDA Graph id 4662 reused
CUDA Graph id 4662 reused
CUDA Graph id 4662 reused
CUDA Graph id 4662 reused
CUDA Graph id 4662 reused
CUDA Graph id 4662 reused
CUDA Graph id 4662 reused
CUDA Graph id 4662 reused
CUDA Graph id 4662 reused
CUDA Graph id 4662 reused
~llama_context:      CUDA0 compute buffer size is 304.0000 MiB, matches expectation of 304.0000 MiB
~llama_context:  CUDA_Host compute buffer size is  14.7637 MiB, matches expectation of  14.7637 MiB
llama_context: constructing llama_context
llama_context: n_seq_max     = 1
llama_context: n_ctx         = 768
llama_context: n_ctx_seq     = 768
llama_context: n_batch       = 674
llama_context: n_ubatch      = 512
llama_context: causal_attn   = 1
llama_context: flash_attn    = auto
llama_context: kv_unified    = false
llama_context: freq_base     = 1000000.0
llama_context: freq_scale    = 1
llama_context: n_rs_seq      = 0
llama_context: n_outputs_max = 674
llama_context: n_ctx_seq (768) < n_ctx_train (32768) -- the full capacity of the model will not be utilized
set_abort_callback: call
llama_context:  CUDA_Host  output buffer size =     0.58 MiB
llama_kv_cache: layer   0: dev = CPU
llama_kv_cache: layer   1: dev = CPU
llama_kv_cache: layer   2: dev = CPU
llama_kv_cache: layer   3: dev = CUDA0
llama_kv_cache: layer   4: dev = CUDA0
llama_kv_cache: layer   5: dev = CUDA0
llama_kv_cache: layer   6: dev = CUDA0
llama_kv_cache: layer   7: dev = CUDA0
llama_kv_cache: layer   8: dev = CUDA0
llama_kv_cache: layer   9: dev = CUDA0
llama_kv_cache: layer  10: dev = CUDA0
llama_kv_cache: layer  11: dev = CUDA0
llama_kv_cache: layer  12: dev = CUDA0
llama_kv_cache: layer  13: dev = CUDA0
llama_kv_cache: layer  14: dev = CUDA0
llama_kv_cache: layer  15: dev = CUDA0
llama_kv_cache: layer  16: dev = CUDA0
llama_kv_cache: layer  17: dev = CUDA0
llama_kv_cache: layer  18: dev = CUDA0
llama_kv_cache: layer  19: dev = CUDA0
llama_kv_cache: layer  20: dev = CUDA0
llama_kv_cache: layer  21: dev = CUDA0
llama_kv_cache: layer  22: dev = CUDA0
llama_kv_cache: layer  23: dev = CUDA0
llama_kv_cache: layer  24: dev = CUDA0
llama_kv_cache: layer  25: dev = CUDA0
llama_kv_cache: layer  26: dev = CUDA0
llama_kv_cache: layer  27: dev = CUDA0
llama_kv_cache:        CPU KV buffer size =     4.50 MiB
llama_kv_cache:      CUDA0 KV buffer size =    37.50 MiB
llama_kv_cache: size =   42.00 MiB (   768 cells,  28 layers,  1/1 seqs), K (f16):   21.00 MiB, V (f16):   21.00 MiB
llama_kv_cache: attn_rot_k = 0, n_embd_head_k_all = 128
llama_kv_cache: attn_rot_v = 0, n_embd_head_k_all = 128
llama_context: enumerating backends
llama_context: backend_ptrs.size() = 2
sched_reserve: reserving ...
sched_reserve: max_nodes = 2712
sched_reserve: reserving full memory module
sched_reserve: worst-case: n_tokens = 512, n_seqs = 1, n_outputs = 1
graph_reserve: reserving a graph for ubatch with n_tokens =    1, n_seqs =  1, n_outputs =    1
sched_reserve: Flash Attention was auto, set to enabled
sched_reserve: resolving fused Gated Delta Net support:
graph_reserve: reserving a graph for ubatch with n_tokens =    1, n_seqs =  1, n_outputs =    1
sched_reserve: fused Gated Delta Net (autoregressive) enabled
graph_reserve: reserving a graph for ubatch with n_tokens =   16, n_seqs =  1, n_outputs =   16
sched_reserve: fused Gated Delta Net (chunked) enabled
graph_reserve: reserving a graph for ubatch with n_tokens =  512, n_seqs =  1, n_outputs =  512
graph_reserve: reserving a graph for ubatch with n_tokens =    1, n_seqs =  1, n_outputs =    1
graph_reserve: reserving a graph for ubatch with n_tokens =  512, n_seqs =  1, n_outputs =  512
sched_reserve:      CUDA0 compute buffer size =   304.00 MiB
sched_reserve:  CUDA_Host compute buffer size =    14.76 MiB
sched_reserve: graph nodes  = 958
sched_reserve: graph splits = 44 (with bs=512), 2 (with bs=1)
sched_reserve: reserve took 10.86 ms, sched copies = 1
CUDA Graph id 4812 reused
ggml_backend_cuda_graph_compute: CUDA graph warmup complete
CUDA Graph id 4812 reused
CUDA Graph id 4812 reused
CUDA Graph id 4812 reused
CUDA Graph id 4812 reused
CUDA Graph id 4812 reused
CUDA Graph id 4812 reused
CUDA Graph id 4812 reused
CUDA Graph id 4812 reused
CUDA Graph id 4812 reused
CUDA Graph id 4812 reused
CUDA Graph id 4812 reused
CUDA Graph id 4812 reused
CUDA Graph id 4812 reused
CUDA Graph id 4812 reused
CUDA Graph id 4812 reused
CUDA Graph id 4812 reused
CUDA Graph id 4812 reused
CUDA Graph id 4812 reused
CUDA Graph id 4812 reused
CUDA Graph id 4812 reused
CUDA Graph id 4812 reused
CUDA Graph id 4812 reused
CUDA Graph id 4812 reused
CUDA Graph id 4812 reused
CUDA Graph id 4812 reused
CUDA Graph id 4812 reused
CUDA Graph id 4812 reused
CUDA Graph id 4812 reused
CUDA Graph id 4812 reused
CUDA Graph id 4812 reused
CUDA Graph id 4812 reused
CUDA Graph id 4812 reused
CUDA Graph id 4812 reused
CUDA Graph id 4812 reused
CUDA Graph id 4812 reused
CUDA Graph id 4812 reused
CUDA Graph id 4812 reused
CUDA Graph id 4812 reused
~llama_context:      CUDA0 compute buffer size is 304.0000 MiB, matches expectation of 304.0000 MiB
~llama_context:  CUDA_Host compute buffer size is  14.7637 MiB, matches expectation of  14.7637 MiB
llama_context: constructing llama_context
llama_context: n_seq_max     = 1
llama_context: n_ctx         = 768
llama_context: n_ctx_seq     = 768
llama_context: n_batch       = 674
llama_context: n_ubatch      = 512
llama_context: causal_attn   = 1
llama_context: flash_attn    = auto
llama_context: kv_unified    = false
llama_context: freq_base     = 1000000.0
llama_context: freq_scale    = 1
llama_context: n_rs_seq      = 0
llama_context: n_outputs_max = 674
llama_context: n_ctx_seq (768) < n_ctx_train (32768) -- the full capacity of the model will not be utilized
set_abort_callback: call
llama_context:  CUDA_Host  output buffer size =     0.58 MiB
llama_kv_cache: layer   0: dev = CPU
llama_kv_cache: layer   1: dev = CPU
llama_kv_cache: layer   2: dev = CPU
llama_kv_cache: layer   3: dev = CUDA0
llama_kv_cache: layer   4: dev = CUDA0
llama_kv_cache: layer   5: dev = CUDA0
llama_kv_cache: layer   6: dev = CUDA0
llama_kv_cache: layer   7: dev = CUDA0
llama_kv_cache: layer   8: dev = CUDA0
llama_kv_cache: layer   9: dev = CUDA0
llama_kv_cache: layer  10: dev = CUDA0
llama_kv_cache: layer  11: dev = CUDA0
llama_kv_cache: layer  12: dev = CUDA0
llama_kv_cache: layer  13: dev = CUDA0
llama_kv_cache: layer  14: dev = CUDA0
llama_kv_cache: layer  15: dev = CUDA0
llama_kv_cache: layer  16: dev = CUDA0
llama_kv_cache: layer  17: dev = CUDA0
llama_kv_cache: layer  18: dev = CUDA0
llama_kv_cache: layer  19: dev = CUDA0
llama_kv_cache: layer  20: dev = CUDA0
llama_kv_cache: layer  21: dev = CUDA0
llama_kv_cache: layer  22: dev = CUDA0
llama_kv_cache: layer  23: dev = CUDA0
llama_kv_cache: layer  24: dev = CUDA0
llama_kv_cache: layer  25: dev = CUDA0
llama_kv_cache: layer  26: dev = CUDA0
llama_kv_cache: layer  27: dev = CUDA0
llama_kv_cache:        CPU KV buffer size =     4.50 MiB
llama_kv_cache:      CUDA0 KV buffer size =    37.50 MiB
llama_kv_cache: size =   42.00 MiB (   768 cells,  28 layers,  1/1 seqs), K (f16):   21.00 MiB, V (f16):   21.00 MiB
llama_kv_cache: attn_rot_k = 0, n_embd_head_k_all = 128
llama_kv_cache: attn_rot_v = 0, n_embd_head_k_all = 128
llama_context: enumerating backends
llama_context: backend_ptrs.size() = 2
sched_reserve: reserving ...
sched_reserve: max_nodes = 2712
sched_reserve: reserving full memory module
sched_reserve: worst-case: n_tokens = 512, n_seqs = 1, n_outputs = 1
graph_reserve: reserving a graph for ubatch with n_tokens =    1, n_seqs =  1, n_outputs =    1
sched_reserve: Flash Attention was auto, set to enabled
sched_reserve: resolving fused Gated Delta Net support:
graph_reserve: reserving a graph for ubatch with n_tokens =    1, n_seqs =  1, n_outputs =    1
sched_reserve: fused Gated Delta Net (autoregressive) enabled
graph_reserve: reserving a graph for ubatch with n_tokens =   16, n_seqs =  1, n_outputs =   16
sched_reserve: fused Gated Delta Net (chunked) enabled
graph_reserve: reserving a graph for ubatch with n_tokens =  512, n_seqs =  1, n_outputs =  512
graph_reserve: reserving a graph for ubatch with n_tokens =    1, n_seqs =  1, n_outputs =    1
graph_reserve: reserving a graph for ubatch with n_tokens =  512, n_seqs =  1, n_outputs =  512
sched_reserve:      CUDA0 compute buffer size =   304.00 MiB
sched_reserve:  CUDA_Host compute buffer size =    14.76 MiB
sched_reserve: graph nodes  = 958
sched_reserve: graph splits = 44 (with bs=512), 2 (with bs=1)
sched_reserve: reserve took 14.67 ms, sched copies = 1
CUDA Graph id 4962 reused
ggml_backend_cuda_graph_compute: CUDA graph warmup complete
CUDA Graph id 4962 reused
CUDA Graph id 4962 reused
CUDA Graph id 4962 reused
CUDA Graph id 4962 reused
CUDA Graph id 4962 reused
CUDA Graph id 4962 reused
CUDA Graph id 4962 reused
CUDA Graph id 4962 reused
CUDA Graph id 4962 reused
CUDA Graph id 4962 reused
CUDA Graph id 4962 reused
CUDA Graph id 4962 reused
CUDA Graph id 4962 reused
CUDA Graph id 4962 reused
CUDA Graph id 4962 reused
CUDA Graph id 4962 reused
CUDA Graph id 4962 reused
CUDA Graph id 4962 reused
CUDA Graph id 4962 reused
CUDA Graph id 4962 reused
CUDA Graph id 4962 reused
CUDA Graph id 4962 reused
CUDA Graph id 4962 reused
CUDA Graph id 4962 reused
CUDA Graph id 4962 reused
CUDA Graph id 4962 reused
CUDA Graph id 4962 reused
CUDA Graph id 4962 reused
CUDA Graph id 4962 reused
CUDA Graph id 4962 reused
CUDA Graph id 4962 reused
CUDA Graph id 4962 reused
CUDA Graph id 4962 reused
CUDA Graph id 4962 reused
CUDA Graph id 4962 reused
CUDA Graph id 4962 reused
CUDA Graph id 4962 reused
CUDA Graph id 4962 reused
CUDA Graph id 4962 reused
CUDA Graph id 4962 reused
~llama_context:      CUDA0 compute buffer size is 304.0000 MiB, matches expectation of 304.0000 MiB
~llama_context:  CUDA_Host compute buffer size is  14.7637 MiB, matches expectation of  14.7637 MiB
llama_context: constructing llama_context
llama_context: n_seq_max     = 1
llama_context: n_ctx         = 768
llama_context: n_ctx_seq     = 768
llama_context: n_batch       = 674
llama_context: n_ubatch      = 512
llama_context: causal_attn   = 1
llama_context: flash_attn    = auto
llama_context: kv_unified    = false
llama_context: freq_base     = 1000000.0
llama_context: freq_scale    = 1
llama_context: n_rs_seq      = 0
llama_context: n_outputs_max = 674
llama_context: n_ctx_seq (768) < n_ctx_train (32768) -- the full capacity of the model will not be utilized
set_abort_callback: call
llama_context:  CUDA_Host  output buffer size =     0.58 MiB
llama_kv_cache: layer   0: dev = CPU
llama_kv_cache: layer   1: dev = CPU
llama_kv_cache: layer   2: dev = CPU
llama_kv_cache: layer   3: dev = CUDA0
llama_kv_cache: layer   4: dev = CUDA0
llama_kv_cache: layer   5: dev = CUDA0
llama_kv_cache: layer   6: dev = CUDA0
llama_kv_cache: layer   7: dev = CUDA0
llama_kv_cache: layer   8: dev = CUDA0
llama_kv_cache: layer   9: dev = CUDA0
llama_kv_cache: layer  10: dev = CUDA0
llama_kv_cache: layer  11: dev = CUDA0
llama_kv_cache: layer  12: dev = CUDA0
llama_kv_cache: layer  13: dev = CUDA0
llama_kv_cache: layer  14: dev = CUDA0
llama_kv_cache: layer  15: dev = CUDA0
llama_kv_cache: layer  16: dev = CUDA0
llama_kv_cache: layer  17: dev = CUDA0
llama_kv_cache: layer  18: dev = CUDA0
llama_kv_cache: layer  19: dev = CUDA0
llama_kv_cache: layer  20: dev = CUDA0
llama_kv_cache: layer  21: dev = CUDA0
llama_kv_cache: layer  22: dev = CUDA0
llama_kv_cache: layer  23: dev = CUDA0
llama_kv_cache: layer  24: dev = CUDA0
llama_kv_cache: layer  25: dev = CUDA0
llama_kv_cache: layer  26: dev = CUDA0
llama_kv_cache: layer  27: dev = CUDA0
llama_kv_cache:        CPU KV buffer size =     4.50 MiB
llama_kv_cache:      CUDA0 KV buffer size =    37.50 MiB
llama_kv_cache: size =   42.00 MiB (   768 cells,  28 layers,  1/1 seqs), K (f16):   21.00 MiB, V (f16):   21.00 MiB
llama_kv_cache: attn_rot_k = 0, n_embd_head_k_all = 128
llama_kv_cache: attn_rot_v = 0, n_embd_head_k_all = 128
llama_context: enumerating backends
llama_context: backend_ptrs.size() = 2
sched_reserve: reserving ...
sched_reserve: max_nodes = 2712
sched_reserve: reserving full memory module
sched_reserve: worst-case: n_tokens = 512, n_seqs = 1, n_outputs = 1
graph_reserve: reserving a graph for ubatch with n_tokens =    1, n_seqs =  1, n_outputs =    1
sched_reserve: Flash Attention was auto, set to enabled
sched_reserve: resolving fused Gated Delta Net support:
graph_reserve: reserving a graph for ubatch with n_tokens =    1, n_seqs =  1, n_outputs =    1
sched_reserve: fused Gated Delta Net (autoregressive) enabled
graph_reserve: reserving a graph for ubatch with n_tokens =   16, n_seqs =  1, n_outputs =   16
sched_reserve: fused Gated Delta Net (chunked) enabled
graph_reserve: reserving a graph for ubatch with n_tokens =  512, n_seqs =  1, n_outputs =  512
graph_reserve: reserving a graph for ubatch with n_tokens =    1, n_seqs =  1, n_outputs =    1
graph_reserve: reserving a graph for ubatch with n_tokens =  512, n_seqs =  1, n_outputs =  512
sched_reserve:      CUDA0 compute buffer size =   304.00 MiB
sched_reserve:  CUDA_Host compute buffer size =    14.76 MiB
sched_reserve: graph nodes  = 958
sched_reserve: graph splits = 44 (with bs=512), 2 (with bs=1)
sched_reserve: reserve took 10.87 ms, sched copies = 1
CUDA Graph id 5112 reused
ggml_backend_cuda_graph_compute: CUDA graph warmup complete
CUDA Graph id 5112 reused
CUDA Graph id 5112 reused
CUDA Graph id 5112 reused
CUDA Graph id 5112 reused
CUDA Graph id 5112 reused
CUDA Graph id 5112 reused
CUDA Graph id 5112 reused
CUDA Graph id 5112 reused
CUDA Graph id 5112 reused
CUDA Graph id 5112 reused
CUDA Graph id 5112 reused
CUDA Graph id 5112 reused
CUDA Graph id 5112 reused
CUDA Graph id 5112 reused
CUDA Graph id 5112 reused
CUDA Graph id 5112 reused
CUDA Graph id 5112 reused
CUDA Graph id 5112 reused
CUDA Graph id 5112 reused
CUDA Graph id 5112 reused
CUDA Graph id 5112 reused
CUDA Graph id 5112 reused
CUDA Graph id 5112 reused
CUDA Graph id 5112 reused
CUDA Graph id 5112 reused
CUDA Graph id 5112 reused
CUDA Graph id 5112 reused
CUDA Graph id 5112 reused
CUDA Graph id 5112 reused
CUDA Graph id 5112 reused
CUDA Graph id 5112 reused
CUDA Graph id 5112 reused
CUDA Graph id 5112 reused
CUDA Graph id 5112 reused
CUDA Graph id 5112 reused
CUDA Graph id 5112 reused
CUDA Graph id 5112 reused
CUDA Graph id 5112 reused
CUDA Graph id 5112 reused
CUDA Graph id 5112 reused
~llama_context:      CUDA0 compute buffer size is 304.0000 MiB, matches expectation of 304.0000 MiB
~llama_context:  CUDA_Host compute buffer size is  14.7637 MiB, matches expectation of  14.7637 MiB
llama_context: constructing llama_context
llama_context: n_seq_max     = 1
llama_context: n_ctx         = 768
llama_context: n_ctx_seq     = 768
llama_context: n_batch       = 674
llama_context: n_ubatch      = 512
llama_context: causal_attn   = 1
llama_context: flash_attn    = auto
llama_context: kv_unified    = false
llama_context: freq_base     = 1000000.0
llama_context: freq_scale    = 1
llama_context: n_rs_seq      = 0
llama_context: n_outputs_max = 674
llama_context: n_ctx_seq (768) < n_ctx_train (32768) -- the full capacity of the model will not be utilized
set_abort_callback: call
llama_context:  CUDA_Host  output buffer size =     0.58 MiB
llama_kv_cache: layer   0: dev = CPU
llama_kv_cache: layer   1: dev = CPU
llama_kv_cache: layer   2: dev = CPU
llama_kv_cache: layer   3: dev = CUDA0
llama_kv_cache: layer   4: dev = CUDA0
llama_kv_cache: layer   5: dev = CUDA0
llama_kv_cache: layer   6: dev = CUDA0
llama_kv_cache: layer   7: dev = CUDA0
llama_kv_cache: layer   8: dev = CUDA0
llama_kv_cache: layer   9: dev = CUDA0
llama_kv_cache: layer  10: dev = CUDA0
llama_kv_cache: layer  11: dev = CUDA0
llama_kv_cache: layer  12: dev = CUDA0
llama_kv_cache: layer  13: dev = CUDA0
llama_kv_cache: layer  14: dev = CUDA0
llama_kv_cache: layer  15: dev = CUDA0
llama_kv_cache: layer  16: dev = CUDA0
llama_kv_cache: layer  17: dev = CUDA0
llama_kv_cache: layer  18: dev = CUDA0
llama_kv_cache: layer  19: dev = CUDA0
llama_kv_cache: layer  20: dev = CUDA0
llama_kv_cache: layer  21: dev = CUDA0
llama_kv_cache: layer  22: dev = CUDA0
llama_kv_cache: layer  23: dev = CUDA0
llama_kv_cache: layer  24: dev = CUDA0
llama_kv_cache: layer  25: dev = CUDA0
llama_kv_cache: layer  26: dev = CUDA0
llama_kv_cache: layer  27: dev = CUDA0
llama_kv_cache:        CPU KV buffer size =     4.50 MiB
llama_kv_cache:      CUDA0 KV buffer size =    37.50 MiB
llama_kv_cache: size =   42.00 MiB (   768 cells,  28 layers,  1/1 seqs), K (f16):   21.00 MiB, V (f16):   21.00 MiB
llama_kv_cache: attn_rot_k = 0, n_embd_head_k_all = 128
llama_kv_cache: attn_rot_v = 0, n_embd_head_k_all = 128
llama_context: enumerating backends
llama_context: backend_ptrs.size() = 2
sched_reserve: reserving ...
sched_reserve: max_nodes = 2712
sched_reserve: reserving full memory module
sched_reserve: worst-case: n_tokens = 512, n_seqs = 1, n_outputs = 1
graph_reserve: reserving a graph for ubatch with n_tokens =    1, n_seqs =  1, n_outputs =    1
sched_reserve: Flash Attention was auto, set to enabled
sched_reserve: resolving fused Gated Delta Net support:
graph_reserve: reserving a graph for ubatch with n_tokens =    1, n_seqs =  1, n_outputs =    1
sched_reserve: fused Gated Delta Net (autoregressive) enabled
graph_reserve: reserving a graph for ubatch with n_tokens =   16, n_seqs =  1, n_outputs =   16
sched_reserve: fused Gated Delta Net (chunked) enabled
graph_reserve: reserving a graph for ubatch with n_tokens =  512, n_seqs =  1, n_outputs =  512
graph_reserve: reserving a graph for ubatch with n_tokens =    1, n_seqs =  1, n_outputs =    1
graph_reserve: reserving a graph for ubatch with n_tokens =  512, n_seqs =  1, n_outputs =  512
sched_reserve:      CUDA0 compute buffer size =   304.00 MiB
sched_reserve:  CUDA_Host compute buffer size =    14.76 MiB
sched_reserve: graph nodes  = 958
sched_reserve: graph splits = 44 (with bs=512), 2 (with bs=1)
sched_reserve: reserve took 12.07 ms, sched copies = 1
CUDA Graph id 5262 reused
ggml_backend_cuda_graph_compute: CUDA graph warmup complete
CUDA Graph id 5262 reused
CUDA Graph id 5262 reused
CUDA Graph id 5262 reused
CUDA Graph id 5262 reused
CUDA Graph id 5262 reused
CUDA Graph id 5262 reused
CUDA Graph id 5262 reused
CUDA Graph id 5262 reused
CUDA Graph id 5262 reused
CUDA Graph id 5262 reused
CUDA Graph id 5262 reused
CUDA Graph id 5262 reused
CUDA Graph id 5262 reused
CUDA Graph id 5262 reused
CUDA Graph id 5262 reused
CUDA Graph id 5262 reused
CUDA Graph id 5262 reused
CUDA Graph id 5262 reused
CUDA Graph id 5262 reused
~llama_context:      CUDA0 compute buffer size is 304.0000 MiB, matches expectation of 304.0000 MiB
~llama_context:  CUDA_Host compute buffer size is  14.7637 MiB, matches expectation of  14.7637 MiB
llama_context: constructing llama_context
llama_context: n_seq_max     = 1
llama_context: n_ctx         = 768
llama_context: n_ctx_seq     = 768
llama_context: n_batch       = 674
llama_context: n_ubatch      = 512
llama_context: causal_attn   = 1
llama_context: flash_attn    = auto
llama_context: kv_unified    = false
llama_context: freq_base     = 1000000.0
llama_context: freq_scale    = 1
llama_context: n_rs_seq      = 0
llama_context: n_outputs_max = 674
llama_context: n_ctx_seq (768) < n_ctx_train (32768) -- the full capacity of the model will not be utilized
set_abort_callback: call
llama_context:  CUDA_Host  output buffer size =     0.58 MiB
llama_kv_cache: layer   0: dev = CPU
llama_kv_cache: layer   1: dev = CPU
llama_kv_cache: layer   2: dev = CPU
llama_kv_cache: layer   3: dev = CUDA0
llama_kv_cache: layer   4: dev = CUDA0
llama_kv_cache: layer   5: dev = CUDA0
llama_kv_cache: layer   6: dev = CUDA0
llama_kv_cache: layer   7: dev = CUDA0
llama_kv_cache: layer   8: dev = CUDA0
llama_kv_cache: layer   9: dev = CUDA0
llama_kv_cache: layer  10: dev = CUDA0
llama_kv_cache: layer  11: dev = CUDA0
llama_kv_cache: layer  12: dev = CUDA0
llama_kv_cache: layer  13: dev = CUDA0
llama_kv_cache: layer  14: dev = CUDA0
llama_kv_cache: layer  15: dev = CUDA0
llama_kv_cache: layer  16: dev = CUDA0
llama_kv_cache: layer  17: dev = CUDA0
llama_kv_cache: layer  18: dev = CUDA0
llama_kv_cache: layer  19: dev = CUDA0
llama_kv_cache: layer  20: dev = CUDA0
llama_kv_cache: layer  21: dev = CUDA0
llama_kv_cache: layer  22: dev = CUDA0
llama_kv_cache: layer  23: dev = CUDA0
llama_kv_cache: layer  24: dev = CUDA0
llama_kv_cache: layer  25: dev = CUDA0
llama_kv_cache: layer  26: dev = CUDA0
llama_kv_cache: layer  27: dev = CUDA0
llama_kv_cache:        CPU KV buffer size =     4.50 MiB
llama_kv_cache:      CUDA0 KV buffer size =    37.50 MiB
llama_kv_cache: size =   42.00 MiB (   768 cells,  28 layers,  1/1 seqs), K (f16):   21.00 MiB, V (f16):   21.00 MiB
llama_kv_cache: attn_rot_k = 0, n_embd_head_k_all = 128
llama_kv_cache: attn_rot_v = 0, n_embd_head_k_all = 128
llama_context: enumerating backends
llama_context: backend_ptrs.size() = 2
sched_reserve: reserving ...
sched_reserve: max_nodes = 2712
sched_reserve: reserving full memory module
sched_reserve: worst-case: n_tokens = 512, n_seqs = 1, n_outputs = 1
graph_reserve: reserving a graph for ubatch with n_tokens =    1, n_seqs =  1, n_outputs =    1
sched_reserve: Flash Attention was auto, set to enabled
sched_reserve: resolving fused Gated Delta Net support:
graph_reserve: reserving a graph for ubatch with n_tokens =    1, n_seqs =  1, n_outputs =    1
sched_reserve: fused Gated Delta Net (autoregressive) enabled
graph_reserve: reserving a graph for ubatch with n_tokens =   16, n_seqs =  1, n_outputs =   16
sched_reserve: fused Gated Delta Net (chunked) enabled
graph_reserve: reserving a graph for ubatch with n_tokens =  512, n_seqs =  1, n_outputs =  512
graph_reserve: reserving a graph for ubatch with n_tokens =    1, n_seqs =  1, n_outputs =    1
graph_reserve: reserving a graph for ubatch with n_tokens =  512, n_seqs =  1, n_outputs =  512
sched_reserve:      CUDA0 compute buffer size =   304.00 MiB
sched_reserve:  CUDA_Host compute buffer size =    14.76 MiB
sched_reserve: graph nodes  = 958
sched_reserve: graph splits = 44 (with bs=512), 2 (with bs=1)
sched_reserve: reserve took 16.51 ms, sched copies = 1
CUDA Graph id 5412 reused
ggml_backend_cuda_graph_compute: CUDA graph warmup complete
CUDA Graph id 5412 reused
CUDA Graph id 5412 reused
CUDA Graph id 5412 reused
CUDA Graph id 5412 reused
CUDA Graph id 5412 reused
CUDA Graph id 5412 reused
CUDA Graph id 5412 reused
CUDA Graph id 5412 reused
CUDA Graph id 5412 reused
CUDA Graph id 5412 reused
CUDA Graph id 5412 reused
CUDA Graph id 5412 reused
CUDA Graph id 5412 reused
CUDA Graph id 5412 reused
CUDA Graph id 5412 reused
CUDA Graph id 5412 reused
CUDA Graph id 5412 reused
CUDA Graph id 5412 reused
CUDA Graph id 5412 reused
CUDA Graph id 5412 reused
CUDA Graph id 5412 reused
CUDA Graph id 5412 reused
CUDA Graph id 5412 reused
CUDA Graph id 5412 reused
CUDA Graph id 5412 reused
CUDA Graph id 5412 reused
CUDA Graph id 5412 reused
CUDA Graph id 5412 reused
CUDA Graph id 5412 reused
CUDA Graph id 5412 reused
CUDA Graph id 5412 reused
CUDA Graph id 5412 reused
CUDA Graph id 5412 reused
CUDA Graph id 5412 reused
~llama_context:      CUDA0 compute buffer size is 304.0000 MiB, matches expectation of 304.0000 MiB
~llama_context:  CUDA_Host compute buffer size is  14.7637 MiB, matches expectation of  14.7637 MiB
schema 81/100 done
llama_context: constructing llama_context
llama_context: n_seq_max     = 1
llama_context: n_ctx         = 768
llama_context: n_ctx_seq     = 768
llama_context: n_batch       = 730
llama_context: n_ubatch      = 512
llama_context: causal_attn   = 1
llama_context: flash_attn    = auto
llama_context: kv_unified    = false
llama_context: freq_base     = 1000000.0
llama_context: freq_scale    = 1
llama_context: n_rs_seq      = 0
llama_context: n_outputs_max = 730
llama_context: n_ctx_seq (768) < n_ctx_train (32768) -- the full capacity of the model will not be utilized
set_abort_callback: call
llama_context:  CUDA_Host  output buffer size =     0.58 MiB
llama_kv_cache: layer   0: dev = CPU
llama_kv_cache: layer   1: dev = CPU
llama_kv_cache: layer   2: dev = CPU
llama_kv_cache: layer   3: dev = CUDA0
llama_kv_cache: layer   4: dev = CUDA0
llama_kv_cache: layer   5: dev = CUDA0
llama_kv_cache: layer   6: dev = CUDA0
llama_kv_cache: layer   7: dev = CUDA0
llama_kv_cache: layer   8: dev = CUDA0
llama_kv_cache: layer   9: dev = CUDA0
llama_kv_cache: layer  10: dev = CUDA0
llama_kv_cache: layer  11: dev = CUDA0
llama_kv_cache: layer  12: dev = CUDA0
llama_kv_cache: layer  13: dev = CUDA0
llama_kv_cache: layer  14: dev = CUDA0
llama_kv_cache: layer  15: dev = CUDA0
llama_kv_cache: layer  16: dev = CUDA0
llama_kv_cache: layer  17: dev = CUDA0
llama_kv_cache: layer  18: dev = CUDA0
llama_kv_cache: layer  19: dev = CUDA0
llama_kv_cache: layer  20: dev = CUDA0
llama_kv_cache: layer  21: dev = CUDA0
llama_kv_cache: layer  22: dev = CUDA0
llama_kv_cache: layer  23: dev = CUDA0
llama_kv_cache: layer  24: dev = CUDA0
llama_kv_cache: layer  25: dev = CUDA0
llama_kv_cache: layer  26: dev = CUDA0
llama_kv_cache: layer  27: dev = CUDA0
llama_kv_cache:        CPU KV buffer size =     4.50 MiB
llama_kv_cache:      CUDA0 KV buffer size =    37.50 MiB
llama_kv_cache: size =   42.00 MiB (   768 cells,  28 layers,  1/1 seqs), K (f16):   21.00 MiB, V (f16):   21.00 MiB
llama_kv_cache: attn_rot_k = 0, n_embd_head_k_all = 128
llama_kv_cache: attn_rot_v = 0, n_embd_head_k_all = 128
llama_context: enumerating backends
llama_context: backend_ptrs.size() = 2
sched_reserve: reserving ...
sched_reserve: max_nodes = 2712
sched_reserve: reserving full memory module
sched_reserve: worst-case: n_tokens = 512, n_seqs = 1, n_outputs = 1
graph_reserve: reserving a graph for ubatch with n_tokens =    1, n_seqs =  1, n_outputs =    1
sched_reserve: Flash Attention was auto, set to enabled
sched_reserve: resolving fused Gated Delta Net support:
graph_reserve: reserving a graph for ubatch with n_tokens =    1, n_seqs =  1, n_outputs =    1
sched_reserve: fused Gated Delta Net (autoregressive) enabled
graph_reserve: reserving a graph for ubatch with n_tokens =   16, n_seqs =  1, n_outputs =   16
sched_reserve: fused Gated Delta Net (chunked) enabled
graph_reserve: reserving a graph for ubatch with n_tokens =  512, n_seqs =  1, n_outputs =  512
graph_reserve: reserving a graph for ubatch with n_tokens =    1, n_seqs =  1, n_outputs =    1
graph_reserve: reserving a graph for ubatch with n_tokens =  512, n_seqs =  1, n_outputs =  512
sched_reserve:      CUDA0 compute buffer size =   304.00 MiB
sched_reserve:  CUDA_Host compute buffer size =    14.76 MiB
sched_reserve: graph nodes  = 958
sched_reserve: graph splits = 44 (with bs=512), 2 (with bs=1)
sched_reserve: reserve took 15.78 ms, sched copies = 1
CUDA Graph id 5562 reused
ggml_backend_cuda_graph_compute: CUDA graph warmup complete
CUDA Graph id 5562 reused
CUDA Graph id 5562 reused
CUDA Graph id 5562 reused
CUDA Graph id 5562 reused
CUDA Graph id 5562 reused
CUDA Graph id 5562 reused
CUDA Graph id 5562 reused
CUDA Graph id 5562 reused
CUDA Graph id 5562 reused
CUDA Graph id 5562 reused
CUDA Graph id 5562 reused
CUDA Graph id 5562 reused
CUDA Graph id 5562 reused
CUDA Graph id 5562 reused
CUDA Graph id 5562 reused
CUDA Graph id 5562 reused
CUDA Graph id 5562 reused
CUDA Graph id 5562 reused
CUDA Graph id 5562 reused
CUDA Graph id 5562 reused
CUDA Graph id 5562 reused
CUDA Graph id 5562 reused
CUDA Graph id 5562 reused
CUDA Graph id 5562 reused
CUDA Graph id 5562 reused
CUDA Graph id 5562 reused
CUDA Graph id 5562 reused
CUDA Graph id 5562 reused
CUDA Graph id 5562 reused
CUDA Graph id 5562 reused
CUDA Graph id 5562 reused
CUDA Graph id 5562 reused
CUDA Graph id 5562 reused
CUDA Graph id 5562 reused
CUDA Graph id 5562 reused
CUDA Graph id 5562 reused
CUDA Graph id 5562 reused
CUDA Graph id 5562 reused
~llama_context:      CUDA0 compute buffer size is 304.0000 MiB, matches expectation of 304.0000 MiB
~llama_context:  CUDA_Host compute buffer size is  14.7637 MiB, matches expectation of  14.7637 MiB
llama_context: constructing llama_context
llama_context: n_seq_max     = 1
llama_context: n_ctx         = 768
llama_context: n_ctx_seq     = 768
llama_context: n_batch       = 730
llama_context: n_ubatch      = 512
llama_context: causal_attn   = 1
llama_context: flash_attn    = auto
llama_context: kv_unified    = false
llama_context: freq_base     = 1000000.0
llama_context: freq_scale    = 1
llama_context: n_rs_seq      = 0
llama_context: n_outputs_max = 730
llama_context: n_ctx_seq (768) < n_ctx_train (32768) -- the full capacity of the model will not be utilized
set_abort_callback: call
llama_context:  CUDA_Host  output buffer size =     0.58 MiB
llama_kv_cache: layer   0: dev = CPU
llama_kv_cache: layer   1: dev = CPU
llama_kv_cache: layer   2: dev = CPU
llama_kv_cache: layer   3: dev = CUDA0
llama_kv_cache: layer   4: dev = CUDA0
llama_kv_cache: layer   5: dev = CUDA0
llama_kv_cache: layer   6: dev = CUDA0
llama_kv_cache: layer   7: dev = CUDA0
llama_kv_cache: layer   8: dev = CUDA0
llama_kv_cache: layer   9: dev = CUDA0
llama_kv_cache: layer  10: dev = CUDA0
llama_kv_cache: layer  11: dev = CUDA0
llama_kv_cache: layer  12: dev = CUDA0
llama_kv_cache: layer  13: dev = CUDA0
llama_kv_cache: layer  14: dev = CUDA0
llama_kv_cache: layer  15: dev = CUDA0
llama_kv_cache: layer  16: dev = CUDA0
llama_kv_cache: layer  17: dev = CUDA0
llama_kv_cache: layer  18: dev = CUDA0
llama_kv_cache: layer  19: dev = CUDA0
llama_kv_cache: layer  20: dev = CUDA0
llama_kv_cache: layer  21: dev = CUDA0
llama_kv_cache: layer  22: dev = CUDA0
llama_kv_cache: layer  23: dev = CUDA0
llama_kv_cache: layer  24: dev = CUDA0
llama_kv_cache: layer  25: dev = CUDA0
llama_kv_cache: layer  26: dev = CUDA0
llama_kv_cache: layer  27: dev = CUDA0
llama_kv_cache:        CPU KV buffer size =     4.50 MiB
llama_kv_cache:      CUDA0 KV buffer size =    37.50 MiB
llama_kv_cache: size =   42.00 MiB (   768 cells,  28 layers,  1/1 seqs), K (f16):   21.00 MiB, V (f16):   21.00 MiB
llama_kv_cache: attn_rot_k = 0, n_embd_head_k_all = 128
llama_kv_cache: attn_rot_v = 0, n_embd_head_k_all = 128
llama_context: enumerating backends
llama_context: backend_ptrs.size() = 2
sched_reserve: reserving ...
sched_reserve: max_nodes = 2712
sched_reserve: reserving full memory module
sched_reserve: worst-case: n_tokens = 512, n_seqs = 1, n_outputs = 1
graph_reserve: reserving a graph for ubatch with n_tokens =    1, n_seqs =  1, n_outputs =    1
sched_reserve: Flash Attention was auto, set to enabled
sched_reserve: resolving fused Gated Delta Net support:
graph_reserve: reserving a graph for ubatch with n_tokens =    1, n_seqs =  1, n_outputs =    1
sched_reserve: fused Gated Delta Net (autoregressive) enabled
graph_reserve: reserving a graph for ubatch with n_tokens =   16, n_seqs =  1, n_outputs =   16
sched_reserve: fused Gated Delta Net (chunked) enabled
graph_reserve: reserving a graph for ubatch with n_tokens =  512, n_seqs =  1, n_outputs =  512
graph_reserve: reserving a graph for ubatch with n_tokens =    1, n_seqs =  1, n_outputs =    1
graph_reserve: reserving a graph for ubatch with n_tokens =  512, n_seqs =  1, n_outputs =  512
sched_reserve:      CUDA0 compute buffer size =   304.00 MiB
sched_reserve:  CUDA_Host compute buffer size =    14.76 MiB
sched_reserve: graph nodes  = 958
sched_reserve: graph splits = 44 (with bs=512), 2 (with bs=1)
sched_reserve: reserve took 18.29 ms, sched copies = 1
CUDA Graph id 5712 reused
ggml_backend_cuda_graph_compute: CUDA graph warmup complete
CUDA Graph id 5712 reused
CUDA Graph id 5712 reused
CUDA Graph id 5712 reused
CUDA Graph id 5712 reused
CUDA Graph id 5712 reused
CUDA Graph id 5712 reused
CUDA Graph id 5712 reused
CUDA Graph id 5712 reused
CUDA Graph id 5712 reused
CUDA Graph id 5712 reused
CUDA Graph id 5712 reused
CUDA Graph id 5712 reused
CUDA Graph id 5712 reused
CUDA Graph id 5712 reused
CUDA Graph id 5712 reused
CUDA Graph id 5712 reused
CUDA Graph id 5712 reused
CUDA Graph id 5712 reused
CUDA Graph id 5712 reused
CUDA Graph id 5712 reused
CUDA Graph id 5712 reused
CUDA Graph id 5712 reused
CUDA Graph id 5712 reused
CUDA Graph id 5712 reused
CUDA Graph id 5712 reused
CUDA Graph id 5712 reused
CUDA Graph id 5712 reused
CUDA Graph id 5712 reused
CUDA Graph id 5712 reused
CUDA Graph id 5712 reused
CUDA Graph id 5712 reused
CUDA Graph id 5712 reused
CUDA Graph id 5712 reused
CUDA Graph id 5712 reused
CUDA Graph id 5712 reused
CUDA Graph id 5712 reused
CUDA Graph id 5712 reused
CUDA Graph id 5712 reused
~llama_context:      CUDA0 compute buffer size is 304.0000 MiB, matches expectation of 304.0000 MiB
~llama_context:  CUDA_Host compute buffer size is  14.7637 MiB, matches expectation of  14.7637 MiB
llama_context: constructing llama_context
llama_context: n_seq_max     = 1
llama_context: n_ctx         = 768
llama_context: n_ctx_seq     = 768
llama_context: n_batch       = 730
llama_context: n_ubatch      = 512
llama_context: causal_attn   = 1
llama_context: flash_attn    = auto
llama_context: kv_unified    = false
llama_context: freq_base     = 1000000.0
llama_context: freq_scale    = 1
llama_context: n_rs_seq      = 0
llama_context: n_outputs_max = 730
llama_context: n_ctx_seq (768) < n_ctx_train (32768) -- the full capacity of the model will not be utilized
set_abort_callback: call
llama_context:  CUDA_Host  output buffer size =     0.58 MiB
llama_kv_cache: layer   0: dev = CPU
llama_kv_cache: layer   1: dev = CPU
llama_kv_cache: layer   2: dev = CPU
llama_kv_cache: layer   3: dev = CUDA0
llama_kv_cache: layer   4: dev = CUDA0
llama_kv_cache: layer   5: dev = CUDA0
llama_kv_cache: layer   6: dev = CUDA0
llama_kv_cache: layer   7: dev = CUDA0
llama_kv_cache: layer   8: dev = CUDA0
llama_kv_cache: layer   9: dev = CUDA0
llama_kv_cache: layer  10: dev = CUDA0
llama_kv_cache: layer  11: dev = CUDA0
llama_kv_cache: layer  12: dev = CUDA0
llama_kv_cache: layer  13: dev = CUDA0
llama_kv_cache: layer  14: dev = CUDA0
llama_kv_cache: layer  15: dev = CUDA0
llama_kv_cache: layer  16: dev = CUDA0
llama_kv_cache: layer  17: dev = CUDA0
llama_kv_cache: layer  18: dev = CUDA0
llama_kv_cache: layer  19: dev = CUDA0
llama_kv_cache: layer  20: dev = CUDA0
llama_kv_cache: layer  21: dev = CUDA0
llama_kv_cache: layer  22: dev = CUDA0
llama_kv_cache: layer  23: dev = CUDA0
llama_kv_cache: layer  24: dev = CUDA0
llama_kv_cache: layer  25: dev = CUDA0
llama_kv_cache: layer  26: dev = CUDA0
llama_kv_cache: layer  27: dev = CUDA0
llama_kv_cache:        CPU KV buffer size =     4.50 MiB
llama_kv_cache:      CUDA0 KV buffer size =    37.50 MiB
llama_kv_cache: size =   42.00 MiB (   768 cells,  28 layers,  1/1 seqs), K (f16):   21.00 MiB, V (f16):   21.00 MiB
llama_kv_cache: attn_rot_k = 0, n_embd_head_k_all = 128
llama_kv_cache: attn_rot_v = 0, n_embd_head_k_all = 128
llama_context: enumerating backends
llama_context: backend_ptrs.size() = 2
sched_reserve: reserving ...
sched_reserve: max_nodes = 2712
sched_reserve: reserving full memory module
sched_reserve: worst-case: n_tokens = 512, n_seqs = 1, n_outputs = 1
graph_reserve: reserving a graph for ubatch with n_tokens =    1, n_seqs =  1, n_outputs =    1
sched_reserve: Flash Attention was auto, set to enabled
sched_reserve: resolving fused Gated Delta Net support:
graph_reserve: reserving a graph for ubatch with n_tokens =    1, n_seqs =  1, n_outputs =    1
sched_reserve: fused Gated Delta Net (autoregressive) enabled
graph_reserve: reserving a graph for ubatch with n_tokens =   16, n_seqs =  1, n_outputs =   16
sched_reserve: fused Gated Delta Net (chunked) enabled
graph_reserve: reserving a graph for ubatch with n_tokens =  512, n_seqs =  1, n_outputs =  512
graph_reserve: reserving a graph for ubatch with n_tokens =    1, n_seqs =  1, n_outputs =    1
graph_reserve: reserving a graph for ubatch with n_tokens =  512, n_seqs =  1, n_outputs =  512
sched_reserve:      CUDA0 compute buffer size =   304.00 MiB
sched_reserve:  CUDA_Host compute buffer size =    14.76 MiB
sched_reserve: graph nodes  = 958
sched_reserve: graph splits = 44 (with bs=512), 2 (with bs=1)
sched_reserve: reserve took 12.55 ms, sched copies = 1
CUDA Graph id 5862 reused
ggml_backend_cuda_graph_compute: CUDA graph warmup complete
CUDA Graph id 5862 reused
CUDA Graph id 5862 reused
CUDA Graph id 5862 reused
CUDA Graph id 5862 reused
CUDA Graph id 5862 reused
CUDA Graph id 5862 reused
CUDA Graph id 5862 reused
CUDA Graph id 5862 reused
CUDA Graph id 5862 reused
CUDA Graph id 5862 reused
CUDA Graph id 5862 reused
CUDA Graph id 5862 reused
CUDA Graph id 5862 reused
CUDA Graph id 5862 reused
CUDA Graph id 5862 reused
CUDA Graph id 5862 reused
CUDA Graph id 5862 reused
CUDA Graph id 5862 reused
CUDA Graph id 5862 reused
CUDA Graph id 5862 reused
CUDA Graph id 5862 reused
CUDA Graph id 5862 reused
CUDA Graph id 5862 reused
CUDA Graph id 5862 reused
CUDA Graph id 5862 reused
CUDA Graph id 5862 reused
CUDA Graph id 5862 reused
CUDA Graph id 5862 reused
CUDA Graph id 5862 reused
CUDA Graph id 5862 reused
CUDA Graph id 5862 reused
CUDA Graph id 5862 reused
CUDA Graph id 5862 reused
CUDA Graph id 5862 reused
~llama_context:      CUDA0 compute buffer size is 304.0000 MiB, matches expectation of 304.0000 MiB
~llama_context:  CUDA_Host compute buffer size is  14.7637 MiB, matches expectation of  14.7637 MiB
llama_context: constructing llama_context
llama_context: n_seq_max     = 1
llama_context: n_ctx         = 768
llama_context: n_ctx_seq     = 768
llama_context: n_batch       = 730
llama_context: n_ubatch      = 512
llama_context: causal_attn   = 1
llama_context: flash_attn    = auto
llama_context: kv_unified    = false
llama_context: freq_base     = 1000000.0
llama_context: freq_scale    = 1
llama_context: n_rs_seq      = 0
llama_context: n_outputs_max = 730
llama_context: n_ctx_seq (768) < n_ctx_train (32768) -- the full capacity of the model will not be utilized
set_abort_callback: call
llama_context:  CUDA_Host  output buffer size =     0.58 MiB
llama_kv_cache: layer   0: dev = CPU
llama_kv_cache: layer   1: dev = CPU
llama_kv_cache: layer   2: dev = CPU
llama_kv_cache: layer   3: dev = CUDA0
llama_kv_cache: layer   4: dev = CUDA0
llama_kv_cache: layer   5: dev = CUDA0
llama_kv_cache: layer   6: dev = CUDA0
llama_kv_cache: layer   7: dev = CUDA0
llama_kv_cache: layer   8: dev = CUDA0
llama_kv_cache: layer   9: dev = CUDA0
llama_kv_cache: layer  10: dev = CUDA0
llama_kv_cache: layer  11: dev = CUDA0
llama_kv_cache: layer  12: dev = CUDA0
llama_kv_cache: layer  13: dev = CUDA0
llama_kv_cache: layer  14: dev = CUDA0
llama_kv_cache: layer  15: dev = CUDA0
llama_kv_cache: layer  16: dev = CUDA0
llama_kv_cache: layer  17: dev = CUDA0
llama_kv_cache: layer  18: dev = CUDA0
llama_kv_cache: layer  19: dev = CUDA0
llama_kv_cache: layer  20: dev = CUDA0
llama_kv_cache: layer  21: dev = CUDA0
llama_kv_cache: layer  22: dev = CUDA0
llama_kv_cache: layer  23: dev = CUDA0
llama_kv_cache: layer  24: dev = CUDA0
llama_kv_cache: layer  25: dev = CUDA0
llama_kv_cache: layer  26: dev = CUDA0
llama_kv_cache: layer  27: dev = CUDA0
llama_kv_cache:        CPU KV buffer size =     4.50 MiB
llama_kv_cache:      CUDA0 KV buffer size =    37.50 MiB
llama_kv_cache: size =   42.00 MiB (   768 cells,  28 layers,  1/1 seqs), K (f16):   21.00 MiB, V (f16):   21.00 MiB
llama_kv_cache: attn_rot_k = 0, n_embd_head_k_all = 128
llama_kv_cache: attn_rot_v = 0, n_embd_head_k_all = 128
llama_context: enumerating backends
llama_context: backend_ptrs.size() = 2
sched_reserve: reserving ...
sched_reserve: max_nodes = 2712
sched_reserve: reserving full memory module
sched_reserve: worst-case: n_tokens = 512, n_seqs = 1, n_outputs = 1
graph_reserve: reserving a graph for ubatch with n_tokens =    1, n_seqs =  1, n_outputs =    1
sched_reserve: Flash Attention was auto, set to enabled
sched_reserve: resolving fused Gated Delta Net support:
graph_reserve: reserving a graph for ubatch with n_tokens =    1, n_seqs =  1, n_outputs =    1
sched_reserve: fused Gated Delta Net (autoregressive) enabled
graph_reserve: reserving a graph for ubatch with n_tokens =   16, n_seqs =  1, n_outputs =   16
sched_reserve: fused Gated Delta Net (chunked) enabled
graph_reserve: reserving a graph for ubatch with n_tokens =  512, n_seqs =  1, n_outputs =  512
graph_reserve: reserving a graph for ubatch with n_tokens =    1, n_seqs =  1, n_outputs =    1
graph_reserve: reserving a graph for ubatch with n_tokens =  512, n_seqs =  1, n_outputs =  512
sched_reserve:      CUDA0 compute buffer size =   304.00 MiB
sched_reserve:  CUDA_Host compute buffer size =    14.76 MiB
sched_reserve: graph nodes  = 958
sched_reserve: graph splits = 44 (with bs=512), 2 (with bs=1)
sched_reserve: reserve took 17.15 ms, sched copies = 1
CUDA Graph id 6012 reused
ggml_backend_cuda_graph_compute: CUDA graph warmup complete
CUDA Graph id 6012 reused
CUDA Graph id 6012 reused
CUDA Graph id 6012 reused
CUDA Graph id 6012 reused
CUDA Graph id 6012 reused
CUDA Graph id 6012 reused
CUDA Graph id 6012 reused
CUDA Graph id 6012 reused
CUDA Graph id 6012 reused
CUDA Graph id 6012 reused
CUDA Graph id 6012 reused
CUDA Graph id 6012 reused
CUDA Graph id 6012 reused
CUDA Graph id 6012 reused
CUDA Graph id 6012 reused
CUDA Graph id 6012 reused
CUDA Graph id 6012 reused
CUDA Graph id 6012 reused
CUDA Graph id 6012 reused
CUDA Graph id 6012 reused
CUDA Graph id 6012 reused
CUDA Graph id 6012 reused
CUDA Graph id 6012 reused
CUDA Graph id 6012 reused
CUDA Graph id 6012 reused
CUDA Graph id 6012 reused
CUDA Graph id 6012 reused
CUDA Graph id 6012 reused
CUDA Graph id 6012 reused
CUDA Graph id 6012 reused
CUDA Graph id 6012 reused
CUDA Graph id 6012 reused
CUDA Graph id 6012 reused
CUDA Graph id 6012 reused
CUDA Graph id 6012 reused
CUDA Graph id 6012 reused
~llama_context:      CUDA0 compute buffer size is 304.0000 MiB, matches expectation of 304.0000 MiB
~llama_context:  CUDA_Host compute buffer size is  14.7637 MiB, matches expectation of  14.7637 MiB
llama_context: constructing llama_context
llama_context: n_seq_max     = 1
llama_context: n_ctx         = 768
llama_context: n_ctx_seq     = 768
llama_context: n_batch       = 730
llama_context: n_ubatch      = 512
llama_context: causal_attn   = 1
llama_context: flash_attn    = auto
llama_context: kv_unified    = false
llama_context: freq_base     = 1000000.0
llama_context: freq_scale    = 1
llama_context: n_rs_seq      = 0
llama_context: n_outputs_max = 730
llama_context: n_ctx_seq (768) < n_ctx_train (32768) -- the full capacity of the model will not be utilized
set_abort_callback: call
llama_context:  CUDA_Host  output buffer size =     0.58 MiB
llama_kv_cache: layer   0: dev = CPU
llama_kv_cache: layer   1: dev = CPU
llama_kv_cache: layer   2: dev = CPU
llama_kv_cache: layer   3: dev = CUDA0
llama_kv_cache: layer   4: dev = CUDA0
llama_kv_cache: layer   5: dev = CUDA0
llama_kv_cache: layer   6: dev = CUDA0
llama_kv_cache: layer   7: dev = CUDA0
llama_kv_cache: layer   8: dev = CUDA0
llama_kv_cache: layer   9: dev = CUDA0
llama_kv_cache: layer  10: dev = CUDA0
llama_kv_cache: layer  11: dev = CUDA0
llama_kv_cache: layer  12: dev = CUDA0
llama_kv_cache: layer  13: dev = CUDA0
llama_kv_cache: layer  14: dev = CUDA0
llama_kv_cache: layer  15: dev = CUDA0
llama_kv_cache: layer  16: dev = CUDA0
llama_kv_cache: layer  17: dev = CUDA0
llama_kv_cache: layer  18: dev = CUDA0
llama_kv_cache: layer  19: dev = CUDA0
llama_kv_cache: layer  20: dev = CUDA0
llama_kv_cache: layer  21: dev = CUDA0
llama_kv_cache: layer  22: dev = CUDA0
llama_kv_cache: layer  23: dev = CUDA0
llama_kv_cache: layer  24: dev = CUDA0
llama_kv_cache: layer  25: dev = CUDA0
llama_kv_cache: layer  26: dev = CUDA0
llama_kv_cache: layer  27: dev = CUDA0
llama_kv_cache:        CPU KV buffer size =     4.50 MiB
llama_kv_cache:      CUDA0 KV buffer size =    37.50 MiB
llama_kv_cache: size =   42.00 MiB (   768 cells,  28 layers,  1/1 seqs), K (f16):   21.00 MiB, V (f16):   21.00 MiB
llama_kv_cache: attn_rot_k = 0, n_embd_head_k_all = 128
llama_kv_cache: attn_rot_v = 0, n_embd_head_k_all = 128
llama_context: enumerating backends
llama_context: backend_ptrs.size() = 2
sched_reserve: reserving ...
sched_reserve: max_nodes = 2712
sched_reserve: reserving full memory module
sched_reserve: worst-case: n_tokens = 512, n_seqs = 1, n_outputs = 1
graph_reserve: reserving a graph for ubatch with n_tokens =    1, n_seqs =  1, n_outputs =    1
sched_reserve: Flash Attention was auto, set to enabled
sched_reserve: resolving fused Gated Delta Net support:
graph_reserve: reserving a graph for ubatch with n_tokens =    1, n_seqs =  1, n_outputs =    1
sched_reserve: fused Gated Delta Net (autoregressive) enabled
graph_reserve: reserving a graph for ubatch with n_tokens =   16, n_seqs =  1, n_outputs =   16
sched_reserve: fused Gated Delta Net (chunked) enabled
graph_reserve: reserving a graph for ubatch with n_tokens =  512, n_seqs =  1, n_outputs =  512
graph_reserve: reserving a graph for ubatch with n_tokens =    1, n_seqs =  1, n_outputs =    1
graph_reserve: reserving a graph for ubatch with n_tokens =  512, n_seqs =  1, n_outputs =  512
sched_reserve:      CUDA0 compute buffer size =   304.00 MiB
sched_reserve:  CUDA_Host compute buffer size =    14.76 MiB
sched_reserve: graph nodes  = 958
sched_reserve: graph splits = 44 (with bs=512), 2 (with bs=1)
sched_reserve: reserve took 13.33 ms, sched copies = 1
CUDA Graph id 6162 reused
ggml_backend_cuda_graph_compute: CUDA graph warmup complete
CUDA Graph id 6162 reused
CUDA Graph id 6162 reused
CUDA Graph id 6162 reused
CUDA Graph id 6162 reused
CUDA Graph id 6162 reused
CUDA Graph id 6162 reused
CUDA Graph id 6162 reused
~llama_context:      CUDA0 compute buffer size is 304.0000 MiB, matches expectation of 304.0000 MiB
~llama_context:  CUDA_Host compute buffer size is  14.7637 MiB, matches expectation of  14.7637 MiB
llama_context: constructing llama_context
llama_context: n_seq_max     = 1
llama_context: n_ctx         = 768
llama_context: n_ctx_seq     = 768
llama_context: n_batch       = 730
llama_context: n_ubatch      = 512
llama_context: causal_attn   = 1
llama_context: flash_attn    = auto
llama_context: kv_unified    = false
llama_context: freq_base     = 1000000.0
llama_context: freq_scale    = 1
llama_context: n_rs_seq      = 0
llama_context: n_outputs_max = 730
llama_context: n_ctx_seq (768) < n_ctx_train (32768) -- the full capacity of the model will not be utilized
set_abort_callback: call
llama_context:  CUDA_Host  output buffer size =     0.58 MiB
llama_kv_cache: layer   0: dev = CPU
llama_kv_cache: layer   1: dev = CPU
llama_kv_cache: layer   2: dev = CPU
llama_kv_cache: layer   3: dev = CUDA0
llama_kv_cache: layer   4: dev = CUDA0
llama_kv_cache: layer   5: dev = CUDA0
llama_kv_cache: layer   6: dev = CUDA0
llama_kv_cache: layer   7: dev = CUDA0
llama_kv_cache: layer   8: dev = CUDA0
llama_kv_cache: layer   9: dev = CUDA0
llama_kv_cache: layer  10: dev = CUDA0
llama_kv_cache: layer  11: dev = CUDA0
llama_kv_cache: layer  12: dev = CUDA0
llama_kv_cache: layer  13: dev = CUDA0
llama_kv_cache: layer  14: dev = CUDA0
llama_kv_cache: layer  15: dev = CUDA0
llama_kv_cache: layer  16: dev = CUDA0
llama_kv_cache: layer  17: dev = CUDA0
llama_kv_cache: layer  18: dev = CUDA0
llama_kv_cache: layer  19: dev = CUDA0
llama_kv_cache: layer  20: dev = CUDA0
llama_kv_cache: layer  21: dev = CUDA0
llama_kv_cache: layer  22: dev = CUDA0
llama_kv_cache: layer  23: dev = CUDA0
llama_kv_cache: layer  24: dev = CUDA0
llama_kv_cache: layer  25: dev = CUDA0
llama_kv_cache: layer  26: dev = CUDA0
llama_kv_cache: layer  27: dev = CUDA0
llama_kv_cache:        CPU KV buffer size =     4.50 MiB
llama_kv_cache:      CUDA0 KV buffer size =    37.50 MiB
llama_kv_cache: size =   42.00 MiB (   768 cells,  28 layers,  1/1 seqs), K (f16):   21.00 MiB, V (f16):   21.00 MiB
llama_kv_cache: attn_rot_k = 0, n_embd_head_k_all = 128
llama_kv_cache: attn_rot_v = 0, n_embd_head_k_all = 128
llama_context: enumerating backends
llama_context: backend_ptrs.size() = 2
sched_reserve: reserving ...
sched_reserve: max_nodes = 2712
sched_reserve: reserving full memory module
sched_reserve: worst-case: n_tokens = 512, n_seqs = 1, n_outputs = 1
graph_reserve: reserving a graph for ubatch with n_tokens =    1, n_seqs =  1, n_outputs =    1
sched_reserve: Flash Attention was auto, set to enabled
sched_reserve: resolving fused Gated Delta Net support:
graph_reserve: reserving a graph for ubatch with n_tokens =    1, n_seqs =  1, n_outputs =    1
sched_reserve: fused Gated Delta Net (autoregressive) enabled
graph_reserve: reserving a graph for ubatch with n_tokens =   16, n_seqs =  1, n_outputs =   16
sched_reserve: fused Gated Delta Net (chunked) enabled
graph_reserve: reserving a graph for ubatch with n_tokens =  512, n_seqs =  1, n_outputs =  512
graph_reserve: reserving a graph for ubatch with n_tokens =    1, n_seqs =  1, n_outputs =    1
graph_reserve: reserving a graph for ubatch with n_tokens =  512, n_seqs =  1, n_outputs =  512
sched_reserve:      CUDA0 compute buffer size =   304.00 MiB
sched_reserve:  CUDA_Host compute buffer size =    14.76 MiB
sched_reserve: graph nodes  = 958
sched_reserve: graph splits = 44 (with bs=512), 2 (with bs=1)
sched_reserve: reserve took 11.11 ms, sched copies = 1
CUDA Graph id 6312 reused
ggml_backend_cuda_graph_compute: CUDA graph warmup complete
CUDA Graph id 6312 reused
CUDA Graph id 6312 reused
CUDA Graph id 6312 reused
CUDA Graph id 6312 reused
CUDA Graph id 6312 reused
CUDA Graph id 6312 reused
CUDA Graph id 6312 reused
CUDA Graph id 6312 reused
CUDA Graph id 6312 reused
CUDA Graph id 6312 reused
CUDA Graph id 6312 reused
CUDA Graph id 6312 reused
CUDA Graph id 6312 reused
CUDA Graph id 6312 reused
CUDA Graph id 6312 reused
CUDA Graph id 6312 reused
CUDA Graph id 6312 reused
CUDA Graph id 6312 reused
CUDA Graph id 6312 reused
CUDA Graph id 6312 reused
CUDA Graph id 6312 reused
CUDA Graph id 6312 reused
CUDA Graph id 6312 reused
CUDA Graph id 6312 reused
CUDA Graph id 6312 reused
CUDA Graph id 6312 reused
CUDA Graph id 6312 reused
CUDA Graph id 6312 reused
CUDA Graph id 6312 reused
CUDA Graph id 6312 reused
CUDA Graph id 6312 reused
CUDA Graph id 6312 reused
CUDA Graph id 6312 reused
CUDA Graph id 6312 reused
CUDA Graph id 6312 reused
CUDA Graph id 6312 reused
CUDA Graph id 6312 reused
CUDA Graph id 6312 reused
CUDA Graph id 6312 reused
CUDA Graph id 6312 reused
CUDA Graph id 6312 reused
CUDA Graph id 6312 reused
CUDA Graph id 6312 reused
CUDA Graph id 6312 reused
ggml_backend_cuda_graph_compute: CUDA graph warmup reset
CUDA Graph id 6315 reused
ggml_backend_cuda_graph_compute: CUDA graph warmup complete
CUDA Graph id 6315 reused
CUDA Graph id 6315 reused
CUDA Graph id 6315 reused
CUDA Graph id 6315 reused
CUDA Graph id 6315 reused
CUDA Graph id 6315 reused
CUDA Graph id 6315 reused
CUDA Graph id 6315 reused
CUDA Graph id 6315 reused
CUDA Graph id 6315 reused
CUDA Graph id 6315 reused
CUDA Graph id 6315 reused
CUDA Graph id 6315 reused
CUDA Graph id 6315 reused
CUDA Graph id 6315 reused
CUDA Graph id 6315 reused
CUDA Graph id 6315 reused
CUDA Graph id 6315 reused
CUDA Graph id 6315 reused
CUDA Graph id 6315 reused
CUDA Graph id 6315 reused
CUDA Graph id 6315 reused
CUDA Graph id 6315 reused
CUDA Graph id 6315 reused
CUDA Graph id 6315 reused
CUDA Graph id 6315 reused
CUDA Graph id 6315 reused
CUDA Graph id 6315 reused
CUDA Graph id 6315 reused
CUDA Graph id 6315 reused
CUDA Graph id 6315 reused
CUDA Graph id 6315 reused
CUDA Graph id 6315 reused
CUDA Graph id 6315 reused
CUDA Graph id 6315 reused
CUDA Graph id 6315 reused
CUDA Graph id 6315 reused
CUDA Graph id 6315 reused
CUDA Graph id 6315 reused
CUDA Graph id 6315 reused
CUDA Graph id 6315 reused
CUDA Graph id 6315 reused
CUDA Graph id 6315 reused
CUDA Graph id 6315 reused
CUDA Graph id 6315 reused
CUDA Graph id 6315 reused
CUDA Graph id 6315 reused
CUDA Graph id 6315 reused
CUDA Graph id 6315 reused
CUDA Graph id 6315 reused
CUDA Graph id 6315 reused
CUDA Graph id 6315 reused
CUDA Graph id 6315 reused
CUDA Graph id 6315 reused
CUDA Graph id 6315 reused
CUDA Graph id 6315 reused
CUDA Graph id 6315 reused
CUDA Graph id 6315 reused
CUDA Graph id 6315 reused
CUDA Graph id 6315 reused
CUDA Graph id 6315 reused
CUDA Graph id 6315 reused
CUDA Graph id 6315 reused
CUDA Graph id 6315 reused
CUDA Graph id 6315 reused
CUDA Graph id 6315 reused
CUDA Graph id 6315 reused
CUDA Graph id 6315 reused
CUDA Graph id 6315 reused
CUDA Graph id 6315 reused
CUDA Graph id 6315 reused
CUDA Graph id 6315 reused
CUDA Graph id 6315 reused
CUDA Graph id 6315 reused
CUDA Graph id 6315 reused
CUDA Graph id 6315 reused
CUDA Graph id 6315 reused
CUDA Graph id 6315 reused
CUDA Graph id 6315 reused
CUDA Graph id 6315 reused
CUDA Graph id 6315 reused
CUDA Graph id 6315 reused
CUDA Graph id 6315 reused
CUDA Graph id 6315 reused
CUDA Graph id 6315 reused
CUDA Graph id 6315 reused
CUDA Graph id 6315 reused
CUDA Graph id 6315 reused
CUDA Graph id 6315 reused
CUDA Graph id 6315 reused
CUDA Graph id 6315 reused
CUDA Graph id 6315 reused
CUDA Graph id 6315 reused
CUDA Graph id 6315 reused
CUDA Graph id 6315 reused
CUDA Graph id 6315 reused
CUDA Graph id 6315 reused
CUDA Graph id 6315 reused
CUDA Graph id 6315 reused
CUDA Graph id 6315 reused
CUDA Graph id 6315 reused
CUDA Graph id 6315 reused
CUDA Graph id 6315 reused
CUDA Graph id 6315 reused
CUDA Graph id 6315 reused
CUDA Graph id 6315 reused
CUDA Graph id 6315 reused
CUDA Graph id 6315 reused
~llama_context:      CUDA0 compute buffer size is 304.0000 MiB, matches expectation of 304.0000 MiB
~llama_context:  CUDA_Host compute buffer size is  14.7637 MiB, matches expectation of  14.7637 MiB
schema 82/100 done
llama_context: constructing llama_context
llama_context: n_seq_max     = 1
llama_context: n_ctx         = 1024
llama_context: n_ctx_seq     = 1024
llama_context: n_batch       = 774
llama_context: n_ubatch      = 512
llama_context: causal_attn   = 1
llama_context: flash_attn    = auto
llama_context: kv_unified    = false
llama_context: freq_base     = 1000000.0
llama_context: freq_scale    = 1
llama_context: n_rs_seq      = 0
llama_context: n_outputs_max = 774
llama_context: n_ctx_seq (1024) < n_ctx_train (32768) -- the full capacity of the model will not be utilized
set_abort_callback: call
llama_context:  CUDA_Host  output buffer size =     0.58 MiB
llama_kv_cache: layer   0: dev = CPU
llama_kv_cache: layer   1: dev = CPU
llama_kv_cache: layer   2: dev = CPU
llama_kv_cache: layer   3: dev = CUDA0
llama_kv_cache: layer   4: dev = CUDA0
llama_kv_cache: layer   5: dev = CUDA0
llama_kv_cache: layer   6: dev = CUDA0
llama_kv_cache: layer   7: dev = CUDA0
llama_kv_cache: layer   8: dev = CUDA0
llama_kv_cache: layer   9: dev = CUDA0
llama_kv_cache: layer  10: dev = CUDA0
llama_kv_cache: layer  11: dev = CUDA0
llama_kv_cache: layer  12: dev = CUDA0
llama_kv_cache: layer  13: dev = CUDA0
llama_kv_cache: layer  14: dev = CUDA0
llama_kv_cache: layer  15: dev = CUDA0
llama_kv_cache: layer  16: dev = CUDA0
llama_kv_cache: layer  17: dev = CUDA0
llama_kv_cache: layer  18: dev = CUDA0
llama_kv_cache: layer  19: dev = CUDA0
llama_kv_cache: layer  20: dev = CUDA0
llama_kv_cache: layer  21: dev = CUDA0
llama_kv_cache: layer  22: dev = CUDA0
llama_kv_cache: layer  23: dev = CUDA0
llama_kv_cache: layer  24: dev = CUDA0
llama_kv_cache: layer  25: dev = CUDA0
llama_kv_cache: layer  26: dev = CUDA0
llama_kv_cache: layer  27: dev = CUDA0
llama_kv_cache:        CPU KV buffer size =     6.00 MiB
llama_kv_cache:      CUDA0 KV buffer size =    50.00 MiB
llama_kv_cache: size =   56.00 MiB (  1024 cells,  28 layers,  1/1 seqs), K (f16):   28.00 MiB, V (f16):   28.00 MiB
llama_kv_cache: attn_rot_k = 0, n_embd_head_k_all = 128
llama_kv_cache: attn_rot_v = 0, n_embd_head_k_all = 128
llama_context: enumerating backends
llama_context: backend_ptrs.size() = 2
sched_reserve: reserving ...
sched_reserve: max_nodes = 2712
sched_reserve: reserving full memory module
sched_reserve: worst-case: n_tokens = 512, n_seqs = 1, n_outputs = 1
graph_reserve: reserving a graph for ubatch with n_tokens =    1, n_seqs =  1, n_outputs =    1
sched_reserve: Flash Attention was auto, set to enabled
sched_reserve: resolving fused Gated Delta Net support:
graph_reserve: reserving a graph for ubatch with n_tokens =    1, n_seqs =  1, n_outputs =    1
sched_reserve: fused Gated Delta Net (autoregressive) enabled
graph_reserve: reserving a graph for ubatch with n_tokens =   16, n_seqs =  1, n_outputs =   16
sched_reserve: fused Gated Delta Net (chunked) enabled
graph_reserve: reserving a graph for ubatch with n_tokens =  512, n_seqs =  1, n_outputs =  512
graph_reserve: reserving a graph for ubatch with n_tokens =    1, n_seqs =  1, n_outputs =    1
graph_reserve: reserving a graph for ubatch with n_tokens =  512, n_seqs =  1, n_outputs =  512
sched_reserve:      CUDA0 compute buffer size =   304.00 MiB
sched_reserve:  CUDA_Host compute buffer size =    15.01 MiB
sched_reserve: graph nodes  = 958
sched_reserve: graph splits = 44 (with bs=512), 2 (with bs=1)
sched_reserve: reserve took 15.75 ms, sched copies = 1
CUDA Graph id 6465 reused
ggml_backend_cuda_graph_compute: CUDA graph warmup complete
ggml_backend_cuda_graph_compute: CUDA graph warmup reset
CUDA Graph id 6468 reused
ggml_backend_cuda_graph_compute: CUDA graph warmup complete
CUDA Graph id 6468 reused
CUDA Graph id 6468 reused
CUDA Graph id 6468 reused
CUDA Graph id 6468 reused
CUDA Graph id 6468 reused
CUDA Graph id 6468 reused
CUDA Graph id 6468 reused
CUDA Graph id 6468 reused
CUDA Graph id 6468 reused
CUDA Graph id 6468 reused
CUDA Graph id 6468 reused
CUDA Graph id 6468 reused
CUDA Graph id 6468 reused
CUDA Graph id 6468 reused
CUDA Graph id 6468 reused
CUDA Graph id 6468 reused
CUDA Graph id 6468 reused
CUDA Graph id 6468 reused
CUDA Graph id 6468 reused
CUDA Graph id 6468 reused
~llama_context:      CUDA0 compute buffer size is 304.0000 MiB, matches expectation of 304.0000 MiB
~llama_context:  CUDA_Host compute buffer size is  15.0137 MiB, matches expectation of  15.0137 MiB
llama_context: constructing llama_context
llama_context: n_seq_max     = 1
llama_context: n_ctx         = 1024
llama_context: n_ctx_seq     = 1024
llama_context: n_batch       = 774
llama_context: n_ubatch      = 512
llama_context: causal_attn   = 1
llama_context: flash_attn    = auto
llama_context: kv_unified    = false
llama_context: freq_base     = 1000000.0
llama_context: freq_scale    = 1
llama_context: n_rs_seq      = 0
llama_context: n_outputs_max = 774
llama_context: n_ctx_seq (1024) < n_ctx_train (32768) -- the full capacity of the model will not be utilized
set_abort_callback: call
llama_context:  CUDA_Host  output buffer size =     0.58 MiB
llama_kv_cache: layer   0: dev = CPU
llama_kv_cache: layer   1: dev = CPU
llama_kv_cache: layer   2: dev = CPU
llama_kv_cache: layer   3: dev = CUDA0
llama_kv_cache: layer   4: dev = CUDA0
llama_kv_cache: layer   5: dev = CUDA0
llama_kv_cache: layer   6: dev = CUDA0
llama_kv_cache: layer   7: dev = CUDA0
llama_kv_cache: layer   8: dev = CUDA0
llama_kv_cache: layer   9: dev = CUDA0
llama_kv_cache: layer  10: dev = CUDA0
llama_kv_cache: layer  11: dev = CUDA0
llama_kv_cache: layer  12: dev = CUDA0
llama_kv_cache: layer  13: dev = CUDA0
llama_kv_cache: layer  14: dev = CUDA0
llama_kv_cache: layer  15: dev = CUDA0
llama_kv_cache: layer  16: dev = CUDA0
llama_kv_cache: layer  17: dev = CUDA0
llama_kv_cache: layer  18: dev = CUDA0
llama_kv_cache: layer  19: dev = CUDA0
llama_kv_cache: layer  20: dev = CUDA0
llama_kv_cache: layer  21: dev = CUDA0
llama_kv_cache: layer  22: dev = CUDA0
llama_kv_cache: layer  23: dev = CUDA0
llama_kv_cache: layer  24: dev = CUDA0
llama_kv_cache: layer  25: dev = CUDA0
llama_kv_cache: layer  26: dev = CUDA0
llama_kv_cache: layer  27: dev = CUDA0
llama_kv_cache:        CPU KV buffer size =     6.00 MiB
llama_kv_cache:      CUDA0 KV buffer size =    50.00 MiB
llama_kv_cache: size =   56.00 MiB (  1024 cells,  28 layers,  1/1 seqs), K (f16):   28.00 MiB, V (f16):   28.00 MiB
llama_kv_cache: attn_rot_k = 0, n_embd_head_k_all = 128
llama_kv_cache: attn_rot_v = 0, n_embd_head_k_all = 128
llama_context: enumerating backends
llama_context: backend_ptrs.size() = 2
sched_reserve: reserving ...
sched_reserve: max_nodes = 2712
sched_reserve: reserving full memory module
sched_reserve: worst-case: n_tokens = 512, n_seqs = 1, n_outputs = 1
graph_reserve: reserving a graph for ubatch with n_tokens =    1, n_seqs =  1, n_outputs =    1
sched_reserve: Flash Attention was auto, set to enabled
sched_reserve: resolving fused Gated Delta Net support:
graph_reserve: reserving a graph for ubatch with n_tokens =    1, n_seqs =  1, n_outputs =    1
sched_reserve: fused Gated Delta Net (autoregressive) enabled
graph_reserve: reserving a graph for ubatch with n_tokens =   16, n_seqs =  1, n_outputs =   16
sched_reserve: fused Gated Delta Net (chunked) enabled
graph_reserve: reserving a graph for ubatch with n_tokens =  512, n_seqs =  1, n_outputs =  512
graph_reserve: reserving a graph for ubatch with n_tokens =    1, n_seqs =  1, n_outputs =    1
graph_reserve: reserving a graph for ubatch with n_tokens =  512, n_seqs =  1, n_outputs =  512
sched_reserve:      CUDA0 compute buffer size =   304.00 MiB
sched_reserve:  CUDA_Host compute buffer size =    15.01 MiB
sched_reserve: graph nodes  = 958
sched_reserve: graph splits = 44 (with bs=512), 2 (with bs=1)
sched_reserve: reserve took 13.24 ms, sched copies = 1
CUDA Graph id 6618 reused
ggml_backend_cuda_graph_compute: CUDA graph warmup complete
ggml_backend_cuda_graph_compute: CUDA graph warmup reset
CUDA Graph id 6621 reused
ggml_backend_cuda_graph_compute: CUDA graph warmup complete
CUDA Graph id 6621 reused
CUDA Graph id 6621 reused
CUDA Graph id 6621 reused
CUDA Graph id 6621 reused
CUDA Graph id 6621 reused
CUDA Graph id 6621 reused
CUDA Graph id 6621 reused
CUDA Graph id 6621 reused
CUDA Graph id 6621 reused
CUDA Graph id 6621 reused
CUDA Graph id 6621 reused
CUDA Graph id 6621 reused
CUDA Graph id 6621 reused
CUDA Graph id 6621 reused
CUDA Graph id 6621 reused
CUDA Graph id 6621 reused
CUDA Graph id 6621 reused
CUDA Graph id 6621 reused
CUDA Graph id 6621 reused
CUDA Graph id 6621 reused
~llama_context:      CUDA0 compute buffer size is 304.0000 MiB, matches expectation of 304.0000 MiB
~llama_context:  CUDA_Host compute buffer size is  15.0137 MiB, matches expectation of  15.0137 MiB
llama_context: constructing llama_context
llama_context: n_seq_max     = 1
llama_context: n_ctx         = 1024
llama_context: n_ctx_seq     = 1024
llama_context: n_batch       = 774
llama_context: n_ubatch      = 512
llama_context: causal_attn   = 1
llama_context: flash_attn    = auto
llama_context: kv_unified    = false
llama_context: freq_base     = 1000000.0
llama_context: freq_scale    = 1
llama_context: n_rs_seq      = 0
llama_context: n_outputs_max = 774
llama_context: n_ctx_seq (1024) < n_ctx_train (32768) -- the full capacity of the model will not be utilized
set_abort_callback: call
llama_context:  CUDA_Host  output buffer size =     0.58 MiB
llama_kv_cache: layer   0: dev = CPU
llama_kv_cache: layer   1: dev = CPU
llama_kv_cache: layer   2: dev = CPU
llama_kv_cache: layer   3: dev = CUDA0
llama_kv_cache: layer   4: dev = CUDA0
llama_kv_cache: layer   5: dev = CUDA0
llama_kv_cache: layer   6: dev = CUDA0
llama_kv_cache: layer   7: dev = CUDA0
llama_kv_cache: layer   8: dev = CUDA0
llama_kv_cache: layer   9: dev = CUDA0
llama_kv_cache: layer  10: dev = CUDA0
llama_kv_cache: layer  11: dev = CUDA0
llama_kv_cache: layer  12: dev = CUDA0
llama_kv_cache: layer  13: dev = CUDA0
llama_kv_cache: layer  14: dev = CUDA0
llama_kv_cache: layer  15: dev = CUDA0
llama_kv_cache: layer  16: dev = CUDA0
llama_kv_cache: layer  17: dev = CUDA0
llama_kv_cache: layer  18: dev = CUDA0
llama_kv_cache: layer  19: dev = CUDA0
llama_kv_cache: layer  20: dev = CUDA0
llama_kv_cache: layer  21: dev = CUDA0
llama_kv_cache: layer  22: dev = CUDA0
llama_kv_cache: layer  23: dev = CUDA0
llama_kv_cache: layer  24: dev = CUDA0
llama_kv_cache: layer  25: dev = CUDA0
llama_kv_cache: layer  26: dev = CUDA0
llama_kv_cache: layer  27: dev = CUDA0
llama_kv_cache:        CPU KV buffer size =     6.00 MiB
llama_kv_cache:      CUDA0 KV buffer size =    50.00 MiB
llama_kv_cache: size =   56.00 MiB (  1024 cells,  28 layers,  1/1 seqs), K (f16):   28.00 MiB, V (f16):   28.00 MiB
llama_kv_cache: attn_rot_k = 0, n_embd_head_k_all = 128
llama_kv_cache: attn_rot_v = 0, n_embd_head_k_all = 128
llama_context: enumerating backends
llama_context: backend_ptrs.size() = 2
sched_reserve: reserving ...
sched_reserve: max_nodes = 2712
sched_reserve: reserving full memory module
sched_reserve: worst-case: n_tokens = 512, n_seqs = 1, n_outputs = 1
graph_reserve: reserving a graph for ubatch with n_tokens =    1, n_seqs =  1, n_outputs =    1
sched_reserve: Flash Attention was auto, set to enabled
sched_reserve: resolving fused Gated Delta Net support:
graph_reserve: reserving a graph for ubatch with n_tokens =    1, n_seqs =  1, n_outputs =    1
sched_reserve: fused Gated Delta Net (autoregressive) enabled
graph_reserve: reserving a graph for ubatch with n_tokens =   16, n_seqs =  1, n_outputs =   16
sched_reserve: fused Gated Delta Net (chunked) enabled
graph_reserve: reserving a graph for ubatch with n_tokens =  512, n_seqs =  1, n_outputs =  512
graph_reserve: reserving a graph for ubatch with n_tokens =    1, n_seqs =  1, n_outputs =    1
graph_reserve: reserving a graph for ubatch with n_tokens =  512, n_seqs =  1, n_outputs =  512
sched_reserve:      CUDA0 compute buffer size =   304.00 MiB
sched_reserve:  CUDA_Host compute buffer size =    15.01 MiB
sched_reserve: graph nodes  = 958
sched_reserve: graph splits = 44 (with bs=512), 2 (with bs=1)
sched_reserve: reserve took 13.86 ms, sched copies = 1
CUDA Graph id 6771 reused
ggml_backend_cuda_graph_compute: CUDA graph warmup complete
ggml_backend_cuda_graph_compute: CUDA graph warmup reset
CUDA Graph id 6774 reused
ggml_backend_cuda_graph_compute: CUDA graph warmup complete
CUDA Graph id 6774 reused
CUDA Graph id 6774 reused
CUDA Graph id 6774 reused
CUDA Graph id 6774 reused
CUDA Graph id 6774 reused
CUDA Graph id 6774 reused
CUDA Graph id 6774 reused
CUDA Graph id 6774 reused
CUDA Graph id 6774 reused
CUDA Graph id 6774 reused
CUDA Graph id 6774 reused
CUDA Graph id 6774 reused
CUDA Graph id 6774 reused
CUDA Graph id 6774 reused
CUDA Graph id 6774 reused
~llama_context:      CUDA0 compute buffer size is 304.0000 MiB, matches expectation of 304.0000 MiB
~llama_context:  CUDA_Host compute buffer size is  15.0137 MiB, matches expectation of  15.0137 MiB
llama_context: constructing llama_context
llama_context: n_seq_max     = 1
llama_context: n_ctx         = 1024
llama_context: n_ctx_seq     = 1024
llama_context: n_batch       = 774
llama_context: n_ubatch      = 512
llama_context: causal_attn   = 1
llama_context: flash_attn    = auto
llama_context: kv_unified    = false
llama_context: freq_base     = 1000000.0
llama_context: freq_scale    = 1
llama_context: n_rs_seq      = 0
llama_context: n_outputs_max = 774
llama_context: n_ctx_seq (1024) < n_ctx_train (32768) -- the full capacity of the model will not be utilized
set_abort_callback: call
llama_context:  CUDA_Host  output buffer size =     0.58 MiB
llama_kv_cache: layer   0: dev = CPU
llama_kv_cache: layer   1: dev = CPU
llama_kv_cache: layer   2: dev = CPU
llama_kv_cache: layer   3: dev = CUDA0
llama_kv_cache: layer   4: dev = CUDA0
llama_kv_cache: layer   5: dev = CUDA0
llama_kv_cache: layer   6: dev = CUDA0
llama_kv_cache: layer   7: dev = CUDA0
llama_kv_cache: layer   8: dev = CUDA0
llama_kv_cache: layer   9: dev = CUDA0
llama_kv_cache: layer  10: dev = CUDA0
llama_kv_cache: layer  11: dev = CUDA0
llama_kv_cache: layer  12: dev = CUDA0
llama_kv_cache: layer  13: dev = CUDA0
llama_kv_cache: layer  14: dev = CUDA0
llama_kv_cache: layer  15: dev = CUDA0
llama_kv_cache: layer  16: dev = CUDA0
llama_kv_cache: layer  17: dev = CUDA0
llama_kv_cache: layer  18: dev = CUDA0
llama_kv_cache: layer  19: dev = CUDA0
llama_kv_cache: layer  20: dev = CUDA0
llama_kv_cache: layer  21: dev = CUDA0
llama_kv_cache: layer  22: dev = CUDA0
llama_kv_cache: layer  23: dev = CUDA0
llama_kv_cache: layer  24: dev = CUDA0
llama_kv_cache: layer  25: dev = CUDA0
llama_kv_cache: layer  26: dev = CUDA0
llama_kv_cache: layer  27: dev = CUDA0
llama_kv_cache:        CPU KV buffer size =     6.00 MiB
llama_kv_cache:      CUDA0 KV buffer size =    50.00 MiB
llama_kv_cache: size =   56.00 MiB (  1024 cells,  28 layers,  1/1 seqs), K (f16):   28.00 MiB, V (f16):   28.00 MiB
llama_kv_cache: attn_rot_k = 0, n_embd_head_k_all = 128
llama_kv_cache: attn_rot_v = 0, n_embd_head_k_all = 128
llama_context: enumerating backends
llama_context: backend_ptrs.size() = 2
sched_reserve: reserving ...
sched_reserve: max_nodes = 2712
sched_reserve: reserving full memory module
sched_reserve: worst-case: n_tokens = 512, n_seqs = 1, n_outputs = 1
graph_reserve: reserving a graph for ubatch with n_tokens =    1, n_seqs =  1, n_outputs =    1
sched_reserve: Flash Attention was auto, set to enabled
sched_reserve: resolving fused Gated Delta Net support:
graph_reserve: reserving a graph for ubatch with n_tokens =    1, n_seqs =  1, n_outputs =    1
sched_reserve: fused Gated Delta Net (autoregressive) enabled
graph_reserve: reserving a graph for ubatch with n_tokens =   16, n_seqs =  1, n_outputs =   16
sched_reserve: fused Gated Delta Net (chunked) enabled
graph_reserve: reserving a graph for ubatch with n_tokens =  512, n_seqs =  1, n_outputs =  512
graph_reserve: reserving a graph for ubatch with n_tokens =    1, n_seqs =  1, n_outputs =    1
graph_reserve: reserving a graph for ubatch with n_tokens =  512, n_seqs =  1, n_outputs =  512
sched_reserve:      CUDA0 compute buffer size =   304.00 MiB
sched_reserve:  CUDA_Host compute buffer size =    15.01 MiB
sched_reserve: graph nodes  = 958
sched_reserve: graph splits = 44 (with bs=512), 2 (with bs=1)
sched_reserve: reserve took 18.36 ms, sched copies = 1
CUDA Graph id 6924 reused
ggml_backend_cuda_graph_compute: CUDA graph warmup complete
ggml_backend_cuda_graph_compute: CUDA graph warmup reset
CUDA Graph id 6927 reused
ggml_backend_cuda_graph_compute: CUDA graph warmup complete
CUDA Graph id 6927 reused
CUDA Graph id 6927 reused
CUDA Graph id 6927 reused
CUDA Graph id 6927 reused
CUDA Graph id 6927 reused
CUDA Graph id 6927 reused
CUDA Graph id 6927 reused
CUDA Graph id 6927 reused
CUDA Graph id 6927 reused
CUDA Graph id 6927 reused
CUDA Graph id 6927 reused
CUDA Graph id 6927 reused
CUDA Graph id 6927 reused
CUDA Graph id 6927 reused
CUDA Graph id 6927 reused
CUDA Graph id 6927 reused
CUDA Graph id 6927 reused
CUDA Graph id 6927 reused
CUDA Graph id 6927 reused
CUDA Graph id 6927 reused
~llama_context:      CUDA0 compute buffer size is 304.0000 MiB, matches expectation of 304.0000 MiB
~llama_context:  CUDA_Host compute buffer size is  15.0137 MiB, matches expectation of  15.0137 MiB
llama_context: constructing llama_context
llama_context: n_seq_max     = 1
llama_context: n_ctx         = 1024
llama_context: n_ctx_seq     = 1024
llama_context: n_batch       = 774
llama_context: n_ubatch      = 512
llama_context: causal_attn   = 1
llama_context: flash_attn    = auto
llama_context: kv_unified    = false
llama_context: freq_base     = 1000000.0
llama_context: freq_scale    = 1
llama_context: n_rs_seq      = 0
llama_context: n_outputs_max = 774
llama_context: n_ctx_seq (1024) < n_ctx_train (32768) -- the full capacity of the model will not be utilized
set_abort_callback: call
llama_context:  CUDA_Host  output buffer size =     0.58 MiB
llama_kv_cache: layer   0: dev = CPU
llama_kv_cache: layer   1: dev = CPU
llama_kv_cache: layer   2: dev = CPU
llama_kv_cache: layer   3: dev = CUDA0
llama_kv_cache: layer   4: dev = CUDA0
llama_kv_cache: layer   5: dev = CUDA0
llama_kv_cache: layer   6: dev = CUDA0
llama_kv_cache: layer   7: dev = CUDA0
llama_kv_cache: layer   8: dev = CUDA0
llama_kv_cache: layer   9: dev = CUDA0
llama_kv_cache: layer  10: dev = CUDA0
llama_kv_cache: layer  11: dev = CUDA0
llama_kv_cache: layer  12: dev = CUDA0
llama_kv_cache: layer  13: dev = CUDA0
llama_kv_cache: layer  14: dev = CUDA0
llama_kv_cache: layer  15: dev = CUDA0
llama_kv_cache: layer  16: dev = CUDA0
llama_kv_cache: layer  17: dev = CUDA0
llama_kv_cache: layer  18: dev = CUDA0
llama_kv_cache: layer  19: dev = CUDA0
llama_kv_cache: layer  20: dev = CUDA0
llama_kv_cache: layer  21: dev = CUDA0
llama_kv_cache: layer  22: dev = CUDA0
llama_kv_cache: layer  23: dev = CUDA0
llama_kv_cache: layer  24: dev = CUDA0
llama_kv_cache: layer  25: dev = CUDA0
llama_kv_cache: layer  26: dev = CUDA0
llama_kv_cache: layer  27: dev = CUDA0
llama_kv_cache:        CPU KV buffer size =     6.00 MiB
llama_kv_cache:      CUDA0 KV buffer size =    50.00 MiB
llama_kv_cache: size =   56.00 MiB (  1024 cells,  28 layers,  1/1 seqs), K (f16):   28.00 MiB, V (f16):   28.00 MiB
llama_kv_cache: attn_rot_k = 0, n_embd_head_k_all = 128
llama_kv_cache: attn_rot_v = 0, n_embd_head_k_all = 128
llama_context: enumerating backends
llama_context: backend_ptrs.size() = 2
sched_reserve: reserving ...
sched_reserve: max_nodes = 2712
sched_reserve: reserving full memory module
sched_reserve: worst-case: n_tokens = 512, n_seqs = 1, n_outputs = 1
graph_reserve: reserving a graph for ubatch with n_tokens =    1, n_seqs =  1, n_outputs =    1
sched_reserve: Flash Attention was auto, set to enabled
sched_reserve: resolving fused Gated Delta Net support:
graph_reserve: reserving a graph for ubatch with n_tokens =    1, n_seqs =  1, n_outputs =    1
sched_reserve: fused Gated Delta Net (autoregressive) enabled
graph_reserve: reserving a graph for ubatch with n_tokens =   16, n_seqs =  1, n_outputs =   16
sched_reserve: fused Gated Delta Net (chunked) enabled
graph_reserve: reserving a graph for ubatch with n_tokens =  512, n_seqs =  1, n_outputs =  512
graph_reserve: reserving a graph for ubatch with n_tokens =    1, n_seqs =  1, n_outputs =    1
graph_reserve: reserving a graph for ubatch with n_tokens =  512, n_seqs =  1, n_outputs =  512
sched_reserve:      CUDA0 compute buffer size =   304.00 MiB
sched_reserve:  CUDA_Host compute buffer size =    15.01 MiB
sched_reserve: graph nodes  = 958
sched_reserve: graph splits = 44 (with bs=512), 2 (with bs=1)
sched_reserve: reserve took 13.22 ms, sched copies = 1
CUDA Graph id 7077 reused
ggml_backend_cuda_graph_compute: CUDA graph warmup complete
ggml_backend_cuda_graph_compute: CUDA graph warmup reset
CUDA Graph id 7080 reused
ggml_backend_cuda_graph_compute: CUDA graph warmup complete
CUDA Graph id 7080 reused
CUDA Graph id 7080 reused
CUDA Graph id 7080 reused
CUDA Graph id 7080 reused
CUDA Graph id 7080 reused
CUDA Graph id 7080 reused
CUDA Graph id 7080 reused
CUDA Graph id 7080 reused
CUDA Graph id 7080 reused
CUDA Graph id 7080 reused
CUDA Graph id 7080 reused
CUDA Graph id 7080 reused
CUDA Graph id 7080 reused
CUDA Graph id 7080 reused
CUDA Graph id 7080 reused
CUDA Graph id 7080 reused
CUDA Graph id 7080 reused
CUDA Graph id 7080 reused
CUDA Graph id 7080 reused
CUDA Graph id 7080 reused
CUDA Graph id 7080 reused
CUDA Graph id 7080 reused
CUDA Graph id 7080 reused
CUDA Graph id 7080 reused
CUDA Graph id 7080 reused
CUDA Graph id 7080 reused
~llama_context:      CUDA0 compute buffer size is 304.0000 MiB, matches expectation of 304.0000 MiB
~llama_context:  CUDA_Host compute buffer size is  15.0137 MiB, matches expectation of  15.0137 MiB
llama_context: constructing llama_context
llama_context: n_seq_max     = 1
llama_context: n_ctx         = 1024
llama_context: n_ctx_seq     = 1024
llama_context: n_batch       = 774
llama_context: n_ubatch      = 512
llama_context: causal_attn   = 1
llama_context: flash_attn    = auto
llama_context: kv_unified    = false
llama_context: freq_base     = 1000000.0
llama_context: freq_scale    = 1
llama_context: n_rs_seq      = 0
llama_context: n_outputs_max = 774
llama_context: n_ctx_seq (1024) < n_ctx_train (32768) -- the full capacity of the model will not be utilized
set_abort_callback: call
llama_context:  CUDA_Host  output buffer size =     0.58 MiB
llama_kv_cache: layer   0: dev = CPU
llama_kv_cache: layer   1: dev = CPU
llama_kv_cache: layer   2: dev = CPU
llama_kv_cache: layer   3: dev = CUDA0
llama_kv_cache: layer   4: dev = CUDA0
llama_kv_cache: layer   5: dev = CUDA0
llama_kv_cache: layer   6: dev = CUDA0
llama_kv_cache: layer   7: dev = CUDA0
llama_kv_cache: layer   8: dev = CUDA0
llama_kv_cache: layer   9: dev = CUDA0
llama_kv_cache: layer  10: dev = CUDA0
llama_kv_cache: layer  11: dev = CUDA0
llama_kv_cache: layer  12: dev = CUDA0
llama_kv_cache: layer  13: dev = CUDA0
llama_kv_cache: layer  14: dev = CUDA0
llama_kv_cache: layer  15: dev = CUDA0
llama_kv_cache: layer  16: dev = CUDA0
llama_kv_cache: layer  17: dev = CUDA0
llama_kv_cache: layer  18: dev = CUDA0
llama_kv_cache: layer  19: dev = CUDA0
llama_kv_cache: layer  20: dev = CUDA0
llama_kv_cache: layer  21: dev = CUDA0
llama_kv_cache: layer  22: dev = CUDA0
llama_kv_cache: layer  23: dev = CUDA0
llama_kv_cache: layer  24: dev = CUDA0
llama_kv_cache: layer  25: dev = CUDA0
llama_kv_cache: layer  26: dev = CUDA0
llama_kv_cache: layer  27: dev = CUDA0
llama_kv_cache:        CPU KV buffer size =     6.00 MiB
llama_kv_cache:      CUDA0 KV buffer size =    50.00 MiB
llama_kv_cache: size =   56.00 MiB (  1024 cells,  28 layers,  1/1 seqs), K (f16):   28.00 MiB, V (f16):   28.00 MiB
llama_kv_cache: attn_rot_k = 0, n_embd_head_k_all = 128
llama_kv_cache: attn_rot_v = 0, n_embd_head_k_all = 128
llama_context: enumerating backends
llama_context: backend_ptrs.size() = 2
sched_reserve: reserving ...
sched_reserve: max_nodes = 2712
sched_reserve: reserving full memory module
sched_reserve: worst-case: n_tokens = 512, n_seqs = 1, n_outputs = 1
graph_reserve: reserving a graph for ubatch with n_tokens =    1, n_seqs =  1, n_outputs =    1
sched_reserve: Flash Attention was auto, set to enabled
sched_reserve: resolving fused Gated Delta Net support:
graph_reserve: reserving a graph for ubatch with n_tokens =    1, n_seqs =  1, n_outputs =    1
sched_reserve: fused Gated Delta Net (autoregressive) enabled
graph_reserve: reserving a graph for ubatch with n_tokens =   16, n_seqs =  1, n_outputs =   16
sched_reserve: fused Gated Delta Net (chunked) enabled
graph_reserve: reserving a graph for ubatch with n_tokens =  512, n_seqs =  1, n_outputs =  512
graph_reserve: reserving a graph for ubatch with n_tokens =    1, n_seqs =  1, n_outputs =    1
graph_reserve: reserving a graph for ubatch with n_tokens =  512, n_seqs =  1, n_outputs =  512
sched_reserve:      CUDA0 compute buffer size =   304.00 MiB
sched_reserve:  CUDA_Host compute buffer size =    15.01 MiB
sched_reserve: graph nodes  = 958
sched_reserve: graph splits = 44 (with bs=512), 2 (with bs=1)
sched_reserve: reserve took 14.75 ms, sched copies = 1
CUDA Graph id 7230 reused
ggml_backend_cuda_graph_compute: CUDA graph warmup complete
ggml_backend_cuda_graph_compute: CUDA graph warmup reset
CUDA Graph id 7233 reused
ggml_backend_cuda_graph_compute: CUDA graph warmup complete
CUDA Graph id 7233 reused
CUDA Graph id 7233 reused
CUDA Graph id 7233 reused
CUDA Graph id 7233 reused
CUDA Graph id 7233 reused
CUDA Graph id 7233 reused
CUDA Graph id 7233 reused
CUDA Graph id 7233 reused
CUDA Graph id 7233 reused
CUDA Graph id 7233 reused
CUDA Graph id 7233 reused
CUDA Graph id 7233 reused
CUDA Graph id 7233 reused
CUDA Graph id 7233 reused
CUDA Graph id 7233 reused
CUDA Graph id 7233 reused
CUDA Graph id 7233 reused
CUDA Graph id 7233 reused
CUDA Graph id 7233 reused
CUDA Graph id 7233 reused
CUDA Graph id 7233 reused
CUDA Graph id 7233 reused
CUDA Graph id 7233 reused
CUDA Graph id 7233 reused
CUDA Graph id 7233 reused
CUDA Graph id 7233 reused
CUDA Graph id 7233 reused
CUDA Graph id 7233 reused
CUDA Graph id 7233 reused
CUDA Graph id 7233 reused
CUDA Graph id 7233 reused
CUDA Graph id 7233 reused
CUDA Graph id 7233 reused
CUDA Graph id 7233 reused
CUDA Graph id 7233 reused
CUDA Graph id 7233 reused
CUDA Graph id 7233 reused
CUDA Graph id 7233 reused
CUDA Graph id 7233 reused
CUDA Graph id 7233 reused
CUDA Graph id 7233 reused
CUDA Graph id 7233 reused
CUDA Graph id 7233 reused
CUDA Graph id 7233 reused
CUDA Graph id 7233 reused
CUDA Graph id 7233 reused
CUDA Graph id 7233 reused
CUDA Graph id 7233 reused
CUDA Graph id 7233 reused
CUDA Graph id 7233 reused
CUDA Graph id 7233 reused
CUDA Graph id 7233 reused
CUDA Graph id 7233 reused
CUDA Graph id 7233 reused
CUDA Graph id 7233 reused
CUDA Graph id 7233 reused
CUDA Graph id 7233 reused
CUDA Graph id 7233 reused
CUDA Graph id 7233 reused
CUDA Graph id 7233 reused
CUDA Graph id 7233 reused
CUDA Graph id 7233 reused
CUDA Graph id 7233 reused
CUDA Graph id 7233 reused
CUDA Graph id 7233 reused
CUDA Graph id 7233 reused
CUDA Graph id 7233 reused
CUDA Graph id 7233 reused
CUDA Graph id 7233 reused
CUDA Graph id 7233 reused
CUDA Graph id 7233 reused
CUDA Graph id 7233 reused
CUDA Graph id 7233 reused
CUDA Graph id 7233 reused
CUDA Graph id 7233 reused
CUDA Graph id 7233 reused
CUDA Graph id 7233 reused
CUDA Graph id 7233 reused
CUDA Graph id 7233 reused
CUDA Graph id 7233 reused
CUDA Graph id 7233 reused
CUDA Graph id 7233 reused
CUDA Graph id 7233 reused
CUDA Graph id 7233 reused
CUDA Graph id 7233 reused
CUDA Graph id 7233 reused
CUDA Graph id 7233 reused
CUDA Graph id 7233 reused
CUDA Graph id 7233 reused
CUDA Graph id 7233 reused
CUDA Graph id 7233 reused
CUDA Graph id 7233 reused
CUDA Graph id 7233 reused
CUDA Graph id 7233 reused
CUDA Graph id 7233 reused
CUDA Graph id 7233 reused
CUDA Graph id 7233 reused
CUDA Graph id 7233 reused
CUDA Graph id 7233 reused
CUDA Graph id 7233 reused
CUDA Graph id 7233 reused
CUDA Graph id 7233 reused
CUDA Graph id 7233 reused
CUDA Graph id 7233 reused
CUDA Graph id 7233 reused
CUDA Graph id 7233 reused
CUDA Graph id 7233 reused
CUDA Graph id 7233 reused
CUDA Graph id 7233 reused
CUDA Graph id 7233 reused
CUDA Graph id 7233 reused
CUDA Graph id 7233 reused
CUDA Graph id 7233 reused
CUDA Graph id 7233 reused
CUDA Graph id 7233 reused
CUDA Graph id 7233 reused
CUDA Graph id 7233 reused
CUDA Graph id 7233 reused
CUDA Graph id 7233 reused
CUDA Graph id 7233 reused
CUDA Graph id 7233 reused
CUDA Graph id 7233 reused
CUDA Graph id 7233 reused
CUDA Graph id 7233 reused
CUDA Graph id 7233 reused
CUDA Graph id 7233 reused
CUDA Graph id 7233 reused
CUDA Graph id 7233 reused
CUDA Graph id 7233 reused
CUDA Graph id 7233 reused
CUDA Graph id 7233 reused
CUDA Graph id 7233 reused
CUDA Graph id 7233 reused
CUDA Graph id 7233 reused
CUDA Graph id 7233 reused
CUDA Graph id 7233 reused
CUDA Graph id 7233 reused
CUDA Graph id 7233 reused
CUDA Graph id 7233 reused
CUDA Graph id 7233 reused
CUDA Graph id 7233 reused
CUDA Graph id 7233 reused
CUDA Graph id 7233 reused
CUDA Graph id 7233 reused
CUDA Graph id 7233 reused
CUDA Graph id 7233 reused
CUDA Graph id 7233 reused
CUDA Graph id 7233 reused
CUDA Graph id 7233 reused
CUDA Graph id 7233 reused
CUDA Graph id 7233 reused
CUDA Graph id 7233 reused
CUDA Graph id 7233 reused
CUDA Graph id 7233 reused
CUDA Graph id 7233 reused
CUDA Graph id 7233 reused
CUDA Graph id 7233 reused
CUDA Graph id 7233 reused
CUDA Graph id 7233 reused
CUDA Graph id 7233 reused
CUDA Graph id 7233 reused
CUDA Graph id 7233 reused
CUDA Graph id 7233 reused
CUDA Graph id 7233 reused
CUDA Graph id 7233 reused
CUDA Graph id 7233 reused
CUDA Graph id 7233 reused
CUDA Graph id 7233 reused
CUDA Graph id 7233 reused
CUDA Graph id 7233 reused
CUDA Graph id 7233 reused
CUDA Graph id 7233 reused
CUDA Graph id 7233 reused
CUDA Graph id 7233 reused
CUDA Graph id 7233 reused
CUDA Graph id 7233 reused
CUDA Graph id 7233 reused
CUDA Graph id 7233 reused
CUDA Graph id 7233 reused
CUDA Graph id 7233 reused
CUDA Graph id 7233 reused
CUDA Graph id 7233 reused
CUDA Graph id 7233 reused
CUDA Graph id 7233 reused
CUDA Graph id 7233 reused
CUDA Graph id 7233 reused
CUDA Graph id 7233 reused
CUDA Graph id 7233 reused
CUDA Graph id 7233 reused
CUDA Graph id 7233 reused
CUDA Graph id 7233 reused
CUDA Graph id 7233 reused
CUDA Graph id 7233 reused
CUDA Graph id 7233 reused
CUDA Graph id 7233 reused
CUDA Graph id 7233 reused
CUDA Graph id 7233 reused
CUDA Graph id 7233 reused
CUDA Graph id 7233 reused
CUDA Graph id 7233 reused
CUDA Graph id 7233 reused
CUDA Graph id 7233 reused
CUDA Graph id 7233 reused
CUDA Graph id 7233 reused
CUDA Graph id 7233 reused
CUDA Graph id 7233 reused
CUDA Graph id 7233 reused
CUDA Graph id 7233 reused
CUDA Graph id 7233 reused
CUDA Graph id 7233 reused
CUDA Graph id 7233 reused
CUDA Graph id 7233 reused
CUDA Graph id 7233 reused
CUDA Graph id 7233 reused
CUDA Graph id 7233 reused
CUDA Graph id 7233 reused
CUDA Graph id 7233 reused
CUDA Graph id 7233 reused
CUDA Graph id 7233 reused
CUDA Graph id 7233 reused
CUDA Graph id 7233 reused
CUDA Graph id 7233 reused
CUDA Graph id 7233 reused
CUDA Graph id 7233 reused
CUDA Graph id 7233 reused
CUDA Graph id 7233 reused
CUDA Graph id 7233 reused
CUDA Graph id 7233 reused
CUDA Graph id 7233 reused
CUDA Graph id 7233 reused
CUDA Graph id 7233 reused
CUDA Graph id 7233 reused
CUDA Graph id 7233 reused
CUDA Graph id 7233 reused
CUDA Graph id 7233 reused
CUDA Graph id 7233 reused
CUDA Graph id 7233 reused
CUDA Graph id 7233 reused
CUDA Graph id 7233 reused
CUDA Graph id 7233 reused
CUDA Graph id 7233 reused
CUDA Graph id 7233 reused
CUDA Graph id 7233 reused
CUDA Graph id 7233 reused
CUDA Graph id 7233 reused
CUDA Graph id 7233 reused
CUDA Graph id 7233 reused
CUDA Graph id 7233 reused
CUDA Graph id 7233 reused
CUDA Graph id 7233 reused
CUDA Graph id 7233 reused
CUDA Graph id 7233 reused
CUDA Graph id 7233 reused
CUDA Graph id 7233 reused
ggml_backend_cuda_graph_compute: CUDA graph warmup reset
CUDA Graph id 7236 reused
ggml_backend_cuda_graph_compute: CUDA graph warmup complete
CUDA Graph id 7236 reused
CUDA Graph id 7236 reused
CUDA Graph id 7236 reused
CUDA Graph id 7236 reused
CUDA Graph id 7236 reused
CUDA Graph id 7236 reused
CUDA Graph id 7236 reused
CUDA Graph id 7236 reused
CUDA Graph id 7236 reused
CUDA Graph id 7236 reused
~llama_context:      CUDA0 compute buffer size is 304.0000 MiB, matches expectation of 304.0000 MiB
~llama_context:  CUDA_Host compute buffer size is  15.0137 MiB, matches expectation of  15.0137 MiB
schema 83/100 done
llama_context: constructing llama_context
llama_context: n_seq_max     = 1
llama_context: n_ctx         = 768
llama_context: n_ctx_seq     = 768
llama_context: n_batch       = 631
llama_context: n_ubatch      = 512
llama_context: causal_attn   = 1
llama_context: flash_attn    = auto
llama_context: kv_unified    = false
llama_context: freq_base     = 1000000.0
llama_context: freq_scale    = 1
llama_context: n_rs_seq      = 0
llama_context: n_outputs_max = 631
llama_context: n_ctx_seq (768) < n_ctx_train (32768) -- the full capacity of the model will not be utilized
set_abort_callback: call
llama_context:  CUDA_Host  output buffer size =     0.58 MiB
llama_kv_cache: layer   0: dev = CPU
llama_kv_cache: layer   1: dev = CPU
llama_kv_cache: layer   2: dev = CPU
llama_kv_cache: layer   3: dev = CUDA0
llama_kv_cache: layer   4: dev = CUDA0
llama_kv_cache: layer   5: dev = CUDA0
llama_kv_cache: layer   6: dev = CUDA0
llama_kv_cache: layer   7: dev = CUDA0
llama_kv_cache: layer   8: dev = CUDA0
llama_kv_cache: layer   9: dev = CUDA0
llama_kv_cache: layer  10: dev = CUDA0
llama_kv_cache: layer  11: dev = CUDA0
llama_kv_cache: layer  12: dev = CUDA0
llama_kv_cache: layer  13: dev = CUDA0
llama_kv_cache: layer  14: dev = CUDA0
llama_kv_cache: layer  15: dev = CUDA0
llama_kv_cache: layer  16: dev = CUDA0
llama_kv_cache: layer  17: dev = CUDA0
llama_kv_cache: layer  18: dev = CUDA0
llama_kv_cache: layer  19: dev = CUDA0
llama_kv_cache: layer  20: dev = CUDA0
llama_kv_cache: layer  21: dev = CUDA0
llama_kv_cache: layer  22: dev = CUDA0
llama_kv_cache: layer  23: dev = CUDA0
llama_kv_cache: layer  24: dev = CUDA0
llama_kv_cache: layer  25: dev = CUDA0
llama_kv_cache: layer  26: dev = CUDA0
llama_kv_cache: layer  27: dev = CUDA0
llama_kv_cache:        CPU KV buffer size =     4.50 MiB
llama_kv_cache:      CUDA0 KV buffer size =    37.50 MiB
llama_kv_cache: size =   42.00 MiB (   768 cells,  28 layers,  1/1 seqs), K (f16):   21.00 MiB, V (f16):   21.00 MiB
llama_kv_cache: attn_rot_k = 0, n_embd_head_k_all = 128
llama_kv_cache: attn_rot_v = 0, n_embd_head_k_all = 128
llama_context: enumerating backends
llama_context: backend_ptrs.size() = 2
sched_reserve: reserving ...
sched_reserve: max_nodes = 2712
sched_reserve: reserving full memory module
sched_reserve: worst-case: n_tokens = 512, n_seqs = 1, n_outputs = 1
graph_reserve: reserving a graph for ubatch with n_tokens =    1, n_seqs =  1, n_outputs =    1
sched_reserve: Flash Attention was auto, set to enabled
sched_reserve: resolving fused Gated Delta Net support:
graph_reserve: reserving a graph for ubatch with n_tokens =    1, n_seqs =  1, n_outputs =    1
sched_reserve: fused Gated Delta Net (autoregressive) enabled
graph_reserve: reserving a graph for ubatch with n_tokens =   16, n_seqs =  1, n_outputs =   16
sched_reserve: fused Gated Delta Net (chunked) enabled
graph_reserve: reserving a graph for ubatch with n_tokens =  512, n_seqs =  1, n_outputs =  512
graph_reserve: reserving a graph for ubatch with n_tokens =    1, n_seqs =  1, n_outputs =    1
graph_reserve: reserving a graph for ubatch with n_tokens =  512, n_seqs =  1, n_outputs =  512
sched_reserve:      CUDA0 compute buffer size =   304.00 MiB
sched_reserve:  CUDA_Host compute buffer size =    14.76 MiB
sched_reserve: graph nodes  = 958
sched_reserve: graph splits = 44 (with bs=512), 2 (with bs=1)
sched_reserve: reserve took 15.09 ms, sched copies = 1
CUDA Graph id 7386 reused
ggml_backend_cuda_graph_compute: CUDA graph warmup complete
CUDA Graph id 7386 reused
CUDA Graph id 7386 reused
CUDA Graph id 7386 reused
CUDA Graph id 7386 reused
CUDA Graph id 7386 reused
CUDA Graph id 7386 reused
CUDA Graph id 7386 reused
CUDA Graph id 7386 reused
~llama_context:      CUDA0 compute buffer size is 304.0000 MiB, matches expectation of 304.0000 MiB
~llama_context:  CUDA_Host compute buffer size is  14.7637 MiB, matches expectation of  14.7637 MiB
llama_context: constructing llama_context
llama_context: n_seq_max     = 1
llama_context: n_ctx         = 768
llama_context: n_ctx_seq     = 768
llama_context: n_batch       = 631
llama_context: n_ubatch      = 512
llama_context: causal_attn   = 1
llama_context: flash_attn    = auto
llama_context: kv_unified    = false
llama_context: freq_base     = 1000000.0
llama_context: freq_scale    = 1
llama_context: n_rs_seq      = 0
llama_context: n_outputs_max = 631
llama_context: n_ctx_seq (768) < n_ctx_train (32768) -- the full capacity of the model will not be utilized
set_abort_callback: call
llama_context:  CUDA_Host  output buffer size =     0.58 MiB
llama_kv_cache: layer   0: dev = CPU
llama_kv_cache: layer   1: dev = CPU
llama_kv_cache: layer   2: dev = CPU
llama_kv_cache: layer   3: dev = CUDA0
llama_kv_cache: layer   4: dev = CUDA0
llama_kv_cache: layer   5: dev = CUDA0
llama_kv_cache: layer   6: dev = CUDA0
llama_kv_cache: layer   7: dev = CUDA0
llama_kv_cache: layer   8: dev = CUDA0
llama_kv_cache: layer   9: dev = CUDA0
llama_kv_cache: layer  10: dev = CUDA0
llama_kv_cache: layer  11: dev = CUDA0
llama_kv_cache: layer  12: dev = CUDA0
llama_kv_cache: layer  13: dev = CUDA0
llama_kv_cache: layer  14: dev = CUDA0
llama_kv_cache: layer  15: dev = CUDA0
llama_kv_cache: layer  16: dev = CUDA0
llama_kv_cache: layer  17: dev = CUDA0
llama_kv_cache: layer  18: dev = CUDA0
llama_kv_cache: layer  19: dev = CUDA0
llama_kv_cache: layer  20: dev = CUDA0
llama_kv_cache: layer  21: dev = CUDA0
llama_kv_cache: layer  22: dev = CUDA0
llama_kv_cache: layer  23: dev = CUDA0
llama_kv_cache: layer  24: dev = CUDA0
llama_kv_cache: layer  25: dev = CUDA0
llama_kv_cache: layer  26: dev = CUDA0
llama_kv_cache: layer  27: dev = CUDA0
llama_kv_cache:        CPU KV buffer size =     4.50 MiB
llama_kv_cache:      CUDA0 KV buffer size =    37.50 MiB
llama_kv_cache: size =   42.00 MiB (   768 cells,  28 layers,  1/1 seqs), K (f16):   21.00 MiB, V (f16):   21.00 MiB
llama_kv_cache: attn_rot_k = 0, n_embd_head_k_all = 128
llama_kv_cache: attn_rot_v = 0, n_embd_head_k_all = 128
llama_context: enumerating backends
llama_context: backend_ptrs.size() = 2
sched_reserve: reserving ...
sched_reserve: max_nodes = 2712
sched_reserve: reserving full memory module
sched_reserve: worst-case: n_tokens = 512, n_seqs = 1, n_outputs = 1
graph_reserve: reserving a graph for ubatch with n_tokens =    1, n_seqs =  1, n_outputs =    1
sched_reserve: Flash Attention was auto, set to enabled
sched_reserve: resolving fused Gated Delta Net support:
graph_reserve: reserving a graph for ubatch with n_tokens =    1, n_seqs =  1, n_outputs =    1
sched_reserve: fused Gated Delta Net (autoregressive) enabled
graph_reserve: reserving a graph for ubatch with n_tokens =   16, n_seqs =  1, n_outputs =   16
sched_reserve: fused Gated Delta Net (chunked) enabled
graph_reserve: reserving a graph for ubatch with n_tokens =  512, n_seqs =  1, n_outputs =  512
graph_reserve: reserving a graph for ubatch with n_tokens =    1, n_seqs =  1, n_outputs =    1
graph_reserve: reserving a graph for ubatch with n_tokens =  512, n_seqs =  1, n_outputs =  512
sched_reserve:      CUDA0 compute buffer size =   304.00 MiB
sched_reserve:  CUDA_Host compute buffer size =    14.76 MiB
sched_reserve: graph nodes  = 958
sched_reserve: graph splits = 44 (with bs=512), 2 (with bs=1)
sched_reserve: reserve took 12.79 ms, sched copies = 1
CUDA Graph id 7536 reused
ggml_backend_cuda_graph_compute: CUDA graph warmup complete
CUDA Graph id 7536 reused
CUDA Graph id 7536 reused
CUDA Graph id 7536 reused
CUDA Graph id 7536 reused
CUDA Graph id 7536 reused
CUDA Graph id 7536 reused
CUDA Graph id 7536 reused
CUDA Graph id 7536 reused
~llama_context:      CUDA0 compute buffer size is 304.0000 MiB, matches expectation of 304.0000 MiB
~llama_context:  CUDA_Host compute buffer size is  14.7637 MiB, matches expectation of  14.7637 MiB
llama_context: constructing llama_context
llama_context: n_seq_max     = 1
llama_context: n_ctx         = 768
llama_context: n_ctx_seq     = 768
llama_context: n_batch       = 631
llama_context: n_ubatch      = 512
llama_context: causal_attn   = 1
llama_context: flash_attn    = auto
llama_context: kv_unified    = false
llama_context: freq_base     = 1000000.0
llama_context: freq_scale    = 1
llama_context: n_rs_seq      = 0
llama_context: n_outputs_max = 631
llama_context: n_ctx_seq (768) < n_ctx_train (32768) -- the full capacity of the model will not be utilized
set_abort_callback: call
llama_context:  CUDA_Host  output buffer size =     0.58 MiB
llama_kv_cache: layer   0: dev = CPU
llama_kv_cache: layer   1: dev = CPU
llama_kv_cache: layer   2: dev = CPU
llama_kv_cache: layer   3: dev = CUDA0
llama_kv_cache: layer   4: dev = CUDA0
llama_kv_cache: layer   5: dev = CUDA0
llama_kv_cache: layer   6: dev = CUDA0
llama_kv_cache: layer   7: dev = CUDA0
llama_kv_cache: layer   8: dev = CUDA0
llama_kv_cache: layer   9: dev = CUDA0
llama_kv_cache: layer  10: dev = CUDA0
llama_kv_cache: layer  11: dev = CUDA0
llama_kv_cache: layer  12: dev = CUDA0
llama_kv_cache: layer  13: dev = CUDA0
llama_kv_cache: layer  14: dev = CUDA0
llama_kv_cache: layer  15: dev = CUDA0
llama_kv_cache: layer  16: dev = CUDA0
llama_kv_cache: layer  17: dev = CUDA0
llama_kv_cache: layer  18: dev = CUDA0
llama_kv_cache: layer  19: dev = CUDA0
llama_kv_cache: layer  20: dev = CUDA0
llama_kv_cache: layer  21: dev = CUDA0
llama_kv_cache: layer  22: dev = CUDA0
llama_kv_cache: layer  23: dev = CUDA0
llama_kv_cache: layer  24: dev = CUDA0
llama_kv_cache: layer  25: dev = CUDA0
llama_kv_cache: layer  26: dev = CUDA0
llama_kv_cache: layer  27: dev = CUDA0
llama_kv_cache:        CPU KV buffer size =     4.50 MiB
llama_kv_cache:      CUDA0 KV buffer size =    37.50 MiB
llama_kv_cache: size =   42.00 MiB (   768 cells,  28 layers,  1/1 seqs), K (f16):   21.00 MiB, V (f16):   21.00 MiB
llama_kv_cache: attn_rot_k = 0, n_embd_head_k_all = 128
llama_kv_cache: attn_rot_v = 0, n_embd_head_k_all = 128
llama_context: enumerating backends
llama_context: backend_ptrs.size() = 2
sched_reserve: reserving ...
sched_reserve: max_nodes = 2712
sched_reserve: reserving full memory module
sched_reserve: worst-case: n_tokens = 512, n_seqs = 1, n_outputs = 1
graph_reserve: reserving a graph for ubatch with n_tokens =    1, n_seqs =  1, n_outputs =    1
sched_reserve: Flash Attention was auto, set to enabled
sched_reserve: resolving fused Gated Delta Net support:
graph_reserve: reserving a graph for ubatch with n_tokens =    1, n_seqs =  1, n_outputs =    1
sched_reserve: fused Gated Delta Net (autoregressive) enabled
graph_reserve: reserving a graph for ubatch with n_tokens =   16, n_seqs =  1, n_outputs =   16
sched_reserve: fused Gated Delta Net (chunked) enabled
graph_reserve: reserving a graph for ubatch with n_tokens =  512, n_seqs =  1, n_outputs =  512
graph_reserve: reserving a graph for ubatch with n_tokens =    1, n_seqs =  1, n_outputs =    1
graph_reserve: reserving a graph for ubatch with n_tokens =  512, n_seqs =  1, n_outputs =  512
sched_reserve:      CUDA0 compute buffer size =   304.00 MiB
sched_reserve:  CUDA_Host compute buffer size =    14.76 MiB
sched_reserve: graph nodes  = 958
sched_reserve: graph splits = 44 (with bs=512), 2 (with bs=1)
sched_reserve: reserve took 13.96 ms, sched copies = 1
CUDA Graph id 7686 reused
ggml_backend_cuda_graph_compute: CUDA graph warmup complete
CUDA Graph id 7686 reused
CUDA Graph id 7686 reused
CUDA Graph id 7686 reused
CUDA Graph id 7686 reused
CUDA Graph id 7686 reused
CUDA Graph id 7686 reused
~llama_context:      CUDA0 compute buffer size is 304.0000 MiB, matches expectation of 304.0000 MiB
~llama_context:  CUDA_Host compute buffer size is  14.7637 MiB, matches expectation of  14.7637 MiB
llama_context: constructing llama_context
llama_context: n_seq_max     = 1
llama_context: n_ctx         = 768
llama_context: n_ctx_seq     = 768
llama_context: n_batch       = 631
llama_context: n_ubatch      = 512
llama_context: causal_attn   = 1
llama_context: flash_attn    = auto
llama_context: kv_unified    = false
llama_context: freq_base     = 1000000.0
llama_context: freq_scale    = 1
llama_context: n_rs_seq      = 0
llama_context: n_outputs_max = 631
llama_context: n_ctx_seq (768) < n_ctx_train (32768) -- the full capacity of the model will not be utilized
set_abort_callback: call
llama_context:  CUDA_Host  output buffer size =     0.58 MiB
llama_kv_cache: layer   0: dev = CPU
llama_kv_cache: layer   1: dev = CPU
llama_kv_cache: layer   2: dev = CPU
llama_kv_cache: layer   3: dev = CUDA0
llama_kv_cache: layer   4: dev = CUDA0
llama_kv_cache: layer   5: dev = CUDA0
llama_kv_cache: layer   6: dev = CUDA0
llama_kv_cache: layer   7: dev = CUDA0
llama_kv_cache: layer   8: dev = CUDA0
llama_kv_cache: layer   9: dev = CUDA0
llama_kv_cache: layer  10: dev = CUDA0
llama_kv_cache: layer  11: dev = CUDA0
llama_kv_cache: layer  12: dev = CUDA0
llama_kv_cache: layer  13: dev = CUDA0
llama_kv_cache: layer  14: dev = CUDA0
llama_kv_cache: layer  15: dev = CUDA0
llama_kv_cache: layer  16: dev = CUDA0
llama_kv_cache: layer  17: dev = CUDA0
llama_kv_cache: layer  18: dev = CUDA0
llama_kv_cache: layer  19: dev = CUDA0
llama_kv_cache: layer  20: dev = CUDA0
llama_kv_cache: layer  21: dev = CUDA0
llama_kv_cache: layer  22: dev = CUDA0
llama_kv_cache: layer  23: dev = CUDA0
llama_kv_cache: layer  24: dev = CUDA0
llama_kv_cache: layer  25: dev = CUDA0
llama_kv_cache: layer  26: dev = CUDA0
llama_kv_cache: layer  27: dev = CUDA0
llama_kv_cache:        CPU KV buffer size =     4.50 MiB
llama_kv_cache:      CUDA0 KV buffer size =    37.50 MiB
llama_kv_cache: size =   42.00 MiB (   768 cells,  28 layers,  1/1 seqs), K (f16):   21.00 MiB, V (f16):   21.00 MiB
llama_kv_cache: attn_rot_k = 0, n_embd_head_k_all = 128
llama_kv_cache: attn_rot_v = 0, n_embd_head_k_all = 128
llama_context: enumerating backends
llama_context: backend_ptrs.size() = 2
sched_reserve: reserving ...
sched_reserve: max_nodes = 2712
sched_reserve: reserving full memory module
sched_reserve: worst-case: n_tokens = 512, n_seqs = 1, n_outputs = 1
graph_reserve: reserving a graph for ubatch with n_tokens =    1, n_seqs =  1, n_outputs =    1
sched_reserve: Flash Attention was auto, set to enabled
sched_reserve: resolving fused Gated Delta Net support:
graph_reserve: reserving a graph for ubatch with n_tokens =    1, n_seqs =  1, n_outputs =    1
sched_reserve: fused Gated Delta Net (autoregressive) enabled
graph_reserve: reserving a graph for ubatch with n_tokens =   16, n_seqs =  1, n_outputs =   16
sched_reserve: fused Gated Delta Net (chunked) enabled
graph_reserve: reserving a graph for ubatch with n_tokens =  512, n_seqs =  1, n_outputs =  512
graph_reserve: reserving a graph for ubatch with n_tokens =    1, n_seqs =  1, n_outputs =    1
graph_reserve: reserving a graph for ubatch with n_tokens =  512, n_seqs =  1, n_outputs =  512
sched_reserve:      CUDA0 compute buffer size =   304.00 MiB
sched_reserve:  CUDA_Host compute buffer size =    14.76 MiB
sched_reserve: graph nodes  = 958
sched_reserve: graph splits = 44 (with bs=512), 2 (with bs=1)
sched_reserve: reserve took 13.31 ms, sched copies = 1
CUDA Graph id 7836 reused
ggml_backend_cuda_graph_compute: CUDA graph warmup complete
CUDA Graph id 7836 reused
CUDA Graph id 7836 reused
CUDA Graph id 7836 reused
CUDA Graph id 7836 reused
CUDA Graph id 7836 reused
CUDA Graph id 7836 reused
CUDA Graph id 7836 reused
CUDA Graph id 7836 reused
~llama_context:      CUDA0 compute buffer size is 304.0000 MiB, matches expectation of 304.0000 MiB
~llama_context:  CUDA_Host compute buffer size is  14.7637 MiB, matches expectation of  14.7637 MiB
llama_context: constructing llama_context
llama_context: n_seq_max     = 1
llama_context: n_ctx         = 768
llama_context: n_ctx_seq     = 768
llama_context: n_batch       = 631
llama_context: n_ubatch      = 512
llama_context: causal_attn   = 1
llama_context: flash_attn    = auto
llama_context: kv_unified    = false
llama_context: freq_base     = 1000000.0
llama_context: freq_scale    = 1
llama_context: n_rs_seq      = 0
llama_context: n_outputs_max = 631
llama_context: n_ctx_seq (768) < n_ctx_train (32768) -- the full capacity of the model will not be utilized
set_abort_callback: call
llama_context:  CUDA_Host  output buffer size =     0.58 MiB
llama_kv_cache: layer   0: dev = CPU
llama_kv_cache: layer   1: dev = CPU
llama_kv_cache: layer   2: dev = CPU
llama_kv_cache: layer   3: dev = CUDA0
llama_kv_cache: layer   4: dev = CUDA0
llama_kv_cache: layer   5: dev = CUDA0
llama_kv_cache: layer   6: dev = CUDA0
llama_kv_cache: layer   7: dev = CUDA0
llama_kv_cache: layer   8: dev = CUDA0
llama_kv_cache: layer   9: dev = CUDA0
llama_kv_cache: layer  10: dev = CUDA0
llama_kv_cache: layer  11: dev = CUDA0
llama_kv_cache: layer  12: dev = CUDA0
llama_kv_cache: layer  13: dev = CUDA0
llama_kv_cache: layer  14: dev = CUDA0
llama_kv_cache: layer  15: dev = CUDA0
llama_kv_cache: layer  16: dev = CUDA0
llama_kv_cache: layer  17: dev = CUDA0
llama_kv_cache: layer  18: dev = CUDA0
llama_kv_cache: layer  19: dev = CUDA0
llama_kv_cache: layer  20: dev = CUDA0
llama_kv_cache: layer  21: dev = CUDA0
llama_kv_cache: layer  22: dev = CUDA0
llama_kv_cache: layer  23: dev = CUDA0
llama_kv_cache: layer  24: dev = CUDA0
llama_kv_cache: layer  25: dev = CUDA0
llama_kv_cache: layer  26: dev = CUDA0
llama_kv_cache: layer  27: dev = CUDA0
llama_kv_cache:        CPU KV buffer size =     4.50 MiB
llama_kv_cache:      CUDA0 KV buffer size =    37.50 MiB
llama_kv_cache: size =   42.00 MiB (   768 cells,  28 layers,  1/1 seqs), K (f16):   21.00 MiB, V (f16):   21.00 MiB
llama_kv_cache: attn_rot_k = 0, n_embd_head_k_all = 128
llama_kv_cache: attn_rot_v = 0, n_embd_head_k_all = 128
llama_context: enumerating backends
llama_context: backend_ptrs.size() = 2
sched_reserve: reserving ...
sched_reserve: max_nodes = 2712
sched_reserve: reserving full memory module
sched_reserve: worst-case: n_tokens = 512, n_seqs = 1, n_outputs = 1
graph_reserve: reserving a graph for ubatch with n_tokens =    1, n_seqs =  1, n_outputs =    1
sched_reserve: Flash Attention was auto, set to enabled
sched_reserve: resolving fused Gated Delta Net support:
graph_reserve: reserving a graph for ubatch with n_tokens =    1, n_seqs =  1, n_outputs =    1
sched_reserve: fused Gated Delta Net (autoregressive) enabled
graph_reserve: reserving a graph for ubatch with n_tokens =   16, n_seqs =  1, n_outputs =   16
sched_reserve: fused Gated Delta Net (chunked) enabled
graph_reserve: reserving a graph for ubatch with n_tokens =  512, n_seqs =  1, n_outputs =  512
graph_reserve: reserving a graph for ubatch with n_tokens =    1, n_seqs =  1, n_outputs =    1
graph_reserve: reserving a graph for ubatch with n_tokens =  512, n_seqs =  1, n_outputs =  512
sched_reserve:      CUDA0 compute buffer size =   304.00 MiB
sched_reserve:  CUDA_Host compute buffer size =    14.76 MiB
sched_reserve: graph nodes  = 958
sched_reserve: graph splits = 44 (with bs=512), 2 (with bs=1)
sched_reserve: reserve took 12.97 ms, sched copies = 1
CUDA Graph id 7986 reused
ggml_backend_cuda_graph_compute: CUDA graph warmup complete
CUDA Graph id 7986 reused
CUDA Graph id 7986 reused
CUDA Graph id 7986 reused
CUDA Graph id 7986 reused
CUDA Graph id 7986 reused
CUDA Graph id 7986 reused
CUDA Graph id 7986 reused
CUDA Graph id 7986 reused
~llama_context:      CUDA0 compute buffer size is 304.0000 MiB, matches expectation of 304.0000 MiB
~llama_context:  CUDA_Host compute buffer size is  14.7637 MiB, matches expectation of  14.7637 MiB
llama_context: constructing llama_context
llama_context: n_seq_max     = 1
llama_context: n_ctx         = 768
llama_context: n_ctx_seq     = 768
llama_context: n_batch       = 631
llama_context: n_ubatch      = 512
llama_context: causal_attn   = 1
llama_context: flash_attn    = auto
llama_context: kv_unified    = false
llama_context: freq_base     = 1000000.0
llama_context: freq_scale    = 1
llama_context: n_rs_seq      = 0
llama_context: n_outputs_max = 631
llama_context: n_ctx_seq (768) < n_ctx_train (32768) -- the full capacity of the model will not be utilized
set_abort_callback: call
llama_context:  CUDA_Host  output buffer size =     0.58 MiB
llama_kv_cache: layer   0: dev = CPU
llama_kv_cache: layer   1: dev = CPU
llama_kv_cache: layer   2: dev = CPU
llama_kv_cache: layer   3: dev = CUDA0
llama_kv_cache: layer   4: dev = CUDA0
llama_kv_cache: layer   5: dev = CUDA0
llama_kv_cache: layer   6: dev = CUDA0
llama_kv_cache: layer   7: dev = CUDA0
llama_kv_cache: layer   8: dev = CUDA0
llama_kv_cache: layer   9: dev = CUDA0
llama_kv_cache: layer  10: dev = CUDA0
llama_kv_cache: layer  11: dev = CUDA0
llama_kv_cache: layer  12: dev = CUDA0
llama_kv_cache: layer  13: dev = CUDA0
llama_kv_cache: layer  14: dev = CUDA0
llama_kv_cache: layer  15: dev = CUDA0
llama_kv_cache: layer  16: dev = CUDA0
llama_kv_cache: layer  17: dev = CUDA0
llama_kv_cache: layer  18: dev = CUDA0
llama_kv_cache: layer  19: dev = CUDA0
llama_kv_cache: layer  20: dev = CUDA0
llama_kv_cache: layer  21: dev = CUDA0
llama_kv_cache: layer  22: dev = CUDA0
llama_kv_cache: layer  23: dev = CUDA0
llama_kv_cache: layer  24: dev = CUDA0
llama_kv_cache: layer  25: dev = CUDA0
llama_kv_cache: layer  26: dev = CUDA0
llama_kv_cache: layer  27: dev = CUDA0
llama_kv_cache:        CPU KV buffer size =     4.50 MiB
llama_kv_cache:      CUDA0 KV buffer size =    37.50 MiB
llama_kv_cache: size =   42.00 MiB (   768 cells,  28 layers,  1/1 seqs), K (f16):   21.00 MiB, V (f16):   21.00 MiB
llama_kv_cache: attn_rot_k = 0, n_embd_head_k_all = 128
llama_kv_cache: attn_rot_v = 0, n_embd_head_k_all = 128
llama_context: enumerating backends
llama_context: backend_ptrs.size() = 2
sched_reserve: reserving ...
sched_reserve: max_nodes = 2712
sched_reserve: reserving full memory module
sched_reserve: worst-case: n_tokens = 512, n_seqs = 1, n_outputs = 1
graph_reserve: reserving a graph for ubatch with n_tokens =    1, n_seqs =  1, n_outputs =    1
sched_reserve: Flash Attention was auto, set to enabled
sched_reserve: resolving fused Gated Delta Net support:
graph_reserve: reserving a graph for ubatch with n_tokens =    1, n_seqs =  1, n_outputs =    1
sched_reserve: fused Gated Delta Net (autoregressive) enabled
graph_reserve: reserving a graph for ubatch with n_tokens =   16, n_seqs =  1, n_outputs =   16
sched_reserve: fused Gated Delta Net (chunked) enabled
graph_reserve: reserving a graph for ubatch with n_tokens =  512, n_seqs =  1, n_outputs =  512
graph_reserve: reserving a graph for ubatch with n_tokens =    1, n_seqs =  1, n_outputs =    1
graph_reserve: reserving a graph for ubatch with n_tokens =  512, n_seqs =  1, n_outputs =  512
sched_reserve:      CUDA0 compute buffer size =   304.00 MiB
sched_reserve:  CUDA_Host compute buffer size =    14.76 MiB
sched_reserve: graph nodes  = 958
sched_reserve: graph splits = 44 (with bs=512), 2 (with bs=1)
sched_reserve: reserve took 15.86 ms, sched copies = 1
CUDA Graph id 8136 reused
ggml_backend_cuda_graph_compute: CUDA graph warmup complete
CUDA Graph id 8136 reused
CUDA Graph id 8136 reused
CUDA Graph id 8136 reused
CUDA Graph id 8136 reused
CUDA Graph id 8136 reused
CUDA Graph id 8136 reused
CUDA Graph id 8136 reused
CUDA Graph id 8136 reused
CUDA Graph id 8136 reused
CUDA Graph id 8136 reused
CUDA Graph id 8136 reused
CUDA Graph id 8136 reused
CUDA Graph id 8136 reused
CUDA Graph id 8136 reused
CUDA Graph id 8136 reused
CUDA Graph id 8136 reused
CUDA Graph id 8136 reused
CUDA Graph id 8136 reused
CUDA Graph id 8136 reused
CUDA Graph id 8136 reused
CUDA Graph id 8136 reused
CUDA Graph id 8136 reused
CUDA Graph id 8136 reused
CUDA Graph id 8136 reused
CUDA Graph id 8136 reused
CUDA Graph id 8136 reused
CUDA Graph id 8136 reused
CUDA Graph id 8136 reused
CUDA Graph id 8136 reused
CUDA Graph id 8136 reused
CUDA Graph id 8136 reused
CUDA Graph id 8136 reused
CUDA Graph id 8136 reused
CUDA Graph id 8136 reused
CUDA Graph id 8136 reused
CUDA Graph id 8136 reused
CUDA Graph id 8136 reused
CUDA Graph id 8136 reused
CUDA Graph id 8136 reused
CUDA Graph id 8136 reused
CUDA Graph id 8136 reused
CUDA Graph id 8136 reused
CUDA Graph id 8136 reused
CUDA Graph id 8136 reused
CUDA Graph id 8136 reused
CUDA Graph id 8136 reused
CUDA Graph id 8136 reused
CUDA Graph id 8136 reused
CUDA Graph id 8136 reused
CUDA Graph id 8136 reused
CUDA Graph id 8136 reused
CUDA Graph id 8136 reused
CUDA Graph id 8136 reused
CUDA Graph id 8136 reused
CUDA Graph id 8136 reused
CUDA Graph id 8136 reused
CUDA Graph id 8136 reused
CUDA Graph id 8136 reused
CUDA Graph id 8136 reused
CUDA Graph id 8136 reused
CUDA Graph id 8136 reused
CUDA Graph id 8136 reused
CUDA Graph id 8136 reused
CUDA Graph id 8136 reused
CUDA Graph id 8136 reused
CUDA Graph id 8136 reused
CUDA Graph id 8136 reused
CUDA Graph id 8136 reused
CUDA Graph id 8136 reused
CUDA Graph id 8136 reused
CUDA Graph id 8136 reused
CUDA Graph id 8136 reused
CUDA Graph id 8136 reused
CUDA Graph id 8136 reused
CUDA Graph id 8136 reused
CUDA Graph id 8136 reused
CUDA Graph id 8136 reused
CUDA Graph id 8136 reused
CUDA Graph id 8136 reused
CUDA Graph id 8136 reused
CUDA Graph id 8136 reused
CUDA Graph id 8136 reused
CUDA Graph id 8136 reused
~llama_context:      CUDA0 compute buffer size is 304.0000 MiB, matches expectation of 304.0000 MiB
~llama_context:  CUDA_Host compute buffer size is  14.7637 MiB, matches expectation of  14.7637 MiB
schema 84/100 done
llama_context: constructing llama_context
llama_context: n_seq_max     = 1
llama_context: n_ctx         = 768
llama_context: n_ctx_seq     = 768
llama_context: n_batch       = 732
llama_context: n_ubatch      = 512
llama_context: causal_attn   = 1
llama_context: flash_attn    = auto
llama_context: kv_unified    = false
llama_context: freq_base     = 1000000.0
llama_context: freq_scale    = 1
llama_context: n_rs_seq      = 0
llama_context: n_outputs_max = 732
llama_context: n_ctx_seq (768) < n_ctx_train (32768) -- the full capacity of the model will not be utilized
set_abort_callback: call
llama_context:  CUDA_Host  output buffer size =     0.58 MiB
llama_kv_cache: layer   0: dev = CPU
llama_kv_cache: layer   1: dev = CPU
llama_kv_cache: layer   2: dev = CPU
llama_kv_cache: layer   3: dev = CUDA0
llama_kv_cache: layer   4: dev = CUDA0
llama_kv_cache: layer   5: dev = CUDA0
llama_kv_cache: layer   6: dev = CUDA0
llama_kv_cache: layer   7: dev = CUDA0
llama_kv_cache: layer   8: dev = CUDA0
llama_kv_cache: layer   9: dev = CUDA0
llama_kv_cache: layer  10: dev = CUDA0
llama_kv_cache: layer  11: dev = CUDA0
llama_kv_cache: layer  12: dev = CUDA0
llama_kv_cache: layer  13: dev = CUDA0
llama_kv_cache: layer  14: dev = CUDA0
llama_kv_cache: layer  15: dev = CUDA0
llama_kv_cache: layer  16: dev = CUDA0
llama_kv_cache: layer  17: dev = CUDA0
llama_kv_cache: layer  18: dev = CUDA0
llama_kv_cache: layer  19: dev = CUDA0
llama_kv_cache: layer  20: dev = CUDA0
llama_kv_cache: layer  21: dev = CUDA0
llama_kv_cache: layer  22: dev = CUDA0
llama_kv_cache: layer  23: dev = CUDA0
llama_kv_cache: layer  24: dev = CUDA0
llama_kv_cache: layer  25: dev = CUDA0
llama_kv_cache: layer  26: dev = CUDA0
llama_kv_cache: layer  27: dev = CUDA0
llama_kv_cache:        CPU KV buffer size =     4.50 MiB
llama_kv_cache:      CUDA0 KV buffer size =    37.50 MiB
llama_kv_cache: size =   42.00 MiB (   768 cells,  28 layers,  1/1 seqs), K (f16):   21.00 MiB, V (f16):   21.00 MiB
llama_kv_cache: attn_rot_k = 0, n_embd_head_k_all = 128
llama_kv_cache: attn_rot_v = 0, n_embd_head_k_all = 128
llama_context: enumerating backends
llama_context: backend_ptrs.size() = 2
sched_reserve: reserving ...
sched_reserve: max_nodes = 2712
sched_reserve: reserving full memory module
sched_reserve: worst-case: n_tokens = 512, n_seqs = 1, n_outputs = 1
graph_reserve: reserving a graph for ubatch with n_tokens =    1, n_seqs =  1, n_outputs =    1
sched_reserve: Flash Attention was auto, set to enabled
sched_reserve: resolving fused Gated Delta Net support:
graph_reserve: reserving a graph for ubatch with n_tokens =    1, n_seqs =  1, n_outputs =    1
sched_reserve: fused Gated Delta Net (autoregressive) enabled
graph_reserve: reserving a graph for ubatch with n_tokens =   16, n_seqs =  1, n_outputs =   16
sched_reserve: fused Gated Delta Net (chunked) enabled
graph_reserve: reserving a graph for ubatch with n_tokens =  512, n_seqs =  1, n_outputs =  512
graph_reserve: reserving a graph for ubatch with n_tokens =    1, n_seqs =  1, n_outputs =    1
graph_reserve: reserving a graph for ubatch with n_tokens =  512, n_seqs =  1, n_outputs =  512
sched_reserve:      CUDA0 compute buffer size =   304.00 MiB
sched_reserve:  CUDA_Host compute buffer size =    14.76 MiB
sched_reserve: graph nodes  = 958
sched_reserve: graph splits = 44 (with bs=512), 2 (with bs=1)
sched_reserve: reserve took 18.17 ms, sched copies = 1
CUDA Graph id 8286 reused
ggml_backend_cuda_graph_compute: CUDA graph warmup complete
CUDA Graph id 8286 reused
CUDA Graph id 8286 reused
CUDA Graph id 8286 reused
CUDA Graph id 8286 reused
CUDA Graph id 8286 reused
CUDA Graph id 8286 reused
CUDA Graph id 8286 reused
CUDA Graph id 8286 reused
CUDA Graph id 8286 reused
CUDA Graph id 8286 reused
CUDA Graph id 8286 reused
CUDA Graph id 8286 reused
CUDA Graph id 8286 reused
CUDA Graph id 8286 reused
CUDA Graph id 8286 reused
CUDA Graph id 8286 reused
CUDA Graph id 8286 reused
CUDA Graph id 8286 reused
CUDA Graph id 8286 reused
CUDA Graph id 8286 reused
CUDA Graph id 8286 reused
CUDA Graph id 8286 reused
CUDA Graph id 8286 reused
CUDA Graph id 8286 reused
CUDA Graph id 8286 reused
CUDA Graph id 8286 reused
CUDA Graph id 8286 reused
CUDA Graph id 8286 reused
~llama_context:      CUDA0 compute buffer size is 304.0000 MiB, matches expectation of 304.0000 MiB
~llama_context:  CUDA_Host compute buffer size is  14.7637 MiB, matches expectation of  14.7637 MiB
llama_context: constructing llama_context
llama_context: n_seq_max     = 1
llama_context: n_ctx         = 768
llama_context: n_ctx_seq     = 768
llama_context: n_batch       = 732
llama_context: n_ubatch      = 512
llama_context: causal_attn   = 1
llama_context: flash_attn    = auto
llama_context: kv_unified    = false
llama_context: freq_base     = 1000000.0
llama_context: freq_scale    = 1
llama_context: n_rs_seq      = 0
llama_context: n_outputs_max = 732
llama_context: n_ctx_seq (768) < n_ctx_train (32768) -- the full capacity of the model will not be utilized
set_abort_callback: call
llama_context:  CUDA_Host  output buffer size =     0.58 MiB
llama_kv_cache: layer   0: dev = CPU
llama_kv_cache: layer   1: dev = CPU
llama_kv_cache: layer   2: dev = CPU
llama_kv_cache: layer   3: dev = CUDA0
llama_kv_cache: layer   4: dev = CUDA0
llama_kv_cache: layer   5: dev = CUDA0
llama_kv_cache: layer   6: dev = CUDA0
llama_kv_cache: layer   7: dev = CUDA0
llama_kv_cache: layer   8: dev = CUDA0
llama_kv_cache: layer   9: dev = CUDA0
llama_kv_cache: layer  10: dev = CUDA0
llama_kv_cache: layer  11: dev = CUDA0
llama_kv_cache: layer  12: dev = CUDA0
llama_kv_cache: layer  13: dev = CUDA0
llama_kv_cache: layer  14: dev = CUDA0
llama_kv_cache: layer  15: dev = CUDA0
llama_kv_cache: layer  16: dev = CUDA0
llama_kv_cache: layer  17: dev = CUDA0
llama_kv_cache: layer  18: dev = CUDA0
llama_kv_cache: layer  19: dev = CUDA0
llama_kv_cache: layer  20: dev = CUDA0
llama_kv_cache: layer  21: dev = CUDA0
llama_kv_cache: layer  22: dev = CUDA0
llama_kv_cache: layer  23: dev = CUDA0
llama_kv_cache: layer  24: dev = CUDA0
llama_kv_cache: layer  25: dev = CUDA0
llama_kv_cache: layer  26: dev = CUDA0
llama_kv_cache: layer  27: dev = CUDA0
llama_kv_cache:        CPU KV buffer size =     4.50 MiB
llama_kv_cache:      CUDA0 KV buffer size =    37.50 MiB
llama_kv_cache: size =   42.00 MiB (   768 cells,  28 layers,  1/1 seqs), K (f16):   21.00 MiB, V (f16):   21.00 MiB
llama_kv_cache: attn_rot_k = 0, n_embd_head_k_all = 128
llama_kv_cache: attn_rot_v = 0, n_embd_head_k_all = 128
llama_context: enumerating backends
llama_context: backend_ptrs.size() = 2
sched_reserve: reserving ...
sched_reserve: max_nodes = 2712
sched_reserve: reserving full memory module
sched_reserve: worst-case: n_tokens = 512, n_seqs = 1, n_outputs = 1
graph_reserve: reserving a graph for ubatch with n_tokens =    1, n_seqs =  1, n_outputs =    1
sched_reserve: Flash Attention was auto, set to enabled
sched_reserve: resolving fused Gated Delta Net support:
graph_reserve: reserving a graph for ubatch with n_tokens =    1, n_seqs =  1, n_outputs =    1
sched_reserve: fused Gated Delta Net (autoregressive) enabled
graph_reserve: reserving a graph for ubatch with n_tokens =   16, n_seqs =  1, n_outputs =   16
sched_reserve: fused Gated Delta Net (chunked) enabled
graph_reserve: reserving a graph for ubatch with n_tokens =  512, n_seqs =  1, n_outputs =  512
graph_reserve: reserving a graph for ubatch with n_tokens =    1, n_seqs =  1, n_outputs =    1
graph_reserve: reserving a graph for ubatch with n_tokens =  512, n_seqs =  1, n_outputs =  512
sched_reserve:      CUDA0 compute buffer size =   304.00 MiB
sched_reserve:  CUDA_Host compute buffer size =    14.76 MiB
sched_reserve: graph nodes  = 958
sched_reserve: graph splits = 44 (with bs=512), 2 (with bs=1)
sched_reserve: reserve took 12.88 ms, sched copies = 1
CUDA Graph id 8436 reused
ggml_backend_cuda_graph_compute: CUDA graph warmup complete
CUDA Graph id 8436 reused
CUDA Graph id 8436 reused
CUDA Graph id 8436 reused
CUDA Graph id 8436 reused
CUDA Graph id 8436 reused
CUDA Graph id 8436 reused
CUDA Graph id 8436 reused
CUDA Graph id 8436 reused
CUDA Graph id 8436 reused
CUDA Graph id 8436 reused
CUDA Graph id 8436 reused
CUDA Graph id 8436 reused
CUDA Graph id 8436 reused
CUDA Graph id 8436 reused
CUDA Graph id 8436 reused
CUDA Graph id 8436 reused
CUDA Graph id 8436 reused
CUDA Graph id 8436 reused
CUDA Graph id 8436 reused
CUDA Graph id 8436 reused
CUDA Graph id 8436 reused
CUDA Graph id 8436 reused
CUDA Graph id 8436 reused
CUDA Graph id 8436 reused
CUDA Graph id 8436 reused
CUDA Graph id 8436 reused
CUDA Graph id 8436 reused
CUDA Graph id 8436 reused
~llama_context:      CUDA0 compute buffer size is 304.0000 MiB, matches expectation of 304.0000 MiB
~llama_context:  CUDA_Host compute buffer size is  14.7637 MiB, matches expectation of  14.7637 MiB
llama_context: constructing llama_context
llama_context: n_seq_max     = 1
llama_context: n_ctx         = 768
llama_context: n_ctx_seq     = 768
llama_context: n_batch       = 732
llama_context: n_ubatch      = 512
llama_context: causal_attn   = 1
llama_context: flash_attn    = auto
llama_context: kv_unified    = false
llama_context: freq_base     = 1000000.0
llama_context: freq_scale    = 1
llama_context: n_rs_seq      = 0
llama_context: n_outputs_max = 732
llama_context: n_ctx_seq (768) < n_ctx_train (32768) -- the full capacity of the model will not be utilized
set_abort_callback: call
llama_context:  CUDA_Host  output buffer size =     0.58 MiB
llama_kv_cache: layer   0: dev = CPU
llama_kv_cache: layer   1: dev = CPU
llama_kv_cache: layer   2: dev = CPU
llama_kv_cache: layer   3: dev = CUDA0
llama_kv_cache: layer   4: dev = CUDA0
llama_kv_cache: layer   5: dev = CUDA0
llama_kv_cache: layer   6: dev = CUDA0
llama_kv_cache: layer   7: dev = CUDA0
llama_kv_cache: layer   8: dev = CUDA0
llama_kv_cache: layer   9: dev = CUDA0
llama_kv_cache: layer  10: dev = CUDA0
llama_kv_cache: layer  11: dev = CUDA0
llama_kv_cache: layer  12: dev = CUDA0
llama_kv_cache: layer  13: dev = CUDA0
llama_kv_cache: layer  14: dev = CUDA0
llama_kv_cache: layer  15: dev = CUDA0
llama_kv_cache: layer  16: dev = CUDA0
llama_kv_cache: layer  17: dev = CUDA0
llama_kv_cache: layer  18: dev = CUDA0
llama_kv_cache: layer  19: dev = CUDA0
llama_kv_cache: layer  20: dev = CUDA0
llama_kv_cache: layer  21: dev = CUDA0
llama_kv_cache: layer  22: dev = CUDA0
llama_kv_cache: layer  23: dev = CUDA0
llama_kv_cache: layer  24: dev = CUDA0
llama_kv_cache: layer  25: dev = CUDA0
llama_kv_cache: layer  26: dev = CUDA0
llama_kv_cache: layer  27: dev = CUDA0
llama_kv_cache:        CPU KV buffer size =     4.50 MiB
llama_kv_cache:      CUDA0 KV buffer size =    37.50 MiB
llama_kv_cache: size =   42.00 MiB (   768 cells,  28 layers,  1/1 seqs), K (f16):   21.00 MiB, V (f16):   21.00 MiB
llama_kv_cache: attn_rot_k = 0, n_embd_head_k_all = 128
llama_kv_cache: attn_rot_v = 0, n_embd_head_k_all = 128
llama_context: enumerating backends
llama_context: backend_ptrs.size() = 2
sched_reserve: reserving ...
sched_reserve: max_nodes = 2712
sched_reserve: reserving full memory module
sched_reserve: worst-case: n_tokens = 512, n_seqs = 1, n_outputs = 1
graph_reserve: reserving a graph for ubatch with n_tokens =    1, n_seqs =  1, n_outputs =    1
sched_reserve: Flash Attention was auto, set to enabled
sched_reserve: resolving fused Gated Delta Net support:
graph_reserve: reserving a graph for ubatch with n_tokens =    1, n_seqs =  1, n_outputs =    1
sched_reserve: fused Gated Delta Net (autoregressive) enabled
graph_reserve: reserving a graph for ubatch with n_tokens =   16, n_seqs =  1, n_outputs =   16
sched_reserve: fused Gated Delta Net (chunked) enabled
graph_reserve: reserving a graph for ubatch with n_tokens =  512, n_seqs =  1, n_outputs =  512
graph_reserve: reserving a graph for ubatch with n_tokens =    1, n_seqs =  1, n_outputs =    1
graph_reserve: reserving a graph for ubatch with n_tokens =  512, n_seqs =  1, n_outputs =  512
sched_reserve:      CUDA0 compute buffer size =   304.00 MiB
sched_reserve:  CUDA_Host compute buffer size =    14.76 MiB
sched_reserve: graph nodes  = 958
sched_reserve: graph splits = 44 (with bs=512), 2 (with bs=1)
sched_reserve: reserve took 17.86 ms, sched copies = 1
CUDA Graph id 8586 reused
ggml_backend_cuda_graph_compute: CUDA graph warmup complete
CUDA Graph id 8586 reused
CUDA Graph id 8586 reused
CUDA Graph id 8586 reused
CUDA Graph id 8586 reused
CUDA Graph id 8586 reused
CUDA Graph id 8586 reused
CUDA Graph id 8586 reused
CUDA Graph id 8586 reused
CUDA Graph id 8586 reused
CUDA Graph id 8586 reused
CUDA Graph id 8586 reused
CUDA Graph id 8586 reused
CUDA Graph id 8586 reused
CUDA Graph id 8586 reused
CUDA Graph id 8586 reused
CUDA Graph id 8586 reused
CUDA Graph id 8586 reused
CUDA Graph id 8586 reused
CUDA Graph id 8586 reused
CUDA Graph id 8586 reused
CUDA Graph id 8586 reused
CUDA Graph id 8586 reused
~llama_context:      CUDA0 compute buffer size is 304.0000 MiB, matches expectation of 304.0000 MiB
~llama_context:  CUDA_Host compute buffer size is  14.7637 MiB, matches expectation of  14.7637 MiB
llama_context: constructing llama_context
llama_context: n_seq_max     = 1
llama_context: n_ctx         = 768
llama_context: n_ctx_seq     = 768
llama_context: n_batch       = 732
llama_context: n_ubatch      = 512
llama_context: causal_attn   = 1
llama_context: flash_attn    = auto
llama_context: kv_unified    = false
llama_context: freq_base     = 1000000.0
llama_context: freq_scale    = 1
llama_context: n_rs_seq      = 0
llama_context: n_outputs_max = 732
llama_context: n_ctx_seq (768) < n_ctx_train (32768) -- the full capacity of the model will not be utilized
set_abort_callback: call
llama_context:  CUDA_Host  output buffer size =     0.58 MiB
llama_kv_cache: layer   0: dev = CPU
llama_kv_cache: layer   1: dev = CPU
llama_kv_cache: layer   2: dev = CPU
llama_kv_cache: layer   3: dev = CUDA0
llama_kv_cache: layer   4: dev = CUDA0
llama_kv_cache: layer   5: dev = CUDA0
llama_kv_cache: layer   6: dev = CUDA0
llama_kv_cache: layer   7: dev = CUDA0
llama_kv_cache: layer   8: dev = CUDA0
llama_kv_cache: layer   9: dev = CUDA0
llama_kv_cache: layer  10: dev = CUDA0
llama_kv_cache: layer  11: dev = CUDA0
llama_kv_cache: layer  12: dev = CUDA0
llama_kv_cache: layer  13: dev = CUDA0
llama_kv_cache: layer  14: dev = CUDA0
llama_kv_cache: layer  15: dev = CUDA0
llama_kv_cache: layer  16: dev = CUDA0
llama_kv_cache: layer  17: dev = CUDA0
llama_kv_cache: layer  18: dev = CUDA0
llama_kv_cache: layer  19: dev = CUDA0
llama_kv_cache: layer  20: dev = CUDA0
llama_kv_cache: layer  21: dev = CUDA0
llama_kv_cache: layer  22: dev = CUDA0
llama_kv_cache: layer  23: dev = CUDA0
llama_kv_cache: layer  24: dev = CUDA0
llama_kv_cache: layer  25: dev = CUDA0
llama_kv_cache: layer  26: dev = CUDA0
llama_kv_cache: layer  27: dev = CUDA0
llama_kv_cache:        CPU KV buffer size =     4.50 MiB
llama_kv_cache:      CUDA0 KV buffer size =    37.50 MiB
llama_kv_cache: size =   42.00 MiB (   768 cells,  28 layers,  1/1 seqs), K (f16):   21.00 MiB, V (f16):   21.00 MiB
llama_kv_cache: attn_rot_k = 0, n_embd_head_k_all = 128
llama_kv_cache: attn_rot_v = 0, n_embd_head_k_all = 128
llama_context: enumerating backends
llama_context: backend_ptrs.size() = 2
sched_reserve: reserving ...
sched_reserve: max_nodes = 2712
sched_reserve: reserving full memory module
sched_reserve: worst-case: n_tokens = 512, n_seqs = 1, n_outputs = 1
graph_reserve: reserving a graph for ubatch with n_tokens =    1, n_seqs =  1, n_outputs =    1
sched_reserve: Flash Attention was auto, set to enabled
sched_reserve: resolving fused Gated Delta Net support:
graph_reserve: reserving a graph for ubatch with n_tokens =    1, n_seqs =  1, n_outputs =    1
sched_reserve: fused Gated Delta Net (autoregressive) enabled
graph_reserve: reserving a graph for ubatch with n_tokens =   16, n_seqs =  1, n_outputs =   16
sched_reserve: fused Gated Delta Net (chunked) enabled
graph_reserve: reserving a graph for ubatch with n_tokens =  512, n_seqs =  1, n_outputs =  512
graph_reserve: reserving a graph for ubatch with n_tokens =    1, n_seqs =  1, n_outputs =    1
graph_reserve: reserving a graph for ubatch with n_tokens =  512, n_seqs =  1, n_outputs =  512
sched_reserve:      CUDA0 compute buffer size =   304.00 MiB
sched_reserve:  CUDA_Host compute buffer size =    14.76 MiB
sched_reserve: graph nodes  = 958
sched_reserve: graph splits = 44 (with bs=512), 2 (with bs=1)
sched_reserve: reserve took 10.49 ms, sched copies = 1
CUDA Graph id 8736 reused
ggml_backend_cuda_graph_compute: CUDA graph warmup complete
CUDA Graph id 8736 reused
CUDA Graph id 8736 reused
CUDA Graph id 8736 reused
CUDA Graph id 8736 reused
CUDA Graph id 8736 reused
CUDA Graph id 8736 reused
CUDA Graph id 8736 reused
CUDA Graph id 8736 reused
CUDA Graph id 8736 reused
CUDA Graph id 8736 reused
CUDA Graph id 8736 reused
CUDA Graph id 8736 reused
CUDA Graph id 8736 reused
CUDA Graph id 8736 reused
CUDA Graph id 8736 reused
CUDA Graph id 8736 reused
CUDA Graph id 8736 reused
CUDA Graph id 8736 reused
CUDA Graph id 8736 reused
CUDA Graph id 8736 reused
CUDA Graph id 8736 reused
CUDA Graph id 8736 reused
~llama_context:      CUDA0 compute buffer size is 304.0000 MiB, matches expectation of 304.0000 MiB
~llama_context:  CUDA_Host compute buffer size is  14.7637 MiB, matches expectation of  14.7637 MiB
llama_context: constructing llama_context
llama_context: n_seq_max     = 1
llama_context: n_ctx         = 768
llama_context: n_ctx_seq     = 768
llama_context: n_batch       = 732
llama_context: n_ubatch      = 512
llama_context: causal_attn   = 1
llama_context: flash_attn    = auto
llama_context: kv_unified    = false
llama_context: freq_base     = 1000000.0
llama_context: freq_scale    = 1
llama_context: n_rs_seq      = 0
llama_context: n_outputs_max = 732
llama_context: n_ctx_seq (768) < n_ctx_train (32768) -- the full capacity of the model will not be utilized
set_abort_callback: call
llama_context:  CUDA_Host  output buffer size =     0.58 MiB
llama_kv_cache: layer   0: dev = CPU
llama_kv_cache: layer   1: dev = CPU
llama_kv_cache: layer   2: dev = CPU
llama_kv_cache: layer   3: dev = CUDA0
llama_kv_cache: layer   4: dev = CUDA0
llama_kv_cache: layer   5: dev = CUDA0
llama_kv_cache: layer   6: dev = CUDA0
llama_kv_cache: layer   7: dev = CUDA0
llama_kv_cache: layer   8: dev = CUDA0
llama_kv_cache: layer   9: dev = CUDA0
llama_kv_cache: layer  10: dev = CUDA0
llama_kv_cache: layer  11: dev = CUDA0
llama_kv_cache: layer  12: dev = CUDA0
llama_kv_cache: layer  13: dev = CUDA0
llama_kv_cache: layer  14: dev = CUDA0
llama_kv_cache: layer  15: dev = CUDA0
llama_kv_cache: layer  16: dev = CUDA0
llama_kv_cache: layer  17: dev = CUDA0
llama_kv_cache: layer  18: dev = CUDA0
llama_kv_cache: layer  19: dev = CUDA0
llama_kv_cache: layer  20: dev = CUDA0
llama_kv_cache: layer  21: dev = CUDA0
llama_kv_cache: layer  22: dev = CUDA0
llama_kv_cache: layer  23: dev = CUDA0
llama_kv_cache: layer  24: dev = CUDA0
llama_kv_cache: layer  25: dev = CUDA0
llama_kv_cache: layer  26: dev = CUDA0
llama_kv_cache: layer  27: dev = CUDA0
llama_kv_cache:        CPU KV buffer size =     4.50 MiB
llama_kv_cache:      CUDA0 KV buffer size =    37.50 MiB
llama_kv_cache: size =   42.00 MiB (   768 cells,  28 layers,  1/1 seqs), K (f16):   21.00 MiB, V (f16):   21.00 MiB
llama_kv_cache: attn_rot_k = 0, n_embd_head_k_all = 128
llama_kv_cache: attn_rot_v = 0, n_embd_head_k_all = 128
llama_context: enumerating backends
llama_context: backend_ptrs.size() = 2
sched_reserve: reserving ...
sched_reserve: max_nodes = 2712
sched_reserve: reserving full memory module
sched_reserve: worst-case: n_tokens = 512, n_seqs = 1, n_outputs = 1
graph_reserve: reserving a graph for ubatch with n_tokens =    1, n_seqs =  1, n_outputs =    1
sched_reserve: Flash Attention was auto, set to enabled
sched_reserve: resolving fused Gated Delta Net support:
graph_reserve: reserving a graph for ubatch with n_tokens =    1, n_seqs =  1, n_outputs =    1
sched_reserve: fused Gated Delta Net (autoregressive) enabled
graph_reserve: reserving a graph for ubatch with n_tokens =   16, n_seqs =  1, n_outputs =   16
sched_reserve: fused Gated Delta Net (chunked) enabled
graph_reserve: reserving a graph for ubatch with n_tokens =  512, n_seqs =  1, n_outputs =  512
graph_reserve: reserving a graph for ubatch with n_tokens =    1, n_seqs =  1, n_outputs =    1
graph_reserve: reserving a graph for ubatch with n_tokens =  512, n_seqs =  1, n_outputs =  512
sched_reserve:      CUDA0 compute buffer size =   304.00 MiB
sched_reserve:  CUDA_Host compute buffer size =    14.76 MiB
sched_reserve: graph nodes  = 958
sched_reserve: graph splits = 44 (with bs=512), 2 (with bs=1)
sched_reserve: reserve took 12.54 ms, sched copies = 1
CUDA Graph id 8886 reused
ggml_backend_cuda_graph_compute: CUDA graph warmup complete
CUDA Graph id 8886 reused
CUDA Graph id 8886 reused
CUDA Graph id 8886 reused
CUDA Graph id 8886 reused
CUDA Graph id 8886 reused
CUDA Graph id 8886 reused
CUDA Graph id 8886 reused
CUDA Graph id 8886 reused
CUDA Graph id 8886 reused
CUDA Graph id 8886 reused
CUDA Graph id 8886 reused
CUDA Graph id 8886 reused
CUDA Graph id 8886 reused
CUDA Graph id 8886 reused
CUDA Graph id 8886 reused
CUDA Graph id 8886 reused
CUDA Graph id 8886 reused
CUDA Graph id 8886 reused
CUDA Graph id 8886 reused
CUDA Graph id 8886 reused
CUDA Graph id 8886 reused
CUDA Graph id 8886 reused
CUDA Graph id 8886 reused
CUDA Graph id 8886 reused
CUDA Graph id 8886 reused
CUDA Graph id 8886 reused
CUDA Graph id 8886 reused
CUDA Graph id 8886 reused
CUDA Graph id 8886 reused
CUDA Graph id 8886 reused
CUDA Graph id 8886 reused
CUDA Graph id 8886 reused
CUDA Graph id 8886 reused
CUDA Graph id 8886 reused
CUDA Graph id 8886 reused
CUDA Graph id 8886 reused
CUDA Graph id 8886 reused
CUDA Graph id 8886 reused
CUDA Graph id 8886 reused
CUDA Graph id 8886 reused
CUDA Graph id 8886 reused
CUDA Graph id 8886 reused
ggml_backend_cuda_graph_compute: CUDA graph warmup reset
CUDA Graph id 8889 reused
ggml_backend_cuda_graph_compute: CUDA graph warmup complete
CUDA Graph id 8889 reused
CUDA Graph id 8889 reused
CUDA Graph id 8889 reused
CUDA Graph id 8889 reused
CUDA Graph id 8889 reused
CUDA Graph id 8889 reused
CUDA Graph id 8889 reused
CUDA Graph id 8889 reused
CUDA Graph id 8889 reused
CUDA Graph id 8889 reused
CUDA Graph id 8889 reused
CUDA Graph id 8889 reused
CUDA Graph id 8889 reused
CUDA Graph id 8889 reused
CUDA Graph id 8889 reused
CUDA Graph id 8889 reused
CUDA Graph id 8889 reused
CUDA Graph id 8889 reused
CUDA Graph id 8889 reused
CUDA Graph id 8889 reused
CUDA Graph id 8889 reused
CUDA Graph id 8889 reused
CUDA Graph id 8889 reused
CUDA Graph id 8889 reused
CUDA Graph id 8889 reused
CUDA Graph id 8889 reused
~llama_context:      CUDA0 compute buffer size is 304.0000 MiB, matches expectation of 304.0000 MiB
~llama_context:  CUDA_Host compute buffer size is  14.7637 MiB, matches expectation of  14.7637 MiB
llama_context: constructing llama_context
llama_context: n_seq_max     = 1
llama_context: n_ctx         = 768
llama_context: n_ctx_seq     = 768
llama_context: n_batch       = 732
llama_context: n_ubatch      = 512
llama_context: causal_attn   = 1
llama_context: flash_attn    = auto
llama_context: kv_unified    = false
llama_context: freq_base     = 1000000.0
llama_context: freq_scale    = 1
llama_context: n_rs_seq      = 0
llama_context: n_outputs_max = 732
llama_context: n_ctx_seq (768) < n_ctx_train (32768) -- the full capacity of the model will not be utilized
set_abort_callback: call
llama_context:  CUDA_Host  output buffer size =     0.58 MiB
llama_kv_cache: layer   0: dev = CPU
llama_kv_cache: layer   1: dev = CPU
llama_kv_cache: layer   2: dev = CPU
llama_kv_cache: layer   3: dev = CUDA0
llama_kv_cache: layer   4: dev = CUDA0
llama_kv_cache: layer   5: dev = CUDA0
llama_kv_cache: layer   6: dev = CUDA0
llama_kv_cache: layer   7: dev = CUDA0
llama_kv_cache: layer   8: dev = CUDA0
llama_kv_cache: layer   9: dev = CUDA0
llama_kv_cache: layer  10: dev = CUDA0
llama_kv_cache: layer  11: dev = CUDA0
llama_kv_cache: layer  12: dev = CUDA0
llama_kv_cache: layer  13: dev = CUDA0
llama_kv_cache: layer  14: dev = CUDA0
llama_kv_cache: layer  15: dev = CUDA0
llama_kv_cache: layer  16: dev = CUDA0
llama_kv_cache: layer  17: dev = CUDA0
llama_kv_cache: layer  18: dev = CUDA0
llama_kv_cache: layer  19: dev = CUDA0
llama_kv_cache: layer  20: dev = CUDA0
llama_kv_cache: layer  21: dev = CUDA0
llama_kv_cache: layer  22: dev = CUDA0
llama_kv_cache: layer  23: dev = CUDA0
llama_kv_cache: layer  24: dev = CUDA0
llama_kv_cache: layer  25: dev = CUDA0
llama_kv_cache: layer  26: dev = CUDA0
llama_kv_cache: layer  27: dev = CUDA0
llama_kv_cache:        CPU KV buffer size =     4.50 MiB
llama_kv_cache:      CUDA0 KV buffer size =    37.50 MiB
llama_kv_cache: size =   42.00 MiB (   768 cells,  28 layers,  1/1 seqs), K (f16):   21.00 MiB, V (f16):   21.00 MiB
llama_kv_cache: attn_rot_k = 0, n_embd_head_k_all = 128
llama_kv_cache: attn_rot_v = 0, n_embd_head_k_all = 128
llama_context: enumerating backends
llama_context: backend_ptrs.size() = 2
sched_reserve: reserving ...
sched_reserve: max_nodes = 2712
sched_reserve: reserving full memory module
sched_reserve: worst-case: n_tokens = 512, n_seqs = 1, n_outputs = 1
graph_reserve: reserving a graph for ubatch with n_tokens =    1, n_seqs =  1, n_outputs =    1
sched_reserve: Flash Attention was auto, set to enabled
sched_reserve: resolving fused Gated Delta Net support:
graph_reserve: reserving a graph for ubatch with n_tokens =    1, n_seqs =  1, n_outputs =    1
sched_reserve: fused Gated Delta Net (autoregressive) enabled
graph_reserve: reserving a graph for ubatch with n_tokens =   16, n_seqs =  1, n_outputs =   16
sched_reserve: fused Gated Delta Net (chunked) enabled
graph_reserve: reserving a graph for ubatch with n_tokens =  512, n_seqs =  1, n_outputs =  512
graph_reserve: reserving a graph for ubatch with n_tokens =    1, n_seqs =  1, n_outputs =    1
graph_reserve: reserving a graph for ubatch with n_tokens =  512, n_seqs =  1, n_outputs =  512
sched_reserve:      CUDA0 compute buffer size =   304.00 MiB
sched_reserve:  CUDA_Host compute buffer size =    14.76 MiB
sched_reserve: graph nodes  = 958
sched_reserve: graph splits = 44 (with bs=512), 2 (with bs=1)
sched_reserve: reserve took 11.73 ms, sched copies = 1
CUDA Graph id 9039 reused
ggml_backend_cuda_graph_compute: CUDA graph warmup complete
CUDA Graph id 9039 reused
CUDA Graph id 9039 reused
CUDA Graph id 9039 reused
CUDA Graph id 9039 reused
CUDA Graph id 9039 reused
CUDA Graph id 9039 reused
CUDA Graph id 9039 reused
CUDA Graph id 9039 reused
CUDA Graph id 9039 reused
CUDA Graph id 9039 reused
CUDA Graph id 9039 reused
CUDA Graph id 9039 reused
CUDA Graph id 9039 reused
CUDA Graph id 9039 reused
CUDA Graph id 9039 reused
CUDA Graph id 9039 reused
CUDA Graph id 9039 reused
CUDA Graph id 9039 reused
CUDA Graph id 9039 reused
CUDA Graph id 9039 reused
CUDA Graph id 9039 reused
CUDA Graph id 9039 reused
CUDA Graph id 9039 reused
CUDA Graph id 9039 reused
CUDA Graph id 9039 reused
CUDA Graph id 9039 reused
CUDA Graph id 9039 reused
CUDA Graph id 9039 reused
CUDA Graph id 9039 reused
CUDA Graph id 9039 reused
CUDA Graph id 9039 reused
CUDA Graph id 9039 reused
CUDA Graph id 9039 reused
CUDA Graph id 9039 reused
CUDA Graph id 9039 reused
CUDA Graph id 9039 reused
CUDA Graph id 9039 reused
CUDA Graph id 9039 reused
CUDA Graph id 9039 reused
CUDA Graph id 9039 reused
~llama_context:      CUDA0 compute buffer size is 304.0000 MiB, matches expectation of 304.0000 MiB
~llama_context:  CUDA_Host compute buffer size is  14.7637 MiB, matches expectation of  14.7637 MiB
schema 85/100 done
llama_context: constructing llama_context
llama_context: n_seq_max     = 1
llama_context: n_ctx         = 1024
llama_context: n_ctx_seq     = 1024
llama_context: n_batch       = 776
llama_context: n_ubatch      = 512
llama_context: causal_attn   = 1
llama_context: flash_attn    = auto
llama_context: kv_unified    = false
llama_context: freq_base     = 1000000.0
llama_context: freq_scale    = 1
llama_context: n_rs_seq      = 0
llama_context: n_outputs_max = 776
llama_context: n_ctx_seq (1024) < n_ctx_train (32768) -- the full capacity of the model will not be utilized
set_abort_callback: call
llama_context:  CUDA_Host  output buffer size =     0.58 MiB
llama_kv_cache: layer   0: dev = CPU
llama_kv_cache: layer   1: dev = CPU
llama_kv_cache: layer   2: dev = CPU
llama_kv_cache: layer   3: dev = CUDA0
llama_kv_cache: layer   4: dev = CUDA0
llama_kv_cache: layer   5: dev = CUDA0
llama_kv_cache: layer   6: dev = CUDA0
llama_kv_cache: layer   7: dev = CUDA0
llama_kv_cache: layer   8: dev = CUDA0
llama_kv_cache: layer   9: dev = CUDA0
llama_kv_cache: layer  10: dev = CUDA0
llama_kv_cache: layer  11: dev = CUDA0
llama_kv_cache: layer  12: dev = CUDA0
llama_kv_cache: layer  13: dev = CUDA0
llama_kv_cache: layer  14: dev = CUDA0
llama_kv_cache: layer  15: dev = CUDA0
llama_kv_cache: layer  16: dev = CUDA0
llama_kv_cache: layer  17: dev = CUDA0
llama_kv_cache: layer  18: dev = CUDA0
llama_kv_cache: layer  19: dev = CUDA0
llama_kv_cache: layer  20: dev = CUDA0
llama_kv_cache: layer  21: dev = CUDA0
llama_kv_cache: layer  22: dev = CUDA0
llama_kv_cache: layer  23: dev = CUDA0
llama_kv_cache: layer  24: dev = CUDA0
llama_kv_cache: layer  25: dev = CUDA0
llama_kv_cache: layer  26: dev = CUDA0
llama_kv_cache: layer  27: dev = CUDA0
llama_kv_cache:        CPU KV buffer size =     6.00 MiB
llama_kv_cache:      CUDA0 KV buffer size =    50.00 MiB
llama_kv_cache: size =   56.00 MiB (  1024 cells,  28 layers,  1/1 seqs), K (f16):   28.00 MiB, V (f16):   28.00 MiB
llama_kv_cache: attn_rot_k = 0, n_embd_head_k_all = 128
llama_kv_cache: attn_rot_v = 0, n_embd_head_k_all = 128
llama_context: enumerating backends
llama_context: backend_ptrs.size() = 2
sched_reserve: reserving ...
sched_reserve: max_nodes = 2712
sched_reserve: reserving full memory module
sched_reserve: worst-case: n_tokens = 512, n_seqs = 1, n_outputs = 1
graph_reserve: reserving a graph for ubatch with n_tokens =    1, n_seqs =  1, n_outputs =    1
sched_reserve: Flash Attention was auto, set to enabled
sched_reserve: resolving fused Gated Delta Net support:
graph_reserve: reserving a graph for ubatch with n_tokens =    1, n_seqs =  1, n_outputs =    1
sched_reserve: fused Gated Delta Net (autoregressive) enabled
graph_reserve: reserving a graph for ubatch with n_tokens =   16, n_seqs =  1, n_outputs =   16
sched_reserve: fused Gated Delta Net (chunked) enabled
graph_reserve: reserving a graph for ubatch with n_tokens =  512, n_seqs =  1, n_outputs =  512
graph_reserve: reserving a graph for ubatch with n_tokens =    1, n_seqs =  1, n_outputs =    1
graph_reserve: reserving a graph for ubatch with n_tokens =  512, n_seqs =  1, n_outputs =  512
sched_reserve:      CUDA0 compute buffer size =   304.00 MiB
sched_reserve:  CUDA_Host compute buffer size =    15.01 MiB
sched_reserve: graph nodes  = 958
sched_reserve: graph splits = 44 (with bs=512), 2 (with bs=1)
sched_reserve: reserve took 13.25 ms, sched copies = 1
CUDA Graph id 9189 reused
ggml_backend_cuda_graph_compute: CUDA graph warmup complete
CUDA Graph id 9189 reused
CUDA Graph id 9189 reused
CUDA Graph id 9189 reused
CUDA Graph id 9189 reused
CUDA Graph id 9189 reused
CUDA Graph id 9189 reused
CUDA Graph id 9189 reused
CUDA Graph id 9189 reused
CUDA Graph id 9189 reused
CUDA Graph id 9189 reused
CUDA Graph id 9189 reused
CUDA Graph id 9189 reused
CUDA Graph id 9189 reused
CUDA Graph id 9189 reused
CUDA Graph id 9189 reused
CUDA Graph id 9189 reused
CUDA Graph id 9189 reused
CUDA Graph id 9189 reused
CUDA Graph id 9189 reused
CUDA Graph id 9189 reused
CUDA Graph id 9189 reused
CUDA Graph id 9189 reused
CUDA Graph id 9189 reused
CUDA Graph id 9189 reused
CUDA Graph id 9189 reused
CUDA Graph id 9189 reused
CUDA Graph id 9189 reused
CUDA Graph id 9189 reused
CUDA Graph id 9189 reused
CUDA Graph id 9189 reused
CUDA Graph id 9189 reused
CUDA Graph id 9189 reused
CUDA Graph id 9189 reused
CUDA Graph id 9189 reused
CUDA Graph id 9189 reused
CUDA Graph id 9189 reused
CUDA Graph id 9189 reused
CUDA Graph id 9189 reused
CUDA Graph id 9189 reused
CUDA Graph id 9189 reused
CUDA Graph id 9189 reused
CUDA Graph id 9189 reused
CUDA Graph id 9189 reused
CUDA Graph id 9189 reused
CUDA Graph id 9189 reused
CUDA Graph id 9189 reused
CUDA Graph id 9189 reused
CUDA Graph id 9189 reused
CUDA Graph id 9189 reused
CUDA Graph id 9189 reused
CUDA Graph id 9189 reused
CUDA Graph id 9189 reused
CUDA Graph id 9189 reused
CUDA Graph id 9189 reused
CUDA Graph id 9189 reused
CUDA Graph id 9189 reused
CUDA Graph id 9189 reused
CUDA Graph id 9189 reused
CUDA Graph id 9189 reused
CUDA Graph id 9189 reused
CUDA Graph id 9189 reused
CUDA Graph id 9189 reused
CUDA Graph id 9189 reused
CUDA Graph id 9189 reused
CUDA Graph id 9189 reused
CUDA Graph id 9189 reused
CUDA Graph id 9189 reused
CUDA Graph id 9189 reused
CUDA Graph id 9189 reused
CUDA Graph id 9189 reused
CUDA Graph id 9189 reused
CUDA Graph id 9189 reused
CUDA Graph id 9189 reused
CUDA Graph id 9189 reused
CUDA Graph id 9189 reused
CUDA Graph id 9189 reused
CUDA Graph id 9189 reused
CUDA Graph id 9189 reused
CUDA Graph id 9189 reused
CUDA Graph id 9189 reused
CUDA Graph id 9189 reused
CUDA Graph id 9189 reused
CUDA Graph id 9189 reused
CUDA Graph id 9189 reused
CUDA Graph id 9189 reused
CUDA Graph id 9189 reused
CUDA Graph id 9189 reused
CUDA Graph id 9189 reused
CUDA Graph id 9189 reused
CUDA Graph id 9189 reused
CUDA Graph id 9189 reused
CUDA Graph id 9189 reused
CUDA Graph id 9189 reused
CUDA Graph id 9189 reused
CUDA Graph id 9189 reused
CUDA Graph id 9189 reused
CUDA Graph id 9189 reused
CUDA Graph id 9189 reused
CUDA Graph id 9189 reused
CUDA Graph id 9189 reused
CUDA Graph id 9189 reused
CUDA Graph id 9189 reused
CUDA Graph id 9189 reused
CUDA Graph id 9189 reused
CUDA Graph id 9189 reused
~llama_context:      CUDA0 compute buffer size is 304.0000 MiB, matches expectation of 304.0000 MiB
~llama_context:  CUDA_Host compute buffer size is  15.0137 MiB, matches expectation of  15.0137 MiB
llama_context: constructing llama_context
llama_context: n_seq_max     = 1
llama_context: n_ctx         = 1024
llama_context: n_ctx_seq     = 1024
llama_context: n_batch       = 776
llama_context: n_ubatch      = 512
llama_context: causal_attn   = 1
llama_context: flash_attn    = auto
llama_context: kv_unified    = false
llama_context: freq_base     = 1000000.0
llama_context: freq_scale    = 1
llama_context: n_rs_seq      = 0
llama_context: n_outputs_max = 776
llama_context: n_ctx_seq (1024) < n_ctx_train (32768) -- the full capacity of the model will not be utilized
set_abort_callback: call
llama_context:  CUDA_Host  output buffer size =     0.58 MiB
llama_kv_cache: layer   0: dev = CPU
llama_kv_cache: layer   1: dev = CPU
llama_kv_cache: layer   2: dev = CPU
llama_kv_cache: layer   3: dev = CUDA0
llama_kv_cache: layer   4: dev = CUDA0
llama_kv_cache: layer   5: dev = CUDA0
llama_kv_cache: layer   6: dev = CUDA0
llama_kv_cache: layer   7: dev = CUDA0
llama_kv_cache: layer   8: dev = CUDA0
llama_kv_cache: layer   9: dev = CUDA0
llama_kv_cache: layer  10: dev = CUDA0
llama_kv_cache: layer  11: dev = CUDA0
llama_kv_cache: layer  12: dev = CUDA0
llama_kv_cache: layer  13: dev = CUDA0
llama_kv_cache: layer  14: dev = CUDA0
llama_kv_cache: layer  15: dev = CUDA0
llama_kv_cache: layer  16: dev = CUDA0
llama_kv_cache: layer  17: dev = CUDA0
llama_kv_cache: layer  18: dev = CUDA0
llama_kv_cache: layer  19: dev = CUDA0
llama_kv_cache: layer  20: dev = CUDA0
llama_kv_cache: layer  21: dev = CUDA0
llama_kv_cache: layer  22: dev = CUDA0
llama_kv_cache: layer  23: dev = CUDA0
llama_kv_cache: layer  24: dev = CUDA0
llama_kv_cache: layer  25: dev = CUDA0
llama_kv_cache: layer  26: dev = CUDA0
llama_kv_cache: layer  27: dev = CUDA0
llama_kv_cache:        CPU KV buffer size =     6.00 MiB
llama_kv_cache:      CUDA0 KV buffer size =    50.00 MiB
llama_kv_cache: size =   56.00 MiB (  1024 cells,  28 layers,  1/1 seqs), K (f16):   28.00 MiB, V (f16):   28.00 MiB
llama_kv_cache: attn_rot_k = 0, n_embd_head_k_all = 128
llama_kv_cache: attn_rot_v = 0, n_embd_head_k_all = 128
llama_context: enumerating backends
llama_context: backend_ptrs.size() = 2
sched_reserve: reserving ...
sched_reserve: max_nodes = 2712
sched_reserve: reserving full memory module
sched_reserve: worst-case: n_tokens = 512, n_seqs = 1, n_outputs = 1
graph_reserve: reserving a graph for ubatch with n_tokens =    1, n_seqs =  1, n_outputs =    1
sched_reserve: Flash Attention was auto, set to enabled
sched_reserve: resolving fused Gated Delta Net support:
graph_reserve: reserving a graph for ubatch with n_tokens =    1, n_seqs =  1, n_outputs =    1
sched_reserve: fused Gated Delta Net (autoregressive) enabled
graph_reserve: reserving a graph for ubatch with n_tokens =   16, n_seqs =  1, n_outputs =   16
sched_reserve: fused Gated Delta Net (chunked) enabled
graph_reserve: reserving a graph for ubatch with n_tokens =  512, n_seqs =  1, n_outputs =  512
graph_reserve: reserving a graph for ubatch with n_tokens =    1, n_seqs =  1, n_outputs =    1
graph_reserve: reserving a graph for ubatch with n_tokens =  512, n_seqs =  1, n_outputs =  512
sched_reserve:      CUDA0 compute buffer size =   304.00 MiB
sched_reserve:  CUDA_Host compute buffer size =    15.01 MiB
sched_reserve: graph nodes  = 958
sched_reserve: graph splits = 44 (with bs=512), 2 (with bs=1)
sched_reserve: reserve took 13.37 ms, sched copies = 1
CUDA Graph id 9339 reused
ggml_backend_cuda_graph_compute: CUDA graph warmup complete
CUDA Graph id 9339 reused
CUDA Graph id 9339 reused
CUDA Graph id 9339 reused
CUDA Graph id 9339 reused
CUDA Graph id 9339 reused
CUDA Graph id 9339 reused
CUDA Graph id 9339 reused
CUDA Graph id 9339 reused
CUDA Graph id 9339 reused
CUDA Graph id 9339 reused
CUDA Graph id 9339 reused
CUDA Graph id 9339 reused
CUDA Graph id 9339 reused
CUDA Graph id 9339 reused
CUDA Graph id 9339 reused
CUDA Graph id 9339 reused
CUDA Graph id 9339 reused
CUDA Graph id 9339 reused
CUDA Graph id 9339 reused
CUDA Graph id 9339 reused
CUDA Graph id 9339 reused
CUDA Graph id 9339 reused
CUDA Graph id 9339 reused
CUDA Graph id 9339 reused
CUDA Graph id 9339 reused
CUDA Graph id 9339 reused
CUDA Graph id 9339 reused
CUDA Graph id 9339 reused
CUDA Graph id 9339 reused
CUDA Graph id 9339 reused
CUDA Graph id 9339 reused
CUDA Graph id 9339 reused
CUDA Graph id 9339 reused
CUDA Graph id 9339 reused
CUDA Graph id 9339 reused
CUDA Graph id 9339 reused
CUDA Graph id 9339 reused
CUDA Graph id 9339 reused
CUDA Graph id 9339 reused
CUDA Graph id 9339 reused
CUDA Graph id 9339 reused
CUDA Graph id 9339 reused
CUDA Graph id 9339 reused
CUDA Graph id 9339 reused
CUDA Graph id 9339 reused
CUDA Graph id 9339 reused
CUDA Graph id 9339 reused
CUDA Graph id 9339 reused
CUDA Graph id 9339 reused
CUDA Graph id 9339 reused
CUDA Graph id 9339 reused
CUDA Graph id 9339 reused
CUDA Graph id 9339 reused
CUDA Graph id 9339 reused
CUDA Graph id 9339 reused
CUDA Graph id 9339 reused
CUDA Graph id 9339 reused
CUDA Graph id 9339 reused
CUDA Graph id 9339 reused
CUDA Graph id 9339 reused
CUDA Graph id 9339 reused
CUDA Graph id 9339 reused
CUDA Graph id 9339 reused
CUDA Graph id 9339 reused
CUDA Graph id 9339 reused
CUDA Graph id 9339 reused
CUDA Graph id 9339 reused
CUDA Graph id 9339 reused
CUDA Graph id 9339 reused
CUDA Graph id 9339 reused
CUDA Graph id 9339 reused
CUDA Graph id 9339 reused
CUDA Graph id 9339 reused
CUDA Graph id 9339 reused
CUDA Graph id 9339 reused
CUDA Graph id 9339 reused
CUDA Graph id 9339 reused
CUDA Graph id 9339 reused
CUDA Graph id 9339 reused
CUDA Graph id 9339 reused
CUDA Graph id 9339 reused
CUDA Graph id 9339 reused
CUDA Graph id 9339 reused
CUDA Graph id 9339 reused
CUDA Graph id 9339 reused
CUDA Graph id 9339 reused
CUDA Graph id 9339 reused
CUDA Graph id 9339 reused
CUDA Graph id 9339 reused
CUDA Graph id 9339 reused
CUDA Graph id 9339 reused
CUDA Graph id 9339 reused
CUDA Graph id 9339 reused
CUDA Graph id 9339 reused
CUDA Graph id 9339 reused
CUDA Graph id 9339 reused
CUDA Graph id 9339 reused
CUDA Graph id 9339 reused
CUDA Graph id 9339 reused
CUDA Graph id 9339 reused
CUDA Graph id 9339 reused
CUDA Graph id 9339 reused
CUDA Graph id 9339 reused
CUDA Graph id 9339 reused
CUDA Graph id 9339 reused
~llama_context:      CUDA0 compute buffer size is 304.0000 MiB, matches expectation of 304.0000 MiB
~llama_context:  CUDA_Host compute buffer size is  15.0137 MiB, matches expectation of  15.0137 MiB
llama_context: constructing llama_context
llama_context: n_seq_max     = 1
llama_context: n_ctx         = 1024
llama_context: n_ctx_seq     = 1024
llama_context: n_batch       = 776
llama_context: n_ubatch      = 512
llama_context: causal_attn   = 1
llama_context: flash_attn    = auto
llama_context: kv_unified    = false
llama_context: freq_base     = 1000000.0
llama_context: freq_scale    = 1
llama_context: n_rs_seq      = 0
llama_context: n_outputs_max = 776
llama_context: n_ctx_seq (1024) < n_ctx_train (32768) -- the full capacity of the model will not be utilized
set_abort_callback: call
llama_context:  CUDA_Host  output buffer size =     0.58 MiB
llama_kv_cache: layer   0: dev = CPU
llama_kv_cache: layer   1: dev = CPU
llama_kv_cache: layer   2: dev = CPU
llama_kv_cache: layer   3: dev = CUDA0
llama_kv_cache: layer   4: dev = CUDA0
llama_kv_cache: layer   5: dev = CUDA0
llama_kv_cache: layer   6: dev = CUDA0
llama_kv_cache: layer   7: dev = CUDA0
llama_kv_cache: layer   8: dev = CUDA0
llama_kv_cache: layer   9: dev = CUDA0
llama_kv_cache: layer  10: dev = CUDA0
llama_kv_cache: layer  11: dev = CUDA0
llama_kv_cache: layer  12: dev = CUDA0
llama_kv_cache: layer  13: dev = CUDA0
llama_kv_cache: layer  14: dev = CUDA0
llama_kv_cache: layer  15: dev = CUDA0
llama_kv_cache: layer  16: dev = CUDA0
llama_kv_cache: layer  17: dev = CUDA0
llama_kv_cache: layer  18: dev = CUDA0
llama_kv_cache: layer  19: dev = CUDA0
llama_kv_cache: layer  20: dev = CUDA0
llama_kv_cache: layer  21: dev = CUDA0
llama_kv_cache: layer  22: dev = CUDA0
llama_kv_cache: layer  23: dev = CUDA0
llama_kv_cache: layer  24: dev = CUDA0
llama_kv_cache: layer  25: dev = CUDA0
llama_kv_cache: layer  26: dev = CUDA0
llama_kv_cache: layer  27: dev = CUDA0
llama_kv_cache:        CPU KV buffer size =     6.00 MiB
llama_kv_cache:      CUDA0 KV buffer size =    50.00 MiB
llama_kv_cache: size =   56.00 MiB (  1024 cells,  28 layers,  1/1 seqs), K (f16):   28.00 MiB, V (f16):   28.00 MiB
llama_kv_cache: attn_rot_k = 0, n_embd_head_k_all = 128
llama_kv_cache: attn_rot_v = 0, n_embd_head_k_all = 128
llama_context: enumerating backends
llama_context: backend_ptrs.size() = 2
sched_reserve: reserving ...
sched_reserve: max_nodes = 2712
sched_reserve: reserving full memory module
sched_reserve: worst-case: n_tokens = 512, n_seqs = 1, n_outputs = 1
graph_reserve: reserving a graph for ubatch with n_tokens =    1, n_seqs =  1, n_outputs =    1
sched_reserve: Flash Attention was auto, set to enabled
sched_reserve: resolving fused Gated Delta Net support:
graph_reserve: reserving a graph for ubatch with n_tokens =    1, n_seqs =  1, n_outputs =    1
sched_reserve: fused Gated Delta Net (autoregressive) enabled
graph_reserve: reserving a graph for ubatch with n_tokens =   16, n_seqs =  1, n_outputs =   16
sched_reserve: fused Gated Delta Net (chunked) enabled
graph_reserve: reserving a graph for ubatch with n_tokens =  512, n_seqs =  1, n_outputs =  512
graph_reserve: reserving a graph for ubatch with n_tokens =    1, n_seqs =  1, n_outputs =    1
graph_reserve: reserving a graph for ubatch with n_tokens =  512, n_seqs =  1, n_outputs =  512
sched_reserve:      CUDA0 compute buffer size =   304.00 MiB
sched_reserve:  CUDA_Host compute buffer size =    15.01 MiB
sched_reserve: graph nodes  = 958
sched_reserve: graph splits = 44 (with bs=512), 2 (with bs=1)
sched_reserve: reserve took 17.90 ms, sched copies = 1
CUDA Graph id 9489 reused
ggml_backend_cuda_graph_compute: CUDA graph warmup complete
CUDA Graph id 9489 reused
CUDA Graph id 9489 reused
CUDA Graph id 9489 reused
CUDA Graph id 9489 reused
CUDA Graph id 9489 reused
CUDA Graph id 9489 reused
CUDA Graph id 9489 reused
CUDA Graph id 9489 reused
CUDA Graph id 9489 reused
CUDA Graph id 9489 reused
CUDA Graph id 9489 reused
CUDA Graph id 9489 reused
CUDA Graph id 9489 reused
CUDA Graph id 9489 reused
CUDA Graph id 9489 reused
CUDA Graph id 9489 reused
CUDA Graph id 9489 reused
CUDA Graph id 9489 reused
CUDA Graph id 9489 reused
CUDA Graph id 9489 reused
CUDA Graph id 9489 reused
CUDA Graph id 9489 reused
CUDA Graph id 9489 reused
CUDA Graph id 9489 reused
CUDA Graph id 9489 reused
CUDA Graph id 9489 reused
CUDA Graph id 9489 reused
CUDA Graph id 9489 reused
CUDA Graph id 9489 reused
CUDA Graph id 9489 reused
CUDA Graph id 9489 reused
CUDA Graph id 9489 reused
CUDA Graph id 9489 reused
CUDA Graph id 9489 reused
CUDA Graph id 9489 reused
CUDA Graph id 9489 reused
CUDA Graph id 9489 reused
CUDA Graph id 9489 reused
CUDA Graph id 9489 reused
CUDA Graph id 9489 reused
CUDA Graph id 9489 reused
CUDA Graph id 9489 reused
CUDA Graph id 9489 reused
CUDA Graph id 9489 reused
CUDA Graph id 9489 reused
CUDA Graph id 9489 reused
CUDA Graph id 9489 reused
CUDA Graph id 9489 reused
CUDA Graph id 9489 reused
CUDA Graph id 9489 reused
CUDA Graph id 9489 reused
CUDA Graph id 9489 reused
CUDA Graph id 9489 reused
CUDA Graph id 9489 reused
CUDA Graph id 9489 reused
CUDA Graph id 9489 reused
CUDA Graph id 9489 reused
CUDA Graph id 9489 reused
CUDA Graph id 9489 reused
CUDA Graph id 9489 reused
CUDA Graph id 9489 reused
CUDA Graph id 9489 reused
CUDA Graph id 9489 reused
CUDA Graph id 9489 reused
CUDA Graph id 9489 reused
CUDA Graph id 9489 reused
CUDA Graph id 9489 reused
CUDA Graph id 9489 reused
CUDA Graph id 9489 reused
CUDA Graph id 9489 reused
CUDA Graph id 9489 reused
CUDA Graph id 9489 reused
CUDA Graph id 9489 reused
CUDA Graph id 9489 reused
CUDA Graph id 9489 reused
CUDA Graph id 9489 reused
CUDA Graph id 9489 reused
CUDA Graph id 9489 reused
CUDA Graph id 9489 reused
CUDA Graph id 9489 reused
CUDA Graph id 9489 reused
CUDA Graph id 9489 reused
CUDA Graph id 9489 reused
CUDA Graph id 9489 reused
CUDA Graph id 9489 reused
CUDA Graph id 9489 reused
CUDA Graph id 9489 reused
CUDA Graph id 9489 reused
CUDA Graph id 9489 reused
CUDA Graph id 9489 reused
CUDA Graph id 9489 reused
CUDA Graph id 9489 reused
CUDA Graph id 9489 reused
CUDA Graph id 9489 reused
CUDA Graph id 9489 reused
CUDA Graph id 9489 reused
CUDA Graph id 9489 reused
CUDA Graph id 9489 reused
CUDA Graph id 9489 reused
CUDA Graph id 9489 reused
CUDA Graph id 9489 reused
~llama_context:      CUDA0 compute buffer size is 304.0000 MiB, matches expectation of 304.0000 MiB
~llama_context:  CUDA_Host compute buffer size is  15.0137 MiB, matches expectation of  15.0137 MiB
llama_context: constructing llama_context
llama_context: n_seq_max     = 1
llama_context: n_ctx         = 1024
llama_context: n_ctx_seq     = 1024
llama_context: n_batch       = 776
llama_context: n_ubatch      = 512
llama_context: causal_attn   = 1
llama_context: flash_attn    = auto
llama_context: kv_unified    = false
llama_context: freq_base     = 1000000.0
llama_context: freq_scale    = 1
llama_context: n_rs_seq      = 0
llama_context: n_outputs_max = 776
llama_context: n_ctx_seq (1024) < n_ctx_train (32768) -- the full capacity of the model will not be utilized
set_abort_callback: call
llama_context:  CUDA_Host  output buffer size =     0.58 MiB
llama_kv_cache: layer   0: dev = CPU
llama_kv_cache: layer   1: dev = CPU
llama_kv_cache: layer   2: dev = CPU
llama_kv_cache: layer   3: dev = CUDA0
llama_kv_cache: layer   4: dev = CUDA0
llama_kv_cache: layer   5: dev = CUDA0
llama_kv_cache: layer   6: dev = CUDA0
llama_kv_cache: layer   7: dev = CUDA0
llama_kv_cache: layer   8: dev = CUDA0
llama_kv_cache: layer   9: dev = CUDA0
llama_kv_cache: layer  10: dev = CUDA0
llama_kv_cache: layer  11: dev = CUDA0
llama_kv_cache: layer  12: dev = CUDA0
llama_kv_cache: layer  13: dev = CUDA0
llama_kv_cache: layer  14: dev = CUDA0
llama_kv_cache: layer  15: dev = CUDA0
llama_kv_cache: layer  16: dev = CUDA0
llama_kv_cache: layer  17: dev = CUDA0
llama_kv_cache: layer  18: dev = CUDA0
llama_kv_cache: layer  19: dev = CUDA0
llama_kv_cache: layer  20: dev = CUDA0
llama_kv_cache: layer  21: dev = CUDA0
llama_kv_cache: layer  22: dev = CUDA0
llama_kv_cache: layer  23: dev = CUDA0
llama_kv_cache: layer  24: dev = CUDA0
llama_kv_cache: layer  25: dev = CUDA0
llama_kv_cache: layer  26: dev = CUDA0
llama_kv_cache: layer  27: dev = CUDA0
llama_kv_cache:        CPU KV buffer size =     6.00 MiB
llama_kv_cache:      CUDA0 KV buffer size =    50.00 MiB
llama_kv_cache: size =   56.00 MiB (  1024 cells,  28 layers,  1/1 seqs), K (f16):   28.00 MiB, V (f16):   28.00 MiB
llama_kv_cache: attn_rot_k = 0, n_embd_head_k_all = 128
llama_kv_cache: attn_rot_v = 0, n_embd_head_k_all = 128
llama_context: enumerating backends
llama_context: backend_ptrs.size() = 2
sched_reserve: reserving ...
sched_reserve: max_nodes = 2712
sched_reserve: reserving full memory module
sched_reserve: worst-case: n_tokens = 512, n_seqs = 1, n_outputs = 1
graph_reserve: reserving a graph for ubatch with n_tokens =    1, n_seqs =  1, n_outputs =    1
sched_reserve: Flash Attention was auto, set to enabled
sched_reserve: resolving fused Gated Delta Net support:
graph_reserve: reserving a graph for ubatch with n_tokens =    1, n_seqs =  1, n_outputs =    1
sched_reserve: fused Gated Delta Net (autoregressive) enabled
graph_reserve: reserving a graph for ubatch with n_tokens =   16, n_seqs =  1, n_outputs =   16
sched_reserve: fused Gated Delta Net (chunked) enabled
graph_reserve: reserving a graph for ubatch with n_tokens =  512, n_seqs =  1, n_outputs =  512
graph_reserve: reserving a graph for ubatch with n_tokens =    1, n_seqs =  1, n_outputs =    1
graph_reserve: reserving a graph for ubatch with n_tokens =  512, n_seqs =  1, n_outputs =  512
sched_reserve:      CUDA0 compute buffer size =   304.00 MiB
sched_reserve:  CUDA_Host compute buffer size =    15.01 MiB
sched_reserve: graph nodes  = 958
sched_reserve: graph splits = 44 (with bs=512), 2 (with bs=1)
sched_reserve: reserve took 13.21 ms, sched copies = 1
CUDA Graph id 9639 reused
ggml_backend_cuda_graph_compute: CUDA graph warmup complete
CUDA Graph id 9639 reused
CUDA Graph id 9639 reused
CUDA Graph id 9639 reused
CUDA Graph id 9639 reused
CUDA Graph id 9639 reused
CUDA Graph id 9639 reused
CUDA Graph id 9639 reused
CUDA Graph id 9639 reused
CUDA Graph id 9639 reused
CUDA Graph id 9639 reused
CUDA Graph id 9639 reused
CUDA Graph id 9639 reused
CUDA Graph id 9639 reused
CUDA Graph id 9639 reused
CUDA Graph id 9639 reused
CUDA Graph id 9639 reused
CUDA Graph id 9639 reused
CUDA Graph id 9639 reused
CUDA Graph id 9639 reused
CUDA Graph id 9639 reused
CUDA Graph id 9639 reused
CUDA Graph id 9639 reused
CUDA Graph id 9639 reused
CUDA Graph id 9639 reused
CUDA Graph id 9639 reused
CUDA Graph id 9639 reused
CUDA Graph id 9639 reused
CUDA Graph id 9639 reused
CUDA Graph id 9639 reused
CUDA Graph id 9639 reused
CUDA Graph id 9639 reused
CUDA Graph id 9639 reused
CUDA Graph id 9639 reused
CUDA Graph id 9639 reused
CUDA Graph id 9639 reused
CUDA Graph id 9639 reused
CUDA Graph id 9639 reused
CUDA Graph id 9639 reused
CUDA Graph id 9639 reused
CUDA Graph id 9639 reused
CUDA Graph id 9639 reused
CUDA Graph id 9639 reused
CUDA Graph id 9639 reused
CUDA Graph id 9639 reused
CUDA Graph id 9639 reused
CUDA Graph id 9639 reused
CUDA Graph id 9639 reused
CUDA Graph id 9639 reused
CUDA Graph id 9639 reused
CUDA Graph id 9639 reused
CUDA Graph id 9639 reused
CUDA Graph id 9639 reused
CUDA Graph id 9639 reused
CUDA Graph id 9639 reused
CUDA Graph id 9639 reused
CUDA Graph id 9639 reused
CUDA Graph id 9639 reused
CUDA Graph id 9639 reused
CUDA Graph id 9639 reused
CUDA Graph id 9639 reused
CUDA Graph id 9639 reused
CUDA Graph id 9639 reused
CUDA Graph id 9639 reused
CUDA Graph id 9639 reused
CUDA Graph id 9639 reused
CUDA Graph id 9639 reused
CUDA Graph id 9639 reused
CUDA Graph id 9639 reused
CUDA Graph id 9639 reused
CUDA Graph id 9639 reused
CUDA Graph id 9639 reused
CUDA Graph id 9639 reused
CUDA Graph id 9639 reused
CUDA Graph id 9639 reused
CUDA Graph id 9639 reused
CUDA Graph id 9639 reused
CUDA Graph id 9639 reused
CUDA Graph id 9639 reused
CUDA Graph id 9639 reused
CUDA Graph id 9639 reused
CUDA Graph id 9639 reused
CUDA Graph id 9639 reused
CUDA Graph id 9639 reused
CUDA Graph id 9639 reused
CUDA Graph id 9639 reused
CUDA Graph id 9639 reused
CUDA Graph id 9639 reused
CUDA Graph id 9639 reused
CUDA Graph id 9639 reused
CUDA Graph id 9639 reused
CUDA Graph id 9639 reused
CUDA Graph id 9639 reused
CUDA Graph id 9639 reused
CUDA Graph id 9639 reused
CUDA Graph id 9639 reused
CUDA Graph id 9639 reused
CUDA Graph id 9639 reused
CUDA Graph id 9639 reused
CUDA Graph id 9639 reused
CUDA Graph id 9639 reused
CUDA Graph id 9639 reused
CUDA Graph id 9639 reused
CUDA Graph id 9639 reused
CUDA Graph id 9639 reused
~llama_context:      CUDA0 compute buffer size is 304.0000 MiB, matches expectation of 304.0000 MiB
~llama_context:  CUDA_Host compute buffer size is  15.0137 MiB, matches expectation of  15.0137 MiB
llama_context: constructing llama_context
llama_context: n_seq_max     = 1
llama_context: n_ctx         = 1024
llama_context: n_ctx_seq     = 1024
llama_context: n_batch       = 776
llama_context: n_ubatch      = 512
llama_context: causal_attn   = 1
llama_context: flash_attn    = auto
llama_context: kv_unified    = false
llama_context: freq_base     = 1000000.0
llama_context: freq_scale    = 1
llama_context: n_rs_seq      = 0
llama_context: n_outputs_max = 776
llama_context: n_ctx_seq (1024) < n_ctx_train (32768) -- the full capacity of the model will not be utilized
set_abort_callback: call
llama_context:  CUDA_Host  output buffer size =     0.58 MiB
llama_kv_cache: layer   0: dev = CPU
llama_kv_cache: layer   1: dev = CPU
llama_kv_cache: layer   2: dev = CPU
llama_kv_cache: layer   3: dev = CUDA0
llama_kv_cache: layer   4: dev = CUDA0
llama_kv_cache: layer   5: dev = CUDA0
llama_kv_cache: layer   6: dev = CUDA0
llama_kv_cache: layer   7: dev = CUDA0
llama_kv_cache: layer   8: dev = CUDA0
llama_kv_cache: layer   9: dev = CUDA0
llama_kv_cache: layer  10: dev = CUDA0
llama_kv_cache: layer  11: dev = CUDA0
llama_kv_cache: layer  12: dev = CUDA0
llama_kv_cache: layer  13: dev = CUDA0
llama_kv_cache: layer  14: dev = CUDA0
llama_kv_cache: layer  15: dev = CUDA0
llama_kv_cache: layer  16: dev = CUDA0
llama_kv_cache: layer  17: dev = CUDA0
llama_kv_cache: layer  18: dev = CUDA0
llama_kv_cache: layer  19: dev = CUDA0
llama_kv_cache: layer  20: dev = CUDA0
llama_kv_cache: layer  21: dev = CUDA0
llama_kv_cache: layer  22: dev = CUDA0
llama_kv_cache: layer  23: dev = CUDA0
llama_kv_cache: layer  24: dev = CUDA0
llama_kv_cache: layer  25: dev = CUDA0
llama_kv_cache: layer  26: dev = CUDA0
llama_kv_cache: layer  27: dev = CUDA0
llama_kv_cache:        CPU KV buffer size =     6.00 MiB
llama_kv_cache:      CUDA0 KV buffer size =    50.00 MiB
llama_kv_cache: size =   56.00 MiB (  1024 cells,  28 layers,  1/1 seqs), K (f16):   28.00 MiB, V (f16):   28.00 MiB
llama_kv_cache: attn_rot_k = 0, n_embd_head_k_all = 128
llama_kv_cache: attn_rot_v = 0, n_embd_head_k_all = 128
llama_context: enumerating backends
llama_context: backend_ptrs.size() = 2
sched_reserve: reserving ...
sched_reserve: max_nodes = 2712
sched_reserve: reserving full memory module
sched_reserve: worst-case: n_tokens = 512, n_seqs = 1, n_outputs = 1
graph_reserve: reserving a graph for ubatch with n_tokens =    1, n_seqs =  1, n_outputs =    1
sched_reserve: Flash Attention was auto, set to enabled
sched_reserve: resolving fused Gated Delta Net support:
graph_reserve: reserving a graph for ubatch with n_tokens =    1, n_seqs =  1, n_outputs =    1
sched_reserve: fused Gated Delta Net (autoregressive) enabled
graph_reserve: reserving a graph for ubatch with n_tokens =   16, n_seqs =  1, n_outputs =   16
sched_reserve: fused Gated Delta Net (chunked) enabled
graph_reserve: reserving a graph for ubatch with n_tokens =  512, n_seqs =  1, n_outputs =  512
graph_reserve: reserving a graph for ubatch with n_tokens =    1, n_seqs =  1, n_outputs =    1
graph_reserve: reserving a graph for ubatch with n_tokens =  512, n_seqs =  1, n_outputs =  512
sched_reserve:      CUDA0 compute buffer size =   304.00 MiB
sched_reserve:  CUDA_Host compute buffer size =    15.01 MiB
sched_reserve: graph nodes  = 958
sched_reserve: graph splits = 44 (with bs=512), 2 (with bs=1)
sched_reserve: reserve took 14.28 ms, sched copies = 1
CUDA Graph id 9789 reused
ggml_backend_cuda_graph_compute: CUDA graph warmup complete
CUDA Graph id 9789 reused
CUDA Graph id 9789 reused
CUDA Graph id 9789 reused
CUDA Graph id 9789 reused
CUDA Graph id 9789 reused
CUDA Graph id 9789 reused
CUDA Graph id 9789 reused
CUDA Graph id 9789 reused
CUDA Graph id 9789 reused
CUDA Graph id 9789 reused
CUDA Graph id 9789 reused
CUDA Graph id 9789 reused
CUDA Graph id 9789 reused
CUDA Graph id 9789 reused
CUDA Graph id 9789 reused
CUDA Graph id 9789 reused
CUDA Graph id 9789 reused
CUDA Graph id 9789 reused
CUDA Graph id 9789 reused
CUDA Graph id 9789 reused
CUDA Graph id 9789 reused
CUDA Graph id 9789 reused
CUDA Graph id 9789 reused
CUDA Graph id 9789 reused
CUDA Graph id 9789 reused
CUDA Graph id 9789 reused
CUDA Graph id 9789 reused
CUDA Graph id 9789 reused
CUDA Graph id 9789 reused
CUDA Graph id 9789 reused
CUDA Graph id 9789 reused
~llama_context:      CUDA0 compute buffer size is 304.0000 MiB, matches expectation of 304.0000 MiB
~llama_context:  CUDA_Host compute buffer size is  15.0137 MiB, matches expectation of  15.0137 MiB
llama_context: constructing llama_context
llama_context: n_seq_max     = 1
llama_context: n_ctx         = 1024
llama_context: n_ctx_seq     = 1024
llama_context: n_batch       = 776
llama_context: n_ubatch      = 512
llama_context: causal_attn   = 1
llama_context: flash_attn    = auto
llama_context: kv_unified    = false
llama_context: freq_base     = 1000000.0
llama_context: freq_scale    = 1
llama_context: n_rs_seq      = 0
llama_context: n_outputs_max = 776
llama_context: n_ctx_seq (1024) < n_ctx_train (32768) -- the full capacity of the model will not be utilized
set_abort_callback: call
llama_context:  CUDA_Host  output buffer size =     0.58 MiB
llama_kv_cache: layer   0: dev = CPU
llama_kv_cache: layer   1: dev = CPU
llama_kv_cache: layer   2: dev = CPU
llama_kv_cache: layer   3: dev = CUDA0
llama_kv_cache: layer   4: dev = CUDA0
llama_kv_cache: layer   5: dev = CUDA0
llama_kv_cache: layer   6: dev = CUDA0
llama_kv_cache: layer   7: dev = CUDA0
llama_kv_cache: layer   8: dev = CUDA0
llama_kv_cache: layer   9: dev = CUDA0
llama_kv_cache: layer  10: dev = CUDA0
llama_kv_cache: layer  11: dev = CUDA0
llama_kv_cache: layer  12: dev = CUDA0
llama_kv_cache: layer  13: dev = CUDA0
llama_kv_cache: layer  14: dev = CUDA0
llama_kv_cache: layer  15: dev = CUDA0
llama_kv_cache: layer  16: dev = CUDA0
llama_kv_cache: layer  17: dev = CUDA0
llama_kv_cache: layer  18: dev = CUDA0
llama_kv_cache: layer  19: dev = CUDA0
llama_kv_cache: layer  20: dev = CUDA0
llama_kv_cache: layer  21: dev = CUDA0
llama_kv_cache: layer  22: dev = CUDA0
llama_kv_cache: layer  23: dev = CUDA0
llama_kv_cache: layer  24: dev = CUDA0
llama_kv_cache: layer  25: dev = CUDA0
llama_kv_cache: layer  26: dev = CUDA0
llama_kv_cache: layer  27: dev = CUDA0
llama_kv_cache:        CPU KV buffer size =     6.00 MiB
llama_kv_cache:      CUDA0 KV buffer size =    50.00 MiB
llama_kv_cache: size =   56.00 MiB (  1024 cells,  28 layers,  1/1 seqs), K (f16):   28.00 MiB, V (f16):   28.00 MiB
llama_kv_cache: attn_rot_k = 0, n_embd_head_k_all = 128
llama_kv_cache: attn_rot_v = 0, n_embd_head_k_all = 128
llama_context: enumerating backends
llama_context: backend_ptrs.size() = 2
sched_reserve: reserving ...
sched_reserve: max_nodes = 2712
sched_reserve: reserving full memory module
sched_reserve: worst-case: n_tokens = 512, n_seqs = 1, n_outputs = 1
graph_reserve: reserving a graph for ubatch with n_tokens =    1, n_seqs =  1, n_outputs =    1
sched_reserve: Flash Attention was auto, set to enabled
sched_reserve: resolving fused Gated Delta Net support:
graph_reserve: reserving a graph for ubatch with n_tokens =    1, n_seqs =  1, n_outputs =    1
sched_reserve: fused Gated Delta Net (autoregressive) enabled
graph_reserve: reserving a graph for ubatch with n_tokens =   16, n_seqs =  1, n_outputs =   16
sched_reserve: fused Gated Delta Net (chunked) enabled
graph_reserve: reserving a graph for ubatch with n_tokens =  512, n_seqs =  1, n_outputs =  512
graph_reserve: reserving a graph for ubatch with n_tokens =    1, n_seqs =  1, n_outputs =    1
graph_reserve: reserving a graph for ubatch with n_tokens =  512, n_seqs =  1, n_outputs =  512
sched_reserve:      CUDA0 compute buffer size =   304.00 MiB
sched_reserve:  CUDA_Host compute buffer size =    15.01 MiB
sched_reserve: graph nodes  = 958
sched_reserve: graph splits = 44 (with bs=512), 2 (with bs=1)
sched_reserve: reserve took 13.60 ms, sched copies = 1
CUDA Graph id 9939 reused
ggml_backend_cuda_graph_compute: CUDA graph warmup complete
CUDA Graph id 9939 reused
CUDA Graph id 9939 reused
CUDA Graph id 9939 reused
CUDA Graph id 9939 reused
CUDA Graph id 9939 reused
CUDA Graph id 9939 reused
CUDA Graph id 9939 reused
CUDA Graph id 9939 reused
CUDA Graph id 9939 reused
CUDA Graph id 9939 reused
CUDA Graph id 9939 reused
CUDA Graph id 9939 reused
CUDA Graph id 9939 reused
CUDA Graph id 9939 reused
CUDA Graph id 9939 reused
CUDA Graph id 9939 reused
CUDA Graph id 9939 reused
CUDA Graph id 9939 reused
CUDA Graph id 9939 reused
CUDA Graph id 9939 reused
CUDA Graph id 9939 reused
CUDA Graph id 9939 reused
CUDA Graph id 9939 reused
CUDA Graph id 9939 reused
CUDA Graph id 9939 reused
CUDA Graph id 9939 reused
CUDA Graph id 9939 reused
CUDA Graph id 9939 reused
CUDA Graph id 9939 reused
CUDA Graph id 9939 reused
CUDA Graph id 9939 reused
CUDA Graph id 9939 reused
CUDA Graph id 9939 reused
CUDA Graph id 9939 reused
CUDA Graph id 9939 reused
CUDA Graph id 9939 reused
CUDA Graph id 9939 reused
CUDA Graph id 9939 reused
CUDA Graph id 9939 reused
CUDA Graph id 9939 reused
CUDA Graph id 9939 reused
CUDA Graph id 9939 reused
CUDA Graph id 9939 reused
CUDA Graph id 9939 reused
CUDA Graph id 9939 reused
CUDA Graph id 9939 reused
CUDA Graph id 9939 reused
CUDA Graph id 9939 reused
CUDA Graph id 9939 reused
CUDA Graph id 9939 reused
CUDA Graph id 9939 reused
CUDA Graph id 9939 reused
CUDA Graph id 9939 reused
CUDA Graph id 9939 reused
CUDA Graph id 9939 reused
CUDA Graph id 9939 reused
CUDA Graph id 9939 reused
CUDA Graph id 9939 reused
CUDA Graph id 9939 reused
CUDA Graph id 9939 reused
CUDA Graph id 9939 reused
CUDA Graph id 9939 reused
CUDA Graph id 9939 reused
CUDA Graph id 9939 reused
CUDA Graph id 9939 reused
CUDA Graph id 9939 reused
CUDA Graph id 9939 reused
CUDA Graph id 9939 reused
CUDA Graph id 9939 reused
CUDA Graph id 9939 reused
CUDA Graph id 9939 reused
CUDA Graph id 9939 reused
CUDA Graph id 9939 reused
CUDA Graph id 9939 reused
CUDA Graph id 9939 reused
CUDA Graph id 9939 reused
CUDA Graph id 9939 reused
CUDA Graph id 9939 reused
CUDA Graph id 9939 reused
CUDA Graph id 9939 reused
CUDA Graph id 9939 reused
CUDA Graph id 9939 reused
CUDA Graph id 9939 reused
CUDA Graph id 9939 reused
CUDA Graph id 9939 reused
CUDA Graph id 9939 reused
CUDA Graph id 9939 reused
CUDA Graph id 9939 reused
CUDA Graph id 9939 reused
CUDA Graph id 9939 reused
CUDA Graph id 9939 reused
CUDA Graph id 9939 reused
CUDA Graph id 9939 reused
CUDA Graph id 9939 reused
CUDA Graph id 9939 reused
CUDA Graph id 9939 reused
CUDA Graph id 9939 reused
CUDA Graph id 9939 reused
CUDA Graph id 9939 reused
CUDA Graph id 9939 reused
CUDA Graph id 9939 reused
CUDA Graph id 9939 reused
CUDA Graph id 9939 reused
CUDA Graph id 9939 reused
CUDA Graph id 9939 reused
CUDA Graph id 9939 reused
CUDA Graph id 9939 reused
CUDA Graph id 9939 reused
CUDA Graph id 9939 reused
CUDA Graph id 9939 reused
CUDA Graph id 9939 reused
CUDA Graph id 9939 reused
CUDA Graph id 9939 reused
CUDA Graph id 9939 reused
CUDA Graph id 9939 reused
CUDA Graph id 9939 reused
CUDA Graph id 9939 reused
CUDA Graph id 9939 reused
CUDA Graph id 9939 reused
CUDA Graph id 9939 reused
CUDA Graph id 9939 reused
CUDA Graph id 9939 reused
CUDA Graph id 9939 reused
CUDA Graph id 9939 reused
CUDA Graph id 9939 reused
CUDA Graph id 9939 reused
CUDA Graph id 9939 reused
CUDA Graph id 9939 reused
CUDA Graph id 9939 reused
CUDA Graph id 9939 reused
CUDA Graph id 9939 reused
CUDA Graph id 9939 reused
CUDA Graph id 9939 reused
CUDA Graph id 9939 reused
CUDA Graph id 9939 reused
CUDA Graph id 9939 reused
CUDA Graph id 9939 reused
CUDA Graph id 9939 reused
CUDA Graph id 9939 reused
CUDA Graph id 9939 reused
CUDA Graph id 9939 reused
CUDA Graph id 9939 reused
CUDA Graph id 9939 reused
CUDA Graph id 9939 reused
CUDA Graph id 9939 reused
CUDA Graph id 9939 reused
CUDA Graph id 9939 reused
CUDA Graph id 9939 reused
CUDA Graph id 9939 reused
CUDA Graph id 9939 reused
CUDA Graph id 9939 reused
CUDA Graph id 9939 reused
CUDA Graph id 9939 reused
CUDA Graph id 9939 reused
CUDA Graph id 9939 reused
CUDA Graph id 9939 reused
CUDA Graph id 9939 reused
CUDA Graph id 9939 reused
CUDA Graph id 9939 reused
CUDA Graph id 9939 reused
CUDA Graph id 9939 reused
CUDA Graph id 9939 reused
CUDA Graph id 9939 reused
CUDA Graph id 9939 reused
CUDA Graph id 9939 reused
CUDA Graph id 9939 reused
CUDA Graph id 9939 reused
CUDA Graph id 9939 reused
CUDA Graph id 9939 reused
CUDA Graph id 9939 reused
CUDA Graph id 9939 reused
CUDA Graph id 9939 reused
CUDA Graph id 9939 reused
CUDA Graph id 9939 reused
CUDA Graph id 9939 reused
CUDA Graph id 9939 reused
CUDA Graph id 9939 reused
CUDA Graph id 9939 reused
CUDA Graph id 9939 reused
CUDA Graph id 9939 reused
CUDA Graph id 9939 reused
CUDA Graph id 9939 reused
CUDA Graph id 9939 reused
CUDA Graph id 9939 reused
CUDA Graph id 9939 reused
CUDA Graph id 9939 reused
CUDA Graph id 9939 reused
CUDA Graph id 9939 reused
CUDA Graph id 9939 reused
CUDA Graph id 9939 reused
CUDA Graph id 9939 reused
CUDA Graph id 9939 reused
CUDA Graph id 9939 reused
CUDA Graph id 9939 reused
CUDA Graph id 9939 reused
CUDA Graph id 9939 reused
CUDA Graph id 9939 reused
CUDA Graph id 9939 reused
CUDA Graph id 9939 reused
CUDA Graph id 9939 reused
CUDA Graph id 9939 reused
CUDA Graph id 9939 reused
CUDA Graph id 9939 reused
CUDA Graph id 9939 reused
CUDA Graph id 9939 reused
CUDA Graph id 9939 reused
CUDA Graph id 9939 reused
CUDA Graph id 9939 reused
CUDA Graph id 9939 reused
CUDA Graph id 9939 reused
CUDA Graph id 9939 reused
CUDA Graph id 9939 reused
CUDA Graph id 9939 reused
CUDA Graph id 9939 reused
CUDA Graph id 9939 reused
CUDA Graph id 9939 reused
CUDA Graph id 9939 reused
CUDA Graph id 9939 reused
CUDA Graph id 9939 reused
CUDA Graph id 9939 reused
CUDA Graph id 9939 reused
CUDA Graph id 9939 reused
CUDA Graph id 9939 reused
CUDA Graph id 9939 reused
CUDA Graph id 9939 reused
CUDA Graph id 9939 reused
CUDA Graph id 9939 reused
CUDA Graph id 9939 reused
CUDA Graph id 9939 reused
CUDA Graph id 9939 reused
CUDA Graph id 9939 reused
CUDA Graph id 9939 reused
CUDA Graph id 9939 reused
CUDA Graph id 9939 reused
CUDA Graph id 9939 reused
CUDA Graph id 9939 reused
CUDA Graph id 9939 reused
CUDA Graph id 9939 reused
CUDA Graph id 9939 reused
CUDA Graph id 9939 reused
CUDA Graph id 9939 reused
CUDA Graph id 9939 reused
CUDA Graph id 9939 reused
CUDA Graph id 9939 reused
CUDA Graph id 9939 reused
CUDA Graph id 9939 reused
CUDA Graph id 9939 reused
CUDA Graph id 9939 reused
CUDA Graph id 9939 reused
CUDA Graph id 9939 reused
CUDA Graph id 9939 reused
CUDA Graph id 9939 reused
CUDA Graph id 9939 reused
CUDA Graph id 9939 reused
ggml_backend_cuda_graph_compute: CUDA graph warmup reset
CUDA Graph id 9942 reused
ggml_backend_cuda_graph_compute: CUDA graph warmup complete
CUDA Graph id 9942 reused
CUDA Graph id 9942 reused
CUDA Graph id 9942 reused
CUDA Graph id 9942 reused
CUDA Graph id 9942 reused
CUDA Graph id 9942 reused
CUDA Graph id 9942 reused
CUDA Graph id 9942 reused
CUDA Graph id 9942 reused
CUDA Graph id 9942 reused
CUDA Graph id 9942 reused
CUDA Graph id 9942 reused
CUDA Graph id 9942 reused
CUDA Graph id 9942 reused
CUDA Graph id 9942 reused
CUDA Graph id 9942 reused
CUDA Graph id 9942 reused
CUDA Graph id 9942 reused
CUDA Graph id 9942 reused
CUDA Graph id 9942 reused
CUDA Graph id 9942 reused
CUDA Graph id 9942 reused
CUDA Graph id 9942 reused
CUDA Graph id 9942 reused
CUDA Graph id 9942 reused
CUDA Graph id 9942 reused
CUDA Graph id 9942 reused
CUDA Graph id 9942 reused
~llama_context:      CUDA0 compute buffer size is 304.0000 MiB, matches expectation of 304.0000 MiB
~llama_context:  CUDA_Host compute buffer size is  15.0137 MiB, matches expectation of  15.0137 MiB
schema 86/100 done
llama_context: constructing llama_context
llama_context: n_seq_max     = 1
llama_context: n_ctx         = 768
llama_context: n_ctx_seq     = 768
llama_context: n_batch       = 725
llama_context: n_ubatch      = 512
llama_context: causal_attn   = 1
llama_context: flash_attn    = auto
llama_context: kv_unified    = false
llama_context: freq_base     = 1000000.0
llama_context: freq_scale    = 1
llama_context: n_rs_seq      = 0
llama_context: n_outputs_max = 725
llama_context: n_ctx_seq (768) < n_ctx_train (32768) -- the full capacity of the model will not be utilized
set_abort_callback: call
llama_context:  CUDA_Host  output buffer size =     0.58 MiB
llama_kv_cache: layer   0: dev = CPU
llama_kv_cache: layer   1: dev = CPU
llama_kv_cache: layer   2: dev = CPU
llama_kv_cache: layer   3: dev = CUDA0
llama_kv_cache: layer   4: dev = CUDA0
llama_kv_cache: layer   5: dev = CUDA0
llama_kv_cache: layer   6: dev = CUDA0
llama_kv_cache: layer   7: dev = CUDA0
llama_kv_cache: layer   8: dev = CUDA0
llama_kv_cache: layer   9: dev = CUDA0
llama_kv_cache: layer  10: dev = CUDA0
llama_kv_cache: layer  11: dev = CUDA0
llama_kv_cache: layer  12: dev = CUDA0
llama_kv_cache: layer  13: dev = CUDA0
llama_kv_cache: layer  14: dev = CUDA0
llama_kv_cache: layer  15: dev = CUDA0
llama_kv_cache: layer  16: dev = CUDA0
llama_kv_cache: layer  17: dev = CUDA0
llama_kv_cache: layer  18: dev = CUDA0
llama_kv_cache: layer  19: dev = CUDA0
llama_kv_cache: layer  20: dev = CUDA0
llama_kv_cache: layer  21: dev = CUDA0
llama_kv_cache: layer  22: dev = CUDA0
llama_kv_cache: layer  23: dev = CUDA0
llama_kv_cache: layer  24: dev = CUDA0
llama_kv_cache: layer  25: dev = CUDA0
llama_kv_cache: layer  26: dev = CUDA0
llama_kv_cache: layer  27: dev = CUDA0
llama_kv_cache:        CPU KV buffer size =     4.50 MiB
llama_kv_cache:      CUDA0 KV buffer size =    37.50 MiB
llama_kv_cache: size =   42.00 MiB (   768 cells,  28 layers,  1/1 seqs), K (f16):   21.00 MiB, V (f16):   21.00 MiB
llama_kv_cache: attn_rot_k = 0, n_embd_head_k_all = 128
llama_kv_cache: attn_rot_v = 0, n_embd_head_k_all = 128
llama_context: enumerating backends
llama_context: backend_ptrs.size() = 2
sched_reserve: reserving ...
sched_reserve: max_nodes = 2712
sched_reserve: reserving full memory module
sched_reserve: worst-case: n_tokens = 512, n_seqs = 1, n_outputs = 1
graph_reserve: reserving a graph for ubatch with n_tokens =    1, n_seqs =  1, n_outputs =    1
sched_reserve: Flash Attention was auto, set to enabled
sched_reserve: resolving fused Gated Delta Net support:
graph_reserve: reserving a graph for ubatch with n_tokens =    1, n_seqs =  1, n_outputs =    1
sched_reserve: fused Gated Delta Net (autoregressive) enabled
graph_reserve: reserving a graph for ubatch with n_tokens =   16, n_seqs =  1, n_outputs =   16
sched_reserve: fused Gated Delta Net (chunked) enabled
graph_reserve: reserving a graph for ubatch with n_tokens =  512, n_seqs =  1, n_outputs =  512
graph_reserve: reserving a graph for ubatch with n_tokens =    1, n_seqs =  1, n_outputs =    1
graph_reserve: reserving a graph for ubatch with n_tokens =  512, n_seqs =  1, n_outputs =  512
sched_reserve:      CUDA0 compute buffer size =   304.00 MiB
sched_reserve:  CUDA_Host compute buffer size =    14.76 MiB
sched_reserve: graph nodes  = 958
sched_reserve: graph splits = 44 (with bs=512), 2 (with bs=1)
sched_reserve: reserve took 16.90 ms, sched copies = 1
CUDA Graph id 10092 reused
ggml_backend_cuda_graph_compute: CUDA graph warmup complete
CUDA Graph id 10092 reused
CUDA Graph id 10092 reused
CUDA Graph id 10092 reused
CUDA Graph id 10092 reused
CUDA Graph id 10092 reused
CUDA Graph id 10092 reused
CUDA Graph id 10092 reused
CUDA Graph id 10092 reused
CUDA Graph id 10092 reused
CUDA Graph id 10092 reused
CUDA Graph id 10092 reused
CUDA Graph id 10092 reused
CUDA Graph id 10092 reused
CUDA Graph id 10092 reused
CUDA Graph id 10092 reused
CUDA Graph id 10092 reused
CUDA Graph id 10092 reused
CUDA Graph id 10092 reused
CUDA Graph id 10092 reused
CUDA Graph id 10092 reused
CUDA Graph id 10092 reused
CUDA Graph id 10092 reused
CUDA Graph id 10092 reused
CUDA Graph id 10092 reused
CUDA Graph id 10092 reused
CUDA Graph id 10092 reused
CUDA Graph id 10092 reused
CUDA Graph id 10092 reused
CUDA Graph id 10092 reused
CUDA Graph id 10092 reused
CUDA Graph id 10092 reused
CUDA Graph id 10092 reused
CUDA Graph id 10092 reused
CUDA Graph id 10092 reused
CUDA Graph id 10092 reused
CUDA Graph id 10092 reused
CUDA Graph id 10092 reused
CUDA Graph id 10092 reused
CUDA Graph id 10092 reused
CUDA Graph id 10092 reused
CUDA Graph id 10092 reused
~llama_context:      CUDA0 compute buffer size is 304.0000 MiB, matches expectation of 304.0000 MiB
~llama_context:  CUDA_Host compute buffer size is  14.7637 MiB, matches expectation of  14.7637 MiB
llama_context: constructing llama_context
llama_context: n_seq_max     = 1
llama_context: n_ctx         = 768
llama_context: n_ctx_seq     = 768
llama_context: n_batch       = 725
llama_context: n_ubatch      = 512
llama_context: causal_attn   = 1
llama_context: flash_attn    = auto
llama_context: kv_unified    = false
llama_context: freq_base     = 1000000.0
llama_context: freq_scale    = 1
llama_context: n_rs_seq      = 0
llama_context: n_outputs_max = 725
llama_context: n_ctx_seq (768) < n_ctx_train (32768) -- the full capacity of the model will not be utilized
set_abort_callback: call
llama_context:  CUDA_Host  output buffer size =     0.58 MiB
llama_kv_cache: layer   0: dev = CPU
llama_kv_cache: layer   1: dev = CPU
llama_kv_cache: layer   2: dev = CPU
llama_kv_cache: layer   3: dev = CUDA0
llama_kv_cache: layer   4: dev = CUDA0
llama_kv_cache: layer   5: dev = CUDA0
llama_kv_cache: layer   6: dev = CUDA0
llama_kv_cache: layer   7: dev = CUDA0
llama_kv_cache: layer   8: dev = CUDA0
llama_kv_cache: layer   9: dev = CUDA0
llama_kv_cache: layer  10: dev = CUDA0
llama_kv_cache: layer  11: dev = CUDA0
llama_kv_cache: layer  12: dev = CUDA0
llama_kv_cache: layer  13: dev = CUDA0
llama_kv_cache: layer  14: dev = CUDA0
llama_kv_cache: layer  15: dev = CUDA0
llama_kv_cache: layer  16: dev = CUDA0
llama_kv_cache: layer  17: dev = CUDA0
llama_kv_cache: layer  18: dev = CUDA0
llama_kv_cache: layer  19: dev = CUDA0
llama_kv_cache: layer  20: dev = CUDA0
llama_kv_cache: layer  21: dev = CUDA0
llama_kv_cache: layer  22: dev = CUDA0
llama_kv_cache: layer  23: dev = CUDA0
llama_kv_cache: layer  24: dev = CUDA0
llama_kv_cache: layer  25: dev = CUDA0
llama_kv_cache: layer  26: dev = CUDA0
llama_kv_cache: layer  27: dev = CUDA0
llama_kv_cache:        CPU KV buffer size =     4.50 MiB
llama_kv_cache:      CUDA0 KV buffer size =    37.50 MiB
llama_kv_cache: size =   42.00 MiB (   768 cells,  28 layers,  1/1 seqs), K (f16):   21.00 MiB, V (f16):   21.00 MiB
llama_kv_cache: attn_rot_k = 0, n_embd_head_k_all = 128
llama_kv_cache: attn_rot_v = 0, n_embd_head_k_all = 128
llama_context: enumerating backends
llama_context: backend_ptrs.size() = 2
sched_reserve: reserving ...
sched_reserve: max_nodes = 2712
sched_reserve: reserving full memory module
sched_reserve: worst-case: n_tokens = 512, n_seqs = 1, n_outputs = 1
graph_reserve: reserving a graph for ubatch with n_tokens =    1, n_seqs =  1, n_outputs =    1
sched_reserve: Flash Attention was auto, set to enabled
sched_reserve: resolving fused Gated Delta Net support:
graph_reserve: reserving a graph for ubatch with n_tokens =    1, n_seqs =  1, n_outputs =    1
sched_reserve: fused Gated Delta Net (autoregressive) enabled
graph_reserve: reserving a graph for ubatch with n_tokens =   16, n_seqs =  1, n_outputs =   16
sched_reserve: fused Gated Delta Net (chunked) enabled
graph_reserve: reserving a graph for ubatch with n_tokens =  512, n_seqs =  1, n_outputs =  512
graph_reserve: reserving a graph for ubatch with n_tokens =    1, n_seqs =  1, n_outputs =    1
graph_reserve: reserving a graph for ubatch with n_tokens =  512, n_seqs =  1, n_outputs =  512
sched_reserve:      CUDA0 compute buffer size =   304.00 MiB
sched_reserve:  CUDA_Host compute buffer size =    14.76 MiB
sched_reserve: graph nodes  = 958
sched_reserve: graph splits = 44 (with bs=512), 2 (with bs=1)
sched_reserve: reserve took 10.86 ms, sched copies = 1
CUDA Graph id 10242 reused
ggml_backend_cuda_graph_compute: CUDA graph warmup complete
CUDA Graph id 10242 reused
CUDA Graph id 10242 reused
CUDA Graph id 10242 reused
CUDA Graph id 10242 reused
CUDA Graph id 10242 reused
CUDA Graph id 10242 reused
CUDA Graph id 10242 reused
CUDA Graph id 10242 reused
CUDA Graph id 10242 reused
CUDA Graph id 10242 reused
CUDA Graph id 10242 reused
CUDA Graph id 10242 reused
CUDA Graph id 10242 reused
CUDA Graph id 10242 reused
CUDA Graph id 10242 reused
CUDA Graph id 10242 reused
CUDA Graph id 10242 reused
CUDA Graph id 10242 reused
CUDA Graph id 10242 reused
CUDA Graph id 10242 reused
CUDA Graph id 10242 reused
CUDA Graph id 10242 reused
CUDA Graph id 10242 reused
CUDA Graph id 10242 reused
CUDA Graph id 10242 reused
CUDA Graph id 10242 reused
CUDA Graph id 10242 reused
CUDA Graph id 10242 reused
CUDA Graph id 10242 reused
CUDA Graph id 10242 reused
CUDA Graph id 10242 reused
CUDA Graph id 10242 reused
CUDA Graph id 10242 reused
CUDA Graph id 10242 reused
CUDA Graph id 10242 reused
CUDA Graph id 10242 reused
CUDA Graph id 10242 reused
CUDA Graph id 10242 reused
CUDA Graph id 10242 reused
CUDA Graph id 10242 reused
CUDA Graph id 10242 reused
~llama_context:      CUDA0 compute buffer size is 304.0000 MiB, matches expectation of 304.0000 MiB
~llama_context:  CUDA_Host compute buffer size is  14.7637 MiB, matches expectation of  14.7637 MiB
llama_context: constructing llama_context
llama_context: n_seq_max     = 1
llama_context: n_ctx         = 768
llama_context: n_ctx_seq     = 768
llama_context: n_batch       = 725
llama_context: n_ubatch      = 512
llama_context: causal_attn   = 1
llama_context: flash_attn    = auto
llama_context: kv_unified    = false
llama_context: freq_base     = 1000000.0
llama_context: freq_scale    = 1
llama_context: n_rs_seq      = 0
llama_context: n_outputs_max = 725
llama_context: n_ctx_seq (768) < n_ctx_train (32768) -- the full capacity of the model will not be utilized
set_abort_callback: call
llama_context:  CUDA_Host  output buffer size =     0.58 MiB
llama_kv_cache: layer   0: dev = CPU
llama_kv_cache: layer   1: dev = CPU
llama_kv_cache: layer   2: dev = CPU
llama_kv_cache: layer   3: dev = CUDA0
llama_kv_cache: layer   4: dev = CUDA0
llama_kv_cache: layer   5: dev = CUDA0
llama_kv_cache: layer   6: dev = CUDA0
llama_kv_cache: layer   7: dev = CUDA0
llama_kv_cache: layer   8: dev = CUDA0
llama_kv_cache: layer   9: dev = CUDA0
llama_kv_cache: layer  10: dev = CUDA0
llama_kv_cache: layer  11: dev = CUDA0
llama_kv_cache: layer  12: dev = CUDA0
llama_kv_cache: layer  13: dev = CUDA0
llama_kv_cache: layer  14: dev = CUDA0
llama_kv_cache: layer  15: dev = CUDA0
llama_kv_cache: layer  16: dev = CUDA0
llama_kv_cache: layer  17: dev = CUDA0
llama_kv_cache: layer  18: dev = CUDA0
llama_kv_cache: layer  19: dev = CUDA0
llama_kv_cache: layer  20: dev = CUDA0
llama_kv_cache: layer  21: dev = CUDA0
llama_kv_cache: layer  22: dev = CUDA0
llama_kv_cache: layer  23: dev = CUDA0
llama_kv_cache: layer  24: dev = CUDA0
llama_kv_cache: layer  25: dev = CUDA0
llama_kv_cache: layer  26: dev = CUDA0
llama_kv_cache: layer  27: dev = CUDA0
llama_kv_cache:        CPU KV buffer size =     4.50 MiB
llama_kv_cache:      CUDA0 KV buffer size =    37.50 MiB
llama_kv_cache: size =   42.00 MiB (   768 cells,  28 layers,  1/1 seqs), K (f16):   21.00 MiB, V (f16):   21.00 MiB
llama_kv_cache: attn_rot_k = 0, n_embd_head_k_all = 128
llama_kv_cache: attn_rot_v = 0, n_embd_head_k_all = 128
llama_context: enumerating backends
llama_context: backend_ptrs.size() = 2
sched_reserve: reserving ...
sched_reserve: max_nodes = 2712
sched_reserve: reserving full memory module
sched_reserve: worst-case: n_tokens = 512, n_seqs = 1, n_outputs = 1
graph_reserve: reserving a graph for ubatch with n_tokens =    1, n_seqs =  1, n_outputs =    1
sched_reserve: Flash Attention was auto, set to enabled
sched_reserve: resolving fused Gated Delta Net support:
graph_reserve: reserving a graph for ubatch with n_tokens =    1, n_seqs =  1, n_outputs =    1
sched_reserve: fused Gated Delta Net (autoregressive) enabled
graph_reserve: reserving a graph for ubatch with n_tokens =   16, n_seqs =  1, n_outputs =   16
sched_reserve: fused Gated Delta Net (chunked) enabled
graph_reserve: reserving a graph for ubatch with n_tokens =  512, n_seqs =  1, n_outputs =  512
graph_reserve: reserving a graph for ubatch with n_tokens =    1, n_seqs =  1, n_outputs =    1
graph_reserve: reserving a graph for ubatch with n_tokens =  512, n_seqs =  1, n_outputs =  512
sched_reserve:      CUDA0 compute buffer size =   304.00 MiB
sched_reserve:  CUDA_Host compute buffer size =    14.76 MiB
sched_reserve: graph nodes  = 958
sched_reserve: graph splits = 44 (with bs=512), 2 (with bs=1)
sched_reserve: reserve took 13.12 ms, sched copies = 1
CUDA Graph id 10392 reused
ggml_backend_cuda_graph_compute: CUDA graph warmup complete
CUDA Graph id 10392 reused
CUDA Graph id 10392 reused
CUDA Graph id 10392 reused
CUDA Graph id 10392 reused
CUDA Graph id 10392 reused
CUDA Graph id 10392 reused
CUDA Graph id 10392 reused
CUDA Graph id 10392 reused
CUDA Graph id 10392 reused
CUDA Graph id 10392 reused
CUDA Graph id 10392 reused
CUDA Graph id 10392 reused
CUDA Graph id 10392 reused
CUDA Graph id 10392 reused
CUDA Graph id 10392 reused
CUDA Graph id 10392 reused
CUDA Graph id 10392 reused
CUDA Graph id 10392 reused
CUDA Graph id 10392 reused
CUDA Graph id 10392 reused
CUDA Graph id 10392 reused
CUDA Graph id 10392 reused
CUDA Graph id 10392 reused
CUDA Graph id 10392 reused
CUDA Graph id 10392 reused
CUDA Graph id 10392 reused
CUDA Graph id 10392 reused
CUDA Graph id 10392 reused
CUDA Graph id 10392 reused
CUDA Graph id 10392 reused
CUDA Graph id 10392 reused
CUDA Graph id 10392 reused
CUDA Graph id 10392 reused
CUDA Graph id 10392 reused
CUDA Graph id 10392 reused
CUDA Graph id 10392 reused
CUDA Graph id 10392 reused
CUDA Graph id 10392 reused
CUDA Graph id 10392 reused
CUDA Graph id 10392 reused
CUDA Graph id 10392 reused
~llama_context:      CUDA0 compute buffer size is 304.0000 MiB, matches expectation of 304.0000 MiB
~llama_context:  CUDA_Host compute buffer size is  14.7637 MiB, matches expectation of  14.7637 MiB
llama_context: constructing llama_context
llama_context: n_seq_max     = 1
llama_context: n_ctx         = 768
llama_context: n_ctx_seq     = 768
llama_context: n_batch       = 725
llama_context: n_ubatch      = 512
llama_context: causal_attn   = 1
llama_context: flash_attn    = auto
llama_context: kv_unified    = false
llama_context: freq_base     = 1000000.0
llama_context: freq_scale    = 1
llama_context: n_rs_seq      = 0
llama_context: n_outputs_max = 725
llama_context: n_ctx_seq (768) < n_ctx_train (32768) -- the full capacity of the model will not be utilized
set_abort_callback: call
llama_context:  CUDA_Host  output buffer size =     0.58 MiB
llama_kv_cache: layer   0: dev = CPU
llama_kv_cache: layer   1: dev = CPU
llama_kv_cache: layer   2: dev = CPU
llama_kv_cache: layer   3: dev = CUDA0
llama_kv_cache: layer   4: dev = CUDA0
llama_kv_cache: layer   5: dev = CUDA0
llama_kv_cache: layer   6: dev = CUDA0
llama_kv_cache: layer   7: dev = CUDA0
llama_kv_cache: layer   8: dev = CUDA0
llama_kv_cache: layer   9: dev = CUDA0
llama_kv_cache: layer  10: dev = CUDA0
llama_kv_cache: layer  11: dev = CUDA0
llama_kv_cache: layer  12: dev = CUDA0
llama_kv_cache: layer  13: dev = CUDA0
llama_kv_cache: layer  14: dev = CUDA0
llama_kv_cache: layer  15: dev = CUDA0
llama_kv_cache: layer  16: dev = CUDA0
llama_kv_cache: layer  17: dev = CUDA0
llama_kv_cache: layer  18: dev = CUDA0
llama_kv_cache: layer  19: dev = CUDA0
llama_kv_cache: layer  20: dev = CUDA0
llama_kv_cache: layer  21: dev = CUDA0
llama_kv_cache: layer  22: dev = CUDA0
llama_kv_cache: layer  23: dev = CUDA0
llama_kv_cache: layer  24: dev = CUDA0
llama_kv_cache: layer  25: dev = CUDA0
llama_kv_cache: layer  26: dev = CUDA0
llama_kv_cache: layer  27: dev = CUDA0
llama_kv_cache:        CPU KV buffer size =     4.50 MiB
llama_kv_cache:      CUDA0 KV buffer size =    37.50 MiB
llama_kv_cache: size =   42.00 MiB (   768 cells,  28 layers,  1/1 seqs), K (f16):   21.00 MiB, V (f16):   21.00 MiB
llama_kv_cache: attn_rot_k = 0, n_embd_head_k_all = 128
llama_kv_cache: attn_rot_v = 0, n_embd_head_k_all = 128
llama_context: enumerating backends
llama_context: backend_ptrs.size() = 2
sched_reserve: reserving ...
sched_reserve: max_nodes = 2712
sched_reserve: reserving full memory module
sched_reserve: worst-case: n_tokens = 512, n_seqs = 1, n_outputs = 1
graph_reserve: reserving a graph for ubatch with n_tokens =    1, n_seqs =  1, n_outputs =    1
sched_reserve: Flash Attention was auto, set to enabled
sched_reserve: resolving fused Gated Delta Net support:
graph_reserve: reserving a graph for ubatch with n_tokens =    1, n_seqs =  1, n_outputs =    1
sched_reserve: fused Gated Delta Net (autoregressive) enabled
graph_reserve: reserving a graph for ubatch with n_tokens =   16, n_seqs =  1, n_outputs =   16
sched_reserve: fused Gated Delta Net (chunked) enabled
graph_reserve: reserving a graph for ubatch with n_tokens =  512, n_seqs =  1, n_outputs =  512
graph_reserve: reserving a graph for ubatch with n_tokens =    1, n_seqs =  1, n_outputs =    1
graph_reserve: reserving a graph for ubatch with n_tokens =  512, n_seqs =  1, n_outputs =  512
sched_reserve:      CUDA0 compute buffer size =   304.00 MiB
sched_reserve:  CUDA_Host compute buffer size =    14.76 MiB
sched_reserve: graph nodes  = 958
sched_reserve: graph splits = 44 (with bs=512), 2 (with bs=1)
sched_reserve: reserve took 16.81 ms, sched copies = 1
CUDA Graph id 10542 reused
ggml_backend_cuda_graph_compute: CUDA graph warmup complete
CUDA Graph id 10542 reused
CUDA Graph id 10542 reused
CUDA Graph id 10542 reused
CUDA Graph id 10542 reused
CUDA Graph id 10542 reused
CUDA Graph id 10542 reused
CUDA Graph id 10542 reused
CUDA Graph id 10542 reused
CUDA Graph id 10542 reused
CUDA Graph id 10542 reused
CUDA Graph id 10542 reused
CUDA Graph id 10542 reused
CUDA Graph id 10542 reused
CUDA Graph id 10542 reused
CUDA Graph id 10542 reused
CUDA Graph id 10542 reused
CUDA Graph id 10542 reused
CUDA Graph id 10542 reused
CUDA Graph id 10542 reused
CUDA Graph id 10542 reused
CUDA Graph id 10542 reused
CUDA Graph id 10542 reused
CUDA Graph id 10542 reused
CUDA Graph id 10542 reused
CUDA Graph id 10542 reused
CUDA Graph id 10542 reused
CUDA Graph id 10542 reused
CUDA Graph id 10542 reused
CUDA Graph id 10542 reused
CUDA Graph id 10542 reused
CUDA Graph id 10542 reused
CUDA Graph id 10542 reused
CUDA Graph id 10542 reused
CUDA Graph id 10542 reused
CUDA Graph id 10542 reused
CUDA Graph id 10542 reused
CUDA Graph id 10542 reused
CUDA Graph id 10542 reused
CUDA Graph id 10542 reused
CUDA Graph id 10542 reused
CUDA Graph id 10542 reused
~llama_context:      CUDA0 compute buffer size is 304.0000 MiB, matches expectation of 304.0000 MiB
~llama_context:  CUDA_Host compute buffer size is  14.7637 MiB, matches expectation of  14.7637 MiB
llama_context: constructing llama_context
llama_context: n_seq_max     = 1
llama_context: n_ctx         = 768
llama_context: n_ctx_seq     = 768
llama_context: n_batch       = 725
llama_context: n_ubatch      = 512
llama_context: causal_attn   = 1
llama_context: flash_attn    = auto
llama_context: kv_unified    = false
llama_context: freq_base     = 1000000.0
llama_context: freq_scale    = 1
llama_context: n_rs_seq      = 0
llama_context: n_outputs_max = 725
llama_context: n_ctx_seq (768) < n_ctx_train (32768) -- the full capacity of the model will not be utilized
set_abort_callback: call
llama_context:  CUDA_Host  output buffer size =     0.58 MiB
llama_kv_cache: layer   0: dev = CPU
llama_kv_cache: layer   1: dev = CPU
llama_kv_cache: layer   2: dev = CPU
llama_kv_cache: layer   3: dev = CUDA0
llama_kv_cache: layer   4: dev = CUDA0
llama_kv_cache: layer   5: dev = CUDA0
llama_kv_cache: layer   6: dev = CUDA0
llama_kv_cache: layer   7: dev = CUDA0
llama_kv_cache: layer   8: dev = CUDA0
llama_kv_cache: layer   9: dev = CUDA0
llama_kv_cache: layer  10: dev = CUDA0
llama_kv_cache: layer  11: dev = CUDA0
llama_kv_cache: layer  12: dev = CUDA0
llama_kv_cache: layer  13: dev = CUDA0
llama_kv_cache: layer  14: dev = CUDA0
llama_kv_cache: layer  15: dev = CUDA0
llama_kv_cache: layer  16: dev = CUDA0
llama_kv_cache: layer  17: dev = CUDA0
llama_kv_cache: layer  18: dev = CUDA0
llama_kv_cache: layer  19: dev = CUDA0
llama_kv_cache: layer  20: dev = CUDA0
llama_kv_cache: layer  21: dev = CUDA0
llama_kv_cache: layer  22: dev = CUDA0
llama_kv_cache: layer  23: dev = CUDA0
llama_kv_cache: layer  24: dev = CUDA0
llama_kv_cache: layer  25: dev = CUDA0
llama_kv_cache: layer  26: dev = CUDA0
llama_kv_cache: layer  27: dev = CUDA0
llama_kv_cache:        CPU KV buffer size =     4.50 MiB
llama_kv_cache:      CUDA0 KV buffer size =    37.50 MiB
llama_kv_cache: size =   42.00 MiB (   768 cells,  28 layers,  1/1 seqs), K (f16):   21.00 MiB, V (f16):   21.00 MiB
llama_kv_cache: attn_rot_k = 0, n_embd_head_k_all = 128
llama_kv_cache: attn_rot_v = 0, n_embd_head_k_all = 128
llama_context: enumerating backends
llama_context: backend_ptrs.size() = 2
sched_reserve: reserving ...
sched_reserve: max_nodes = 2712
sched_reserve: reserving full memory module
sched_reserve: worst-case: n_tokens = 512, n_seqs = 1, n_outputs = 1
graph_reserve: reserving a graph for ubatch with n_tokens =    1, n_seqs =  1, n_outputs =    1
sched_reserve: Flash Attention was auto, set to enabled
sched_reserve: resolving fused Gated Delta Net support:
graph_reserve: reserving a graph for ubatch with n_tokens =    1, n_seqs =  1, n_outputs =    1
sched_reserve: fused Gated Delta Net (autoregressive) enabled
graph_reserve: reserving a graph for ubatch with n_tokens =   16, n_seqs =  1, n_outputs =   16
sched_reserve: fused Gated Delta Net (chunked) enabled
graph_reserve: reserving a graph for ubatch with n_tokens =  512, n_seqs =  1, n_outputs =  512
graph_reserve: reserving a graph for ubatch with n_tokens =    1, n_seqs =  1, n_outputs =    1
graph_reserve: reserving a graph for ubatch with n_tokens =  512, n_seqs =  1, n_outputs =  512
sched_reserve:      CUDA0 compute buffer size =   304.00 MiB
sched_reserve:  CUDA_Host compute buffer size =    14.76 MiB
sched_reserve: graph nodes  = 958
sched_reserve: graph splits = 44 (with bs=512), 2 (with bs=1)
sched_reserve: reserve took 16.00 ms, sched copies = 1
CUDA Graph id 10692 reused
ggml_backend_cuda_graph_compute: CUDA graph warmup complete
CUDA Graph id 10692 reused
CUDA Graph id 10692 reused
CUDA Graph id 10692 reused
CUDA Graph id 10692 reused
CUDA Graph id 10692 reused
CUDA Graph id 10692 reused
CUDA Graph id 10692 reused
CUDA Graph id 10692 reused
CUDA Graph id 10692 reused
CUDA Graph id 10692 reused
CUDA Graph id 10692 reused
CUDA Graph id 10692 reused
CUDA Graph id 10692 reused
CUDA Graph id 10692 reused
CUDA Graph id 10692 reused
CUDA Graph id 10692 reused
CUDA Graph id 10692 reused
CUDA Graph id 10692 reused
CUDA Graph id 10692 reused
CUDA Graph id 10692 reused
CUDA Graph id 10692 reused
CUDA Graph id 10692 reused
CUDA Graph id 10692 reused
CUDA Graph id 10692 reused
CUDA Graph id 10692 reused
CUDA Graph id 10692 reused
CUDA Graph id 10692 reused
CUDA Graph id 10692 reused
CUDA Graph id 10692 reused
CUDA Graph id 10692 reused
~llama_context:      CUDA0 compute buffer size is 304.0000 MiB, matches expectation of 304.0000 MiB
~llama_context:  CUDA_Host compute buffer size is  14.7637 MiB, matches expectation of  14.7637 MiB
llama_context: constructing llama_context
llama_context: n_seq_max     = 1
llama_context: n_ctx         = 768
llama_context: n_ctx_seq     = 768
llama_context: n_batch       = 725
llama_context: n_ubatch      = 512
llama_context: causal_attn   = 1
llama_context: flash_attn    = auto
llama_context: kv_unified    = false
llama_context: freq_base     = 1000000.0
llama_context: freq_scale    = 1
llama_context: n_rs_seq      = 0
llama_context: n_outputs_max = 725
llama_context: n_ctx_seq (768) < n_ctx_train (32768) -- the full capacity of the model will not be utilized
set_abort_callback: call
llama_context:  CUDA_Host  output buffer size =     0.58 MiB
llama_kv_cache: layer   0: dev = CPU
llama_kv_cache: layer   1: dev = CPU
llama_kv_cache: layer   2: dev = CPU
llama_kv_cache: layer   3: dev = CUDA0
llama_kv_cache: layer   4: dev = CUDA0
llama_kv_cache: layer   5: dev = CUDA0
llama_kv_cache: layer   6: dev = CUDA0
llama_kv_cache: layer   7: dev = CUDA0
llama_kv_cache: layer   8: dev = CUDA0
llama_kv_cache: layer   9: dev = CUDA0
llama_kv_cache: layer  10: dev = CUDA0
llama_kv_cache: layer  11: dev = CUDA0
llama_kv_cache: layer  12: dev = CUDA0
llama_kv_cache: layer  13: dev = CUDA0
llama_kv_cache: layer  14: dev = CUDA0
llama_kv_cache: layer  15: dev = CUDA0
llama_kv_cache: layer  16: dev = CUDA0
llama_kv_cache: layer  17: dev = CUDA0
llama_kv_cache: layer  18: dev = CUDA0
llama_kv_cache: layer  19: dev = CUDA0
llama_kv_cache: layer  20: dev = CUDA0
llama_kv_cache: layer  21: dev = CUDA0
llama_kv_cache: layer  22: dev = CUDA0
llama_kv_cache: layer  23: dev = CUDA0
llama_kv_cache: layer  24: dev = CUDA0
llama_kv_cache: layer  25: dev = CUDA0
llama_kv_cache: layer  26: dev = CUDA0
llama_kv_cache: layer  27: dev = CUDA0
llama_kv_cache:        CPU KV buffer size =     4.50 MiB
llama_kv_cache:      CUDA0 KV buffer size =    37.50 MiB
llama_kv_cache: size =   42.00 MiB (   768 cells,  28 layers,  1/1 seqs), K (f16):   21.00 MiB, V (f16):   21.00 MiB
llama_kv_cache: attn_rot_k = 0, n_embd_head_k_all = 128
llama_kv_cache: attn_rot_v = 0, n_embd_head_k_all = 128
llama_context: enumerating backends
llama_context: backend_ptrs.size() = 2
sched_reserve: reserving ...
sched_reserve: max_nodes = 2712
sched_reserve: reserving full memory module
sched_reserve: worst-case: n_tokens = 512, n_seqs = 1, n_outputs = 1
graph_reserve: reserving a graph for ubatch with n_tokens =    1, n_seqs =  1, n_outputs =    1
sched_reserve: Flash Attention was auto, set to enabled
sched_reserve: resolving fused Gated Delta Net support:
graph_reserve: reserving a graph for ubatch with n_tokens =    1, n_seqs =  1, n_outputs =    1
sched_reserve: fused Gated Delta Net (autoregressive) enabled
graph_reserve: reserving a graph for ubatch with n_tokens =   16, n_seqs =  1, n_outputs =   16
sched_reserve: fused Gated Delta Net (chunked) enabled
graph_reserve: reserving a graph for ubatch with n_tokens =  512, n_seqs =  1, n_outputs =  512
graph_reserve: reserving a graph for ubatch with n_tokens =    1, n_seqs =  1, n_outputs =    1
graph_reserve: reserving a graph for ubatch with n_tokens =  512, n_seqs =  1, n_outputs =  512
sched_reserve:      CUDA0 compute buffer size =   304.00 MiB
sched_reserve:  CUDA_Host compute buffer size =    14.76 MiB
sched_reserve: graph nodes  = 958
sched_reserve: graph splits = 44 (with bs=512), 2 (with bs=1)
sched_reserve: reserve took 16.12 ms, sched copies = 1
CUDA Graph id 10842 reused
ggml_backend_cuda_graph_compute: CUDA graph warmup complete
CUDA Graph id 10842 reused
CUDA Graph id 10842 reused
CUDA Graph id 10842 reused
CUDA Graph id 10842 reused
CUDA Graph id 10842 reused
CUDA Graph id 10842 reused
CUDA Graph id 10842 reused
CUDA Graph id 10842 reused
CUDA Graph id 10842 reused
CUDA Graph id 10842 reused
CUDA Graph id 10842 reused
CUDA Graph id 10842 reused
CUDA Graph id 10842 reused
CUDA Graph id 10842 reused
CUDA Graph id 10842 reused
CUDA Graph id 10842 reused
CUDA Graph id 10842 reused
CUDA Graph id 10842 reused
CUDA Graph id 10842 reused
CUDA Graph id 10842 reused
CUDA Graph id 10842 reused
CUDA Graph id 10842 reused
CUDA Graph id 10842 reused
CUDA Graph id 10842 reused
CUDA Graph id 10842 reused
CUDA Graph id 10842 reused
CUDA Graph id 10842 reused
CUDA Graph id 10842 reused
CUDA Graph id 10842 reused
CUDA Graph id 10842 reused
CUDA Graph id 10842 reused
CUDA Graph id 10842 reused
CUDA Graph id 10842 reused
CUDA Graph id 10842 reused
CUDA Graph id 10842 reused
CUDA Graph id 10842 reused
CUDA Graph id 10842 reused
CUDA Graph id 10842 reused
CUDA Graph id 10842 reused
CUDA Graph id 10842 reused
CUDA Graph id 10842 reused
CUDA Graph id 10842 reused
CUDA Graph id 10842 reused
CUDA Graph id 10842 reused
CUDA Graph id 10842 reused
CUDA Graph id 10842 reused
CUDA Graph id 10842 reused
CUDA Graph id 10842 reused
CUDA Graph id 10842 reused
ggml_backend_cuda_graph_compute: CUDA graph warmup reset
CUDA Graph id 10845 reused
ggml_backend_cuda_graph_compute: CUDA graph warmup complete
CUDA Graph id 10845 reused
CUDA Graph id 10845 reused
CUDA Graph id 10845 reused
CUDA Graph id 10845 reused
CUDA Graph id 10845 reused
CUDA Graph id 10845 reused
CUDA Graph id 10845 reused
CUDA Graph id 10845 reused
CUDA Graph id 10845 reused
CUDA Graph id 10845 reused
CUDA Graph id 10845 reused
CUDA Graph id 10845 reused
CUDA Graph id 10845 reused
CUDA Graph id 10845 reused
CUDA Graph id 10845 reused
CUDA Graph id 10845 reused
CUDA Graph id 10845 reused
CUDA Graph id 10845 reused
CUDA Graph id 10845 reused
CUDA Graph id 10845 reused
CUDA Graph id 10845 reused
CUDA Graph id 10845 reused
CUDA Graph id 10845 reused
CUDA Graph id 10845 reused
CUDA Graph id 10845 reused
CUDA Graph id 10845 reused
CUDA Graph id 10845 reused
CUDA Graph id 10845 reused
CUDA Graph id 10845 reused
CUDA Graph id 10845 reused
CUDA Graph id 10845 reused
CUDA Graph id 10845 reused
CUDA Graph id 10845 reused
CUDA Graph id 10845 reused
CUDA Graph id 10845 reused
CUDA Graph id 10845 reused
CUDA Graph id 10845 reused
CUDA Graph id 10845 reused
CUDA Graph id 10845 reused
CUDA Graph id 10845 reused
CUDA Graph id 10845 reused
CUDA Graph id 10845 reused
CUDA Graph id 10845 reused
CUDA Graph id 10845 reused
CUDA Graph id 10845 reused
CUDA Graph id 10845 reused
CUDA Graph id 10845 reused
CUDA Graph id 10845 reused
CUDA Graph id 10845 reused
CUDA Graph id 10845 reused
CUDA Graph id 10845 reused
CUDA Graph id 10845 reused
CUDA Graph id 10845 reused
CUDA Graph id 10845 reused
CUDA Graph id 10845 reused
CUDA Graph id 10845 reused
CUDA Graph id 10845 reused
CUDA Graph id 10845 reused
CUDA Graph id 10845 reused
CUDA Graph id 10845 reused
CUDA Graph id 10845 reused
CUDA Graph id 10845 reused
CUDA Graph id 10845 reused
CUDA Graph id 10845 reused
CUDA Graph id 10845 reused
CUDA Graph id 10845 reused
CUDA Graph id 10845 reused
CUDA Graph id 10845 reused
CUDA Graph id 10845 reused
CUDA Graph id 10845 reused
CUDA Graph id 10845 reused
CUDA Graph id 10845 reused
CUDA Graph id 10845 reused
CUDA Graph id 10845 reused
CUDA Graph id 10845 reused
CUDA Graph id 10845 reused
CUDA Graph id 10845 reused
CUDA Graph id 10845 reused
CUDA Graph id 10845 reused
CUDA Graph id 10845 reused
CUDA Graph id 10845 reused
CUDA Graph id 10845 reused
CUDA Graph id 10845 reused
CUDA Graph id 10845 reused
CUDA Graph id 10845 reused
CUDA Graph id 10845 reused
CUDA Graph id 10845 reused
CUDA Graph id 10845 reused
CUDA Graph id 10845 reused
CUDA Graph id 10845 reused
CUDA Graph id 10845 reused
CUDA Graph id 10845 reused
CUDA Graph id 10845 reused
CUDA Graph id 10845 reused
CUDA Graph id 10845 reused
CUDA Graph id 10845 reused
CUDA Graph id 10845 reused
CUDA Graph id 10845 reused
CUDA Graph id 10845 reused
CUDA Graph id 10845 reused
CUDA Graph id 10845 reused
CUDA Graph id 10845 reused
CUDA Graph id 10845 reused
CUDA Graph id 10845 reused
CUDA Graph id 10845 reused
CUDA Graph id 10845 reused
CUDA Graph id 10845 reused
CUDA Graph id 10845 reused
CUDA Graph id 10845 reused
CUDA Graph id 10845 reused
CUDA Graph id 10845 reused
CUDA Graph id 10845 reused
CUDA Graph id 10845 reused
CUDA Graph id 10845 reused
CUDA Graph id 10845 reused
CUDA Graph id 10845 reused
CUDA Graph id 10845 reused
CUDA Graph id 10845 reused
CUDA Graph id 10845 reused
CUDA Graph id 10845 reused
CUDA Graph id 10845 reused
CUDA Graph id 10845 reused
CUDA Graph id 10845 reused
CUDA Graph id 10845 reused
CUDA Graph id 10845 reused
CUDA Graph id 10845 reused
CUDA Graph id 10845 reused
CUDA Graph id 10845 reused
CUDA Graph id 10845 reused
CUDA Graph id 10845 reused
CUDA Graph id 10845 reused
CUDA Graph id 10845 reused
CUDA Graph id 10845 reused
CUDA Graph id 10845 reused
CUDA Graph id 10845 reused
CUDA Graph id 10845 reused
CUDA Graph id 10845 reused
CUDA Graph id 10845 reused
CUDA Graph id 10845 reused
CUDA Graph id 10845 reused
CUDA Graph id 10845 reused
CUDA Graph id 10845 reused
CUDA Graph id 10845 reused
CUDA Graph id 10845 reused
CUDA Graph id 10845 reused
CUDA Graph id 10845 reused
CUDA Graph id 10845 reused
CUDA Graph id 10845 reused
CUDA Graph id 10845 reused
CUDA Graph id 10845 reused
CUDA Graph id 10845 reused
CUDA Graph id 10845 reused
CUDA Graph id 10845 reused
CUDA Graph id 10845 reused
CUDA Graph id 10845 reused
CUDA Graph id 10845 reused
CUDA Graph id 10845 reused
CUDA Graph id 10845 reused
CUDA Graph id 10845 reused
CUDA Graph id 10845 reused
CUDA Graph id 10845 reused
CUDA Graph id 10845 reused
CUDA Graph id 10845 reused
CUDA Graph id 10845 reused
CUDA Graph id 10845 reused
CUDA Graph id 10845 reused
CUDA Graph id 10845 reused
CUDA Graph id 10845 reused
CUDA Graph id 10845 reused
CUDA Graph id 10845 reused
CUDA Graph id 10845 reused
CUDA Graph id 10845 reused
CUDA Graph id 10845 reused
CUDA Graph id 10845 reused
CUDA Graph id 10845 reused
CUDA Graph id 10845 reused
CUDA Graph id 10845 reused
CUDA Graph id 10845 reused
CUDA Graph id 10845 reused
CUDA Graph id 10845 reused
CUDA Graph id 10845 reused
CUDA Graph id 10845 reused
CUDA Graph id 10845 reused
CUDA Graph id 10845 reused
CUDA Graph id 10845 reused
CUDA Graph id 10845 reused
CUDA Graph id 10845 reused
CUDA Graph id 10845 reused
CUDA Graph id 10845 reused
CUDA Graph id 10845 reused
CUDA Graph id 10845 reused
CUDA Graph id 10845 reused
CUDA Graph id 10845 reused
CUDA Graph id 10845 reused
CUDA Graph id 10845 reused
CUDA Graph id 10845 reused
CUDA Graph id 10845 reused
CUDA Graph id 10845 reused
CUDA Graph id 10845 reused
CUDA Graph id 10845 reused
CUDA Graph id 10845 reused
CUDA Graph id 10845 reused
CUDA Graph id 10845 reused
CUDA Graph id 10845 reused
CUDA Graph id 10845 reused
CUDA Graph id 10845 reused
CUDA Graph id 10845 reused
CUDA Graph id 10845 reused
CUDA Graph id 10845 reused
CUDA Graph id 10845 reused
CUDA Graph id 10845 reused
CUDA Graph id 10845 reused
CUDA Graph id 10845 reused
CUDA Graph id 10845 reused
CUDA Graph id 10845 reused
CUDA Graph id 10845 reused
CUDA Graph id 10845 reused
CUDA Graph id 10845 reused
CUDA Graph id 10845 reused
CUDA Graph id 10845 reused
CUDA Graph id 10845 reused
CUDA Graph id 10845 reused
CUDA Graph id 10845 reused
CUDA Graph id 10845 reused
CUDA Graph id 10845 reused
CUDA Graph id 10845 reused
CUDA Graph id 10845 reused
CUDA Graph id 10845 reused
CUDA Graph id 10845 reused
CUDA Graph id 10845 reused
CUDA Graph id 10845 reused
CUDA Graph id 10845 reused
CUDA Graph id 10845 reused
CUDA Graph id 10845 reused
CUDA Graph id 10845 reused
CUDA Graph id 10845 reused
CUDA Graph id 10845 reused
CUDA Graph id 10845 reused
CUDA Graph id 10845 reused
CUDA Graph id 10845 reused
CUDA Graph id 10845 reused
CUDA Graph id 10845 reused
CUDA Graph id 10845 reused
CUDA Graph id 10845 reused
CUDA Graph id 10845 reused
CUDA Graph id 10845 reused
CUDA Graph id 10845 reused
CUDA Graph id 10845 reused
CUDA Graph id 10845 reused
CUDA Graph id 10845 reused
CUDA Graph id 10845 reused
CUDA Graph id 10845 reused
CUDA Graph id 10845 reused
CUDA Graph id 10845 reused
ggml_backend_cuda_graph_compute: CUDA graph warmup reset
CUDA Graph id 10848 reused
ggml_backend_cuda_graph_compute: CUDA graph warmup complete
CUDA Graph id 10848 reused
CUDA Graph id 10848 reused
CUDA Graph id 10848 reused
CUDA Graph id 10848 reused
CUDA Graph id 10848 reused
CUDA Graph id 10848 reused
CUDA Graph id 10848 reused
CUDA Graph id 10848 reused
CUDA Graph id 10848 reused
CUDA Graph id 10848 reused
CUDA Graph id 10848 reused
CUDA Graph id 10848 reused
CUDA Graph id 10848 reused
CUDA Graph id 10848 reused
CUDA Graph id 10848 reused
CUDA Graph id 10848 reused
CUDA Graph id 10848 reused
CUDA Graph id 10848 reused
CUDA Graph id 10848 reused
CUDA Graph id 10848 reused
CUDA Graph id 10848 reused
CUDA Graph id 10848 reused
CUDA Graph id 10848 reused
CUDA Graph id 10848 reused
CUDA Graph id 10848 reused
CUDA Graph id 10848 reused
CUDA Graph id 10848 reused
CUDA Graph id 10848 reused
CUDA Graph id 10848 reused
CUDA Graph id 10848 reused
CUDA Graph id 10848 reused
CUDA Graph id 10848 reused
CUDA Graph id 10848 reused
CUDA Graph id 10848 reused
CUDA Graph id 10848 reused
CUDA Graph id 10848 reused
CUDA Graph id 10848 reused
CUDA Graph id 10848 reused
CUDA Graph id 10848 reused
CUDA Graph id 10848 reused
CUDA Graph id 10848 reused
CUDA Graph id 10848 reused
CUDA Graph id 10848 reused
CUDA Graph id 10848 reused
CUDA Graph id 10848 reused
CUDA Graph id 10848 reused
CUDA Graph id 10848 reused
CUDA Graph id 10848 reused
CUDA Graph id 10848 reused
CUDA Graph id 10848 reused
CUDA Graph id 10848 reused
CUDA Graph id 10848 reused
CUDA Graph id 10848 reused
CUDA Graph id 10848 reused
CUDA Graph id 10848 reused
CUDA Graph id 10848 reused
CUDA Graph id 10848 reused
CUDA Graph id 10848 reused
CUDA Graph id 10848 reused
CUDA Graph id 10848 reused
CUDA Graph id 10848 reused
CUDA Graph id 10848 reused
CUDA Graph id 10848 reused
CUDA Graph id 10848 reused
CUDA Graph id 10848 reused
CUDA Graph id 10848 reused
CUDA Graph id 10848 reused
CUDA Graph id 10848 reused
CUDA Graph id 10848 reused
CUDA Graph id 10848 reused
CUDA Graph id 10848 reused
CUDA Graph id 10848 reused
CUDA Graph id 10848 reused
CUDA Graph id 10848 reused
CUDA Graph id 10848 reused
CUDA Graph id 10848 reused
CUDA Graph id 10848 reused
CUDA Graph id 10848 reused
CUDA Graph id 10848 reused
CUDA Graph id 10848 reused
CUDA Graph id 10848 reused
CUDA Graph id 10848 reused
CUDA Graph id 10848 reused
CUDA Graph id 10848 reused
CUDA Graph id 10848 reused
CUDA Graph id 10848 reused
CUDA Graph id 10848 reused
CUDA Graph id 10848 reused
CUDA Graph id 10848 reused
CUDA Graph id 10848 reused
CUDA Graph id 10848 reused
CUDA Graph id 10848 reused
CUDA Graph id 10848 reused
CUDA Graph id 10848 reused
CUDA Graph id 10848 reused
CUDA Graph id 10848 reused
CUDA Graph id 10848 reused
CUDA Graph id 10848 reused
CUDA Graph id 10848 reused
CUDA Graph id 10848 reused
CUDA Graph id 10848 reused
CUDA Graph id 10848 reused
CUDA Graph id 10848 reused
CUDA Graph id 10848 reused
CUDA Graph id 10848 reused
CUDA Graph id 10848 reused
CUDA Graph id 10848 reused
CUDA Graph id 10848 reused
CUDA Graph id 10848 reused
CUDA Graph id 10848 reused
CUDA Graph id 10848 reused
CUDA Graph id 10848 reused
CUDA Graph id 10848 reused
CUDA Graph id 10848 reused
CUDA Graph id 10848 reused
CUDA Graph id 10848 reused
CUDA Graph id 10848 reused
CUDA Graph id 10848 reused
CUDA Graph id 10848 reused
CUDA Graph id 10848 reused
CUDA Graph id 10848 reused
CUDA Graph id 10848 reused
CUDA Graph id 10848 reused
CUDA Graph id 10848 reused
CUDA Graph id 10848 reused
CUDA Graph id 10848 reused
CUDA Graph id 10848 reused
CUDA Graph id 10848 reused
CUDA Graph id 10848 reused
CUDA Graph id 10848 reused
CUDA Graph id 10848 reused
CUDA Graph id 10848 reused
CUDA Graph id 10848 reused
CUDA Graph id 10848 reused
CUDA Graph id 10848 reused
CUDA Graph id 10848 reused
CUDA Graph id 10848 reused
CUDA Graph id 10848 reused
CUDA Graph id 10848 reused
CUDA Graph id 10848 reused
CUDA Graph id 10848 reused
CUDA Graph id 10848 reused
CUDA Graph id 10848 reused
CUDA Graph id 10848 reused
CUDA Graph id 10848 reused
CUDA Graph id 10848 reused
CUDA Graph id 10848 reused
CUDA Graph id 10848 reused
CUDA Graph id 10848 reused
CUDA Graph id 10848 reused
CUDA Graph id 10848 reused
CUDA Graph id 10848 reused
CUDA Graph id 10848 reused
CUDA Graph id 10848 reused
CUDA Graph id 10848 reused
CUDA Graph id 10848 reused
CUDA Graph id 10848 reused
CUDA Graph id 10848 reused
CUDA Graph id 10848 reused
CUDA Graph id 10848 reused
CUDA Graph id 10848 reused
CUDA Graph id 10848 reused
CUDA Graph id 10848 reused
CUDA Graph id 10848 reused
CUDA Graph id 10848 reused
CUDA Graph id 10848 reused
CUDA Graph id 10848 reused
CUDA Graph id 10848 reused
CUDA Graph id 10848 reused
CUDA Graph id 10848 reused
CUDA Graph id 10848 reused
CUDA Graph id 10848 reused
CUDA Graph id 10848 reused
CUDA Graph id 10848 reused
CUDA Graph id 10848 reused
CUDA Graph id 10848 reused
CUDA Graph id 10848 reused
CUDA Graph id 10848 reused
CUDA Graph id 10848 reused
CUDA Graph id 10848 reused
CUDA Graph id 10848 reused
CUDA Graph id 10848 reused
CUDA Graph id 10848 reused
CUDA Graph id 10848 reused
CUDA Graph id 10848 reused
CUDA Graph id 10848 reused
CUDA Graph id 10848 reused
CUDA Graph id 10848 reused
CUDA Graph id 10848 reused
CUDA Graph id 10848 reused
CUDA Graph id 10848 reused
CUDA Graph id 10848 reused
CUDA Graph id 10848 reused
CUDA Graph id 10848 reused
CUDA Graph id 10848 reused
CUDA Graph id 10848 reused
CUDA Graph id 10848 reused
CUDA Graph id 10848 reused
CUDA Graph id 10848 reused
CUDA Graph id 10848 reused
CUDA Graph id 10848 reused
CUDA Graph id 10848 reused
CUDA Graph id 10848 reused
~llama_context:      CUDA0 compute buffer size is 304.0000 MiB, matches expectation of 304.0000 MiB
~llama_context:  CUDA_Host compute buffer size is  14.7637 MiB, matches expectation of  14.7637 MiB
schema 87/100 done
llama_context: constructing llama_context
llama_context: n_seq_max     = 1
llama_context: n_ctx         = 768
llama_context: n_ctx_seq     = 768
llama_context: n_batch       = 691
llama_context: n_ubatch      = 512
llama_context: causal_attn   = 1
llama_context: flash_attn    = auto
llama_context: kv_unified    = false
llama_context: freq_base     = 1000000.0
llama_context: freq_scale    = 1
llama_context: n_rs_seq      = 0
llama_context: n_outputs_max = 691
llama_context: n_ctx_seq (768) < n_ctx_train (32768) -- the full capacity of the model will not be utilized
set_abort_callback: call
llama_context:  CUDA_Host  output buffer size =     0.58 MiB
llama_kv_cache: layer   0: dev = CPU
llama_kv_cache: layer   1: dev = CPU
llama_kv_cache: layer   2: dev = CPU
llama_kv_cache: layer   3: dev = CUDA0
llama_kv_cache: layer   4: dev = CUDA0
llama_kv_cache: layer   5: dev = CUDA0
llama_kv_cache: layer   6: dev = CUDA0
llama_kv_cache: layer   7: dev = CUDA0
llama_kv_cache: layer   8: dev = CUDA0
llama_kv_cache: layer   9: dev = CUDA0
llama_kv_cache: layer  10: dev = CUDA0
llama_kv_cache: layer  11: dev = CUDA0
llama_kv_cache: layer  12: dev = CUDA0
llama_kv_cache: layer  13: dev = CUDA0
llama_kv_cache: layer  14: dev = CUDA0
llama_kv_cache: layer  15: dev = CUDA0
llama_kv_cache: layer  16: dev = CUDA0
llama_kv_cache: layer  17: dev = CUDA0
llama_kv_cache: layer  18: dev = CUDA0
llama_kv_cache: layer  19: dev = CUDA0
llama_kv_cache: layer  20: dev = CUDA0
llama_kv_cache: layer  21: dev = CUDA0
llama_kv_cache: layer  22: dev = CUDA0
llama_kv_cache: layer  23: dev = CUDA0
llama_kv_cache: layer  24: dev = CUDA0
llama_kv_cache: layer  25: dev = CUDA0
llama_kv_cache: layer  26: dev = CUDA0
llama_kv_cache: layer  27: dev = CUDA0
llama_kv_cache:        CPU KV buffer size =     4.50 MiB
llama_kv_cache:      CUDA0 KV buffer size =    37.50 MiB
llama_kv_cache: size =   42.00 MiB (   768 cells,  28 layers,  1/1 seqs), K (f16):   21.00 MiB, V (f16):   21.00 MiB
llama_kv_cache: attn_rot_k = 0, n_embd_head_k_all = 128
llama_kv_cache: attn_rot_v = 0, n_embd_head_k_all = 128
llama_context: enumerating backends
llama_context: backend_ptrs.size() = 2
sched_reserve: reserving ...
sched_reserve: max_nodes = 2712
sched_reserve: reserving full memory module
sched_reserve: worst-case: n_tokens = 512, n_seqs = 1, n_outputs = 1
graph_reserve: reserving a graph for ubatch with n_tokens =    1, n_seqs =  1, n_outputs =    1
sched_reserve: Flash Attention was auto, set to enabled
sched_reserve: resolving fused Gated Delta Net support:
graph_reserve: reserving a graph for ubatch with n_tokens =    1, n_seqs =  1, n_outputs =    1
sched_reserve: fused Gated Delta Net (autoregressive) enabled
graph_reserve: reserving a graph for ubatch with n_tokens =   16, n_seqs =  1, n_outputs =   16
sched_reserve: fused Gated Delta Net (chunked) enabled
graph_reserve: reserving a graph for ubatch with n_tokens =  512, n_seqs =  1, n_outputs =  512
graph_reserve: reserving a graph for ubatch with n_tokens =    1, n_seqs =  1, n_outputs =    1
graph_reserve: reserving a graph for ubatch with n_tokens =  512, n_seqs =  1, n_outputs =  512
sched_reserve:      CUDA0 compute buffer size =   304.00 MiB
sched_reserve:  CUDA_Host compute buffer size =    14.76 MiB
sched_reserve: graph nodes  = 958
sched_reserve: graph splits = 44 (with bs=512), 2 (with bs=1)
sched_reserve: reserve took 17.00 ms, sched copies = 1
CUDA Graph id 10998 reused
ggml_backend_cuda_graph_compute: CUDA graph warmup complete
CUDA Graph id 10998 reused
CUDA Graph id 10998 reused
CUDA Graph id 10998 reused
CUDA Graph id 10998 reused
CUDA Graph id 10998 reused
CUDA Graph id 10998 reused
CUDA Graph id 10998 reused
CUDA Graph id 10998 reused
CUDA Graph id 10998 reused
CUDA Graph id 10998 reused
CUDA Graph id 10998 reused
CUDA Graph id 10998 reused
CUDA Graph id 10998 reused
CUDA Graph id 10998 reused
CUDA Graph id 10998 reused
CUDA Graph id 10998 reused
CUDA Graph id 10998 reused
CUDA Graph id 10998 reused
CUDA Graph id 10998 reused
CUDA Graph id 10998 reused
CUDA Graph id 10998 reused
CUDA Graph id 10998 reused
CUDA Graph id 10998 reused
CUDA Graph id 10998 reused
CUDA Graph id 10998 reused
CUDA Graph id 10998 reused
CUDA Graph id 10998 reused
CUDA Graph id 10998 reused
CUDA Graph id 10998 reused
CUDA Graph id 10998 reused
~llama_context:      CUDA0 compute buffer size is 304.0000 MiB, matches expectation of 304.0000 MiB
~llama_context:  CUDA_Host compute buffer size is  14.7637 MiB, matches expectation of  14.7637 MiB
llama_context: constructing llama_context
llama_context: n_seq_max     = 1
llama_context: n_ctx         = 768
llama_context: n_ctx_seq     = 768
llama_context: n_batch       = 691
llama_context: n_ubatch      = 512
llama_context: causal_attn   = 1
llama_context: flash_attn    = auto
llama_context: kv_unified    = false
llama_context: freq_base     = 1000000.0
llama_context: freq_scale    = 1
llama_context: n_rs_seq      = 0
llama_context: n_outputs_max = 691
llama_context: n_ctx_seq (768) < n_ctx_train (32768) -- the full capacity of the model will not be utilized
set_abort_callback: call
llama_context:  CUDA_Host  output buffer size =     0.58 MiB
llama_kv_cache: layer   0: dev = CPU
llama_kv_cache: layer   1: dev = CPU
llama_kv_cache: layer   2: dev = CPU
llama_kv_cache: layer   3: dev = CUDA0
llama_kv_cache: layer   4: dev = CUDA0
llama_kv_cache: layer   5: dev = CUDA0
llama_kv_cache: layer   6: dev = CUDA0
llama_kv_cache: layer   7: dev = CUDA0
llama_kv_cache: layer   8: dev = CUDA0
llama_kv_cache: layer   9: dev = CUDA0
llama_kv_cache: layer  10: dev = CUDA0
llama_kv_cache: layer  11: dev = CUDA0
llama_kv_cache: layer  12: dev = CUDA0
llama_kv_cache: layer  13: dev = CUDA0
llama_kv_cache: layer  14: dev = CUDA0
llama_kv_cache: layer  15: dev = CUDA0
llama_kv_cache: layer  16: dev = CUDA0
llama_kv_cache: layer  17: dev = CUDA0
llama_kv_cache: layer  18: dev = CUDA0
llama_kv_cache: layer  19: dev = CUDA0
llama_kv_cache: layer  20: dev = CUDA0
llama_kv_cache: layer  21: dev = CUDA0
llama_kv_cache: layer  22: dev = CUDA0
llama_kv_cache: layer  23: dev = CUDA0
llama_kv_cache: layer  24: dev = CUDA0
llama_kv_cache: layer  25: dev = CUDA0
llama_kv_cache: layer  26: dev = CUDA0
llama_kv_cache: layer  27: dev = CUDA0
llama_kv_cache:        CPU KV buffer size =     4.50 MiB
llama_kv_cache:      CUDA0 KV buffer size =    37.50 MiB
llama_kv_cache: size =   42.00 MiB (   768 cells,  28 layers,  1/1 seqs), K (f16):   21.00 MiB, V (f16):   21.00 MiB
llama_kv_cache: attn_rot_k = 0, n_embd_head_k_all = 128
llama_kv_cache: attn_rot_v = 0, n_embd_head_k_all = 128
llama_context: enumerating backends
llama_context: backend_ptrs.size() = 2
sched_reserve: reserving ...
sched_reserve: max_nodes = 2712
sched_reserve: reserving full memory module
sched_reserve: worst-case: n_tokens = 512, n_seqs = 1, n_outputs = 1
graph_reserve: reserving a graph for ubatch with n_tokens =    1, n_seqs =  1, n_outputs =    1
sched_reserve: Flash Attention was auto, set to enabled
sched_reserve: resolving fused Gated Delta Net support:
graph_reserve: reserving a graph for ubatch with n_tokens =    1, n_seqs =  1, n_outputs =    1
sched_reserve: fused Gated Delta Net (autoregressive) enabled
graph_reserve: reserving a graph for ubatch with n_tokens =   16, n_seqs =  1, n_outputs =   16
sched_reserve: fused Gated Delta Net (chunked) enabled
graph_reserve: reserving a graph for ubatch with n_tokens =  512, n_seqs =  1, n_outputs =  512
graph_reserve: reserving a graph for ubatch with n_tokens =    1, n_seqs =  1, n_outputs =    1
graph_reserve: reserving a graph for ubatch with n_tokens =  512, n_seqs =  1, n_outputs =  512
sched_reserve:      CUDA0 compute buffer size =   304.00 MiB
sched_reserve:  CUDA_Host compute buffer size =    14.76 MiB
sched_reserve: graph nodes  = 958
sched_reserve: graph splits = 44 (with bs=512), 2 (with bs=1)
sched_reserve: reserve took 13.88 ms, sched copies = 1
CUDA Graph id 11148 reused
ggml_backend_cuda_graph_compute: CUDA graph warmup complete
CUDA Graph id 11148 reused
CUDA Graph id 11148 reused
CUDA Graph id 11148 reused
CUDA Graph id 11148 reused
CUDA Graph id 11148 reused
CUDA Graph id 11148 reused
CUDA Graph id 11148 reused
CUDA Graph id 11148 reused
CUDA Graph id 11148 reused
CUDA Graph id 11148 reused
CUDA Graph id 11148 reused
CUDA Graph id 11148 reused
CUDA Graph id 11148 reused
CUDA Graph id 11148 reused
CUDA Graph id 11148 reused
CUDA Graph id 11148 reused
CUDA Graph id 11148 reused
CUDA Graph id 11148 reused
CUDA Graph id 11148 reused
CUDA Graph id 11148 reused
CUDA Graph id 11148 reused
CUDA Graph id 11148 reused
CUDA Graph id 11148 reused
CUDA Graph id 11148 reused
CUDA Graph id 11148 reused
CUDA Graph id 11148 reused
CUDA Graph id 11148 reused
CUDA Graph id 11148 reused
CUDA Graph id 11148 reused
CUDA Graph id 11148 reused
~llama_context:      CUDA0 compute buffer size is 304.0000 MiB, matches expectation of 304.0000 MiB
~llama_context:  CUDA_Host compute buffer size is  14.7637 MiB, matches expectation of  14.7637 MiB
llama_context: constructing llama_context
llama_context: n_seq_max     = 1
llama_context: n_ctx         = 768
llama_context: n_ctx_seq     = 768
llama_context: n_batch       = 691
llama_context: n_ubatch      = 512
llama_context: causal_attn   = 1
llama_context: flash_attn    = auto
llama_context: kv_unified    = false
llama_context: freq_base     = 1000000.0
llama_context: freq_scale    = 1
llama_context: n_rs_seq      = 0
llama_context: n_outputs_max = 691
llama_context: n_ctx_seq (768) < n_ctx_train (32768) -- the full capacity of the model will not be utilized
set_abort_callback: call
llama_context:  CUDA_Host  output buffer size =     0.58 MiB
llama_kv_cache: layer   0: dev = CPU
llama_kv_cache: layer   1: dev = CPU
llama_kv_cache: layer   2: dev = CPU
llama_kv_cache: layer   3: dev = CUDA0
llama_kv_cache: layer   4: dev = CUDA0
llama_kv_cache: layer   5: dev = CUDA0
llama_kv_cache: layer   6: dev = CUDA0
llama_kv_cache: layer   7: dev = CUDA0
llama_kv_cache: layer   8: dev = CUDA0
llama_kv_cache: layer   9: dev = CUDA0
llama_kv_cache: layer  10: dev = CUDA0
llama_kv_cache: layer  11: dev = CUDA0
llama_kv_cache: layer  12: dev = CUDA0
llama_kv_cache: layer  13: dev = CUDA0
llama_kv_cache: layer  14: dev = CUDA0
llama_kv_cache: layer  15: dev = CUDA0
llama_kv_cache: layer  16: dev = CUDA0
llama_kv_cache: layer  17: dev = CUDA0
llama_kv_cache: layer  18: dev = CUDA0
llama_kv_cache: layer  19: dev = CUDA0
llama_kv_cache: layer  20: dev = CUDA0
llama_kv_cache: layer  21: dev = CUDA0
llama_kv_cache: layer  22: dev = CUDA0
llama_kv_cache: layer  23: dev = CUDA0
llama_kv_cache: layer  24: dev = CUDA0
llama_kv_cache: layer  25: dev = CUDA0
llama_kv_cache: layer  26: dev = CUDA0
llama_kv_cache: layer  27: dev = CUDA0
llama_kv_cache:        CPU KV buffer size =     4.50 MiB
llama_kv_cache:      CUDA0 KV buffer size =    37.50 MiB
llama_kv_cache: size =   42.00 MiB (   768 cells,  28 layers,  1/1 seqs), K (f16):   21.00 MiB, V (f16):   21.00 MiB
llama_kv_cache: attn_rot_k = 0, n_embd_head_k_all = 128
llama_kv_cache: attn_rot_v = 0, n_embd_head_k_all = 128
llama_context: enumerating backends
llama_context: backend_ptrs.size() = 2
sched_reserve: reserving ...
sched_reserve: max_nodes = 2712
sched_reserve: reserving full memory module
sched_reserve: worst-case: n_tokens = 512, n_seqs = 1, n_outputs = 1
graph_reserve: reserving a graph for ubatch with n_tokens =    1, n_seqs =  1, n_outputs =    1
sched_reserve: Flash Attention was auto, set to enabled
sched_reserve: resolving fused Gated Delta Net support:
graph_reserve: reserving a graph for ubatch with n_tokens =    1, n_seqs =  1, n_outputs =    1
sched_reserve: fused Gated Delta Net (autoregressive) enabled
graph_reserve: reserving a graph for ubatch with n_tokens =   16, n_seqs =  1, n_outputs =   16
sched_reserve: fused Gated Delta Net (chunked) enabled
graph_reserve: reserving a graph for ubatch with n_tokens =  512, n_seqs =  1, n_outputs =  512
graph_reserve: reserving a graph for ubatch with n_tokens =    1, n_seqs =  1, n_outputs =    1
graph_reserve: reserving a graph for ubatch with n_tokens =  512, n_seqs =  1, n_outputs =  512
sched_reserve:      CUDA0 compute buffer size =   304.00 MiB
sched_reserve:  CUDA_Host compute buffer size =    14.76 MiB
sched_reserve: graph nodes  = 958
sched_reserve: graph splits = 44 (with bs=512), 2 (with bs=1)
sched_reserve: reserve took 12.91 ms, sched copies = 1
CUDA Graph id 11298 reused
ggml_backend_cuda_graph_compute: CUDA graph warmup complete
CUDA Graph id 11298 reused
CUDA Graph id 11298 reused
CUDA Graph id 11298 reused
CUDA Graph id 11298 reused
CUDA Graph id 11298 reused
CUDA Graph id 11298 reused
CUDA Graph id 11298 reused
CUDA Graph id 11298 reused
CUDA Graph id 11298 reused
CUDA Graph id 11298 reused
CUDA Graph id 11298 reused
CUDA Graph id 11298 reused
CUDA Graph id 11298 reused
CUDA Graph id 11298 reused
CUDA Graph id 11298 reused
CUDA Graph id 11298 reused
CUDA Graph id 11298 reused
CUDA Graph id 11298 reused
CUDA Graph id 11298 reused
CUDA Graph id 11298 reused
CUDA Graph id 11298 reused
CUDA Graph id 11298 reused
CUDA Graph id 11298 reused
CUDA Graph id 11298 reused
CUDA Graph id 11298 reused
CUDA Graph id 11298 reused
CUDA Graph id 11298 reused
CUDA Graph id 11298 reused
CUDA Graph id 11298 reused
CUDA Graph id 11298 reused
~llama_context:      CUDA0 compute buffer size is 304.0000 MiB, matches expectation of 304.0000 MiB
~llama_context:  CUDA_Host compute buffer size is  14.7637 MiB, matches expectation of  14.7637 MiB
llama_context: constructing llama_context
llama_context: n_seq_max     = 1
llama_context: n_ctx         = 768
llama_context: n_ctx_seq     = 768
llama_context: n_batch       = 691
llama_context: n_ubatch      = 512
llama_context: causal_attn   = 1
llama_context: flash_attn    = auto
llama_context: kv_unified    = false
llama_context: freq_base     = 1000000.0
llama_context: freq_scale    = 1
llama_context: n_rs_seq      = 0
llama_context: n_outputs_max = 691
llama_context: n_ctx_seq (768) < n_ctx_train (32768) -- the full capacity of the model will not be utilized
set_abort_callback: call
llama_context:  CUDA_Host  output buffer size =     0.58 MiB
llama_kv_cache: layer   0: dev = CPU
llama_kv_cache: layer   1: dev = CPU
llama_kv_cache: layer   2: dev = CPU
llama_kv_cache: layer   3: dev = CUDA0
llama_kv_cache: layer   4: dev = CUDA0
llama_kv_cache: layer   5: dev = CUDA0
llama_kv_cache: layer   6: dev = CUDA0
llama_kv_cache: layer   7: dev = CUDA0
llama_kv_cache: layer   8: dev = CUDA0
llama_kv_cache: layer   9: dev = CUDA0
llama_kv_cache: layer  10: dev = CUDA0
llama_kv_cache: layer  11: dev = CUDA0
llama_kv_cache: layer  12: dev = CUDA0
llama_kv_cache: layer  13: dev = CUDA0
llama_kv_cache: layer  14: dev = CUDA0
llama_kv_cache: layer  15: dev = CUDA0
llama_kv_cache: layer  16: dev = CUDA0
llama_kv_cache: layer  17: dev = CUDA0
llama_kv_cache: layer  18: dev = CUDA0
llama_kv_cache: layer  19: dev = CUDA0
llama_kv_cache: layer  20: dev = CUDA0
llama_kv_cache: layer  21: dev = CUDA0
llama_kv_cache: layer  22: dev = CUDA0
llama_kv_cache: layer  23: dev = CUDA0
llama_kv_cache: layer  24: dev = CUDA0
llama_kv_cache: layer  25: dev = CUDA0
llama_kv_cache: layer  26: dev = CUDA0
llama_kv_cache: layer  27: dev = CUDA0
llama_kv_cache:        CPU KV buffer size =     4.50 MiB
llama_kv_cache:      CUDA0 KV buffer size =    37.50 MiB
llama_kv_cache: size =   42.00 MiB (   768 cells,  28 layers,  1/1 seqs), K (f16):   21.00 MiB, V (f16):   21.00 MiB
llama_kv_cache: attn_rot_k = 0, n_embd_head_k_all = 128
llama_kv_cache: attn_rot_v = 0, n_embd_head_k_all = 128
llama_context: enumerating backends
llama_context: backend_ptrs.size() = 2
sched_reserve: reserving ...
sched_reserve: max_nodes = 2712
sched_reserve: reserving full memory module
sched_reserve: worst-case: n_tokens = 512, n_seqs = 1, n_outputs = 1
graph_reserve: reserving a graph for ubatch with n_tokens =    1, n_seqs =  1, n_outputs =    1
sched_reserve: Flash Attention was auto, set to enabled
sched_reserve: resolving fused Gated Delta Net support:
graph_reserve: reserving a graph for ubatch with n_tokens =    1, n_seqs =  1, n_outputs =    1
sched_reserve: fused Gated Delta Net (autoregressive) enabled
graph_reserve: reserving a graph for ubatch with n_tokens =   16, n_seqs =  1, n_outputs =   16
sched_reserve: fused Gated Delta Net (chunked) enabled
graph_reserve: reserving a graph for ubatch with n_tokens =  512, n_seqs =  1, n_outputs =  512
graph_reserve: reserving a graph for ubatch with n_tokens =    1, n_seqs =  1, n_outputs =    1
graph_reserve: reserving a graph for ubatch with n_tokens =  512, n_seqs =  1, n_outputs =  512
sched_reserve:      CUDA0 compute buffer size =   304.00 MiB
sched_reserve:  CUDA_Host compute buffer size =    14.76 MiB
sched_reserve: graph nodes  = 958
sched_reserve: graph splits = 44 (with bs=512), 2 (with bs=1)
sched_reserve: reserve took 16.98 ms, sched copies = 1
CUDA Graph id 11448 reused
ggml_backend_cuda_graph_compute: CUDA graph warmup complete
CUDA Graph id 11448 reused
CUDA Graph id 11448 reused
CUDA Graph id 11448 reused
CUDA Graph id 11448 reused
CUDA Graph id 11448 reused
CUDA Graph id 11448 reused
CUDA Graph id 11448 reused
CUDA Graph id 11448 reused
CUDA Graph id 11448 reused
CUDA Graph id 11448 reused
CUDA Graph id 11448 reused
CUDA Graph id 11448 reused
CUDA Graph id 11448 reused
CUDA Graph id 11448 reused
CUDA Graph id 11448 reused
CUDA Graph id 11448 reused
CUDA Graph id 11448 reused
CUDA Graph id 11448 reused
CUDA Graph id 11448 reused
CUDA Graph id 11448 reused
CUDA Graph id 11448 reused
CUDA Graph id 11448 reused
CUDA Graph id 11448 reused
CUDA Graph id 11448 reused
CUDA Graph id 11448 reused
CUDA Graph id 11448 reused
CUDA Graph id 11448 reused
CUDA Graph id 11448 reused
CUDA Graph id 11448 reused
CUDA Graph id 11448 reused
~llama_context:      CUDA0 compute buffer size is 304.0000 MiB, matches expectation of 304.0000 MiB
~llama_context:  CUDA_Host compute buffer size is  14.7637 MiB, matches expectation of  14.7637 MiB
llama_context: constructing llama_context
llama_context: n_seq_max     = 1
llama_context: n_ctx         = 768
llama_context: n_ctx_seq     = 768
llama_context: n_batch       = 691
llama_context: n_ubatch      = 512
llama_context: causal_attn   = 1
llama_context: flash_attn    = auto
llama_context: kv_unified    = false
llama_context: freq_base     = 1000000.0
llama_context: freq_scale    = 1
llama_context: n_rs_seq      = 0
llama_context: n_outputs_max = 691
llama_context: n_ctx_seq (768) < n_ctx_train (32768) -- the full capacity of the model will not be utilized
set_abort_callback: call
llama_context:  CUDA_Host  output buffer size =     0.58 MiB
llama_kv_cache: layer   0: dev = CPU
llama_kv_cache: layer   1: dev = CPU
llama_kv_cache: layer   2: dev = CPU
llama_kv_cache: layer   3: dev = CUDA0
llama_kv_cache: layer   4: dev = CUDA0
llama_kv_cache: layer   5: dev = CUDA0
llama_kv_cache: layer   6: dev = CUDA0
llama_kv_cache: layer   7: dev = CUDA0
llama_kv_cache: layer   8: dev = CUDA0
llama_kv_cache: layer   9: dev = CUDA0
llama_kv_cache: layer  10: dev = CUDA0
llama_kv_cache: layer  11: dev = CUDA0
llama_kv_cache: layer  12: dev = CUDA0
llama_kv_cache: layer  13: dev = CUDA0
llama_kv_cache: layer  14: dev = CUDA0
llama_kv_cache: layer  15: dev = CUDA0
llama_kv_cache: layer  16: dev = CUDA0
llama_kv_cache: layer  17: dev = CUDA0
llama_kv_cache: layer  18: dev = CUDA0
llama_kv_cache: layer  19: dev = CUDA0
llama_kv_cache: layer  20: dev = CUDA0
llama_kv_cache: layer  21: dev = CUDA0
llama_kv_cache: layer  22: dev = CUDA0
llama_kv_cache: layer  23: dev = CUDA0
llama_kv_cache: layer  24: dev = CUDA0
llama_kv_cache: layer  25: dev = CUDA0
llama_kv_cache: layer  26: dev = CUDA0
llama_kv_cache: layer  27: dev = CUDA0
llama_kv_cache:        CPU KV buffer size =     4.50 MiB
llama_kv_cache:      CUDA0 KV buffer size =    37.50 MiB
llama_kv_cache: size =   42.00 MiB (   768 cells,  28 layers,  1/1 seqs), K (f16):   21.00 MiB, V (f16):   21.00 MiB
llama_kv_cache: attn_rot_k = 0, n_embd_head_k_all = 128
llama_kv_cache: attn_rot_v = 0, n_embd_head_k_all = 128
llama_context: enumerating backends
llama_context: backend_ptrs.size() = 2
sched_reserve: reserving ...
sched_reserve: max_nodes = 2712
sched_reserve: reserving full memory module
sched_reserve: worst-case: n_tokens = 512, n_seqs = 1, n_outputs = 1
graph_reserve: reserving a graph for ubatch with n_tokens =    1, n_seqs =  1, n_outputs =    1
sched_reserve: Flash Attention was auto, set to enabled
sched_reserve: resolving fused Gated Delta Net support:
graph_reserve: reserving a graph for ubatch with n_tokens =    1, n_seqs =  1, n_outputs =    1
sched_reserve: fused Gated Delta Net (autoregressive) enabled
graph_reserve: reserving a graph for ubatch with n_tokens =   16, n_seqs =  1, n_outputs =   16
sched_reserve: fused Gated Delta Net (chunked) enabled
graph_reserve: reserving a graph for ubatch with n_tokens =  512, n_seqs =  1, n_outputs =  512
graph_reserve: reserving a graph for ubatch with n_tokens =    1, n_seqs =  1, n_outputs =    1
graph_reserve: reserving a graph for ubatch with n_tokens =  512, n_seqs =  1, n_outputs =  512
sched_reserve:      CUDA0 compute buffer size =   304.00 MiB
sched_reserve:  CUDA_Host compute buffer size =    14.76 MiB
sched_reserve: graph nodes  = 958
sched_reserve: graph splits = 44 (with bs=512), 2 (with bs=1)
sched_reserve: reserve took 18.94 ms, sched copies = 1
CUDA Graph id 11598 reused
ggml_backend_cuda_graph_compute: CUDA graph warmup complete
CUDA Graph id 11598 reused
CUDA Graph id 11598 reused
CUDA Graph id 11598 reused
CUDA Graph id 11598 reused
CUDA Graph id 11598 reused
CUDA Graph id 11598 reused
CUDA Graph id 11598 reused
CUDA Graph id 11598 reused
CUDA Graph id 11598 reused
CUDA Graph id 11598 reused
CUDA Graph id 11598 reused
~llama_context:      CUDA0 compute buffer size is 304.0000 MiB, matches expectation of 304.0000 MiB
~llama_context:  CUDA_Host compute buffer size is  14.7637 MiB, matches expectation of  14.7637 MiB
llama_context: constructing llama_context
llama_context: n_seq_max     = 1
llama_context: n_ctx         = 768
llama_context: n_ctx_seq     = 768
llama_context: n_batch       = 691
llama_context: n_ubatch      = 512
llama_context: causal_attn   = 1
llama_context: flash_attn    = auto
llama_context: kv_unified    = false
llama_context: freq_base     = 1000000.0
llama_context: freq_scale    = 1
llama_context: n_rs_seq      = 0
llama_context: n_outputs_max = 691
llama_context: n_ctx_seq (768) < n_ctx_train (32768) -- the full capacity of the model will not be utilized
set_abort_callback: call
llama_context:  CUDA_Host  output buffer size =     0.58 MiB
llama_kv_cache: layer   0: dev = CPU
llama_kv_cache: layer   1: dev = CPU
llama_kv_cache: layer   2: dev = CPU
llama_kv_cache: layer   3: dev = CUDA0
llama_kv_cache: layer   4: dev = CUDA0
llama_kv_cache: layer   5: dev = CUDA0
llama_kv_cache: layer   6: dev = CUDA0
llama_kv_cache: layer   7: dev = CUDA0
llama_kv_cache: layer   8: dev = CUDA0
llama_kv_cache: layer   9: dev = CUDA0
llama_kv_cache: layer  10: dev = CUDA0
llama_kv_cache: layer  11: dev = CUDA0
llama_kv_cache: layer  12: dev = CUDA0
llama_kv_cache: layer  13: dev = CUDA0
llama_kv_cache: layer  14: dev = CUDA0
llama_kv_cache: layer  15: dev = CUDA0
llama_kv_cache: layer  16: dev = CUDA0
llama_kv_cache: layer  17: dev = CUDA0
llama_kv_cache: layer  18: dev = CUDA0
llama_kv_cache: layer  19: dev = CUDA0
llama_kv_cache: layer  20: dev = CUDA0
llama_kv_cache: layer  21: dev = CUDA0
llama_kv_cache: layer  22: dev = CUDA0
llama_kv_cache: layer  23: dev = CUDA0
llama_kv_cache: layer  24: dev = CUDA0
llama_kv_cache: layer  25: dev = CUDA0
llama_kv_cache: layer  26: dev = CUDA0
llama_kv_cache: layer  27: dev = CUDA0
llama_kv_cache:        CPU KV buffer size =     4.50 MiB
llama_kv_cache:      CUDA0 KV buffer size =    37.50 MiB
llama_kv_cache: size =   42.00 MiB (   768 cells,  28 layers,  1/1 seqs), K (f16):   21.00 MiB, V (f16):   21.00 MiB
llama_kv_cache: attn_rot_k = 0, n_embd_head_k_all = 128
llama_kv_cache: attn_rot_v = 0, n_embd_head_k_all = 128
llama_context: enumerating backends
llama_context: backend_ptrs.size() = 2
sched_reserve: reserving ...
sched_reserve: max_nodes = 2712
sched_reserve: reserving full memory module
sched_reserve: worst-case: n_tokens = 512, n_seqs = 1, n_outputs = 1
graph_reserve: reserving a graph for ubatch with n_tokens =    1, n_seqs =  1, n_outputs =    1
sched_reserve: Flash Attention was auto, set to enabled
sched_reserve: resolving fused Gated Delta Net support:
graph_reserve: reserving a graph for ubatch with n_tokens =    1, n_seqs =  1, n_outputs =    1
sched_reserve: fused Gated Delta Net (autoregressive) enabled
graph_reserve: reserving a graph for ubatch with n_tokens =   16, n_seqs =  1, n_outputs =   16
sched_reserve: fused Gated Delta Net (chunked) enabled
graph_reserve: reserving a graph for ubatch with n_tokens =  512, n_seqs =  1, n_outputs =  512
graph_reserve: reserving a graph for ubatch with n_tokens =    1, n_seqs =  1, n_outputs =    1
graph_reserve: reserving a graph for ubatch with n_tokens =  512, n_seqs =  1, n_outputs =  512
sched_reserve:      CUDA0 compute buffer size =   304.00 MiB
sched_reserve:  CUDA_Host compute buffer size =    14.76 MiB
sched_reserve: graph nodes  = 958
sched_reserve: graph splits = 44 (with bs=512), 2 (with bs=1)
sched_reserve: reserve took 13.19 ms, sched copies = 1
CUDA Graph id 11748 reused
ggml_backend_cuda_graph_compute: CUDA graph warmup complete
CUDA Graph id 11748 reused
CUDA Graph id 11748 reused
CUDA Graph id 11748 reused
CUDA Graph id 11748 reused
CUDA Graph id 11748 reused
CUDA Graph id 11748 reused
CUDA Graph id 11748 reused
CUDA Graph id 11748 reused
CUDA Graph id 11748 reused
CUDA Graph id 11748 reused
CUDA Graph id 11748 reused
CUDA Graph id 11748 reused
CUDA Graph id 11748 reused
CUDA Graph id 11748 reused
CUDA Graph id 11748 reused
CUDA Graph id 11748 reused
CUDA Graph id 11748 reused
CUDA Graph id 11748 reused
CUDA Graph id 11748 reused
CUDA Graph id 11748 reused
CUDA Graph id 11748 reused
CUDA Graph id 11748 reused
CUDA Graph id 11748 reused
CUDA Graph id 11748 reused
CUDA Graph id 11748 reused
CUDA Graph id 11748 reused
CUDA Graph id 11748 reused
CUDA Graph id 11748 reused
CUDA Graph id 11748 reused
CUDA Graph id 11748 reused
CUDA Graph id 11748 reused
CUDA Graph id 11748 reused
CUDA Graph id 11748 reused
CUDA Graph id 11748 reused
CUDA Graph id 11748 reused
CUDA Graph id 11748 reused
CUDA Graph id 11748 reused
CUDA Graph id 11748 reused
CUDA Graph id 11748 reused
CUDA Graph id 11748 reused
CUDA Graph id 11748 reused
CUDA Graph id 11748 reused
CUDA Graph id 11748 reused
CUDA Graph id 11748 reused
CUDA Graph id 11748 reused
CUDA Graph id 11748 reused
CUDA Graph id 11748 reused
CUDA Graph id 11748 reused
CUDA Graph id 11748 reused
CUDA Graph id 11748 reused
CUDA Graph id 11748 reused
CUDA Graph id 11748 reused
CUDA Graph id 11748 reused
CUDA Graph id 11748 reused
CUDA Graph id 11748 reused
CUDA Graph id 11748 reused
CUDA Graph id 11748 reused
CUDA Graph id 11748 reused
CUDA Graph id 11748 reused
CUDA Graph id 11748 reused
CUDA Graph id 11748 reused
CUDA Graph id 11748 reused
CUDA Graph id 11748 reused
CUDA Graph id 11748 reused
CUDA Graph id 11748 reused
CUDA Graph id 11748 reused
CUDA Graph id 11748 reused
CUDA Graph id 11748 reused
CUDA Graph id 11748 reused
CUDA Graph id 11748 reused
CUDA Graph id 11748 reused
CUDA Graph id 11748 reused
CUDA Graph id 11748 reused
CUDA Graph id 11748 reused
CUDA Graph id 11748 reused
CUDA Graph id 11748 reused
CUDA Graph id 11748 reused
CUDA Graph id 11748 reused
CUDA Graph id 11748 reused
CUDA Graph id 11748 reused
CUDA Graph id 11748 reused
CUDA Graph id 11748 reused
CUDA Graph id 11748 reused
ggml_backend_cuda_graph_compute: CUDA graph warmup reset
CUDA Graph id 11751 reused
ggml_backend_cuda_graph_compute: CUDA graph warmup complete
CUDA Graph id 11751 reused
CUDA Graph id 11751 reused
CUDA Graph id 11751 reused
CUDA Graph id 11751 reused
CUDA Graph id 11751 reused
CUDA Graph id 11751 reused
CUDA Graph id 11751 reused
CUDA Graph id 11751 reused
~llama_context:      CUDA0 compute buffer size is 304.0000 MiB, matches expectation of 304.0000 MiB
~llama_context:  CUDA_Host compute buffer size is  14.7637 MiB, matches expectation of  14.7637 MiB
schema 88/100 done
llama_context: constructing llama_context
llama_context: n_seq_max     = 1
llama_context: n_ctx         = 1024
llama_context: n_ctx_seq     = 1024
llama_context: n_batch       = 773
llama_context: n_ubatch      = 512
llama_context: causal_attn   = 1
llama_context: flash_attn    = auto
llama_context: kv_unified    = false
llama_context: freq_base     = 1000000.0
llama_context: freq_scale    = 1
llama_context: n_rs_seq      = 0
llama_context: n_outputs_max = 773
llama_context: n_ctx_seq (1024) < n_ctx_train (32768) -- the full capacity of the model will not be utilized
set_abort_callback: call
llama_context:  CUDA_Host  output buffer size =     0.58 MiB
llama_kv_cache: layer   0: dev = CPU
llama_kv_cache: layer   1: dev = CPU
llama_kv_cache: layer   2: dev = CPU
llama_kv_cache: layer   3: dev = CUDA0
llama_kv_cache: layer   4: dev = CUDA0
llama_kv_cache: layer   5: dev = CUDA0
llama_kv_cache: layer   6: dev = CUDA0
llama_kv_cache: layer   7: dev = CUDA0
llama_kv_cache: layer   8: dev = CUDA0
llama_kv_cache: layer   9: dev = CUDA0
llama_kv_cache: layer  10: dev = CUDA0
llama_kv_cache: layer  11: dev = CUDA0
llama_kv_cache: layer  12: dev = CUDA0
llama_kv_cache: layer  13: dev = CUDA0
llama_kv_cache: layer  14: dev = CUDA0
llama_kv_cache: layer  15: dev = CUDA0
llama_kv_cache: layer  16: dev = CUDA0
llama_kv_cache: layer  17: dev = CUDA0
llama_kv_cache: layer  18: dev = CUDA0
llama_kv_cache: layer  19: dev = CUDA0
llama_kv_cache: layer  20: dev = CUDA0
llama_kv_cache: layer  21: dev = CUDA0
llama_kv_cache: layer  22: dev = CUDA0
llama_kv_cache: layer  23: dev = CUDA0
llama_kv_cache: layer  24: dev = CUDA0
llama_kv_cache: layer  25: dev = CUDA0
llama_kv_cache: layer  26: dev = CUDA0
llama_kv_cache: layer  27: dev = CUDA0
llama_kv_cache:        CPU KV buffer size =     6.00 MiB
llama_kv_cache:      CUDA0 KV buffer size =    50.00 MiB
llama_kv_cache: size =   56.00 MiB (  1024 cells,  28 layers,  1/1 seqs), K (f16):   28.00 MiB, V (f16):   28.00 MiB
llama_kv_cache: attn_rot_k = 0, n_embd_head_k_all = 128
llama_kv_cache: attn_rot_v = 0, n_embd_head_k_all = 128
llama_context: enumerating backends
llama_context: backend_ptrs.size() = 2
sched_reserve: reserving ...
sched_reserve: max_nodes = 2712
sched_reserve: reserving full memory module
sched_reserve: worst-case: n_tokens = 512, n_seqs = 1, n_outputs = 1
graph_reserve: reserving a graph for ubatch with n_tokens =    1, n_seqs =  1, n_outputs =    1
sched_reserve: Flash Attention was auto, set to enabled
sched_reserve: resolving fused Gated Delta Net support:
graph_reserve: reserving a graph for ubatch with n_tokens =    1, n_seqs =  1, n_outputs =    1
sched_reserve: fused Gated Delta Net (autoregressive) enabled
graph_reserve: reserving a graph for ubatch with n_tokens =   16, n_seqs =  1, n_outputs =   16
sched_reserve: fused Gated Delta Net (chunked) enabled
graph_reserve: reserving a graph for ubatch with n_tokens =  512, n_seqs =  1, n_outputs =  512
graph_reserve: reserving a graph for ubatch with n_tokens =    1, n_seqs =  1, n_outputs =    1
graph_reserve: reserving a graph for ubatch with n_tokens =  512, n_seqs =  1, n_outputs =  512
sched_reserve:      CUDA0 compute buffer size =   304.00 MiB
sched_reserve:  CUDA_Host compute buffer size =    15.01 MiB
sched_reserve: graph nodes  = 958
sched_reserve: graph splits = 44 (with bs=512), 2 (with bs=1)
sched_reserve: reserve took 12.71 ms, sched copies = 1
CUDA Graph id 11901 reused
ggml_backend_cuda_graph_compute: CUDA graph warmup complete
CUDA Graph id 11901 reused
ggml_backend_cuda_graph_compute: CUDA graph warmup reset
CUDA Graph id 11904 reused
ggml_backend_cuda_graph_compute: CUDA graph warmup complete
CUDA Graph id 11904 reused
CUDA Graph id 11904 reused
CUDA Graph id 11904 reused
CUDA Graph id 11904 reused
CUDA Graph id 11904 reused
CUDA Graph id 11904 reused
CUDA Graph id 11904 reused
CUDA Graph id 11904 reused
CUDA Graph id 11904 reused
CUDA Graph id 11904 reused
CUDA Graph id 11904 reused
CUDA Graph id 11904 reused
CUDA Graph id 11904 reused
CUDA Graph id 11904 reused
CUDA Graph id 11904 reused
CUDA Graph id 11904 reused
CUDA Graph id 11904 reused
CUDA Graph id 11904 reused
CUDA Graph id 11904 reused
CUDA Graph id 11904 reused
CUDA Graph id 11904 reused
CUDA Graph id 11904 reused
CUDA Graph id 11904 reused
CUDA Graph id 11904 reused
CUDA Graph id 11904 reused
CUDA Graph id 11904 reused
CUDA Graph id 11904 reused
CUDA Graph id 11904 reused
CUDA Graph id 11904 reused
CUDA Graph id 11904 reused
CUDA Graph id 11904 reused
CUDA Graph id 11904 reused
CUDA Graph id 11904 reused
CUDA Graph id 11904 reused
CUDA Graph id 11904 reused
CUDA Graph id 11904 reused
CUDA Graph id 11904 reused
CUDA Graph id 11904 reused
CUDA Graph id 11904 reused
CUDA Graph id 11904 reused
CUDA Graph id 11904 reused
CUDA Graph id 11904 reused
CUDA Graph id 11904 reused
CUDA Graph id 11904 reused
CUDA Graph id 11904 reused
CUDA Graph id 11904 reused
CUDA Graph id 11904 reused
CUDA Graph id 11904 reused
CUDA Graph id 11904 reused
CUDA Graph id 11904 reused
CUDA Graph id 11904 reused
CUDA Graph id 11904 reused
CUDA Graph id 11904 reused
CUDA Graph id 11904 reused
CUDA Graph id 11904 reused
CUDA Graph id 11904 reused
CUDA Graph id 11904 reused
CUDA Graph id 11904 reused
CUDA Graph id 11904 reused
CUDA Graph id 11904 reused
CUDA Graph id 11904 reused
CUDA Graph id 11904 reused
CUDA Graph id 11904 reused
CUDA Graph id 11904 reused
CUDA Graph id 11904 reused
CUDA Graph id 11904 reused
CUDA Graph id 11904 reused
CUDA Graph id 11904 reused
CUDA Graph id 11904 reused
CUDA Graph id 11904 reused
CUDA Graph id 11904 reused
CUDA Graph id 11904 reused
CUDA Graph id 11904 reused
CUDA Graph id 11904 reused
CUDA Graph id 11904 reused
CUDA Graph id 11904 reused
CUDA Graph id 11904 reused
CUDA Graph id 11904 reused
CUDA Graph id 11904 reused
CUDA Graph id 11904 reused
CUDA Graph id 11904 reused
CUDA Graph id 11904 reused
CUDA Graph id 11904 reused
CUDA Graph id 11904 reused
CUDA Graph id 11904 reused
CUDA Graph id 11904 reused
CUDA Graph id 11904 reused
CUDA Graph id 11904 reused
CUDA Graph id 11904 reused
CUDA Graph id 11904 reused
CUDA Graph id 11904 reused
CUDA Graph id 11904 reused
CUDA Graph id 11904 reused
CUDA Graph id 11904 reused
CUDA Graph id 11904 reused
CUDA Graph id 11904 reused
CUDA Graph id 11904 reused
CUDA Graph id 11904 reused
CUDA Graph id 11904 reused
CUDA Graph id 11904 reused
CUDA Graph id 11904 reused
CUDA Graph id 11904 reused
CUDA Graph id 11904 reused
CUDA Graph id 11904 reused
CUDA Graph id 11904 reused
CUDA Graph id 11904 reused
CUDA Graph id 11904 reused
CUDA Graph id 11904 reused
CUDA Graph id 11904 reused
CUDA Graph id 11904 reused
CUDA Graph id 11904 reused
CUDA Graph id 11904 reused
CUDA Graph id 11904 reused
CUDA Graph id 11904 reused
CUDA Graph id 11904 reused
CUDA Graph id 11904 reused
CUDA Graph id 11904 reused
CUDA Graph id 11904 reused
CUDA Graph id 11904 reused
CUDA Graph id 11904 reused
CUDA Graph id 11904 reused
CUDA Graph id 11904 reused
CUDA Graph id 11904 reused
CUDA Graph id 11904 reused
CUDA Graph id 11904 reused
CUDA Graph id 11904 reused
CUDA Graph id 11904 reused
CUDA Graph id 11904 reused
CUDA Graph id 11904 reused
CUDA Graph id 11904 reused
CUDA Graph id 11904 reused
CUDA Graph id 11904 reused
CUDA Graph id 11904 reused
CUDA Graph id 11904 reused
CUDA Graph id 11904 reused
CUDA Graph id 11904 reused
CUDA Graph id 11904 reused
CUDA Graph id 11904 reused
CUDA Graph id 11904 reused
CUDA Graph id 11904 reused
CUDA Graph id 11904 reused
CUDA Graph id 11904 reused
CUDA Graph id 11904 reused
CUDA Graph id 11904 reused
CUDA Graph id 11904 reused
CUDA Graph id 11904 reused
CUDA Graph id 11904 reused
CUDA Graph id 11904 reused
CUDA Graph id 11904 reused
CUDA Graph id 11904 reused
CUDA Graph id 11904 reused
CUDA Graph id 11904 reused
CUDA Graph id 11904 reused
CUDA Graph id 11904 reused
CUDA Graph id 11904 reused
CUDA Graph id 11904 reused
CUDA Graph id 11904 reused
CUDA Graph id 11904 reused
CUDA Graph id 11904 reused
CUDA Graph id 11904 reused
CUDA Graph id 11904 reused
CUDA Graph id 11904 reused
CUDA Graph id 11904 reused
CUDA Graph id 11904 reused
CUDA Graph id 11904 reused
CUDA Graph id 11904 reused
CUDA Graph id 11904 reused
CUDA Graph id 11904 reused
CUDA Graph id 11904 reused
CUDA Graph id 11904 reused
CUDA Graph id 11904 reused
CUDA Graph id 11904 reused
CUDA Graph id 11904 reused
CUDA Graph id 11904 reused
CUDA Graph id 11904 reused
CUDA Graph id 11904 reused
CUDA Graph id 11904 reused
CUDA Graph id 11904 reused
CUDA Graph id 11904 reused
CUDA Graph id 11904 reused
CUDA Graph id 11904 reused
CUDA Graph id 11904 reused
CUDA Graph id 11904 reused
CUDA Graph id 11904 reused
CUDA Graph id 11904 reused
CUDA Graph id 11904 reused
CUDA Graph id 11904 reused
CUDA Graph id 11904 reused
CUDA Graph id 11904 reused
CUDA Graph id 11904 reused
CUDA Graph id 11904 reused
CUDA Graph id 11904 reused
CUDA Graph id 11904 reused
CUDA Graph id 11904 reused
CUDA Graph id 11904 reused
CUDA Graph id 11904 reused
CUDA Graph id 11904 reused
CUDA Graph id 11904 reused
CUDA Graph id 11904 reused
CUDA Graph id 11904 reused
CUDA Graph id 11904 reused
CUDA Graph id 11904 reused
CUDA Graph id 11904 reused
CUDA Graph id 11904 reused
CUDA Graph id 11904 reused
~llama_context:      CUDA0 compute buffer size is 304.0000 MiB, matches expectation of 304.0000 MiB
~llama_context:  CUDA_Host compute buffer size is  15.0137 MiB, matches expectation of  15.0137 MiB
llama_context: constructing llama_context
llama_context: n_seq_max     = 1
llama_context: n_ctx         = 1024
llama_context: n_ctx_seq     = 1024
llama_context: n_batch       = 773
llama_context: n_ubatch      = 512
llama_context: causal_attn   = 1
llama_context: flash_attn    = auto
llama_context: kv_unified    = false
llama_context: freq_base     = 1000000.0
llama_context: freq_scale    = 1
llama_context: n_rs_seq      = 0
llama_context: n_outputs_max = 773
llama_context: n_ctx_seq (1024) < n_ctx_train (32768) -- the full capacity of the model will not be utilized
set_abort_callback: call
llama_context:  CUDA_Host  output buffer size =     0.58 MiB
llama_kv_cache: layer   0: dev = CPU
llama_kv_cache: layer   1: dev = CPU
llama_kv_cache: layer   2: dev = CPU
llama_kv_cache: layer   3: dev = CUDA0
llama_kv_cache: layer   4: dev = CUDA0
llama_kv_cache: layer   5: dev = CUDA0
llama_kv_cache: layer   6: dev = CUDA0
llama_kv_cache: layer   7: dev = CUDA0
llama_kv_cache: layer   8: dev = CUDA0
llama_kv_cache: layer   9: dev = CUDA0
llama_kv_cache: layer  10: dev = CUDA0
llama_kv_cache: layer  11: dev = CUDA0
llama_kv_cache: layer  12: dev = CUDA0
llama_kv_cache: layer  13: dev = CUDA0
llama_kv_cache: layer  14: dev = CUDA0
llama_kv_cache: layer  15: dev = CUDA0
llama_kv_cache: layer  16: dev = CUDA0
llama_kv_cache: layer  17: dev = CUDA0
llama_kv_cache: layer  18: dev = CUDA0
llama_kv_cache: layer  19: dev = CUDA0
llama_kv_cache: layer  20: dev = CUDA0
llama_kv_cache: layer  21: dev = CUDA0
llama_kv_cache: layer  22: dev = CUDA0
llama_kv_cache: layer  23: dev = CUDA0
llama_kv_cache: layer  24: dev = CUDA0
llama_kv_cache: layer  25: dev = CUDA0
llama_kv_cache: layer  26: dev = CUDA0
llama_kv_cache: layer  27: dev = CUDA0
llama_kv_cache:        CPU KV buffer size =     6.00 MiB
llama_kv_cache:      CUDA0 KV buffer size =    50.00 MiB
llama_kv_cache: size =   56.00 MiB (  1024 cells,  28 layers,  1/1 seqs), K (f16):   28.00 MiB, V (f16):   28.00 MiB
llama_kv_cache: attn_rot_k = 0, n_embd_head_k_all = 128
llama_kv_cache: attn_rot_v = 0, n_embd_head_k_all = 128
llama_context: enumerating backends
llama_context: backend_ptrs.size() = 2
sched_reserve: reserving ...
sched_reserve: max_nodes = 2712
sched_reserve: reserving full memory module
sched_reserve: worst-case: n_tokens = 512, n_seqs = 1, n_outputs = 1
graph_reserve: reserving a graph for ubatch with n_tokens =    1, n_seqs =  1, n_outputs =    1
sched_reserve: Flash Attention was auto, set to enabled
sched_reserve: resolving fused Gated Delta Net support:
graph_reserve: reserving a graph for ubatch with n_tokens =    1, n_seqs =  1, n_outputs =    1
sched_reserve: fused Gated Delta Net (autoregressive) enabled
graph_reserve: reserving a graph for ubatch with n_tokens =   16, n_seqs =  1, n_outputs =   16
sched_reserve: fused Gated Delta Net (chunked) enabled
graph_reserve: reserving a graph for ubatch with n_tokens =  512, n_seqs =  1, n_outputs =  512
graph_reserve: reserving a graph for ubatch with n_tokens =    1, n_seqs =  1, n_outputs =    1
graph_reserve: reserving a graph for ubatch with n_tokens =  512, n_seqs =  1, n_outputs =  512
sched_reserve:      CUDA0 compute buffer size =   304.00 MiB
sched_reserve:  CUDA_Host compute buffer size =    15.01 MiB
sched_reserve: graph nodes  = 958
sched_reserve: graph splits = 44 (with bs=512), 2 (with bs=1)
sched_reserve: reserve took 13.02 ms, sched copies = 1
CUDA Graph id 12054 reused
ggml_backend_cuda_graph_compute: CUDA graph warmup complete
CUDA Graph id 12054 reused
ggml_backend_cuda_graph_compute: CUDA graph warmup reset
CUDA Graph id 12057 reused
ggml_backend_cuda_graph_compute: CUDA graph warmup complete
CUDA Graph id 12057 reused
CUDA Graph id 12057 reused
CUDA Graph id 12057 reused
CUDA Graph id 12057 reused
CUDA Graph id 12057 reused
CUDA Graph id 12057 reused
CUDA Graph id 12057 reused
CUDA Graph id 12057 reused
CUDA Graph id 12057 reused
CUDA Graph id 12057 reused
CUDA Graph id 12057 reused
CUDA Graph id 12057 reused
CUDA Graph id 12057 reused
CUDA Graph id 12057 reused
CUDA Graph id 12057 reused
CUDA Graph id 12057 reused
CUDA Graph id 12057 reused
CUDA Graph id 12057 reused
CUDA Graph id 12057 reused
CUDA Graph id 12057 reused
CUDA Graph id 12057 reused
CUDA Graph id 12057 reused
CUDA Graph id 12057 reused
CUDA Graph id 12057 reused
CUDA Graph id 12057 reused
CUDA Graph id 12057 reused
CUDA Graph id 12057 reused
CUDA Graph id 12057 reused
CUDA Graph id 12057 reused
CUDA Graph id 12057 reused
CUDA Graph id 12057 reused
CUDA Graph id 12057 reused
CUDA Graph id 12057 reused
CUDA Graph id 12057 reused
CUDA Graph id 12057 reused
CUDA Graph id 12057 reused
CUDA Graph id 12057 reused
CUDA Graph id 12057 reused
CUDA Graph id 12057 reused
CUDA Graph id 12057 reused
CUDA Graph id 12057 reused
CUDA Graph id 12057 reused
CUDA Graph id 12057 reused
CUDA Graph id 12057 reused
CUDA Graph id 12057 reused
CUDA Graph id 12057 reused
CUDA Graph id 12057 reused
CUDA Graph id 12057 reused
CUDA Graph id 12057 reused
CUDA Graph id 12057 reused
CUDA Graph id 12057 reused
CUDA Graph id 12057 reused
CUDA Graph id 12057 reused
CUDA Graph id 12057 reused
CUDA Graph id 12057 reused
CUDA Graph id 12057 reused
CUDA Graph id 12057 reused
CUDA Graph id 12057 reused
CUDA Graph id 12057 reused
CUDA Graph id 12057 reused
CUDA Graph id 12057 reused
CUDA Graph id 12057 reused
CUDA Graph id 12057 reused
CUDA Graph id 12057 reused
CUDA Graph id 12057 reused
CUDA Graph id 12057 reused
CUDA Graph id 12057 reused
CUDA Graph id 12057 reused
CUDA Graph id 12057 reused
CUDA Graph id 12057 reused
CUDA Graph id 12057 reused
CUDA Graph id 12057 reused
CUDA Graph id 12057 reused
CUDA Graph id 12057 reused
CUDA Graph id 12057 reused
CUDA Graph id 12057 reused
CUDA Graph id 12057 reused
CUDA Graph id 12057 reused
CUDA Graph id 12057 reused
CUDA Graph id 12057 reused
CUDA Graph id 12057 reused
CUDA Graph id 12057 reused
CUDA Graph id 12057 reused
CUDA Graph id 12057 reused
CUDA Graph id 12057 reused
CUDA Graph id 12057 reused
CUDA Graph id 12057 reused
CUDA Graph id 12057 reused
CUDA Graph id 12057 reused
CUDA Graph id 12057 reused
CUDA Graph id 12057 reused
CUDA Graph id 12057 reused
CUDA Graph id 12057 reused
CUDA Graph id 12057 reused
CUDA Graph id 12057 reused
CUDA Graph id 12057 reused
CUDA Graph id 12057 reused
CUDA Graph id 12057 reused
CUDA Graph id 12057 reused
CUDA Graph id 12057 reused
CUDA Graph id 12057 reused
CUDA Graph id 12057 reused
CUDA Graph id 12057 reused
CUDA Graph id 12057 reused
CUDA Graph id 12057 reused
CUDA Graph id 12057 reused
CUDA Graph id 12057 reused
CUDA Graph id 12057 reused
CUDA Graph id 12057 reused
CUDA Graph id 12057 reused
CUDA Graph id 12057 reused
CUDA Graph id 12057 reused
CUDA Graph id 12057 reused
CUDA Graph id 12057 reused
CUDA Graph id 12057 reused
CUDA Graph id 12057 reused
CUDA Graph id 12057 reused
CUDA Graph id 12057 reused
CUDA Graph id 12057 reused
CUDA Graph id 12057 reused
CUDA Graph id 12057 reused
CUDA Graph id 12057 reused
CUDA Graph id 12057 reused
CUDA Graph id 12057 reused
CUDA Graph id 12057 reused
CUDA Graph id 12057 reused
CUDA Graph id 12057 reused
CUDA Graph id 12057 reused
CUDA Graph id 12057 reused
CUDA Graph id 12057 reused
CUDA Graph id 12057 reused
CUDA Graph id 12057 reused
CUDA Graph id 12057 reused
CUDA Graph id 12057 reused
CUDA Graph id 12057 reused
CUDA Graph id 12057 reused
CUDA Graph id 12057 reused
CUDA Graph id 12057 reused
CUDA Graph id 12057 reused
CUDA Graph id 12057 reused
CUDA Graph id 12057 reused
CUDA Graph id 12057 reused
CUDA Graph id 12057 reused
CUDA Graph id 12057 reused
CUDA Graph id 12057 reused
CUDA Graph id 12057 reused
CUDA Graph id 12057 reused
CUDA Graph id 12057 reused
CUDA Graph id 12057 reused
CUDA Graph id 12057 reused
CUDA Graph id 12057 reused
CUDA Graph id 12057 reused
CUDA Graph id 12057 reused
CUDA Graph id 12057 reused
CUDA Graph id 12057 reused
CUDA Graph id 12057 reused
CUDA Graph id 12057 reused
CUDA Graph id 12057 reused
CUDA Graph id 12057 reused
CUDA Graph id 12057 reused
CUDA Graph id 12057 reused
CUDA Graph id 12057 reused
CUDA Graph id 12057 reused
CUDA Graph id 12057 reused
CUDA Graph id 12057 reused
CUDA Graph id 12057 reused
CUDA Graph id 12057 reused
CUDA Graph id 12057 reused
CUDA Graph id 12057 reused
CUDA Graph id 12057 reused
CUDA Graph id 12057 reused
CUDA Graph id 12057 reused
CUDA Graph id 12057 reused
CUDA Graph id 12057 reused
CUDA Graph id 12057 reused
CUDA Graph id 12057 reused
CUDA Graph id 12057 reused
CUDA Graph id 12057 reused
CUDA Graph id 12057 reused
CUDA Graph id 12057 reused
CUDA Graph id 12057 reused
CUDA Graph id 12057 reused
CUDA Graph id 12057 reused
CUDA Graph id 12057 reused
CUDA Graph id 12057 reused
CUDA Graph id 12057 reused
CUDA Graph id 12057 reused
CUDA Graph id 12057 reused
CUDA Graph id 12057 reused
CUDA Graph id 12057 reused
CUDA Graph id 12057 reused
CUDA Graph id 12057 reused
CUDA Graph id 12057 reused
CUDA Graph id 12057 reused
CUDA Graph id 12057 reused
CUDA Graph id 12057 reused
CUDA Graph id 12057 reused
CUDA Graph id 12057 reused
CUDA Graph id 12057 reused
CUDA Graph id 12057 reused
CUDA Graph id 12057 reused
CUDA Graph id 12057 reused
CUDA Graph id 12057 reused
CUDA Graph id 12057 reused
CUDA Graph id 12057 reused
~llama_context:      CUDA0 compute buffer size is 304.0000 MiB, matches expectation of 304.0000 MiB
~llama_context:  CUDA_Host compute buffer size is  15.0137 MiB, matches expectation of  15.0137 MiB
llama_context: constructing llama_context
llama_context: n_seq_max     = 1
llama_context: n_ctx         = 1024
llama_context: n_ctx_seq     = 1024
llama_context: n_batch       = 773
llama_context: n_ubatch      = 512
llama_context: causal_attn   = 1
llama_context: flash_attn    = auto
llama_context: kv_unified    = false
llama_context: freq_base     = 1000000.0
llama_context: freq_scale    = 1
llama_context: n_rs_seq      = 0
llama_context: n_outputs_max = 773
llama_context: n_ctx_seq (1024) < n_ctx_train (32768) -- the full capacity of the model will not be utilized
set_abort_callback: call
llama_context:  CUDA_Host  output buffer size =     0.58 MiB
llama_kv_cache: layer   0: dev = CPU
llama_kv_cache: layer   1: dev = CPU
llama_kv_cache: layer   2: dev = CPU
llama_kv_cache: layer   3: dev = CUDA0
llama_kv_cache: layer   4: dev = CUDA0
llama_kv_cache: layer   5: dev = CUDA0
llama_kv_cache: layer   6: dev = CUDA0
llama_kv_cache: layer   7: dev = CUDA0
llama_kv_cache: layer   8: dev = CUDA0
llama_kv_cache: layer   9: dev = CUDA0
llama_kv_cache: layer  10: dev = CUDA0
llama_kv_cache: layer  11: dev = CUDA0
llama_kv_cache: layer  12: dev = CUDA0
llama_kv_cache: layer  13: dev = CUDA0
llama_kv_cache: layer  14: dev = CUDA0
llama_kv_cache: layer  15: dev = CUDA0
llama_kv_cache: layer  16: dev = CUDA0
llama_kv_cache: layer  17: dev = CUDA0
llama_kv_cache: layer  18: dev = CUDA0
llama_kv_cache: layer  19: dev = CUDA0
llama_kv_cache: layer  20: dev = CUDA0
llama_kv_cache: layer  21: dev = CUDA0
llama_kv_cache: layer  22: dev = CUDA0
llama_kv_cache: layer  23: dev = CUDA0
llama_kv_cache: layer  24: dev = CUDA0
llama_kv_cache: layer  25: dev = CUDA0
llama_kv_cache: layer  26: dev = CUDA0
llama_kv_cache: layer  27: dev = CUDA0
llama_kv_cache:        CPU KV buffer size =     6.00 MiB
llama_kv_cache:      CUDA0 KV buffer size =    50.00 MiB
llama_kv_cache: size =   56.00 MiB (  1024 cells,  28 layers,  1/1 seqs), K (f16):   28.00 MiB, V (f16):   28.00 MiB
llama_kv_cache: attn_rot_k = 0, n_embd_head_k_all = 128
llama_kv_cache: attn_rot_v = 0, n_embd_head_k_all = 128
llama_context: enumerating backends
llama_context: backend_ptrs.size() = 2
sched_reserve: reserving ...
sched_reserve: max_nodes = 2712
sched_reserve: reserving full memory module
sched_reserve: worst-case: n_tokens = 512, n_seqs = 1, n_outputs = 1
graph_reserve: reserving a graph for ubatch with n_tokens =    1, n_seqs =  1, n_outputs =    1
sched_reserve: Flash Attention was auto, set to enabled
sched_reserve: resolving fused Gated Delta Net support:
graph_reserve: reserving a graph for ubatch with n_tokens =    1, n_seqs =  1, n_outputs =    1
sched_reserve: fused Gated Delta Net (autoregressive) enabled
graph_reserve: reserving a graph for ubatch with n_tokens =   16, n_seqs =  1, n_outputs =   16
sched_reserve: fused Gated Delta Net (chunked) enabled
graph_reserve: reserving a graph for ubatch with n_tokens =  512, n_seqs =  1, n_outputs =  512
graph_reserve: reserving a graph for ubatch with n_tokens =    1, n_seqs =  1, n_outputs =    1
graph_reserve: reserving a graph for ubatch with n_tokens =  512, n_seqs =  1, n_outputs =  512
sched_reserve:      CUDA0 compute buffer size =   304.00 MiB
sched_reserve:  CUDA_Host compute buffer size =    15.01 MiB
sched_reserve: graph nodes  = 958
sched_reserve: graph splits = 44 (with bs=512), 2 (with bs=1)
sched_reserve: reserve took 12.61 ms, sched copies = 1
CUDA Graph id 12207 reused
ggml_backend_cuda_graph_compute: CUDA graph warmup complete
CUDA Graph id 12207 reused
ggml_backend_cuda_graph_compute: CUDA graph warmup reset
CUDA Graph id 12210 reused
ggml_backend_cuda_graph_compute: CUDA graph warmup complete
CUDA Graph id 12210 reused
CUDA Graph id 12210 reused
CUDA Graph id 12210 reused
CUDA Graph id 12210 reused
CUDA Graph id 12210 reused
CUDA Graph id 12210 reused
CUDA Graph id 12210 reused
CUDA Graph id 12210 reused
CUDA Graph id 12210 reused
CUDA Graph id 12210 reused
CUDA Graph id 12210 reused
CUDA Graph id 12210 reused
CUDA Graph id 12210 reused
CUDA Graph id 12210 reused
CUDA Graph id 12210 reused
CUDA Graph id 12210 reused
CUDA Graph id 12210 reused
CUDA Graph id 12210 reused
CUDA Graph id 12210 reused
CUDA Graph id 12210 reused
CUDA Graph id 12210 reused
CUDA Graph id 12210 reused
CUDA Graph id 12210 reused
CUDA Graph id 12210 reused
CUDA Graph id 12210 reused
CUDA Graph id 12210 reused
CUDA Graph id 12210 reused
CUDA Graph id 12210 reused
CUDA Graph id 12210 reused
CUDA Graph id 12210 reused
CUDA Graph id 12210 reused
CUDA Graph id 12210 reused
CUDA Graph id 12210 reused
CUDA Graph id 12210 reused
CUDA Graph id 12210 reused
CUDA Graph id 12210 reused
CUDA Graph id 12210 reused
CUDA Graph id 12210 reused
CUDA Graph id 12210 reused
CUDA Graph id 12210 reused
CUDA Graph id 12210 reused
CUDA Graph id 12210 reused
CUDA Graph id 12210 reused
CUDA Graph id 12210 reused
CUDA Graph id 12210 reused
CUDA Graph id 12210 reused
CUDA Graph id 12210 reused
CUDA Graph id 12210 reused
CUDA Graph id 12210 reused
CUDA Graph id 12210 reused
CUDA Graph id 12210 reused
CUDA Graph id 12210 reused
CUDA Graph id 12210 reused
CUDA Graph id 12210 reused
CUDA Graph id 12210 reused
CUDA Graph id 12210 reused
CUDA Graph id 12210 reused
CUDA Graph id 12210 reused
CUDA Graph id 12210 reused
CUDA Graph id 12210 reused
CUDA Graph id 12210 reused
CUDA Graph id 12210 reused
CUDA Graph id 12210 reused
CUDA Graph id 12210 reused
CUDA Graph id 12210 reused
CUDA Graph id 12210 reused
CUDA Graph id 12210 reused
CUDA Graph id 12210 reused
CUDA Graph id 12210 reused
CUDA Graph id 12210 reused
CUDA Graph id 12210 reused
CUDA Graph id 12210 reused
CUDA Graph id 12210 reused
CUDA Graph id 12210 reused
CUDA Graph id 12210 reused
CUDA Graph id 12210 reused
CUDA Graph id 12210 reused
CUDA Graph id 12210 reused
CUDA Graph id 12210 reused
CUDA Graph id 12210 reused
CUDA Graph id 12210 reused
CUDA Graph id 12210 reused
CUDA Graph id 12210 reused
CUDA Graph id 12210 reused
CUDA Graph id 12210 reused
CUDA Graph id 12210 reused
CUDA Graph id 12210 reused
CUDA Graph id 12210 reused
CUDA Graph id 12210 reused
CUDA Graph id 12210 reused
CUDA Graph id 12210 reused
CUDA Graph id 12210 reused
CUDA Graph id 12210 reused
CUDA Graph id 12210 reused
CUDA Graph id 12210 reused
CUDA Graph id 12210 reused
CUDA Graph id 12210 reused
CUDA Graph id 12210 reused
CUDA Graph id 12210 reused
CUDA Graph id 12210 reused
CUDA Graph id 12210 reused
CUDA Graph id 12210 reused
CUDA Graph id 12210 reused
CUDA Graph id 12210 reused
CUDA Graph id 12210 reused
CUDA Graph id 12210 reused
CUDA Graph id 12210 reused
CUDA Graph id 12210 reused
CUDA Graph id 12210 reused
CUDA Graph id 12210 reused
CUDA Graph id 12210 reused
CUDA Graph id 12210 reused
CUDA Graph id 12210 reused
CUDA Graph id 12210 reused
CUDA Graph id 12210 reused
CUDA Graph id 12210 reused
CUDA Graph id 12210 reused
CUDA Graph id 12210 reused
CUDA Graph id 12210 reused
CUDA Graph id 12210 reused
CUDA Graph id 12210 reused
CUDA Graph id 12210 reused
CUDA Graph id 12210 reused
CUDA Graph id 12210 reused
CUDA Graph id 12210 reused
CUDA Graph id 12210 reused
CUDA Graph id 12210 reused
CUDA Graph id 12210 reused
CUDA Graph id 12210 reused
CUDA Graph id 12210 reused
CUDA Graph id 12210 reused
CUDA Graph id 12210 reused
CUDA Graph id 12210 reused
CUDA Graph id 12210 reused
CUDA Graph id 12210 reused
CUDA Graph id 12210 reused
CUDA Graph id 12210 reused
CUDA Graph id 12210 reused
CUDA Graph id 12210 reused
CUDA Graph id 12210 reused
CUDA Graph id 12210 reused
CUDA Graph id 12210 reused
CUDA Graph id 12210 reused
CUDA Graph id 12210 reused
CUDA Graph id 12210 reused
CUDA Graph id 12210 reused
CUDA Graph id 12210 reused
CUDA Graph id 12210 reused
CUDA Graph id 12210 reused
CUDA Graph id 12210 reused
CUDA Graph id 12210 reused
CUDA Graph id 12210 reused
CUDA Graph id 12210 reused
CUDA Graph id 12210 reused
CUDA Graph id 12210 reused
CUDA Graph id 12210 reused
CUDA Graph id 12210 reused
CUDA Graph id 12210 reused
CUDA Graph id 12210 reused
CUDA Graph id 12210 reused
CUDA Graph id 12210 reused
CUDA Graph id 12210 reused
CUDA Graph id 12210 reused
CUDA Graph id 12210 reused
CUDA Graph id 12210 reused
CUDA Graph id 12210 reused
CUDA Graph id 12210 reused
CUDA Graph id 12210 reused
CUDA Graph id 12210 reused
CUDA Graph id 12210 reused
CUDA Graph id 12210 reused
CUDA Graph id 12210 reused
CUDA Graph id 12210 reused
CUDA Graph id 12210 reused
CUDA Graph id 12210 reused
CUDA Graph id 12210 reused
CUDA Graph id 12210 reused
CUDA Graph id 12210 reused
CUDA Graph id 12210 reused
CUDA Graph id 12210 reused
CUDA Graph id 12210 reused
CUDA Graph id 12210 reused
CUDA Graph id 12210 reused
CUDA Graph id 12210 reused
CUDA Graph id 12210 reused
CUDA Graph id 12210 reused
CUDA Graph id 12210 reused
CUDA Graph id 12210 reused
CUDA Graph id 12210 reused
CUDA Graph id 12210 reused
CUDA Graph id 12210 reused
CUDA Graph id 12210 reused
CUDA Graph id 12210 reused
CUDA Graph id 12210 reused
CUDA Graph id 12210 reused
CUDA Graph id 12210 reused
CUDA Graph id 12210 reused
CUDA Graph id 12210 reused
CUDA Graph id 12210 reused
CUDA Graph id 12210 reused
CUDA Graph id 12210 reused
CUDA Graph id 12210 reused
CUDA Graph id 12210 reused
CUDA Graph id 12210 reused
~llama_context:      CUDA0 compute buffer size is 304.0000 MiB, matches expectation of 304.0000 MiB
~llama_context:  CUDA_Host compute buffer size is  15.0137 MiB, matches expectation of  15.0137 MiB
llama_context: constructing llama_context
llama_context: n_seq_max     = 1
llama_context: n_ctx         = 1024
llama_context: n_ctx_seq     = 1024
llama_context: n_batch       = 773
llama_context: n_ubatch      = 512
llama_context: causal_attn   = 1
llama_context: flash_attn    = auto
llama_context: kv_unified    = false
llama_context: freq_base     = 1000000.0
llama_context: freq_scale    = 1
llama_context: n_rs_seq      = 0
llama_context: n_outputs_max = 773
llama_context: n_ctx_seq (1024) < n_ctx_train (32768) -- the full capacity of the model will not be utilized
set_abort_callback: call
llama_context:  CUDA_Host  output buffer size =     0.58 MiB
llama_kv_cache: layer   0: dev = CPU
llama_kv_cache: layer   1: dev = CPU
llama_kv_cache: layer   2: dev = CPU
llama_kv_cache: layer   3: dev = CUDA0
llama_kv_cache: layer   4: dev = CUDA0
llama_kv_cache: layer   5: dev = CUDA0
llama_kv_cache: layer   6: dev = CUDA0
llama_kv_cache: layer   7: dev = CUDA0
llama_kv_cache: layer   8: dev = CUDA0
llama_kv_cache: layer   9: dev = CUDA0
llama_kv_cache: layer  10: dev = CUDA0
llama_kv_cache: layer  11: dev = CUDA0
llama_kv_cache: layer  12: dev = CUDA0
llama_kv_cache: layer  13: dev = CUDA0
llama_kv_cache: layer  14: dev = CUDA0
llama_kv_cache: layer  15: dev = CUDA0
llama_kv_cache: layer  16: dev = CUDA0
llama_kv_cache: layer  17: dev = CUDA0
llama_kv_cache: layer  18: dev = CUDA0
llama_kv_cache: layer  19: dev = CUDA0
llama_kv_cache: layer  20: dev = CUDA0
llama_kv_cache: layer  21: dev = CUDA0
llama_kv_cache: layer  22: dev = CUDA0
llama_kv_cache: layer  23: dev = CUDA0
llama_kv_cache: layer  24: dev = CUDA0
llama_kv_cache: layer  25: dev = CUDA0
llama_kv_cache: layer  26: dev = CUDA0
llama_kv_cache: layer  27: dev = CUDA0
llama_kv_cache:        CPU KV buffer size =     6.00 MiB
llama_kv_cache:      CUDA0 KV buffer size =    50.00 MiB
llama_kv_cache: size =   56.00 MiB (  1024 cells,  28 layers,  1/1 seqs), K (f16):   28.00 MiB, V (f16):   28.00 MiB
llama_kv_cache: attn_rot_k = 0, n_embd_head_k_all = 128
llama_kv_cache: attn_rot_v = 0, n_embd_head_k_all = 128
llama_context: enumerating backends
llama_context: backend_ptrs.size() = 2
sched_reserve: reserving ...
sched_reserve: max_nodes = 2712
sched_reserve: reserving full memory module
sched_reserve: worst-case: n_tokens = 512, n_seqs = 1, n_outputs = 1
graph_reserve: reserving a graph for ubatch with n_tokens =    1, n_seqs =  1, n_outputs =    1
sched_reserve: Flash Attention was auto, set to enabled
sched_reserve: resolving fused Gated Delta Net support:
graph_reserve: reserving a graph for ubatch with n_tokens =    1, n_seqs =  1, n_outputs =    1
sched_reserve: fused Gated Delta Net (autoregressive) enabled
graph_reserve: reserving a graph for ubatch with n_tokens =   16, n_seqs =  1, n_outputs =   16
sched_reserve: fused Gated Delta Net (chunked) enabled
graph_reserve: reserving a graph for ubatch with n_tokens =  512, n_seqs =  1, n_outputs =  512
graph_reserve: reserving a graph for ubatch with n_tokens =    1, n_seqs =  1, n_outputs =    1
graph_reserve: reserving a graph for ubatch with n_tokens =  512, n_seqs =  1, n_outputs =  512
sched_reserve:      CUDA0 compute buffer size =   304.00 MiB
sched_reserve:  CUDA_Host compute buffer size =    15.01 MiB
sched_reserve: graph nodes  = 958
sched_reserve: graph splits = 44 (with bs=512), 2 (with bs=1)
sched_reserve: reserve took 11.03 ms, sched copies = 1
CUDA Graph id 12360 reused
ggml_backend_cuda_graph_compute: CUDA graph warmup complete
CUDA Graph id 12360 reused
ggml_backend_cuda_graph_compute: CUDA graph warmup reset
CUDA Graph id 12363 reused
ggml_backend_cuda_graph_compute: CUDA graph warmup complete
CUDA Graph id 12363 reused
CUDA Graph id 12363 reused
CUDA Graph id 12363 reused
CUDA Graph id 12363 reused
CUDA Graph id 12363 reused
CUDA Graph id 12363 reused
CUDA Graph id 12363 reused
CUDA Graph id 12363 reused
CUDA Graph id 12363 reused
CUDA Graph id 12363 reused
CUDA Graph id 12363 reused
CUDA Graph id 12363 reused
CUDA Graph id 12363 reused
CUDA Graph id 12363 reused
CUDA Graph id 12363 reused
CUDA Graph id 12363 reused
CUDA Graph id 12363 reused
CUDA Graph id 12363 reused
CUDA Graph id 12363 reused
CUDA Graph id 12363 reused
CUDA Graph id 12363 reused
CUDA Graph id 12363 reused
CUDA Graph id 12363 reused
CUDA Graph id 12363 reused
CUDA Graph id 12363 reused
CUDA Graph id 12363 reused
CUDA Graph id 12363 reused
CUDA Graph id 12363 reused
CUDA Graph id 12363 reused
CUDA Graph id 12363 reused
CUDA Graph id 12363 reused
CUDA Graph id 12363 reused
CUDA Graph id 12363 reused
CUDA Graph id 12363 reused
CUDA Graph id 12363 reused
CUDA Graph id 12363 reused
CUDA Graph id 12363 reused
CUDA Graph id 12363 reused
CUDA Graph id 12363 reused
CUDA Graph id 12363 reused
CUDA Graph id 12363 reused
CUDA Graph id 12363 reused
CUDA Graph id 12363 reused
CUDA Graph id 12363 reused
CUDA Graph id 12363 reused
CUDA Graph id 12363 reused
CUDA Graph id 12363 reused
CUDA Graph id 12363 reused
CUDA Graph id 12363 reused
~llama_context:      CUDA0 compute buffer size is 304.0000 MiB, matches expectation of 304.0000 MiB
~llama_context:  CUDA_Host compute buffer size is  15.0137 MiB, matches expectation of  15.0137 MiB
llama_context: constructing llama_context
llama_context: n_seq_max     = 1
llama_context: n_ctx         = 1024
llama_context: n_ctx_seq     = 1024
llama_context: n_batch       = 773
llama_context: n_ubatch      = 512
llama_context: causal_attn   = 1
llama_context: flash_attn    = auto
llama_context: kv_unified    = false
llama_context: freq_base     = 1000000.0
llama_context: freq_scale    = 1
llama_context: n_rs_seq      = 0
llama_context: n_outputs_max = 773
llama_context: n_ctx_seq (1024) < n_ctx_train (32768) -- the full capacity of the model will not be utilized
set_abort_callback: call
llama_context:  CUDA_Host  output buffer size =     0.58 MiB
llama_kv_cache: layer   0: dev = CPU
llama_kv_cache: layer   1: dev = CPU
llama_kv_cache: layer   2: dev = CPU
llama_kv_cache: layer   3: dev = CUDA0
llama_kv_cache: layer   4: dev = CUDA0
llama_kv_cache: layer   5: dev = CUDA0
llama_kv_cache: layer   6: dev = CUDA0
llama_kv_cache: layer   7: dev = CUDA0
llama_kv_cache: layer   8: dev = CUDA0
llama_kv_cache: layer   9: dev = CUDA0
llama_kv_cache: layer  10: dev = CUDA0
llama_kv_cache: layer  11: dev = CUDA0
llama_kv_cache: layer  12: dev = CUDA0
llama_kv_cache: layer  13: dev = CUDA0
llama_kv_cache: layer  14: dev = CUDA0
llama_kv_cache: layer  15: dev = CUDA0
llama_kv_cache: layer  16: dev = CUDA0
llama_kv_cache: layer  17: dev = CUDA0
llama_kv_cache: layer  18: dev = CUDA0
llama_kv_cache: layer  19: dev = CUDA0
llama_kv_cache: layer  20: dev = CUDA0
llama_kv_cache: layer  21: dev = CUDA0
llama_kv_cache: layer  22: dev = CUDA0
llama_kv_cache: layer  23: dev = CUDA0
llama_kv_cache: layer  24: dev = CUDA0
llama_kv_cache: layer  25: dev = CUDA0
llama_kv_cache: layer  26: dev = CUDA0
llama_kv_cache: layer  27: dev = CUDA0
llama_kv_cache:        CPU KV buffer size =     6.00 MiB
llama_kv_cache:      CUDA0 KV buffer size =    50.00 MiB
llama_kv_cache: size =   56.00 MiB (  1024 cells,  28 layers,  1/1 seqs), K (f16):   28.00 MiB, V (f16):   28.00 MiB
llama_kv_cache: attn_rot_k = 0, n_embd_head_k_all = 128
llama_kv_cache: attn_rot_v = 0, n_embd_head_k_all = 128
llama_context: enumerating backends
llama_context: backend_ptrs.size() = 2
sched_reserve: reserving ...
sched_reserve: max_nodes = 2712
sched_reserve: reserving full memory module
sched_reserve: worst-case: n_tokens = 512, n_seqs = 1, n_outputs = 1
graph_reserve: reserving a graph for ubatch with n_tokens =    1, n_seqs =  1, n_outputs =    1
sched_reserve: Flash Attention was auto, set to enabled
sched_reserve: resolving fused Gated Delta Net support:
graph_reserve: reserving a graph for ubatch with n_tokens =    1, n_seqs =  1, n_outputs =    1
sched_reserve: fused Gated Delta Net (autoregressive) enabled
graph_reserve: reserving a graph for ubatch with n_tokens =   16, n_seqs =  1, n_outputs =   16
sched_reserve: fused Gated Delta Net (chunked) enabled
graph_reserve: reserving a graph for ubatch with n_tokens =  512, n_seqs =  1, n_outputs =  512
graph_reserve: reserving a graph for ubatch with n_tokens =    1, n_seqs =  1, n_outputs =    1
graph_reserve: reserving a graph for ubatch with n_tokens =  512, n_seqs =  1, n_outputs =  512
sched_reserve:      CUDA0 compute buffer size =   304.00 MiB
sched_reserve:  CUDA_Host compute buffer size =    15.01 MiB
sched_reserve: graph nodes  = 958
sched_reserve: graph splits = 44 (with bs=512), 2 (with bs=1)
sched_reserve: reserve took 16.96 ms, sched copies = 1
CUDA Graph id 12513 reused
ggml_backend_cuda_graph_compute: CUDA graph warmup complete
CUDA Graph id 12513 reused
ggml_backend_cuda_graph_compute: CUDA graph warmup reset
CUDA Graph id 12516 reused
ggml_backend_cuda_graph_compute: CUDA graph warmup complete
CUDA Graph id 12516 reused
CUDA Graph id 12516 reused
CUDA Graph id 12516 reused
CUDA Graph id 12516 reused
CUDA Graph id 12516 reused
CUDA Graph id 12516 reused
CUDA Graph id 12516 reused
CUDA Graph id 12516 reused
CUDA Graph id 12516 reused
CUDA Graph id 12516 reused
CUDA Graph id 12516 reused
CUDA Graph id 12516 reused
CUDA Graph id 12516 reused
CUDA Graph id 12516 reused
CUDA Graph id 12516 reused
CUDA Graph id 12516 reused
CUDA Graph id 12516 reused
CUDA Graph id 12516 reused
CUDA Graph id 12516 reused
CUDA Graph id 12516 reused
CUDA Graph id 12516 reused
CUDA Graph id 12516 reused
CUDA Graph id 12516 reused
CUDA Graph id 12516 reused
CUDA Graph id 12516 reused
CUDA Graph id 12516 reused
CUDA Graph id 12516 reused
CUDA Graph id 12516 reused
CUDA Graph id 12516 reused
CUDA Graph id 12516 reused
CUDA Graph id 12516 reused
CUDA Graph id 12516 reused
CUDA Graph id 12516 reused
CUDA Graph id 12516 reused
CUDA Graph id 12516 reused
CUDA Graph id 12516 reused
CUDA Graph id 12516 reused
CUDA Graph id 12516 reused
CUDA Graph id 12516 reused
CUDA Graph id 12516 reused
CUDA Graph id 12516 reused
CUDA Graph id 12516 reused
CUDA Graph id 12516 reused
CUDA Graph id 12516 reused
CUDA Graph id 12516 reused
CUDA Graph id 12516 reused
CUDA Graph id 12516 reused
CUDA Graph id 12516 reused
CUDA Graph id 12516 reused
CUDA Graph id 12516 reused
CUDA Graph id 12516 reused
CUDA Graph id 12516 reused
CUDA Graph id 12516 reused
CUDA Graph id 12516 reused
CUDA Graph id 12516 reused
CUDA Graph id 12516 reused
CUDA Graph id 12516 reused
CUDA Graph id 12516 reused
CUDA Graph id 12516 reused
CUDA Graph id 12516 reused
CUDA Graph id 12516 reused
CUDA Graph id 12516 reused
CUDA Graph id 12516 reused
CUDA Graph id 12516 reused
CUDA Graph id 12516 reused
CUDA Graph id 12516 reused
CUDA Graph id 12516 reused
CUDA Graph id 12516 reused
CUDA Graph id 12516 reused
CUDA Graph id 12516 reused
CUDA Graph id 12516 reused
CUDA Graph id 12516 reused
CUDA Graph id 12516 reused
CUDA Graph id 12516 reused
CUDA Graph id 12516 reused
CUDA Graph id 12516 reused
~llama_context:      CUDA0 compute buffer size is 304.0000 MiB, matches expectation of 304.0000 MiB
~llama_context:  CUDA_Host compute buffer size is  15.0137 MiB, matches expectation of  15.0137 MiB
llama_context: constructing llama_context
llama_context: n_seq_max     = 1
llama_context: n_ctx         = 1024
llama_context: n_ctx_seq     = 1024
llama_context: n_batch       = 773
llama_context: n_ubatch      = 512
llama_context: causal_attn   = 1
llama_context: flash_attn    = auto
llama_context: kv_unified    = false
llama_context: freq_base     = 1000000.0
llama_context: freq_scale    = 1
llama_context: n_rs_seq      = 0
llama_context: n_outputs_max = 773
llama_context: n_ctx_seq (1024) < n_ctx_train (32768) -- the full capacity of the model will not be utilized
set_abort_callback: call
llama_context:  CUDA_Host  output buffer size =     0.58 MiB
llama_kv_cache: layer   0: dev = CPU
llama_kv_cache: layer   1: dev = CPU
llama_kv_cache: layer   2: dev = CPU
llama_kv_cache: layer   3: dev = CUDA0
llama_kv_cache: layer   4: dev = CUDA0
llama_kv_cache: layer   5: dev = CUDA0
llama_kv_cache: layer   6: dev = CUDA0
llama_kv_cache: layer   7: dev = CUDA0
llama_kv_cache: layer   8: dev = CUDA0
llama_kv_cache: layer   9: dev = CUDA0
llama_kv_cache: layer  10: dev = CUDA0
llama_kv_cache: layer  11: dev = CUDA0
llama_kv_cache: layer  12: dev = CUDA0
llama_kv_cache: layer  13: dev = CUDA0
llama_kv_cache: layer  14: dev = CUDA0
llama_kv_cache: layer  15: dev = CUDA0
llama_kv_cache: layer  16: dev = CUDA0
llama_kv_cache: layer  17: dev = CUDA0
llama_kv_cache: layer  18: dev = CUDA0
llama_kv_cache: layer  19: dev = CUDA0
llama_kv_cache: layer  20: dev = CUDA0
llama_kv_cache: layer  21: dev = CUDA0
llama_kv_cache: layer  22: dev = CUDA0
llama_kv_cache: layer  23: dev = CUDA0
llama_kv_cache: layer  24: dev = CUDA0
llama_kv_cache: layer  25: dev = CUDA0
llama_kv_cache: layer  26: dev = CUDA0
llama_kv_cache: layer  27: dev = CUDA0
llama_kv_cache:        CPU KV buffer size =     6.00 MiB
llama_kv_cache:      CUDA0 KV buffer size =    50.00 MiB
llama_kv_cache: size =   56.00 MiB (  1024 cells,  28 layers,  1/1 seqs), K (f16):   28.00 MiB, V (f16):   28.00 MiB
llama_kv_cache: attn_rot_k = 0, n_embd_head_k_all = 128
llama_kv_cache: attn_rot_v = 0, n_embd_head_k_all = 128
llama_context: enumerating backends
llama_context: backend_ptrs.size() = 2
sched_reserve: reserving ...
sched_reserve: max_nodes = 2712
sched_reserve: reserving full memory module
sched_reserve: worst-case: n_tokens = 512, n_seqs = 1, n_outputs = 1
graph_reserve: reserving a graph for ubatch with n_tokens =    1, n_seqs =  1, n_outputs =    1
sched_reserve: Flash Attention was auto, set to enabled
sched_reserve: resolving fused Gated Delta Net support:
graph_reserve: reserving a graph for ubatch with n_tokens =    1, n_seqs =  1, n_outputs =    1
sched_reserve: fused Gated Delta Net (autoregressive) enabled
graph_reserve: reserving a graph for ubatch with n_tokens =   16, n_seqs =  1, n_outputs =   16
sched_reserve: fused Gated Delta Net (chunked) enabled
graph_reserve: reserving a graph for ubatch with n_tokens =  512, n_seqs =  1, n_outputs =  512
graph_reserve: reserving a graph for ubatch with n_tokens =    1, n_seqs =  1, n_outputs =    1
graph_reserve: reserving a graph for ubatch with n_tokens =  512, n_seqs =  1, n_outputs =  512
sched_reserve:      CUDA0 compute buffer size =   304.00 MiB
sched_reserve:  CUDA_Host compute buffer size =    15.01 MiB
sched_reserve: graph nodes  = 958
sched_reserve: graph splits = 44 (with bs=512), 2 (with bs=1)
sched_reserve: reserve took 16.18 ms, sched copies = 1
CUDA Graph id 12666 reused
ggml_backend_cuda_graph_compute: CUDA graph warmup complete
CUDA Graph id 12666 reused
ggml_backend_cuda_graph_compute: CUDA graph warmup reset
CUDA Graph id 12669 reused
ggml_backend_cuda_graph_compute: CUDA graph warmup complete
CUDA Graph id 12669 reused
CUDA Graph id 12669 reused
CUDA Graph id 12669 reused
CUDA Graph id 12669 reused
CUDA Graph id 12669 reused
CUDA Graph id 12669 reused
CUDA Graph id 12669 reused
CUDA Graph id 12669 reused
CUDA Graph id 12669 reused
CUDA Graph id 12669 reused
CUDA Graph id 12669 reused
CUDA Graph id 12669 reused
CUDA Graph id 12669 reused
CUDA Graph id 12669 reused
CUDA Graph id 12669 reused
CUDA Graph id 12669 reused
CUDA Graph id 12669 reused
CUDA Graph id 12669 reused
CUDA Graph id 12669 reused
CUDA Graph id 12669 reused
CUDA Graph id 12669 reused
CUDA Graph id 12669 reused
CUDA Graph id 12669 reused
CUDA Graph id 12669 reused
CUDA Graph id 12669 reused
CUDA Graph id 12669 reused
CUDA Graph id 12669 reused
CUDA Graph id 12669 reused
CUDA Graph id 12669 reused
CUDA Graph id 12669 reused
CUDA Graph id 12669 reused
CUDA Graph id 12669 reused
CUDA Graph id 12669 reused
CUDA Graph id 12669 reused
CUDA Graph id 12669 reused
CUDA Graph id 12669 reused
CUDA Graph id 12669 reused
CUDA Graph id 12669 reused
CUDA Graph id 12669 reused
CUDA Graph id 12669 reused
CUDA Graph id 12669 reused
CUDA Graph id 12669 reused
CUDA Graph id 12669 reused
CUDA Graph id 12669 reused
CUDA Graph id 12669 reused
~llama_context:      CUDA0 compute buffer size is 304.0000 MiB, matches expectation of 304.0000 MiB
~llama_context:  CUDA_Host compute buffer size is  15.0137 MiB, matches expectation of  15.0137 MiB
schema 89/100 done
llama_context: constructing llama_context
llama_context: n_seq_max     = 1
llama_context: n_ctx         = 768
llama_context: n_ctx_seq     = 768
llama_context: n_batch       = 676
llama_context: n_ubatch      = 512
llama_context: causal_attn   = 1
llama_context: flash_attn    = auto
llama_context: kv_unified    = false
llama_context: freq_base     = 1000000.0
llama_context: freq_scale    = 1
llama_context: n_rs_seq      = 0
llama_context: n_outputs_max = 676
llama_context: n_ctx_seq (768) < n_ctx_train (32768) -- the full capacity of the model will not be utilized
set_abort_callback: call
llama_context:  CUDA_Host  output buffer size =     0.58 MiB
llama_kv_cache: layer   0: dev = CPU
llama_kv_cache: layer   1: dev = CPU
llama_kv_cache: layer   2: dev = CPU
llama_kv_cache: layer   3: dev = CUDA0
llama_kv_cache: layer   4: dev = CUDA0
llama_kv_cache: layer   5: dev = CUDA0
llama_kv_cache: layer   6: dev = CUDA0
llama_kv_cache: layer   7: dev = CUDA0
llama_kv_cache: layer   8: dev = CUDA0
llama_kv_cache: layer   9: dev = CUDA0
llama_kv_cache: layer  10: dev = CUDA0
llama_kv_cache: layer  11: dev = CUDA0
llama_kv_cache: layer  12: dev = CUDA0
llama_kv_cache: layer  13: dev = CUDA0
llama_kv_cache: layer  14: dev = CUDA0
llama_kv_cache: layer  15: dev = CUDA0
llama_kv_cache: layer  16: dev = CUDA0
llama_kv_cache: layer  17: dev = CUDA0
llama_kv_cache: layer  18: dev = CUDA0
llama_kv_cache: layer  19: dev = CUDA0
llama_kv_cache: layer  20: dev = CUDA0
llama_kv_cache: layer  21: dev = CUDA0
llama_kv_cache: layer  22: dev = CUDA0
llama_kv_cache: layer  23: dev = CUDA0
llama_kv_cache: layer  24: dev = CUDA0
llama_kv_cache: layer  25: dev = CUDA0
llama_kv_cache: layer  26: dev = CUDA0
llama_kv_cache: layer  27: dev = CUDA0
llama_kv_cache:        CPU KV buffer size =     4.50 MiB
llama_kv_cache:      CUDA0 KV buffer size =    37.50 MiB
llama_kv_cache: size =   42.00 MiB (   768 cells,  28 layers,  1/1 seqs), K (f16):   21.00 MiB, V (f16):   21.00 MiB
llama_kv_cache: attn_rot_k = 0, n_embd_head_k_all = 128
llama_kv_cache: attn_rot_v = 0, n_embd_head_k_all = 128
llama_context: enumerating backends
llama_context: backend_ptrs.size() = 2
sched_reserve: reserving ...
sched_reserve: max_nodes = 2712
sched_reserve: reserving full memory module
sched_reserve: worst-case: n_tokens = 512, n_seqs = 1, n_outputs = 1
graph_reserve: reserving a graph for ubatch with n_tokens =    1, n_seqs =  1, n_outputs =    1
sched_reserve: Flash Attention was auto, set to enabled
sched_reserve: resolving fused Gated Delta Net support:
graph_reserve: reserving a graph for ubatch with n_tokens =    1, n_seqs =  1, n_outputs =    1
sched_reserve: fused Gated Delta Net (autoregressive) enabled
graph_reserve: reserving a graph for ubatch with n_tokens =   16, n_seqs =  1, n_outputs =   16
sched_reserve: fused Gated Delta Net (chunked) enabled
graph_reserve: reserving a graph for ubatch with n_tokens =  512, n_seqs =  1, n_outputs =  512
graph_reserve: reserving a graph for ubatch with n_tokens =    1, n_seqs =  1, n_outputs =    1
graph_reserve: reserving a graph for ubatch with n_tokens =  512, n_seqs =  1, n_outputs =  512
sched_reserve:      CUDA0 compute buffer size =   304.00 MiB
sched_reserve:  CUDA_Host compute buffer size =    14.76 MiB
sched_reserve: graph nodes  = 958
sched_reserve: graph splits = 44 (with bs=512), 2 (with bs=1)
sched_reserve: reserve took 13.00 ms, sched copies = 1
CUDA Graph id 12819 reused
ggml_backend_cuda_graph_compute: CUDA graph warmup complete
CUDA Graph id 12819 reused
CUDA Graph id 12819 reused
CUDA Graph id 12819 reused
CUDA Graph id 12819 reused
CUDA Graph id 12819 reused
CUDA Graph id 12819 reused
CUDA Graph id 12819 reused
CUDA Graph id 12819 reused
CUDA Graph id 12819 reused
CUDA Graph id 12819 reused
CUDA Graph id 12819 reused
CUDA Graph id 12819 reused
CUDA Graph id 12819 reused
CUDA Graph id 12819 reused
CUDA Graph id 12819 reused
CUDA Graph id 12819 reused
CUDA Graph id 12819 reused
CUDA Graph id 12819 reused
CUDA Graph id 12819 reused
CUDA Graph id 12819 reused
CUDA Graph id 12819 reused
CUDA Graph id 12819 reused
CUDA Graph id 12819 reused
CUDA Graph id 12819 reused
CUDA Graph id 12819 reused
CUDA Graph id 12819 reused
CUDA Graph id 12819 reused
CUDA Graph id 12819 reused
CUDA Graph id 12819 reused
CUDA Graph id 12819 reused
CUDA Graph id 12819 reused
CUDA Graph id 12819 reused
CUDA Graph id 12819 reused
CUDA Graph id 12819 reused
~llama_context:      CUDA0 compute buffer size is 304.0000 MiB, matches expectation of 304.0000 MiB
~llama_context:  CUDA_Host compute buffer size is  14.7637 MiB, matches expectation of  14.7637 MiB
llama_context: constructing llama_context
llama_context: n_seq_max     = 1
llama_context: n_ctx         = 768
llama_context: n_ctx_seq     = 768
llama_context: n_batch       = 676
llama_context: n_ubatch      = 512
llama_context: causal_attn   = 1
llama_context: flash_attn    = auto
llama_context: kv_unified    = false
llama_context: freq_base     = 1000000.0
llama_context: freq_scale    = 1
llama_context: n_rs_seq      = 0
llama_context: n_outputs_max = 676
llama_context: n_ctx_seq (768) < n_ctx_train (32768) -- the full capacity of the model will not be utilized
set_abort_callback: call
llama_context:  CUDA_Host  output buffer size =     0.58 MiB
llama_kv_cache: layer   0: dev = CPU
llama_kv_cache: layer   1: dev = CPU
llama_kv_cache: layer   2: dev = CPU
llama_kv_cache: layer   3: dev = CUDA0
llama_kv_cache: layer   4: dev = CUDA0
llama_kv_cache: layer   5: dev = CUDA0
llama_kv_cache: layer   6: dev = CUDA0
llama_kv_cache: layer   7: dev = CUDA0
llama_kv_cache: layer   8: dev = CUDA0
llama_kv_cache: layer   9: dev = CUDA0
llama_kv_cache: layer  10: dev = CUDA0
llama_kv_cache: layer  11: dev = CUDA0
llama_kv_cache: layer  12: dev = CUDA0
llama_kv_cache: layer  13: dev = CUDA0
llama_kv_cache: layer  14: dev = CUDA0
llama_kv_cache: layer  15: dev = CUDA0
llama_kv_cache: layer  16: dev = CUDA0
llama_kv_cache: layer  17: dev = CUDA0
llama_kv_cache: layer  18: dev = CUDA0
llama_kv_cache: layer  19: dev = CUDA0
llama_kv_cache: layer  20: dev = CUDA0
llama_kv_cache: layer  21: dev = CUDA0
llama_kv_cache: layer  22: dev = CUDA0
llama_kv_cache: layer  23: dev = CUDA0
llama_kv_cache: layer  24: dev = CUDA0
llama_kv_cache: layer  25: dev = CUDA0
llama_kv_cache: layer  26: dev = CUDA0
llama_kv_cache: layer  27: dev = CUDA0
llama_kv_cache:        CPU KV buffer size =     4.50 MiB
llama_kv_cache:      CUDA0 KV buffer size =    37.50 MiB
llama_kv_cache: size =   42.00 MiB (   768 cells,  28 layers,  1/1 seqs), K (f16):   21.00 MiB, V (f16):   21.00 MiB
llama_kv_cache: attn_rot_k = 0, n_embd_head_k_all = 128
llama_kv_cache: attn_rot_v = 0, n_embd_head_k_all = 128
llama_context: enumerating backends
llama_context: backend_ptrs.size() = 2
sched_reserve: reserving ...
sched_reserve: max_nodes = 2712
sched_reserve: reserving full memory module
sched_reserve: worst-case: n_tokens = 512, n_seqs = 1, n_outputs = 1
graph_reserve: reserving a graph for ubatch with n_tokens =    1, n_seqs =  1, n_outputs =    1
sched_reserve: Flash Attention was auto, set to enabled
sched_reserve: resolving fused Gated Delta Net support:
graph_reserve: reserving a graph for ubatch with n_tokens =    1, n_seqs =  1, n_outputs =    1
sched_reserve: fused Gated Delta Net (autoregressive) enabled
graph_reserve: reserving a graph for ubatch with n_tokens =   16, n_seqs =  1, n_outputs =   16
sched_reserve: fused Gated Delta Net (chunked) enabled
graph_reserve: reserving a graph for ubatch with n_tokens =  512, n_seqs =  1, n_outputs =  512
graph_reserve: reserving a graph for ubatch with n_tokens =    1, n_seqs =  1, n_outputs =    1
graph_reserve: reserving a graph for ubatch with n_tokens =  512, n_seqs =  1, n_outputs =  512
sched_reserve:      CUDA0 compute buffer size =   304.00 MiB
sched_reserve:  CUDA_Host compute buffer size =    14.76 MiB
sched_reserve: graph nodes  = 958
sched_reserve: graph splits = 44 (with bs=512), 2 (with bs=1)
sched_reserve: reserve took 15.06 ms, sched copies = 1
CUDA Graph id 12969 reused
ggml_backend_cuda_graph_compute: CUDA graph warmup complete
CUDA Graph id 12969 reused
CUDA Graph id 12969 reused
CUDA Graph id 12969 reused
CUDA Graph id 12969 reused
CUDA Graph id 12969 reused
CUDA Graph id 12969 reused
CUDA Graph id 12969 reused
CUDA Graph id 12969 reused
CUDA Graph id 12969 reused
CUDA Graph id 12969 reused
CUDA Graph id 12969 reused
CUDA Graph id 12969 reused
CUDA Graph id 12969 reused
CUDA Graph id 12969 reused
CUDA Graph id 12969 reused
CUDA Graph id 12969 reused
CUDA Graph id 12969 reused
CUDA Graph id 12969 reused
CUDA Graph id 12969 reused
CUDA Graph id 12969 reused
CUDA Graph id 12969 reused
CUDA Graph id 12969 reused
CUDA Graph id 12969 reused
CUDA Graph id 12969 reused
CUDA Graph id 12969 reused
CUDA Graph id 12969 reused
CUDA Graph id 12969 reused
CUDA Graph id 12969 reused
CUDA Graph id 12969 reused
CUDA Graph id 12969 reused
CUDA Graph id 12969 reused
CUDA Graph id 12969 reused
CUDA Graph id 12969 reused
CUDA Graph id 12969 reused
~llama_context:      CUDA0 compute buffer size is 304.0000 MiB, matches expectation of 304.0000 MiB
~llama_context:  CUDA_Host compute buffer size is  14.7637 MiB, matches expectation of  14.7637 MiB
llama_context: constructing llama_context
llama_context: n_seq_max     = 1
llama_context: n_ctx         = 768
llama_context: n_ctx_seq     = 768
llama_context: n_batch       = 676
llama_context: n_ubatch      = 512
llama_context: causal_attn   = 1
llama_context: flash_attn    = auto
llama_context: kv_unified    = false
llama_context: freq_base     = 1000000.0
llama_context: freq_scale    = 1
llama_context: n_rs_seq      = 0
llama_context: n_outputs_max = 676
llama_context: n_ctx_seq (768) < n_ctx_train (32768) -- the full capacity of the model will not be utilized
set_abort_callback: call
llama_context:  CUDA_Host  output buffer size =     0.58 MiB
llama_kv_cache: layer   0: dev = CPU
llama_kv_cache: layer   1: dev = CPU
llama_kv_cache: layer   2: dev = CPU
llama_kv_cache: layer   3: dev = CUDA0
llama_kv_cache: layer   4: dev = CUDA0
llama_kv_cache: layer   5: dev = CUDA0
llama_kv_cache: layer   6: dev = CUDA0
llama_kv_cache: layer   7: dev = CUDA0
llama_kv_cache: layer   8: dev = CUDA0
llama_kv_cache: layer   9: dev = CUDA0
llama_kv_cache: layer  10: dev = CUDA0
llama_kv_cache: layer  11: dev = CUDA0
llama_kv_cache: layer  12: dev = CUDA0
llama_kv_cache: layer  13: dev = CUDA0
llama_kv_cache: layer  14: dev = CUDA0
llama_kv_cache: layer  15: dev = CUDA0
llama_kv_cache: layer  16: dev = CUDA0
llama_kv_cache: layer  17: dev = CUDA0
llama_kv_cache: layer  18: dev = CUDA0
llama_kv_cache: layer  19: dev = CUDA0
llama_kv_cache: layer  20: dev = CUDA0
llama_kv_cache: layer  21: dev = CUDA0
llama_kv_cache: layer  22: dev = CUDA0
llama_kv_cache: layer  23: dev = CUDA0
llama_kv_cache: layer  24: dev = CUDA0
llama_kv_cache: layer  25: dev = CUDA0
llama_kv_cache: layer  26: dev = CUDA0
llama_kv_cache: layer  27: dev = CUDA0
llama_kv_cache:        CPU KV buffer size =     4.50 MiB
llama_kv_cache:      CUDA0 KV buffer size =    37.50 MiB
llama_kv_cache: size =   42.00 MiB (   768 cells,  28 layers,  1/1 seqs), K (f16):   21.00 MiB, V (f16):   21.00 MiB
llama_kv_cache: attn_rot_k = 0, n_embd_head_k_all = 128
llama_kv_cache: attn_rot_v = 0, n_embd_head_k_all = 128
llama_context: enumerating backends
llama_context: backend_ptrs.size() = 2
sched_reserve: reserving ...
sched_reserve: max_nodes = 2712
sched_reserve: reserving full memory module
sched_reserve: worst-case: n_tokens = 512, n_seqs = 1, n_outputs = 1
graph_reserve: reserving a graph for ubatch with n_tokens =    1, n_seqs =  1, n_outputs =    1
sched_reserve: Flash Attention was auto, set to enabled
sched_reserve: resolving fused Gated Delta Net support:
graph_reserve: reserving a graph for ubatch with n_tokens =    1, n_seqs =  1, n_outputs =    1
sched_reserve: fused Gated Delta Net (autoregressive) enabled
graph_reserve: reserving a graph for ubatch with n_tokens =   16, n_seqs =  1, n_outputs =   16
sched_reserve: fused Gated Delta Net (chunked) enabled
graph_reserve: reserving a graph for ubatch with n_tokens =  512, n_seqs =  1, n_outputs =  512
graph_reserve: reserving a graph for ubatch with n_tokens =    1, n_seqs =  1, n_outputs =    1
graph_reserve: reserving a graph for ubatch with n_tokens =  512, n_seqs =  1, n_outputs =  512
sched_reserve:      CUDA0 compute buffer size =   304.00 MiB
sched_reserve:  CUDA_Host compute buffer size =    14.76 MiB
sched_reserve: graph nodes  = 958
sched_reserve: graph splits = 44 (with bs=512), 2 (with bs=1)
sched_reserve: reserve took 16.91 ms, sched copies = 1
CUDA Graph id 13119 reused
ggml_backend_cuda_graph_compute: CUDA graph warmup complete
CUDA Graph id 13119 reused
CUDA Graph id 13119 reused
CUDA Graph id 13119 reused
CUDA Graph id 13119 reused
CUDA Graph id 13119 reused
CUDA Graph id 13119 reused
CUDA Graph id 13119 reused
CUDA Graph id 13119 reused
CUDA Graph id 13119 reused
CUDA Graph id 13119 reused
CUDA Graph id 13119 reused
CUDA Graph id 13119 reused
CUDA Graph id 13119 reused
CUDA Graph id 13119 reused
CUDA Graph id 13119 reused
CUDA Graph id 13119 reused
CUDA Graph id 13119 reused
CUDA Graph id 13119 reused
CUDA Graph id 13119 reused
CUDA Graph id 13119 reused
CUDA Graph id 13119 reused
CUDA Graph id 13119 reused
CUDA Graph id 13119 reused
CUDA Graph id 13119 reused
CUDA Graph id 13119 reused
CUDA Graph id 13119 reused
CUDA Graph id 13119 reused
CUDA Graph id 13119 reused
CUDA Graph id 13119 reused
CUDA Graph id 13119 reused
CUDA Graph id 13119 reused
CUDA Graph id 13119 reused
CUDA Graph id 13119 reused
CUDA Graph id 13119 reused
~llama_context:      CUDA0 compute buffer size is 304.0000 MiB, matches expectation of 304.0000 MiB
~llama_context:  CUDA_Host compute buffer size is  14.7637 MiB, matches expectation of  14.7637 MiB
llama_context: constructing llama_context
llama_context: n_seq_max     = 1
llama_context: n_ctx         = 768
llama_context: n_ctx_seq     = 768
llama_context: n_batch       = 676
llama_context: n_ubatch      = 512
llama_context: causal_attn   = 1
llama_context: flash_attn    = auto
llama_context: kv_unified    = false
llama_context: freq_base     = 1000000.0
llama_context: freq_scale    = 1
llama_context: n_rs_seq      = 0
llama_context: n_outputs_max = 676
llama_context: n_ctx_seq (768) < n_ctx_train (32768) -- the full capacity of the model will not be utilized
set_abort_callback: call
llama_context:  CUDA_Host  output buffer size =     0.58 MiB
llama_kv_cache: layer   0: dev = CPU
llama_kv_cache: layer   1: dev = CPU
llama_kv_cache: layer   2: dev = CPU
llama_kv_cache: layer   3: dev = CUDA0
llama_kv_cache: layer   4: dev = CUDA0
llama_kv_cache: layer   5: dev = CUDA0
llama_kv_cache: layer   6: dev = CUDA0
llama_kv_cache: layer   7: dev = CUDA0
llama_kv_cache: layer   8: dev = CUDA0
llama_kv_cache: layer   9: dev = CUDA0
llama_kv_cache: layer  10: dev = CUDA0
llama_kv_cache: layer  11: dev = CUDA0
llama_kv_cache: layer  12: dev = CUDA0
llama_kv_cache: layer  13: dev = CUDA0
llama_kv_cache: layer  14: dev = CUDA0
llama_kv_cache: layer  15: dev = CUDA0
llama_kv_cache: layer  16: dev = CUDA0
llama_kv_cache: layer  17: dev = CUDA0
llama_kv_cache: layer  18: dev = CUDA0
llama_kv_cache: layer  19: dev = CUDA0
llama_kv_cache: layer  20: dev = CUDA0
llama_kv_cache: layer  21: dev = CUDA0
llama_kv_cache: layer  22: dev = CUDA0
llama_kv_cache: layer  23: dev = CUDA0
llama_kv_cache: layer  24: dev = CUDA0
llama_kv_cache: layer  25: dev = CUDA0
llama_kv_cache: layer  26: dev = CUDA0
llama_kv_cache: layer  27: dev = CUDA0
llama_kv_cache:        CPU KV buffer size =     4.50 MiB
llama_kv_cache:      CUDA0 KV buffer size =    37.50 MiB
llama_kv_cache: size =   42.00 MiB (   768 cells,  28 layers,  1/1 seqs), K (f16):   21.00 MiB, V (f16):   21.00 MiB
llama_kv_cache: attn_rot_k = 0, n_embd_head_k_all = 128
llama_kv_cache: attn_rot_v = 0, n_embd_head_k_all = 128
llama_context: enumerating backends
llama_context: backend_ptrs.size() = 2
sched_reserve: reserving ...
sched_reserve: max_nodes = 2712
sched_reserve: reserving full memory module
sched_reserve: worst-case: n_tokens = 512, n_seqs = 1, n_outputs = 1
graph_reserve: reserving a graph for ubatch with n_tokens =    1, n_seqs =  1, n_outputs =    1
sched_reserve: Flash Attention was auto, set to enabled
sched_reserve: resolving fused Gated Delta Net support:
graph_reserve: reserving a graph for ubatch with n_tokens =    1, n_seqs =  1, n_outputs =    1
sched_reserve: fused Gated Delta Net (autoregressive) enabled
graph_reserve: reserving a graph for ubatch with n_tokens =   16, n_seqs =  1, n_outputs =   16
sched_reserve: fused Gated Delta Net (chunked) enabled
graph_reserve: reserving a graph for ubatch with n_tokens =  512, n_seqs =  1, n_outputs =  512
graph_reserve: reserving a graph for ubatch with n_tokens =    1, n_seqs =  1, n_outputs =    1
graph_reserve: reserving a graph for ubatch with n_tokens =  512, n_seqs =  1, n_outputs =  512
sched_reserve:      CUDA0 compute buffer size =   304.00 MiB
sched_reserve:  CUDA_Host compute buffer size =    14.76 MiB
sched_reserve: graph nodes  = 958
sched_reserve: graph splits = 44 (with bs=512), 2 (with bs=1)
sched_reserve: reserve took 17.16 ms, sched copies = 1
CUDA Graph id 13269 reused
ggml_backend_cuda_graph_compute: CUDA graph warmup complete
CUDA Graph id 13269 reused
CUDA Graph id 13269 reused
CUDA Graph id 13269 reused
CUDA Graph id 13269 reused
CUDA Graph id 13269 reused
CUDA Graph id 13269 reused
CUDA Graph id 13269 reused
CUDA Graph id 13269 reused
CUDA Graph id 13269 reused
CUDA Graph id 13269 reused
CUDA Graph id 13269 reused
CUDA Graph id 13269 reused
CUDA Graph id 13269 reused
CUDA Graph id 13269 reused
CUDA Graph id 13269 reused
CUDA Graph id 13269 reused
CUDA Graph id 13269 reused
CUDA Graph id 13269 reused
CUDA Graph id 13269 reused
CUDA Graph id 13269 reused
CUDA Graph id 13269 reused
CUDA Graph id 13269 reused
CUDA Graph id 13269 reused
CUDA Graph id 13269 reused
CUDA Graph id 13269 reused
CUDA Graph id 13269 reused
CUDA Graph id 13269 reused
CUDA Graph id 13269 reused
CUDA Graph id 13269 reused
CUDA Graph id 13269 reused
CUDA Graph id 13269 reused
CUDA Graph id 13269 reused
CUDA Graph id 13269 reused
CUDA Graph id 13269 reused
~llama_context:      CUDA0 compute buffer size is 304.0000 MiB, matches expectation of 304.0000 MiB
~llama_context:  CUDA_Host compute buffer size is  14.7637 MiB, matches expectation of  14.7637 MiB
llama_context: constructing llama_context
llama_context: n_seq_max     = 1
llama_context: n_ctx         = 768
llama_context: n_ctx_seq     = 768
llama_context: n_batch       = 676
llama_context: n_ubatch      = 512
llama_context: causal_attn   = 1
llama_context: flash_attn    = auto
llama_context: kv_unified    = false
llama_context: freq_base     = 1000000.0
llama_context: freq_scale    = 1
llama_context: n_rs_seq      = 0
llama_context: n_outputs_max = 676
llama_context: n_ctx_seq (768) < n_ctx_train (32768) -- the full capacity of the model will not be utilized
set_abort_callback: call
llama_context:  CUDA_Host  output buffer size =     0.58 MiB
llama_kv_cache: layer   0: dev = CPU
llama_kv_cache: layer   1: dev = CPU
llama_kv_cache: layer   2: dev = CPU
llama_kv_cache: layer   3: dev = CUDA0
llama_kv_cache: layer   4: dev = CUDA0
llama_kv_cache: layer   5: dev = CUDA0
llama_kv_cache: layer   6: dev = CUDA0
llama_kv_cache: layer   7: dev = CUDA0
llama_kv_cache: layer   8: dev = CUDA0
llama_kv_cache: layer   9: dev = CUDA0
llama_kv_cache: layer  10: dev = CUDA0
llama_kv_cache: layer  11: dev = CUDA0
llama_kv_cache: layer  12: dev = CUDA0
llama_kv_cache: layer  13: dev = CUDA0
llama_kv_cache: layer  14: dev = CUDA0
llama_kv_cache: layer  15: dev = CUDA0
llama_kv_cache: layer  16: dev = CUDA0
llama_kv_cache: layer  17: dev = CUDA0
llama_kv_cache: layer  18: dev = CUDA0
llama_kv_cache: layer  19: dev = CUDA0
llama_kv_cache: layer  20: dev = CUDA0
llama_kv_cache: layer  21: dev = CUDA0
llama_kv_cache: layer  22: dev = CUDA0
llama_kv_cache: layer  23: dev = CUDA0
llama_kv_cache: layer  24: dev = CUDA0
llama_kv_cache: layer  25: dev = CUDA0
llama_kv_cache: layer  26: dev = CUDA0
llama_kv_cache: layer  27: dev = CUDA0
llama_kv_cache:        CPU KV buffer size =     4.50 MiB
llama_kv_cache:      CUDA0 KV buffer size =    37.50 MiB
llama_kv_cache: size =   42.00 MiB (   768 cells,  28 layers,  1/1 seqs), K (f16):   21.00 MiB, V (f16):   21.00 MiB
llama_kv_cache: attn_rot_k = 0, n_embd_head_k_all = 128
llama_kv_cache: attn_rot_v = 0, n_embd_head_k_all = 128
llama_context: enumerating backends
llama_context: backend_ptrs.size() = 2
sched_reserve: reserving ...
sched_reserve: max_nodes = 2712
sched_reserve: reserving full memory module
sched_reserve: worst-case: n_tokens = 512, n_seqs = 1, n_outputs = 1
graph_reserve: reserving a graph for ubatch with n_tokens =    1, n_seqs =  1, n_outputs =    1
sched_reserve: Flash Attention was auto, set to enabled
sched_reserve: resolving fused Gated Delta Net support:
graph_reserve: reserving a graph for ubatch with n_tokens =    1, n_seqs =  1, n_outputs =    1
sched_reserve: fused Gated Delta Net (autoregressive) enabled
graph_reserve: reserving a graph for ubatch with n_tokens =   16, n_seqs =  1, n_outputs =   16
sched_reserve: fused Gated Delta Net (chunked) enabled
graph_reserve: reserving a graph for ubatch with n_tokens =  512, n_seqs =  1, n_outputs =  512
graph_reserve: reserving a graph for ubatch with n_tokens =    1, n_seqs =  1, n_outputs =    1
graph_reserve: reserving a graph for ubatch with n_tokens =  512, n_seqs =  1, n_outputs =  512
sched_reserve:      CUDA0 compute buffer size =   304.00 MiB
sched_reserve:  CUDA_Host compute buffer size =    14.76 MiB
sched_reserve: graph nodes  = 958
sched_reserve: graph splits = 44 (with bs=512), 2 (with bs=1)
sched_reserve: reserve took 19.92 ms, sched copies = 1
CUDA Graph id 13419 reused
ggml_backend_cuda_graph_compute: CUDA graph warmup complete
CUDA Graph id 13419 reused
CUDA Graph id 13419 reused
CUDA Graph id 13419 reused
CUDA Graph id 13419 reused
CUDA Graph id 13419 reused
CUDA Graph id 13419 reused
CUDA Graph id 13419 reused
CUDA Graph id 13419 reused
CUDA Graph id 13419 reused
CUDA Graph id 13419 reused
CUDA Graph id 13419 reused
CUDA Graph id 13419 reused
CUDA Graph id 13419 reused
CUDA Graph id 13419 reused
CUDA Graph id 13419 reused
CUDA Graph id 13419 reused
CUDA Graph id 13419 reused
CUDA Graph id 13419 reused
CUDA Graph id 13419 reused
CUDA Graph id 13419 reused
CUDA Graph id 13419 reused
CUDA Graph id 13419 reused
CUDA Graph id 13419 reused
CUDA Graph id 13419 reused
~llama_context:      CUDA0 compute buffer size is 304.0000 MiB, matches expectation of 304.0000 MiB
~llama_context:  CUDA_Host compute buffer size is  14.7637 MiB, matches expectation of  14.7637 MiB
llama_context: constructing llama_context
llama_context: n_seq_max     = 1
llama_context: n_ctx         = 768
llama_context: n_ctx_seq     = 768
llama_context: n_batch       = 676
llama_context: n_ubatch      = 512
llama_context: causal_attn   = 1
llama_context: flash_attn    = auto
llama_context: kv_unified    = false
llama_context: freq_base     = 1000000.0
llama_context: freq_scale    = 1
llama_context: n_rs_seq      = 0
llama_context: n_outputs_max = 676
llama_context: n_ctx_seq (768) < n_ctx_train (32768) -- the full capacity of the model will not be utilized
set_abort_callback: call
llama_context:  CUDA_Host  output buffer size =     0.58 MiB
llama_kv_cache: layer   0: dev = CPU
llama_kv_cache: layer   1: dev = CPU
llama_kv_cache: layer   2: dev = CPU
llama_kv_cache: layer   3: dev = CUDA0
llama_kv_cache: layer   4: dev = CUDA0
llama_kv_cache: layer   5: dev = CUDA0
llama_kv_cache: layer   6: dev = CUDA0
llama_kv_cache: layer   7: dev = CUDA0
llama_kv_cache: layer   8: dev = CUDA0
llama_kv_cache: layer   9: dev = CUDA0
llama_kv_cache: layer  10: dev = CUDA0
llama_kv_cache: layer  11: dev = CUDA0
llama_kv_cache: layer  12: dev = CUDA0
llama_kv_cache: layer  13: dev = CUDA0
llama_kv_cache: layer  14: dev = CUDA0
llama_kv_cache: layer  15: dev = CUDA0
llama_kv_cache: layer  16: dev = CUDA0
llama_kv_cache: layer  17: dev = CUDA0
llama_kv_cache: layer  18: dev = CUDA0
llama_kv_cache: layer  19: dev = CUDA0
llama_kv_cache: layer  20: dev = CUDA0
llama_kv_cache: layer  21: dev = CUDA0
llama_kv_cache: layer  22: dev = CUDA0
llama_kv_cache: layer  23: dev = CUDA0
llama_kv_cache: layer  24: dev = CUDA0
llama_kv_cache: layer  25: dev = CUDA0
llama_kv_cache: layer  26: dev = CUDA0
llama_kv_cache: layer  27: dev = CUDA0
llama_kv_cache:        CPU KV buffer size =     4.50 MiB
llama_kv_cache:      CUDA0 KV buffer size =    37.50 MiB
llama_kv_cache: size =   42.00 MiB (   768 cells,  28 layers,  1/1 seqs), K (f16):   21.00 MiB, V (f16):   21.00 MiB
llama_kv_cache: attn_rot_k = 0, n_embd_head_k_all = 128
llama_kv_cache: attn_rot_v = 0, n_embd_head_k_all = 128
llama_context: enumerating backends
llama_context: backend_ptrs.size() = 2
sched_reserve: reserving ...
sched_reserve: max_nodes = 2712
sched_reserve: reserving full memory module
sched_reserve: worst-case: n_tokens = 512, n_seqs = 1, n_outputs = 1
graph_reserve: reserving a graph for ubatch with n_tokens =    1, n_seqs =  1, n_outputs =    1
sched_reserve: Flash Attention was auto, set to enabled
sched_reserve: resolving fused Gated Delta Net support:
graph_reserve: reserving a graph for ubatch with n_tokens =    1, n_seqs =  1, n_outputs =    1
sched_reserve: fused Gated Delta Net (autoregressive) enabled
graph_reserve: reserving a graph for ubatch with n_tokens =   16, n_seqs =  1, n_outputs =   16
sched_reserve: fused Gated Delta Net (chunked) enabled
graph_reserve: reserving a graph for ubatch with n_tokens =  512, n_seqs =  1, n_outputs =  512
graph_reserve: reserving a graph for ubatch with n_tokens =    1, n_seqs =  1, n_outputs =    1
graph_reserve: reserving a graph for ubatch with n_tokens =  512, n_seqs =  1, n_outputs =  512
sched_reserve:      CUDA0 compute buffer size =   304.00 MiB
sched_reserve:  CUDA_Host compute buffer size =    14.76 MiB
sched_reserve: graph nodes  = 958
sched_reserve: graph splits = 44 (with bs=512), 2 (with bs=1)
sched_reserve: reserve took 13.49 ms, sched copies = 1
CUDA Graph id 13569 reused
ggml_backend_cuda_graph_compute: CUDA graph warmup complete
CUDA Graph id 13569 reused
CUDA Graph id 13569 reused
CUDA Graph id 13569 reused
CUDA Graph id 13569 reused
CUDA Graph id 13569 reused
CUDA Graph id 13569 reused
CUDA Graph id 13569 reused
CUDA Graph id 13569 reused
CUDA Graph id 13569 reused
CUDA Graph id 13569 reused
CUDA Graph id 13569 reused
CUDA Graph id 13569 reused
CUDA Graph id 13569 reused
CUDA Graph id 13569 reused
CUDA Graph id 13569 reused
CUDA Graph id 13569 reused
~llama_context:      CUDA0 compute buffer size is 304.0000 MiB, matches expectation of 304.0000 MiB
~llama_context:  CUDA_Host compute buffer size is  14.7637 MiB, matches expectation of  14.7637 MiB
schema 90/100 done
llama_context: constructing llama_context
llama_context: n_seq_max     = 1
llama_context: n_ctx         = 768
llama_context: n_ctx_seq     = 768
llama_context: n_batch       = 628
llama_context: n_ubatch      = 512
llama_context: causal_attn   = 1
llama_context: flash_attn    = auto
llama_context: kv_unified    = false
llama_context: freq_base     = 1000000.0
llama_context: freq_scale    = 1
llama_context: n_rs_seq      = 0
llama_context: n_outputs_max = 628
llama_context: n_ctx_seq (768) < n_ctx_train (32768) -- the full capacity of the model will not be utilized
set_abort_callback: call
llama_context:  CUDA_Host  output buffer size =     0.58 MiB
llama_kv_cache: layer   0: dev = CPU
llama_kv_cache: layer   1: dev = CPU
llama_kv_cache: layer   2: dev = CPU
llama_kv_cache: layer   3: dev = CUDA0
llama_kv_cache: layer   4: dev = CUDA0
llama_kv_cache: layer   5: dev = CUDA0
llama_kv_cache: layer   6: dev = CUDA0
llama_kv_cache: layer   7: dev = CUDA0
llama_kv_cache: layer   8: dev = CUDA0
llama_kv_cache: layer   9: dev = CUDA0
llama_kv_cache: layer  10: dev = CUDA0
llama_kv_cache: layer  11: dev = CUDA0
llama_kv_cache: layer  12: dev = CUDA0
llama_kv_cache: layer  13: dev = CUDA0
llama_kv_cache: layer  14: dev = CUDA0
llama_kv_cache: layer  15: dev = CUDA0
llama_kv_cache: layer  16: dev = CUDA0
llama_kv_cache: layer  17: dev = CUDA0
llama_kv_cache: layer  18: dev = CUDA0
llama_kv_cache: layer  19: dev = CUDA0
llama_kv_cache: layer  20: dev = CUDA0
llama_kv_cache: layer  21: dev = CUDA0
llama_kv_cache: layer  22: dev = CUDA0
llama_kv_cache: layer  23: dev = CUDA0
llama_kv_cache: layer  24: dev = CUDA0
llama_kv_cache: layer  25: dev = CUDA0
llama_kv_cache: layer  26: dev = CUDA0
llama_kv_cache: layer  27: dev = CUDA0
llama_kv_cache:        CPU KV buffer size =     4.50 MiB
llama_kv_cache:      CUDA0 KV buffer size =    37.50 MiB
llama_kv_cache: size =   42.00 MiB (   768 cells,  28 layers,  1/1 seqs), K (f16):   21.00 MiB, V (f16):   21.00 MiB
llama_kv_cache: attn_rot_k = 0, n_embd_head_k_all = 128
llama_kv_cache: attn_rot_v = 0, n_embd_head_k_all = 128
llama_context: enumerating backends
llama_context: backend_ptrs.size() = 2
sched_reserve: reserving ...
sched_reserve: max_nodes = 2712
sched_reserve: reserving full memory module
sched_reserve: worst-case: n_tokens = 512, n_seqs = 1, n_outputs = 1
graph_reserve: reserving a graph for ubatch with n_tokens =    1, n_seqs =  1, n_outputs =    1
sched_reserve: Flash Attention was auto, set to enabled
sched_reserve: resolving fused Gated Delta Net support:
graph_reserve: reserving a graph for ubatch with n_tokens =    1, n_seqs =  1, n_outputs =    1
sched_reserve: fused Gated Delta Net (autoregressive) enabled
graph_reserve: reserving a graph for ubatch with n_tokens =   16, n_seqs =  1, n_outputs =   16
sched_reserve: fused Gated Delta Net (chunked) enabled
graph_reserve: reserving a graph for ubatch with n_tokens =  512, n_seqs =  1, n_outputs =  512
graph_reserve: reserving a graph for ubatch with n_tokens =    1, n_seqs =  1, n_outputs =    1
graph_reserve: reserving a graph for ubatch with n_tokens =  512, n_seqs =  1, n_outputs =  512
sched_reserve:      CUDA0 compute buffer size =   304.00 MiB
sched_reserve:  CUDA_Host compute buffer size =    14.76 MiB
sched_reserve: graph nodes  = 958
sched_reserve: graph splits = 44 (with bs=512), 2 (with bs=1)
sched_reserve: reserve took 13.03 ms, sched copies = 1
CUDA Graph id 13719 reused
ggml_backend_cuda_graph_compute: CUDA graph warmup complete
CUDA Graph id 13719 reused
CUDA Graph id 13719 reused
CUDA Graph id 13719 reused
CUDA Graph id 13719 reused
CUDA Graph id 13719 reused
CUDA Graph id 13719 reused
CUDA Graph id 13719 reused
CUDA Graph id 13719 reused
CUDA Graph id 13719 reused
CUDA Graph id 13719 reused
CUDA Graph id 13719 reused
CUDA Graph id 13719 reused
CUDA Graph id 13719 reused
CUDA Graph id 13719 reused
CUDA Graph id 13719 reused
CUDA Graph id 13719 reused
CUDA Graph id 13719 reused
CUDA Graph id 13719 reused
CUDA Graph id 13719 reused
CUDA Graph id 13719 reused
CUDA Graph id 13719 reused
CUDA Graph id 13719 reused
CUDA Graph id 13719 reused
CUDA Graph id 13719 reused
CUDA Graph id 13719 reused
~llama_context:      CUDA0 compute buffer size is 304.0000 MiB, matches expectation of 304.0000 MiB
~llama_context:  CUDA_Host compute buffer size is  14.7637 MiB, matches expectation of  14.7637 MiB
llama_context: constructing llama_context
llama_context: n_seq_max     = 1
llama_context: n_ctx         = 768
llama_context: n_ctx_seq     = 768
llama_context: n_batch       = 628
llama_context: n_ubatch      = 512
llama_context: causal_attn   = 1
llama_context: flash_attn    = auto
llama_context: kv_unified    = false
llama_context: freq_base     = 1000000.0
llama_context: freq_scale    = 1
llama_context: n_rs_seq      = 0
llama_context: n_outputs_max = 628
llama_context: n_ctx_seq (768) < n_ctx_train (32768) -- the full capacity of the model will not be utilized
set_abort_callback: call
llama_context:  CUDA_Host  output buffer size =     0.58 MiB
llama_kv_cache: layer   0: dev = CPU
llama_kv_cache: layer   1: dev = CPU
llama_kv_cache: layer   2: dev = CPU
llama_kv_cache: layer   3: dev = CUDA0
llama_kv_cache: layer   4: dev = CUDA0
llama_kv_cache: layer   5: dev = CUDA0
llama_kv_cache: layer   6: dev = CUDA0
llama_kv_cache: layer   7: dev = CUDA0
llama_kv_cache: layer   8: dev = CUDA0
llama_kv_cache: layer   9: dev = CUDA0
llama_kv_cache: layer  10: dev = CUDA0
llama_kv_cache: layer  11: dev = CUDA0
llama_kv_cache: layer  12: dev = CUDA0
llama_kv_cache: layer  13: dev = CUDA0
llama_kv_cache: layer  14: dev = CUDA0
llama_kv_cache: layer  15: dev = CUDA0
llama_kv_cache: layer  16: dev = CUDA0
llama_kv_cache: layer  17: dev = CUDA0
llama_kv_cache: layer  18: dev = CUDA0
llama_kv_cache: layer  19: dev = CUDA0
llama_kv_cache: layer  20: dev = CUDA0
llama_kv_cache: layer  21: dev = CUDA0
llama_kv_cache: layer  22: dev = CUDA0
llama_kv_cache: layer  23: dev = CUDA0
llama_kv_cache: layer  24: dev = CUDA0
llama_kv_cache: layer  25: dev = CUDA0
llama_kv_cache: layer  26: dev = CUDA0
llama_kv_cache: layer  27: dev = CUDA0
llama_kv_cache:        CPU KV buffer size =     4.50 MiB
llama_kv_cache:      CUDA0 KV buffer size =    37.50 MiB
llama_kv_cache: size =   42.00 MiB (   768 cells,  28 layers,  1/1 seqs), K (f16):   21.00 MiB, V (f16):   21.00 MiB
llama_kv_cache: attn_rot_k = 0, n_embd_head_k_all = 128
llama_kv_cache: attn_rot_v = 0, n_embd_head_k_all = 128
llama_context: enumerating backends
llama_context: backend_ptrs.size() = 2
sched_reserve: reserving ...
sched_reserve: max_nodes = 2712
sched_reserve: reserving full memory module
sched_reserve: worst-case: n_tokens = 512, n_seqs = 1, n_outputs = 1
graph_reserve: reserving a graph for ubatch with n_tokens =    1, n_seqs =  1, n_outputs =    1
sched_reserve: Flash Attention was auto, set to enabled
sched_reserve: resolving fused Gated Delta Net support:
graph_reserve: reserving a graph for ubatch with n_tokens =    1, n_seqs =  1, n_outputs =    1
sched_reserve: fused Gated Delta Net (autoregressive) enabled
graph_reserve: reserving a graph for ubatch with n_tokens =   16, n_seqs =  1, n_outputs =   16
sched_reserve: fused Gated Delta Net (chunked) enabled
graph_reserve: reserving a graph for ubatch with n_tokens =  512, n_seqs =  1, n_outputs =  512
graph_reserve: reserving a graph for ubatch with n_tokens =    1, n_seqs =  1, n_outputs =    1
graph_reserve: reserving a graph for ubatch with n_tokens =  512, n_seqs =  1, n_outputs =  512
sched_reserve:      CUDA0 compute buffer size =   304.00 MiB
sched_reserve:  CUDA_Host compute buffer size =    14.76 MiB
sched_reserve: graph nodes  = 958
sched_reserve: graph splits = 44 (with bs=512), 2 (with bs=1)
sched_reserve: reserve took 14.63 ms, sched copies = 1
CUDA Graph id 13869 reused
ggml_backend_cuda_graph_compute: CUDA graph warmup complete
CUDA Graph id 13869 reused
CUDA Graph id 13869 reused
CUDA Graph id 13869 reused
CUDA Graph id 13869 reused
CUDA Graph id 13869 reused
CUDA Graph id 13869 reused
CUDA Graph id 13869 reused
CUDA Graph id 13869 reused
CUDA Graph id 13869 reused
CUDA Graph id 13869 reused
CUDA Graph id 13869 reused
CUDA Graph id 13869 reused
CUDA Graph id 13869 reused
CUDA Graph id 13869 reused
CUDA Graph id 13869 reused
CUDA Graph id 13869 reused
CUDA Graph id 13869 reused
CUDA Graph id 13869 reused
CUDA Graph id 13869 reused
CUDA Graph id 13869 reused
CUDA Graph id 13869 reused
CUDA Graph id 13869 reused
CUDA Graph id 13869 reused
CUDA Graph id 13869 reused
CUDA Graph id 13869 reused
~llama_context:      CUDA0 compute buffer size is 304.0000 MiB, matches expectation of 304.0000 MiB
~llama_context:  CUDA_Host compute buffer size is  14.7637 MiB, matches expectation of  14.7637 MiB
llama_context: constructing llama_context
llama_context: n_seq_max     = 1
llama_context: n_ctx         = 768
llama_context: n_ctx_seq     = 768
llama_context: n_batch       = 628
llama_context: n_ubatch      = 512
llama_context: causal_attn   = 1
llama_context: flash_attn    = auto
llama_context: kv_unified    = false
llama_context: freq_base     = 1000000.0
llama_context: freq_scale    = 1
llama_context: n_rs_seq      = 0
llama_context: n_outputs_max = 628
llama_context: n_ctx_seq (768) < n_ctx_train (32768) -- the full capacity of the model will not be utilized
set_abort_callback: call
llama_context:  CUDA_Host  output buffer size =     0.58 MiB
llama_kv_cache: layer   0: dev = CPU
llama_kv_cache: layer   1: dev = CPU
llama_kv_cache: layer   2: dev = CPU
llama_kv_cache: layer   3: dev = CUDA0
llama_kv_cache: layer   4: dev = CUDA0
llama_kv_cache: layer   5: dev = CUDA0
llama_kv_cache: layer   6: dev = CUDA0
llama_kv_cache: layer   7: dev = CUDA0
llama_kv_cache: layer   8: dev = CUDA0
llama_kv_cache: layer   9: dev = CUDA0
llama_kv_cache: layer  10: dev = CUDA0
llama_kv_cache: layer  11: dev = CUDA0
llama_kv_cache: layer  12: dev = CUDA0
llama_kv_cache: layer  13: dev = CUDA0
llama_kv_cache: layer  14: dev = CUDA0
llama_kv_cache: layer  15: dev = CUDA0
llama_kv_cache: layer  16: dev = CUDA0
llama_kv_cache: layer  17: dev = CUDA0
llama_kv_cache: layer  18: dev = CUDA0
llama_kv_cache: layer  19: dev = CUDA0
llama_kv_cache: layer  20: dev = CUDA0
llama_kv_cache: layer  21: dev = CUDA0
llama_kv_cache: layer  22: dev = CUDA0
llama_kv_cache: layer  23: dev = CUDA0
llama_kv_cache: layer  24: dev = CUDA0
llama_kv_cache: layer  25: dev = CUDA0
llama_kv_cache: layer  26: dev = CUDA0
llama_kv_cache: layer  27: dev = CUDA0
llama_kv_cache:        CPU KV buffer size =     4.50 MiB
llama_kv_cache:      CUDA0 KV buffer size =    37.50 MiB
llama_kv_cache: size =   42.00 MiB (   768 cells,  28 layers,  1/1 seqs), K (f16):   21.00 MiB, V (f16):   21.00 MiB
llama_kv_cache: attn_rot_k = 0, n_embd_head_k_all = 128
llama_kv_cache: attn_rot_v = 0, n_embd_head_k_all = 128
llama_context: enumerating backends
llama_context: backend_ptrs.size() = 2
sched_reserve: reserving ...
sched_reserve: max_nodes = 2712
sched_reserve: reserving full memory module
sched_reserve: worst-case: n_tokens = 512, n_seqs = 1, n_outputs = 1
graph_reserve: reserving a graph for ubatch with n_tokens =    1, n_seqs =  1, n_outputs =    1
sched_reserve: Flash Attention was auto, set to enabled
sched_reserve: resolving fused Gated Delta Net support:
graph_reserve: reserving a graph for ubatch with n_tokens =    1, n_seqs =  1, n_outputs =    1
sched_reserve: fused Gated Delta Net (autoregressive) enabled
graph_reserve: reserving a graph for ubatch with n_tokens =   16, n_seqs =  1, n_outputs =   16
sched_reserve: fused Gated Delta Net (chunked) enabled
graph_reserve: reserving a graph for ubatch with n_tokens =  512, n_seqs =  1, n_outputs =  512
graph_reserve: reserving a graph for ubatch with n_tokens =    1, n_seqs =  1, n_outputs =    1
graph_reserve: reserving a graph for ubatch with n_tokens =  512, n_seqs =  1, n_outputs =  512
sched_reserve:      CUDA0 compute buffer size =   304.00 MiB
sched_reserve:  CUDA_Host compute buffer size =    14.76 MiB
sched_reserve: graph nodes  = 958
sched_reserve: graph splits = 44 (with bs=512), 2 (with bs=1)
sched_reserve: reserve took 15.83 ms, sched copies = 1
CUDA Graph id 14019 reused
ggml_backend_cuda_graph_compute: CUDA graph warmup complete
CUDA Graph id 14019 reused
CUDA Graph id 14019 reused
CUDA Graph id 14019 reused
CUDA Graph id 14019 reused
CUDA Graph id 14019 reused
CUDA Graph id 14019 reused
CUDA Graph id 14019 reused
CUDA Graph id 14019 reused
CUDA Graph id 14019 reused
CUDA Graph id 14019 reused
CUDA Graph id 14019 reused
CUDA Graph id 14019 reused
CUDA Graph id 14019 reused
CUDA Graph id 14019 reused
CUDA Graph id 14019 reused
CUDA Graph id 14019 reused
CUDA Graph id 14019 reused
CUDA Graph id 14019 reused
CUDA Graph id 14019 reused
CUDA Graph id 14019 reused
CUDA Graph id 14019 reused
CUDA Graph id 14019 reused
CUDA Graph id 14019 reused
CUDA Graph id 14019 reused
CUDA Graph id 14019 reused
CUDA Graph id 14019 reused
CUDA Graph id 14019 reused
CUDA Graph id 14019 reused
CUDA Graph id 14019 reused
CUDA Graph id 14019 reused
CUDA Graph id 14019 reused
CUDA Graph id 14019 reused
~llama_context:      CUDA0 compute buffer size is 304.0000 MiB, matches expectation of 304.0000 MiB
~llama_context:  CUDA_Host compute buffer size is  14.7637 MiB, matches expectation of  14.7637 MiB
llama_context: constructing llama_context
llama_context: n_seq_max     = 1
llama_context: n_ctx         = 768
llama_context: n_ctx_seq     = 768
llama_context: n_batch       = 628
llama_context: n_ubatch      = 512
llama_context: causal_attn   = 1
llama_context: flash_attn    = auto
llama_context: kv_unified    = false
llama_context: freq_base     = 1000000.0
llama_context: freq_scale    = 1
llama_context: n_rs_seq      = 0
llama_context: n_outputs_max = 628
llama_context: n_ctx_seq (768) < n_ctx_train (32768) -- the full capacity of the model will not be utilized
set_abort_callback: call
llama_context:  CUDA_Host  output buffer size =     0.58 MiB
llama_kv_cache: layer   0: dev = CPU
llama_kv_cache: layer   1: dev = CPU
llama_kv_cache: layer   2: dev = CPU
llama_kv_cache: layer   3: dev = CUDA0
llama_kv_cache: layer   4: dev = CUDA0
llama_kv_cache: layer   5: dev = CUDA0
llama_kv_cache: layer   6: dev = CUDA0
llama_kv_cache: layer   7: dev = CUDA0
llama_kv_cache: layer   8: dev = CUDA0
llama_kv_cache: layer   9: dev = CUDA0
llama_kv_cache: layer  10: dev = CUDA0
llama_kv_cache: layer  11: dev = CUDA0
llama_kv_cache: layer  12: dev = CUDA0
llama_kv_cache: layer  13: dev = CUDA0
llama_kv_cache: layer  14: dev = CUDA0
llama_kv_cache: layer  15: dev = CUDA0
llama_kv_cache: layer  16: dev = CUDA0
llama_kv_cache: layer  17: dev = CUDA0
llama_kv_cache: layer  18: dev = CUDA0
llama_kv_cache: layer  19: dev = CUDA0
llama_kv_cache: layer  20: dev = CUDA0
llama_kv_cache: layer  21: dev = CUDA0
llama_kv_cache: layer  22: dev = CUDA0
llama_kv_cache: layer  23: dev = CUDA0
llama_kv_cache: layer  24: dev = CUDA0
llama_kv_cache: layer  25: dev = CUDA0
llama_kv_cache: layer  26: dev = CUDA0
llama_kv_cache: layer  27: dev = CUDA0
llama_kv_cache:        CPU KV buffer size =     4.50 MiB
llama_kv_cache:      CUDA0 KV buffer size =    37.50 MiB
llama_kv_cache: size =   42.00 MiB (   768 cells,  28 layers,  1/1 seqs), K (f16):   21.00 MiB, V (f16):   21.00 MiB
llama_kv_cache: attn_rot_k = 0, n_embd_head_k_all = 128
llama_kv_cache: attn_rot_v = 0, n_embd_head_k_all = 128
llama_context: enumerating backends
llama_context: backend_ptrs.size() = 2
sched_reserve: reserving ...
sched_reserve: max_nodes = 2712
sched_reserve: reserving full memory module
sched_reserve: worst-case: n_tokens = 512, n_seqs = 1, n_outputs = 1
graph_reserve: reserving a graph for ubatch with n_tokens =    1, n_seqs =  1, n_outputs =    1
sched_reserve: Flash Attention was auto, set to enabled
sched_reserve: resolving fused Gated Delta Net support:
graph_reserve: reserving a graph for ubatch with n_tokens =    1, n_seqs =  1, n_outputs =    1
sched_reserve: fused Gated Delta Net (autoregressive) enabled
graph_reserve: reserving a graph for ubatch with n_tokens =   16, n_seqs =  1, n_outputs =   16
sched_reserve: fused Gated Delta Net (chunked) enabled
graph_reserve: reserving a graph for ubatch with n_tokens =  512, n_seqs =  1, n_outputs =  512
graph_reserve: reserving a graph for ubatch with n_tokens =    1, n_seqs =  1, n_outputs =    1
graph_reserve: reserving a graph for ubatch with n_tokens =  512, n_seqs =  1, n_outputs =  512
sched_reserve:      CUDA0 compute buffer size =   304.00 MiB
sched_reserve:  CUDA_Host compute buffer size =    14.76 MiB
sched_reserve: graph nodes  = 958
sched_reserve: graph splits = 44 (with bs=512), 2 (with bs=1)
sched_reserve: reserve took 13.02 ms, sched copies = 1
CUDA Graph id 14169 reused
ggml_backend_cuda_graph_compute: CUDA graph warmup complete
CUDA Graph id 14169 reused
CUDA Graph id 14169 reused
CUDA Graph id 14169 reused
CUDA Graph id 14169 reused
CUDA Graph id 14169 reused
CUDA Graph id 14169 reused
CUDA Graph id 14169 reused
CUDA Graph id 14169 reused
CUDA Graph id 14169 reused
CUDA Graph id 14169 reused
CUDA Graph id 14169 reused
CUDA Graph id 14169 reused
CUDA Graph id 14169 reused
CUDA Graph id 14169 reused
CUDA Graph id 14169 reused
CUDA Graph id 14169 reused
CUDA Graph id 14169 reused
CUDA Graph id 14169 reused
CUDA Graph id 14169 reused
CUDA Graph id 14169 reused
CUDA Graph id 14169 reused
CUDA Graph id 14169 reused
CUDA Graph id 14169 reused
CUDA Graph id 14169 reused
CUDA Graph id 14169 reused
CUDA Graph id 14169 reused
CUDA Graph id 14169 reused
CUDA Graph id 14169 reused
CUDA Graph id 14169 reused
CUDA Graph id 14169 reused
CUDA Graph id 14169 reused
CUDA Graph id 14169 reused
~llama_context:      CUDA0 compute buffer size is 304.0000 MiB, matches expectation of 304.0000 MiB
~llama_context:  CUDA_Host compute buffer size is  14.7637 MiB, matches expectation of  14.7637 MiB
llama_context: constructing llama_context
llama_context: n_seq_max     = 1
llama_context: n_ctx         = 768
llama_context: n_ctx_seq     = 768
llama_context: n_batch       = 628
llama_context: n_ubatch      = 512
llama_context: causal_attn   = 1
llama_context: flash_attn    = auto
llama_context: kv_unified    = false
llama_context: freq_base     = 1000000.0
llama_context: freq_scale    = 1
llama_context: n_rs_seq      = 0
llama_context: n_outputs_max = 628
llama_context: n_ctx_seq (768) < n_ctx_train (32768) -- the full capacity of the model will not be utilized
set_abort_callback: call
llama_context:  CUDA_Host  output buffer size =     0.58 MiB
llama_kv_cache: layer   0: dev = CPU
llama_kv_cache: layer   1: dev = CPU
llama_kv_cache: layer   2: dev = CPU
llama_kv_cache: layer   3: dev = CUDA0
llama_kv_cache: layer   4: dev = CUDA0
llama_kv_cache: layer   5: dev = CUDA0
llama_kv_cache: layer   6: dev = CUDA0
llama_kv_cache: layer   7: dev = CUDA0
llama_kv_cache: layer   8: dev = CUDA0
llama_kv_cache: layer   9: dev = CUDA0
llama_kv_cache: layer  10: dev = CUDA0
llama_kv_cache: layer  11: dev = CUDA0
llama_kv_cache: layer  12: dev = CUDA0
llama_kv_cache: layer  13: dev = CUDA0
llama_kv_cache: layer  14: dev = CUDA0
llama_kv_cache: layer  15: dev = CUDA0
llama_kv_cache: layer  16: dev = CUDA0
llama_kv_cache: layer  17: dev = CUDA0
llama_kv_cache: layer  18: dev = CUDA0
llama_kv_cache: layer  19: dev = CUDA0
llama_kv_cache: layer  20: dev = CUDA0
llama_kv_cache: layer  21: dev = CUDA0
llama_kv_cache: layer  22: dev = CUDA0
llama_kv_cache: layer  23: dev = CUDA0
llama_kv_cache: layer  24: dev = CUDA0
llama_kv_cache: layer  25: dev = CUDA0
llama_kv_cache: layer  26: dev = CUDA0
llama_kv_cache: layer  27: dev = CUDA0
llama_kv_cache:        CPU KV buffer size =     4.50 MiB
llama_kv_cache:      CUDA0 KV buffer size =    37.50 MiB
llama_kv_cache: size =   42.00 MiB (   768 cells,  28 layers,  1/1 seqs), K (f16):   21.00 MiB, V (f16):   21.00 MiB
llama_kv_cache: attn_rot_k = 0, n_embd_head_k_all = 128
llama_kv_cache: attn_rot_v = 0, n_embd_head_k_all = 128
llama_context: enumerating backends
llama_context: backend_ptrs.size() = 2
sched_reserve: reserving ...
sched_reserve: max_nodes = 2712
sched_reserve: reserving full memory module
sched_reserve: worst-case: n_tokens = 512, n_seqs = 1, n_outputs = 1
graph_reserve: reserving a graph for ubatch with n_tokens =    1, n_seqs =  1, n_outputs =    1
sched_reserve: Flash Attention was auto, set to enabled
sched_reserve: resolving fused Gated Delta Net support:
graph_reserve: reserving a graph for ubatch with n_tokens =    1, n_seqs =  1, n_outputs =    1
sched_reserve: fused Gated Delta Net (autoregressive) enabled
graph_reserve: reserving a graph for ubatch with n_tokens =   16, n_seqs =  1, n_outputs =   16
sched_reserve: fused Gated Delta Net (chunked) enabled
graph_reserve: reserving a graph for ubatch with n_tokens =  512, n_seqs =  1, n_outputs =  512
graph_reserve: reserving a graph for ubatch with n_tokens =    1, n_seqs =  1, n_outputs =    1
graph_reserve: reserving a graph for ubatch with n_tokens =  512, n_seqs =  1, n_outputs =  512
sched_reserve:      CUDA0 compute buffer size =   304.00 MiB
sched_reserve:  CUDA_Host compute buffer size =    14.76 MiB
sched_reserve: graph nodes  = 958
sched_reserve: graph splits = 44 (with bs=512), 2 (with bs=1)
sched_reserve: reserve took 18.55 ms, sched copies = 1
CUDA Graph id 14319 reused
ggml_backend_cuda_graph_compute: CUDA graph warmup complete
CUDA Graph id 14319 reused
CUDA Graph id 14319 reused
CUDA Graph id 14319 reused
CUDA Graph id 14319 reused
CUDA Graph id 14319 reused
CUDA Graph id 14319 reused
CUDA Graph id 14319 reused
CUDA Graph id 14319 reused
CUDA Graph id 14319 reused
CUDA Graph id 14319 reused
CUDA Graph id 14319 reused
CUDA Graph id 14319 reused
CUDA Graph id 14319 reused
CUDA Graph id 14319 reused
CUDA Graph id 14319 reused
CUDA Graph id 14319 reused
CUDA Graph id 14319 reused
~llama_context:      CUDA0 compute buffer size is 304.0000 MiB, matches expectation of 304.0000 MiB
~llama_context:  CUDA_Host compute buffer size is  14.7637 MiB, matches expectation of  14.7637 MiB
llama_context: constructing llama_context
llama_context: n_seq_max     = 1
llama_context: n_ctx         = 768
llama_context: n_ctx_seq     = 768
llama_context: n_batch       = 628
llama_context: n_ubatch      = 512
llama_context: causal_attn   = 1
llama_context: flash_attn    = auto
llama_context: kv_unified    = false
llama_context: freq_base     = 1000000.0
llama_context: freq_scale    = 1
llama_context: n_rs_seq      = 0
llama_context: n_outputs_max = 628
llama_context: n_ctx_seq (768) < n_ctx_train (32768) -- the full capacity of the model will not be utilized
set_abort_callback: call
llama_context:  CUDA_Host  output buffer size =     0.58 MiB
llama_kv_cache: layer   0: dev = CPU
llama_kv_cache: layer   1: dev = CPU
llama_kv_cache: layer   2: dev = CPU
llama_kv_cache: layer   3: dev = CUDA0
llama_kv_cache: layer   4: dev = CUDA0
llama_kv_cache: layer   5: dev = CUDA0
llama_kv_cache: layer   6: dev = CUDA0
llama_kv_cache: layer   7: dev = CUDA0
llama_kv_cache: layer   8: dev = CUDA0
llama_kv_cache: layer   9: dev = CUDA0
llama_kv_cache: layer  10: dev = CUDA0
llama_kv_cache: layer  11: dev = CUDA0
llama_kv_cache: layer  12: dev = CUDA0
llama_kv_cache: layer  13: dev = CUDA0
llama_kv_cache: layer  14: dev = CUDA0
llama_kv_cache: layer  15: dev = CUDA0
llama_kv_cache: layer  16: dev = CUDA0
llama_kv_cache: layer  17: dev = CUDA0
llama_kv_cache: layer  18: dev = CUDA0
llama_kv_cache: layer  19: dev = CUDA0
llama_kv_cache: layer  20: dev = CUDA0
llama_kv_cache: layer  21: dev = CUDA0
llama_kv_cache: layer  22: dev = CUDA0
llama_kv_cache: layer  23: dev = CUDA0
llama_kv_cache: layer  24: dev = CUDA0
llama_kv_cache: layer  25: dev = CUDA0
llama_kv_cache: layer  26: dev = CUDA0
llama_kv_cache: layer  27: dev = CUDA0
llama_kv_cache:        CPU KV buffer size =     4.50 MiB
llama_kv_cache:      CUDA0 KV buffer size =    37.50 MiB
llama_kv_cache: size =   42.00 MiB (   768 cells,  28 layers,  1/1 seqs), K (f16):   21.00 MiB, V (f16):   21.00 MiB
llama_kv_cache: attn_rot_k = 0, n_embd_head_k_all = 128
llama_kv_cache: attn_rot_v = 0, n_embd_head_k_all = 128
llama_context: enumerating backends
llama_context: backend_ptrs.size() = 2
sched_reserve: reserving ...
sched_reserve: max_nodes = 2712
sched_reserve: reserving full memory module
sched_reserve: worst-case: n_tokens = 512, n_seqs = 1, n_outputs = 1
graph_reserve: reserving a graph for ubatch with n_tokens =    1, n_seqs =  1, n_outputs =    1
sched_reserve: Flash Attention was auto, set to enabled
sched_reserve: resolving fused Gated Delta Net support:
graph_reserve: reserving a graph for ubatch with n_tokens =    1, n_seqs =  1, n_outputs =    1
sched_reserve: fused Gated Delta Net (autoregressive) enabled
graph_reserve: reserving a graph for ubatch with n_tokens =   16, n_seqs =  1, n_outputs =   16
sched_reserve: fused Gated Delta Net (chunked) enabled
graph_reserve: reserving a graph for ubatch with n_tokens =  512, n_seqs =  1, n_outputs =  512
graph_reserve: reserving a graph for ubatch with n_tokens =    1, n_seqs =  1, n_outputs =    1
graph_reserve: reserving a graph for ubatch with n_tokens =  512, n_seqs =  1, n_outputs =  512
sched_reserve:      CUDA0 compute buffer size =   304.00 MiB
sched_reserve:  CUDA_Host compute buffer size =    14.76 MiB
sched_reserve: graph nodes  = 958
sched_reserve: graph splits = 44 (with bs=512), 2 (with bs=1)
sched_reserve: reserve took 12.99 ms, sched copies = 1
CUDA Graph id 14469 reused
ggml_backend_cuda_graph_compute: CUDA graph warmup complete
CUDA Graph id 14469 reused
CUDA Graph id 14469 reused
CUDA Graph id 14469 reused
CUDA Graph id 14469 reused
~llama_context:      CUDA0 compute buffer size is 304.0000 MiB, matches expectation of 304.0000 MiB
~llama_context:  CUDA_Host compute buffer size is  14.7637 MiB, matches expectation of  14.7637 MiB
schema 91/100 done
llama_context: constructing llama_context
llama_context: n_seq_max     = 1
llama_context: n_ctx         = 768
llama_context: n_ctx_seq     = 768
llama_context: n_batch       = 662
llama_context: n_ubatch      = 512
llama_context: causal_attn   = 1
llama_context: flash_attn    = auto
llama_context: kv_unified    = false
llama_context: freq_base     = 1000000.0
llama_context: freq_scale    = 1
llama_context: n_rs_seq      = 0
llama_context: n_outputs_max = 662
llama_context: n_ctx_seq (768) < n_ctx_train (32768) -- the full capacity of the model will not be utilized
set_abort_callback: call
llama_context:  CUDA_Host  output buffer size =     0.58 MiB
llama_kv_cache: layer   0: dev = CPU
llama_kv_cache: layer   1: dev = CPU
llama_kv_cache: layer   2: dev = CPU
llama_kv_cache: layer   3: dev = CUDA0
llama_kv_cache: layer   4: dev = CUDA0
llama_kv_cache: layer   5: dev = CUDA0
llama_kv_cache: layer   6: dev = CUDA0
llama_kv_cache: layer   7: dev = CUDA0
llama_kv_cache: layer   8: dev = CUDA0
llama_kv_cache: layer   9: dev = CUDA0
llama_kv_cache: layer  10: dev = CUDA0
llama_kv_cache: layer  11: dev = CUDA0
llama_kv_cache: layer  12: dev = CUDA0
llama_kv_cache: layer  13: dev = CUDA0
llama_kv_cache: layer  14: dev = CUDA0
llama_kv_cache: layer  15: dev = CUDA0
llama_kv_cache: layer  16: dev = CUDA0
llama_kv_cache: layer  17: dev = CUDA0
llama_kv_cache: layer  18: dev = CUDA0
llama_kv_cache: layer  19: dev = CUDA0
llama_kv_cache: layer  20: dev = CUDA0
llama_kv_cache: layer  21: dev = CUDA0
llama_kv_cache: layer  22: dev = CUDA0
llama_kv_cache: layer  23: dev = CUDA0
llama_kv_cache: layer  24: dev = CUDA0
llama_kv_cache: layer  25: dev = CUDA0
llama_kv_cache: layer  26: dev = CUDA0
llama_kv_cache: layer  27: dev = CUDA0
llama_kv_cache:        CPU KV buffer size =     4.50 MiB
llama_kv_cache:      CUDA0 KV buffer size =    37.50 MiB
llama_kv_cache: size =   42.00 MiB (   768 cells,  28 layers,  1/1 seqs), K (f16):   21.00 MiB, V (f16):   21.00 MiB
llama_kv_cache: attn_rot_k = 0, n_embd_head_k_all = 128
llama_kv_cache: attn_rot_v = 0, n_embd_head_k_all = 128
llama_context: enumerating backends
llama_context: backend_ptrs.size() = 2
sched_reserve: reserving ...
sched_reserve: max_nodes = 2712
sched_reserve: reserving full memory module
sched_reserve: worst-case: n_tokens = 512, n_seqs = 1, n_outputs = 1
graph_reserve: reserving a graph for ubatch with n_tokens =    1, n_seqs =  1, n_outputs =    1
sched_reserve: Flash Attention was auto, set to enabled
sched_reserve: resolving fused Gated Delta Net support:
graph_reserve: reserving a graph for ubatch with n_tokens =    1, n_seqs =  1, n_outputs =    1
sched_reserve: fused Gated Delta Net (autoregressive) enabled
graph_reserve: reserving a graph for ubatch with n_tokens =   16, n_seqs =  1, n_outputs =   16
sched_reserve: fused Gated Delta Net (chunked) enabled
graph_reserve: reserving a graph for ubatch with n_tokens =  512, n_seqs =  1, n_outputs =  512
graph_reserve: reserving a graph for ubatch with n_tokens =    1, n_seqs =  1, n_outputs =    1
graph_reserve: reserving a graph for ubatch with n_tokens =  512, n_seqs =  1, n_outputs =  512
sched_reserve:      CUDA0 compute buffer size =   304.00 MiB
sched_reserve:  CUDA_Host compute buffer size =    14.76 MiB
sched_reserve: graph nodes  = 958
sched_reserve: graph splits = 44 (with bs=512), 2 (with bs=1)
sched_reserve: reserve took 15.03 ms, sched copies = 1
CUDA Graph id 14619 reused
ggml_backend_cuda_graph_compute: CUDA graph warmup complete
CUDA Graph id 14619 reused
CUDA Graph id 14619 reused
CUDA Graph id 14619 reused
CUDA Graph id 14619 reused
CUDA Graph id 14619 reused
CUDA Graph id 14619 reused
CUDA Graph id 14619 reused
CUDA Graph id 14619 reused
CUDA Graph id 14619 reused
CUDA Graph id 14619 reused
CUDA Graph id 14619 reused
CUDA Graph id 14619 reused
CUDA Graph id 14619 reused
CUDA Graph id 14619 reused
CUDA Graph id 14619 reused
CUDA Graph id 14619 reused
CUDA Graph id 14619 reused
CUDA Graph id 14619 reused
CUDA Graph id 14619 reused
CUDA Graph id 14619 reused
CUDA Graph id 14619 reused
~llama_context:      CUDA0 compute buffer size is 304.0000 MiB, matches expectation of 304.0000 MiB
~llama_context:  CUDA_Host compute buffer size is  14.7637 MiB, matches expectation of  14.7637 MiB
llama_context: constructing llama_context
llama_context: n_seq_max     = 1
llama_context: n_ctx         = 768
llama_context: n_ctx_seq     = 768
llama_context: n_batch       = 662
llama_context: n_ubatch      = 512
llama_context: causal_attn   = 1
llama_context: flash_attn    = auto
llama_context: kv_unified    = false
llama_context: freq_base     = 1000000.0
llama_context: freq_scale    = 1
llama_context: n_rs_seq      = 0
llama_context: n_outputs_max = 662
llama_context: n_ctx_seq (768) < n_ctx_train (32768) -- the full capacity of the model will not be utilized
set_abort_callback: call
llama_context:  CUDA_Host  output buffer size =     0.58 MiB
llama_kv_cache: layer   0: dev = CPU
llama_kv_cache: layer   1: dev = CPU
llama_kv_cache: layer   2: dev = CPU
llama_kv_cache: layer   3: dev = CUDA0
llama_kv_cache: layer   4: dev = CUDA0
llama_kv_cache: layer   5: dev = CUDA0
llama_kv_cache: layer   6: dev = CUDA0
llama_kv_cache: layer   7: dev = CUDA0
llama_kv_cache: layer   8: dev = CUDA0
llama_kv_cache: layer   9: dev = CUDA0
llama_kv_cache: layer  10: dev = CUDA0
llama_kv_cache: layer  11: dev = CUDA0
llama_kv_cache: layer  12: dev = CUDA0
llama_kv_cache: layer  13: dev = CUDA0
llama_kv_cache: layer  14: dev = CUDA0
llama_kv_cache: layer  15: dev = CUDA0
llama_kv_cache: layer  16: dev = CUDA0
llama_kv_cache: layer  17: dev = CUDA0
llama_kv_cache: layer  18: dev = CUDA0
llama_kv_cache: layer  19: dev = CUDA0
llama_kv_cache: layer  20: dev = CUDA0
llama_kv_cache: layer  21: dev = CUDA0
llama_kv_cache: layer  22: dev = CUDA0
llama_kv_cache: layer  23: dev = CUDA0
llama_kv_cache: layer  24: dev = CUDA0
llama_kv_cache: layer  25: dev = CUDA0
llama_kv_cache: layer  26: dev = CUDA0
llama_kv_cache: layer  27: dev = CUDA0
llama_kv_cache:        CPU KV buffer size =     4.50 MiB
llama_kv_cache:      CUDA0 KV buffer size =    37.50 MiB
llama_kv_cache: size =   42.00 MiB (   768 cells,  28 layers,  1/1 seqs), K (f16):   21.00 MiB, V (f16):   21.00 MiB
llama_kv_cache: attn_rot_k = 0, n_embd_head_k_all = 128
llama_kv_cache: attn_rot_v = 0, n_embd_head_k_all = 128
llama_context: enumerating backends
llama_context: backend_ptrs.size() = 2
sched_reserve: reserving ...
sched_reserve: max_nodes = 2712
sched_reserve: reserving full memory module
sched_reserve: worst-case: n_tokens = 512, n_seqs = 1, n_outputs = 1
graph_reserve: reserving a graph for ubatch with n_tokens =    1, n_seqs =  1, n_outputs =    1
sched_reserve: Flash Attention was auto, set to enabled
sched_reserve: resolving fused Gated Delta Net support:
graph_reserve: reserving a graph for ubatch with n_tokens =    1, n_seqs =  1, n_outputs =    1
sched_reserve: fused Gated Delta Net (autoregressive) enabled
graph_reserve: reserving a graph for ubatch with n_tokens =   16, n_seqs =  1, n_outputs =   16
sched_reserve: fused Gated Delta Net (chunked) enabled
graph_reserve: reserving a graph for ubatch with n_tokens =  512, n_seqs =  1, n_outputs =  512
graph_reserve: reserving a graph for ubatch with n_tokens =    1, n_seqs =  1, n_outputs =    1
graph_reserve: reserving a graph for ubatch with n_tokens =  512, n_seqs =  1, n_outputs =  512
sched_reserve:      CUDA0 compute buffer size =   304.00 MiB
sched_reserve:  CUDA_Host compute buffer size =    14.76 MiB
sched_reserve: graph nodes  = 958
sched_reserve: graph splits = 44 (with bs=512), 2 (with bs=1)
sched_reserve: reserve took 10.55 ms, sched copies = 1
CUDA Graph id 14769 reused
ggml_backend_cuda_graph_compute: CUDA graph warmup complete
CUDA Graph id 14769 reused
CUDA Graph id 14769 reused
CUDA Graph id 14769 reused
CUDA Graph id 14769 reused
CUDA Graph id 14769 reused
CUDA Graph id 14769 reused
CUDA Graph id 14769 reused
CUDA Graph id 14769 reused
CUDA Graph id 14769 reused
CUDA Graph id 14769 reused
CUDA Graph id 14769 reused
CUDA Graph id 14769 reused
CUDA Graph id 14769 reused
CUDA Graph id 14769 reused
CUDA Graph id 14769 reused
CUDA Graph id 14769 reused
CUDA Graph id 14769 reused
CUDA Graph id 14769 reused
CUDA Graph id 14769 reused
CUDA Graph id 14769 reused
CUDA Graph id 14769 reused
~llama_context:      CUDA0 compute buffer size is 304.0000 MiB, matches expectation of 304.0000 MiB
~llama_context:  CUDA_Host compute buffer size is  14.7637 MiB, matches expectation of  14.7637 MiB
llama_context: constructing llama_context
llama_context: n_seq_max     = 1
llama_context: n_ctx         = 768
llama_context: n_ctx_seq     = 768
llama_context: n_batch       = 662
llama_context: n_ubatch      = 512
llama_context: causal_attn   = 1
llama_context: flash_attn    = auto
llama_context: kv_unified    = false
llama_context: freq_base     = 1000000.0
llama_context: freq_scale    = 1
llama_context: n_rs_seq      = 0
llama_context: n_outputs_max = 662
llama_context: n_ctx_seq (768) < n_ctx_train (32768) -- the full capacity of the model will not be utilized
set_abort_callback: call
llama_context:  CUDA_Host  output buffer size =     0.58 MiB
llama_kv_cache: layer   0: dev = CPU
llama_kv_cache: layer   1: dev = CPU
llama_kv_cache: layer   2: dev = CPU
llama_kv_cache: layer   3: dev = CUDA0
llama_kv_cache: layer   4: dev = CUDA0
llama_kv_cache: layer   5: dev = CUDA0
llama_kv_cache: layer   6: dev = CUDA0
llama_kv_cache: layer   7: dev = CUDA0
llama_kv_cache: layer   8: dev = CUDA0
llama_kv_cache: layer   9: dev = CUDA0
llama_kv_cache: layer  10: dev = CUDA0
llama_kv_cache: layer  11: dev = CUDA0
llama_kv_cache: layer  12: dev = CUDA0
llama_kv_cache: layer  13: dev = CUDA0
llama_kv_cache: layer  14: dev = CUDA0
llama_kv_cache: layer  15: dev = CUDA0
llama_kv_cache: layer  16: dev = CUDA0
llama_kv_cache: layer  17: dev = CUDA0
llama_kv_cache: layer  18: dev = CUDA0
llama_kv_cache: layer  19: dev = CUDA0
llama_kv_cache: layer  20: dev = CUDA0
llama_kv_cache: layer  21: dev = CUDA0
llama_kv_cache: layer  22: dev = CUDA0
llama_kv_cache: layer  23: dev = CUDA0
llama_kv_cache: layer  24: dev = CUDA0
llama_kv_cache: layer  25: dev = CUDA0
llama_kv_cache: layer  26: dev = CUDA0
llama_kv_cache: layer  27: dev = CUDA0
llama_kv_cache:        CPU KV buffer size =     4.50 MiB
llama_kv_cache:      CUDA0 KV buffer size =    37.50 MiB
llama_kv_cache: size =   42.00 MiB (   768 cells,  28 layers,  1/1 seqs), K (f16):   21.00 MiB, V (f16):   21.00 MiB
llama_kv_cache: attn_rot_k = 0, n_embd_head_k_all = 128
llama_kv_cache: attn_rot_v = 0, n_embd_head_k_all = 128
llama_context: enumerating backends
llama_context: backend_ptrs.size() = 2
sched_reserve: reserving ...
sched_reserve: max_nodes = 2712
sched_reserve: reserving full memory module
sched_reserve: worst-case: n_tokens = 512, n_seqs = 1, n_outputs = 1
graph_reserve: reserving a graph for ubatch with n_tokens =    1, n_seqs =  1, n_outputs =    1
sched_reserve: Flash Attention was auto, set to enabled
sched_reserve: resolving fused Gated Delta Net support:
graph_reserve: reserving a graph for ubatch with n_tokens =    1, n_seqs =  1, n_outputs =    1
sched_reserve: fused Gated Delta Net (autoregressive) enabled
graph_reserve: reserving a graph for ubatch with n_tokens =   16, n_seqs =  1, n_outputs =   16
sched_reserve: fused Gated Delta Net (chunked) enabled
graph_reserve: reserving a graph for ubatch with n_tokens =  512, n_seqs =  1, n_outputs =  512
graph_reserve: reserving a graph for ubatch with n_tokens =    1, n_seqs =  1, n_outputs =    1
graph_reserve: reserving a graph for ubatch with n_tokens =  512, n_seqs =  1, n_outputs =  512
sched_reserve:      CUDA0 compute buffer size =   304.00 MiB
sched_reserve:  CUDA_Host compute buffer size =    14.76 MiB
sched_reserve: graph nodes  = 958
sched_reserve: graph splits = 44 (with bs=512), 2 (with bs=1)
sched_reserve: reserve took 13.05 ms, sched copies = 1
CUDA Graph id 14919 reused
ggml_backend_cuda_graph_compute: CUDA graph warmup complete
CUDA Graph id 14919 reused
CUDA Graph id 14919 reused
CUDA Graph id 14919 reused
CUDA Graph id 14919 reused
CUDA Graph id 14919 reused
CUDA Graph id 14919 reused
CUDA Graph id 14919 reused
CUDA Graph id 14919 reused
CUDA Graph id 14919 reused
CUDA Graph id 14919 reused
CUDA Graph id 14919 reused
~llama_context:      CUDA0 compute buffer size is 304.0000 MiB, matches expectation of 304.0000 MiB
~llama_context:  CUDA_Host compute buffer size is  14.7637 MiB, matches expectation of  14.7637 MiB
llama_context: constructing llama_context
llama_context: n_seq_max     = 1
llama_context: n_ctx         = 768
llama_context: n_ctx_seq     = 768
llama_context: n_batch       = 662
llama_context: n_ubatch      = 512
llama_context: causal_attn   = 1
llama_context: flash_attn    = auto
llama_context: kv_unified    = false
llama_context: freq_base     = 1000000.0
llama_context: freq_scale    = 1
llama_context: n_rs_seq      = 0
llama_context: n_outputs_max = 662
llama_context: n_ctx_seq (768) < n_ctx_train (32768) -- the full capacity of the model will not be utilized
set_abort_callback: call
llama_context:  CUDA_Host  output buffer size =     0.58 MiB
llama_kv_cache: layer   0: dev = CPU
llama_kv_cache: layer   1: dev = CPU
llama_kv_cache: layer   2: dev = CPU
llama_kv_cache: layer   3: dev = CUDA0
llama_kv_cache: layer   4: dev = CUDA0
llama_kv_cache: layer   5: dev = CUDA0
llama_kv_cache: layer   6: dev = CUDA0
llama_kv_cache: layer   7: dev = CUDA0
llama_kv_cache: layer   8: dev = CUDA0
llama_kv_cache: layer   9: dev = CUDA0
llama_kv_cache: layer  10: dev = CUDA0
llama_kv_cache: layer  11: dev = CUDA0
llama_kv_cache: layer  12: dev = CUDA0
llama_kv_cache: layer  13: dev = CUDA0
llama_kv_cache: layer  14: dev = CUDA0
llama_kv_cache: layer  15: dev = CUDA0
llama_kv_cache: layer  16: dev = CUDA0
llama_kv_cache: layer  17: dev = CUDA0
llama_kv_cache: layer  18: dev = CUDA0
llama_kv_cache: layer  19: dev = CUDA0
llama_kv_cache: layer  20: dev = CUDA0
llama_kv_cache: layer  21: dev = CUDA0
llama_kv_cache: layer  22: dev = CUDA0
llama_kv_cache: layer  23: dev = CUDA0
llama_kv_cache: layer  24: dev = CUDA0
llama_kv_cache: layer  25: dev = CUDA0
llama_kv_cache: layer  26: dev = CUDA0
llama_kv_cache: layer  27: dev = CUDA0
llama_kv_cache:        CPU KV buffer size =     4.50 MiB
llama_kv_cache:      CUDA0 KV buffer size =    37.50 MiB
llama_kv_cache: size =   42.00 MiB (   768 cells,  28 layers,  1/1 seqs), K (f16):   21.00 MiB, V (f16):   21.00 MiB
llama_kv_cache: attn_rot_k = 0, n_embd_head_k_all = 128
llama_kv_cache: attn_rot_v = 0, n_embd_head_k_all = 128
llama_context: enumerating backends
llama_context: backend_ptrs.size() = 2
sched_reserve: reserving ...
sched_reserve: max_nodes = 2712
sched_reserve: reserving full memory module
sched_reserve: worst-case: n_tokens = 512, n_seqs = 1, n_outputs = 1
graph_reserve: reserving a graph for ubatch with n_tokens =    1, n_seqs =  1, n_outputs =    1
sched_reserve: Flash Attention was auto, set to enabled
sched_reserve: resolving fused Gated Delta Net support:
graph_reserve: reserving a graph for ubatch with n_tokens =    1, n_seqs =  1, n_outputs =    1
sched_reserve: fused Gated Delta Net (autoregressive) enabled
graph_reserve: reserving a graph for ubatch with n_tokens =   16, n_seqs =  1, n_outputs =   16
sched_reserve: fused Gated Delta Net (chunked) enabled
graph_reserve: reserving a graph for ubatch with n_tokens =  512, n_seqs =  1, n_outputs =  512
graph_reserve: reserving a graph for ubatch with n_tokens =    1, n_seqs =  1, n_outputs =    1
graph_reserve: reserving a graph for ubatch with n_tokens =  512, n_seqs =  1, n_outputs =  512
sched_reserve:      CUDA0 compute buffer size =   304.00 MiB
sched_reserve:  CUDA_Host compute buffer size =    14.76 MiB
sched_reserve: graph nodes  = 958
sched_reserve: graph splits = 44 (with bs=512), 2 (with bs=1)
sched_reserve: reserve took 16.66 ms, sched copies = 1
CUDA Graph id 15069 reused
ggml_backend_cuda_graph_compute: CUDA graph warmup complete
CUDA Graph id 15069 reused
CUDA Graph id 15069 reused
CUDA Graph id 15069 reused
CUDA Graph id 15069 reused
CUDA Graph id 15069 reused
CUDA Graph id 15069 reused
CUDA Graph id 15069 reused
CUDA Graph id 15069 reused
CUDA Graph id 15069 reused
CUDA Graph id 15069 reused
CUDA Graph id 15069 reused
CUDA Graph id 15069 reused
CUDA Graph id 15069 reused
CUDA Graph id 15069 reused
CUDA Graph id 15069 reused
CUDA Graph id 15069 reused
CUDA Graph id 15069 reused
CUDA Graph id 15069 reused
~llama_context:      CUDA0 compute buffer size is 304.0000 MiB, matches expectation of 304.0000 MiB
~llama_context:  CUDA_Host compute buffer size is  14.7637 MiB, matches expectation of  14.7637 MiB
llama_context: constructing llama_context
llama_context: n_seq_max     = 1
llama_context: n_ctx         = 768
llama_context: n_ctx_seq     = 768
llama_context: n_batch       = 662
llama_context: n_ubatch      = 512
llama_context: causal_attn   = 1
llama_context: flash_attn    = auto
llama_context: kv_unified    = false
llama_context: freq_base     = 1000000.0
llama_context: freq_scale    = 1
llama_context: n_rs_seq      = 0
llama_context: n_outputs_max = 662
llama_context: n_ctx_seq (768) < n_ctx_train (32768) -- the full capacity of the model will not be utilized
set_abort_callback: call
llama_context:  CUDA_Host  output buffer size =     0.58 MiB
llama_kv_cache: layer   0: dev = CPU
llama_kv_cache: layer   1: dev = CPU
llama_kv_cache: layer   2: dev = CPU
llama_kv_cache: layer   3: dev = CUDA0
llama_kv_cache: layer   4: dev = CUDA0
llama_kv_cache: layer   5: dev = CUDA0
llama_kv_cache: layer   6: dev = CUDA0
llama_kv_cache: layer   7: dev = CUDA0
llama_kv_cache: layer   8: dev = CUDA0
llama_kv_cache: layer   9: dev = CUDA0
llama_kv_cache: layer  10: dev = CUDA0
llama_kv_cache: layer  11: dev = CUDA0
llama_kv_cache: layer  12: dev = CUDA0
llama_kv_cache: layer  13: dev = CUDA0
llama_kv_cache: layer  14: dev = CUDA0
llama_kv_cache: layer  15: dev = CUDA0
llama_kv_cache: layer  16: dev = CUDA0
llama_kv_cache: layer  17: dev = CUDA0
llama_kv_cache: layer  18: dev = CUDA0
llama_kv_cache: layer  19: dev = CUDA0
llama_kv_cache: layer  20: dev = CUDA0
llama_kv_cache: layer  21: dev = CUDA0
llama_kv_cache: layer  22: dev = CUDA0
llama_kv_cache: layer  23: dev = CUDA0
llama_kv_cache: layer  24: dev = CUDA0
llama_kv_cache: layer  25: dev = CUDA0
llama_kv_cache: layer  26: dev = CUDA0
llama_kv_cache: layer  27: dev = CUDA0
llama_kv_cache:        CPU KV buffer size =     4.50 MiB
llama_kv_cache:      CUDA0 KV buffer size =    37.50 MiB
llama_kv_cache: size =   42.00 MiB (   768 cells,  28 layers,  1/1 seqs), K (f16):   21.00 MiB, V (f16):   21.00 MiB
llama_kv_cache: attn_rot_k = 0, n_embd_head_k_all = 128
llama_kv_cache: attn_rot_v = 0, n_embd_head_k_all = 128
llama_context: enumerating backends
llama_context: backend_ptrs.size() = 2
sched_reserve: reserving ...
sched_reserve: max_nodes = 2712
sched_reserve: reserving full memory module
sched_reserve: worst-case: n_tokens = 512, n_seqs = 1, n_outputs = 1
graph_reserve: reserving a graph for ubatch with n_tokens =    1, n_seqs =  1, n_outputs =    1
sched_reserve: Flash Attention was auto, set to enabled
sched_reserve: resolving fused Gated Delta Net support:
graph_reserve: reserving a graph for ubatch with n_tokens =    1, n_seqs =  1, n_outputs =    1
sched_reserve: fused Gated Delta Net (autoregressive) enabled
graph_reserve: reserving a graph for ubatch with n_tokens =   16, n_seqs =  1, n_outputs =   16
sched_reserve: fused Gated Delta Net (chunked) enabled
graph_reserve: reserving a graph for ubatch with n_tokens =  512, n_seqs =  1, n_outputs =  512
graph_reserve: reserving a graph for ubatch with n_tokens =    1, n_seqs =  1, n_outputs =    1
graph_reserve: reserving a graph for ubatch with n_tokens =  512, n_seqs =  1, n_outputs =  512
sched_reserve:      CUDA0 compute buffer size =   304.00 MiB
sched_reserve:  CUDA_Host compute buffer size =    14.76 MiB
sched_reserve: graph nodes  = 958
sched_reserve: graph splits = 44 (with bs=512), 2 (with bs=1)
sched_reserve: reserve took 17.38 ms, sched copies = 1
CUDA Graph id 15219 reused
ggml_backend_cuda_graph_compute: CUDA graph warmup complete
CUDA Graph id 15219 reused
CUDA Graph id 15219 reused
CUDA Graph id 15219 reused
CUDA Graph id 15219 reused
CUDA Graph id 15219 reused
CUDA Graph id 15219 reused
CUDA Graph id 15219 reused
CUDA Graph id 15219 reused
CUDA Graph id 15219 reused
CUDA Graph id 15219 reused
CUDA Graph id 15219 reused
CUDA Graph id 15219 reused
CUDA Graph id 15219 reused
CUDA Graph id 15219 reused
~llama_context:      CUDA0 compute buffer size is 304.0000 MiB, matches expectation of 304.0000 MiB
~llama_context:  CUDA_Host compute buffer size is  14.7637 MiB, matches expectation of  14.7637 MiB
llama_context: constructing llama_context
llama_context: n_seq_max     = 1
llama_context: n_ctx         = 768
llama_context: n_ctx_seq     = 768
llama_context: n_batch       = 662
llama_context: n_ubatch      = 512
llama_context: causal_attn   = 1
llama_context: flash_attn    = auto
llama_context: kv_unified    = false
llama_context: freq_base     = 1000000.0
llama_context: freq_scale    = 1
llama_context: n_rs_seq      = 0
llama_context: n_outputs_max = 662
llama_context: n_ctx_seq (768) < n_ctx_train (32768) -- the full capacity of the model will not be utilized
set_abort_callback: call
llama_context:  CUDA_Host  output buffer size =     0.58 MiB
llama_kv_cache: layer   0: dev = CPU
llama_kv_cache: layer   1: dev = CPU
llama_kv_cache: layer   2: dev = CPU
llama_kv_cache: layer   3: dev = CUDA0
llama_kv_cache: layer   4: dev = CUDA0
llama_kv_cache: layer   5: dev = CUDA0
llama_kv_cache: layer   6: dev = CUDA0
llama_kv_cache: layer   7: dev = CUDA0
llama_kv_cache: layer   8: dev = CUDA0
llama_kv_cache: layer   9: dev = CUDA0
llama_kv_cache: layer  10: dev = CUDA0
llama_kv_cache: layer  11: dev = CUDA0
llama_kv_cache: layer  12: dev = CUDA0
llama_kv_cache: layer  13: dev = CUDA0
llama_kv_cache: layer  14: dev = CUDA0
llama_kv_cache: layer  15: dev = CUDA0
llama_kv_cache: layer  16: dev = CUDA0
llama_kv_cache: layer  17: dev = CUDA0
llama_kv_cache: layer  18: dev = CUDA0
llama_kv_cache: layer  19: dev = CUDA0
llama_kv_cache: layer  20: dev = CUDA0
llama_kv_cache: layer  21: dev = CUDA0
llama_kv_cache: layer  22: dev = CUDA0
llama_kv_cache: layer  23: dev = CUDA0
llama_kv_cache: layer  24: dev = CUDA0
llama_kv_cache: layer  25: dev = CUDA0
llama_kv_cache: layer  26: dev = CUDA0
llama_kv_cache: layer  27: dev = CUDA0
llama_kv_cache:        CPU KV buffer size =     4.50 MiB
llama_kv_cache:      CUDA0 KV buffer size =    37.50 MiB
llama_kv_cache: size =   42.00 MiB (   768 cells,  28 layers,  1/1 seqs), K (f16):   21.00 MiB, V (f16):   21.00 MiB
llama_kv_cache: attn_rot_k = 0, n_embd_head_k_all = 128
llama_kv_cache: attn_rot_v = 0, n_embd_head_k_all = 128
llama_context: enumerating backends
llama_context: backend_ptrs.size() = 2
sched_reserve: reserving ...
sched_reserve: max_nodes = 2712
sched_reserve: reserving full memory module
sched_reserve: worst-case: n_tokens = 512, n_seqs = 1, n_outputs = 1
graph_reserve: reserving a graph for ubatch with n_tokens =    1, n_seqs =  1, n_outputs =    1
sched_reserve: Flash Attention was auto, set to enabled
sched_reserve: resolving fused Gated Delta Net support:
graph_reserve: reserving a graph for ubatch with n_tokens =    1, n_seqs =  1, n_outputs =    1
sched_reserve: fused Gated Delta Net (autoregressive) enabled
graph_reserve: reserving a graph for ubatch with n_tokens =   16, n_seqs =  1, n_outputs =   16
sched_reserve: fused Gated Delta Net (chunked) enabled
graph_reserve: reserving a graph for ubatch with n_tokens =  512, n_seqs =  1, n_outputs =  512
graph_reserve: reserving a graph for ubatch with n_tokens =    1, n_seqs =  1, n_outputs =    1
graph_reserve: reserving a graph for ubatch with n_tokens =  512, n_seqs =  1, n_outputs =  512
sched_reserve:      CUDA0 compute buffer size =   304.00 MiB
sched_reserve:  CUDA_Host compute buffer size =    14.76 MiB
sched_reserve: graph nodes  = 958
sched_reserve: graph splits = 44 (with bs=512), 2 (with bs=1)
sched_reserve: reserve took 10.54 ms, sched copies = 1
CUDA Graph id 15369 reused
ggml_backend_cuda_graph_compute: CUDA graph warmup complete
CUDA Graph id 15369 reused
CUDA Graph id 15369 reused
CUDA Graph id 15369 reused
CUDA Graph id 15369 reused
CUDA Graph id 15369 reused
CUDA Graph id 15369 reused
CUDA Graph id 15369 reused
CUDA Graph id 15369 reused
CUDA Graph id 15369 reused
CUDA Graph id 15369 reused
CUDA Graph id 15369 reused
CUDA Graph id 15369 reused
CUDA Graph id 15369 reused
CUDA Graph id 15369 reused
CUDA Graph id 15369 reused
CUDA Graph id 15369 reused
CUDA Graph id 15369 reused
CUDA Graph id 15369 reused
CUDA Graph id 15369 reused
CUDA Graph id 15369 reused
CUDA Graph id 15369 reused
CUDA Graph id 15369 reused
CUDA Graph id 15369 reused
CUDA Graph id 15369 reused
CUDA Graph id 15369 reused
CUDA Graph id 15369 reused
CUDA Graph id 15369 reused
CUDA Graph id 15369 reused
CUDA Graph id 15369 reused
CUDA Graph id 15369 reused
CUDA Graph id 15369 reused
CUDA Graph id 15369 reused
CUDA Graph id 15369 reused
CUDA Graph id 15369 reused
CUDA Graph id 15369 reused
CUDA Graph id 15369 reused
CUDA Graph id 15369 reused
CUDA Graph id 15369 reused
CUDA Graph id 15369 reused
CUDA Graph id 15369 reused
CUDA Graph id 15369 reused
CUDA Graph id 15369 reused
CUDA Graph id 15369 reused
CUDA Graph id 15369 reused
CUDA Graph id 15369 reused
CUDA Graph id 15369 reused
CUDA Graph id 15369 reused
CUDA Graph id 15369 reused
CUDA Graph id 15369 reused
CUDA Graph id 15369 reused
CUDA Graph id 15369 reused
CUDA Graph id 15369 reused
CUDA Graph id 15369 reused
CUDA Graph id 15369 reused
CUDA Graph id 15369 reused
CUDA Graph id 15369 reused
CUDA Graph id 15369 reused
CUDA Graph id 15369 reused
CUDA Graph id 15369 reused
CUDA Graph id 15369 reused
CUDA Graph id 15369 reused
CUDA Graph id 15369 reused
CUDA Graph id 15369 reused
CUDA Graph id 15369 reused
CUDA Graph id 15369 reused
CUDA Graph id 15369 reused
CUDA Graph id 15369 reused
~llama_context:      CUDA0 compute buffer size is 304.0000 MiB, matches expectation of 304.0000 MiB
~llama_context:  CUDA_Host compute buffer size is  14.7637 MiB, matches expectation of  14.7637 MiB
schema 92/100 done
llama_context: constructing llama_context
llama_context: n_seq_max     = 1
llama_context: n_ctx         = 768
llama_context: n_ctx_seq     = 768
llama_context: n_batch       = 636
llama_context: n_ubatch      = 512
llama_context: causal_attn   = 1
llama_context: flash_attn    = auto
llama_context: kv_unified    = false
llama_context: freq_base     = 1000000.0
llama_context: freq_scale    = 1
llama_context: n_rs_seq      = 0
llama_context: n_outputs_max = 636
llama_context: n_ctx_seq (768) < n_ctx_train (32768) -- the full capacity of the model will not be utilized
set_abort_callback: call
llama_context:  CUDA_Host  output buffer size =     0.58 MiB
llama_kv_cache: layer   0: dev = CPU
llama_kv_cache: layer   1: dev = CPU
llama_kv_cache: layer   2: dev = CPU
llama_kv_cache: layer   3: dev = CUDA0
llama_kv_cache: layer   4: dev = CUDA0
llama_kv_cache: layer   5: dev = CUDA0
llama_kv_cache: layer   6: dev = CUDA0
llama_kv_cache: layer   7: dev = CUDA0
llama_kv_cache: layer   8: dev = CUDA0
llama_kv_cache: layer   9: dev = CUDA0
llama_kv_cache: layer  10: dev = CUDA0
llama_kv_cache: layer  11: dev = CUDA0
llama_kv_cache: layer  12: dev = CUDA0
llama_kv_cache: layer  13: dev = CUDA0
llama_kv_cache: layer  14: dev = CUDA0
llama_kv_cache: layer  15: dev = CUDA0
llama_kv_cache: layer  16: dev = CUDA0
llama_kv_cache: layer  17: dev = CUDA0
llama_kv_cache: layer  18: dev = CUDA0
llama_kv_cache: layer  19: dev = CUDA0
llama_kv_cache: layer  20: dev = CUDA0
llama_kv_cache: layer  21: dev = CUDA0
llama_kv_cache: layer  22: dev = CUDA0
llama_kv_cache: layer  23: dev = CUDA0
llama_kv_cache: layer  24: dev = CUDA0
llama_kv_cache: layer  25: dev = CUDA0
llama_kv_cache: layer  26: dev = CUDA0
llama_kv_cache: layer  27: dev = CUDA0
llama_kv_cache:        CPU KV buffer size =     4.50 MiB
llama_kv_cache:      CUDA0 KV buffer size =    37.50 MiB
llama_kv_cache: size =   42.00 MiB (   768 cells,  28 layers,  1/1 seqs), K (f16):   21.00 MiB, V (f16):   21.00 MiB
llama_kv_cache: attn_rot_k = 0, n_embd_head_k_all = 128
llama_kv_cache: attn_rot_v = 0, n_embd_head_k_all = 128
llama_context: enumerating backends
llama_context: backend_ptrs.size() = 2
sched_reserve: reserving ...
sched_reserve: max_nodes = 2712
sched_reserve: reserving full memory module
sched_reserve: worst-case: n_tokens = 512, n_seqs = 1, n_outputs = 1
graph_reserve: reserving a graph for ubatch with n_tokens =    1, n_seqs =  1, n_outputs =    1
sched_reserve: Flash Attention was auto, set to enabled
sched_reserve: resolving fused Gated Delta Net support:
graph_reserve: reserving a graph for ubatch with n_tokens =    1, n_seqs =  1, n_outputs =    1
sched_reserve: fused Gated Delta Net (autoregressive) enabled
graph_reserve: reserving a graph for ubatch with n_tokens =   16, n_seqs =  1, n_outputs =   16
sched_reserve: fused Gated Delta Net (chunked) enabled
graph_reserve: reserving a graph for ubatch with n_tokens =  512, n_seqs =  1, n_outputs =  512
graph_reserve: reserving a graph for ubatch with n_tokens =    1, n_seqs =  1, n_outputs =    1
graph_reserve: reserving a graph for ubatch with n_tokens =  512, n_seqs =  1, n_outputs =  512
sched_reserve:      CUDA0 compute buffer size =   304.00 MiB
sched_reserve:  CUDA_Host compute buffer size =    14.76 MiB
sched_reserve: graph nodes  = 958
sched_reserve: graph splits = 44 (with bs=512), 2 (with bs=1)
sched_reserve: reserve took 17.93 ms, sched copies = 1
CUDA Graph id 15519 reused
ggml_backend_cuda_graph_compute: CUDA graph warmup complete
CUDA Graph id 15519 reused
CUDA Graph id 15519 reused
CUDA Graph id 15519 reused
CUDA Graph id 15519 reused
CUDA Graph id 15519 reused
CUDA Graph id 15519 reused
CUDA Graph id 15519 reused
CUDA Graph id 15519 reused
CUDA Graph id 15519 reused
CUDA Graph id 15519 reused
CUDA Graph id 15519 reused
CUDA Graph id 15519 reused
CUDA Graph id 15519 reused
CUDA Graph id 15519 reused
~llama_context:      CUDA0 compute buffer size is 304.0000 MiB, matches expectation of 304.0000 MiB
~llama_context:  CUDA_Host compute buffer size is  14.7637 MiB, matches expectation of  14.7637 MiB
llama_context: constructing llama_context
llama_context: n_seq_max     = 1
llama_context: n_ctx         = 768
llama_context: n_ctx_seq     = 768
llama_context: n_batch       = 636
llama_context: n_ubatch      = 512
llama_context: causal_attn   = 1
llama_context: flash_attn    = auto
llama_context: kv_unified    = false
llama_context: freq_base     = 1000000.0
llama_context: freq_scale    = 1
llama_context: n_rs_seq      = 0
llama_context: n_outputs_max = 636
llama_context: n_ctx_seq (768) < n_ctx_train (32768) -- the full capacity of the model will not be utilized
set_abort_callback: call
llama_context:  CUDA_Host  output buffer size =     0.58 MiB
llama_kv_cache: layer   0: dev = CPU
llama_kv_cache: layer   1: dev = CPU
llama_kv_cache: layer   2: dev = CPU
llama_kv_cache: layer   3: dev = CUDA0
llama_kv_cache: layer   4: dev = CUDA0
llama_kv_cache: layer   5: dev = CUDA0
llama_kv_cache: layer   6: dev = CUDA0
llama_kv_cache: layer   7: dev = CUDA0
llama_kv_cache: layer   8: dev = CUDA0
llama_kv_cache: layer   9: dev = CUDA0
llama_kv_cache: layer  10: dev = CUDA0
llama_kv_cache: layer  11: dev = CUDA0
llama_kv_cache: layer  12: dev = CUDA0
llama_kv_cache: layer  13: dev = CUDA0
llama_kv_cache: layer  14: dev = CUDA0
llama_kv_cache: layer  15: dev = CUDA0
llama_kv_cache: layer  16: dev = CUDA0
llama_kv_cache: layer  17: dev = CUDA0
llama_kv_cache: layer  18: dev = CUDA0
llama_kv_cache: layer  19: dev = CUDA0
llama_kv_cache: layer  20: dev = CUDA0
llama_kv_cache: layer  21: dev = CUDA0
llama_kv_cache: layer  22: dev = CUDA0
llama_kv_cache: layer  23: dev = CUDA0
llama_kv_cache: layer  24: dev = CUDA0
llama_kv_cache: layer  25: dev = CUDA0
llama_kv_cache: layer  26: dev = CUDA0
llama_kv_cache: layer  27: dev = CUDA0
llama_kv_cache:        CPU KV buffer size =     4.50 MiB
llama_kv_cache:      CUDA0 KV buffer size =    37.50 MiB
llama_kv_cache: size =   42.00 MiB (   768 cells,  28 layers,  1/1 seqs), K (f16):   21.00 MiB, V (f16):   21.00 MiB
llama_kv_cache: attn_rot_k = 0, n_embd_head_k_all = 128
llama_kv_cache: attn_rot_v = 0, n_embd_head_k_all = 128
llama_context: enumerating backends
llama_context: backend_ptrs.size() = 2
sched_reserve: reserving ...
sched_reserve: max_nodes = 2712
sched_reserve: reserving full memory module
sched_reserve: worst-case: n_tokens = 512, n_seqs = 1, n_outputs = 1
graph_reserve: reserving a graph for ubatch with n_tokens =    1, n_seqs =  1, n_outputs =    1
sched_reserve: Flash Attention was auto, set to enabled
sched_reserve: resolving fused Gated Delta Net support:
graph_reserve: reserving a graph for ubatch with n_tokens =    1, n_seqs =  1, n_outputs =    1
sched_reserve: fused Gated Delta Net (autoregressive) enabled
graph_reserve: reserving a graph for ubatch with n_tokens =   16, n_seqs =  1, n_outputs =   16
sched_reserve: fused Gated Delta Net (chunked) enabled
graph_reserve: reserving a graph for ubatch with n_tokens =  512, n_seqs =  1, n_outputs =  512
graph_reserve: reserving a graph for ubatch with n_tokens =    1, n_seqs =  1, n_outputs =    1
graph_reserve: reserving a graph for ubatch with n_tokens =  512, n_seqs =  1, n_outputs =  512
sched_reserve:      CUDA0 compute buffer size =   304.00 MiB
sched_reserve:  CUDA_Host compute buffer size =    14.76 MiB
sched_reserve: graph nodes  = 958
sched_reserve: graph splits = 44 (with bs=512), 2 (with bs=1)
sched_reserve: reserve took 15.03 ms, sched copies = 1
CUDA Graph id 15669 reused
ggml_backend_cuda_graph_compute: CUDA graph warmup complete
CUDA Graph id 15669 reused
CUDA Graph id 15669 reused
CUDA Graph id 15669 reused
CUDA Graph id 15669 reused
CUDA Graph id 15669 reused
CUDA Graph id 15669 reused
CUDA Graph id 15669 reused
CUDA Graph id 15669 reused
CUDA Graph id 15669 reused
CUDA Graph id 15669 reused
CUDA Graph id 15669 reused
CUDA Graph id 15669 reused
CUDA Graph id 15669 reused
CUDA Graph id 15669 reused
~llama_context:      CUDA0 compute buffer size is 304.0000 MiB, matches expectation of 304.0000 MiB
~llama_context:  CUDA_Host compute buffer size is  14.7637 MiB, matches expectation of  14.7637 MiB
llama_context: constructing llama_context
llama_context: n_seq_max     = 1
llama_context: n_ctx         = 768
llama_context: n_ctx_seq     = 768
llama_context: n_batch       = 636
llama_context: n_ubatch      = 512
llama_context: causal_attn   = 1
llama_context: flash_attn    = auto
llama_context: kv_unified    = false
llama_context: freq_base     = 1000000.0
llama_context: freq_scale    = 1
llama_context: n_rs_seq      = 0
llama_context: n_outputs_max = 636
llama_context: n_ctx_seq (768) < n_ctx_train (32768) -- the full capacity of the model will not be utilized
set_abort_callback: call
llama_context:  CUDA_Host  output buffer size =     0.58 MiB
llama_kv_cache: layer   0: dev = CPU
llama_kv_cache: layer   1: dev = CPU
llama_kv_cache: layer   2: dev = CPU
llama_kv_cache: layer   3: dev = CUDA0
llama_kv_cache: layer   4: dev = CUDA0
llama_kv_cache: layer   5: dev = CUDA0
llama_kv_cache: layer   6: dev = CUDA0
llama_kv_cache: layer   7: dev = CUDA0
llama_kv_cache: layer   8: dev = CUDA0
llama_kv_cache: layer   9: dev = CUDA0
llama_kv_cache: layer  10: dev = CUDA0
llama_kv_cache: layer  11: dev = CUDA0
llama_kv_cache: layer  12: dev = CUDA0
llama_kv_cache: layer  13: dev = CUDA0
llama_kv_cache: layer  14: dev = CUDA0
llama_kv_cache: layer  15: dev = CUDA0
llama_kv_cache: layer  16: dev = CUDA0
llama_kv_cache: layer  17: dev = CUDA0
llama_kv_cache: layer  18: dev = CUDA0
llama_kv_cache: layer  19: dev = CUDA0
llama_kv_cache: layer  20: dev = CUDA0
llama_kv_cache: layer  21: dev = CUDA0
llama_kv_cache: layer  22: dev = CUDA0
llama_kv_cache: layer  23: dev = CUDA0
llama_kv_cache: layer  24: dev = CUDA0
llama_kv_cache: layer  25: dev = CUDA0
llama_kv_cache: layer  26: dev = CUDA0
llama_kv_cache: layer  27: dev = CUDA0
llama_kv_cache:        CPU KV buffer size =     4.50 MiB
llama_kv_cache:      CUDA0 KV buffer size =    37.50 MiB
llama_kv_cache: size =   42.00 MiB (   768 cells,  28 layers,  1/1 seqs), K (f16):   21.00 MiB, V (f16):   21.00 MiB
llama_kv_cache: attn_rot_k = 0, n_embd_head_k_all = 128
llama_kv_cache: attn_rot_v = 0, n_embd_head_k_all = 128
llama_context: enumerating backends
llama_context: backend_ptrs.size() = 2
sched_reserve: reserving ...
sched_reserve: max_nodes = 2712
sched_reserve: reserving full memory module
sched_reserve: worst-case: n_tokens = 512, n_seqs = 1, n_outputs = 1
graph_reserve: reserving a graph for ubatch with n_tokens =    1, n_seqs =  1, n_outputs =    1
sched_reserve: Flash Attention was auto, set to enabled
sched_reserve: resolving fused Gated Delta Net support:
graph_reserve: reserving a graph for ubatch with n_tokens =    1, n_seqs =  1, n_outputs =    1
sched_reserve: fused Gated Delta Net (autoregressive) enabled
graph_reserve: reserving a graph for ubatch with n_tokens =   16, n_seqs =  1, n_outputs =   16
sched_reserve: fused Gated Delta Net (chunked) enabled
graph_reserve: reserving a graph for ubatch with n_tokens =  512, n_seqs =  1, n_outputs =  512
graph_reserve: reserving a graph for ubatch with n_tokens =    1, n_seqs =  1, n_outputs =    1
graph_reserve: reserving a graph for ubatch with n_tokens =  512, n_seqs =  1, n_outputs =  512
sched_reserve:      CUDA0 compute buffer size =   304.00 MiB
sched_reserve:  CUDA_Host compute buffer size =    14.76 MiB
sched_reserve: graph nodes  = 958
sched_reserve: graph splits = 44 (with bs=512), 2 (with bs=1)
sched_reserve: reserve took 16.65 ms, sched copies = 1
CUDA Graph id 15819 reused
ggml_backend_cuda_graph_compute: CUDA graph warmup complete
CUDA Graph id 15819 reused
CUDA Graph id 15819 reused
CUDA Graph id 15819 reused
CUDA Graph id 15819 reused
CUDA Graph id 15819 reused
CUDA Graph id 15819 reused
CUDA Graph id 15819 reused
~llama_context:      CUDA0 compute buffer size is 304.0000 MiB, matches expectation of 304.0000 MiB
~llama_context:  CUDA_Host compute buffer size is  14.7637 MiB, matches expectation of  14.7637 MiB
llama_context: constructing llama_context
llama_context: n_seq_max     = 1
llama_context: n_ctx         = 768
llama_context: n_ctx_seq     = 768
llama_context: n_batch       = 636
llama_context: n_ubatch      = 512
llama_context: causal_attn   = 1
llama_context: flash_attn    = auto
llama_context: kv_unified    = false
llama_context: freq_base     = 1000000.0
llama_context: freq_scale    = 1
llama_context: n_rs_seq      = 0
llama_context: n_outputs_max = 636
llama_context: n_ctx_seq (768) < n_ctx_train (32768) -- the full capacity of the model will not be utilized
set_abort_callback: call
llama_context:  CUDA_Host  output buffer size =     0.58 MiB
llama_kv_cache: layer   0: dev = CPU
llama_kv_cache: layer   1: dev = CPU
llama_kv_cache: layer   2: dev = CPU
llama_kv_cache: layer   3: dev = CUDA0
llama_kv_cache: layer   4: dev = CUDA0
llama_kv_cache: layer   5: dev = CUDA0
llama_kv_cache: layer   6: dev = CUDA0
llama_kv_cache: layer   7: dev = CUDA0
llama_kv_cache: layer   8: dev = CUDA0
llama_kv_cache: layer   9: dev = CUDA0
llama_kv_cache: layer  10: dev = CUDA0
llama_kv_cache: layer  11: dev = CUDA0
llama_kv_cache: layer  12: dev = CUDA0
llama_kv_cache: layer  13: dev = CUDA0
llama_kv_cache: layer  14: dev = CUDA0
llama_kv_cache: layer  15: dev = CUDA0
llama_kv_cache: layer  16: dev = CUDA0
llama_kv_cache: layer  17: dev = CUDA0
llama_kv_cache: layer  18: dev = CUDA0
llama_kv_cache: layer  19: dev = CUDA0
llama_kv_cache: layer  20: dev = CUDA0
llama_kv_cache: layer  21: dev = CUDA0
llama_kv_cache: layer  22: dev = CUDA0
llama_kv_cache: layer  23: dev = CUDA0
llama_kv_cache: layer  24: dev = CUDA0
llama_kv_cache: layer  25: dev = CUDA0
llama_kv_cache: layer  26: dev = CUDA0
llama_kv_cache: layer  27: dev = CUDA0
llama_kv_cache:        CPU KV buffer size =     4.50 MiB
llama_kv_cache:      CUDA0 KV buffer size =    37.50 MiB
llama_kv_cache: size =   42.00 MiB (   768 cells,  28 layers,  1/1 seqs), K (f16):   21.00 MiB, V (f16):   21.00 MiB
llama_kv_cache: attn_rot_k = 0, n_embd_head_k_all = 128
llama_kv_cache: attn_rot_v = 0, n_embd_head_k_all = 128
llama_context: enumerating backends
llama_context: backend_ptrs.size() = 2
sched_reserve: reserving ...
sched_reserve: max_nodes = 2712
sched_reserve: reserving full memory module
sched_reserve: worst-case: n_tokens = 512, n_seqs = 1, n_outputs = 1
graph_reserve: reserving a graph for ubatch with n_tokens =    1, n_seqs =  1, n_outputs =    1
sched_reserve: Flash Attention was auto, set to enabled
sched_reserve: resolving fused Gated Delta Net support:
graph_reserve: reserving a graph for ubatch with n_tokens =    1, n_seqs =  1, n_outputs =    1
sched_reserve: fused Gated Delta Net (autoregressive) enabled
graph_reserve: reserving a graph for ubatch with n_tokens =   16, n_seqs =  1, n_outputs =   16
sched_reserve: fused Gated Delta Net (chunked) enabled
graph_reserve: reserving a graph for ubatch with n_tokens =  512, n_seqs =  1, n_outputs =  512
graph_reserve: reserving a graph for ubatch with n_tokens =    1, n_seqs =  1, n_outputs =    1
graph_reserve: reserving a graph for ubatch with n_tokens =  512, n_seqs =  1, n_outputs =  512
sched_reserve:      CUDA0 compute buffer size =   304.00 MiB
sched_reserve:  CUDA_Host compute buffer size =    14.76 MiB
sched_reserve: graph nodes  = 958
sched_reserve: graph splits = 44 (with bs=512), 2 (with bs=1)
sched_reserve: reserve took 13.61 ms, sched copies = 1
CUDA Graph id 15969 reused
ggml_backend_cuda_graph_compute: CUDA graph warmup complete
CUDA Graph id 15969 reused
CUDA Graph id 15969 reused
CUDA Graph id 15969 reused
CUDA Graph id 15969 reused
CUDA Graph id 15969 reused
CUDA Graph id 15969 reused
CUDA Graph id 15969 reused
CUDA Graph id 15969 reused
CUDA Graph id 15969 reused
CUDA Graph id 15969 reused
CUDA Graph id 15969 reused
CUDA Graph id 15969 reused
CUDA Graph id 15969 reused
CUDA Graph id 15969 reused
~llama_context:      CUDA0 compute buffer size is 304.0000 MiB, matches expectation of 304.0000 MiB
~llama_context:  CUDA_Host compute buffer size is  14.7637 MiB, matches expectation of  14.7637 MiB
llama_context: constructing llama_context
llama_context: n_seq_max     = 1
llama_context: n_ctx         = 768
llama_context: n_ctx_seq     = 768
llama_context: n_batch       = 636
llama_context: n_ubatch      = 512
llama_context: causal_attn   = 1
llama_context: flash_attn    = auto
llama_context: kv_unified    = false
llama_context: freq_base     = 1000000.0
llama_context: freq_scale    = 1
llama_context: n_rs_seq      = 0
llama_context: n_outputs_max = 636
llama_context: n_ctx_seq (768) < n_ctx_train (32768) -- the full capacity of the model will not be utilized
set_abort_callback: call
llama_context:  CUDA_Host  output buffer size =     0.58 MiB
llama_kv_cache: layer   0: dev = CPU
llama_kv_cache: layer   1: dev = CPU
llama_kv_cache: layer   2: dev = CPU
llama_kv_cache: layer   3: dev = CUDA0
llama_kv_cache: layer   4: dev = CUDA0
llama_kv_cache: layer   5: dev = CUDA0
llama_kv_cache: layer   6: dev = CUDA0
llama_kv_cache: layer   7: dev = CUDA0
llama_kv_cache: layer   8: dev = CUDA0
llama_kv_cache: layer   9: dev = CUDA0
llama_kv_cache: layer  10: dev = CUDA0
llama_kv_cache: layer  11: dev = CUDA0
llama_kv_cache: layer  12: dev = CUDA0
llama_kv_cache: layer  13: dev = CUDA0
llama_kv_cache: layer  14: dev = CUDA0
llama_kv_cache: layer  15: dev = CUDA0
llama_kv_cache: layer  16: dev = CUDA0
llama_kv_cache: layer  17: dev = CUDA0
llama_kv_cache: layer  18: dev = CUDA0
llama_kv_cache: layer  19: dev = CUDA0
llama_kv_cache: layer  20: dev = CUDA0
llama_kv_cache: layer  21: dev = CUDA0
llama_kv_cache: layer  22: dev = CUDA0
llama_kv_cache: layer  23: dev = CUDA0
llama_kv_cache: layer  24: dev = CUDA0
llama_kv_cache: layer  25: dev = CUDA0
llama_kv_cache: layer  26: dev = CUDA0
llama_kv_cache: layer  27: dev = CUDA0
llama_kv_cache:        CPU KV buffer size =     4.50 MiB
llama_kv_cache:      CUDA0 KV buffer size =    37.50 MiB
llama_kv_cache: size =   42.00 MiB (   768 cells,  28 layers,  1/1 seqs), K (f16):   21.00 MiB, V (f16):   21.00 MiB
llama_kv_cache: attn_rot_k = 0, n_embd_head_k_all = 128
llama_kv_cache: attn_rot_v = 0, n_embd_head_k_all = 128
llama_context: enumerating backends
llama_context: backend_ptrs.size() = 2
sched_reserve: reserving ...
sched_reserve: max_nodes = 2712
sched_reserve: reserving full memory module
sched_reserve: worst-case: n_tokens = 512, n_seqs = 1, n_outputs = 1
graph_reserve: reserving a graph for ubatch with n_tokens =    1, n_seqs =  1, n_outputs =    1
sched_reserve: Flash Attention was auto, set to enabled
sched_reserve: resolving fused Gated Delta Net support:
graph_reserve: reserving a graph for ubatch with n_tokens =    1, n_seqs =  1, n_outputs =    1
sched_reserve: fused Gated Delta Net (autoregressive) enabled
graph_reserve: reserving a graph for ubatch with n_tokens =   16, n_seqs =  1, n_outputs =   16
sched_reserve: fused Gated Delta Net (chunked) enabled
graph_reserve: reserving a graph for ubatch with n_tokens =  512, n_seqs =  1, n_outputs =  512
graph_reserve: reserving a graph for ubatch with n_tokens =    1, n_seqs =  1, n_outputs =    1
graph_reserve: reserving a graph for ubatch with n_tokens =  512, n_seqs =  1, n_outputs =  512
sched_reserve:      CUDA0 compute buffer size =   304.00 MiB
sched_reserve:  CUDA_Host compute buffer size =    14.76 MiB
sched_reserve: graph nodes  = 958
sched_reserve: graph splits = 44 (with bs=512), 2 (with bs=1)
sched_reserve: reserve took 13.53 ms, sched copies = 1
CUDA Graph id 16119 reused
ggml_backend_cuda_graph_compute: CUDA graph warmup complete
CUDA Graph id 16119 reused
CUDA Graph id 16119 reused
CUDA Graph id 16119 reused
CUDA Graph id 16119 reused
CUDA Graph id 16119 reused
CUDA Graph id 16119 reused
CUDA Graph id 16119 reused
~llama_context:      CUDA0 compute buffer size is 304.0000 MiB, matches expectation of 304.0000 MiB
~llama_context:  CUDA_Host compute buffer size is  14.7637 MiB, matches expectation of  14.7637 MiB
llama_context: constructing llama_context
llama_context: n_seq_max     = 1
llama_context: n_ctx         = 768
llama_context: n_ctx_seq     = 768
llama_context: n_batch       = 636
llama_context: n_ubatch      = 512
llama_context: causal_attn   = 1
llama_context: flash_attn    = auto
llama_context: kv_unified    = false
llama_context: freq_base     = 1000000.0
llama_context: freq_scale    = 1
llama_context: n_rs_seq      = 0
llama_context: n_outputs_max = 636
llama_context: n_ctx_seq (768) < n_ctx_train (32768) -- the full capacity of the model will not be utilized
set_abort_callback: call
llama_context:  CUDA_Host  output buffer size =     0.58 MiB
llama_kv_cache: layer   0: dev = CPU
llama_kv_cache: layer   1: dev = CPU
llama_kv_cache: layer   2: dev = CPU
llama_kv_cache: layer   3: dev = CUDA0
llama_kv_cache: layer   4: dev = CUDA0
llama_kv_cache: layer   5: dev = CUDA0
llama_kv_cache: layer   6: dev = CUDA0
llama_kv_cache: layer   7: dev = CUDA0
llama_kv_cache: layer   8: dev = CUDA0
llama_kv_cache: layer   9: dev = CUDA0
llama_kv_cache: layer  10: dev = CUDA0
llama_kv_cache: layer  11: dev = CUDA0
llama_kv_cache: layer  12: dev = CUDA0
llama_kv_cache: layer  13: dev = CUDA0
llama_kv_cache: layer  14: dev = CUDA0
llama_kv_cache: layer  15: dev = CUDA0
llama_kv_cache: layer  16: dev = CUDA0
llama_kv_cache: layer  17: dev = CUDA0
llama_kv_cache: layer  18: dev = CUDA0
llama_kv_cache: layer  19: dev = CUDA0
llama_kv_cache: layer  20: dev = CUDA0
llama_kv_cache: layer  21: dev = CUDA0
llama_kv_cache: layer  22: dev = CUDA0
llama_kv_cache: layer  23: dev = CUDA0
llama_kv_cache: layer  24: dev = CUDA0
llama_kv_cache: layer  25: dev = CUDA0
llama_kv_cache: layer  26: dev = CUDA0
llama_kv_cache: layer  27: dev = CUDA0
llama_kv_cache:        CPU KV buffer size =     4.50 MiB
llama_kv_cache:      CUDA0 KV buffer size =    37.50 MiB
llama_kv_cache: size =   42.00 MiB (   768 cells,  28 layers,  1/1 seqs), K (f16):   21.00 MiB, V (f16):   21.00 MiB
llama_kv_cache: attn_rot_k = 0, n_embd_head_k_all = 128
llama_kv_cache: attn_rot_v = 0, n_embd_head_k_all = 128
llama_context: enumerating backends
llama_context: backend_ptrs.size() = 2
sched_reserve: reserving ...
sched_reserve: max_nodes = 2712
sched_reserve: reserving full memory module
sched_reserve: worst-case: n_tokens = 512, n_seqs = 1, n_outputs = 1
graph_reserve: reserving a graph for ubatch with n_tokens =    1, n_seqs =  1, n_outputs =    1
sched_reserve: Flash Attention was auto, set to enabled
sched_reserve: resolving fused Gated Delta Net support:
graph_reserve: reserving a graph for ubatch with n_tokens =    1, n_seqs =  1, n_outputs =    1
sched_reserve: fused Gated Delta Net (autoregressive) enabled
graph_reserve: reserving a graph for ubatch with n_tokens =   16, n_seqs =  1, n_outputs =   16
sched_reserve: fused Gated Delta Net (chunked) enabled
graph_reserve: reserving a graph for ubatch with n_tokens =  512, n_seqs =  1, n_outputs =  512
graph_reserve: reserving a graph for ubatch with n_tokens =    1, n_seqs =  1, n_outputs =    1
graph_reserve: reserving a graph for ubatch with n_tokens =  512, n_seqs =  1, n_outputs =  512
sched_reserve:      CUDA0 compute buffer size =   304.00 MiB
sched_reserve:  CUDA_Host compute buffer size =    14.76 MiB
sched_reserve: graph nodes  = 958
sched_reserve: graph splits = 44 (with bs=512), 2 (with bs=1)
sched_reserve: reserve took 10.67 ms, sched copies = 1
CUDA Graph id 16269 reused
ggml_backend_cuda_graph_compute: CUDA graph warmup complete
CUDA Graph id 16269 reused
CUDA Graph id 16269 reused
CUDA Graph id 16269 reused
CUDA Graph id 16269 reused
CUDA Graph id 16269 reused
CUDA Graph id 16269 reused
CUDA Graph id 16269 reused
CUDA Graph id 16269 reused
CUDA Graph id 16269 reused
CUDA Graph id 16269 reused
CUDA Graph id 16269 reused
CUDA Graph id 16269 reused
CUDA Graph id 16269 reused
CUDA Graph id 16269 reused
CUDA Graph id 16269 reused
CUDA Graph id 16269 reused
CUDA Graph id 16269 reused
~llama_context:      CUDA0 compute buffer size is 304.0000 MiB, matches expectation of 304.0000 MiB
~llama_context:  CUDA_Host compute buffer size is  14.7637 MiB, matches expectation of  14.7637 MiB
schema 93/100 done
llama_context: constructing llama_context
llama_context: n_seq_max     = 1
llama_context: n_ctx         = 1024
llama_context: n_ctx_seq     = 1024
llama_context: n_batch       = 793
llama_context: n_ubatch      = 512
llama_context: causal_attn   = 1
llama_context: flash_attn    = auto
llama_context: kv_unified    = false
llama_context: freq_base     = 1000000.0
llama_context: freq_scale    = 1
llama_context: n_rs_seq      = 0
llama_context: n_outputs_max = 793
llama_context: n_ctx_seq (1024) < n_ctx_train (32768) -- the full capacity of the model will not be utilized
set_abort_callback: call
llama_context:  CUDA_Host  output buffer size =     0.58 MiB
llama_kv_cache: layer   0: dev = CPU
llama_kv_cache: layer   1: dev = CPU
llama_kv_cache: layer   2: dev = CPU
llama_kv_cache: layer   3: dev = CUDA0
llama_kv_cache: layer   4: dev = CUDA0
llama_kv_cache: layer   5: dev = CUDA0
llama_kv_cache: layer   6: dev = CUDA0
llama_kv_cache: layer   7: dev = CUDA0
llama_kv_cache: layer   8: dev = CUDA0
llama_kv_cache: layer   9: dev = CUDA0
llama_kv_cache: layer  10: dev = CUDA0
llama_kv_cache: layer  11: dev = CUDA0
llama_kv_cache: layer  12: dev = CUDA0
llama_kv_cache: layer  13: dev = CUDA0
llama_kv_cache: layer  14: dev = CUDA0
llama_kv_cache: layer  15: dev = CUDA0
llama_kv_cache: layer  16: dev = CUDA0
llama_kv_cache: layer  17: dev = CUDA0
llama_kv_cache: layer  18: dev = CUDA0
llama_kv_cache: layer  19: dev = CUDA0
llama_kv_cache: layer  20: dev = CUDA0
llama_kv_cache: layer  21: dev = CUDA0
llama_kv_cache: layer  22: dev = CUDA0
llama_kv_cache: layer  23: dev = CUDA0
llama_kv_cache: layer  24: dev = CUDA0
llama_kv_cache: layer  25: dev = CUDA0
llama_kv_cache: layer  26: dev = CUDA0
llama_kv_cache: layer  27: dev = CUDA0
llama_kv_cache:        CPU KV buffer size =     6.00 MiB
llama_kv_cache:      CUDA0 KV buffer size =    50.00 MiB
llama_kv_cache: size =   56.00 MiB (  1024 cells,  28 layers,  1/1 seqs), K (f16):   28.00 MiB, V (f16):   28.00 MiB
llama_kv_cache: attn_rot_k = 0, n_embd_head_k_all = 128
llama_kv_cache: attn_rot_v = 0, n_embd_head_k_all = 128
llama_context: enumerating backends
llama_context: backend_ptrs.size() = 2
sched_reserve: reserving ...
sched_reserve: max_nodes = 2712
sched_reserve: reserving full memory module
sched_reserve: worst-case: n_tokens = 512, n_seqs = 1, n_outputs = 1
graph_reserve: reserving a graph for ubatch with n_tokens =    1, n_seqs =  1, n_outputs =    1
sched_reserve: Flash Attention was auto, set to enabled
sched_reserve: resolving fused Gated Delta Net support:
graph_reserve: reserving a graph for ubatch with n_tokens =    1, n_seqs =  1, n_outputs =    1
sched_reserve: fused Gated Delta Net (autoregressive) enabled
graph_reserve: reserving a graph for ubatch with n_tokens =   16, n_seqs =  1, n_outputs =   16
sched_reserve: fused Gated Delta Net (chunked) enabled
graph_reserve: reserving a graph for ubatch with n_tokens =  512, n_seqs =  1, n_outputs =  512
graph_reserve: reserving a graph for ubatch with n_tokens =    1, n_seqs =  1, n_outputs =    1
graph_reserve: reserving a graph for ubatch with n_tokens =  512, n_seqs =  1, n_outputs =  512
sched_reserve:      CUDA0 compute buffer size =   304.00 MiB
sched_reserve:  CUDA_Host compute buffer size =    15.01 MiB
sched_reserve: graph nodes  = 958
sched_reserve: graph splits = 44 (with bs=512), 2 (with bs=1)
sched_reserve: reserve took 17.08 ms, sched copies = 1
CUDA Graph id 16419 reused
ggml_backend_cuda_graph_compute: CUDA graph warmup complete
CUDA Graph id 16419 reused
CUDA Graph id 16419 reused
CUDA Graph id 16419 reused
CUDA Graph id 16419 reused
CUDA Graph id 16419 reused
CUDA Graph id 16419 reused
CUDA Graph id 16419 reused
CUDA Graph id 16419 reused
CUDA Graph id 16419 reused
CUDA Graph id 16419 reused
CUDA Graph id 16419 reused
CUDA Graph id 16419 reused
CUDA Graph id 16419 reused
CUDA Graph id 16419 reused
CUDA Graph id 16419 reused
CUDA Graph id 16419 reused
CUDA Graph id 16419 reused
CUDA Graph id 16419 reused
CUDA Graph id 16419 reused
CUDA Graph id 16419 reused
CUDA Graph id 16419 reused
CUDA Graph id 16419 reused
CUDA Graph id 16419 reused
CUDA Graph id 16419 reused
CUDA Graph id 16419 reused
CUDA Graph id 16419 reused
CUDA Graph id 16419 reused
CUDA Graph id 16419 reused
CUDA Graph id 16419 reused
CUDA Graph id 16419 reused
CUDA Graph id 16419 reused
CUDA Graph id 16419 reused
CUDA Graph id 16419 reused
CUDA Graph id 16419 reused
CUDA Graph id 16419 reused
CUDA Graph id 16419 reused
CUDA Graph id 16419 reused
CUDA Graph id 16419 reused
CUDA Graph id 16419 reused
CUDA Graph id 16419 reused
CUDA Graph id 16419 reused
CUDA Graph id 16419 reused
CUDA Graph id 16419 reused
CUDA Graph id 16419 reused
CUDA Graph id 16419 reused
CUDA Graph id 16419 reused
CUDA Graph id 16419 reused
CUDA Graph id 16419 reused
CUDA Graph id 16419 reused
CUDA Graph id 16419 reused
~llama_context:      CUDA0 compute buffer size is 304.0000 MiB, matches expectation of 304.0000 MiB
~llama_context:  CUDA_Host compute buffer size is  15.0137 MiB, matches expectation of  15.0137 MiB
llama_context: constructing llama_context
llama_context: n_seq_max     = 1
llama_context: n_ctx         = 1024
llama_context: n_ctx_seq     = 1024
llama_context: n_batch       = 793
llama_context: n_ubatch      = 512
llama_context: causal_attn   = 1
llama_context: flash_attn    = auto
llama_context: kv_unified    = false
llama_context: freq_base     = 1000000.0
llama_context: freq_scale    = 1
llama_context: n_rs_seq      = 0
llama_context: n_outputs_max = 793
llama_context: n_ctx_seq (1024) < n_ctx_train (32768) -- the full capacity of the model will not be utilized
set_abort_callback: call
llama_context:  CUDA_Host  output buffer size =     0.58 MiB
llama_kv_cache: layer   0: dev = CPU
llama_kv_cache: layer   1: dev = CPU
llama_kv_cache: layer   2: dev = CPU
llama_kv_cache: layer   3: dev = CUDA0
llama_kv_cache: layer   4: dev = CUDA0
llama_kv_cache: layer   5: dev = CUDA0
llama_kv_cache: layer   6: dev = CUDA0
llama_kv_cache: layer   7: dev = CUDA0
llama_kv_cache: layer   8: dev = CUDA0
llama_kv_cache: layer   9: dev = CUDA0
llama_kv_cache: layer  10: dev = CUDA0
llama_kv_cache: layer  11: dev = CUDA0
llama_kv_cache: layer  12: dev = CUDA0
llama_kv_cache: layer  13: dev = CUDA0
llama_kv_cache: layer  14: dev = CUDA0
llama_kv_cache: layer  15: dev = CUDA0
llama_kv_cache: layer  16: dev = CUDA0
llama_kv_cache: layer  17: dev = CUDA0
llama_kv_cache: layer  18: dev = CUDA0
llama_kv_cache: layer  19: dev = CUDA0
llama_kv_cache: layer  20: dev = CUDA0
llama_kv_cache: layer  21: dev = CUDA0
llama_kv_cache: layer  22: dev = CUDA0
llama_kv_cache: layer  23: dev = CUDA0
llama_kv_cache: layer  24: dev = CUDA0
llama_kv_cache: layer  25: dev = CUDA0
llama_kv_cache: layer  26: dev = CUDA0
llama_kv_cache: layer  27: dev = CUDA0
llama_kv_cache:        CPU KV buffer size =     6.00 MiB
llama_kv_cache:      CUDA0 KV buffer size =    50.00 MiB
llama_kv_cache: size =   56.00 MiB (  1024 cells,  28 layers,  1/1 seqs), K (f16):   28.00 MiB, V (f16):   28.00 MiB
llama_kv_cache: attn_rot_k = 0, n_embd_head_k_all = 128
llama_kv_cache: attn_rot_v = 0, n_embd_head_k_all = 128
llama_context: enumerating backends
llama_context: backend_ptrs.size() = 2
sched_reserve: reserving ...
sched_reserve: max_nodes = 2712
sched_reserve: reserving full memory module
sched_reserve: worst-case: n_tokens = 512, n_seqs = 1, n_outputs = 1
graph_reserve: reserving a graph for ubatch with n_tokens =    1, n_seqs =  1, n_outputs =    1
sched_reserve: Flash Attention was auto, set to enabled
sched_reserve: resolving fused Gated Delta Net support:
graph_reserve: reserving a graph for ubatch with n_tokens =    1, n_seqs =  1, n_outputs =    1
sched_reserve: fused Gated Delta Net (autoregressive) enabled
graph_reserve: reserving a graph for ubatch with n_tokens =   16, n_seqs =  1, n_outputs =   16
sched_reserve: fused Gated Delta Net (chunked) enabled
graph_reserve: reserving a graph for ubatch with n_tokens =  512, n_seqs =  1, n_outputs =  512
graph_reserve: reserving a graph for ubatch with n_tokens =    1, n_seqs =  1, n_outputs =    1
graph_reserve: reserving a graph for ubatch with n_tokens =  512, n_seqs =  1, n_outputs =  512
sched_reserve:      CUDA0 compute buffer size =   304.00 MiB
sched_reserve:  CUDA_Host compute buffer size =    15.01 MiB
sched_reserve: graph nodes  = 958
sched_reserve: graph splits = 44 (with bs=512), 2 (with bs=1)
sched_reserve: reserve took 13.24 ms, sched copies = 1
CUDA Graph id 16569 reused
ggml_backend_cuda_graph_compute: CUDA graph warmup complete
CUDA Graph id 16569 reused
CUDA Graph id 16569 reused
CUDA Graph id 16569 reused
CUDA Graph id 16569 reused
CUDA Graph id 16569 reused
CUDA Graph id 16569 reused
CUDA Graph id 16569 reused
CUDA Graph id 16569 reused
CUDA Graph id 16569 reused
CUDA Graph id 16569 reused
CUDA Graph id 16569 reused
CUDA Graph id 16569 reused
CUDA Graph id 16569 reused
CUDA Graph id 16569 reused
CUDA Graph id 16569 reused
CUDA Graph id 16569 reused
CUDA Graph id 16569 reused
CUDA Graph id 16569 reused
CUDA Graph id 16569 reused
CUDA Graph id 16569 reused
CUDA Graph id 16569 reused
CUDA Graph id 16569 reused
CUDA Graph id 16569 reused
CUDA Graph id 16569 reused
CUDA Graph id 16569 reused
CUDA Graph id 16569 reused
CUDA Graph id 16569 reused
CUDA Graph id 16569 reused
CUDA Graph id 16569 reused
CUDA Graph id 16569 reused
CUDA Graph id 16569 reused
CUDA Graph id 16569 reused
CUDA Graph id 16569 reused
CUDA Graph id 16569 reused
CUDA Graph id 16569 reused
CUDA Graph id 16569 reused
CUDA Graph id 16569 reused
CUDA Graph id 16569 reused
CUDA Graph id 16569 reused
CUDA Graph id 16569 reused
CUDA Graph id 16569 reused
CUDA Graph id 16569 reused
CUDA Graph id 16569 reused
CUDA Graph id 16569 reused
CUDA Graph id 16569 reused
CUDA Graph id 16569 reused
CUDA Graph id 16569 reused
CUDA Graph id 16569 reused
CUDA Graph id 16569 reused
CUDA Graph id 16569 reused
~llama_context:      CUDA0 compute buffer size is 304.0000 MiB, matches expectation of 304.0000 MiB
~llama_context:  CUDA_Host compute buffer size is  15.0137 MiB, matches expectation of  15.0137 MiB
llama_context: constructing llama_context
llama_context: n_seq_max     = 1
llama_context: n_ctx         = 1024
llama_context: n_ctx_seq     = 1024
llama_context: n_batch       = 793
llama_context: n_ubatch      = 512
llama_context: causal_attn   = 1
llama_context: flash_attn    = auto
llama_context: kv_unified    = false
llama_context: freq_base     = 1000000.0
llama_context: freq_scale    = 1
llama_context: n_rs_seq      = 0
llama_context: n_outputs_max = 793
llama_context: n_ctx_seq (1024) < n_ctx_train (32768) -- the full capacity of the model will not be utilized
set_abort_callback: call
llama_context:  CUDA_Host  output buffer size =     0.58 MiB
llama_kv_cache: layer   0: dev = CPU
llama_kv_cache: layer   1: dev = CPU
llama_kv_cache: layer   2: dev = CPU
llama_kv_cache: layer   3: dev = CUDA0
llama_kv_cache: layer   4: dev = CUDA0
llama_kv_cache: layer   5: dev = CUDA0
llama_kv_cache: layer   6: dev = CUDA0
llama_kv_cache: layer   7: dev = CUDA0
llama_kv_cache: layer   8: dev = CUDA0
llama_kv_cache: layer   9: dev = CUDA0
llama_kv_cache: layer  10: dev = CUDA0
llama_kv_cache: layer  11: dev = CUDA0
llama_kv_cache: layer  12: dev = CUDA0
llama_kv_cache: layer  13: dev = CUDA0
llama_kv_cache: layer  14: dev = CUDA0
llama_kv_cache: layer  15: dev = CUDA0
llama_kv_cache: layer  16: dev = CUDA0
llama_kv_cache: layer  17: dev = CUDA0
llama_kv_cache: layer  18: dev = CUDA0
llama_kv_cache: layer  19: dev = CUDA0
llama_kv_cache: layer  20: dev = CUDA0
llama_kv_cache: layer  21: dev = CUDA0
llama_kv_cache: layer  22: dev = CUDA0
llama_kv_cache: layer  23: dev = CUDA0
llama_kv_cache: layer  24: dev = CUDA0
llama_kv_cache: layer  25: dev = CUDA0
llama_kv_cache: layer  26: dev = CUDA0
llama_kv_cache: layer  27: dev = CUDA0
llama_kv_cache:        CPU KV buffer size =     6.00 MiB
llama_kv_cache:      CUDA0 KV buffer size =    50.00 MiB
llama_kv_cache: size =   56.00 MiB (  1024 cells,  28 layers,  1/1 seqs), K (f16):   28.00 MiB, V (f16):   28.00 MiB
llama_kv_cache: attn_rot_k = 0, n_embd_head_k_all = 128
llama_kv_cache: attn_rot_v = 0, n_embd_head_k_all = 128
llama_context: enumerating backends
llama_context: backend_ptrs.size() = 2
sched_reserve: reserving ...
sched_reserve: max_nodes = 2712
sched_reserve: reserving full memory module
sched_reserve: worst-case: n_tokens = 512, n_seqs = 1, n_outputs = 1
graph_reserve: reserving a graph for ubatch with n_tokens =    1, n_seqs =  1, n_outputs =    1
sched_reserve: Flash Attention was auto, set to enabled
sched_reserve: resolving fused Gated Delta Net support:
graph_reserve: reserving a graph for ubatch with n_tokens =    1, n_seqs =  1, n_outputs =    1
sched_reserve: fused Gated Delta Net (autoregressive) enabled
graph_reserve: reserving a graph for ubatch with n_tokens =   16, n_seqs =  1, n_outputs =   16
sched_reserve: fused Gated Delta Net (chunked) enabled
graph_reserve: reserving a graph for ubatch with n_tokens =  512, n_seqs =  1, n_outputs =  512
graph_reserve: reserving a graph for ubatch with n_tokens =    1, n_seqs =  1, n_outputs =    1
graph_reserve: reserving a graph for ubatch with n_tokens =  512, n_seqs =  1, n_outputs =  512
sched_reserve:      CUDA0 compute buffer size =   304.00 MiB
sched_reserve:  CUDA_Host compute buffer size =    15.01 MiB
sched_reserve: graph nodes  = 958
sched_reserve: graph splits = 44 (with bs=512), 2 (with bs=1)
sched_reserve: reserve took 20.66 ms, sched copies = 1
CUDA Graph id 16719 reused
ggml_backend_cuda_graph_compute: CUDA graph warmup complete
CUDA Graph id 16719 reused
CUDA Graph id 16719 reused
CUDA Graph id 16719 reused
CUDA Graph id 16719 reused
CUDA Graph id 16719 reused
CUDA Graph id 16719 reused
CUDA Graph id 16719 reused
CUDA Graph id 16719 reused
CUDA Graph id 16719 reused
CUDA Graph id 16719 reused
CUDA Graph id 16719 reused
CUDA Graph id 16719 reused
CUDA Graph id 16719 reused
CUDA Graph id 16719 reused
CUDA Graph id 16719 reused
CUDA Graph id 16719 reused
CUDA Graph id 16719 reused
CUDA Graph id 16719 reused
CUDA Graph id 16719 reused
CUDA Graph id 16719 reused
CUDA Graph id 16719 reused
CUDA Graph id 16719 reused
~llama_context:      CUDA0 compute buffer size is 304.0000 MiB, matches expectation of 304.0000 MiB
~llama_context:  CUDA_Host compute buffer size is  15.0137 MiB, matches expectation of  15.0137 MiB
llama_context: constructing llama_context
llama_context: n_seq_max     = 1
llama_context: n_ctx         = 1024
llama_context: n_ctx_seq     = 1024
llama_context: n_batch       = 793
llama_context: n_ubatch      = 512
llama_context: causal_attn   = 1
llama_context: flash_attn    = auto
llama_context: kv_unified    = false
llama_context: freq_base     = 1000000.0
llama_context: freq_scale    = 1
llama_context: n_rs_seq      = 0
llama_context: n_outputs_max = 793
llama_context: n_ctx_seq (1024) < n_ctx_train (32768) -- the full capacity of the model will not be utilized
set_abort_callback: call
llama_context:  CUDA_Host  output buffer size =     0.58 MiB
llama_kv_cache: layer   0: dev = CPU
llama_kv_cache: layer   1: dev = CPU
llama_kv_cache: layer   2: dev = CPU
llama_kv_cache: layer   3: dev = CUDA0
llama_kv_cache: layer   4: dev = CUDA0
llama_kv_cache: layer   5: dev = CUDA0
llama_kv_cache: layer   6: dev = CUDA0
llama_kv_cache: layer   7: dev = CUDA0
llama_kv_cache: layer   8: dev = CUDA0
llama_kv_cache: layer   9: dev = CUDA0
llama_kv_cache: layer  10: dev = CUDA0
llama_kv_cache: layer  11: dev = CUDA0
llama_kv_cache: layer  12: dev = CUDA0
llama_kv_cache: layer  13: dev = CUDA0
llama_kv_cache: layer  14: dev = CUDA0
llama_kv_cache: layer  15: dev = CUDA0
llama_kv_cache: layer  16: dev = CUDA0
llama_kv_cache: layer  17: dev = CUDA0
llama_kv_cache: layer  18: dev = CUDA0
llama_kv_cache: layer  19: dev = CUDA0
llama_kv_cache: layer  20: dev = CUDA0
llama_kv_cache: layer  21: dev = CUDA0
llama_kv_cache: layer  22: dev = CUDA0
llama_kv_cache: layer  23: dev = CUDA0
llama_kv_cache: layer  24: dev = CUDA0
llama_kv_cache: layer  25: dev = CUDA0
llama_kv_cache: layer  26: dev = CUDA0
llama_kv_cache: layer  27: dev = CUDA0
llama_kv_cache:        CPU KV buffer size =     6.00 MiB
llama_kv_cache:      CUDA0 KV buffer size =    50.00 MiB
llama_kv_cache: size =   56.00 MiB (  1024 cells,  28 layers,  1/1 seqs), K (f16):   28.00 MiB, V (f16):   28.00 MiB
llama_kv_cache: attn_rot_k = 0, n_embd_head_k_all = 128
llama_kv_cache: attn_rot_v = 0, n_embd_head_k_all = 128
llama_context: enumerating backends
llama_context: backend_ptrs.size() = 2
sched_reserve: reserving ...
sched_reserve: max_nodes = 2712
sched_reserve: reserving full memory module
sched_reserve: worst-case: n_tokens = 512, n_seqs = 1, n_outputs = 1
graph_reserve: reserving a graph for ubatch with n_tokens =    1, n_seqs =  1, n_outputs =    1
sched_reserve: Flash Attention was auto, set to enabled
sched_reserve: resolving fused Gated Delta Net support:
graph_reserve: reserving a graph for ubatch with n_tokens =    1, n_seqs =  1, n_outputs =    1
sched_reserve: fused Gated Delta Net (autoregressive) enabled
graph_reserve: reserving a graph for ubatch with n_tokens =   16, n_seqs =  1, n_outputs =   16
sched_reserve: fused Gated Delta Net (chunked) enabled
graph_reserve: reserving a graph for ubatch with n_tokens =  512, n_seqs =  1, n_outputs =  512
graph_reserve: reserving a graph for ubatch with n_tokens =    1, n_seqs =  1, n_outputs =    1
graph_reserve: reserving a graph for ubatch with n_tokens =  512, n_seqs =  1, n_outputs =  512
sched_reserve:      CUDA0 compute buffer size =   304.00 MiB
sched_reserve:  CUDA_Host compute buffer size =    15.01 MiB
sched_reserve: graph nodes  = 958
sched_reserve: graph splits = 44 (with bs=512), 2 (with bs=1)
sched_reserve: reserve took 13.25 ms, sched copies = 1
CUDA Graph id 16869 reused
ggml_backend_cuda_graph_compute: CUDA graph warmup complete
CUDA Graph id 16869 reused
CUDA Graph id 16869 reused
CUDA Graph id 16869 reused
CUDA Graph id 16869 reused
CUDA Graph id 16869 reused
CUDA Graph id 16869 reused
CUDA Graph id 16869 reused
CUDA Graph id 16869 reused
CUDA Graph id 16869 reused
CUDA Graph id 16869 reused
CUDA Graph id 16869 reused
CUDA Graph id 16869 reused
CUDA Graph id 16869 reused
CUDA Graph id 16869 reused
CUDA Graph id 16869 reused
CUDA Graph id 16869 reused
CUDA Graph id 16869 reused
CUDA Graph id 16869 reused
CUDA Graph id 16869 reused
CUDA Graph id 16869 reused
CUDA Graph id 16869 reused
CUDA Graph id 16869 reused
CUDA Graph id 16869 reused
CUDA Graph id 16869 reused
CUDA Graph id 16869 reused
CUDA Graph id 16869 reused
CUDA Graph id 16869 reused
CUDA Graph id 16869 reused
CUDA Graph id 16869 reused
CUDA Graph id 16869 reused
CUDA Graph id 16869 reused
CUDA Graph id 16869 reused
CUDA Graph id 16869 reused
CUDA Graph id 16869 reused
CUDA Graph id 16869 reused
~llama_context:      CUDA0 compute buffer size is 304.0000 MiB, matches expectation of 304.0000 MiB
~llama_context:  CUDA_Host compute buffer size is  15.0137 MiB, matches expectation of  15.0137 MiB
llama_context: constructing llama_context
llama_context: n_seq_max     = 1
llama_context: n_ctx         = 1024
llama_context: n_ctx_seq     = 1024
llama_context: n_batch       = 793
llama_context: n_ubatch      = 512
llama_context: causal_attn   = 1
llama_context: flash_attn    = auto
llama_context: kv_unified    = false
llama_context: freq_base     = 1000000.0
llama_context: freq_scale    = 1
llama_context: n_rs_seq      = 0
llama_context: n_outputs_max = 793
llama_context: n_ctx_seq (1024) < n_ctx_train (32768) -- the full capacity of the model will not be utilized
set_abort_callback: call
llama_context:  CUDA_Host  output buffer size =     0.58 MiB
llama_kv_cache: layer   0: dev = CPU
llama_kv_cache: layer   1: dev = CPU
llama_kv_cache: layer   2: dev = CPU
llama_kv_cache: layer   3: dev = CUDA0
llama_kv_cache: layer   4: dev = CUDA0
llama_kv_cache: layer   5: dev = CUDA0
llama_kv_cache: layer   6: dev = CUDA0
llama_kv_cache: layer   7: dev = CUDA0
llama_kv_cache: layer   8: dev = CUDA0
llama_kv_cache: layer   9: dev = CUDA0
llama_kv_cache: layer  10: dev = CUDA0
llama_kv_cache: layer  11: dev = CUDA0
llama_kv_cache: layer  12: dev = CUDA0
llama_kv_cache: layer  13: dev = CUDA0
llama_kv_cache: layer  14: dev = CUDA0
llama_kv_cache: layer  15: dev = CUDA0
llama_kv_cache: layer  16: dev = CUDA0
llama_kv_cache: layer  17: dev = CUDA0
llama_kv_cache: layer  18: dev = CUDA0
llama_kv_cache: layer  19: dev = CUDA0
llama_kv_cache: layer  20: dev = CUDA0
llama_kv_cache: layer  21: dev = CUDA0
llama_kv_cache: layer  22: dev = CUDA0
llama_kv_cache: layer  23: dev = CUDA0
llama_kv_cache: layer  24: dev = CUDA0
llama_kv_cache: layer  25: dev = CUDA0
llama_kv_cache: layer  26: dev = CUDA0
llama_kv_cache: layer  27: dev = CUDA0
llama_kv_cache:        CPU KV buffer size =     6.00 MiB
llama_kv_cache:      CUDA0 KV buffer size =    50.00 MiB
llama_kv_cache: size =   56.00 MiB (  1024 cells,  28 layers,  1/1 seqs), K (f16):   28.00 MiB, V (f16):   28.00 MiB
llama_kv_cache: attn_rot_k = 0, n_embd_head_k_all = 128
llama_kv_cache: attn_rot_v = 0, n_embd_head_k_all = 128
llama_context: enumerating backends
llama_context: backend_ptrs.size() = 2
sched_reserve: reserving ...
sched_reserve: max_nodes = 2712
sched_reserve: reserving full memory module
sched_reserve: worst-case: n_tokens = 512, n_seqs = 1, n_outputs = 1
graph_reserve: reserving a graph for ubatch with n_tokens =    1, n_seqs =  1, n_outputs =    1
sched_reserve: Flash Attention was auto, set to enabled
sched_reserve: resolving fused Gated Delta Net support:
graph_reserve: reserving a graph for ubatch with n_tokens =    1, n_seqs =  1, n_outputs =    1
sched_reserve: fused Gated Delta Net (autoregressive) enabled
graph_reserve: reserving a graph for ubatch with n_tokens =   16, n_seqs =  1, n_outputs =   16
sched_reserve: fused Gated Delta Net (chunked) enabled
graph_reserve: reserving a graph for ubatch with n_tokens =  512, n_seqs =  1, n_outputs =  512
graph_reserve: reserving a graph for ubatch with n_tokens =    1, n_seqs =  1, n_outputs =    1
graph_reserve: reserving a graph for ubatch with n_tokens =  512, n_seqs =  1, n_outputs =  512
sched_reserve:      CUDA0 compute buffer size =   304.00 MiB
sched_reserve:  CUDA_Host compute buffer size =    15.01 MiB
sched_reserve: graph nodes  = 958
sched_reserve: graph splits = 44 (with bs=512), 2 (with bs=1)
sched_reserve: reserve took 13.51 ms, sched copies = 1
CUDA Graph id 17019 reused
ggml_backend_cuda_graph_compute: CUDA graph warmup complete
CUDA Graph id 17019 reused
CUDA Graph id 17019 reused
CUDA Graph id 17019 reused
CUDA Graph id 17019 reused
CUDA Graph id 17019 reused
CUDA Graph id 17019 reused
CUDA Graph id 17019 reused
CUDA Graph id 17019 reused
CUDA Graph id 17019 reused
CUDA Graph id 17019 reused
CUDA Graph id 17019 reused
CUDA Graph id 17019 reused
CUDA Graph id 17019 reused
~llama_context:      CUDA0 compute buffer size is 304.0000 MiB, matches expectation of 304.0000 MiB
~llama_context:  CUDA_Host compute buffer size is  15.0137 MiB, matches expectation of  15.0137 MiB
llama_context: constructing llama_context
llama_context: n_seq_max     = 1
llama_context: n_ctx         = 1024
llama_context: n_ctx_seq     = 1024
llama_context: n_batch       = 793
llama_context: n_ubatch      = 512
llama_context: causal_attn   = 1
llama_context: flash_attn    = auto
llama_context: kv_unified    = false
llama_context: freq_base     = 1000000.0
llama_context: freq_scale    = 1
llama_context: n_rs_seq      = 0
llama_context: n_outputs_max = 793
llama_context: n_ctx_seq (1024) < n_ctx_train (32768) -- the full capacity of the model will not be utilized
set_abort_callback: call
llama_context:  CUDA_Host  output buffer size =     0.58 MiB
llama_kv_cache: layer   0: dev = CPU
llama_kv_cache: layer   1: dev = CPU
llama_kv_cache: layer   2: dev = CPU
llama_kv_cache: layer   3: dev = CUDA0
llama_kv_cache: layer   4: dev = CUDA0
llama_kv_cache: layer   5: dev = CUDA0
llama_kv_cache: layer   6: dev = CUDA0
llama_kv_cache: layer   7: dev = CUDA0
llama_kv_cache: layer   8: dev = CUDA0
llama_kv_cache: layer   9: dev = CUDA0
llama_kv_cache: layer  10: dev = CUDA0
llama_kv_cache: layer  11: dev = CUDA0
llama_kv_cache: layer  12: dev = CUDA0
llama_kv_cache: layer  13: dev = CUDA0
llama_kv_cache: layer  14: dev = CUDA0
llama_kv_cache: layer  15: dev = CUDA0
llama_kv_cache: layer  16: dev = CUDA0
llama_kv_cache: layer  17: dev = CUDA0
llama_kv_cache: layer  18: dev = CUDA0
llama_kv_cache: layer  19: dev = CUDA0
llama_kv_cache: layer  20: dev = CUDA0
llama_kv_cache: layer  21: dev = CUDA0
llama_kv_cache: layer  22: dev = CUDA0
llama_kv_cache: layer  23: dev = CUDA0
llama_kv_cache: layer  24: dev = CUDA0
llama_kv_cache: layer  25: dev = CUDA0
llama_kv_cache: layer  26: dev = CUDA0
llama_kv_cache: layer  27: dev = CUDA0
llama_kv_cache:        CPU KV buffer size =     6.00 MiB
llama_kv_cache:      CUDA0 KV buffer size =    50.00 MiB
llama_kv_cache: size =   56.00 MiB (  1024 cells,  28 layers,  1/1 seqs), K (f16):   28.00 MiB, V (f16):   28.00 MiB
llama_kv_cache: attn_rot_k = 0, n_embd_head_k_all = 128
llama_kv_cache: attn_rot_v = 0, n_embd_head_k_all = 128
llama_context: enumerating backends
llama_context: backend_ptrs.size() = 2
sched_reserve: reserving ...
sched_reserve: max_nodes = 2712
sched_reserve: reserving full memory module
sched_reserve: worst-case: n_tokens = 512, n_seqs = 1, n_outputs = 1
graph_reserve: reserving a graph for ubatch with n_tokens =    1, n_seqs =  1, n_outputs =    1
sched_reserve: Flash Attention was auto, set to enabled
sched_reserve: resolving fused Gated Delta Net support:
graph_reserve: reserving a graph for ubatch with n_tokens =    1, n_seqs =  1, n_outputs =    1
sched_reserve: fused Gated Delta Net (autoregressive) enabled
graph_reserve: reserving a graph for ubatch with n_tokens =   16, n_seqs =  1, n_outputs =   16
sched_reserve: fused Gated Delta Net (chunked) enabled
graph_reserve: reserving a graph for ubatch with n_tokens =  512, n_seqs =  1, n_outputs =  512
graph_reserve: reserving a graph for ubatch with n_tokens =    1, n_seqs =  1, n_outputs =    1
graph_reserve: reserving a graph for ubatch with n_tokens =  512, n_seqs =  1, n_outputs =  512
sched_reserve:      CUDA0 compute buffer size =   304.00 MiB
sched_reserve:  CUDA_Host compute buffer size =    15.01 MiB
sched_reserve: graph nodes  = 958
sched_reserve: graph splits = 44 (with bs=512), 2 (with bs=1)
sched_reserve: reserve took 17.46 ms, sched copies = 1
CUDA Graph id 17169 reused
ggml_backend_cuda_graph_compute: CUDA graph warmup complete
CUDA Graph id 17169 reused
CUDA Graph id 17169 reused
CUDA Graph id 17169 reused
CUDA Graph id 17169 reused
CUDA Graph id 17169 reused
CUDA Graph id 17169 reused
CUDA Graph id 17169 reused
CUDA Graph id 17169 reused
CUDA Graph id 17169 reused
CUDA Graph id 17169 reused
CUDA Graph id 17169 reused
CUDA Graph id 17169 reused
CUDA Graph id 17169 reused
CUDA Graph id 17169 reused
CUDA Graph id 17169 reused
CUDA Graph id 17169 reused
CUDA Graph id 17169 reused
CUDA Graph id 17169 reused
CUDA Graph id 17169 reused
CUDA Graph id 17169 reused
CUDA Graph id 17169 reused
CUDA Graph id 17169 reused
CUDA Graph id 17169 reused
CUDA Graph id 17169 reused
CUDA Graph id 17169 reused
CUDA Graph id 17169 reused
CUDA Graph id 17169 reused
CUDA Graph id 17169 reused
CUDA Graph id 17169 reused
CUDA Graph id 17169 reused
CUDA Graph id 17169 reused
CUDA Graph id 17169 reused
CUDA Graph id 17169 reused
CUDA Graph id 17169 reused
CUDA Graph id 17169 reused
CUDA Graph id 17169 reused
CUDA Graph id 17169 reused
CUDA Graph id 17169 reused
CUDA Graph id 17169 reused
CUDA Graph id 17169 reused
CUDA Graph id 17169 reused
CUDA Graph id 17169 reused
CUDA Graph id 17169 reused
CUDA Graph id 17169 reused
CUDA Graph id 17169 reused
CUDA Graph id 17169 reused
CUDA Graph id 17169 reused
CUDA Graph id 17169 reused
CUDA Graph id 17169 reused
CUDA Graph id 17169 reused
CUDA Graph id 17169 reused
CUDA Graph id 17169 reused
CUDA Graph id 17169 reused
CUDA Graph id 17169 reused
CUDA Graph id 17169 reused
CUDA Graph id 17169 reused
CUDA Graph id 17169 reused
CUDA Graph id 17169 reused
CUDA Graph id 17169 reused
CUDA Graph id 17169 reused
CUDA Graph id 17169 reused
CUDA Graph id 17169 reused
CUDA Graph id 17169 reused
CUDA Graph id 17169 reused
CUDA Graph id 17169 reused
~llama_context:      CUDA0 compute buffer size is 304.0000 MiB, matches expectation of 304.0000 MiB
~llama_context:  CUDA_Host compute buffer size is  15.0137 MiB, matches expectation of  15.0137 MiB
schema 94/100 done
llama_context: constructing llama_context
llama_context: n_seq_max     = 1
llama_context: n_ctx         = 768
llama_context: n_ctx_seq     = 768
llama_context: n_batch       = 704
llama_context: n_ubatch      = 512
llama_context: causal_attn   = 1
llama_context: flash_attn    = auto
llama_context: kv_unified    = false
llama_context: freq_base     = 1000000.0
llama_context: freq_scale    = 1
llama_context: n_rs_seq      = 0
llama_context: n_outputs_max = 704
llama_context: n_ctx_seq (768) < n_ctx_train (32768) -- the full capacity of the model will not be utilized
set_abort_callback: call
llama_context:  CUDA_Host  output buffer size =     0.58 MiB
llama_kv_cache: layer   0: dev = CPU
llama_kv_cache: layer   1: dev = CPU
llama_kv_cache: layer   2: dev = CPU
llama_kv_cache: layer   3: dev = CUDA0
llama_kv_cache: layer   4: dev = CUDA0
llama_kv_cache: layer   5: dev = CUDA0
llama_kv_cache: layer   6: dev = CUDA0
llama_kv_cache: layer   7: dev = CUDA0
llama_kv_cache: layer   8: dev = CUDA0
llama_kv_cache: layer   9: dev = CUDA0
llama_kv_cache: layer  10: dev = CUDA0
llama_kv_cache: layer  11: dev = CUDA0
llama_kv_cache: layer  12: dev = CUDA0
llama_kv_cache: layer  13: dev = CUDA0
llama_kv_cache: layer  14: dev = CUDA0
llama_kv_cache: layer  15: dev = CUDA0
llama_kv_cache: layer  16: dev = CUDA0
llama_kv_cache: layer  17: dev = CUDA0
llama_kv_cache: layer  18: dev = CUDA0
llama_kv_cache: layer  19: dev = CUDA0
llama_kv_cache: layer  20: dev = CUDA0
llama_kv_cache: layer  21: dev = CUDA0
llama_kv_cache: layer  22: dev = CUDA0
llama_kv_cache: layer  23: dev = CUDA0
llama_kv_cache: layer  24: dev = CUDA0
llama_kv_cache: layer  25: dev = CUDA0
llama_kv_cache: layer  26: dev = CUDA0
llama_kv_cache: layer  27: dev = CUDA0
llama_kv_cache:        CPU KV buffer size =     4.50 MiB
llama_kv_cache:      CUDA0 KV buffer size =    37.50 MiB
llama_kv_cache: size =   42.00 MiB (   768 cells,  28 layers,  1/1 seqs), K (f16):   21.00 MiB, V (f16):   21.00 MiB
llama_kv_cache: attn_rot_k = 0, n_embd_head_k_all = 128
llama_kv_cache: attn_rot_v = 0, n_embd_head_k_all = 128
llama_context: enumerating backends
llama_context: backend_ptrs.size() = 2
sched_reserve: reserving ...
sched_reserve: max_nodes = 2712
sched_reserve: reserving full memory module
sched_reserve: worst-case: n_tokens = 512, n_seqs = 1, n_outputs = 1
graph_reserve: reserving a graph for ubatch with n_tokens =    1, n_seqs =  1, n_outputs =    1
sched_reserve: Flash Attention was auto, set to enabled
sched_reserve: resolving fused Gated Delta Net support:
graph_reserve: reserving a graph for ubatch with n_tokens =    1, n_seqs =  1, n_outputs =    1
sched_reserve: fused Gated Delta Net (autoregressive) enabled
graph_reserve: reserving a graph for ubatch with n_tokens =   16, n_seqs =  1, n_outputs =   16
sched_reserve: fused Gated Delta Net (chunked) enabled
graph_reserve: reserving a graph for ubatch with n_tokens =  512, n_seqs =  1, n_outputs =  512
graph_reserve: reserving a graph for ubatch with n_tokens =    1, n_seqs =  1, n_outputs =    1
graph_reserve: reserving a graph for ubatch with n_tokens =  512, n_seqs =  1, n_outputs =  512
sched_reserve:      CUDA0 compute buffer size =   304.00 MiB
sched_reserve:  CUDA_Host compute buffer size =    14.76 MiB
sched_reserve: graph nodes  = 958
sched_reserve: graph splits = 44 (with bs=512), 2 (with bs=1)
sched_reserve: reserve took 17.14 ms, sched copies = 1
CUDA Graph id 17319 reused
ggml_backend_cuda_graph_compute: CUDA graph warmup complete
CUDA Graph id 17319 reused
CUDA Graph id 17319 reused
CUDA Graph id 17319 reused
CUDA Graph id 17319 reused
CUDA Graph id 17319 reused
CUDA Graph id 17319 reused
CUDA Graph id 17319 reused
CUDA Graph id 17319 reused
CUDA Graph id 17319 reused
CUDA Graph id 17319 reused
CUDA Graph id 17319 reused
CUDA Graph id 17319 reused
CUDA Graph id 17319 reused
CUDA Graph id 17319 reused
CUDA Graph id 17319 reused
CUDA Graph id 17319 reused
CUDA Graph id 17319 reused
CUDA Graph id 17319 reused
CUDA Graph id 17319 reused
CUDA Graph id 17319 reused
CUDA Graph id 17319 reused
CUDA Graph id 17319 reused
CUDA Graph id 17319 reused
CUDA Graph id 17319 reused
CUDA Graph id 17319 reused
CUDA Graph id 17319 reused
CUDA Graph id 17319 reused
CUDA Graph id 17319 reused
CUDA Graph id 17319 reused
CUDA Graph id 17319 reused
CUDA Graph id 17319 reused
CUDA Graph id 17319 reused
CUDA Graph id 17319 reused
CUDA Graph id 17319 reused
CUDA Graph id 17319 reused
CUDA Graph id 17319 reused
CUDA Graph id 17319 reused
CUDA Graph id 17319 reused
CUDA Graph id 17319 reused
CUDA Graph id 17319 reused
CUDA Graph id 17319 reused
CUDA Graph id 17319 reused
CUDA Graph id 17319 reused
CUDA Graph id 17319 reused
CUDA Graph id 17319 reused
CUDA Graph id 17319 reused
CUDA Graph id 17319 reused
CUDA Graph id 17319 reused
CUDA Graph id 17319 reused
CUDA Graph id 17319 reused
CUDA Graph id 17319 reused
CUDA Graph id 17319 reused
CUDA Graph id 17319 reused
CUDA Graph id 17319 reused
CUDA Graph id 17319 reused
CUDA Graph id 17319 reused
CUDA Graph id 17319 reused
CUDA Graph id 17319 reused
CUDA Graph id 17319 reused
CUDA Graph id 17319 reused
CUDA Graph id 17319 reused
CUDA Graph id 17319 reused
CUDA Graph id 17319 reused
CUDA Graph id 17319 reused
CUDA Graph id 17319 reused
CUDA Graph id 17319 reused
CUDA Graph id 17319 reused
CUDA Graph id 17319 reused
CUDA Graph id 17319 reused
CUDA Graph id 17319 reused
~llama_context:      CUDA0 compute buffer size is 304.0000 MiB, matches expectation of 304.0000 MiB
~llama_context:  CUDA_Host compute buffer size is  14.7637 MiB, matches expectation of  14.7637 MiB
llama_context: constructing llama_context
llama_context: n_seq_max     = 1
llama_context: n_ctx         = 768
llama_context: n_ctx_seq     = 768
llama_context: n_batch       = 704
llama_context: n_ubatch      = 512
llama_context: causal_attn   = 1
llama_context: flash_attn    = auto
llama_context: kv_unified    = false
llama_context: freq_base     = 1000000.0
llama_context: freq_scale    = 1
llama_context: n_rs_seq      = 0
llama_context: n_outputs_max = 704
llama_context: n_ctx_seq (768) < n_ctx_train (32768) -- the full capacity of the model will not be utilized
set_abort_callback: call
llama_context:  CUDA_Host  output buffer size =     0.58 MiB
llama_kv_cache: layer   0: dev = CPU
llama_kv_cache: layer   1: dev = CPU
llama_kv_cache: layer   2: dev = CPU
llama_kv_cache: layer   3: dev = CUDA0
llama_kv_cache: layer   4: dev = CUDA0
llama_kv_cache: layer   5: dev = CUDA0
llama_kv_cache: layer   6: dev = CUDA0
llama_kv_cache: layer   7: dev = CUDA0
llama_kv_cache: layer   8: dev = CUDA0
llama_kv_cache: layer   9: dev = CUDA0
llama_kv_cache: layer  10: dev = CUDA0
llama_kv_cache: layer  11: dev = CUDA0
llama_kv_cache: layer  12: dev = CUDA0
llama_kv_cache: layer  13: dev = CUDA0
llama_kv_cache: layer  14: dev = CUDA0
llama_kv_cache: layer  15: dev = CUDA0
llama_kv_cache: layer  16: dev = CUDA0
llama_kv_cache: layer  17: dev = CUDA0
llama_kv_cache: layer  18: dev = CUDA0
llama_kv_cache: layer  19: dev = CUDA0
llama_kv_cache: layer  20: dev = CUDA0
llama_kv_cache: layer  21: dev = CUDA0
llama_kv_cache: layer  22: dev = CUDA0
llama_kv_cache: layer  23: dev = CUDA0
llama_kv_cache: layer  24: dev = CUDA0
llama_kv_cache: layer  25: dev = CUDA0
llama_kv_cache: layer  26: dev = CUDA0
llama_kv_cache: layer  27: dev = CUDA0
llama_kv_cache:        CPU KV buffer size =     4.50 MiB
llama_kv_cache:      CUDA0 KV buffer size =    37.50 MiB
llama_kv_cache: size =   42.00 MiB (   768 cells,  28 layers,  1/1 seqs), K (f16):   21.00 MiB, V (f16):   21.00 MiB
llama_kv_cache: attn_rot_k = 0, n_embd_head_k_all = 128
llama_kv_cache: attn_rot_v = 0, n_embd_head_k_all = 128
llama_context: enumerating backends
llama_context: backend_ptrs.size() = 2
sched_reserve: reserving ...
sched_reserve: max_nodes = 2712
sched_reserve: reserving full memory module
sched_reserve: worst-case: n_tokens = 512, n_seqs = 1, n_outputs = 1
graph_reserve: reserving a graph for ubatch with n_tokens =    1, n_seqs =  1, n_outputs =    1
sched_reserve: Flash Attention was auto, set to enabled
sched_reserve: resolving fused Gated Delta Net support:
graph_reserve: reserving a graph for ubatch with n_tokens =    1, n_seqs =  1, n_outputs =    1
sched_reserve: fused Gated Delta Net (autoregressive) enabled
graph_reserve: reserving a graph for ubatch with n_tokens =   16, n_seqs =  1, n_outputs =   16
sched_reserve: fused Gated Delta Net (chunked) enabled
graph_reserve: reserving a graph for ubatch with n_tokens =  512, n_seqs =  1, n_outputs =  512
graph_reserve: reserving a graph for ubatch with n_tokens =    1, n_seqs =  1, n_outputs =    1
graph_reserve: reserving a graph for ubatch with n_tokens =  512, n_seqs =  1, n_outputs =  512
sched_reserve:      CUDA0 compute buffer size =   304.00 MiB
sched_reserve:  CUDA_Host compute buffer size =    14.76 MiB
sched_reserve: graph nodes  = 958
sched_reserve: graph splits = 44 (with bs=512), 2 (with bs=1)
sched_reserve: reserve took 13.12 ms, sched copies = 1
CUDA Graph id 17469 reused
ggml_backend_cuda_graph_compute: CUDA graph warmup complete
CUDA Graph id 17469 reused
CUDA Graph id 17469 reused
CUDA Graph id 17469 reused
CUDA Graph id 17469 reused
CUDA Graph id 17469 reused
CUDA Graph id 17469 reused
CUDA Graph id 17469 reused
CUDA Graph id 17469 reused
CUDA Graph id 17469 reused
CUDA Graph id 17469 reused
CUDA Graph id 17469 reused
CUDA Graph id 17469 reused
CUDA Graph id 17469 reused
CUDA Graph id 17469 reused
CUDA Graph id 17469 reused
CUDA Graph id 17469 reused
CUDA Graph id 17469 reused
CUDA Graph id 17469 reused
CUDA Graph id 17469 reused
CUDA Graph id 17469 reused
CUDA Graph id 17469 reused
CUDA Graph id 17469 reused
CUDA Graph id 17469 reused
CUDA Graph id 17469 reused
CUDA Graph id 17469 reused
CUDA Graph id 17469 reused
CUDA Graph id 17469 reused
CUDA Graph id 17469 reused
CUDA Graph id 17469 reused
CUDA Graph id 17469 reused
CUDA Graph id 17469 reused
CUDA Graph id 17469 reused
CUDA Graph id 17469 reused
CUDA Graph id 17469 reused
CUDA Graph id 17469 reused
CUDA Graph id 17469 reused
CUDA Graph id 17469 reused
CUDA Graph id 17469 reused
CUDA Graph id 17469 reused
CUDA Graph id 17469 reused
CUDA Graph id 17469 reused
CUDA Graph id 17469 reused
CUDA Graph id 17469 reused
CUDA Graph id 17469 reused
CUDA Graph id 17469 reused
CUDA Graph id 17469 reused
CUDA Graph id 17469 reused
CUDA Graph id 17469 reused
CUDA Graph id 17469 reused
CUDA Graph id 17469 reused
CUDA Graph id 17469 reused
CUDA Graph id 17469 reused
CUDA Graph id 17469 reused
CUDA Graph id 17469 reused
CUDA Graph id 17469 reused
CUDA Graph id 17469 reused
CUDA Graph id 17469 reused
CUDA Graph id 17469 reused
CUDA Graph id 17469 reused
CUDA Graph id 17469 reused
CUDA Graph id 17469 reused
CUDA Graph id 17469 reused
CUDA Graph id 17469 reused
CUDA Graph id 17469 reused
CUDA Graph id 17469 reused
CUDA Graph id 17469 reused
CUDA Graph id 17469 reused
CUDA Graph id 17469 reused
CUDA Graph id 17469 reused
CUDA Graph id 17469 reused
~llama_context:      CUDA0 compute buffer size is 304.0000 MiB, matches expectation of 304.0000 MiB
~llama_context:  CUDA_Host compute buffer size is  14.7637 MiB, matches expectation of  14.7637 MiB
llama_context: constructing llama_context
llama_context: n_seq_max     = 1
llama_context: n_ctx         = 768
llama_context: n_ctx_seq     = 768
llama_context: n_batch       = 704
llama_context: n_ubatch      = 512
llama_context: causal_attn   = 1
llama_context: flash_attn    = auto
llama_context: kv_unified    = false
llama_context: freq_base     = 1000000.0
llama_context: freq_scale    = 1
llama_context: n_rs_seq      = 0
llama_context: n_outputs_max = 704
llama_context: n_ctx_seq (768) < n_ctx_train (32768) -- the full capacity of the model will not be utilized
set_abort_callback: call
llama_context:  CUDA_Host  output buffer size =     0.58 MiB
llama_kv_cache: layer   0: dev = CPU
llama_kv_cache: layer   1: dev = CPU
llama_kv_cache: layer   2: dev = CPU
llama_kv_cache: layer   3: dev = CUDA0
llama_kv_cache: layer   4: dev = CUDA0
llama_kv_cache: layer   5: dev = CUDA0
llama_kv_cache: layer   6: dev = CUDA0
llama_kv_cache: layer   7: dev = CUDA0
llama_kv_cache: layer   8: dev = CUDA0
llama_kv_cache: layer   9: dev = CUDA0
llama_kv_cache: layer  10: dev = CUDA0
llama_kv_cache: layer  11: dev = CUDA0
llama_kv_cache: layer  12: dev = CUDA0
llama_kv_cache: layer  13: dev = CUDA0
llama_kv_cache: layer  14: dev = CUDA0
llama_kv_cache: layer  15: dev = CUDA0
llama_kv_cache: layer  16: dev = CUDA0
llama_kv_cache: layer  17: dev = CUDA0
llama_kv_cache: layer  18: dev = CUDA0
llama_kv_cache: layer  19: dev = CUDA0
llama_kv_cache: layer  20: dev = CUDA0
llama_kv_cache: layer  21: dev = CUDA0
llama_kv_cache: layer  22: dev = CUDA0
llama_kv_cache: layer  23: dev = CUDA0
llama_kv_cache: layer  24: dev = CUDA0
llama_kv_cache: layer  25: dev = CUDA0
llama_kv_cache: layer  26: dev = CUDA0
llama_kv_cache: layer  27: dev = CUDA0
llama_kv_cache:        CPU KV buffer size =     4.50 MiB
llama_kv_cache:      CUDA0 KV buffer size =    37.50 MiB
llama_kv_cache: size =   42.00 MiB (   768 cells,  28 layers,  1/1 seqs), K (f16):   21.00 MiB, V (f16):   21.00 MiB
llama_kv_cache: attn_rot_k = 0, n_embd_head_k_all = 128
llama_kv_cache: attn_rot_v = 0, n_embd_head_k_all = 128
llama_context: enumerating backends
llama_context: backend_ptrs.size() = 2
sched_reserve: reserving ...
sched_reserve: max_nodes = 2712
sched_reserve: reserving full memory module
sched_reserve: worst-case: n_tokens = 512, n_seqs = 1, n_outputs = 1
graph_reserve: reserving a graph for ubatch with n_tokens =    1, n_seqs =  1, n_outputs =    1
sched_reserve: Flash Attention was auto, set to enabled
sched_reserve: resolving fused Gated Delta Net support:
graph_reserve: reserving a graph for ubatch with n_tokens =    1, n_seqs =  1, n_outputs =    1
sched_reserve: fused Gated Delta Net (autoregressive) enabled
graph_reserve: reserving a graph for ubatch with n_tokens =   16, n_seqs =  1, n_outputs =   16
sched_reserve: fused Gated Delta Net (chunked) enabled
graph_reserve: reserving a graph for ubatch with n_tokens =  512, n_seqs =  1, n_outputs =  512
graph_reserve: reserving a graph for ubatch with n_tokens =    1, n_seqs =  1, n_outputs =    1
graph_reserve: reserving a graph for ubatch with n_tokens =  512, n_seqs =  1, n_outputs =  512
sched_reserve:      CUDA0 compute buffer size =   304.00 MiB
sched_reserve:  CUDA_Host compute buffer size =    14.76 MiB
sched_reserve: graph nodes  = 958
sched_reserve: graph splits = 44 (with bs=512), 2 (with bs=1)
sched_reserve: reserve took 14.96 ms, sched copies = 1
CUDA Graph id 17619 reused
ggml_backend_cuda_graph_compute: CUDA graph warmup complete
CUDA Graph id 17619 reused
CUDA Graph id 17619 reused
CUDA Graph id 17619 reused
CUDA Graph id 17619 reused
CUDA Graph id 17619 reused
CUDA Graph id 17619 reused
CUDA Graph id 17619 reused
CUDA Graph id 17619 reused
CUDA Graph id 17619 reused
CUDA Graph id 17619 reused
CUDA Graph id 17619 reused
CUDA Graph id 17619 reused
CUDA Graph id 17619 reused
CUDA Graph id 17619 reused
CUDA Graph id 17619 reused
CUDA Graph id 17619 reused
CUDA Graph id 17619 reused
CUDA Graph id 17619 reused
CUDA Graph id 17619 reused
CUDA Graph id 17619 reused
CUDA Graph id 17619 reused
CUDA Graph id 17619 reused
CUDA Graph id 17619 reused
CUDA Graph id 17619 reused
CUDA Graph id 17619 reused
CUDA Graph id 17619 reused
CUDA Graph id 17619 reused
CUDA Graph id 17619 reused
CUDA Graph id 17619 reused
CUDA Graph id 17619 reused
CUDA Graph id 17619 reused
CUDA Graph id 17619 reused
CUDA Graph id 17619 reused
CUDA Graph id 17619 reused
CUDA Graph id 17619 reused
CUDA Graph id 17619 reused
CUDA Graph id 17619 reused
CUDA Graph id 17619 reused
CUDA Graph id 17619 reused
CUDA Graph id 17619 reused
CUDA Graph id 17619 reused
CUDA Graph id 17619 reused
CUDA Graph id 17619 reused
CUDA Graph id 17619 reused
CUDA Graph id 17619 reused
CUDA Graph id 17619 reused
CUDA Graph id 17619 reused
CUDA Graph id 17619 reused
CUDA Graph id 17619 reused
CUDA Graph id 17619 reused
CUDA Graph id 17619 reused
CUDA Graph id 17619 reused
CUDA Graph id 17619 reused
CUDA Graph id 17619 reused
CUDA Graph id 17619 reused
CUDA Graph id 17619 reused
CUDA Graph id 17619 reused
CUDA Graph id 17619 reused
CUDA Graph id 17619 reused
CUDA Graph id 17619 reused
CUDA Graph id 17619 reused
CUDA Graph id 17619 reused
CUDA Graph id 17619 reused
CUDA Graph id 17619 reused
CUDA Graph id 17619 reused
CUDA Graph id 17619 reused
CUDA Graph id 17619 reused
CUDA Graph id 17619 reused
CUDA Graph id 17619 reused
CUDA Graph id 17619 reused
ggml_backend_cuda_graph_compute: CUDA graph warmup reset
CUDA Graph id 17622 reused
ggml_backend_cuda_graph_compute: CUDA graph warmup complete
~llama_context:      CUDA0 compute buffer size is 304.0000 MiB, matches expectation of 304.0000 MiB
~llama_context:  CUDA_Host compute buffer size is  14.7637 MiB, matches expectation of  14.7637 MiB
llama_context: constructing llama_context
llama_context: n_seq_max     = 1
llama_context: n_ctx         = 768
llama_context: n_ctx_seq     = 768
llama_context: n_batch       = 704
llama_context: n_ubatch      = 512
llama_context: causal_attn   = 1
llama_context: flash_attn    = auto
llama_context: kv_unified    = false
llama_context: freq_base     = 1000000.0
llama_context: freq_scale    = 1
llama_context: n_rs_seq      = 0
llama_context: n_outputs_max = 704
llama_context: n_ctx_seq (768) < n_ctx_train (32768) -- the full capacity of the model will not be utilized
set_abort_callback: call
llama_context:  CUDA_Host  output buffer size =     0.58 MiB
llama_kv_cache: layer   0: dev = CPU
llama_kv_cache: layer   1: dev = CPU
llama_kv_cache: layer   2: dev = CPU
llama_kv_cache: layer   3: dev = CUDA0
llama_kv_cache: layer   4: dev = CUDA0
llama_kv_cache: layer   5: dev = CUDA0
llama_kv_cache: layer   6: dev = CUDA0
llama_kv_cache: layer   7: dev = CUDA0
llama_kv_cache: layer   8: dev = CUDA0
llama_kv_cache: layer   9: dev = CUDA0
llama_kv_cache: layer  10: dev = CUDA0
llama_kv_cache: layer  11: dev = CUDA0
llama_kv_cache: layer  12: dev = CUDA0
llama_kv_cache: layer  13: dev = CUDA0
llama_kv_cache: layer  14: dev = CUDA0
llama_kv_cache: layer  15: dev = CUDA0
llama_kv_cache: layer  16: dev = CUDA0
llama_kv_cache: layer  17: dev = CUDA0
llama_kv_cache: layer  18: dev = CUDA0
llama_kv_cache: layer  19: dev = CUDA0
llama_kv_cache: layer  20: dev = CUDA0
llama_kv_cache: layer  21: dev = CUDA0
llama_kv_cache: layer  22: dev = CUDA0
llama_kv_cache: layer  23: dev = CUDA0
llama_kv_cache: layer  24: dev = CUDA0
llama_kv_cache: layer  25: dev = CUDA0
llama_kv_cache: layer  26: dev = CUDA0
llama_kv_cache: layer  27: dev = CUDA0
llama_kv_cache:        CPU KV buffer size =     4.50 MiB
llama_kv_cache:      CUDA0 KV buffer size =    37.50 MiB
llama_kv_cache: size =   42.00 MiB (   768 cells,  28 layers,  1/1 seqs), K (f16):   21.00 MiB, V (f16):   21.00 MiB
llama_kv_cache: attn_rot_k = 0, n_embd_head_k_all = 128
llama_kv_cache: attn_rot_v = 0, n_embd_head_k_all = 128
llama_context: enumerating backends
llama_context: backend_ptrs.size() = 2
sched_reserve: reserving ...
sched_reserve: max_nodes = 2712
sched_reserve: reserving full memory module
sched_reserve: worst-case: n_tokens = 512, n_seqs = 1, n_outputs = 1
graph_reserve: reserving a graph for ubatch with n_tokens =    1, n_seqs =  1, n_outputs =    1
sched_reserve: Flash Attention was auto, set to enabled
sched_reserve: resolving fused Gated Delta Net support:
graph_reserve: reserving a graph for ubatch with n_tokens =    1, n_seqs =  1, n_outputs =    1
sched_reserve: fused Gated Delta Net (autoregressive) enabled
graph_reserve: reserving a graph for ubatch with n_tokens =   16, n_seqs =  1, n_outputs =   16
sched_reserve: fused Gated Delta Net (chunked) enabled
graph_reserve: reserving a graph for ubatch with n_tokens =  512, n_seqs =  1, n_outputs =  512
graph_reserve: reserving a graph for ubatch with n_tokens =    1, n_seqs =  1, n_outputs =    1
graph_reserve: reserving a graph for ubatch with n_tokens =  512, n_seqs =  1, n_outputs =  512
sched_reserve:      CUDA0 compute buffer size =   304.00 MiB
sched_reserve:  CUDA_Host compute buffer size =    14.76 MiB
sched_reserve: graph nodes  = 958
sched_reserve: graph splits = 44 (with bs=512), 2 (with bs=1)
sched_reserve: reserve took 12.99 ms, sched copies = 1
CUDA Graph id 17772 reused
ggml_backend_cuda_graph_compute: CUDA graph warmup complete
CUDA Graph id 17772 reused
CUDA Graph id 17772 reused
CUDA Graph id 17772 reused
CUDA Graph id 17772 reused
CUDA Graph id 17772 reused
CUDA Graph id 17772 reused
CUDA Graph id 17772 reused
CUDA Graph id 17772 reused
CUDA Graph id 17772 reused
CUDA Graph id 17772 reused
CUDA Graph id 17772 reused
CUDA Graph id 17772 reused
CUDA Graph id 17772 reused
CUDA Graph id 17772 reused
CUDA Graph id 17772 reused
CUDA Graph id 17772 reused
CUDA Graph id 17772 reused
CUDA Graph id 17772 reused
CUDA Graph id 17772 reused
CUDA Graph id 17772 reused
CUDA Graph id 17772 reused
CUDA Graph id 17772 reused
CUDA Graph id 17772 reused
CUDA Graph id 17772 reused
CUDA Graph id 17772 reused
CUDA Graph id 17772 reused
CUDA Graph id 17772 reused
CUDA Graph id 17772 reused
CUDA Graph id 17772 reused
CUDA Graph id 17772 reused
CUDA Graph id 17772 reused
CUDA Graph id 17772 reused
CUDA Graph id 17772 reused
CUDA Graph id 17772 reused
CUDA Graph id 17772 reused
CUDA Graph id 17772 reused
CUDA Graph id 17772 reused
CUDA Graph id 17772 reused
CUDA Graph id 17772 reused
CUDA Graph id 17772 reused
CUDA Graph id 17772 reused
CUDA Graph id 17772 reused
CUDA Graph id 17772 reused
CUDA Graph id 17772 reused
CUDA Graph id 17772 reused
CUDA Graph id 17772 reused
CUDA Graph id 17772 reused
CUDA Graph id 17772 reused
CUDA Graph id 17772 reused
CUDA Graph id 17772 reused
CUDA Graph id 17772 reused
CUDA Graph id 17772 reused
CUDA Graph id 17772 reused
CUDA Graph id 17772 reused
CUDA Graph id 17772 reused
CUDA Graph id 17772 reused
CUDA Graph id 17772 reused
CUDA Graph id 17772 reused
CUDA Graph id 17772 reused
CUDA Graph id 17772 reused
CUDA Graph id 17772 reused
CUDA Graph id 17772 reused
CUDA Graph id 17772 reused
CUDA Graph id 17772 reused
CUDA Graph id 17772 reused
CUDA Graph id 17772 reused
CUDA Graph id 17772 reused
CUDA Graph id 17772 reused
CUDA Graph id 17772 reused
CUDA Graph id 17772 reused
ggml_backend_cuda_graph_compute: CUDA graph warmup reset
CUDA Graph id 17775 reused
ggml_backend_cuda_graph_compute: CUDA graph warmup complete
~llama_context:      CUDA0 compute buffer size is 304.0000 MiB, matches expectation of 304.0000 MiB
~llama_context:  CUDA_Host compute buffer size is  14.7637 MiB, matches expectation of  14.7637 MiB
llama_context: constructing llama_context
llama_context: n_seq_max     = 1
llama_context: n_ctx         = 768
llama_context: n_ctx_seq     = 768
llama_context: n_batch       = 704
llama_context: n_ubatch      = 512
llama_context: causal_attn   = 1
llama_context: flash_attn    = auto
llama_context: kv_unified    = false
llama_context: freq_base     = 1000000.0
llama_context: freq_scale    = 1
llama_context: n_rs_seq      = 0
llama_context: n_outputs_max = 704
llama_context: n_ctx_seq (768) < n_ctx_train (32768) -- the full capacity of the model will not be utilized
set_abort_callback: call
llama_context:  CUDA_Host  output buffer size =     0.58 MiB
llama_kv_cache: layer   0: dev = CPU
llama_kv_cache: layer   1: dev = CPU
llama_kv_cache: layer   2: dev = CPU
llama_kv_cache: layer   3: dev = CUDA0
llama_kv_cache: layer   4: dev = CUDA0
llama_kv_cache: layer   5: dev = CUDA0
llama_kv_cache: layer   6: dev = CUDA0
llama_kv_cache: layer   7: dev = CUDA0
llama_kv_cache: layer   8: dev = CUDA0
llama_kv_cache: layer   9: dev = CUDA0
llama_kv_cache: layer  10: dev = CUDA0
llama_kv_cache: layer  11: dev = CUDA0
llama_kv_cache: layer  12: dev = CUDA0
llama_kv_cache: layer  13: dev = CUDA0
llama_kv_cache: layer  14: dev = CUDA0
llama_kv_cache: layer  15: dev = CUDA0
llama_kv_cache: layer  16: dev = CUDA0
llama_kv_cache: layer  17: dev = CUDA0
llama_kv_cache: layer  18: dev = CUDA0
llama_kv_cache: layer  19: dev = CUDA0
llama_kv_cache: layer  20: dev = CUDA0
llama_kv_cache: layer  21: dev = CUDA0
llama_kv_cache: layer  22: dev = CUDA0
llama_kv_cache: layer  23: dev = CUDA0
llama_kv_cache: layer  24: dev = CUDA0
llama_kv_cache: layer  25: dev = CUDA0
llama_kv_cache: layer  26: dev = CUDA0
llama_kv_cache: layer  27: dev = CUDA0
llama_kv_cache:        CPU KV buffer size =     4.50 MiB
llama_kv_cache:      CUDA0 KV buffer size =    37.50 MiB
llama_kv_cache: size =   42.00 MiB (   768 cells,  28 layers,  1/1 seqs), K (f16):   21.00 MiB, V (f16):   21.00 MiB
llama_kv_cache: attn_rot_k = 0, n_embd_head_k_all = 128
llama_kv_cache: attn_rot_v = 0, n_embd_head_k_all = 128
llama_context: enumerating backends
llama_context: backend_ptrs.size() = 2
sched_reserve: reserving ...
sched_reserve: max_nodes = 2712
sched_reserve: reserving full memory module
sched_reserve: worst-case: n_tokens = 512, n_seqs = 1, n_outputs = 1
graph_reserve: reserving a graph for ubatch with n_tokens =    1, n_seqs =  1, n_outputs =    1
sched_reserve: Flash Attention was auto, set to enabled
sched_reserve: resolving fused Gated Delta Net support:
graph_reserve: reserving a graph for ubatch with n_tokens =    1, n_seqs =  1, n_outputs =    1
sched_reserve: fused Gated Delta Net (autoregressive) enabled
graph_reserve: reserving a graph for ubatch with n_tokens =   16, n_seqs =  1, n_outputs =   16
sched_reserve: fused Gated Delta Net (chunked) enabled
graph_reserve: reserving a graph for ubatch with n_tokens =  512, n_seqs =  1, n_outputs =  512
graph_reserve: reserving a graph for ubatch with n_tokens =    1, n_seqs =  1, n_outputs =    1
graph_reserve: reserving a graph for ubatch with n_tokens =  512, n_seqs =  1, n_outputs =  512
sched_reserve:      CUDA0 compute buffer size =   304.00 MiB
sched_reserve:  CUDA_Host compute buffer size =    14.76 MiB
sched_reserve: graph nodes  = 958
sched_reserve: graph splits = 44 (with bs=512), 2 (with bs=1)
sched_reserve: reserve took 17.12 ms, sched copies = 1
CUDA Graph id 17925 reused
ggml_backend_cuda_graph_compute: CUDA graph warmup complete
CUDA Graph id 17925 reused
CUDA Graph id 17925 reused
CUDA Graph id 17925 reused
CUDA Graph id 17925 reused
CUDA Graph id 17925 reused
CUDA Graph id 17925 reused
CUDA Graph id 17925 reused
CUDA Graph id 17925 reused
CUDA Graph id 17925 reused
CUDA Graph id 17925 reused
CUDA Graph id 17925 reused
CUDA Graph id 17925 reused
CUDA Graph id 17925 reused
CUDA Graph id 17925 reused
CUDA Graph id 17925 reused
CUDA Graph id 17925 reused
CUDA Graph id 17925 reused
CUDA Graph id 17925 reused
CUDA Graph id 17925 reused
CUDA Graph id 17925 reused
CUDA Graph id 17925 reused
CUDA Graph id 17925 reused
CUDA Graph id 17925 reused
CUDA Graph id 17925 reused
CUDA Graph id 17925 reused
CUDA Graph id 17925 reused
CUDA Graph id 17925 reused
CUDA Graph id 17925 reused
CUDA Graph id 17925 reused
CUDA Graph id 17925 reused
CUDA Graph id 17925 reused
CUDA Graph id 17925 reused
CUDA Graph id 17925 reused
CUDA Graph id 17925 reused
CUDA Graph id 17925 reused
CUDA Graph id 17925 reused
CUDA Graph id 17925 reused
CUDA Graph id 17925 reused
CUDA Graph id 17925 reused
CUDA Graph id 17925 reused
CUDA Graph id 17925 reused
CUDA Graph id 17925 reused
CUDA Graph id 17925 reused
CUDA Graph id 17925 reused
CUDA Graph id 17925 reused
~llama_context:      CUDA0 compute buffer size is 304.0000 MiB, matches expectation of 304.0000 MiB
~llama_context:  CUDA_Host compute buffer size is  14.7637 MiB, matches expectation of  14.7637 MiB
llama_context: constructing llama_context
llama_context: n_seq_max     = 1
llama_context: n_ctx         = 768
llama_context: n_ctx_seq     = 768
llama_context: n_batch       = 704
llama_context: n_ubatch      = 512
llama_context: causal_attn   = 1
llama_context: flash_attn    = auto
llama_context: kv_unified    = false
llama_context: freq_base     = 1000000.0
llama_context: freq_scale    = 1
llama_context: n_rs_seq      = 0
llama_context: n_outputs_max = 704
llama_context: n_ctx_seq (768) < n_ctx_train (32768) -- the full capacity of the model will not be utilized
set_abort_callback: call
llama_context:  CUDA_Host  output buffer size =     0.58 MiB
llama_kv_cache: layer   0: dev = CPU
llama_kv_cache: layer   1: dev = CPU
llama_kv_cache: layer   2: dev = CPU
llama_kv_cache: layer   3: dev = CUDA0
llama_kv_cache: layer   4: dev = CUDA0
llama_kv_cache: layer   5: dev = CUDA0
llama_kv_cache: layer   6: dev = CUDA0
llama_kv_cache: layer   7: dev = CUDA0
llama_kv_cache: layer   8: dev = CUDA0
llama_kv_cache: layer   9: dev = CUDA0
llama_kv_cache: layer  10: dev = CUDA0
llama_kv_cache: layer  11: dev = CUDA0
llama_kv_cache: layer  12: dev = CUDA0
llama_kv_cache: layer  13: dev = CUDA0
llama_kv_cache: layer  14: dev = CUDA0
llama_kv_cache: layer  15: dev = CUDA0
llama_kv_cache: layer  16: dev = CUDA0
llama_kv_cache: layer  17: dev = CUDA0
llama_kv_cache: layer  18: dev = CUDA0
llama_kv_cache: layer  19: dev = CUDA0
llama_kv_cache: layer  20: dev = CUDA0
llama_kv_cache: layer  21: dev = CUDA0
llama_kv_cache: layer  22: dev = CUDA0
llama_kv_cache: layer  23: dev = CUDA0
llama_kv_cache: layer  24: dev = CUDA0
llama_kv_cache: layer  25: dev = CUDA0
llama_kv_cache: layer  26: dev = CUDA0
llama_kv_cache: layer  27: dev = CUDA0
llama_kv_cache:        CPU KV buffer size =     4.50 MiB
llama_kv_cache:      CUDA0 KV buffer size =    37.50 MiB
llama_kv_cache: size =   42.00 MiB (   768 cells,  28 layers,  1/1 seqs), K (f16):   21.00 MiB, V (f16):   21.00 MiB
llama_kv_cache: attn_rot_k = 0, n_embd_head_k_all = 128
llama_kv_cache: attn_rot_v = 0, n_embd_head_k_all = 128
llama_context: enumerating backends
llama_context: backend_ptrs.size() = 2
sched_reserve: reserving ...
sched_reserve: max_nodes = 2712
sched_reserve: reserving full memory module
sched_reserve: worst-case: n_tokens = 512, n_seqs = 1, n_outputs = 1
graph_reserve: reserving a graph for ubatch with n_tokens =    1, n_seqs =  1, n_outputs =    1
sched_reserve: Flash Attention was auto, set to enabled
sched_reserve: resolving fused Gated Delta Net support:
graph_reserve: reserving a graph for ubatch with n_tokens =    1, n_seqs =  1, n_outputs =    1
sched_reserve: fused Gated Delta Net (autoregressive) enabled
graph_reserve: reserving a graph for ubatch with n_tokens =   16, n_seqs =  1, n_outputs =   16
sched_reserve: fused Gated Delta Net (chunked) enabled
graph_reserve: reserving a graph for ubatch with n_tokens =  512, n_seqs =  1, n_outputs =  512
graph_reserve: reserving a graph for ubatch with n_tokens =    1, n_seqs =  1, n_outputs =    1
graph_reserve: reserving a graph for ubatch with n_tokens =  512, n_seqs =  1, n_outputs =  512
sched_reserve:      CUDA0 compute buffer size =   304.00 MiB
sched_reserve:  CUDA_Host compute buffer size =    14.76 MiB
sched_reserve: graph nodes  = 958
sched_reserve: graph splits = 44 (with bs=512), 2 (with bs=1)
sched_reserve: reserve took 18.32 ms, sched copies = 1
CUDA Graph id 18075 reused
ggml_backend_cuda_graph_compute: CUDA graph warmup complete
CUDA Graph id 18075 reused
CUDA Graph id 18075 reused
CUDA Graph id 18075 reused
CUDA Graph id 18075 reused
CUDA Graph id 18075 reused
CUDA Graph id 18075 reused
CUDA Graph id 18075 reused
CUDA Graph id 18075 reused
CUDA Graph id 18075 reused
CUDA Graph id 18075 reused
CUDA Graph id 18075 reused
CUDA Graph id 18075 reused
CUDA Graph id 18075 reused
CUDA Graph id 18075 reused
CUDA Graph id 18075 reused
CUDA Graph id 18075 reused
CUDA Graph id 18075 reused
CUDA Graph id 18075 reused
CUDA Graph id 18075 reused
CUDA Graph id 18075 reused
CUDA Graph id 18075 reused
CUDA Graph id 18075 reused
CUDA Graph id 18075 reused
CUDA Graph id 18075 reused
CUDA Graph id 18075 reused
CUDA Graph id 18075 reused
CUDA Graph id 18075 reused
CUDA Graph id 18075 reused
CUDA Graph id 18075 reused
CUDA Graph id 18075 reused
CUDA Graph id 18075 reused
CUDA Graph id 18075 reused
CUDA Graph id 18075 reused
CUDA Graph id 18075 reused
CUDA Graph id 18075 reused
CUDA Graph id 18075 reused
CUDA Graph id 18075 reused
CUDA Graph id 18075 reused
CUDA Graph id 18075 reused
CUDA Graph id 18075 reused
CUDA Graph id 18075 reused
CUDA Graph id 18075 reused
CUDA Graph id 18075 reused
CUDA Graph id 18075 reused
CUDA Graph id 18075 reused
CUDA Graph id 18075 reused
CUDA Graph id 18075 reused
CUDA Graph id 18075 reused
CUDA Graph id 18075 reused
~llama_context:      CUDA0 compute buffer size is 304.0000 MiB, matches expectation of 304.0000 MiB
~llama_context:  CUDA_Host compute buffer size is  14.7637 MiB, matches expectation of  14.7637 MiB
schema 95/100 done
llama_context: constructing llama_context
llama_context: n_seq_max     = 1
llama_context: n_ctx         = 768
llama_context: n_ctx_seq     = 768
llama_context: n_batch       = 700
llama_context: n_ubatch      = 512
llama_context: causal_attn   = 1
llama_context: flash_attn    = auto
llama_context: kv_unified    = false
llama_context: freq_base     = 1000000.0
llama_context: freq_scale    = 1
llama_context: n_rs_seq      = 0
llama_context: n_outputs_max = 700
llama_context: n_ctx_seq (768) < n_ctx_train (32768) -- the full capacity of the model will not be utilized
set_abort_callback: call
llama_context:  CUDA_Host  output buffer size =     0.58 MiB
llama_kv_cache: layer   0: dev = CPU
llama_kv_cache: layer   1: dev = CPU
llama_kv_cache: layer   2: dev = CPU
llama_kv_cache: layer   3: dev = CUDA0
llama_kv_cache: layer   4: dev = CUDA0
llama_kv_cache: layer   5: dev = CUDA0
llama_kv_cache: layer   6: dev = CUDA0
llama_kv_cache: layer   7: dev = CUDA0
llama_kv_cache: layer   8: dev = CUDA0
llama_kv_cache: layer   9: dev = CUDA0
llama_kv_cache: layer  10: dev = CUDA0
llama_kv_cache: layer  11: dev = CUDA0
llama_kv_cache: layer  12: dev = CUDA0
llama_kv_cache: layer  13: dev = CUDA0
llama_kv_cache: layer  14: dev = CUDA0
llama_kv_cache: layer  15: dev = CUDA0
llama_kv_cache: layer  16: dev = CUDA0
llama_kv_cache: layer  17: dev = CUDA0
llama_kv_cache: layer  18: dev = CUDA0
llama_kv_cache: layer  19: dev = CUDA0
llama_kv_cache: layer  20: dev = CUDA0
llama_kv_cache: layer  21: dev = CUDA0
llama_kv_cache: layer  22: dev = CUDA0
llama_kv_cache: layer  23: dev = CUDA0
llama_kv_cache: layer  24: dev = CUDA0
llama_kv_cache: layer  25: dev = CUDA0
llama_kv_cache: layer  26: dev = CUDA0
llama_kv_cache: layer  27: dev = CUDA0
llama_kv_cache:        CPU KV buffer size =     4.50 MiB
llama_kv_cache:      CUDA0 KV buffer size =    37.50 MiB
llama_kv_cache: size =   42.00 MiB (   768 cells,  28 layers,  1/1 seqs), K (f16):   21.00 MiB, V (f16):   21.00 MiB
llama_kv_cache: attn_rot_k = 0, n_embd_head_k_all = 128
llama_kv_cache: attn_rot_v = 0, n_embd_head_k_all = 128
llama_context: enumerating backends
llama_context: backend_ptrs.size() = 2
sched_reserve: reserving ...
sched_reserve: max_nodes = 2712
sched_reserve: reserving full memory module
sched_reserve: worst-case: n_tokens = 512, n_seqs = 1, n_outputs = 1
graph_reserve: reserving a graph for ubatch with n_tokens =    1, n_seqs =  1, n_outputs =    1
sched_reserve: Flash Attention was auto, set to enabled
sched_reserve: resolving fused Gated Delta Net support:
graph_reserve: reserving a graph for ubatch with n_tokens =    1, n_seqs =  1, n_outputs =    1
sched_reserve: fused Gated Delta Net (autoregressive) enabled
graph_reserve: reserving a graph for ubatch with n_tokens =   16, n_seqs =  1, n_outputs =   16
sched_reserve: fused Gated Delta Net (chunked) enabled
graph_reserve: reserving a graph for ubatch with n_tokens =  512, n_seqs =  1, n_outputs =  512
graph_reserve: reserving a graph for ubatch with n_tokens =    1, n_seqs =  1, n_outputs =    1
graph_reserve: reserving a graph for ubatch with n_tokens =  512, n_seqs =  1, n_outputs =  512
sched_reserve:      CUDA0 compute buffer size =   304.00 MiB
sched_reserve:  CUDA_Host compute buffer size =    14.76 MiB
sched_reserve: graph nodes  = 958
sched_reserve: graph splits = 44 (with bs=512), 2 (with bs=1)
sched_reserve: reserve took 17.30 ms, sched copies = 1
CUDA Graph id 18225 reused
ggml_backend_cuda_graph_compute: CUDA graph warmup complete
CUDA Graph id 18225 reused
CUDA Graph id 18225 reused
CUDA Graph id 18225 reused
CUDA Graph id 18225 reused
CUDA Graph id 18225 reused
CUDA Graph id 18225 reused
CUDA Graph id 18225 reused
CUDA Graph id 18225 reused
CUDA Graph id 18225 reused
CUDA Graph id 18225 reused
CUDA Graph id 18225 reused
CUDA Graph id 18225 reused
CUDA Graph id 18225 reused
CUDA Graph id 18225 reused
CUDA Graph id 18225 reused
CUDA Graph id 18225 reused
CUDA Graph id 18225 reused
CUDA Graph id 18225 reused
CUDA Graph id 18225 reused
CUDA Graph id 18225 reused
CUDA Graph id 18225 reused
CUDA Graph id 18225 reused
CUDA Graph id 18225 reused
CUDA Graph id 18225 reused
~llama_context:      CUDA0 compute buffer size is 304.0000 MiB, matches expectation of 304.0000 MiB
~llama_context:  CUDA_Host compute buffer size is  14.7637 MiB, matches expectation of  14.7637 MiB
llama_context: constructing llama_context
llama_context: n_seq_max     = 1
llama_context: n_ctx         = 768
llama_context: n_ctx_seq     = 768
llama_context: n_batch       = 700
llama_context: n_ubatch      = 512
llama_context: causal_attn   = 1
llama_context: flash_attn    = auto
llama_context: kv_unified    = false
llama_context: freq_base     = 1000000.0
llama_context: freq_scale    = 1
llama_context: n_rs_seq      = 0
llama_context: n_outputs_max = 700
llama_context: n_ctx_seq (768) < n_ctx_train (32768) -- the full capacity of the model will not be utilized
set_abort_callback: call
llama_context:  CUDA_Host  output buffer size =     0.58 MiB
llama_kv_cache: layer   0: dev = CPU
llama_kv_cache: layer   1: dev = CPU
llama_kv_cache: layer   2: dev = CPU
llama_kv_cache: layer   3: dev = CUDA0
llama_kv_cache: layer   4: dev = CUDA0
llama_kv_cache: layer   5: dev = CUDA0
llama_kv_cache: layer   6: dev = CUDA0
llama_kv_cache: layer   7: dev = CUDA0
llama_kv_cache: layer   8: dev = CUDA0
llama_kv_cache: layer   9: dev = CUDA0
llama_kv_cache: layer  10: dev = CUDA0
llama_kv_cache: layer  11: dev = CUDA0
llama_kv_cache: layer  12: dev = CUDA0
llama_kv_cache: layer  13: dev = CUDA0
llama_kv_cache: layer  14: dev = CUDA0
llama_kv_cache: layer  15: dev = CUDA0
llama_kv_cache: layer  16: dev = CUDA0
llama_kv_cache: layer  17: dev = CUDA0
llama_kv_cache: layer  18: dev = CUDA0
llama_kv_cache: layer  19: dev = CUDA0
llama_kv_cache: layer  20: dev = CUDA0
llama_kv_cache: layer  21: dev = CUDA0
llama_kv_cache: layer  22: dev = CUDA0
llama_kv_cache: layer  23: dev = CUDA0
llama_kv_cache: layer  24: dev = CUDA0
llama_kv_cache: layer  25: dev = CUDA0
llama_kv_cache: layer  26: dev = CUDA0
llama_kv_cache: layer  27: dev = CUDA0
llama_kv_cache:        CPU KV buffer size =     4.50 MiB
llama_kv_cache:      CUDA0 KV buffer size =    37.50 MiB
llama_kv_cache: size =   42.00 MiB (   768 cells,  28 layers,  1/1 seqs), K (f16):   21.00 MiB, V (f16):   21.00 MiB
llama_kv_cache: attn_rot_k = 0, n_embd_head_k_all = 128
llama_kv_cache: attn_rot_v = 0, n_embd_head_k_all = 128
llama_context: enumerating backends
llama_context: backend_ptrs.size() = 2
sched_reserve: reserving ...
sched_reserve: max_nodes = 2712
sched_reserve: reserving full memory module
sched_reserve: worst-case: n_tokens = 512, n_seqs = 1, n_outputs = 1
graph_reserve: reserving a graph for ubatch with n_tokens =    1, n_seqs =  1, n_outputs =    1
sched_reserve: Flash Attention was auto, set to enabled
sched_reserve: resolving fused Gated Delta Net support:
graph_reserve: reserving a graph for ubatch with n_tokens =    1, n_seqs =  1, n_outputs =    1
sched_reserve: fused Gated Delta Net (autoregressive) enabled
graph_reserve: reserving a graph for ubatch with n_tokens =   16, n_seqs =  1, n_outputs =   16
sched_reserve: fused Gated Delta Net (chunked) enabled
graph_reserve: reserving a graph for ubatch with n_tokens =  512, n_seqs =  1, n_outputs =  512
graph_reserve: reserving a graph for ubatch with n_tokens =    1, n_seqs =  1, n_outputs =    1
graph_reserve: reserving a graph for ubatch with n_tokens =  512, n_seqs =  1, n_outputs =  512
sched_reserve:      CUDA0 compute buffer size =   304.00 MiB
sched_reserve:  CUDA_Host compute buffer size =    14.76 MiB
sched_reserve: graph nodes  = 958
sched_reserve: graph splits = 44 (with bs=512), 2 (with bs=1)
sched_reserve: reserve took 15.93 ms, sched copies = 1
CUDA Graph id 18375 reused
ggml_backend_cuda_graph_compute: CUDA graph warmup complete
CUDA Graph id 18375 reused
CUDA Graph id 18375 reused
CUDA Graph id 18375 reused
CUDA Graph id 18375 reused
CUDA Graph id 18375 reused
CUDA Graph id 18375 reused
CUDA Graph id 18375 reused
CUDA Graph id 18375 reused
CUDA Graph id 18375 reused
CUDA Graph id 18375 reused
CUDA Graph id 18375 reused
CUDA Graph id 18375 reused
CUDA Graph id 18375 reused
CUDA Graph id 18375 reused
CUDA Graph id 18375 reused
CUDA Graph id 18375 reused
CUDA Graph id 18375 reused
CUDA Graph id 18375 reused
CUDA Graph id 18375 reused
CUDA Graph id 18375 reused
CUDA Graph id 18375 reused
CUDA Graph id 18375 reused
CUDA Graph id 18375 reused
CUDA Graph id 18375 reused
~llama_context:      CUDA0 compute buffer size is 304.0000 MiB, matches expectation of 304.0000 MiB
~llama_context:  CUDA_Host compute buffer size is  14.7637 MiB, matches expectation of  14.7637 MiB
llama_context: constructing llama_context
llama_context: n_seq_max     = 1
llama_context: n_ctx         = 768
llama_context: n_ctx_seq     = 768
llama_context: n_batch       = 700
llama_context: n_ubatch      = 512
llama_context: causal_attn   = 1
llama_context: flash_attn    = auto
llama_context: kv_unified    = false
llama_context: freq_base     = 1000000.0
llama_context: freq_scale    = 1
llama_context: n_rs_seq      = 0
llama_context: n_outputs_max = 700
llama_context: n_ctx_seq (768) < n_ctx_train (32768) -- the full capacity of the model will not be utilized
set_abort_callback: call
llama_context:  CUDA_Host  output buffer size =     0.58 MiB
llama_kv_cache: layer   0: dev = CPU
llama_kv_cache: layer   1: dev = CPU
llama_kv_cache: layer   2: dev = CPU
llama_kv_cache: layer   3: dev = CUDA0
llama_kv_cache: layer   4: dev = CUDA0
llama_kv_cache: layer   5: dev = CUDA0
llama_kv_cache: layer   6: dev = CUDA0
llama_kv_cache: layer   7: dev = CUDA0
llama_kv_cache: layer   8: dev = CUDA0
llama_kv_cache: layer   9: dev = CUDA0
llama_kv_cache: layer  10: dev = CUDA0
llama_kv_cache: layer  11: dev = CUDA0
llama_kv_cache: layer  12: dev = CUDA0
llama_kv_cache: layer  13: dev = CUDA0
llama_kv_cache: layer  14: dev = CUDA0
llama_kv_cache: layer  15: dev = CUDA0
llama_kv_cache: layer  16: dev = CUDA0
llama_kv_cache: layer  17: dev = CUDA0
llama_kv_cache: layer  18: dev = CUDA0
llama_kv_cache: layer  19: dev = CUDA0
llama_kv_cache: layer  20: dev = CUDA0
llama_kv_cache: layer  21: dev = CUDA0
llama_kv_cache: layer  22: dev = CUDA0
llama_kv_cache: layer  23: dev = CUDA0
llama_kv_cache: layer  24: dev = CUDA0
llama_kv_cache: layer  25: dev = CUDA0
llama_kv_cache: layer  26: dev = CUDA0
llama_kv_cache: layer  27: dev = CUDA0
llama_kv_cache:        CPU KV buffer size =     4.50 MiB
llama_kv_cache:      CUDA0 KV buffer size =    37.50 MiB
llama_kv_cache: size =   42.00 MiB (   768 cells,  28 layers,  1/1 seqs), K (f16):   21.00 MiB, V (f16):   21.00 MiB
llama_kv_cache: attn_rot_k = 0, n_embd_head_k_all = 128
llama_kv_cache: attn_rot_v = 0, n_embd_head_k_all = 128
llama_context: enumerating backends
llama_context: backend_ptrs.size() = 2
sched_reserve: reserving ...
sched_reserve: max_nodes = 2712
sched_reserve: reserving full memory module
sched_reserve: worst-case: n_tokens = 512, n_seqs = 1, n_outputs = 1
graph_reserve: reserving a graph for ubatch with n_tokens =    1, n_seqs =  1, n_outputs =    1
sched_reserve: Flash Attention was auto, set to enabled
sched_reserve: resolving fused Gated Delta Net support:
graph_reserve: reserving a graph for ubatch with n_tokens =    1, n_seqs =  1, n_outputs =    1
sched_reserve: fused Gated Delta Net (autoregressive) enabled
graph_reserve: reserving a graph for ubatch with n_tokens =   16, n_seqs =  1, n_outputs =   16
sched_reserve: fused Gated Delta Net (chunked) enabled
graph_reserve: reserving a graph for ubatch with n_tokens =  512, n_seqs =  1, n_outputs =  512
graph_reserve: reserving a graph for ubatch with n_tokens =    1, n_seqs =  1, n_outputs =    1
graph_reserve: reserving a graph for ubatch with n_tokens =  512, n_seqs =  1, n_outputs =  512
sched_reserve:      CUDA0 compute buffer size =   304.00 MiB
sched_reserve:  CUDA_Host compute buffer size =    14.76 MiB
sched_reserve: graph nodes  = 958
sched_reserve: graph splits = 44 (with bs=512), 2 (with bs=1)
sched_reserve: reserve took 13.27 ms, sched copies = 1
CUDA Graph id 18525 reused
ggml_backend_cuda_graph_compute: CUDA graph warmup complete
CUDA Graph id 18525 reused
CUDA Graph id 18525 reused
CUDA Graph id 18525 reused
CUDA Graph id 18525 reused
CUDA Graph id 18525 reused
CUDA Graph id 18525 reused
CUDA Graph id 18525 reused
CUDA Graph id 18525 reused
CUDA Graph id 18525 reused
CUDA Graph id 18525 reused
CUDA Graph id 18525 reused
CUDA Graph id 18525 reused
CUDA Graph id 18525 reused
CUDA Graph id 18525 reused
~llama_context:      CUDA0 compute buffer size is 304.0000 MiB, matches expectation of 304.0000 MiB
~llama_context:  CUDA_Host compute buffer size is  14.7637 MiB, matches expectation of  14.7637 MiB
llama_context: constructing llama_context
llama_context: n_seq_max     = 1
llama_context: n_ctx         = 768
llama_context: n_ctx_seq     = 768
llama_context: n_batch       = 700
llama_context: n_ubatch      = 512
llama_context: causal_attn   = 1
llama_context: flash_attn    = auto
llama_context: kv_unified    = false
llama_context: freq_base     = 1000000.0
llama_context: freq_scale    = 1
llama_context: n_rs_seq      = 0
llama_context: n_outputs_max = 700
llama_context: n_ctx_seq (768) < n_ctx_train (32768) -- the full capacity of the model will not be utilized
set_abort_callback: call
llama_context:  CUDA_Host  output buffer size =     0.58 MiB
llama_kv_cache: layer   0: dev = CPU
llama_kv_cache: layer   1: dev = CPU
llama_kv_cache: layer   2: dev = CPU
llama_kv_cache: layer   3: dev = CUDA0
llama_kv_cache: layer   4: dev = CUDA0
llama_kv_cache: layer   5: dev = CUDA0
llama_kv_cache: layer   6: dev = CUDA0
llama_kv_cache: layer   7: dev = CUDA0
llama_kv_cache: layer   8: dev = CUDA0
llama_kv_cache: layer   9: dev = CUDA0
llama_kv_cache: layer  10: dev = CUDA0
llama_kv_cache: layer  11: dev = CUDA0
llama_kv_cache: layer  12: dev = CUDA0
llama_kv_cache: layer  13: dev = CUDA0
llama_kv_cache: layer  14: dev = CUDA0
llama_kv_cache: layer  15: dev = CUDA0
llama_kv_cache: layer  16: dev = CUDA0
llama_kv_cache: layer  17: dev = CUDA0
llama_kv_cache: layer  18: dev = CUDA0
llama_kv_cache: layer  19: dev = CUDA0
llama_kv_cache: layer  20: dev = CUDA0
llama_kv_cache: layer  21: dev = CUDA0
llama_kv_cache: layer  22: dev = CUDA0
llama_kv_cache: layer  23: dev = CUDA0
llama_kv_cache: layer  24: dev = CUDA0
llama_kv_cache: layer  25: dev = CUDA0
llama_kv_cache: layer  26: dev = CUDA0
llama_kv_cache: layer  27: dev = CUDA0
llama_kv_cache:        CPU KV buffer size =     4.50 MiB
llama_kv_cache:      CUDA0 KV buffer size =    37.50 MiB
llama_kv_cache: size =   42.00 MiB (   768 cells,  28 layers,  1/1 seqs), K (f16):   21.00 MiB, V (f16):   21.00 MiB
llama_kv_cache: attn_rot_k = 0, n_embd_head_k_all = 128
llama_kv_cache: attn_rot_v = 0, n_embd_head_k_all = 128
llama_context: enumerating backends
llama_context: backend_ptrs.size() = 2
sched_reserve: reserving ...
sched_reserve: max_nodes = 2712
sched_reserve: reserving full memory module
sched_reserve: worst-case: n_tokens = 512, n_seqs = 1, n_outputs = 1
graph_reserve: reserving a graph for ubatch with n_tokens =    1, n_seqs =  1, n_outputs =    1
sched_reserve: Flash Attention was auto, set to enabled
sched_reserve: resolving fused Gated Delta Net support:
graph_reserve: reserving a graph for ubatch with n_tokens =    1, n_seqs =  1, n_outputs =    1
sched_reserve: fused Gated Delta Net (autoregressive) enabled
graph_reserve: reserving a graph for ubatch with n_tokens =   16, n_seqs =  1, n_outputs =   16
sched_reserve: fused Gated Delta Net (chunked) enabled
graph_reserve: reserving a graph for ubatch with n_tokens =  512, n_seqs =  1, n_outputs =  512
graph_reserve: reserving a graph for ubatch with n_tokens =    1, n_seqs =  1, n_outputs =    1
graph_reserve: reserving a graph for ubatch with n_tokens =  512, n_seqs =  1, n_outputs =  512
sched_reserve:      CUDA0 compute buffer size =   304.00 MiB
sched_reserve:  CUDA_Host compute buffer size =    14.76 MiB
sched_reserve: graph nodes  = 958
sched_reserve: graph splits = 44 (with bs=512), 2 (with bs=1)
sched_reserve: reserve took 13.15 ms, sched copies = 1
CUDA Graph id 18675 reused
ggml_backend_cuda_graph_compute: CUDA graph warmup complete
CUDA Graph id 18675 reused
CUDA Graph id 18675 reused
CUDA Graph id 18675 reused
CUDA Graph id 18675 reused
CUDA Graph id 18675 reused
CUDA Graph id 18675 reused
CUDA Graph id 18675 reused
CUDA Graph id 18675 reused
CUDA Graph id 18675 reused
CUDA Graph id 18675 reused
CUDA Graph id 18675 reused
CUDA Graph id 18675 reused
CUDA Graph id 18675 reused
CUDA Graph id 18675 reused
CUDA Graph id 18675 reused
CUDA Graph id 18675 reused
CUDA Graph id 18675 reused
CUDA Graph id 18675 reused
CUDA Graph id 18675 reused
~llama_context:      CUDA0 compute buffer size is 304.0000 MiB, matches expectation of 304.0000 MiB
~llama_context:  CUDA_Host compute buffer size is  14.7637 MiB, matches expectation of  14.7637 MiB
llama_context: constructing llama_context
llama_context: n_seq_max     = 1
llama_context: n_ctx         = 768
llama_context: n_ctx_seq     = 768
llama_context: n_batch       = 700
llama_context: n_ubatch      = 512
llama_context: causal_attn   = 1
llama_context: flash_attn    = auto
llama_context: kv_unified    = false
llama_context: freq_base     = 1000000.0
llama_context: freq_scale    = 1
llama_context: n_rs_seq      = 0
llama_context: n_outputs_max = 700
llama_context: n_ctx_seq (768) < n_ctx_train (32768) -- the full capacity of the model will not be utilized
set_abort_callback: call
llama_context:  CUDA_Host  output buffer size =     0.58 MiB
llama_kv_cache: layer   0: dev = CPU
llama_kv_cache: layer   1: dev = CPU
llama_kv_cache: layer   2: dev = CPU
llama_kv_cache: layer   3: dev = CUDA0
llama_kv_cache: layer   4: dev = CUDA0
llama_kv_cache: layer   5: dev = CUDA0
llama_kv_cache: layer   6: dev = CUDA0
llama_kv_cache: layer   7: dev = CUDA0
llama_kv_cache: layer   8: dev = CUDA0
llama_kv_cache: layer   9: dev = CUDA0
llama_kv_cache: layer  10: dev = CUDA0
llama_kv_cache: layer  11: dev = CUDA0
llama_kv_cache: layer  12: dev = CUDA0
llama_kv_cache: layer  13: dev = CUDA0
llama_kv_cache: layer  14: dev = CUDA0
llama_kv_cache: layer  15: dev = CUDA0
llama_kv_cache: layer  16: dev = CUDA0
llama_kv_cache: layer  17: dev = CUDA0
llama_kv_cache: layer  18: dev = CUDA0
llama_kv_cache: layer  19: dev = CUDA0
llama_kv_cache: layer  20: dev = CUDA0
llama_kv_cache: layer  21: dev = CUDA0
llama_kv_cache: layer  22: dev = CUDA0
llama_kv_cache: layer  23: dev = CUDA0
llama_kv_cache: layer  24: dev = CUDA0
llama_kv_cache: layer  25: dev = CUDA0
llama_kv_cache: layer  26: dev = CUDA0
llama_kv_cache: layer  27: dev = CUDA0
llama_kv_cache:        CPU KV buffer size =     4.50 MiB
llama_kv_cache:      CUDA0 KV buffer size =    37.50 MiB
llama_kv_cache: size =   42.00 MiB (   768 cells,  28 layers,  1/1 seqs), K (f16):   21.00 MiB, V (f16):   21.00 MiB
llama_kv_cache: attn_rot_k = 0, n_embd_head_k_all = 128
llama_kv_cache: attn_rot_v = 0, n_embd_head_k_all = 128
llama_context: enumerating backends
llama_context: backend_ptrs.size() = 2
sched_reserve: reserving ...
sched_reserve: max_nodes = 2712
sched_reserve: reserving full memory module
sched_reserve: worst-case: n_tokens = 512, n_seqs = 1, n_outputs = 1
graph_reserve: reserving a graph for ubatch with n_tokens =    1, n_seqs =  1, n_outputs =    1
sched_reserve: Flash Attention was auto, set to enabled
sched_reserve: resolving fused Gated Delta Net support:
graph_reserve: reserving a graph for ubatch with n_tokens =    1, n_seqs =  1, n_outputs =    1
sched_reserve: fused Gated Delta Net (autoregressive) enabled
graph_reserve: reserving a graph for ubatch with n_tokens =   16, n_seqs =  1, n_outputs =   16
sched_reserve: fused Gated Delta Net (chunked) enabled
graph_reserve: reserving a graph for ubatch with n_tokens =  512, n_seqs =  1, n_outputs =  512
graph_reserve: reserving a graph for ubatch with n_tokens =    1, n_seqs =  1, n_outputs =    1
graph_reserve: reserving a graph for ubatch with n_tokens =  512, n_seqs =  1, n_outputs =  512
sched_reserve:      CUDA0 compute buffer size =   304.00 MiB
sched_reserve:  CUDA_Host compute buffer size =    14.76 MiB
sched_reserve: graph nodes  = 958
sched_reserve: graph splits = 44 (with bs=512), 2 (with bs=1)
sched_reserve: reserve took 16.69 ms, sched copies = 1
CUDA Graph id 18825 reused
ggml_backend_cuda_graph_compute: CUDA graph warmup complete
CUDA Graph id 18825 reused
CUDA Graph id 18825 reused
CUDA Graph id 18825 reused
CUDA Graph id 18825 reused
CUDA Graph id 18825 reused
CUDA Graph id 18825 reused
CUDA Graph id 18825 reused
CUDA Graph id 18825 reused
CUDA Graph id 18825 reused
CUDA Graph id 18825 reused
CUDA Graph id 18825 reused
CUDA Graph id 18825 reused
CUDA Graph id 18825 reused
CUDA Graph id 18825 reused
CUDA Graph id 18825 reused
CUDA Graph id 18825 reused
CUDA Graph id 18825 reused
CUDA Graph id 18825 reused
CUDA Graph id 18825 reused
CUDA Graph id 18825 reused
CUDA Graph id 18825 reused
CUDA Graph id 18825 reused
~llama_context:      CUDA0 compute buffer size is 304.0000 MiB, matches expectation of 304.0000 MiB
~llama_context:  CUDA_Host compute buffer size is  14.7637 MiB, matches expectation of  14.7637 MiB
llama_context: constructing llama_context
llama_context: n_seq_max     = 1
llama_context: n_ctx         = 768
llama_context: n_ctx_seq     = 768
llama_context: n_batch       = 700
llama_context: n_ubatch      = 512
llama_context: causal_attn   = 1
llama_context: flash_attn    = auto
llama_context: kv_unified    = false
llama_context: freq_base     = 1000000.0
llama_context: freq_scale    = 1
llama_context: n_rs_seq      = 0
llama_context: n_outputs_max = 700
llama_context: n_ctx_seq (768) < n_ctx_train (32768) -- the full capacity of the model will not be utilized
set_abort_callback: call
llama_context:  CUDA_Host  output buffer size =     0.58 MiB
llama_kv_cache: layer   0: dev = CPU
llama_kv_cache: layer   1: dev = CPU
llama_kv_cache: layer   2: dev = CPU
llama_kv_cache: layer   3: dev = CUDA0
llama_kv_cache: layer   4: dev = CUDA0
llama_kv_cache: layer   5: dev = CUDA0
llama_kv_cache: layer   6: dev = CUDA0
llama_kv_cache: layer   7: dev = CUDA0
llama_kv_cache: layer   8: dev = CUDA0
llama_kv_cache: layer   9: dev = CUDA0
llama_kv_cache: layer  10: dev = CUDA0
llama_kv_cache: layer  11: dev = CUDA0
llama_kv_cache: layer  12: dev = CUDA0
llama_kv_cache: layer  13: dev = CUDA0
llama_kv_cache: layer  14: dev = CUDA0
llama_kv_cache: layer  15: dev = CUDA0
llama_kv_cache: layer  16: dev = CUDA0
llama_kv_cache: layer  17: dev = CUDA0
llama_kv_cache: layer  18: dev = CUDA0
llama_kv_cache: layer  19: dev = CUDA0
llama_kv_cache: layer  20: dev = CUDA0
llama_kv_cache: layer  21: dev = CUDA0
llama_kv_cache: layer  22: dev = CUDA0
llama_kv_cache: layer  23: dev = CUDA0
llama_kv_cache: layer  24: dev = CUDA0
llama_kv_cache: layer  25: dev = CUDA0
llama_kv_cache: layer  26: dev = CUDA0
llama_kv_cache: layer  27: dev = CUDA0
llama_kv_cache:        CPU KV buffer size =     4.50 MiB
llama_kv_cache:      CUDA0 KV buffer size =    37.50 MiB
llama_kv_cache: size =   42.00 MiB (   768 cells,  28 layers,  1/1 seqs), K (f16):   21.00 MiB, V (f16):   21.00 MiB
llama_kv_cache: attn_rot_k = 0, n_embd_head_k_all = 128
llama_kv_cache: attn_rot_v = 0, n_embd_head_k_all = 128
llama_context: enumerating backends
llama_context: backend_ptrs.size() = 2
sched_reserve: reserving ...
sched_reserve: max_nodes = 2712
sched_reserve: reserving full memory module
sched_reserve: worst-case: n_tokens = 512, n_seqs = 1, n_outputs = 1
graph_reserve: reserving a graph for ubatch with n_tokens =    1, n_seqs =  1, n_outputs =    1
sched_reserve: Flash Attention was auto, set to enabled
sched_reserve: resolving fused Gated Delta Net support:
graph_reserve: reserving a graph for ubatch with n_tokens =    1, n_seqs =  1, n_outputs =    1
sched_reserve: fused Gated Delta Net (autoregressive) enabled
graph_reserve: reserving a graph for ubatch with n_tokens =   16, n_seqs =  1, n_outputs =   16
sched_reserve: fused Gated Delta Net (chunked) enabled
graph_reserve: reserving a graph for ubatch with n_tokens =  512, n_seqs =  1, n_outputs =  512
graph_reserve: reserving a graph for ubatch with n_tokens =    1, n_seqs =  1, n_outputs =    1
graph_reserve: reserving a graph for ubatch with n_tokens =  512, n_seqs =  1, n_outputs =  512
sched_reserve:      CUDA0 compute buffer size =   304.00 MiB
sched_reserve:  CUDA_Host compute buffer size =    14.76 MiB
sched_reserve: graph nodes  = 958
sched_reserve: graph splits = 44 (with bs=512), 2 (with bs=1)
sched_reserve: reserve took 10.39 ms, sched copies = 1
CUDA Graph id 18975 reused
ggml_backend_cuda_graph_compute: CUDA graph warmup complete
CUDA Graph id 18975 reused
CUDA Graph id 18975 reused
CUDA Graph id 18975 reused
CUDA Graph id 18975 reused
CUDA Graph id 18975 reused
CUDA Graph id 18975 reused
CUDA Graph id 18975 reused
CUDA Graph id 18975 reused
CUDA Graph id 18975 reused
CUDA Graph id 18975 reused
CUDA Graph id 18975 reused
CUDA Graph id 18975 reused
CUDA Graph id 18975 reused
CUDA Graph id 18975 reused
CUDA Graph id 18975 reused
CUDA Graph id 18975 reused
CUDA Graph id 18975 reused
CUDA Graph id 18975 reused
CUDA Graph id 18975 reused
CUDA Graph id 18975 reused
CUDA Graph id 18975 reused
CUDA Graph id 18975 reused
CUDA Graph id 18975 reused
CUDA Graph id 18975 reused
CUDA Graph id 18975 reused
CUDA Graph id 18975 reused
CUDA Graph id 18975 reused
CUDA Graph id 18975 reused
CUDA Graph id 18975 reused
CUDA Graph id 18975 reused
CUDA Graph id 18975 reused
CUDA Graph id 18975 reused
CUDA Graph id 18975 reused
CUDA Graph id 18975 reused
CUDA Graph id 18975 reused
CUDA Graph id 18975 reused
CUDA Graph id 18975 reused
CUDA Graph id 18975 reused
CUDA Graph id 18975 reused
CUDA Graph id 18975 reused
CUDA Graph id 18975 reused
CUDA Graph id 18975 reused
CUDA Graph id 18975 reused
CUDA Graph id 18975 reused
CUDA Graph id 18975 reused
CUDA Graph id 18975 reused
CUDA Graph id 18975 reused
CUDA Graph id 18975 reused
CUDA Graph id 18975 reused
CUDA Graph id 18975 reused
CUDA Graph id 18975 reused
CUDA Graph id 18975 reused
CUDA Graph id 18975 reused
CUDA Graph id 18975 reused
~llama_context:      CUDA0 compute buffer size is 304.0000 MiB, matches expectation of 304.0000 MiB
~llama_context:  CUDA_Host compute buffer size is  14.7637 MiB, matches expectation of  14.7637 MiB
schema 96/100 done
llama_context: constructing llama_context
llama_context: n_seq_max     = 1
llama_context: n_ctx         = 768
llama_context: n_ctx_seq     = 768
llama_context: n_batch       = 743
llama_context: n_ubatch      = 512
llama_context: causal_attn   = 1
llama_context: flash_attn    = auto
llama_context: kv_unified    = false
llama_context: freq_base     = 1000000.0
llama_context: freq_scale    = 1
llama_context: n_rs_seq      = 0
llama_context: n_outputs_max = 743
llama_context: n_ctx_seq (768) < n_ctx_train (32768) -- the full capacity of the model will not be utilized
set_abort_callback: call
llama_context:  CUDA_Host  output buffer size =     0.58 MiB
llama_kv_cache: layer   0: dev = CPU
llama_kv_cache: layer   1: dev = CPU
llama_kv_cache: layer   2: dev = CPU
llama_kv_cache: layer   3: dev = CUDA0
llama_kv_cache: layer   4: dev = CUDA0
llama_kv_cache: layer   5: dev = CUDA0
llama_kv_cache: layer   6: dev = CUDA0
llama_kv_cache: layer   7: dev = CUDA0
llama_kv_cache: layer   8: dev = CUDA0
llama_kv_cache: layer   9: dev = CUDA0
llama_kv_cache: layer  10: dev = CUDA0
llama_kv_cache: layer  11: dev = CUDA0
llama_kv_cache: layer  12: dev = CUDA0
llama_kv_cache: layer  13: dev = CUDA0
llama_kv_cache: layer  14: dev = CUDA0
llama_kv_cache: layer  15: dev = CUDA0
llama_kv_cache: layer  16: dev = CUDA0
llama_kv_cache: layer  17: dev = CUDA0
llama_kv_cache: layer  18: dev = CUDA0
llama_kv_cache: layer  19: dev = CUDA0
llama_kv_cache: layer  20: dev = CUDA0
llama_kv_cache: layer  21: dev = CUDA0
llama_kv_cache: layer  22: dev = CUDA0
llama_kv_cache: layer  23: dev = CUDA0
llama_kv_cache: layer  24: dev = CUDA0
llama_kv_cache: layer  25: dev = CUDA0
llama_kv_cache: layer  26: dev = CUDA0
llama_kv_cache: layer  27: dev = CUDA0
llama_kv_cache:        CPU KV buffer size =     4.50 MiB
llama_kv_cache:      CUDA0 KV buffer size =    37.50 MiB
llama_kv_cache: size =   42.00 MiB (   768 cells,  28 layers,  1/1 seqs), K (f16):   21.00 MiB, V (f16):   21.00 MiB
llama_kv_cache: attn_rot_k = 0, n_embd_head_k_all = 128
llama_kv_cache: attn_rot_v = 0, n_embd_head_k_all = 128
llama_context: enumerating backends
llama_context: backend_ptrs.size() = 2
sched_reserve: reserving ...
sched_reserve: max_nodes = 2712
sched_reserve: reserving full memory module
sched_reserve: worst-case: n_tokens = 512, n_seqs = 1, n_outputs = 1
graph_reserve: reserving a graph for ubatch with n_tokens =    1, n_seqs =  1, n_outputs =    1
sched_reserve: Flash Attention was auto, set to enabled
sched_reserve: resolving fused Gated Delta Net support:
graph_reserve: reserving a graph for ubatch with n_tokens =    1, n_seqs =  1, n_outputs =    1
sched_reserve: fused Gated Delta Net (autoregressive) enabled
graph_reserve: reserving a graph for ubatch with n_tokens =   16, n_seqs =  1, n_outputs =   16
sched_reserve: fused Gated Delta Net (chunked) enabled
graph_reserve: reserving a graph for ubatch with n_tokens =  512, n_seqs =  1, n_outputs =  512
graph_reserve: reserving a graph for ubatch with n_tokens =    1, n_seqs =  1, n_outputs =    1
graph_reserve: reserving a graph for ubatch with n_tokens =  512, n_seqs =  1, n_outputs =  512
sched_reserve:      CUDA0 compute buffer size =   304.00 MiB
sched_reserve:  CUDA_Host compute buffer size =    14.76 MiB
sched_reserve: graph nodes  = 958
sched_reserve: graph splits = 44 (with bs=512), 2 (with bs=1)
sched_reserve: reserve took 11.73 ms, sched copies = 1
CUDA Graph id 19125 reused
ggml_backend_cuda_graph_compute: CUDA graph warmup complete
CUDA Graph id 19125 reused
CUDA Graph id 19125 reused
CUDA Graph id 19125 reused
CUDA Graph id 19125 reused
CUDA Graph id 19125 reused
CUDA Graph id 19125 reused
CUDA Graph id 19125 reused
CUDA Graph id 19125 reused
CUDA Graph id 19125 reused
CUDA Graph id 19125 reused
CUDA Graph id 19125 reused
CUDA Graph id 19125 reused
CUDA Graph id 19125 reused
~llama_context:      CUDA0 compute buffer size is 304.0000 MiB, matches expectation of 304.0000 MiB
~llama_context:  CUDA_Host compute buffer size is  14.7637 MiB, matches expectation of  14.7637 MiB
llama_context: constructing llama_context
llama_context: n_seq_max     = 1
llama_context: n_ctx         = 768
llama_context: n_ctx_seq     = 768
llama_context: n_batch       = 743
llama_context: n_ubatch      = 512
llama_context: causal_attn   = 1
llama_context: flash_attn    = auto
llama_context: kv_unified    = false
llama_context: freq_base     = 1000000.0
llama_context: freq_scale    = 1
llama_context: n_rs_seq      = 0
llama_context: n_outputs_max = 743
llama_context: n_ctx_seq (768) < n_ctx_train (32768) -- the full capacity of the model will not be utilized
set_abort_callback: call
llama_context:  CUDA_Host  output buffer size =     0.58 MiB
llama_kv_cache: layer   0: dev = CPU
llama_kv_cache: layer   1: dev = CPU
llama_kv_cache: layer   2: dev = CPU
llama_kv_cache: layer   3: dev = CUDA0
llama_kv_cache: layer   4: dev = CUDA0
llama_kv_cache: layer   5: dev = CUDA0
llama_kv_cache: layer   6: dev = CUDA0
llama_kv_cache: layer   7: dev = CUDA0
llama_kv_cache: layer   8: dev = CUDA0
llama_kv_cache: layer   9: dev = CUDA0
llama_kv_cache: layer  10: dev = CUDA0
llama_kv_cache: layer  11: dev = CUDA0
llama_kv_cache: layer  12: dev = CUDA0
llama_kv_cache: layer  13: dev = CUDA0
llama_kv_cache: layer  14: dev = CUDA0
llama_kv_cache: layer  15: dev = CUDA0
llama_kv_cache: layer  16: dev = CUDA0
llama_kv_cache: layer  17: dev = CUDA0
llama_kv_cache: layer  18: dev = CUDA0
llama_kv_cache: layer  19: dev = CUDA0
llama_kv_cache: layer  20: dev = CUDA0
llama_kv_cache: layer  21: dev = CUDA0
llama_kv_cache: layer  22: dev = CUDA0
llama_kv_cache: layer  23: dev = CUDA0
llama_kv_cache: layer  24: dev = CUDA0
llama_kv_cache: layer  25: dev = CUDA0
llama_kv_cache: layer  26: dev = CUDA0
llama_kv_cache: layer  27: dev = CUDA0
llama_kv_cache:        CPU KV buffer size =     4.50 MiB
llama_kv_cache:      CUDA0 KV buffer size =    37.50 MiB
llama_kv_cache: size =   42.00 MiB (   768 cells,  28 layers,  1/1 seqs), K (f16):   21.00 MiB, V (f16):   21.00 MiB
llama_kv_cache: attn_rot_k = 0, n_embd_head_k_all = 128
llama_kv_cache: attn_rot_v = 0, n_embd_head_k_all = 128
llama_context: enumerating backends
llama_context: backend_ptrs.size() = 2
sched_reserve: reserving ...
sched_reserve: max_nodes = 2712
sched_reserve: reserving full memory module
sched_reserve: worst-case: n_tokens = 512, n_seqs = 1, n_outputs = 1
graph_reserve: reserving a graph for ubatch with n_tokens =    1, n_seqs =  1, n_outputs =    1
sched_reserve: Flash Attention was auto, set to enabled
sched_reserve: resolving fused Gated Delta Net support:
graph_reserve: reserving a graph for ubatch with n_tokens =    1, n_seqs =  1, n_outputs =    1
sched_reserve: fused Gated Delta Net (autoregressive) enabled
graph_reserve: reserving a graph for ubatch with n_tokens =   16, n_seqs =  1, n_outputs =   16
sched_reserve: fused Gated Delta Net (chunked) enabled
graph_reserve: reserving a graph for ubatch with n_tokens =  512, n_seqs =  1, n_outputs =  512
graph_reserve: reserving a graph for ubatch with n_tokens =    1, n_seqs =  1, n_outputs =    1
graph_reserve: reserving a graph for ubatch with n_tokens =  512, n_seqs =  1, n_outputs =  512
sched_reserve:      CUDA0 compute buffer size =   304.00 MiB
sched_reserve:  CUDA_Host compute buffer size =    14.76 MiB
sched_reserve: graph nodes  = 958
sched_reserve: graph splits = 44 (with bs=512), 2 (with bs=1)
sched_reserve: reserve took 13.11 ms, sched copies = 1
CUDA Graph id 19275 reused
ggml_backend_cuda_graph_compute: CUDA graph warmup complete
CUDA Graph id 19275 reused
CUDA Graph id 19275 reused
CUDA Graph id 19275 reused
CUDA Graph id 19275 reused
CUDA Graph id 19275 reused
CUDA Graph id 19275 reused
CUDA Graph id 19275 reused
CUDA Graph id 19275 reused
CUDA Graph id 19275 reused
CUDA Graph id 19275 reused
CUDA Graph id 19275 reused
CUDA Graph id 19275 reused
CUDA Graph id 19275 reused
~llama_context:      CUDA0 compute buffer size is 304.0000 MiB, matches expectation of 304.0000 MiB
~llama_context:  CUDA_Host compute buffer size is  14.7637 MiB, matches expectation of  14.7637 MiB
llama_context: constructing llama_context
llama_context: n_seq_max     = 1
llama_context: n_ctx         = 768
llama_context: n_ctx_seq     = 768
llama_context: n_batch       = 743
llama_context: n_ubatch      = 512
llama_context: causal_attn   = 1
llama_context: flash_attn    = auto
llama_context: kv_unified    = false
llama_context: freq_base     = 1000000.0
llama_context: freq_scale    = 1
llama_context: n_rs_seq      = 0
llama_context: n_outputs_max = 743
llama_context: n_ctx_seq (768) < n_ctx_train (32768) -- the full capacity of the model will not be utilized
set_abort_callback: call
llama_context:  CUDA_Host  output buffer size =     0.58 MiB
llama_kv_cache: layer   0: dev = CPU
llama_kv_cache: layer   1: dev = CPU
llama_kv_cache: layer   2: dev = CPU
llama_kv_cache: layer   3: dev = CUDA0
llama_kv_cache: layer   4: dev = CUDA0
llama_kv_cache: layer   5: dev = CUDA0
llama_kv_cache: layer   6: dev = CUDA0
llama_kv_cache: layer   7: dev = CUDA0
llama_kv_cache: layer   8: dev = CUDA0
llama_kv_cache: layer   9: dev = CUDA0
llama_kv_cache: layer  10: dev = CUDA0
llama_kv_cache: layer  11: dev = CUDA0
llama_kv_cache: layer  12: dev = CUDA0
llama_kv_cache: layer  13: dev = CUDA0
llama_kv_cache: layer  14: dev = CUDA0
llama_kv_cache: layer  15: dev = CUDA0
llama_kv_cache: layer  16: dev = CUDA0
llama_kv_cache: layer  17: dev = CUDA0
llama_kv_cache: layer  18: dev = CUDA0
llama_kv_cache: layer  19: dev = CUDA0
llama_kv_cache: layer  20: dev = CUDA0
llama_kv_cache: layer  21: dev = CUDA0
llama_kv_cache: layer  22: dev = CUDA0
llama_kv_cache: layer  23: dev = CUDA0
llama_kv_cache: layer  24: dev = CUDA0
llama_kv_cache: layer  25: dev = CUDA0
llama_kv_cache: layer  26: dev = CUDA0
llama_kv_cache: layer  27: dev = CUDA0
llama_kv_cache:        CPU KV buffer size =     4.50 MiB
llama_kv_cache:      CUDA0 KV buffer size =    37.50 MiB
llama_kv_cache: size =   42.00 MiB (   768 cells,  28 layers,  1/1 seqs), K (f16):   21.00 MiB, V (f16):   21.00 MiB
llama_kv_cache: attn_rot_k = 0, n_embd_head_k_all = 128
llama_kv_cache: attn_rot_v = 0, n_embd_head_k_all = 128
llama_context: enumerating backends
llama_context: backend_ptrs.size() = 2
sched_reserve: reserving ...
sched_reserve: max_nodes = 2712
sched_reserve: reserving full memory module
sched_reserve: worst-case: n_tokens = 512, n_seqs = 1, n_outputs = 1
graph_reserve: reserving a graph for ubatch with n_tokens =    1, n_seqs =  1, n_outputs =    1
sched_reserve: Flash Attention was auto, set to enabled
sched_reserve: resolving fused Gated Delta Net support:
graph_reserve: reserving a graph for ubatch with n_tokens =    1, n_seqs =  1, n_outputs =    1
sched_reserve: fused Gated Delta Net (autoregressive) enabled
graph_reserve: reserving a graph for ubatch with n_tokens =   16, n_seqs =  1, n_outputs =   16
sched_reserve: fused Gated Delta Net (chunked) enabled
graph_reserve: reserving a graph for ubatch with n_tokens =  512, n_seqs =  1, n_outputs =  512
graph_reserve: reserving a graph for ubatch with n_tokens =    1, n_seqs =  1, n_outputs =    1
graph_reserve: reserving a graph for ubatch with n_tokens =  512, n_seqs =  1, n_outputs =  512
sched_reserve:      CUDA0 compute buffer size =   304.00 MiB
sched_reserve:  CUDA_Host compute buffer size =    14.76 MiB
sched_reserve: graph nodes  = 958
sched_reserve: graph splits = 44 (with bs=512), 2 (with bs=1)
sched_reserve: reserve took 17.94 ms, sched copies = 1
CUDA Graph id 19425 reused
ggml_backend_cuda_graph_compute: CUDA graph warmup complete
CUDA Graph id 19425 reused
CUDA Graph id 19425 reused
CUDA Graph id 19425 reused
CUDA Graph id 19425 reused
CUDA Graph id 19425 reused
CUDA Graph id 19425 reused
CUDA Graph id 19425 reused
CUDA Graph id 19425 reused
CUDA Graph id 19425 reused
CUDA Graph id 19425 reused
~llama_context:      CUDA0 compute buffer size is 304.0000 MiB, matches expectation of 304.0000 MiB
~llama_context:  CUDA_Host compute buffer size is  14.7637 MiB, matches expectation of  14.7637 MiB
llama_context: constructing llama_context
llama_context: n_seq_max     = 1
llama_context: n_ctx         = 768
llama_context: n_ctx_seq     = 768
llama_context: n_batch       = 743
llama_context: n_ubatch      = 512
llama_context: causal_attn   = 1
llama_context: flash_attn    = auto
llama_context: kv_unified    = false
llama_context: freq_base     = 1000000.0
llama_context: freq_scale    = 1
llama_context: n_rs_seq      = 0
llama_context: n_outputs_max = 743
llama_context: n_ctx_seq (768) < n_ctx_train (32768) -- the full capacity of the model will not be utilized
set_abort_callback: call
llama_context:  CUDA_Host  output buffer size =     0.58 MiB
llama_kv_cache: layer   0: dev = CPU
llama_kv_cache: layer   1: dev = CPU
llama_kv_cache: layer   2: dev = CPU
llama_kv_cache: layer   3: dev = CUDA0
llama_kv_cache: layer   4: dev = CUDA0
llama_kv_cache: layer   5: dev = CUDA0
llama_kv_cache: layer   6: dev = CUDA0
llama_kv_cache: layer   7: dev = CUDA0
llama_kv_cache: layer   8: dev = CUDA0
llama_kv_cache: layer   9: dev = CUDA0
llama_kv_cache: layer  10: dev = CUDA0
llama_kv_cache: layer  11: dev = CUDA0
llama_kv_cache: layer  12: dev = CUDA0
llama_kv_cache: layer  13: dev = CUDA0
llama_kv_cache: layer  14: dev = CUDA0
llama_kv_cache: layer  15: dev = CUDA0
llama_kv_cache: layer  16: dev = CUDA0
llama_kv_cache: layer  17: dev = CUDA0
llama_kv_cache: layer  18: dev = CUDA0
llama_kv_cache: layer  19: dev = CUDA0
llama_kv_cache: layer  20: dev = CUDA0
llama_kv_cache: layer  21: dev = CUDA0
llama_kv_cache: layer  22: dev = CUDA0
llama_kv_cache: layer  23: dev = CUDA0
llama_kv_cache: layer  24: dev = CUDA0
llama_kv_cache: layer  25: dev = CUDA0
llama_kv_cache: layer  26: dev = CUDA0
llama_kv_cache: layer  27: dev = CUDA0
llama_kv_cache:        CPU KV buffer size =     4.50 MiB
llama_kv_cache:      CUDA0 KV buffer size =    37.50 MiB
llama_kv_cache: size =   42.00 MiB (   768 cells,  28 layers,  1/1 seqs), K (f16):   21.00 MiB, V (f16):   21.00 MiB
llama_kv_cache: attn_rot_k = 0, n_embd_head_k_all = 128
llama_kv_cache: attn_rot_v = 0, n_embd_head_k_all = 128
llama_context: enumerating backends
llama_context: backend_ptrs.size() = 2
sched_reserve: reserving ...
sched_reserve: max_nodes = 2712
sched_reserve: reserving full memory module
sched_reserve: worst-case: n_tokens = 512, n_seqs = 1, n_outputs = 1
graph_reserve: reserving a graph for ubatch with n_tokens =    1, n_seqs =  1, n_outputs =    1
sched_reserve: Flash Attention was auto, set to enabled
sched_reserve: resolving fused Gated Delta Net support:
graph_reserve: reserving a graph for ubatch with n_tokens =    1, n_seqs =  1, n_outputs =    1
sched_reserve: fused Gated Delta Net (autoregressive) enabled
graph_reserve: reserving a graph for ubatch with n_tokens =   16, n_seqs =  1, n_outputs =   16
sched_reserve: fused Gated Delta Net (chunked) enabled
graph_reserve: reserving a graph for ubatch with n_tokens =  512, n_seqs =  1, n_outputs =  512
graph_reserve: reserving a graph for ubatch with n_tokens =    1, n_seqs =  1, n_outputs =    1
graph_reserve: reserving a graph for ubatch with n_tokens =  512, n_seqs =  1, n_outputs =  512
sched_reserve:      CUDA0 compute buffer size =   304.00 MiB
sched_reserve:  CUDA_Host compute buffer size =    14.76 MiB
sched_reserve: graph nodes  = 958
sched_reserve: graph splits = 44 (with bs=512), 2 (with bs=1)
sched_reserve: reserve took 13.68 ms, sched copies = 1
CUDA Graph id 19575 reused
ggml_backend_cuda_graph_compute: CUDA graph warmup complete
CUDA Graph id 19575 reused
CUDA Graph id 19575 reused
CUDA Graph id 19575 reused
CUDA Graph id 19575 reused
CUDA Graph id 19575 reused
CUDA Graph id 19575 reused
CUDA Graph id 19575 reused
CUDA Graph id 19575 reused
CUDA Graph id 19575 reused
CUDA Graph id 19575 reused
CUDA Graph id 19575 reused
CUDA Graph id 19575 reused
CUDA Graph id 19575 reused
~llama_context:      CUDA0 compute buffer size is 304.0000 MiB, matches expectation of 304.0000 MiB
~llama_context:  CUDA_Host compute buffer size is  14.7637 MiB, matches expectation of  14.7637 MiB
llama_context: constructing llama_context
llama_context: n_seq_max     = 1
llama_context: n_ctx         = 768
llama_context: n_ctx_seq     = 768
llama_context: n_batch       = 743
llama_context: n_ubatch      = 512
llama_context: causal_attn   = 1
llama_context: flash_attn    = auto
llama_context: kv_unified    = false
llama_context: freq_base     = 1000000.0
llama_context: freq_scale    = 1
llama_context: n_rs_seq      = 0
llama_context: n_outputs_max = 743
llama_context: n_ctx_seq (768) < n_ctx_train (32768) -- the full capacity of the model will not be utilized
set_abort_callback: call
llama_context:  CUDA_Host  output buffer size =     0.58 MiB
llama_kv_cache: layer   0: dev = CPU
llama_kv_cache: layer   1: dev = CPU
llama_kv_cache: layer   2: dev = CPU
llama_kv_cache: layer   3: dev = CUDA0
llama_kv_cache: layer   4: dev = CUDA0
llama_kv_cache: layer   5: dev = CUDA0
llama_kv_cache: layer   6: dev = CUDA0
llama_kv_cache: layer   7: dev = CUDA0
llama_kv_cache: layer   8: dev = CUDA0
llama_kv_cache: layer   9: dev = CUDA0
llama_kv_cache: layer  10: dev = CUDA0
llama_kv_cache: layer  11: dev = CUDA0
llama_kv_cache: layer  12: dev = CUDA0
llama_kv_cache: layer  13: dev = CUDA0
llama_kv_cache: layer  14: dev = CUDA0
llama_kv_cache: layer  15: dev = CUDA0
llama_kv_cache: layer  16: dev = CUDA0
llama_kv_cache: layer  17: dev = CUDA0
llama_kv_cache: layer  18: dev = CUDA0
llama_kv_cache: layer  19: dev = CUDA0
llama_kv_cache: layer  20: dev = CUDA0
llama_kv_cache: layer  21: dev = CUDA0
llama_kv_cache: layer  22: dev = CUDA0
llama_kv_cache: layer  23: dev = CUDA0
llama_kv_cache: layer  24: dev = CUDA0
llama_kv_cache: layer  25: dev = CUDA0
llama_kv_cache: layer  26: dev = CUDA0
llama_kv_cache: layer  27: dev = CUDA0
llama_kv_cache:        CPU KV buffer size =     4.50 MiB
llama_kv_cache:      CUDA0 KV buffer size =    37.50 MiB
llama_kv_cache: size =   42.00 MiB (   768 cells,  28 layers,  1/1 seqs), K (f16):   21.00 MiB, V (f16):   21.00 MiB
llama_kv_cache: attn_rot_k = 0, n_embd_head_k_all = 128
llama_kv_cache: attn_rot_v = 0, n_embd_head_k_all = 128
llama_context: enumerating backends
llama_context: backend_ptrs.size() = 2
sched_reserve: reserving ...
sched_reserve: max_nodes = 2712
sched_reserve: reserving full memory module
sched_reserve: worst-case: n_tokens = 512, n_seqs = 1, n_outputs = 1
graph_reserve: reserving a graph for ubatch with n_tokens =    1, n_seqs =  1, n_outputs =    1
sched_reserve: Flash Attention was auto, set to enabled
sched_reserve: resolving fused Gated Delta Net support:
graph_reserve: reserving a graph for ubatch with n_tokens =    1, n_seqs =  1, n_outputs =    1
sched_reserve: fused Gated Delta Net (autoregressive) enabled
graph_reserve: reserving a graph for ubatch with n_tokens =   16, n_seqs =  1, n_outputs =   16
sched_reserve: fused Gated Delta Net (chunked) enabled
graph_reserve: reserving a graph for ubatch with n_tokens =  512, n_seqs =  1, n_outputs =  512
graph_reserve: reserving a graph for ubatch with n_tokens =    1, n_seqs =  1, n_outputs =    1
graph_reserve: reserving a graph for ubatch with n_tokens =  512, n_seqs =  1, n_outputs =  512
sched_reserve:      CUDA0 compute buffer size =   304.00 MiB
sched_reserve:  CUDA_Host compute buffer size =    14.76 MiB
sched_reserve: graph nodes  = 958
sched_reserve: graph splits = 44 (with bs=512), 2 (with bs=1)
sched_reserve: reserve took 12.29 ms, sched copies = 1
CUDA Graph id 19725 reused
ggml_backend_cuda_graph_compute: CUDA graph warmup complete
CUDA Graph id 19725 reused
CUDA Graph id 19725 reused
CUDA Graph id 19725 reused
CUDA Graph id 19725 reused
CUDA Graph id 19725 reused
CUDA Graph id 19725 reused
CUDA Graph id 19725 reused
CUDA Graph id 19725 reused
CUDA Graph id 19725 reused
CUDA Graph id 19725 reused
CUDA Graph id 19725 reused
CUDA Graph id 19725 reused
CUDA Graph id 19725 reused
CUDA Graph id 19725 reused
CUDA Graph id 19725 reused
CUDA Graph id 19725 reused
CUDA Graph id 19725 reused
CUDA Graph id 19725 reused
~llama_context:      CUDA0 compute buffer size is 304.0000 MiB, matches expectation of 304.0000 MiB
~llama_context:  CUDA_Host compute buffer size is  14.7637 MiB, matches expectation of  14.7637 MiB
llama_context: constructing llama_context
llama_context: n_seq_max     = 1
llama_context: n_ctx         = 768
llama_context: n_ctx_seq     = 768
llama_context: n_batch       = 743
llama_context: n_ubatch      = 512
llama_context: causal_attn   = 1
llama_context: flash_attn    = auto
llama_context: kv_unified    = false
llama_context: freq_base     = 1000000.0
llama_context: freq_scale    = 1
llama_context: n_rs_seq      = 0
llama_context: n_outputs_max = 743
llama_context: n_ctx_seq (768) < n_ctx_train (32768) -- the full capacity of the model will not be utilized
set_abort_callback: call
llama_context:  CUDA_Host  output buffer size =     0.58 MiB
llama_kv_cache: layer   0: dev = CPU
llama_kv_cache: layer   1: dev = CPU
llama_kv_cache: layer   2: dev = CPU
llama_kv_cache: layer   3: dev = CUDA0
llama_kv_cache: layer   4: dev = CUDA0
llama_kv_cache: layer   5: dev = CUDA0
llama_kv_cache: layer   6: dev = CUDA0
llama_kv_cache: layer   7: dev = CUDA0
llama_kv_cache: layer   8: dev = CUDA0
llama_kv_cache: layer   9: dev = CUDA0
llama_kv_cache: layer  10: dev = CUDA0
llama_kv_cache: layer  11: dev = CUDA0
llama_kv_cache: layer  12: dev = CUDA0
llama_kv_cache: layer  13: dev = CUDA0
llama_kv_cache: layer  14: dev = CUDA0
llama_kv_cache: layer  15: dev = CUDA0
llama_kv_cache: layer  16: dev = CUDA0
llama_kv_cache: layer  17: dev = CUDA0
llama_kv_cache: layer  18: dev = CUDA0
llama_kv_cache: layer  19: dev = CUDA0
llama_kv_cache: layer  20: dev = CUDA0
llama_kv_cache: layer  21: dev = CUDA0
llama_kv_cache: layer  22: dev = CUDA0
llama_kv_cache: layer  23: dev = CUDA0
llama_kv_cache: layer  24: dev = CUDA0
llama_kv_cache: layer  25: dev = CUDA0
llama_kv_cache: layer  26: dev = CUDA0
llama_kv_cache: layer  27: dev = CUDA0
llama_kv_cache:        CPU KV buffer size =     4.50 MiB
llama_kv_cache:      CUDA0 KV buffer size =    37.50 MiB
llama_kv_cache: size =   42.00 MiB (   768 cells,  28 layers,  1/1 seqs), K (f16):   21.00 MiB, V (f16):   21.00 MiB
llama_kv_cache: attn_rot_k = 0, n_embd_head_k_all = 128
llama_kv_cache: attn_rot_v = 0, n_embd_head_k_all = 128
llama_context: enumerating backends
llama_context: backend_ptrs.size() = 2
sched_reserve: reserving ...
sched_reserve: max_nodes = 2712
sched_reserve: reserving full memory module
sched_reserve: worst-case: n_tokens = 512, n_seqs = 1, n_outputs = 1
graph_reserve: reserving a graph for ubatch with n_tokens =    1, n_seqs =  1, n_outputs =    1
sched_reserve: Flash Attention was auto, set to enabled
sched_reserve: resolving fused Gated Delta Net support:
graph_reserve: reserving a graph for ubatch with n_tokens =    1, n_seqs =  1, n_outputs =    1
sched_reserve: fused Gated Delta Net (autoregressive) enabled
graph_reserve: reserving a graph for ubatch with n_tokens =   16, n_seqs =  1, n_outputs =   16
sched_reserve: fused Gated Delta Net (chunked) enabled
graph_reserve: reserving a graph for ubatch with n_tokens =  512, n_seqs =  1, n_outputs =  512
graph_reserve: reserving a graph for ubatch with n_tokens =    1, n_seqs =  1, n_outputs =    1
graph_reserve: reserving a graph for ubatch with n_tokens =  512, n_seqs =  1, n_outputs =  512
sched_reserve:      CUDA0 compute buffer size =   304.00 MiB
sched_reserve:  CUDA_Host compute buffer size =    14.76 MiB
sched_reserve: graph nodes  = 958
sched_reserve: graph splits = 44 (with bs=512), 2 (with bs=1)
sched_reserve: reserve took 13.15 ms, sched copies = 1
CUDA Graph id 19875 reused
ggml_backend_cuda_graph_compute: CUDA graph warmup complete
CUDA Graph id 19875 reused
CUDA Graph id 19875 reused
CUDA Graph id 19875 reused
CUDA Graph id 19875 reused
CUDA Graph id 19875 reused
CUDA Graph id 19875 reused
CUDA Graph id 19875 reused
CUDA Graph id 19875 reused
CUDA Graph id 19875 reused
CUDA Graph id 19875 reused
CUDA Graph id 19875 reused
CUDA Graph id 19875 reused
CUDA Graph id 19875 reused
CUDA Graph id 19875 reused
CUDA Graph id 19875 reused
CUDA Graph id 19875 reused
CUDA Graph id 19875 reused
CUDA Graph id 19875 reused
CUDA Graph id 19875 reused
CUDA Graph id 19875 reused
CUDA Graph id 19875 reused
CUDA Graph id 19875 reused
CUDA Graph id 19875 reused
CUDA Graph id 19875 reused
CUDA Graph id 19875 reused
CUDA Graph id 19875 reused
CUDA Graph id 19875 reused
CUDA Graph id 19875 reused
CUDA Graph id 19875 reused
CUDA Graph id 19875 reused
CUDA Graph id 19875 reused
ggml_backend_cuda_graph_compute: CUDA graph warmup reset
CUDA Graph id 19878 reused
ggml_backend_cuda_graph_compute: CUDA graph warmup complete
CUDA Graph id 19878 reused
CUDA Graph id 19878 reused
CUDA Graph id 19878 reused
CUDA Graph id 19878 reused
CUDA Graph id 19878 reused
CUDA Graph id 19878 reused
CUDA Graph id 19878 reused
CUDA Graph id 19878 reused
CUDA Graph id 19878 reused
CUDA Graph id 19878 reused
CUDA Graph id 19878 reused
CUDA Graph id 19878 reused
CUDA Graph id 19878 reused
CUDA Graph id 19878 reused
CUDA Graph id 19878 reused
CUDA Graph id 19878 reused
CUDA Graph id 19878 reused
CUDA Graph id 19878 reused
CUDA Graph id 19878 reused
CUDA Graph id 19878 reused
CUDA Graph id 19878 reused
CUDA Graph id 19878 reused
CUDA Graph id 19878 reused
CUDA Graph id 19878 reused
CUDA Graph id 19878 reused
CUDA Graph id 19878 reused
CUDA Graph id 19878 reused
CUDA Graph id 19878 reused
CUDA Graph id 19878 reused
CUDA Graph id 19878 reused
CUDA Graph id 19878 reused
CUDA Graph id 19878 reused
CUDA Graph id 19878 reused
CUDA Graph id 19878 reused
CUDA Graph id 19878 reused
CUDA Graph id 19878 reused
CUDA Graph id 19878 reused
CUDA Graph id 19878 reused
CUDA Graph id 19878 reused
~llama_context:      CUDA0 compute buffer size is 304.0000 MiB, matches expectation of 304.0000 MiB
~llama_context:  CUDA_Host compute buffer size is  14.7637 MiB, matches expectation of  14.7637 MiB
schema 97/100 done
llama_context: constructing llama_context
llama_context: n_seq_max     = 1
llama_context: n_ctx         = 768
llama_context: n_ctx_seq     = 768
llama_context: n_batch       = 692
llama_context: n_ubatch      = 512
llama_context: causal_attn   = 1
llama_context: flash_attn    = auto
llama_context: kv_unified    = false
llama_context: freq_base     = 1000000.0
llama_context: freq_scale    = 1
llama_context: n_rs_seq      = 0
llama_context: n_outputs_max = 692
llama_context: n_ctx_seq (768) < n_ctx_train (32768) -- the full capacity of the model will not be utilized
set_abort_callback: call
llama_context:  CUDA_Host  output buffer size =     0.58 MiB
llama_kv_cache: layer   0: dev = CPU
llama_kv_cache: layer   1: dev = CPU
llama_kv_cache: layer   2: dev = CPU
llama_kv_cache: layer   3: dev = CUDA0
llama_kv_cache: layer   4: dev = CUDA0
llama_kv_cache: layer   5: dev = CUDA0
llama_kv_cache: layer   6: dev = CUDA0
llama_kv_cache: layer   7: dev = CUDA0
llama_kv_cache: layer   8: dev = CUDA0
llama_kv_cache: layer   9: dev = CUDA0
llama_kv_cache: layer  10: dev = CUDA0
llama_kv_cache: layer  11: dev = CUDA0
llama_kv_cache: layer  12: dev = CUDA0
llama_kv_cache: layer  13: dev = CUDA0
llama_kv_cache: layer  14: dev = CUDA0
llama_kv_cache: layer  15: dev = CUDA0
llama_kv_cache: layer  16: dev = CUDA0
llama_kv_cache: layer  17: dev = CUDA0
llama_kv_cache: layer  18: dev = CUDA0
llama_kv_cache: layer  19: dev = CUDA0
llama_kv_cache: layer  20: dev = CUDA0
llama_kv_cache: layer  21: dev = CUDA0
llama_kv_cache: layer  22: dev = CUDA0
llama_kv_cache: layer  23: dev = CUDA0
llama_kv_cache: layer  24: dev = CUDA0
llama_kv_cache: layer  25: dev = CUDA0
llama_kv_cache: layer  26: dev = CUDA0
llama_kv_cache: layer  27: dev = CUDA0
llama_kv_cache:        CPU KV buffer size =     4.50 MiB
llama_kv_cache:      CUDA0 KV buffer size =    37.50 MiB
llama_kv_cache: size =   42.00 MiB (   768 cells,  28 layers,  1/1 seqs), K (f16):   21.00 MiB, V (f16):   21.00 MiB
llama_kv_cache: attn_rot_k = 0, n_embd_head_k_all = 128
llama_kv_cache: attn_rot_v = 0, n_embd_head_k_all = 128
llama_context: enumerating backends
llama_context: backend_ptrs.size() = 2
sched_reserve: reserving ...
sched_reserve: max_nodes = 2712
sched_reserve: reserving full memory module
sched_reserve: worst-case: n_tokens = 512, n_seqs = 1, n_outputs = 1
graph_reserve: reserving a graph for ubatch with n_tokens =    1, n_seqs =  1, n_outputs =    1
sched_reserve: Flash Attention was auto, set to enabled
sched_reserve: resolving fused Gated Delta Net support:
graph_reserve: reserving a graph for ubatch with n_tokens =    1, n_seqs =  1, n_outputs =    1
sched_reserve: fused Gated Delta Net (autoregressive) enabled
graph_reserve: reserving a graph for ubatch with n_tokens =   16, n_seqs =  1, n_outputs =   16
sched_reserve: fused Gated Delta Net (chunked) enabled
graph_reserve: reserving a graph for ubatch with n_tokens =  512, n_seqs =  1, n_outputs =  512
graph_reserve: reserving a graph for ubatch with n_tokens =    1, n_seqs =  1, n_outputs =    1
graph_reserve: reserving a graph for ubatch with n_tokens =  512, n_seqs =  1, n_outputs =  512
sched_reserve:      CUDA0 compute buffer size =   304.00 MiB
sched_reserve:  CUDA_Host compute buffer size =    14.76 MiB
sched_reserve: graph nodes  = 958
sched_reserve: graph splits = 44 (with bs=512), 2 (with bs=1)
sched_reserve: reserve took 14.72 ms, sched copies = 1
CUDA Graph id 20028 reused
ggml_backend_cuda_graph_compute: CUDA graph warmup complete
CUDA Graph id 20028 reused
CUDA Graph id 20028 reused
CUDA Graph id 20028 reused
CUDA Graph id 20028 reused
CUDA Graph id 20028 reused
CUDA Graph id 20028 reused
CUDA Graph id 20028 reused
CUDA Graph id 20028 reused
CUDA Graph id 20028 reused
CUDA Graph id 20028 reused
CUDA Graph id 20028 reused
CUDA Graph id 20028 reused
CUDA Graph id 20028 reused
CUDA Graph id 20028 reused
CUDA Graph id 20028 reused
CUDA Graph id 20028 reused
CUDA Graph id 20028 reused
CUDA Graph id 20028 reused
CUDA Graph id 20028 reused
CUDA Graph id 20028 reused
CUDA Graph id 20028 reused
CUDA Graph id 20028 reused
CUDA Graph id 20028 reused
CUDA Graph id 20028 reused
CUDA Graph id 20028 reused
CUDA Graph id 20028 reused
CUDA Graph id 20028 reused
CUDA Graph id 20028 reused
CUDA Graph id 20028 reused
CUDA Graph id 20028 reused
CUDA Graph id 20028 reused
CUDA Graph id 20028 reused
CUDA Graph id 20028 reused
CUDA Graph id 20028 reused
CUDA Graph id 20028 reused
CUDA Graph id 20028 reused
CUDA Graph id 20028 reused
CUDA Graph id 20028 reused
CUDA Graph id 20028 reused
CUDA Graph id 20028 reused
CUDA Graph id 20028 reused
CUDA Graph id 20028 reused
CUDA Graph id 20028 reused
CUDA Graph id 20028 reused
CUDA Graph id 20028 reused
CUDA Graph id 20028 reused
CUDA Graph id 20028 reused
CUDA Graph id 20028 reused
CUDA Graph id 20028 reused
CUDA Graph id 20028 reused
CUDA Graph id 20028 reused
CUDA Graph id 20028 reused
CUDA Graph id 20028 reused
CUDA Graph id 20028 reused
CUDA Graph id 20028 reused
CUDA Graph id 20028 reused
CUDA Graph id 20028 reused
CUDA Graph id 20028 reused
CUDA Graph id 20028 reused
CUDA Graph id 20028 reused
CUDA Graph id 20028 reused
CUDA Graph id 20028 reused
CUDA Graph id 20028 reused
CUDA Graph id 20028 reused
CUDA Graph id 20028 reused
CUDA Graph id 20028 reused
CUDA Graph id 20028 reused
CUDA Graph id 20028 reused
CUDA Graph id 20028 reused
~llama_context:      CUDA0 compute buffer size is 304.0000 MiB, matches expectation of 304.0000 MiB
~llama_context:  CUDA_Host compute buffer size is  14.7637 MiB, matches expectation of  14.7637 MiB
llama_context: constructing llama_context
llama_context: n_seq_max     = 1
llama_context: n_ctx         = 768
llama_context: n_ctx_seq     = 768
llama_context: n_batch       = 692
llama_context: n_ubatch      = 512
llama_context: causal_attn   = 1
llama_context: flash_attn    = auto
llama_context: kv_unified    = false
llama_context: freq_base     = 1000000.0
llama_context: freq_scale    = 1
llama_context: n_rs_seq      = 0
llama_context: n_outputs_max = 692
llama_context: n_ctx_seq (768) < n_ctx_train (32768) -- the full capacity of the model will not be utilized
set_abort_callback: call
llama_context:  CUDA_Host  output buffer size =     0.58 MiB
llama_kv_cache: layer   0: dev = CPU
llama_kv_cache: layer   1: dev = CPU
llama_kv_cache: layer   2: dev = CPU
llama_kv_cache: layer   3: dev = CUDA0
llama_kv_cache: layer   4: dev = CUDA0
llama_kv_cache: layer   5: dev = CUDA0
llama_kv_cache: layer   6: dev = CUDA0
llama_kv_cache: layer   7: dev = CUDA0
llama_kv_cache: layer   8: dev = CUDA0
llama_kv_cache: layer   9: dev = CUDA0
llama_kv_cache: layer  10: dev = CUDA0
llama_kv_cache: layer  11: dev = CUDA0
llama_kv_cache: layer  12: dev = CUDA0
llama_kv_cache: layer  13: dev = CUDA0
llama_kv_cache: layer  14: dev = CUDA0
llama_kv_cache: layer  15: dev = CUDA0
llama_kv_cache: layer  16: dev = CUDA0
llama_kv_cache: layer  17: dev = CUDA0
llama_kv_cache: layer  18: dev = CUDA0
llama_kv_cache: layer  19: dev = CUDA0
llama_kv_cache: layer  20: dev = CUDA0
llama_kv_cache: layer  21: dev = CUDA0
llama_kv_cache: layer  22: dev = CUDA0
llama_kv_cache: layer  23: dev = CUDA0
llama_kv_cache: layer  24: dev = CUDA0
llama_kv_cache: layer  25: dev = CUDA0
llama_kv_cache: layer  26: dev = CUDA0
llama_kv_cache: layer  27: dev = CUDA0
llama_kv_cache:        CPU KV buffer size =     4.50 MiB
llama_kv_cache:      CUDA0 KV buffer size =    37.50 MiB
llama_kv_cache: size =   42.00 MiB (   768 cells,  28 layers,  1/1 seqs), K (f16):   21.00 MiB, V (f16):   21.00 MiB
llama_kv_cache: attn_rot_k = 0, n_embd_head_k_all = 128
llama_kv_cache: attn_rot_v = 0, n_embd_head_k_all = 128
llama_context: enumerating backends
llama_context: backend_ptrs.size() = 2
sched_reserve: reserving ...
sched_reserve: max_nodes = 2712
sched_reserve: reserving full memory module
sched_reserve: worst-case: n_tokens = 512, n_seqs = 1, n_outputs = 1
graph_reserve: reserving a graph for ubatch with n_tokens =    1, n_seqs =  1, n_outputs =    1
sched_reserve: Flash Attention was auto, set to enabled
sched_reserve: resolving fused Gated Delta Net support:
graph_reserve: reserving a graph for ubatch with n_tokens =    1, n_seqs =  1, n_outputs =    1
sched_reserve: fused Gated Delta Net (autoregressive) enabled
graph_reserve: reserving a graph for ubatch with n_tokens =   16, n_seqs =  1, n_outputs =   16
sched_reserve: fused Gated Delta Net (chunked) enabled
graph_reserve: reserving a graph for ubatch with n_tokens =  512, n_seqs =  1, n_outputs =  512
graph_reserve: reserving a graph for ubatch with n_tokens =    1, n_seqs =  1, n_outputs =    1
graph_reserve: reserving a graph for ubatch with n_tokens =  512, n_seqs =  1, n_outputs =  512
sched_reserve:      CUDA0 compute buffer size =   304.00 MiB
sched_reserve:  CUDA_Host compute buffer size =    14.76 MiB
sched_reserve: graph nodes  = 958
sched_reserve: graph splits = 44 (with bs=512), 2 (with bs=1)
sched_reserve: reserve took 13.08 ms, sched copies = 1
CUDA Graph id 20178 reused
ggml_backend_cuda_graph_compute: CUDA graph warmup complete
CUDA Graph id 20178 reused
CUDA Graph id 20178 reused
CUDA Graph id 20178 reused
CUDA Graph id 20178 reused
CUDA Graph id 20178 reused
CUDA Graph id 20178 reused
CUDA Graph id 20178 reused
CUDA Graph id 20178 reused
CUDA Graph id 20178 reused
CUDA Graph id 20178 reused
CUDA Graph id 20178 reused
CUDA Graph id 20178 reused
CUDA Graph id 20178 reused
CUDA Graph id 20178 reused
CUDA Graph id 20178 reused
CUDA Graph id 20178 reused
CUDA Graph id 20178 reused
CUDA Graph id 20178 reused
CUDA Graph id 20178 reused
CUDA Graph id 20178 reused
CUDA Graph id 20178 reused
CUDA Graph id 20178 reused
CUDA Graph id 20178 reused
CUDA Graph id 20178 reused
CUDA Graph id 20178 reused
CUDA Graph id 20178 reused
CUDA Graph id 20178 reused
CUDA Graph id 20178 reused
CUDA Graph id 20178 reused
CUDA Graph id 20178 reused
CUDA Graph id 20178 reused
CUDA Graph id 20178 reused
CUDA Graph id 20178 reused
CUDA Graph id 20178 reused
CUDA Graph id 20178 reused
CUDA Graph id 20178 reused
CUDA Graph id 20178 reused
CUDA Graph id 20178 reused
CUDA Graph id 20178 reused
CUDA Graph id 20178 reused
CUDA Graph id 20178 reused
CUDA Graph id 20178 reused
CUDA Graph id 20178 reused
CUDA Graph id 20178 reused
CUDA Graph id 20178 reused
CUDA Graph id 20178 reused
CUDA Graph id 20178 reused
CUDA Graph id 20178 reused
CUDA Graph id 20178 reused
CUDA Graph id 20178 reused
CUDA Graph id 20178 reused
CUDA Graph id 20178 reused
CUDA Graph id 20178 reused
CUDA Graph id 20178 reused
CUDA Graph id 20178 reused
CUDA Graph id 20178 reused
CUDA Graph id 20178 reused
CUDA Graph id 20178 reused
CUDA Graph id 20178 reused
CUDA Graph id 20178 reused
CUDA Graph id 20178 reused
CUDA Graph id 20178 reused
CUDA Graph id 20178 reused
CUDA Graph id 20178 reused
CUDA Graph id 20178 reused
CUDA Graph id 20178 reused
CUDA Graph id 20178 reused
CUDA Graph id 20178 reused
CUDA Graph id 20178 reused
~llama_context:      CUDA0 compute buffer size is 304.0000 MiB, matches expectation of 304.0000 MiB
~llama_context:  CUDA_Host compute buffer size is  14.7637 MiB, matches expectation of  14.7637 MiB
llama_context: constructing llama_context
llama_context: n_seq_max     = 1
llama_context: n_ctx         = 768
llama_context: n_ctx_seq     = 768
llama_context: n_batch       = 692
llama_context: n_ubatch      = 512
llama_context: causal_attn   = 1
llama_context: flash_attn    = auto
llama_context: kv_unified    = false
llama_context: freq_base     = 1000000.0
llama_context: freq_scale    = 1
llama_context: n_rs_seq      = 0
llama_context: n_outputs_max = 692
llama_context: n_ctx_seq (768) < n_ctx_train (32768) -- the full capacity of the model will not be utilized
set_abort_callback: call
llama_context:  CUDA_Host  output buffer size =     0.58 MiB
llama_kv_cache: layer   0: dev = CPU
llama_kv_cache: layer   1: dev = CPU
llama_kv_cache: layer   2: dev = CPU
llama_kv_cache: layer   3: dev = CUDA0
llama_kv_cache: layer   4: dev = CUDA0
llama_kv_cache: layer   5: dev = CUDA0
llama_kv_cache: layer   6: dev = CUDA0
llama_kv_cache: layer   7: dev = CUDA0
llama_kv_cache: layer   8: dev = CUDA0
llama_kv_cache: layer   9: dev = CUDA0
llama_kv_cache: layer  10: dev = CUDA0
llama_kv_cache: layer  11: dev = CUDA0
llama_kv_cache: layer  12: dev = CUDA0
llama_kv_cache: layer  13: dev = CUDA0
llama_kv_cache: layer  14: dev = CUDA0
llama_kv_cache: layer  15: dev = CUDA0
llama_kv_cache: layer  16: dev = CUDA0
llama_kv_cache: layer  17: dev = CUDA0
llama_kv_cache: layer  18: dev = CUDA0
llama_kv_cache: layer  19: dev = CUDA0
llama_kv_cache: layer  20: dev = CUDA0
llama_kv_cache: layer  21: dev = CUDA0
llama_kv_cache: layer  22: dev = CUDA0
llama_kv_cache: layer  23: dev = CUDA0
llama_kv_cache: layer  24: dev = CUDA0
llama_kv_cache: layer  25: dev = CUDA0
llama_kv_cache: layer  26: dev = CUDA0
llama_kv_cache: layer  27: dev = CUDA0
llama_kv_cache:        CPU KV buffer size =     4.50 MiB
llama_kv_cache:      CUDA0 KV buffer size =    37.50 MiB
llama_kv_cache: size =   42.00 MiB (   768 cells,  28 layers,  1/1 seqs), K (f16):   21.00 MiB, V (f16):   21.00 MiB
llama_kv_cache: attn_rot_k = 0, n_embd_head_k_all = 128
llama_kv_cache: attn_rot_v = 0, n_embd_head_k_all = 128
llama_context: enumerating backends
llama_context: backend_ptrs.size() = 2
sched_reserve: reserving ...
sched_reserve: max_nodes = 2712
sched_reserve: reserving full memory module
sched_reserve: worst-case: n_tokens = 512, n_seqs = 1, n_outputs = 1
graph_reserve: reserving a graph for ubatch with n_tokens =    1, n_seqs =  1, n_outputs =    1
sched_reserve: Flash Attention was auto, set to enabled
sched_reserve: resolving fused Gated Delta Net support:
graph_reserve: reserving a graph for ubatch with n_tokens =    1, n_seqs =  1, n_outputs =    1
sched_reserve: fused Gated Delta Net (autoregressive) enabled
graph_reserve: reserving a graph for ubatch with n_tokens =   16, n_seqs =  1, n_outputs =   16
sched_reserve: fused Gated Delta Net (chunked) enabled
graph_reserve: reserving a graph for ubatch with n_tokens =  512, n_seqs =  1, n_outputs =  512
graph_reserve: reserving a graph for ubatch with n_tokens =    1, n_seqs =  1, n_outputs =    1
graph_reserve: reserving a graph for ubatch with n_tokens =  512, n_seqs =  1, n_outputs =  512
sched_reserve:      CUDA0 compute buffer size =   304.00 MiB
sched_reserve:  CUDA_Host compute buffer size =    14.76 MiB
sched_reserve: graph nodes  = 958
sched_reserve: graph splits = 44 (with bs=512), 2 (with bs=1)
sched_reserve: reserve took 12.67 ms, sched copies = 1
CUDA Graph id 20328 reused
ggml_backend_cuda_graph_compute: CUDA graph warmup complete
CUDA Graph id 20328 reused
CUDA Graph id 20328 reused
CUDA Graph id 20328 reused
CUDA Graph id 20328 reused
CUDA Graph id 20328 reused
CUDA Graph id 20328 reused
CUDA Graph id 20328 reused
CUDA Graph id 20328 reused
CUDA Graph id 20328 reused
CUDA Graph id 20328 reused
CUDA Graph id 20328 reused
CUDA Graph id 20328 reused
CUDA Graph id 20328 reused
CUDA Graph id 20328 reused
CUDA Graph id 20328 reused
CUDA Graph id 20328 reused
CUDA Graph id 20328 reused
CUDA Graph id 20328 reused
CUDA Graph id 20328 reused
CUDA Graph id 20328 reused
CUDA Graph id 20328 reused
CUDA Graph id 20328 reused
CUDA Graph id 20328 reused
CUDA Graph id 20328 reused
CUDA Graph id 20328 reused
CUDA Graph id 20328 reused
CUDA Graph id 20328 reused
CUDA Graph id 20328 reused
CUDA Graph id 20328 reused
CUDA Graph id 20328 reused
CUDA Graph id 20328 reused
CUDA Graph id 20328 reused
CUDA Graph id 20328 reused
CUDA Graph id 20328 reused
CUDA Graph id 20328 reused
CUDA Graph id 20328 reused
CUDA Graph id 20328 reused
CUDA Graph id 20328 reused
CUDA Graph id 20328 reused
CUDA Graph id 20328 reused
CUDA Graph id 20328 reused
CUDA Graph id 20328 reused
CUDA Graph id 20328 reused
CUDA Graph id 20328 reused
CUDA Graph id 20328 reused
CUDA Graph id 20328 reused
CUDA Graph id 20328 reused
CUDA Graph id 20328 reused
CUDA Graph id 20328 reused
CUDA Graph id 20328 reused
CUDA Graph id 20328 reused
CUDA Graph id 20328 reused
CUDA Graph id 20328 reused
CUDA Graph id 20328 reused
CUDA Graph id 20328 reused
CUDA Graph id 20328 reused
CUDA Graph id 20328 reused
CUDA Graph id 20328 reused
CUDA Graph id 20328 reused
CUDA Graph id 20328 reused
CUDA Graph id 20328 reused
CUDA Graph id 20328 reused
CUDA Graph id 20328 reused
CUDA Graph id 20328 reused
CUDA Graph id 20328 reused
CUDA Graph id 20328 reused
CUDA Graph id 20328 reused
CUDA Graph id 20328 reused
CUDA Graph id 20328 reused
CUDA Graph id 20328 reused
CUDA Graph id 20328 reused
~llama_context:      CUDA0 compute buffer size is 304.0000 MiB, matches expectation of 304.0000 MiB
~llama_context:  CUDA_Host compute buffer size is  14.7637 MiB, matches expectation of  14.7637 MiB
llama_context: constructing llama_context
llama_context: n_seq_max     = 1
llama_context: n_ctx         = 768
llama_context: n_ctx_seq     = 768
llama_context: n_batch       = 692
llama_context: n_ubatch      = 512
llama_context: causal_attn   = 1
llama_context: flash_attn    = auto
llama_context: kv_unified    = false
llama_context: freq_base     = 1000000.0
llama_context: freq_scale    = 1
llama_context: n_rs_seq      = 0
llama_context: n_outputs_max = 692
llama_context: n_ctx_seq (768) < n_ctx_train (32768) -- the full capacity of the model will not be utilized
set_abort_callback: call
llama_context:  CUDA_Host  output buffer size =     0.58 MiB
llama_kv_cache: layer   0: dev = CPU
llama_kv_cache: layer   1: dev = CPU
llama_kv_cache: layer   2: dev = CPU
llama_kv_cache: layer   3: dev = CUDA0
llama_kv_cache: layer   4: dev = CUDA0
llama_kv_cache: layer   5: dev = CUDA0
llama_kv_cache: layer   6: dev = CUDA0
llama_kv_cache: layer   7: dev = CUDA0
llama_kv_cache: layer   8: dev = CUDA0
llama_kv_cache: layer   9: dev = CUDA0
llama_kv_cache: layer  10: dev = CUDA0
llama_kv_cache: layer  11: dev = CUDA0
llama_kv_cache: layer  12: dev = CUDA0
llama_kv_cache: layer  13: dev = CUDA0
llama_kv_cache: layer  14: dev = CUDA0
llama_kv_cache: layer  15: dev = CUDA0
llama_kv_cache: layer  16: dev = CUDA0
llama_kv_cache: layer  17: dev = CUDA0
llama_kv_cache: layer  18: dev = CUDA0
llama_kv_cache: layer  19: dev = CUDA0
llama_kv_cache: layer  20: dev = CUDA0
llama_kv_cache: layer  21: dev = CUDA0
llama_kv_cache: layer  22: dev = CUDA0
llama_kv_cache: layer  23: dev = CUDA0
llama_kv_cache: layer  24: dev = CUDA0
llama_kv_cache: layer  25: dev = CUDA0
llama_kv_cache: layer  26: dev = CUDA0
llama_kv_cache: layer  27: dev = CUDA0
llama_kv_cache:        CPU KV buffer size =     4.50 MiB
llama_kv_cache:      CUDA0 KV buffer size =    37.50 MiB
llama_kv_cache: size =   42.00 MiB (   768 cells,  28 layers,  1/1 seqs), K (f16):   21.00 MiB, V (f16):   21.00 MiB
llama_kv_cache: attn_rot_k = 0, n_embd_head_k_all = 128
llama_kv_cache: attn_rot_v = 0, n_embd_head_k_all = 128
llama_context: enumerating backends
llama_context: backend_ptrs.size() = 2
sched_reserve: reserving ...
sched_reserve: max_nodes = 2712
sched_reserve: reserving full memory module
sched_reserve: worst-case: n_tokens = 512, n_seqs = 1, n_outputs = 1
graph_reserve: reserving a graph for ubatch with n_tokens =    1, n_seqs =  1, n_outputs =    1
sched_reserve: Flash Attention was auto, set to enabled
sched_reserve: resolving fused Gated Delta Net support:
graph_reserve: reserving a graph for ubatch with n_tokens =    1, n_seqs =  1, n_outputs =    1
sched_reserve: fused Gated Delta Net (autoregressive) enabled
graph_reserve: reserving a graph for ubatch with n_tokens =   16, n_seqs =  1, n_outputs =   16
sched_reserve: fused Gated Delta Net (chunked) enabled
graph_reserve: reserving a graph for ubatch with n_tokens =  512, n_seqs =  1, n_outputs =  512
graph_reserve: reserving a graph for ubatch with n_tokens =    1, n_seqs =  1, n_outputs =    1
graph_reserve: reserving a graph for ubatch with n_tokens =  512, n_seqs =  1, n_outputs =  512
sched_reserve:      CUDA0 compute buffer size =   304.00 MiB
sched_reserve:  CUDA_Host compute buffer size =    14.76 MiB
sched_reserve: graph nodes  = 958
sched_reserve: graph splits = 44 (with bs=512), 2 (with bs=1)
sched_reserve: reserve took 17.20 ms, sched copies = 1
CUDA Graph id 20478 reused
ggml_backend_cuda_graph_compute: CUDA graph warmup complete
CUDA Graph id 20478 reused
CUDA Graph id 20478 reused
CUDA Graph id 20478 reused
CUDA Graph id 20478 reused
CUDA Graph id 20478 reused
CUDA Graph id 20478 reused
CUDA Graph id 20478 reused
CUDA Graph id 20478 reused
CUDA Graph id 20478 reused
CUDA Graph id 20478 reused
CUDA Graph id 20478 reused
CUDA Graph id 20478 reused
CUDA Graph id 20478 reused
CUDA Graph id 20478 reused
CUDA Graph id 20478 reused
CUDA Graph id 20478 reused
CUDA Graph id 20478 reused
CUDA Graph id 20478 reused
CUDA Graph id 20478 reused
CUDA Graph id 20478 reused
CUDA Graph id 20478 reused
CUDA Graph id 20478 reused
CUDA Graph id 20478 reused
CUDA Graph id 20478 reused
CUDA Graph id 20478 reused
CUDA Graph id 20478 reused
CUDA Graph id 20478 reused
CUDA Graph id 20478 reused
CUDA Graph id 20478 reused
CUDA Graph id 20478 reused
CUDA Graph id 20478 reused
CUDA Graph id 20478 reused
CUDA Graph id 20478 reused
CUDA Graph id 20478 reused
CUDA Graph id 20478 reused
CUDA Graph id 20478 reused
CUDA Graph id 20478 reused
CUDA Graph id 20478 reused
CUDA Graph id 20478 reused
CUDA Graph id 20478 reused
CUDA Graph id 20478 reused
CUDA Graph id 20478 reused
CUDA Graph id 20478 reused
CUDA Graph id 20478 reused
CUDA Graph id 20478 reused
CUDA Graph id 20478 reused
CUDA Graph id 20478 reused
CUDA Graph id 20478 reused
CUDA Graph id 20478 reused
CUDA Graph id 20478 reused
CUDA Graph id 20478 reused
CUDA Graph id 20478 reused
CUDA Graph id 20478 reused
CUDA Graph id 20478 reused
CUDA Graph id 20478 reused
CUDA Graph id 20478 reused
CUDA Graph id 20478 reused
CUDA Graph id 20478 reused
CUDA Graph id 20478 reused
CUDA Graph id 20478 reused
CUDA Graph id 20478 reused
CUDA Graph id 20478 reused
CUDA Graph id 20478 reused
CUDA Graph id 20478 reused
CUDA Graph id 20478 reused
CUDA Graph id 20478 reused
CUDA Graph id 20478 reused
CUDA Graph id 20478 reused
CUDA Graph id 20478 reused
CUDA Graph id 20478 reused
CUDA Graph id 20478 reused
CUDA Graph id 20478 reused
CUDA Graph id 20478 reused
CUDA Graph id 20478 reused
CUDA Graph id 20478 reused
CUDA Graph id 20478 reused
CUDA Graph id 20478 reused
CUDA Graph id 20478 reused
CUDA Graph id 20478 reused
~llama_context:      CUDA0 compute buffer size is 304.0000 MiB, matches expectation of 304.0000 MiB
~llama_context:  CUDA_Host compute buffer size is  14.7637 MiB, matches expectation of  14.7637 MiB
llama_context: constructing llama_context
llama_context: n_seq_max     = 1
llama_context: n_ctx         = 768
llama_context: n_ctx_seq     = 768
llama_context: n_batch       = 692
llama_context: n_ubatch      = 512
llama_context: causal_attn   = 1
llama_context: flash_attn    = auto
llama_context: kv_unified    = false
llama_context: freq_base     = 1000000.0
llama_context: freq_scale    = 1
llama_context: n_rs_seq      = 0
llama_context: n_outputs_max = 692
llama_context: n_ctx_seq (768) < n_ctx_train (32768) -- the full capacity of the model will not be utilized
set_abort_callback: call
llama_context:  CUDA_Host  output buffer size =     0.58 MiB
llama_kv_cache: layer   0: dev = CPU
llama_kv_cache: layer   1: dev = CPU
llama_kv_cache: layer   2: dev = CPU
llama_kv_cache: layer   3: dev = CUDA0
llama_kv_cache: layer   4: dev = CUDA0
llama_kv_cache: layer   5: dev = CUDA0
llama_kv_cache: layer   6: dev = CUDA0
llama_kv_cache: layer   7: dev = CUDA0
llama_kv_cache: layer   8: dev = CUDA0
llama_kv_cache: layer   9: dev = CUDA0
llama_kv_cache: layer  10: dev = CUDA0
llama_kv_cache: layer  11: dev = CUDA0
llama_kv_cache: layer  12: dev = CUDA0
llama_kv_cache: layer  13: dev = CUDA0
llama_kv_cache: layer  14: dev = CUDA0
llama_kv_cache: layer  15: dev = CUDA0
llama_kv_cache: layer  16: dev = CUDA0
llama_kv_cache: layer  17: dev = CUDA0
llama_kv_cache: layer  18: dev = CUDA0
llama_kv_cache: layer  19: dev = CUDA0
llama_kv_cache: layer  20: dev = CUDA0
llama_kv_cache: layer  21: dev = CUDA0
llama_kv_cache: layer  22: dev = CUDA0
llama_kv_cache: layer  23: dev = CUDA0
llama_kv_cache: layer  24: dev = CUDA0
llama_kv_cache: layer  25: dev = CUDA0
llama_kv_cache: layer  26: dev = CUDA0
llama_kv_cache: layer  27: dev = CUDA0
llama_kv_cache:        CPU KV buffer size =     4.50 MiB
llama_kv_cache:      CUDA0 KV buffer size =    37.50 MiB
llama_kv_cache: size =   42.00 MiB (   768 cells,  28 layers,  1/1 seqs), K (f16):   21.00 MiB, V (f16):   21.00 MiB
llama_kv_cache: attn_rot_k = 0, n_embd_head_k_all = 128
llama_kv_cache: attn_rot_v = 0, n_embd_head_k_all = 128
llama_context: enumerating backends
llama_context: backend_ptrs.size() = 2
sched_reserve: reserving ...
sched_reserve: max_nodes = 2712
sched_reserve: reserving full memory module
sched_reserve: worst-case: n_tokens = 512, n_seqs = 1, n_outputs = 1
graph_reserve: reserving a graph for ubatch with n_tokens =    1, n_seqs =  1, n_outputs =    1
sched_reserve: Flash Attention was auto, set to enabled
sched_reserve: resolving fused Gated Delta Net support:
graph_reserve: reserving a graph for ubatch with n_tokens =    1, n_seqs =  1, n_outputs =    1
sched_reserve: fused Gated Delta Net (autoregressive) enabled
graph_reserve: reserving a graph for ubatch with n_tokens =   16, n_seqs =  1, n_outputs =   16
sched_reserve: fused Gated Delta Net (chunked) enabled
graph_reserve: reserving a graph for ubatch with n_tokens =  512, n_seqs =  1, n_outputs =  512
graph_reserve: reserving a graph for ubatch with n_tokens =    1, n_seqs =  1, n_outputs =    1
graph_reserve: reserving a graph for ubatch with n_tokens =  512, n_seqs =  1, n_outputs =  512
sched_reserve:      CUDA0 compute buffer size =   304.00 MiB
sched_reserve:  CUDA_Host compute buffer size =    14.76 MiB
sched_reserve: graph nodes  = 958
sched_reserve: graph splits = 44 (with bs=512), 2 (with bs=1)
sched_reserve: reserve took 16.74 ms, sched copies = 1
CUDA Graph id 20628 reused
ggml_backend_cuda_graph_compute: CUDA graph warmup complete
CUDA Graph id 20628 reused
CUDA Graph id 20628 reused
CUDA Graph id 20628 reused
CUDA Graph id 20628 reused
CUDA Graph id 20628 reused
CUDA Graph id 20628 reused
CUDA Graph id 20628 reused
CUDA Graph id 20628 reused
CUDA Graph id 20628 reused
CUDA Graph id 20628 reused
~llama_context:      CUDA0 compute buffer size is 304.0000 MiB, matches expectation of 304.0000 MiB
~llama_context:  CUDA_Host compute buffer size is  14.7637 MiB, matches expectation of  14.7637 MiB
llama_context: constructing llama_context
llama_context: n_seq_max     = 1
llama_context: n_ctx         = 768
llama_context: n_ctx_seq     = 768
llama_context: n_batch       = 692
llama_context: n_ubatch      = 512
llama_context: causal_attn   = 1
llama_context: flash_attn    = auto
llama_context: kv_unified    = false
llama_context: freq_base     = 1000000.0
llama_context: freq_scale    = 1
llama_context: n_rs_seq      = 0
llama_context: n_outputs_max = 692
llama_context: n_ctx_seq (768) < n_ctx_train (32768) -- the full capacity of the model will not be utilized
set_abort_callback: call
llama_context:  CUDA_Host  output buffer size =     0.58 MiB
llama_kv_cache: layer   0: dev = CPU
llama_kv_cache: layer   1: dev = CPU
llama_kv_cache: layer   2: dev = CPU
llama_kv_cache: layer   3: dev = CUDA0
llama_kv_cache: layer   4: dev = CUDA0
llama_kv_cache: layer   5: dev = CUDA0
llama_kv_cache: layer   6: dev = CUDA0
llama_kv_cache: layer   7: dev = CUDA0
llama_kv_cache: layer   8: dev = CUDA0
llama_kv_cache: layer   9: dev = CUDA0
llama_kv_cache: layer  10: dev = CUDA0
llama_kv_cache: layer  11: dev = CUDA0
llama_kv_cache: layer  12: dev = CUDA0
llama_kv_cache: layer  13: dev = CUDA0
llama_kv_cache: layer  14: dev = CUDA0
llama_kv_cache: layer  15: dev = CUDA0
llama_kv_cache: layer  16: dev = CUDA0
llama_kv_cache: layer  17: dev = CUDA0
llama_kv_cache: layer  18: dev = CUDA0
llama_kv_cache: layer  19: dev = CUDA0
llama_kv_cache: layer  20: dev = CUDA0
llama_kv_cache: layer  21: dev = CUDA0
llama_kv_cache: layer  22: dev = CUDA0
llama_kv_cache: layer  23: dev = CUDA0
llama_kv_cache: layer  24: dev = CUDA0
llama_kv_cache: layer  25: dev = CUDA0
llama_kv_cache: layer  26: dev = CUDA0
llama_kv_cache: layer  27: dev = CUDA0
llama_kv_cache:        CPU KV buffer size =     4.50 MiB
llama_kv_cache:      CUDA0 KV buffer size =    37.50 MiB
llama_kv_cache: size =   42.00 MiB (   768 cells,  28 layers,  1/1 seqs), K (f16):   21.00 MiB, V (f16):   21.00 MiB
llama_kv_cache: attn_rot_k = 0, n_embd_head_k_all = 128
llama_kv_cache: attn_rot_v = 0, n_embd_head_k_all = 128
llama_context: enumerating backends
llama_context: backend_ptrs.size() = 2
sched_reserve: reserving ...
sched_reserve: max_nodes = 2712
sched_reserve: reserving full memory module
sched_reserve: worst-case: n_tokens = 512, n_seqs = 1, n_outputs = 1
graph_reserve: reserving a graph for ubatch with n_tokens =    1, n_seqs =  1, n_outputs =    1
sched_reserve: Flash Attention was auto, set to enabled
sched_reserve: resolving fused Gated Delta Net support:
graph_reserve: reserving a graph for ubatch with n_tokens =    1, n_seqs =  1, n_outputs =    1
sched_reserve: fused Gated Delta Net (autoregressive) enabled
graph_reserve: reserving a graph for ubatch with n_tokens =   16, n_seqs =  1, n_outputs =   16
sched_reserve: fused Gated Delta Net (chunked) enabled
graph_reserve: reserving a graph for ubatch with n_tokens =  512, n_seqs =  1, n_outputs =  512
graph_reserve: reserving a graph for ubatch with n_tokens =    1, n_seqs =  1, n_outputs =    1
graph_reserve: reserving a graph for ubatch with n_tokens =  512, n_seqs =  1, n_outputs =  512
sched_reserve:      CUDA0 compute buffer size =   304.00 MiB
sched_reserve:  CUDA_Host compute buffer size =    14.76 MiB
sched_reserve: graph nodes  = 958
sched_reserve: graph splits = 44 (with bs=512), 2 (with bs=1)
sched_reserve: reserve took 12.37 ms, sched copies = 1
CUDA Graph id 20778 reused
ggml_backend_cuda_graph_compute: CUDA graph warmup complete
CUDA Graph id 20778 reused
CUDA Graph id 20778 reused
CUDA Graph id 20778 reused
CUDA Graph id 20778 reused
CUDA Graph id 20778 reused
CUDA Graph id 20778 reused
CUDA Graph id 20778 reused
CUDA Graph id 20778 reused
CUDA Graph id 20778 reused
CUDA Graph id 20778 reused
CUDA Graph id 20778 reused
CUDA Graph id 20778 reused
CUDA Graph id 20778 reused
CUDA Graph id 20778 reused
CUDA Graph id 20778 reused
CUDA Graph id 20778 reused
CUDA Graph id 20778 reused
CUDA Graph id 20778 reused
CUDA Graph id 20778 reused
CUDA Graph id 20778 reused
CUDA Graph id 20778 reused
CUDA Graph id 20778 reused
CUDA Graph id 20778 reused
CUDA Graph id 20778 reused
CUDA Graph id 20778 reused
CUDA Graph id 20778 reused
CUDA Graph id 20778 reused
CUDA Graph id 20778 reused
CUDA Graph id 20778 reused
CUDA Graph id 20778 reused
CUDA Graph id 20778 reused
CUDA Graph id 20778 reused
CUDA Graph id 20778 reused
CUDA Graph id 20778 reused
CUDA Graph id 20778 reused
CUDA Graph id 20778 reused
CUDA Graph id 20778 reused
CUDA Graph id 20778 reused
CUDA Graph id 20778 reused
CUDA Graph id 20778 reused
CUDA Graph id 20778 reused
CUDA Graph id 20778 reused
CUDA Graph id 20778 reused
CUDA Graph id 20778 reused
CUDA Graph id 20778 reused
CUDA Graph id 20778 reused
CUDA Graph id 20778 reused
CUDA Graph id 20778 reused
CUDA Graph id 20778 reused
CUDA Graph id 20778 reused
CUDA Graph id 20778 reused
CUDA Graph id 20778 reused
CUDA Graph id 20778 reused
~llama_context:      CUDA0 compute buffer size is 304.0000 MiB, matches expectation of 304.0000 MiB
~llama_context:  CUDA_Host compute buffer size is  14.7637 MiB, matches expectation of  14.7637 MiB
schema 98/100 done
llama_context: constructing llama_context
llama_context: n_seq_max     = 1
llama_context: n_ctx         = 768
llama_context: n_ctx_seq     = 768
llama_context: n_batch       = 641
llama_context: n_ubatch      = 512
llama_context: causal_attn   = 1
llama_context: flash_attn    = auto
llama_context: kv_unified    = false
llama_context: freq_base     = 1000000.0
llama_context: freq_scale    = 1
llama_context: n_rs_seq      = 0
llama_context: n_outputs_max = 641
llama_context: n_ctx_seq (768) < n_ctx_train (32768) -- the full capacity of the model will not be utilized
set_abort_callback: call
llama_context:  CUDA_Host  output buffer size =     0.58 MiB
llama_kv_cache: layer   0: dev = CPU
llama_kv_cache: layer   1: dev = CPU
llama_kv_cache: layer   2: dev = CPU
llama_kv_cache: layer   3: dev = CUDA0
llama_kv_cache: layer   4: dev = CUDA0
llama_kv_cache: layer   5: dev = CUDA0
llama_kv_cache: layer   6: dev = CUDA0
llama_kv_cache: layer   7: dev = CUDA0
llama_kv_cache: layer   8: dev = CUDA0
llama_kv_cache: layer   9: dev = CUDA0
llama_kv_cache: layer  10: dev = CUDA0
llama_kv_cache: layer  11: dev = CUDA0
llama_kv_cache: layer  12: dev = CUDA0
llama_kv_cache: layer  13: dev = CUDA0
llama_kv_cache: layer  14: dev = CUDA0
llama_kv_cache: layer  15: dev = CUDA0
llama_kv_cache: layer  16: dev = CUDA0
llama_kv_cache: layer  17: dev = CUDA0
llama_kv_cache: layer  18: dev = CUDA0
llama_kv_cache: layer  19: dev = CUDA0
llama_kv_cache: layer  20: dev = CUDA0
llama_kv_cache: layer  21: dev = CUDA0
llama_kv_cache: layer  22: dev = CUDA0
llama_kv_cache: layer  23: dev = CUDA0
llama_kv_cache: layer  24: dev = CUDA0
llama_kv_cache: layer  25: dev = CUDA0
llama_kv_cache: layer  26: dev = CUDA0
llama_kv_cache: layer  27: dev = CUDA0
llama_kv_cache:        CPU KV buffer size =     4.50 MiB
llama_kv_cache:      CUDA0 KV buffer size =    37.50 MiB
llama_kv_cache: size =   42.00 MiB (   768 cells,  28 layers,  1/1 seqs), K (f16):   21.00 MiB, V (f16):   21.00 MiB
llama_kv_cache: attn_rot_k = 0, n_embd_head_k_all = 128
llama_kv_cache: attn_rot_v = 0, n_embd_head_k_all = 128
llama_context: enumerating backends
llama_context: backend_ptrs.size() = 2
sched_reserve: reserving ...
sched_reserve: max_nodes = 2712
sched_reserve: reserving full memory module
sched_reserve: worst-case: n_tokens = 512, n_seqs = 1, n_outputs = 1
graph_reserve: reserving a graph for ubatch with n_tokens =    1, n_seqs =  1, n_outputs =    1
sched_reserve: Flash Attention was auto, set to enabled
sched_reserve: resolving fused Gated Delta Net support:
graph_reserve: reserving a graph for ubatch with n_tokens =    1, n_seqs =  1, n_outputs =    1
sched_reserve: fused Gated Delta Net (autoregressive) enabled
graph_reserve: reserving a graph for ubatch with n_tokens =   16, n_seqs =  1, n_outputs =   16
sched_reserve: fused Gated Delta Net (chunked) enabled
graph_reserve: reserving a graph for ubatch with n_tokens =  512, n_seqs =  1, n_outputs =  512
graph_reserve: reserving a graph for ubatch with n_tokens =    1, n_seqs =  1, n_outputs =    1
graph_reserve: reserving a graph for ubatch with n_tokens =  512, n_seqs =  1, n_outputs =  512
sched_reserve:      CUDA0 compute buffer size =   304.00 MiB
sched_reserve:  CUDA_Host compute buffer size =    14.76 MiB
sched_reserve: graph nodes  = 958
sched_reserve: graph splits = 44 (with bs=512), 2 (with bs=1)
sched_reserve: reserve took 10.48 ms, sched copies = 1
CUDA Graph id 20928 reused
ggml_backend_cuda_graph_compute: CUDA graph warmup complete
CUDA Graph id 20928 reused
CUDA Graph id 20928 reused
CUDA Graph id 20928 reused
CUDA Graph id 20928 reused
CUDA Graph id 20928 reused
CUDA Graph id 20928 reused
CUDA Graph id 20928 reused
CUDA Graph id 20928 reused
CUDA Graph id 20928 reused
CUDA Graph id 20928 reused
CUDA Graph id 20928 reused
CUDA Graph id 20928 reused
CUDA Graph id 20928 reused
CUDA Graph id 20928 reused
CUDA Graph id 20928 reused
~llama_context:      CUDA0 compute buffer size is 304.0000 MiB, matches expectation of 304.0000 MiB
~llama_context:  CUDA_Host compute buffer size is  14.7637 MiB, matches expectation of  14.7637 MiB
llama_context: constructing llama_context
llama_context: n_seq_max     = 1
llama_context: n_ctx         = 768
llama_context: n_ctx_seq     = 768
llama_context: n_batch       = 641
llama_context: n_ubatch      = 512
llama_context: causal_attn   = 1
llama_context: flash_attn    = auto
llama_context: kv_unified    = false
llama_context: freq_base     = 1000000.0
llama_context: freq_scale    = 1
llama_context: n_rs_seq      = 0
llama_context: n_outputs_max = 641
llama_context: n_ctx_seq (768) < n_ctx_train (32768) -- the full capacity of the model will not be utilized
set_abort_callback: call
llama_context:  CUDA_Host  output buffer size =     0.58 MiB
llama_kv_cache: layer   0: dev = CPU
llama_kv_cache: layer   1: dev = CPU
llama_kv_cache: layer   2: dev = CPU
llama_kv_cache: layer   3: dev = CUDA0
llama_kv_cache: layer   4: dev = CUDA0
llama_kv_cache: layer   5: dev = CUDA0
llama_kv_cache: layer   6: dev = CUDA0
llama_kv_cache: layer   7: dev = CUDA0
llama_kv_cache: layer   8: dev = CUDA0
llama_kv_cache: layer   9: dev = CUDA0
llama_kv_cache: layer  10: dev = CUDA0
llama_kv_cache: layer  11: dev = CUDA0
llama_kv_cache: layer  12: dev = CUDA0
llama_kv_cache: layer  13: dev = CUDA0
llama_kv_cache: layer  14: dev = CUDA0
llama_kv_cache: layer  15: dev = CUDA0
llama_kv_cache: layer  16: dev = CUDA0
llama_kv_cache: layer  17: dev = CUDA0
llama_kv_cache: layer  18: dev = CUDA0
llama_kv_cache: layer  19: dev = CUDA0
llama_kv_cache: layer  20: dev = CUDA0
llama_kv_cache: layer  21: dev = CUDA0
llama_kv_cache: layer  22: dev = CUDA0
llama_kv_cache: layer  23: dev = CUDA0
llama_kv_cache: layer  24: dev = CUDA0
llama_kv_cache: layer  25: dev = CUDA0
llama_kv_cache: layer  26: dev = CUDA0
llama_kv_cache: layer  27: dev = CUDA0
llama_kv_cache:        CPU KV buffer size =     4.50 MiB
llama_kv_cache:      CUDA0 KV buffer size =    37.50 MiB
llama_kv_cache: size =   42.00 MiB (   768 cells,  28 layers,  1/1 seqs), K (f16):   21.00 MiB, V (f16):   21.00 MiB
llama_kv_cache: attn_rot_k = 0, n_embd_head_k_all = 128
llama_kv_cache: attn_rot_v = 0, n_embd_head_k_all = 128
llama_context: enumerating backends
llama_context: backend_ptrs.size() = 2
sched_reserve: reserving ...
sched_reserve: max_nodes = 2712
sched_reserve: reserving full memory module
sched_reserve: worst-case: n_tokens = 512, n_seqs = 1, n_outputs = 1
graph_reserve: reserving a graph for ubatch with n_tokens =    1, n_seqs =  1, n_outputs =    1
sched_reserve: Flash Attention was auto, set to enabled
sched_reserve: resolving fused Gated Delta Net support:
graph_reserve: reserving a graph for ubatch with n_tokens =    1, n_seqs =  1, n_outputs =    1
sched_reserve: fused Gated Delta Net (autoregressive) enabled
graph_reserve: reserving a graph for ubatch with n_tokens =   16, n_seqs =  1, n_outputs =   16
sched_reserve: fused Gated Delta Net (chunked) enabled
graph_reserve: reserving a graph for ubatch with n_tokens =  512, n_seqs =  1, n_outputs =  512
graph_reserve: reserving a graph for ubatch with n_tokens =    1, n_seqs =  1, n_outputs =    1
graph_reserve: reserving a graph for ubatch with n_tokens =  512, n_seqs =  1, n_outputs =  512
sched_reserve:      CUDA0 compute buffer size =   304.00 MiB
sched_reserve:  CUDA_Host compute buffer size =    14.76 MiB
sched_reserve: graph nodes  = 958
sched_reserve: graph splits = 44 (with bs=512), 2 (with bs=1)
sched_reserve: reserve took 11.57 ms, sched copies = 1
CUDA Graph id 21078 reused
ggml_backend_cuda_graph_compute: CUDA graph warmup complete
CUDA Graph id 21078 reused
CUDA Graph id 21078 reused
CUDA Graph id 21078 reused
CUDA Graph id 21078 reused
CUDA Graph id 21078 reused
CUDA Graph id 21078 reused
CUDA Graph id 21078 reused
CUDA Graph id 21078 reused
CUDA Graph id 21078 reused
CUDA Graph id 21078 reused
CUDA Graph id 21078 reused
CUDA Graph id 21078 reused
CUDA Graph id 21078 reused
CUDA Graph id 21078 reused
CUDA Graph id 21078 reused
~llama_context:      CUDA0 compute buffer size is 304.0000 MiB, matches expectation of 304.0000 MiB
~llama_context:  CUDA_Host compute buffer size is  14.7637 MiB, matches expectation of  14.7637 MiB
llama_context: constructing llama_context
llama_context: n_seq_max     = 1
llama_context: n_ctx         = 768
llama_context: n_ctx_seq     = 768
llama_context: n_batch       = 641
llama_context: n_ubatch      = 512
llama_context: causal_attn   = 1
llama_context: flash_attn    = auto
llama_context: kv_unified    = false
llama_context: freq_base     = 1000000.0
llama_context: freq_scale    = 1
llama_context: n_rs_seq      = 0
llama_context: n_outputs_max = 641
llama_context: n_ctx_seq (768) < n_ctx_train (32768) -- the full capacity of the model will not be utilized
set_abort_callback: call
llama_context:  CUDA_Host  output buffer size =     0.58 MiB
llama_kv_cache: layer   0: dev = CPU
llama_kv_cache: layer   1: dev = CPU
llama_kv_cache: layer   2: dev = CPU
llama_kv_cache: layer   3: dev = CUDA0
llama_kv_cache: layer   4: dev = CUDA0
llama_kv_cache: layer   5: dev = CUDA0
llama_kv_cache: layer   6: dev = CUDA0
llama_kv_cache: layer   7: dev = CUDA0
llama_kv_cache: layer   8: dev = CUDA0
llama_kv_cache: layer   9: dev = CUDA0
llama_kv_cache: layer  10: dev = CUDA0
llama_kv_cache: layer  11: dev = CUDA0
llama_kv_cache: layer  12: dev = CUDA0
llama_kv_cache: layer  13: dev = CUDA0
llama_kv_cache: layer  14: dev = CUDA0
llama_kv_cache: layer  15: dev = CUDA0
llama_kv_cache: layer  16: dev = CUDA0
llama_kv_cache: layer  17: dev = CUDA0
llama_kv_cache: layer  18: dev = CUDA0
llama_kv_cache: layer  19: dev = CUDA0
llama_kv_cache: layer  20: dev = CUDA0
llama_kv_cache: layer  21: dev = CUDA0
llama_kv_cache: layer  22: dev = CUDA0
llama_kv_cache: layer  23: dev = CUDA0
llama_kv_cache: layer  24: dev = CUDA0
llama_kv_cache: layer  25: dev = CUDA0
llama_kv_cache: layer  26: dev = CUDA0
llama_kv_cache: layer  27: dev = CUDA0
llama_kv_cache:        CPU KV buffer size =     4.50 MiB
llama_kv_cache:      CUDA0 KV buffer size =    37.50 MiB
llama_kv_cache: size =   42.00 MiB (   768 cells,  28 layers,  1/1 seqs), K (f16):   21.00 MiB, V (f16):   21.00 MiB
llama_kv_cache: attn_rot_k = 0, n_embd_head_k_all = 128
llama_kv_cache: attn_rot_v = 0, n_embd_head_k_all = 128
llama_context: enumerating backends
llama_context: backend_ptrs.size() = 2
sched_reserve: reserving ...
sched_reserve: max_nodes = 2712
sched_reserve: reserving full memory module
sched_reserve: worst-case: n_tokens = 512, n_seqs = 1, n_outputs = 1
graph_reserve: reserving a graph for ubatch with n_tokens =    1, n_seqs =  1, n_outputs =    1
sched_reserve: Flash Attention was auto, set to enabled
sched_reserve: resolving fused Gated Delta Net support:
graph_reserve: reserving a graph for ubatch with n_tokens =    1, n_seqs =  1, n_outputs =    1
sched_reserve: fused Gated Delta Net (autoregressive) enabled
graph_reserve: reserving a graph for ubatch with n_tokens =   16, n_seqs =  1, n_outputs =   16
sched_reserve: fused Gated Delta Net (chunked) enabled
graph_reserve: reserving a graph for ubatch with n_tokens =  512, n_seqs =  1, n_outputs =  512
graph_reserve: reserving a graph for ubatch with n_tokens =    1, n_seqs =  1, n_outputs =    1
graph_reserve: reserving a graph for ubatch with n_tokens =  512, n_seqs =  1, n_outputs =  512
sched_reserve:      CUDA0 compute buffer size =   304.00 MiB
sched_reserve:  CUDA_Host compute buffer size =    14.76 MiB
sched_reserve: graph nodes  = 958
sched_reserve: graph splits = 44 (with bs=512), 2 (with bs=1)
sched_reserve: reserve took 16.25 ms, sched copies = 1
CUDA Graph id 21228 reused
ggml_backend_cuda_graph_compute: CUDA graph warmup complete
CUDA Graph id 21228 reused
CUDA Graph id 21228 reused
CUDA Graph id 21228 reused
CUDA Graph id 21228 reused
CUDA Graph id 21228 reused
CUDA Graph id 21228 reused
~llama_context:      CUDA0 compute buffer size is 304.0000 MiB, matches expectation of 304.0000 MiB
~llama_context:  CUDA_Host compute buffer size is  14.7637 MiB, matches expectation of  14.7637 MiB
llama_context: constructing llama_context
llama_context: n_seq_max     = 1
llama_context: n_ctx         = 768
llama_context: n_ctx_seq     = 768
llama_context: n_batch       = 641
llama_context: n_ubatch      = 512
llama_context: causal_attn   = 1
llama_context: flash_attn    = auto
llama_context: kv_unified    = false
llama_context: freq_base     = 1000000.0
llama_context: freq_scale    = 1
llama_context: n_rs_seq      = 0
llama_context: n_outputs_max = 641
llama_context: n_ctx_seq (768) < n_ctx_train (32768) -- the full capacity of the model will not be utilized
set_abort_callback: call
llama_context:  CUDA_Host  output buffer size =     0.58 MiB
llama_kv_cache: layer   0: dev = CPU
llama_kv_cache: layer   1: dev = CPU
llama_kv_cache: layer   2: dev = CPU
llama_kv_cache: layer   3: dev = CUDA0
llama_kv_cache: layer   4: dev = CUDA0
llama_kv_cache: layer   5: dev = CUDA0
llama_kv_cache: layer   6: dev = CUDA0
llama_kv_cache: layer   7: dev = CUDA0
llama_kv_cache: layer   8: dev = CUDA0
llama_kv_cache: layer   9: dev = CUDA0
llama_kv_cache: layer  10: dev = CUDA0
llama_kv_cache: layer  11: dev = CUDA0
llama_kv_cache: layer  12: dev = CUDA0
llama_kv_cache: layer  13: dev = CUDA0
llama_kv_cache: layer  14: dev = CUDA0
llama_kv_cache: layer  15: dev = CUDA0
llama_kv_cache: layer  16: dev = CUDA0
llama_kv_cache: layer  17: dev = CUDA0
llama_kv_cache: layer  18: dev = CUDA0
llama_kv_cache: layer  19: dev = CUDA0
llama_kv_cache: layer  20: dev = CUDA0
llama_kv_cache: layer  21: dev = CUDA0
llama_kv_cache: layer  22: dev = CUDA0
llama_kv_cache: layer  23: dev = CUDA0
llama_kv_cache: layer  24: dev = CUDA0
llama_kv_cache: layer  25: dev = CUDA0
llama_kv_cache: layer  26: dev = CUDA0
llama_kv_cache: layer  27: dev = CUDA0
llama_kv_cache:        CPU KV buffer size =     4.50 MiB
llama_kv_cache:      CUDA0 KV buffer size =    37.50 MiB
llama_kv_cache: size =   42.00 MiB (   768 cells,  28 layers,  1/1 seqs), K (f16):   21.00 MiB, V (f16):   21.00 MiB
llama_kv_cache: attn_rot_k = 0, n_embd_head_k_all = 128
llama_kv_cache: attn_rot_v = 0, n_embd_head_k_all = 128
llama_context: enumerating backends
llama_context: backend_ptrs.size() = 2
sched_reserve: reserving ...
sched_reserve: max_nodes = 2712
sched_reserve: reserving full memory module
sched_reserve: worst-case: n_tokens = 512, n_seqs = 1, n_outputs = 1
graph_reserve: reserving a graph for ubatch with n_tokens =    1, n_seqs =  1, n_outputs =    1
sched_reserve: Flash Attention was auto, set to enabled
sched_reserve: resolving fused Gated Delta Net support:
graph_reserve: reserving a graph for ubatch with n_tokens =    1, n_seqs =  1, n_outputs =    1
sched_reserve: fused Gated Delta Net (autoregressive) enabled
graph_reserve: reserving a graph for ubatch with n_tokens =   16, n_seqs =  1, n_outputs =   16
sched_reserve: fused Gated Delta Net (chunked) enabled
graph_reserve: reserving a graph for ubatch with n_tokens =  512, n_seqs =  1, n_outputs =  512
graph_reserve: reserving a graph for ubatch with n_tokens =    1, n_seqs =  1, n_outputs =    1
graph_reserve: reserving a graph for ubatch with n_tokens =  512, n_seqs =  1, n_outputs =  512
sched_reserve:      CUDA0 compute buffer size =   304.00 MiB
sched_reserve:  CUDA_Host compute buffer size =    14.76 MiB
sched_reserve: graph nodes  = 958
sched_reserve: graph splits = 44 (with bs=512), 2 (with bs=1)
sched_reserve: reserve took 14.57 ms, sched copies = 1
CUDA Graph id 21378 reused
ggml_backend_cuda_graph_compute: CUDA graph warmup complete
CUDA Graph id 21378 reused
CUDA Graph id 21378 reused
CUDA Graph id 21378 reused
CUDA Graph id 21378 reused
CUDA Graph id 21378 reused
CUDA Graph id 21378 reused
CUDA Graph id 21378 reused
CUDA Graph id 21378 reused
CUDA Graph id 21378 reused
CUDA Graph id 21378 reused
CUDA Graph id 21378 reused
CUDA Graph id 21378 reused
CUDA Graph id 21378 reused
CUDA Graph id 21378 reused
CUDA Graph id 21378 reused
~llama_context:      CUDA0 compute buffer size is 304.0000 MiB, matches expectation of 304.0000 MiB
~llama_context:  CUDA_Host compute buffer size is  14.7637 MiB, matches expectation of  14.7637 MiB
llama_context: constructing llama_context
llama_context: n_seq_max     = 1
llama_context: n_ctx         = 768
llama_context: n_ctx_seq     = 768
llama_context: n_batch       = 641
llama_context: n_ubatch      = 512
llama_context: causal_attn   = 1
llama_context: flash_attn    = auto
llama_context: kv_unified    = false
llama_context: freq_base     = 1000000.0
llama_context: freq_scale    = 1
llama_context: n_rs_seq      = 0
llama_context: n_outputs_max = 641
llama_context: n_ctx_seq (768) < n_ctx_train (32768) -- the full capacity of the model will not be utilized
set_abort_callback: call
llama_context:  CUDA_Host  output buffer size =     0.58 MiB
llama_kv_cache: layer   0: dev = CPU
llama_kv_cache: layer   1: dev = CPU
llama_kv_cache: layer   2: dev = CPU
llama_kv_cache: layer   3: dev = CUDA0
llama_kv_cache: layer   4: dev = CUDA0
llama_kv_cache: layer   5: dev = CUDA0
llama_kv_cache: layer   6: dev = CUDA0
llama_kv_cache: layer   7: dev = CUDA0
llama_kv_cache: layer   8: dev = CUDA0
llama_kv_cache: layer   9: dev = CUDA0
llama_kv_cache: layer  10: dev = CUDA0
llama_kv_cache: layer  11: dev = CUDA0
llama_kv_cache: layer  12: dev = CUDA0
llama_kv_cache: layer  13: dev = CUDA0
llama_kv_cache: layer  14: dev = CUDA0
llama_kv_cache: layer  15: dev = CUDA0
llama_kv_cache: layer  16: dev = CUDA0
llama_kv_cache: layer  17: dev = CUDA0
llama_kv_cache: layer  18: dev = CUDA0
llama_kv_cache: layer  19: dev = CUDA0
llama_kv_cache: layer  20: dev = CUDA0
llama_kv_cache: layer  21: dev = CUDA0
llama_kv_cache: layer  22: dev = CUDA0
llama_kv_cache: layer  23: dev = CUDA0
llama_kv_cache: layer  24: dev = CUDA0
llama_kv_cache: layer  25: dev = CUDA0
llama_kv_cache: layer  26: dev = CUDA0
llama_kv_cache: layer  27: dev = CUDA0
llama_kv_cache:        CPU KV buffer size =     4.50 MiB
llama_kv_cache:      CUDA0 KV buffer size =    37.50 MiB
llama_kv_cache: size =   42.00 MiB (   768 cells,  28 layers,  1/1 seqs), K (f16):   21.00 MiB, V (f16):   21.00 MiB
llama_kv_cache: attn_rot_k = 0, n_embd_head_k_all = 128
llama_kv_cache: attn_rot_v = 0, n_embd_head_k_all = 128
llama_context: enumerating backends
llama_context: backend_ptrs.size() = 2
sched_reserve: reserving ...
sched_reserve: max_nodes = 2712
sched_reserve: reserving full memory module
sched_reserve: worst-case: n_tokens = 512, n_seqs = 1, n_outputs = 1
graph_reserve: reserving a graph for ubatch with n_tokens =    1, n_seqs =  1, n_outputs =    1
sched_reserve: Flash Attention was auto, set to enabled
sched_reserve: resolving fused Gated Delta Net support:
graph_reserve: reserving a graph for ubatch with n_tokens =    1, n_seqs =  1, n_outputs =    1
sched_reserve: fused Gated Delta Net (autoregressive) enabled
graph_reserve: reserving a graph for ubatch with n_tokens =   16, n_seqs =  1, n_outputs =   16
sched_reserve: fused Gated Delta Net (chunked) enabled
graph_reserve: reserving a graph for ubatch with n_tokens =  512, n_seqs =  1, n_outputs =  512
graph_reserve: reserving a graph for ubatch with n_tokens =    1, n_seqs =  1, n_outputs =    1
graph_reserve: reserving a graph for ubatch with n_tokens =  512, n_seqs =  1, n_outputs =  512
sched_reserve:      CUDA0 compute buffer size =   304.00 MiB
sched_reserve:  CUDA_Host compute buffer size =    14.76 MiB
sched_reserve: graph nodes  = 958
sched_reserve: graph splits = 44 (with bs=512), 2 (with bs=1)
sched_reserve: reserve took 15.34 ms, sched copies = 1
CUDA Graph id 21528 reused
ggml_backend_cuda_graph_compute: CUDA graph warmup complete
CUDA Graph id 21528 reused
CUDA Graph id 21528 reused
CUDA Graph id 21528 reused
CUDA Graph id 21528 reused
CUDA Graph id 21528 reused
CUDA Graph id 21528 reused
~llama_context:      CUDA0 compute buffer size is 304.0000 MiB, matches expectation of 304.0000 MiB
~llama_context:  CUDA_Host compute buffer size is  14.7637 MiB, matches expectation of  14.7637 MiB
llama_context: constructing llama_context
llama_context: n_seq_max     = 1
llama_context: n_ctx         = 768
llama_context: n_ctx_seq     = 768
llama_context: n_batch       = 641
llama_context: n_ubatch      = 512
llama_context: causal_attn   = 1
llama_context: flash_attn    = auto
llama_context: kv_unified    = false
llama_context: freq_base     = 1000000.0
llama_context: freq_scale    = 1
llama_context: n_rs_seq      = 0
llama_context: n_outputs_max = 641
llama_context: n_ctx_seq (768) < n_ctx_train (32768) -- the full capacity of the model will not be utilized
set_abort_callback: call
llama_context:  CUDA_Host  output buffer size =     0.58 MiB
llama_kv_cache: layer   0: dev = CPU
llama_kv_cache: layer   1: dev = CPU
llama_kv_cache: layer   2: dev = CPU
llama_kv_cache: layer   3: dev = CUDA0
llama_kv_cache: layer   4: dev = CUDA0
llama_kv_cache: layer   5: dev = CUDA0
llama_kv_cache: layer   6: dev = CUDA0
llama_kv_cache: layer   7: dev = CUDA0
llama_kv_cache: layer   8: dev = CUDA0
llama_kv_cache: layer   9: dev = CUDA0
llama_kv_cache: layer  10: dev = CUDA0
llama_kv_cache: layer  11: dev = CUDA0
llama_kv_cache: layer  12: dev = CUDA0
llama_kv_cache: layer  13: dev = CUDA0
llama_kv_cache: layer  14: dev = CUDA0
llama_kv_cache: layer  15: dev = CUDA0
llama_kv_cache: layer  16: dev = CUDA0
llama_kv_cache: layer  17: dev = CUDA0
llama_kv_cache: layer  18: dev = CUDA0
llama_kv_cache: layer  19: dev = CUDA0
llama_kv_cache: layer  20: dev = CUDA0
llama_kv_cache: layer  21: dev = CUDA0
llama_kv_cache: layer  22: dev = CUDA0
llama_kv_cache: layer  23: dev = CUDA0
llama_kv_cache: layer  24: dev = CUDA0
llama_kv_cache: layer  25: dev = CUDA0
llama_kv_cache: layer  26: dev = CUDA0
llama_kv_cache: layer  27: dev = CUDA0
llama_kv_cache:        CPU KV buffer size =     4.50 MiB
llama_kv_cache:      CUDA0 KV buffer size =    37.50 MiB
llama_kv_cache: size =   42.00 MiB (   768 cells,  28 layers,  1/1 seqs), K (f16):   21.00 MiB, V (f16):   21.00 MiB
llama_kv_cache: attn_rot_k = 0, n_embd_head_k_all = 128
llama_kv_cache: attn_rot_v = 0, n_embd_head_k_all = 128
llama_context: enumerating backends
llama_context: backend_ptrs.size() = 2
sched_reserve: reserving ...
sched_reserve: max_nodes = 2712
sched_reserve: reserving full memory module
sched_reserve: worst-case: n_tokens = 512, n_seqs = 1, n_outputs = 1
graph_reserve: reserving a graph for ubatch with n_tokens =    1, n_seqs =  1, n_outputs =    1
sched_reserve: Flash Attention was auto, set to enabled
sched_reserve: resolving fused Gated Delta Net support:
graph_reserve: reserving a graph for ubatch with n_tokens =    1, n_seqs =  1, n_outputs =    1
sched_reserve: fused Gated Delta Net (autoregressive) enabled
graph_reserve: reserving a graph for ubatch with n_tokens =   16, n_seqs =  1, n_outputs =   16
sched_reserve: fused Gated Delta Net (chunked) enabled
graph_reserve: reserving a graph for ubatch with n_tokens =  512, n_seqs =  1, n_outputs =  512
graph_reserve: reserving a graph for ubatch with n_tokens =    1, n_seqs =  1, n_outputs =    1
graph_reserve: reserving a graph for ubatch with n_tokens =  512, n_seqs =  1, n_outputs =  512
sched_reserve:      CUDA0 compute buffer size =   304.00 MiB
sched_reserve:  CUDA_Host compute buffer size =    14.76 MiB
sched_reserve: graph nodes  = 958
sched_reserve: graph splits = 44 (with bs=512), 2 (with bs=1)
sched_reserve: reserve took 12.01 ms, sched copies = 1
CUDA Graph id 21678 reused
ggml_backend_cuda_graph_compute: CUDA graph warmup complete
CUDA Graph id 21678 reused
CUDA Graph id 21678 reused
CUDA Graph id 21678 reused
CUDA Graph id 21678 reused
CUDA Graph id 21678 reused
CUDA Graph id 21678 reused
CUDA Graph id 21678 reused
CUDA Graph id 21678 reused
CUDA Graph id 21678 reused
CUDA Graph id 21678 reused
CUDA Graph id 21678 reused
CUDA Graph id 21678 reused
CUDA Graph id 21678 reused
~llama_context:      CUDA0 compute buffer size is 304.0000 MiB, matches expectation of 304.0000 MiB
~llama_context:  CUDA_Host compute buffer size is  14.7637 MiB, matches expectation of  14.7637 MiB
schema 99/100 done
llama_context: constructing llama_context
llama_context: n_seq_max     = 1
llama_context: n_ctx         = 768
llama_context: n_ctx_seq     = 768
llama_context: n_batch       = 694
llama_context: n_ubatch      = 512
llama_context: causal_attn   = 1
llama_context: flash_attn    = auto
llama_context: kv_unified    = false
llama_context: freq_base     = 1000000.0
llama_context: freq_scale    = 1
llama_context: n_rs_seq      = 0
llama_context: n_outputs_max = 694
llama_context: n_ctx_seq (768) < n_ctx_train (32768) -- the full capacity of the model will not be utilized
set_abort_callback: call
llama_context:  CUDA_Host  output buffer size =     0.58 MiB
llama_kv_cache: layer   0: dev = CPU
llama_kv_cache: layer   1: dev = CPU
llama_kv_cache: layer   2: dev = CPU
llama_kv_cache: layer   3: dev = CUDA0
llama_kv_cache: layer   4: dev = CUDA0
llama_kv_cache: layer   5: dev = CUDA0
llama_kv_cache: layer   6: dev = CUDA0
llama_kv_cache: layer   7: dev = CUDA0
llama_kv_cache: layer   8: dev = CUDA0
llama_kv_cache: layer   9: dev = CUDA0
llama_kv_cache: layer  10: dev = CUDA0
llama_kv_cache: layer  11: dev = CUDA0
llama_kv_cache: layer  12: dev = CUDA0
llama_kv_cache: layer  13: dev = CUDA0
llama_kv_cache: layer  14: dev = CUDA0
llama_kv_cache: layer  15: dev = CUDA0
llama_kv_cache: layer  16: dev = CUDA0
llama_kv_cache: layer  17: dev = CUDA0
llama_kv_cache: layer  18: dev = CUDA0
llama_kv_cache: layer  19: dev = CUDA0
llama_kv_cache: layer  20: dev = CUDA0
llama_kv_cache: layer  21: dev = CUDA0
llama_kv_cache: layer  22: dev = CUDA0
llama_kv_cache: layer  23: dev = CUDA0
llama_kv_cache: layer  24: dev = CUDA0
llama_kv_cache: layer  25: dev = CUDA0
llama_kv_cache: layer  26: dev = CUDA0
llama_kv_cache: layer  27: dev = CUDA0
llama_kv_cache:        CPU KV buffer size =     4.50 MiB
llama_kv_cache:      CUDA0 KV buffer size =    37.50 MiB
llama_kv_cache: size =   42.00 MiB (   768 cells,  28 layers,  1/1 seqs), K (f16):   21.00 MiB, V (f16):   21.00 MiB
llama_kv_cache: attn_rot_k = 0, n_embd_head_k_all = 128
llama_kv_cache: attn_rot_v = 0, n_embd_head_k_all = 128
llama_context: enumerating backends
llama_context: backend_ptrs.size() = 2
sched_reserve: reserving ...
sched_reserve: max_nodes = 2712
sched_reserve: reserving full memory module
sched_reserve: worst-case: n_tokens = 512, n_seqs = 1, n_outputs = 1
graph_reserve: reserving a graph for ubatch with n_tokens =    1, n_seqs =  1, n_outputs =    1
sched_reserve: Flash Attention was auto, set to enabled
sched_reserve: resolving fused Gated Delta Net support:
graph_reserve: reserving a graph for ubatch with n_tokens =    1, n_seqs =  1, n_outputs =    1
sched_reserve: fused Gated Delta Net (autoregressive) enabled
graph_reserve: reserving a graph for ubatch with n_tokens =   16, n_seqs =  1, n_outputs =   16
sched_reserve: fused Gated Delta Net (chunked) enabled
graph_reserve: reserving a graph for ubatch with n_tokens =  512, n_seqs =  1, n_outputs =  512
graph_reserve: reserving a graph for ubatch with n_tokens =    1, n_seqs =  1, n_outputs =    1
graph_reserve: reserving a graph for ubatch with n_tokens =  512, n_seqs =  1, n_outputs =  512
sched_reserve:      CUDA0 compute buffer size =   304.00 MiB
sched_reserve:  CUDA_Host compute buffer size =    14.76 MiB
sched_reserve: graph nodes  = 958
sched_reserve: graph splits = 44 (with bs=512), 2 (with bs=1)
sched_reserve: reserve took 10.58 ms, sched copies = 1
CUDA Graph id 21828 reused
ggml_backend_cuda_graph_compute: CUDA graph warmup complete
CUDA Graph id 21828 reused
CUDA Graph id 21828 reused
CUDA Graph id 21828 reused
CUDA Graph id 21828 reused
CUDA Graph id 21828 reused
CUDA Graph id 21828 reused
CUDA Graph id 21828 reused
CUDA Graph id 21828 reused
CUDA Graph id 21828 reused
CUDA Graph id 21828 reused
CUDA Graph id 21828 reused
CUDA Graph id 21828 reused
CUDA Graph id 21828 reused
CUDA Graph id 21828 reused
CUDA Graph id 21828 reused
CUDA Graph id 21828 reused
CUDA Graph id 21828 reused
CUDA Graph id 21828 reused
CUDA Graph id 21828 reused
CUDA Graph id 21828 reused
CUDA Graph id 21828 reused
CUDA Graph id 21828 reused
CUDA Graph id 21828 reused
CUDA Graph id 21828 reused
CUDA Graph id 21828 reused
CUDA Graph id 21828 reused
CUDA Graph id 21828 reused
CUDA Graph id 21828 reused
CUDA Graph id 21828 reused
CUDA Graph id 21828 reused
CUDA Graph id 21828 reused
CUDA Graph id 21828 reused
CUDA Graph id 21828 reused
CUDA Graph id 21828 reused
CUDA Graph id 21828 reused
CUDA Graph id 21828 reused
CUDA Graph id 21828 reused
~llama_context:      CUDA0 compute buffer size is 304.0000 MiB, matches expectation of 304.0000 MiB
~llama_context:  CUDA_Host compute buffer size is  14.7637 MiB, matches expectation of  14.7637 MiB
llama_context: constructing llama_context
llama_context: n_seq_max     = 1
llama_context: n_ctx         = 768
llama_context: n_ctx_seq     = 768
llama_context: n_batch       = 694
llama_context: n_ubatch      = 512
llama_context: causal_attn   = 1
llama_context: flash_attn    = auto
llama_context: kv_unified    = false
llama_context: freq_base     = 1000000.0
llama_context: freq_scale    = 1
llama_context: n_rs_seq      = 0
llama_context: n_outputs_max = 694
llama_context: n_ctx_seq (768) < n_ctx_train (32768) -- the full capacity of the model will not be utilized
set_abort_callback: call
llama_context:  CUDA_Host  output buffer size =     0.58 MiB
llama_kv_cache: layer   0: dev = CPU
llama_kv_cache: layer   1: dev = CPU
llama_kv_cache: layer   2: dev = CPU
llama_kv_cache: layer   3: dev = CUDA0
llama_kv_cache: layer   4: dev = CUDA0
llama_kv_cache: layer   5: dev = CUDA0
llama_kv_cache: layer   6: dev = CUDA0
llama_kv_cache: layer   7: dev = CUDA0
llama_kv_cache: layer   8: dev = CUDA0
llama_kv_cache: layer   9: dev = CUDA0
llama_kv_cache: layer  10: dev = CUDA0
llama_kv_cache: layer  11: dev = CUDA0
llama_kv_cache: layer  12: dev = CUDA0
llama_kv_cache: layer  13: dev = CUDA0
llama_kv_cache: layer  14: dev = CUDA0
llama_kv_cache: layer  15: dev = CUDA0
llama_kv_cache: layer  16: dev = CUDA0
llama_kv_cache: layer  17: dev = CUDA0
llama_kv_cache: layer  18: dev = CUDA0
llama_kv_cache: layer  19: dev = CUDA0
llama_kv_cache: layer  20: dev = CUDA0
llama_kv_cache: layer  21: dev = CUDA0
llama_kv_cache: layer  22: dev = CUDA0
llama_kv_cache: layer  23: dev = CUDA0
llama_kv_cache: layer  24: dev = CUDA0
llama_kv_cache: layer  25: dev = CUDA0
llama_kv_cache: layer  26: dev = CUDA0
llama_kv_cache: layer  27: dev = CUDA0
llama_kv_cache:        CPU KV buffer size =     4.50 MiB
llama_kv_cache:      CUDA0 KV buffer size =    37.50 MiB
llama_kv_cache: size =   42.00 MiB (   768 cells,  28 layers,  1/1 seqs), K (f16):   21.00 MiB, V (f16):   21.00 MiB
llama_kv_cache: attn_rot_k = 0, n_embd_head_k_all = 128
llama_kv_cache: attn_rot_v = 0, n_embd_head_k_all = 128
llama_context: enumerating backends
llama_context: backend_ptrs.size() = 2
sched_reserve: reserving ...
sched_reserve: max_nodes = 2712
sched_reserve: reserving full memory module
sched_reserve: worst-case: n_tokens = 512, n_seqs = 1, n_outputs = 1
graph_reserve: reserving a graph for ubatch with n_tokens =    1, n_seqs =  1, n_outputs =    1
sched_reserve: Flash Attention was auto, set to enabled
sched_reserve: resolving fused Gated Delta Net support:
graph_reserve: reserving a graph for ubatch with n_tokens =    1, n_seqs =  1, n_outputs =    1
sched_reserve: fused Gated Delta Net (autoregressive) enabled
graph_reserve: reserving a graph for ubatch with n_tokens =   16, n_seqs =  1, n_outputs =   16
sched_reserve: fused Gated Delta Net (chunked) enabled
graph_reserve: reserving a graph for ubatch with n_tokens =  512, n_seqs =  1, n_outputs =  512
graph_reserve: reserving a graph for ubatch with n_tokens =    1, n_seqs =  1, n_outputs =    1
graph_reserve: reserving a graph for ubatch with n_tokens =  512, n_seqs =  1, n_outputs =  512
sched_reserve:      CUDA0 compute buffer size =   304.00 MiB
sched_reserve:  CUDA_Host compute buffer size =    14.76 MiB
sched_reserve: graph nodes  = 958
sched_reserve: graph splits = 44 (with bs=512), 2 (with bs=1)
sched_reserve: reserve took 13.11 ms, sched copies = 1
CUDA Graph id 21978 reused
ggml_backend_cuda_graph_compute: CUDA graph warmup complete
CUDA Graph id 21978 reused
CUDA Graph id 21978 reused
CUDA Graph id 21978 reused
CUDA Graph id 21978 reused
CUDA Graph id 21978 reused
CUDA Graph id 21978 reused
CUDA Graph id 21978 reused
CUDA Graph id 21978 reused
CUDA Graph id 21978 reused
CUDA Graph id 21978 reused
CUDA Graph id 21978 reused
CUDA Graph id 21978 reused
CUDA Graph id 21978 reused
CUDA Graph id 21978 reused
CUDA Graph id 21978 reused
CUDA Graph id 21978 reused
CUDA Graph id 21978 reused
CUDA Graph id 21978 reused
CUDA Graph id 21978 reused
CUDA Graph id 21978 reused
CUDA Graph id 21978 reused
CUDA Graph id 21978 reused
CUDA Graph id 21978 reused
CUDA Graph id 21978 reused
CUDA Graph id 21978 reused
CUDA Graph id 21978 reused
CUDA Graph id 21978 reused
CUDA Graph id 21978 reused
CUDA Graph id 21978 reused
CUDA Graph id 21978 reused
CUDA Graph id 21978 reused
CUDA Graph id 21978 reused
CUDA Graph id 21978 reused
CUDA Graph id 21978 reused
CUDA Graph id 21978 reused
CUDA Graph id 21978 reused
CUDA Graph id 21978 reused
~llama_context:      CUDA0 compute buffer size is 304.0000 MiB, matches expectation of 304.0000 MiB
~llama_context:  CUDA_Host compute buffer size is  14.7637 MiB, matches expectation of  14.7637 MiB
llama_context: constructing llama_context
llama_context: n_seq_max     = 1
llama_context: n_ctx         = 768
llama_context: n_ctx_seq     = 768
llama_context: n_batch       = 694
llama_context: n_ubatch      = 512
llama_context: causal_attn   = 1
llama_context: flash_attn    = auto
llama_context: kv_unified    = false
llama_context: freq_base     = 1000000.0
llama_context: freq_scale    = 1
llama_context: n_rs_seq      = 0
llama_context: n_outputs_max = 694
llama_context: n_ctx_seq (768) < n_ctx_train (32768) -- the full capacity of the model will not be utilized
set_abort_callback: call
llama_context:  CUDA_Host  output buffer size =     0.58 MiB
llama_kv_cache: layer   0: dev = CPU
llama_kv_cache: layer   1: dev = CPU
llama_kv_cache: layer   2: dev = CPU
llama_kv_cache: layer   3: dev = CUDA0
llama_kv_cache: layer   4: dev = CUDA0
llama_kv_cache: layer   5: dev = CUDA0
llama_kv_cache: layer   6: dev = CUDA0
llama_kv_cache: layer   7: dev = CUDA0
llama_kv_cache: layer   8: dev = CUDA0
llama_kv_cache: layer   9: dev = CUDA0
llama_kv_cache: layer  10: dev = CUDA0
llama_kv_cache: layer  11: dev = CUDA0
llama_kv_cache: layer  12: dev = CUDA0
llama_kv_cache: layer  13: dev = CUDA0
llama_kv_cache: layer  14: dev = CUDA0
llama_kv_cache: layer  15: dev = CUDA0
llama_kv_cache: layer  16: dev = CUDA0
llama_kv_cache: layer  17: dev = CUDA0
llama_kv_cache: layer  18: dev = CUDA0
llama_kv_cache: layer  19: dev = CUDA0
llama_kv_cache: layer  20: dev = CUDA0
llama_kv_cache: layer  21: dev = CUDA0
llama_kv_cache: layer  22: dev = CUDA0
llama_kv_cache: layer  23: dev = CUDA0
llama_kv_cache: layer  24: dev = CUDA0
llama_kv_cache: layer  25: dev = CUDA0
llama_kv_cache: layer  26: dev = CUDA0
llama_kv_cache: layer  27: dev = CUDA0
llama_kv_cache:        CPU KV buffer size =     4.50 MiB
llama_kv_cache:      CUDA0 KV buffer size =    37.50 MiB
llama_kv_cache: size =   42.00 MiB (   768 cells,  28 layers,  1/1 seqs), K (f16):   21.00 MiB, V (f16):   21.00 MiB
llama_kv_cache: attn_rot_k = 0, n_embd_head_k_all = 128
llama_kv_cache: attn_rot_v = 0, n_embd_head_k_all = 128
llama_context: enumerating backends
llama_context: backend_ptrs.size() = 2
sched_reserve: reserving ...
sched_reserve: max_nodes = 2712
sched_reserve: reserving full memory module
sched_reserve: worst-case: n_tokens = 512, n_seqs = 1, n_outputs = 1
graph_reserve: reserving a graph for ubatch with n_tokens =    1, n_seqs =  1, n_outputs =    1
sched_reserve: Flash Attention was auto, set to enabled
sched_reserve: resolving fused Gated Delta Net support:
graph_reserve: reserving a graph for ubatch with n_tokens =    1, n_seqs =  1, n_outputs =    1
sched_reserve: fused Gated Delta Net (autoregressive) enabled
graph_reserve: reserving a graph for ubatch with n_tokens =   16, n_seqs =  1, n_outputs =   16
sched_reserve: fused Gated Delta Net (chunked) enabled
graph_reserve: reserving a graph for ubatch with n_tokens =  512, n_seqs =  1, n_outputs =  512
graph_reserve: reserving a graph for ubatch with n_tokens =    1, n_seqs =  1, n_outputs =    1
graph_reserve: reserving a graph for ubatch with n_tokens =  512, n_seqs =  1, n_outputs =  512
sched_reserve:      CUDA0 compute buffer size =   304.00 MiB
sched_reserve:  CUDA_Host compute buffer size =    14.76 MiB
sched_reserve: graph nodes  = 958
sched_reserve: graph splits = 44 (with bs=512), 2 (with bs=1)
sched_reserve: reserve took 11.12 ms, sched copies = 1
CUDA Graph id 22128 reused
ggml_backend_cuda_graph_compute: CUDA graph warmup complete
CUDA Graph id 22128 reused
CUDA Graph id 22128 reused
CUDA Graph id 22128 reused
CUDA Graph id 22128 reused
CUDA Graph id 22128 reused
CUDA Graph id 22128 reused
CUDA Graph id 22128 reused
CUDA Graph id 22128 reused
CUDA Graph id 22128 reused
CUDA Graph id 22128 reused
CUDA Graph id 22128 reused
CUDA Graph id 22128 reused
CUDA Graph id 22128 reused
CUDA Graph id 22128 reused
CUDA Graph id 22128 reused
CUDA Graph id 22128 reused
CUDA Graph id 22128 reused
CUDA Graph id 22128 reused
CUDA Graph id 22128 reused
CUDA Graph id 22128 reused
CUDA Graph id 22128 reused
CUDA Graph id 22128 reused
CUDA Graph id 22128 reused
CUDA Graph id 22128 reused
~llama_context:      CUDA0 compute buffer size is 304.0000 MiB, matches expectation of 304.0000 MiB
~llama_context:  CUDA_Host compute buffer size is  14.7637 MiB, matches expectation of  14.7637 MiB
llama_context: constructing llama_context
llama_context: n_seq_max     = 1
llama_context: n_ctx         = 768
llama_context: n_ctx_seq     = 768
llama_context: n_batch       = 694
llama_context: n_ubatch      = 512
llama_context: causal_attn   = 1
llama_context: flash_attn    = auto
llama_context: kv_unified    = false
llama_context: freq_base     = 1000000.0
llama_context: freq_scale    = 1
llama_context: n_rs_seq      = 0
llama_context: n_outputs_max = 694
llama_context: n_ctx_seq (768) < n_ctx_train (32768) -- the full capacity of the model will not be utilized
set_abort_callback: call
llama_context:  CUDA_Host  output buffer size =     0.58 MiB
llama_kv_cache: layer   0: dev = CPU
llama_kv_cache: layer   1: dev = CPU
llama_kv_cache: layer   2: dev = CPU
llama_kv_cache: layer   3: dev = CUDA0
llama_kv_cache: layer   4: dev = CUDA0
llama_kv_cache: layer   5: dev = CUDA0
llama_kv_cache: layer   6: dev = CUDA0
llama_kv_cache: layer   7: dev = CUDA0
llama_kv_cache: layer   8: dev = CUDA0
llama_kv_cache: layer   9: dev = CUDA0
llama_kv_cache: layer  10: dev = CUDA0
llama_kv_cache: layer  11: dev = CUDA0
llama_kv_cache: layer  12: dev = CUDA0
llama_kv_cache: layer  13: dev = CUDA0
llama_kv_cache: layer  14: dev = CUDA0
llama_kv_cache: layer  15: dev = CUDA0
llama_kv_cache: layer  16: dev = CUDA0
llama_kv_cache: layer  17: dev = CUDA0
llama_kv_cache: layer  18: dev = CUDA0
llama_kv_cache: layer  19: dev = CUDA0
llama_kv_cache: layer  20: dev = CUDA0
llama_kv_cache: layer  21: dev = CUDA0
llama_kv_cache: layer  22: dev = CUDA0
llama_kv_cache: layer  23: dev = CUDA0
llama_kv_cache: layer  24: dev = CUDA0
llama_kv_cache: layer  25: dev = CUDA0
llama_kv_cache: layer  26: dev = CUDA0
llama_kv_cache: layer  27: dev = CUDA0
llama_kv_cache:        CPU KV buffer size =     4.50 MiB
llama_kv_cache:      CUDA0 KV buffer size =    37.50 MiB
llama_kv_cache: size =   42.00 MiB (   768 cells,  28 layers,  1/1 seqs), K (f16):   21.00 MiB, V (f16):   21.00 MiB
llama_kv_cache: attn_rot_k = 0, n_embd_head_k_all = 128
llama_kv_cache: attn_rot_v = 0, n_embd_head_k_all = 128
llama_context: enumerating backends
llama_context: backend_ptrs.size() = 2
sched_reserve: reserving ...
sched_reserve: max_nodes = 2712
sched_reserve: reserving full memory module
sched_reserve: worst-case: n_tokens = 512, n_seqs = 1, n_outputs = 1
graph_reserve: reserving a graph for ubatch with n_tokens =    1, n_seqs =  1, n_outputs =    1
sched_reserve: Flash Attention was auto, set to enabled
sched_reserve: resolving fused Gated Delta Net support:
graph_reserve: reserving a graph for ubatch with n_tokens =    1, n_seqs =  1, n_outputs =    1
sched_reserve: fused Gated Delta Net (autoregressive) enabled
graph_reserve: reserving a graph for ubatch with n_tokens =   16, n_seqs =  1, n_outputs =   16
sched_reserve: fused Gated Delta Net (chunked) enabled
graph_reserve: reserving a graph for ubatch with n_tokens =  512, n_seqs =  1, n_outputs =  512
graph_reserve: reserving a graph for ubatch with n_tokens =    1, n_seqs =  1, n_outputs =    1
graph_reserve: reserving a graph for ubatch with n_tokens =  512, n_seqs =  1, n_outputs =  512
sched_reserve:      CUDA0 compute buffer size =   304.00 MiB
sched_reserve:  CUDA_Host compute buffer size =    14.76 MiB
sched_reserve: graph nodes  = 958
sched_reserve: graph splits = 44 (with bs=512), 2 (with bs=1)
sched_reserve: reserve took 13.23 ms, sched copies = 1
CUDA Graph id 22278 reused
ggml_backend_cuda_graph_compute: CUDA graph warmup complete
CUDA Graph id 22278 reused
CUDA Graph id 22278 reused
CUDA Graph id 22278 reused
CUDA Graph id 22278 reused
CUDA Graph id 22278 reused
CUDA Graph id 22278 reused
CUDA Graph id 22278 reused
CUDA Graph id 22278 reused
CUDA Graph id 22278 reused
CUDA Graph id 22278 reused
CUDA Graph id 22278 reused
CUDA Graph id 22278 reused
CUDA Graph id 22278 reused
CUDA Graph id 22278 reused
CUDA Graph id 22278 reused
CUDA Graph id 22278 reused
CUDA Graph id 22278 reused
CUDA Graph id 22278 reused
CUDA Graph id 22278 reused
CUDA Graph id 22278 reused
CUDA Graph id 22278 reused
CUDA Graph id 22278 reused
CUDA Graph id 22278 reused
CUDA Graph id 22278 reused
CUDA Graph id 22278 reused
CUDA Graph id 22278 reused
CUDA Graph id 22278 reused
CUDA Graph id 22278 reused
CUDA Graph id 22278 reused
CUDA Graph id 22278 reused
CUDA Graph id 22278 reused
~llama_context:      CUDA0 compute buffer size is 304.0000 MiB, matches expectation of 304.0000 MiB
~llama_context:  CUDA_Host compute buffer size is  14.7637 MiB, matches expectation of  14.7637 MiB
llama_context: constructing llama_context
llama_context: n_seq_max     = 1
llama_context: n_ctx         = 768
llama_context: n_ctx_seq     = 768
llama_context: n_batch       = 694
llama_context: n_ubatch      = 512
llama_context: causal_attn   = 1
llama_context: flash_attn    = auto
llama_context: kv_unified    = false
llama_context: freq_base     = 1000000.0
llama_context: freq_scale    = 1
llama_context: n_rs_seq      = 0
llama_context: n_outputs_max = 694
llama_context: n_ctx_seq (768) < n_ctx_train (32768) -- the full capacity of the model will not be utilized
set_abort_callback: call
llama_context:  CUDA_Host  output buffer size =     0.58 MiB
llama_kv_cache: layer   0: dev = CPU
llama_kv_cache: layer   1: dev = CPU
llama_kv_cache: layer   2: dev = CPU
llama_kv_cache: layer   3: dev = CUDA0
llama_kv_cache: layer   4: dev = CUDA0
llama_kv_cache: layer   5: dev = CUDA0
llama_kv_cache: layer   6: dev = CUDA0
llama_kv_cache: layer   7: dev = CUDA0
llama_kv_cache: layer   8: dev = CUDA0
llama_kv_cache: layer   9: dev = CUDA0
llama_kv_cache: layer  10: dev = CUDA0
llama_kv_cache: layer  11: dev = CUDA0
llama_kv_cache: layer  12: dev = CUDA0
llama_kv_cache: layer  13: dev = CUDA0
llama_kv_cache: layer  14: dev = CUDA0
llama_kv_cache: layer  15: dev = CUDA0
llama_kv_cache: layer  16: dev = CUDA0
llama_kv_cache: layer  17: dev = CUDA0
llama_kv_cache: layer  18: dev = CUDA0
llama_kv_cache: layer  19: dev = CUDA0
llama_kv_cache: layer  20: dev = CUDA0
llama_kv_cache: layer  21: dev = CUDA0
llama_kv_cache: layer  22: dev = CUDA0
llama_kv_cache: layer  23: dev = CUDA0
llama_kv_cache: layer  24: dev = CUDA0
llama_kv_cache: layer  25: dev = CUDA0
llama_kv_cache: layer  26: dev = CUDA0
llama_kv_cache: layer  27: dev = CUDA0
llama_kv_cache:        CPU KV buffer size =     4.50 MiB
llama_kv_cache:      CUDA0 KV buffer size =    37.50 MiB
llama_kv_cache: size =   42.00 MiB (   768 cells,  28 layers,  1/1 seqs), K (f16):   21.00 MiB, V (f16):   21.00 MiB
llama_kv_cache: attn_rot_k = 0, n_embd_head_k_all = 128
llama_kv_cache: attn_rot_v = 0, n_embd_head_k_all = 128
llama_context: enumerating backends
llama_context: backend_ptrs.size() = 2
sched_reserve: reserving ...
sched_reserve: max_nodes = 2712
sched_reserve: reserving full memory module
sched_reserve: worst-case: n_tokens = 512, n_seqs = 1, n_outputs = 1
graph_reserve: reserving a graph for ubatch with n_tokens =    1, n_seqs =  1, n_outputs =    1
sched_reserve: Flash Attention was auto, set to enabled
sched_reserve: resolving fused Gated Delta Net support:
graph_reserve: reserving a graph for ubatch with n_tokens =    1, n_seqs =  1, n_outputs =    1
sched_reserve: fused Gated Delta Net (autoregressive) enabled
graph_reserve: reserving a graph for ubatch with n_tokens =   16, n_seqs =  1, n_outputs =   16
sched_reserve: fused Gated Delta Net (chunked) enabled
graph_reserve: reserving a graph for ubatch with n_tokens =  512, n_seqs =  1, n_outputs =  512
graph_reserve: reserving a graph for ubatch with n_tokens =    1, n_seqs =  1, n_outputs =    1
graph_reserve: reserving a graph for ubatch with n_tokens =  512, n_seqs =  1, n_outputs =  512
sched_reserve:      CUDA0 compute buffer size =   304.00 MiB
sched_reserve:  CUDA_Host compute buffer size =    14.76 MiB
sched_reserve: graph nodes  = 958
sched_reserve: graph splits = 44 (with bs=512), 2 (with bs=1)
sched_reserve: reserve took 13.54 ms, sched copies = 1
CUDA Graph id 22428 reused
ggml_backend_cuda_graph_compute: CUDA graph warmup complete
CUDA Graph id 22428 reused
CUDA Graph id 22428 reused
CUDA Graph id 22428 reused
CUDA Graph id 22428 reused
CUDA Graph id 22428 reused
CUDA Graph id 22428 reused
CUDA Graph id 22428 reused
CUDA Graph id 22428 reused
CUDA Graph id 22428 reused
CUDA Graph id 22428 reused
CUDA Graph id 22428 reused
CUDA Graph id 22428 reused
CUDA Graph id 22428 reused
CUDA Graph id 22428 reused
CUDA Graph id 22428 reused
CUDA Graph id 22428 reused
CUDA Graph id 22428 reused
CUDA Graph id 22428 reused
CUDA Graph id 22428 reused
CUDA Graph id 22428 reused
CUDA Graph id 22428 reused
CUDA Graph id 22428 reused
CUDA Graph id 22428 reused
CUDA Graph id 22428 reused
CUDA Graph id 22428 reused
CUDA Graph id 22428 reused
CUDA Graph id 22428 reused
CUDA Graph id 22428 reused
CUDA Graph id 22428 reused
CUDA Graph id 22428 reused
CUDA Graph id 22428 reused
CUDA Graph id 22428 reused
CUDA Graph id 22428 reused
CUDA Graph id 22428 reused
CUDA Graph id 22428 reused
CUDA Graph id 22428 reused
CUDA Graph id 22428 reused
CUDA Graph id 22428 reused
CUDA Graph id 22428 reused
CUDA Graph id 22428 reused
CUDA Graph id 22428 reused
CUDA Graph id 22428 reused
CUDA Graph id 22428 reused
CUDA Graph id 22428 reused
CUDA Graph id 22428 reused
CUDA Graph id 22428 reused
CUDA Graph id 22428 reused
CUDA Graph id 22428 reused
CUDA Graph id 22428 reused
CUDA Graph id 22428 reused
CUDA Graph id 22428 reused
CUDA Graph id 22428 reused
CUDA Graph id 22428 reused
CUDA Graph id 22428 reused
CUDA Graph id 22428 reused
CUDA Graph id 22428 reused
CUDA Graph id 22428 reused
CUDA Graph id 22428 reused
CUDA Graph id 22428 reused
CUDA Graph id 22428 reused
CUDA Graph id 22428 reused
CUDA Graph id 22428 reused
CUDA Graph id 22428 reused
CUDA Graph id 22428 reused
CUDA Graph id 22428 reused
CUDA Graph id 22428 reused
CUDA Graph id 22428 reused
CUDA Graph id 22428 reused
CUDA Graph id 22428 reused
CUDA Graph id 22428 reused
CUDA Graph id 22428 reused
CUDA Graph id 22428 reused
CUDA Graph id 22428 reused
CUDA Graph id 22428 reused
CUDA Graph id 22428 reused
CUDA Graph id 22428 reused
CUDA Graph id 22428 reused
CUDA Graph id 22428 reused
CUDA Graph id 22428 reused
CUDA Graph id 22428 reused
ggml_backend_cuda_graph_compute: CUDA graph warmup reset
CUDA Graph id 22431 reused
ggml_backend_cuda_graph_compute: CUDA graph warmup complete
CUDA Graph id 22431 reused
CUDA Graph id 22431 reused
CUDA Graph id 22431 reused
CUDA Graph id 22431 reused
CUDA Graph id 22431 reused
CUDA Graph id 22431 reused
CUDA Graph id 22431 reused
CUDA Graph id 22431 reused
CUDA Graph id 22431 reused
CUDA Graph id 22431 reused
CUDA Graph id 22431 reused
CUDA Graph id 22431 reused
CUDA Graph id 22431 reused
CUDA Graph id 22431 reused
CUDA Graph id 22431 reused
CUDA Graph id 22431 reused
CUDA Graph id 22431 reused
CUDA Graph id 22431 reused
CUDA Graph id 22431 reused
~llama_context:      CUDA0 compute buffer size is 304.0000 MiB, matches expectation of 304.0000 MiB
~llama_context:  CUDA_Host compute buffer size is  14.7637 MiB, matches expectation of  14.7637 MiB
llama_context: constructing llama_context
llama_context: n_seq_max     = 1
llama_context: n_ctx         = 768
llama_context: n_ctx_seq     = 768
llama_context: n_batch       = 694
llama_context: n_ubatch      = 512
llama_context: causal_attn   = 1
llama_context: flash_attn    = auto
llama_context: kv_unified    = false
llama_context: freq_base     = 1000000.0
llama_context: freq_scale    = 1
llama_context: n_rs_seq      = 0
llama_context: n_outputs_max = 694
llama_context: n_ctx_seq (768) < n_ctx_train (32768) -- the full capacity of the model will not be utilized
set_abort_callback: call
llama_context:  CUDA_Host  output buffer size =     0.58 MiB
llama_kv_cache: layer   0: dev = CPU
llama_kv_cache: layer   1: dev = CPU
llama_kv_cache: layer   2: dev = CPU
llama_kv_cache: layer   3: dev = CUDA0
llama_kv_cache: layer   4: dev = CUDA0
llama_kv_cache: layer   5: dev = CUDA0
llama_kv_cache: layer   6: dev = CUDA0
llama_kv_cache: layer   7: dev = CUDA0
llama_kv_cache: layer   8: dev = CUDA0
llama_kv_cache: layer   9: dev = CUDA0
llama_kv_cache: layer  10: dev = CUDA0
llama_kv_cache: layer  11: dev = CUDA0
llama_kv_cache: layer  12: dev = CUDA0
llama_kv_cache: layer  13: dev = CUDA0
llama_kv_cache: layer  14: dev = CUDA0
llama_kv_cache: layer  15: dev = CUDA0
llama_kv_cache: layer  16: dev = CUDA0
llama_kv_cache: layer  17: dev = CUDA0
llama_kv_cache: layer  18: dev = CUDA0
llama_kv_cache: layer  19: dev = CUDA0
llama_kv_cache: layer  20: dev = CUDA0
llama_kv_cache: layer  21: dev = CUDA0
llama_kv_cache: layer  22: dev = CUDA0
llama_kv_cache: layer  23: dev = CUDA0
llama_kv_cache: layer  24: dev = CUDA0
llama_kv_cache: layer  25: dev = CUDA0
llama_kv_cache: layer  26: dev = CUDA0
llama_kv_cache: layer  27: dev = CUDA0
llama_kv_cache:        CPU KV buffer size =     4.50 MiB
llama_kv_cache:      CUDA0 KV buffer size =    37.50 MiB
llama_kv_cache: size =   42.00 MiB (   768 cells,  28 layers,  1/1 seqs), K (f16):   21.00 MiB, V (f16):   21.00 MiB
llama_kv_cache: attn_rot_k = 0, n_embd_head_k_all = 128
llama_kv_cache: attn_rot_v = 0, n_embd_head_k_all = 128
llama_context: enumerating backends
llama_context: backend_ptrs.size() = 2
sched_reserve: reserving ...
sched_reserve: max_nodes = 2712
sched_reserve: reserving full memory module
sched_reserve: worst-case: n_tokens = 512, n_seqs = 1, n_outputs = 1
graph_reserve: reserving a graph for ubatch with n_tokens =    1, n_seqs =  1, n_outputs =    1
sched_reserve: Flash Attention was auto, set to enabled
sched_reserve: resolving fused Gated Delta Net support:
graph_reserve: reserving a graph for ubatch with n_tokens =    1, n_seqs =  1, n_outputs =    1
sched_reserve: fused Gated Delta Net (autoregressive) enabled
graph_reserve: reserving a graph for ubatch with n_tokens =   16, n_seqs =  1, n_outputs =   16
sched_reserve: fused Gated Delta Net (chunked) enabled
graph_reserve: reserving a graph for ubatch with n_tokens =  512, n_seqs =  1, n_outputs =  512
graph_reserve: reserving a graph for ubatch with n_tokens =    1, n_seqs =  1, n_outputs =    1
graph_reserve: reserving a graph for ubatch with n_tokens =  512, n_seqs =  1, n_outputs =  512
sched_reserve:      CUDA0 compute buffer size =   304.00 MiB
sched_reserve:  CUDA_Host compute buffer size =    14.76 MiB
sched_reserve: graph nodes  = 958
sched_reserve: graph splits = 44 (with bs=512), 2 (with bs=1)
sched_reserve: reserve took 16.57 ms, sched copies = 1
CUDA Graph id 22581 reused
ggml_backend_cuda_graph_compute: CUDA graph warmup complete
CUDA Graph id 22581 reused
CUDA Graph id 22581 reused
CUDA Graph id 22581 reused
CUDA Graph id 22581 reused
CUDA Graph id 22581 reused
CUDA Graph id 22581 reused
CUDA Graph id 22581 reused
CUDA Graph id 22581 reused
CUDA Graph id 22581 reused
CUDA Graph id 22581 reused
~llama_context:      CUDA0 compute buffer size is 304.0000 MiB, matches expectation of 304.0000 MiB
~llama_context:  CUDA_Host compute buffer size is  14.7637 MiB, matches expectation of  14.7637 MiB
schema 100/100 done
wrote results/smoke_llamacpp_bench/a2_chunks/a2_raw_075.json
